solid OpenSCAD_Model
  facet normal 0 -1 0
    outer loop
      vertex 8.343903346030856e-11 0 35.599999999999994
      vertex 2.399999998593323 0 5
      vertex 2.399999998593323 0 35.599999999999994
    endloop
  endfacet
  facet normal -1 0 0
    outer loop
      vertex 8.343903346030856e-11 0 35.599999999999994
      vertex 8.343903346030856e-11 91.6 35.599999999999994
      vertex 8.343903346030856e-11 0 5
    endloop
  endfacet
  facet normal 0 1 0
    outer loop
      vertex 8.343903346030856e-11 91.6 35.599999999999994
      vertex 2.399999998593323 91.6 35.599999999999994
      vertex 8.343903346030856e-11 91.6 5
    endloop
  endfacet
  facet normal 0 -1 0
    outer loop
      vertex 8.343903346030856e-11 0 35.599999999999994
      vertex 8.343903346030856e-11 0 5
      vertex 2.399999998593323 0 5
    endloop
  endfacet
  facet normal 0 -1 0
    outer loop
      vertex 8.343903346030856e-11 0 5
      vertex 0.008892819368831795 0 4.701924376189709
      vertex 2.401907928371422 0 4.900412894785404
    endloop
  endfacet
  facet normal 0 -1 0
    outer loop
      vertex 0.008892819368831795 0 4.701924376189709
      vertex 0.04835266628264634 0 4.30632234364748
      vertex 2.401907928371422 0 4.900412894785404
    endloop
  endfacet
  facet normal 0 -1 0
    outer loop
      vertex 8.343903346030856e-11 0 5
      vertex 2.401907928371422 0 4.900412894785404
      vertex 2.399999998593323 0 5
    endloop
  endfacet
  facet normal 0 -1 0
    outer loop
      vertex 2.401907928371422 0 4.900412894785404
      vertex 0.04835266628264634 0 4.30632234364748
      vertex 2.4475583658456728 0 4.504983119666576
    endloop
  endfacet
  facet normal 0 -1 0
    outer loop
      vertex 2.4475583658456728 0 4.504983119666576
      vertex 0.04835266628264634 0 4.30632234364748
      vertex 0.1191184298038408 0 3.91510596126318
    endloop
  endfacet
  facet normal 0 -1 0
    outer loop
      vertex 0.1191184298038408 0 3.91510596126318
      vertex 0.2207426951169893 0 3.530748628079891
      vertex 2.5530358777284548 0 4.121156118810177
    endloop
  endfacet
  facet normal 0 -1 0
    outer loop
      vertex 0.2207426951169893 0 3.530748628079891
      vertex 0.3525829614043161 0 3.1556803807616234
      vertex 2.7158681453108713 0 3.757928468286991
    endloop
  endfacet
  facet normal 0 -1 0
    outer loop
      vertex 2.4475583658456728 0 4.504983119666576
      vertex 0.1191184298038408 0 3.91510596126318
      vertex 2.5530358777284548 0 4.121156118810177
    endloop
  endfacet
  facet normal 0 -1 0
    outer loop
      vertex 0.2207426951169893 0 3.530748628079891
      vertex 2.7158681453108713 0 3.757928468286991
      vertex 2.5530358777284548 0 4.121156118810177
    endloop
  endfacet
  facet normal 0 -1 0
    outer loop
      vertex 0.3525829614043161 0 3.1556803807616234
      vertex 2.932238534176342 0 3.423813931643963
      vertex 2.7158681453108713 0 3.757928468286991
    endloop
  endfacet
  facet normal 0 -1 0
    outer loop
      vertex 0.3525829614043161 0 3.1556803807616234
      vertex 0.5138056949615404 0 2.7922725081443787
      vertex 3.1970755011677667 0 3.1266438588500023
    endloop
  endfacet
  facet normal 0 -1 0
    outer loop
      vertex 0.3525829614043161 0 3.1556803807616234
      vertex 3.1970755011677667 0 3.1266438588500023
      vertex 2.932238534176342 0 3.423813931643963
    endloop
  endfacet
  facet normal 0 -1 0
    outer loop
      vertex 0.5138056949615404 0 2.7922725081443787
      vertex 3.504171483302109 0 2.8733836635947227
      vertex 3.1970755011677667 0 3.1266438588500023
    endloop
  endfacet
  facet normal 0 -1 0
    outer loop
      vertex 0.5138056949615404 0 2.7922725081443787
      vertex 0.7033915967583582 0 2.442822605371475
      vertex 3.504171483302109 0 2.8733836635947227
    endloop
  endfacet
  facet normal 0 -1 0
    outer loop
      vertex 0.7033915967583582 0 2.442822605371475
      vertex 3.8463284225106165 0 2.6699695512652397
      vertex 3.504171483302109 0 2.8733836635947227
    endloop
  endfacet
  facet normal 0 -1 0
    outer loop
      vertex 0.7033915967583582 0 2.442822605371475
      vertex 4.215526446783535 0 2.5211693793535233
      vertex 3.8463284225106165 0 2.6699695512652397
    endloop
  endfacet
  facet normal 0 -1 0
    outer loop
      vertex 0.7033915967583582 0 2.442822605371475
      vertex 4.6031118632197305 0 2.430470898747444
      vertex 4.215526446783535 0 2.5211693793535233
    endloop
  endfacet
  facet normal 0 -1 0
    outer loop
      vertex 0.7033915967583582 0 2.442822605371475
      vertex 5.000000000083439 0 2.399999998509884
      vertex 4.6031118632197305 0 2.430470898747444
    endloop
  endfacet
  facet normal 0 -1 0
    outer loop
      vertex 4.208009876394264 0 0.06312329322099686
      vertex 4.602749161505692 0 0.01580580323934555
      vertex 5.000000000083439 0 0
    endloop
  endfacet
  facet normal -0.9995552599733387 0 -0.02982083599819606
    outer loop
      vertex 8.343903346030856e-11 0 5
      vertex 0.008892819368831795 91.6 4.701924376189709
      vertex 0.008892819368831795 0 4.701924376189709
    endloop
  endfacet
  facet normal -0.9950621516349415 0 -0.09925378775462776
    outer loop
      vertex 0.008892819368831795 0 4.701924376189709
      vertex 0.04835266628264634 91.6 4.30632234364748
      vertex 0.04835266628264634 0 4.30632234364748
    endloop
  endfacet
  facet normal -0.9840308666881241 0 -0.17799790281073452
    outer loop
      vertex 0.04835266628264634 0 4.30632234364748
      vertex 0.1191184298038408 91.6 3.91510596126318
      vertex 0.1191184298038408 0 3.91510596126318
    endloop
  endfacet
  facet normal -0.9667782256375448 0 -0.2556166317615519
    outer loop
      vertex 0.1191184298038408 0 3.91510596126318
      vertex 0.2207426951169893 91.6 3.530748628079891
      vertex 0.2207426951169893 0 3.530748628079891
    endloop
  endfacet
  facet normal -0.9434133004971211 0 -0.33161927634733257
    outer loop
      vertex 0.2207426951169893 0 3.530748628079891
      vertex 0.3525829614043161 91.6 3.1556803807616234
      vertex 0.3525829614043161 0 3.1556803807616234
    endloop
  endfacet
  facet normal -0.9140838147835252 0 -0.40552531308267054
    outer loop
      vertex 0.3525829614043161 0 3.1556803807616234
      vertex 0.5138056949615404 91.6 2.7922725081443787
      vertex 0.5138056949615404 0 2.7922725081443787
    endloop
  endfacet
  facet normal -0.8789751881843764 0 -0.476867506291045
    outer loop
      vertex 0.5138056949615404 0 2.7922725081443787
      vertex 0.7033915967583582 91.6 2.442822605371475
      vertex 0.7033915967583582 0 2.442822605371475
    endloop
  endfacet
  facet normal -0.8383094042963056 0 -0.5451947749826415
    outer loop
      vertex 0.7033915967583582 0 2.442822605371475
      vertex 0.9201420397400781 91.6 2.1095400005578995
      vertex 0.9201420397400781 0 2.1095400005578995
    endloop
  endfacet
  facet normal -0.7923435630512314 0 -0.6100751413484075
    outer loop
      vertex 0.9201420397400781 0 2.1095400005578995
      vertex 1.1626866535186693 91.6 1.7945318147540092
      vertex 1.1626866535186693 0 1.7945318147540092
    endloop
  endfacet
  facet normal -0.7413682632555695 0 -0.6710984266390593
    outer loop
      vertex 1.1626866535186693 0 1.7945318147540092
      vertex 1.4294920042991563 91.6 1.4997896254062653
      vertex 1.4294920042991563 0 1.4997896254062653
    endloop
  endfacet
  facet normal -0.6857057986616598 0 -0.7278788070013958
    outer loop
      vertex 1.4294920042991563 0 1.4997896254062653
      vertex 1.7188712508320734 91.6 1.2271768972277641
      vertex 1.7188712508320734 0 1.2271768972277641
    endloop
  endfacet
  facet normal -0.6257080661802318 0 -0.7800573157896762
    outer loop
      vertex 1.7188712508320734 0 1.2271768972277641
      vertex 2.028994858348362 91.6 0.9784171730279922
      vertex 2.028994858348362 0 0.9784171730279922
    endloop
  endfacet
  facet normal -0.5617544306460045 0 -0.8273040309641815
    outer loop
      vertex 2.028994858348362 0 0.9784171730279922
      vertex 2.3579021097063944 91.6 0.7550831884145737
      vertex 2.3579021097063944 0 0.7550831884145737
    endloop
  endfacet
  facet normal -0.494249193778313 0 -0.8693202715049775
    outer loop
      vertex 2.3579021097063944 0 0.7550831884145737
      vertex 2.703513555312149 91.6 0.5585869327187538
      vertex 2.703513555312149 0 0.5585869327187538
    endloop
  endfacet
  facet normal -0.4236191475935682 0 -0.9058403931113354
    outer loop
      vertex 2.703513555312149 0 0.5585869327187538
      vertex 3.063644126141064 91.6 0.39017072319984436
      vertex 3.063644126141064 0 0.39017072319984436
    endloop
  endfacet
  facet normal -0.3503108351345932 0 -0.9366335029173919
    outer loop
      vertex 3.063644126141064 0 0.39017072319984436
      vertex 3.4360169620156213 91.6 0.2508993446826935
      vertex 3.4360169620156213 0 0.2508993446826935
    endloop
  endfacet
  facet normal -0.27478777845293173 0 -0.9615049021262984
    outer loop
      vertex 3.4360169620156213 0 0.2508993446826935
      vertex 3.818277806127064 91.6 0.14165329933166504
      vertex 3.818277806127064 0 0.14165329933166504
    endloop
  endfacet
  facet normal -0.19752738921057522 0 -0.9802973684100422
    outer loop
      vertex 3.818277806127064 0 0.14165329933166504
      vertex 4.208009876394264 91.6 0.06312329322099686
      vertex 4.208009876394264 0 0.06312329322099686
    endloop
  endfacet
  facet normal -0.11901820379736086 0 -0.9928920722640755
    outer loop
      vertex 4.208009876394264 0 0.06312329322099686
      vertex 4.602749161505692 91.6 0.01580580323934555
      vertex 4.602749161505692 0 0.01580580323934555
    endloop
  endfacet
  facet normal -0.039756510488239416 0 -0.9992093974106722
    outer loop
      vertex 4.602749161505692 0 0.01580580323934555
      vertex 5.000000000083439 91.6 0
      vertex 5.000000000083439 0 0
    endloop
  endfacet
  facet normal 0 -1 0
    outer loop
      vertex 0.7033915967583582 0 2.442822605371475
      vertex 0.9201420397400781 0 2.1095400005578995
      vertex 85.34351037451029 0 1.4294920042157173
    endloop
  endfacet
  facet normal 0 -1 0
    outer loop
      vertex 0.9201420397400781 0 2.1095400005578995
      vertex 1.1626866535186693 0 1.7945318147540092
      vertex 85.04876818516254 0 1.1626866534352303
    endloop
  endfacet
  facet normal 0 -1 0
    outer loop
      vertex 1.1626866535186693 0 1.7945318147540092
      vertex 1.4294920042991563 0 1.4997896254062653
      vertex 84.73375999935865 0 0.9201420396566391
    endloop
  endfacet
  facet normal 0 -1 0
    outer loop
      vertex 1.4294920042991563 0 1.4997896254062653
      vertex 1.7188712508320734 0 1.2271768972277641
      vertex 84.40047739454508 0 0.7033915966749191
    endloop
  endfacet
  facet normal 0 -1 0
    outer loop
      vertex 1.7188712508320734 0 1.2271768972277641
      vertex 2.028994858348362 0 0.9784171730279922
      vertex 84.05102749177217 0 0.5138056948781013
    endloop
  endfacet
  facet normal 0 -1 0
    outer loop
      vertex 2.028994858348362 0 0.9784171730279922
      vertex 2.3579021097063944 0 0.7550831884145737
      vertex 83.68761961915493 0 0.3525829613208771
    endloop
  endfacet
  facet normal 0 -1 0
    outer loop
      vertex 2.3579021097063944 0 0.7550831884145737
      vertex 2.703513555312149 0 0.5585869327187538
      vertex 83.31255137183666 0 0.22074269503355026
    endloop
  endfacet
  facet normal 0 -1 0
    outer loop
      vertex 2.703513555312149 0 0.5585869327187538
      vertex 3.063644126141064 0 0.39017072319984436
      vertex 82.92819403865337 0 0.11911842972040176
    endloop
  endfacet
  facet normal 0 -1 0
    outer loop
      vertex 3.063644126141064 0 0.39017072319984436
      vertex 3.4360169620156213 0 0.2508993446826935
      vertex 82.53697765626907 0 0.048352666199207306
    endloop
  endfacet
  facet normal 0 -1 0
    outer loop
      vertex 3.4360169620156213 0 0.2508993446826935
      vertex 3.818277806127064 0 0.14165329933166504
      vertex 82.14137562372684 0 0.008892819285392761
    endloop
  endfacet
  facet normal 0 -1 0
    outer loop
      vertex 0.7033915967583582 0 2.442822605371475
      vertex 85.34351037451029 0 1.4294920042157173
      vertex 5.000000000083439 0 2.399999998509884
    endloop
  endfacet
  facet normal 0 -1 0
    outer loop
      vertex 3.818277806127064 0 0.14165329933166504
      vertex 4.208009876394264 0 0.06312329322099686
      vertex 81.84329999991655 0 0
    endloop
  endfacet
  facet normal 0 -1 0
    outer loop
      vertex 4.208009876394264 0 0.06312329322099686
      vertex 5.000000000083439 0 0
      vertex 81.84329999991655 0 0
    endloop
  endfacet
  facet normal 0 0 -1
    outer loop
      vertex 5.000000000083439 0 0
      vertex 46.23941005209683 8.607415422797203 0
      vertex 46.337808774805055 8.220979303121567 0
    endloop
  endfacet
  facet normal 0 0 -1
    outer loop
      vertex 5.000000000083439 0 0
      vertex 46.17997689733504 9.001728609204292 0
      vertex 46.23941005209683 8.607415422797203 0
    endloop
  endfacet
  facet normal 0 0 -1
    outer loop
      vertex 5.000000000083439 0 0
      vertex 46.160099999999986 9.399999998509884 0
      vertex 46.17997689733504 9.001728609204292 0
    endloop
  endfacet
  facet normal 0 0 -1
    outer loop
      vertex 5.000000000083439 0 0
      vertex 46.160099999999986 10.600000001490116 0
      vertex 46.160099999999986 9.399999998509884 0
    endloop
  endfacet
  facet normal 0 0 -1
    outer loop
      vertex 5.000000000083439 0 0
      vertex 46.17128481159209 10.898920372128487 0
      vertex 46.160099999999986 10.600000001490116 0
    endloop
  endfacet
  facet normal 0 0 -1
    outer loop
      vertex 5.000000000083439 0 0
      vertex 46.22086898425816 11.294592715799809 0
      vertex 46.17128481159209 10.898920372128487 0
    endloop
  endfacet
  facet normal 0 0 -1
    outer loop
      vertex 5.000000000083439 0 0
      vertex 46.30960301498173 11.683361873030663 0
      vertex 46.22086898425816 11.294592715799809 0
    endloop
  endfacet
  facet normal 0 0 -1
    outer loop
      vertex 5.000000000083439 0 0
      vertex 47.36715273002385 6.53653260320425 0
      vertex 47.66614078918694 6.272674068808556 0
    endloop
  endfacet
  facet normal 0 0 -1
    outer loop
      vertex 5.000000000083439 0 0
      vertex 47.66614078918694 6.272674068808556 0
      vertex 47.98991494814156 6.039896309375763 0
    endloop
  endfacet
  facet normal 0 0 -1
    outer loop
      vertex 5.000000000083439 0 0
      vertex 47.98991494814156 6.039896309375763 0
      vertex 48.33525736818312 5.84051275998354 0
    endloop
  endfacet
  facet normal 0 0 -1
    outer loop
      vertex 5.000000000083439 0 0
      vertex 46.647213706767545 7.486984081566334 0
      vertex 46.85514490494727 7.146719768643379 0
    endloop
  endfacet
  facet normal 0 0 -1
    outer loop
      vertex 5.000000000083439 0 0
      vertex 47.095922226107106 6.82884956151247 0
      vertex 47.36715273002385 6.53653260320425 0
    endloop
  endfacet
  facet normal 0 0 -1
    outer loop
      vertex 5.000000000083439 0 0
      vertex 46.85514490494727 7.146719768643379 0
      vertex 47.095922226107106 6.82884956151247 0
    endloop
  endfacet
  facet normal 0 0 -1
    outer loop
      vertex 5.000000000083439 0 0
      vertex 46.474195154404626 7.846260815858841 0
      vertex 46.647213706767545 7.486984081566334 0
    endloop
  endfacet
  facet normal 0 0 -1
    outer loop
      vertex 5.000000000083439 0 0
      vertex 46.337808774805055 8.220979303121567 0
      vertex 46.474195154404626 7.846260815858841 0
    endloop
  endfacet
  facet normal 0 0 -1
    outer loop
      vertex 5.000000000083439 0 0
      vertex 48.33525736818312 5.84051275998354 0
      vertex 48.69873590210675 5.676505006849766 0
    endloop
  endfacet
  facet normal 0 0 -1
    outer loop
      vertex 5.000000000083439 0 0
      vertex 48.69873590210675 5.676505006849766 0
      vertex 49.07673812845944 5.5495030134916306 0
    endloop
  endfacet
  facet normal 0 0 -1
    outer loop
      vertex 5.000000000083439 0 0
      vertex 49.07673812845944 5.5495030134916306 0
      vertex 49.46550728569029 5.460768982768059 0
    endloop
  endfacet
  facet normal 0 0 -1
    outer loop
      vertex 5.000000000083439 0 0
      vertex 49.46550728569029 5.460768982768059 0
      vertex 49.861179629361615 5.411184810101986 0
    endloop
  endfacet
  facet normal 0 0 -1
    outer loop
      vertex 5.000000000083439 0 0
      vertex 49.861179629361615 5.411184810101986 0
      vertex 50.160099999999986 5.399999998509884 0
    endloop
  endfacet
  facet normal 0 0 -1
    outer loop
      vertex 5.000000000083439 0 0
      vertex 46.43660500833987 12.061364099383354 0
      vertex 46.30960301498173 11.683361873030663 0
    endloop
  endfacet
  facet normal 0 0 -1
    outer loop
      vertex 5.000000000083439 0 0
      vertex 46.60061276147364 12.42484263330698 0
      vertex 46.43660500833987 12.061364099383354 0
    endloop
  endfacet
  facet normal 0 0 -1
    outer loop
      vertex 5.000000000083439 0 0
      vertex 46.799996310865865 12.770185053348541 0
      vertex 46.60061276147364 12.42484263330698 0
    endloop
  endfacet
  facet normal 0 0 -1
    outer loop
      vertex 5.000000000083439 0 0
      vertex 47.03277407029866 13.093959212303162 0
      vertex 46.799996310865865 12.770185053348541 0
    endloop
  endfacet
  facet normal 0 0 -1
    outer loop
      vertex 5.000000000083439 0 0
      vertex 47.29663260469435 13.392947271466255 0
      vertex 47.03277407029866 13.093959212303162 0
    endloop
  endfacet
  facet normal 0 0 -1
    outer loop
      vertex 5.000000000083439 0 0
      vertex 47.58894956300257 13.664177775382996 0
      vertex 47.29663260469435 13.392947271466255 0
    endloop
  endfacet
  facet normal 0 0 -1
    outer loop
      vertex 5.000000000083439 0 0
      vertex 47.90681977013348 13.904955096542835 0
      vertex 47.58894956300257 13.664177775382996 0
    endloop
  endfacet
  facet normal 0 0 -1
    outer loop
      vertex 5.000000000083439 0 0
      vertex 48.247084083056436 14.112886294722557 0
      vertex 47.90681977013348 13.904955096542835 0
    endloop
  endfacet
  facet normal 0 0 -1
    outer loop
      vertex 5.000000000083439 0 0
      vertex 48.60636081734894 14.285904847085476 0
      vertex 48.247084083056436 14.112886294722557 0
    endloop
  endfacet
  facet normal 0 0 -1
    outer loop
      vertex 5.000000000083439 0 0
      vertex 48.98107930461167 14.422291226685047 0
      vertex 48.60636081734894 14.285904847085476 0
    endloop
  endfacet
  facet normal 0 0 -1
    outer loop
      vertex 5.000000000083439 0 0
      vertex 50.160099999999986 5.399999998509884 0
      vertex 61.160099999999986 5.399999998509884 0
    endloop
  endfacet
  facet normal 0 0 -1
    outer loop
      vertex 5.000000000083439 0 0
      vertex 61.160099999999986 5.399999998509884 0
      vertex 61.55837138930558 5.419876895844936 0
    endloop
  endfacet
  facet normal -1 0 0
    outer loop
      vertex 8.343903346030856e-11 91.6 35.599999999999994
      vertex 8.343903346030856e-11 91.6 5
      vertex 8.343903346030856e-11 0 5
    endloop
  endfacet
  facet normal 0 1 0
    outer loop
      vertex 2.399999998593323 91.6 35.599999999999994
      vertex 2.399999998593323 91.6 5
      vertex 8.343903346030856e-11 91.6 5
    endloop
  endfacet
  facet normal -0.9995552599733387 0 -0.02982083599819606
    outer loop
      vertex 8.343903346030856e-11 0 5
      vertex 8.343903346030856e-11 91.6 5
      vertex 0.008892819368831795 91.6 4.701924376189709
    endloop
  endfacet
  facet normal -0.9950621516349415 0 -0.09925378775462776
    outer loop
      vertex 0.008892819368831795 0 4.701924376189709
      vertex 0.008892819368831795 91.6 4.701924376189709
      vertex 0.04835266628264634 91.6 4.30632234364748
    endloop
  endfacet
  facet normal -0.9840308666881241 0 -0.17799790281073452
    outer loop
      vertex 0.04835266628264634 0 4.30632234364748
      vertex 0.04835266628264634 91.6 4.30632234364748
      vertex 0.1191184298038408 91.6 3.91510596126318
    endloop
  endfacet
  facet normal -0.9667782256375448 0 -0.2556166317615519
    outer loop
      vertex 0.1191184298038408 0 3.91510596126318
      vertex 0.1191184298038408 91.6 3.91510596126318
      vertex 0.2207426951169893 91.6 3.530748628079891
    endloop
  endfacet
  facet normal -0.9434133004971211 0 -0.33161927634733257
    outer loop
      vertex 0.2207426951169893 0 3.530748628079891
      vertex 0.2207426951169893 91.6 3.530748628079891
      vertex 0.3525829614043161 91.6 3.1556803807616234
    endloop
  endfacet
  facet normal -0.9140838147835252 0 -0.40552531308267054
    outer loop
      vertex 0.3525829614043161 0 3.1556803807616234
      vertex 0.3525829614043161 91.6 3.1556803807616234
      vertex 0.5138056949615404 91.6 2.7922725081443787
    endloop
  endfacet
  facet normal -0.8789751881843764 0 -0.476867506291045
    outer loop
      vertex 0.5138056949615404 0 2.7922725081443787
      vertex 0.5138056949615404 91.6 2.7922725081443787
      vertex 0.7033915967583582 91.6 2.442822605371475
    endloop
  endfacet
  facet normal -0.8383094042963056 0 -0.5451947749826415
    outer loop
      vertex 0.7033915967583582 0 2.442822605371475
      vertex 0.7033915967583582 91.6 2.442822605371475
      vertex 0.9201420397400781 91.6 2.1095400005578995
    endloop
  endfacet
  facet normal -0.7923435630512314 0 -0.6100751413484075
    outer loop
      vertex 0.9201420397400781 0 2.1095400005578995
      vertex 0.9201420397400781 91.6 2.1095400005578995
      vertex 1.1626866535186693 91.6 1.7945318147540092
    endloop
  endfacet
  facet normal -0.7413682632555695 0 -0.6710984266390593
    outer loop
      vertex 1.1626866535186693 0 1.7945318147540092
      vertex 1.1626866535186693 91.6 1.7945318147540092
      vertex 1.4294920042991563 91.6 1.4997896254062653
    endloop
  endfacet
  facet normal -0.6857057986616598 0 -0.7278788070013958
    outer loop
      vertex 1.4294920042991563 0 1.4997896254062653
      vertex 1.4294920042991563 91.6 1.4997896254062653
      vertex 1.7188712508320734 91.6 1.2271768972277641
    endloop
  endfacet
  facet normal -0.6257080661802318 0 -0.7800573157896762
    outer loop
      vertex 1.7188712508320734 0 1.2271768972277641
      vertex 1.7188712508320734 91.6 1.2271768972277641
      vertex 2.028994858348362 91.6 0.9784171730279922
    endloop
  endfacet
  facet normal -0.5617544306460045 0 -0.8273040309641815
    outer loop
      vertex 2.028994858348362 0 0.9784171730279922
      vertex 2.028994858348362 91.6 0.9784171730279922
      vertex 2.3579021097063944 91.6 0.7550831884145737
    endloop
  endfacet
  facet normal -0.494249193778313 0 -0.8693202715049775
    outer loop
      vertex 2.3579021097063944 0 0.7550831884145737
      vertex 2.3579021097063944 91.6 0.7550831884145737
      vertex 2.703513555312149 91.6 0.5585869327187538
    endloop
  endfacet
  facet normal -0.4236191475935682 0 -0.9058403931113354
    outer loop
      vertex 2.703513555312149 0 0.5585869327187538
      vertex 2.703513555312149 91.6 0.5585869327187538
      vertex 3.063644126141064 91.6 0.39017072319984436
    endloop
  endfacet
  facet normal -0.3503108351345932 0 -0.9366335029173919
    outer loop
      vertex 3.063644126141064 0 0.39017072319984436
      vertex 3.063644126141064 91.6 0.39017072319984436
      vertex 3.4360169620156213 91.6 0.2508993446826935
    endloop
  endfacet
  facet normal -0.27478777845293173 0 -0.9615049021262984
    outer loop
      vertex 3.4360169620156213 0 0.2508993446826935
      vertex 3.4360169620156213 91.6 0.2508993446826935
      vertex 3.818277806127064 91.6 0.14165329933166504
    endloop
  endfacet
  facet normal -0.19752738921057522 0 -0.9802973684100422
    outer loop
      vertex 3.818277806127064 0 0.14165329933166504
      vertex 3.818277806127064 91.6 0.14165329933166504
      vertex 4.208009876394264 91.6 0.06312329322099686
    endloop
  endfacet
  facet normal -0.11901820379736086 0 -0.9928920722640755
    outer loop
      vertex 4.208009876394264 0 0.06312329322099686
      vertex 4.208009876394264 91.6 0.06312329322099686
      vertex 4.602749161505692 91.6 0.01580580323934555
    endloop
  endfacet
  facet normal -0.039756510488239416 0 -0.9992093974106722
    outer loop
      vertex 4.602749161505692 0 0.01580580323934555
      vertex 4.602749161505692 91.6 0.01580580323934555
      vertex 5.000000000083439 91.6 0
    endloop
  endfacet
  facet normal 0 1 0
    outer loop
      vertex 8.343903346030856e-11 91.6 5
      vertex 2.401907928371422 91.6 4.900412894785404
      vertex 0.008892819368831795 91.6 4.701924376189709
    endloop
  endfacet
  facet normal 0 1 0
    outer loop
      vertex 0.008892819368831795 91.6 4.701924376189709
      vertex 2.4475583658456728 91.6 4.504983119666576
      vertex 0.04835266628264634 91.6 4.30632234364748
    endloop
  endfacet
  facet normal 0 1 0
    outer loop
      vertex 8.343903346030856e-11 91.6 5
      vertex 2.399999998593323 91.6 5
      vertex 2.401907928371422 91.6 4.900412894785404
    endloop
  endfacet
  facet normal 0 1 0
    outer loop
      vertex 0.008892819368831795 91.6 4.701924376189709
      vertex 2.401907928371422 91.6 4.900412894785404
      vertex 2.4475583658456728 91.6 4.504983119666576
    endloop
  endfacet
  facet normal 0 1 0
    outer loop
      vertex 0.04835266628264634 91.6 4.30632234364748
      vertex 2.5530358777284548 91.6 4.121156118810177
      vertex 0.1191184298038408 91.6 3.91510596126318
    endloop
  endfacet
  facet normal 0 1 0
    outer loop
      vertex 0.1191184298038408 91.6 3.91510596126318
      vertex 2.7158681453108713 91.6 3.757928468286991
      vertex 0.2207426951169893 91.6 3.530748628079891
    endloop
  endfacet
  facet normal 0 1 0
    outer loop
      vertex 0.2207426951169893 91.6 3.530748628079891
      vertex 2.932238534176342 91.6 3.423813931643963
      vertex 0.3525829614043161 91.6 3.1556803807616234
    endloop
  endfacet
  facet normal 0 1 0
    outer loop
      vertex 2.4475583658456728 91.6 4.504983119666576
      vertex 2.5530358777284548 91.6 4.121156118810177
      vertex 0.04835266628264634 91.6 4.30632234364748
    endloop
  endfacet
  facet normal 0 1 0
    outer loop
      vertex 0.1191184298038408 91.6 3.91510596126318
      vertex 2.5530358777284548 91.6 4.121156118810177
      vertex 2.7158681453108713 91.6 3.757928468286991
    endloop
  endfacet
  facet normal 0 1 0
    outer loop
      vertex 0.2207426951169893 91.6 3.530748628079891
      vertex 2.7158681453108713 91.6 3.757928468286991
      vertex 2.932238534176342 91.6 3.423813931643963
    endloop
  endfacet
  facet normal 0 1 0
    outer loop
      vertex 0.3525829614043161 91.6 3.1556803807616234
      vertex 3.504171483302109 91.6 2.8733836635947227
      vertex 0.5138056949615404 91.6 2.7922725081443787
    endloop
  endfacet
  facet normal 0 1 0
    outer loop
      vertex 0.3525829614043161 91.6 3.1556803807616234
      vertex 2.932238534176342 91.6 3.423813931643963
      vertex 3.1970755011677667 91.6 3.1266438588500023
    endloop
  endfacet
  facet normal 0 1 0
    outer loop
      vertex 0.3525829614043161 91.6 3.1556803807616234
      vertex 3.1970755011677667 91.6 3.1266438588500023
      vertex 3.504171483302109 91.6 2.8733836635947227
    endloop
  endfacet
  facet normal 0 1 0
    outer loop
      vertex 0.5138056949615404 91.6 2.7922725081443787
      vertex 3.8463284225106165 91.6 2.6699695512652397
      vertex 0.7033915967583582 91.6 2.442822605371475
    endloop
  endfacet
  facet normal 0 1 0
    outer loop
      vertex 0.5138056949615404 91.6 2.7922725081443787
      vertex 3.504171483302109 91.6 2.8733836635947227
      vertex 3.8463284225106165 91.6 2.6699695512652397
    endloop
  endfacet
  facet normal 0 1 0
    outer loop
      vertex 0.7033915967583582 91.6 2.442822605371475
      vertex 3.8463284225106165 91.6 2.6699695512652397
      vertex 4.215526446783535 91.6 2.5211693793535233
    endloop
  endfacet
  facet normal 0 1 0
    outer loop
      vertex 0.7033915967583582 91.6 2.442822605371475
      vertex 4.215526446783535 91.6 2.5211693793535233
      vertex 4.6031118632197305 91.6 2.430470898747444
    endloop
  endfacet
  facet normal 0 1 0
    outer loop
      vertex 0.7033915967583582 91.6 2.442822605371475
      vertex 4.6031118632197305 91.6 2.430470898747444
      vertex 5.000000000083439 91.6 2.399999998509884
    endloop
  endfacet
  facet normal 0 1 0
    outer loop
      vertex 4.208009876394264 91.6 0.06312329322099686
      vertex 5.000000000083439 91.6 0
      vertex 4.602749161505692 91.6 0.01580580323934555
    endloop
  endfacet
  facet normal 0 0 -1
    outer loop
      vertex 5.000000000083439 0 0
      vertex 5.000000000083439 91.6 0
      vertex 81.84329999991655 91.6 0
    endloop
  endfacet
  facet normal 0 1 0
    outer loop
      vertex 0.7033915967583582 91.6 2.442822605371475
      vertex 85.34351037451029 91.6 1.4294920042157173
      vertex 0.9201420397400781 91.6 2.1095400005578995
    endloop
  endfacet
  facet normal 0 1 0
    outer loop
      vertex 0.9201420397400781 91.6 2.1095400005578995
      vertex 85.04876818516254 91.6 1.1626866534352303
      vertex 1.1626866535186693 91.6 1.7945318147540092
    endloop
  endfacet
  facet normal 0 1 0
    outer loop
      vertex 1.1626866535186693 91.6 1.7945318147540092
      vertex 84.73375999935865 91.6 0.9201420396566391
      vertex 1.4294920042991563 91.6 1.4997896254062653
    endloop
  endfacet
  facet normal 0 1 0
    outer loop
      vertex 1.4294920042991563 91.6 1.4997896254062653
      vertex 84.40047739454508 91.6 0.7033915966749191
      vertex 1.7188712508320734 91.6 1.2271768972277641
    endloop
  endfacet
  facet normal 0 1 0
    outer loop
      vertex 1.7188712508320734 91.6 1.2271768972277641
      vertex 84.05102749177217 91.6 0.5138056948781013
      vertex 2.028994858348362 91.6 0.9784171730279922
    endloop
  endfacet
  facet normal 0 1 0
    outer loop
      vertex 2.028994858348362 91.6 0.9784171730279922
      vertex 83.68761961915493 91.6 0.3525829613208771
      vertex 2.3579021097063944 91.6 0.7550831884145737
    endloop
  endfacet
  facet normal 0 1 0
    outer loop
      vertex 2.3579021097063944 91.6 0.7550831884145737
      vertex 83.31255137183666 91.6 0.22074269503355026
      vertex 2.703513555312149 91.6 0.5585869327187538
    endloop
  endfacet
  facet normal 0 1 0
    outer loop
      vertex 2.703513555312149 91.6 0.5585869327187538
      vertex 82.92819403865337 91.6 0.11911842972040176
      vertex 3.063644126141064 91.6 0.39017072319984436
    endloop
  endfacet
  facet normal 0 1 0
    outer loop
      vertex 3.063644126141064 91.6 0.39017072319984436
      vertex 82.53697765626907 91.6 0.048352666199207306
      vertex 3.4360169620156213 91.6 0.2508993446826935
    endloop
  endfacet
  facet normal 0 1 0
    outer loop
      vertex 3.4360169620156213 91.6 0.2508993446826935
      vertex 82.14137562372684 91.6 0.008892819285392761
      vertex 3.818277806127064 91.6 0.14165329933166504
    endloop
  endfacet
  facet normal 0 1 0
    outer loop
      vertex 0.7033915967583582 91.6 2.442822605371475
      vertex 5.000000000083439 91.6 2.399999998509884
      vertex 85.34351037451029 91.6 1.4294920042157173
    endloop
  endfacet
  facet normal 0 1 0
    outer loop
      vertex 3.818277806127064 91.6 0.14165329933166504
      vertex 81.84329999991655 91.6 0
      vertex 4.208009876394264 91.6 0.06312329322099686
    endloop
  endfacet
  facet normal 0 1 0
    outer loop
      vertex 4.208009876394264 91.6 0.06312329322099686
      vertex 81.84329999991655 91.6 0
      vertex 5.000000000083439 91.6 0
    endloop
  endfacet
  facet normal 1 0 0
    outer loop
      vertex 86.84329999991655 0 35.599999999999994
      vertex 86.84329999991655 14.500464691221714 33.967988452315325
      vertex 86.84329999991655 14.88896477818489 34.046383439004416
    endloop
  endfacet
  facet normal 1 0 0
    outer loop
      vertex 86.84329999991655 0 35.599999999999994
      vertex 86.84329999991655 14.88896477818489 34.046383439004416
      vertex 86.84329999991655 15.282873152196407 34.09013597518205
    endloop
  endfacet
  facet normal 1 0 0
    outer loop
      vertex 86.84329999991655 0 35.599999999999994
      vertex 86.84329999991655 15.282873152196407 34.09013597518205
      vertex 86.84329999991655 15.579999996721744 34.099999999999994
    endloop
  endfacet
  facet normal 1 0 0
    outer loop
      vertex 86.84329999991655 0 35.599999999999994
      vertex 86.84329999991655 15.579999996721744 34.099999999999994
      vertex 86.84329999991655 15.620000003278255 34.099999999999994
    endloop
  endfacet
  facet normal 1 0 0
    outer loop
      vertex 86.84329999991655 0 35.599999999999994
      vertex 86.84329999991655 15.620000003278255 34.099999999999994
      vertex 86.84329999991655 16.015942870080472 34.08246896266937
    endloop
  endfacet
  facet normal 1 0 0
    outer loop
      vertex 86.84329999991655 0 35.599999999999994
      vertex 86.84329999991655 12.447397178411483 32.82268630564212
      vertex 86.84329999991655 12.742709359526634 33.087013392150396
    endloop
  endfacet
  facet normal 1 0 0
    outer loop
      vertex 86.84329999991655 0 35.599999999999994
      vertex 86.84329999991655 12.176601855456829 32.53329386413097
      vertex 86.84329999991655 12.447397178411483 32.82268630564212
    endloop
  endfacet
  facet normal 1 0 0
    outer loop
      vertex 86.84329999991655 0 35.599999999999994
      vertex 86.84329999991655 11.932442745566368 32.22110093981027
      vertex 86.84329999991655 12.176601855456829 32.53329386413097
    endloop
  endfacet
  facet normal 1 0 0
    outer loop
      vertex 86.84329999991655 0 35.599999999999994
      vertex 86.84329999991655 13.751785410940647 33.70999162495136
      vertex 86.84329999991655 14.120413428544998 33.855564555525774
    endloop
  endfacet
  facet normal 1 0 0
    outer loop
      vertex 86.84329999991655 0 35.599999999999994
      vertex 86.84329999991655 13.397465652227401 33.53240895867347
      vertex 86.84329999991655 13.751785410940647 33.70999162495136
    endloop
  endfacet
  facet normal 1 0 0
    outer loop
      vertex 86.84329999991655 0 35.599999999999994
      vertex 86.84329999991655 14.120413428544998 33.855564555525774
      vertex 86.84329999991655 14.500464691221714 33.967988452315325
    endloop
  endfacet
  facet normal 1 0 0
    outer loop
      vertex 86.84329999991655 0 35.599999999999994
      vertex 86.84329999991655 13.060227191448211 33.32420639544725
      vertex 86.84329999991655 13.397465652227401 33.53240895867347
    endloop
  endfacet
  facet normal 1 0 0
    outer loop
      vertex 86.84329999991655 0 35.599999999999994
      vertex 86.84329999991655 12.742709359526634 33.087013392150396
      vertex 86.84329999991655 13.060227191448211 33.32420639544725
    endloop
  endfacet
  facet normal 1 0 0
    outer loop
      vertex 86.84329999991655 0 35.599999999999994
      vertex 86.84329999991655 11.716830714046955 31.888550876080988
      vertex 86.84329999991655 11.932442745566368 32.22110093981027
    endloop
  endfacet
  facet normal 1 0 0
    outer loop
      vertex 86.84329999991655 0 35.599999999999994
      vertex 86.84329999991655 11.531453220546245 31.538246332108972
      vertex 86.84329999991655 11.716830714046955 31.888550876080988
    endloop
  endfacet
  facet normal 1 0 0
    outer loop
      vertex 86.84329999991655 0 35.599999999999994
      vertex 86.84329999991655 11.377761086821556 31.17292890548706
      vertex 86.84329999991655 11.531453220546245 31.538246332108972
    endloop
  endfacet
  facet normal 1 0 0
    outer loop
      vertex 86.84329999991655 0 35.599999999999994
      vertex 86.84329999991655 11.256957179307937 30.79545770436525
      vertex 86.84329999991655 11.377761086821556 31.17292890548706
    endloop
  endfacet
  facet normal 1 0 0
    outer loop
      vertex 86.84329999991655 0 35.599999999999994
      vertex 86.84329999991655 11.169986939430236 30.408786951005457
      vertex 86.84329999991655 11.256957179307937 30.79545770436525
    endloop
  endfacet
  facet normal 1 0 0
    outer loop
      vertex 86.84329999991655 0 35.599999999999994
      vertex 86.84329999991655 11.117531037330627 30.01594287008047
      vertex 86.84329999991655 11.169986939430236 30.408786951005457
    endloop
  endfacet
  facet normal 1 0 0
    outer loop
      vertex 86.84329999991655 0 35.599999999999994
      vertex 86.84329999991655 11.1 29.620000003278253
      vertex 86.84329999991655 11.117531037330627 30.01594287008047
    endloop
  endfacet
  facet normal 1 0 0
    outer loop
      vertex 86.84329999991655 0 35.599999999999994
      vertex 86.84329999991655 11.1 28.579999996721742
      vertex 86.84329999991655 11.1 29.620000003278253
    endloop
  endfacet
  facet normal 1 0 0
    outer loop
      vertex 86.84329999991655 0 35.599999999999994
      vertex 86.84329999991655 11.109864024817943 28.282873152196405
      vertex 86.84329999991655 11.1 28.579999996721742
    endloop
  endfacet
  facet normal 1 0 0
    outer loop
      vertex 86.84329999991655 0 35.599999999999994
      vertex 86.84329999991655 11.153616560995578 27.88896477818489
      vertex 86.84329999991655 11.109864024817943 28.282873152196405
    endloop
  endfacet
  facet normal 1 0 0
    outer loop
      vertex 86.84329999991655 0 35.599999999999994
      vertex 86.84329999991655 11.23201154768467 27.500464691221712
      vertex 86.84329999991655 11.153616560995578 27.88896477818489
    endloop
  endfacet
  facet normal 1 0 0
    outer loop
      vertex 86.84329999991655 0 35.599999999999994
      vertex 86.84329999991655 11.34443544447422 27.120413428544996
      vertex 86.84329999991655 11.23201154768467 27.500464691221712
    endloop
  endfacet
  facet normal 1 0 0
    outer loop
      vertex 86.84329999991655 0 35.599999999999994
      vertex 86.84329999991655 11.490008375048637 26.751785410940645
      vertex 86.84329999991655 11.34443544447422 27.120413428544996
    endloop
  endfacet
  facet normal 1 0 0
    outer loop
      vertex 86.84329999991655 0 35.599999999999994
      vertex 86.84329999991655 11.667591041326522 26.3974656522274
      vertex 86.84329999991655 11.490008375048637 26.751785410940645
    endloop
  endfacet
  facet normal 1 0 0
    outer loop
      vertex 86.84329999991655 0 35.599999999999994
      vertex 86.84329999991655 11.875793604552745 26.06022719144821
      vertex 86.84329999991655 11.667591041326522 26.3974656522274
    endloop
  endfacet
  facet normal 1 0 0
    outer loop
      vertex 86.84329999991655 0 35.599999999999994
      vertex 86.84329999991655 10.146047456562519 20.26851198326349
      vertex 86.84329999991655 11.875793604552745 26.06022719144821
    endloop
  endfacet
  facet normal 1 0 0
    outer loop
      vertex 86.84329999991655 0 35.599999999999994
      vertex 86.84329999991655 16.015942870080472 34.08246896266937
      vertex 86.84329999991655 91.6 35.599999999999994
    endloop
  endfacet
  facet normal 1 0 0
    outer loop
      vertex 86.84329999991655 16.015942870080472 34.08246896266937
      vertex 86.84329999991655 16.40878695100546 34.03001306056976
      vertex 86.84329999991655 91.6 35.599999999999994
    endloop
  endfacet
  facet normal 1 0 0
    outer loop
      vertex 86.84329999991655 16.40878695100546 34.03001306056976
      vertex 86.84329999991655 16.795457704365255 33.94304282069206
      vertex 86.84329999991655 91.6 35.599999999999994
    endloop
  endfacet
  facet normal 1 0 0
    outer loop
      vertex 86.84329999991655 16.795457704365255 33.94304282069206
      vertex 86.84329999991655 17.172928905487062 33.82223891317844
      vertex 86.84329999991655 91.6 35.599999999999994
    endloop
  endfacet
  facet normal 1 0 0
    outer loop
      vertex 86.84329999991655 17.172928905487062 33.82223891317844
      vertex 86.84329999991655 17.538246332108976 33.66854677945375
      vertex 86.84329999991655 91.6 35.599999999999994
    endloop
  endfacet
  facet normal 1 0 0
    outer loop
      vertex 86.84329999991655 17.538246332108976 33.66854677945375
      vertex 86.84329999991655 17.88855087608099 33.48316928595304
      vertex 86.84329999991655 91.6 35.599999999999994
    endloop
  endfacet
  facet normal 1 0 0
    outer loop
      vertex 86.84329999991655 17.88855087608099 33.48316928595304
      vertex 86.84329999991655 18.221100939810277 33.267557254433626
      vertex 86.84329999991655 91.6 35.599999999999994
    endloop
  endfacet
  facet normal 1 0 0
    outer loop
      vertex 86.84329999991655 18.221100939810277 33.267557254433626
      vertex 86.84329999991655 18.533293864130975 33.023398144543165
      vertex 86.84329999991655 91.6 35.599999999999994
    endloop
  endfacet
  facet normal 1 0 0
    outer loop
      vertex 86.84329999991655 18.533293864130975 33.023398144543165
      vertex 86.84329999991655 18.82268630564213 32.75260282158851
      vertex 86.84329999991655 91.6 35.599999999999994
    endloop
  endfacet
  facet normal 1 0 0
    outer loop
      vertex 86.84329999991655 18.82268630564213 32.75260282158851
      vertex 86.84329999991655 19.087013392150403 32.45729064047336
      vertex 86.84329999991655 91.6 35.599999999999994
    endloop
  endfacet
  facet normal 1 0 0
    outer loop
      vertex 86.84329999991655 19.087013392150403 32.45729064047336
      vertex 86.84329999991655 19.324206395447256 32.13977280855178
      vertex 86.84329999991655 91.6 35.599999999999994
    endloop
  endfacet
  facet normal 1 0 0
    outer loop
      vertex 86.84329999991655 19.324206395447256 32.13977280855178
      vertex 86.84329999991655 19.53240895867348 31.802534347772596
      vertex 86.84329999991655 91.6 35.599999999999994
    endloop
  endfacet
  facet normal 1 0 0
    outer loop
      vertex 86.84329999991655 19.53240895867348 31.802534347772596
      vertex 86.84329999991655 19.709991624951364 31.44821458905935
      vertex 86.84329999991655 91.6 35.599999999999994
    endloop
  endfacet
  facet normal 1 0 0
    outer loop
      vertex 86.84329999991655 19.709991624951364 31.44821458905935
      vertex 86.84329999991655 19.85556455552578 31.079586571455
      vertex 86.84329999991655 91.6 35.599999999999994
    endloop
  endfacet
  facet normal 1 0 0
    outer loop
      vertex 86.84329999991655 19.85556455552578 31.079586571455
      vertex 86.84329999991655 19.967988452315332 30.699535308778284
      vertex 86.84329999991655 91.6 35.599999999999994
    endloop
  endfacet
  facet normal 1 0 0
    outer loop
      vertex 86.84329999991655 19.967988452315332 30.699535308778284
      vertex 86.84329999991655 20.046383439004423 30.311035221815107
      vertex 86.84329999991655 91.6 35.599999999999994
    endloop
  endfacet
  facet normal 1 0 0
    outer loop
      vertex 86.84329999991655 20.046383439004423 30.311035221815107
      vertex 86.84329999991655 20.090135975182058 29.91712684780359
      vertex 86.84329999991655 91.6 35.599999999999994
    endloop
  endfacet
  facet normal 1 0 0
    outer loop
      vertex 86.84329999991655 20.090135975182058 29.91712684780359
      vertex 86.84329999991655 20.1 29.620000003278253
      vertex 86.84329999991655 91.6 35.599999999999994
    endloop
  endfacet
  facet normal 1 0 0
    outer loop
      vertex 86.84329999991655 20.1 29.620000003278253
      vertex 86.84329999991655 20.1 28.579999996721742
      vertex 86.84329999991655 91.6 35.599999999999994
    endloop
  endfacet
  facet normal 1 0 0
    outer loop
      vertex 86.84329999991655 20.1 28.579999996721742
      vertex 86.84329999991655 20.082468962669374 28.184057129919527
      vertex 86.84329999991655 91.6 35.599999999999994
    endloop
  endfacet
  facet normal 1 0 0
    outer loop
      vertex 86.84329999991655 20.082468962669374 28.184057129919527
      vertex 86.84329999991655 20.030013060569765 27.79121304899454
      vertex 86.84329999991655 91.6 35.599999999999994
    endloop
  endfacet
  facet normal 1 0 0
    outer loop
      vertex 86.84329999991655 20.030013060569765 27.79121304899454
      vertex 86.84329999991655 19.943042820692064 27.404542295634744
      vertex 86.84329999991655 91.6 35.599999999999994
    endloop
  endfacet
  facet normal 1 0 0
    outer loop
      vertex 86.84329999991655 19.943042820692064 27.404542295634744
      vertex 86.84329999991655 19.822238913178445 27.027071094512937
      vertex 86.84329999991655 91.6 35.599999999999994
    endloop
  endfacet
  facet normal 1 0 0
    outer loop
      vertex 86.84329999991655 19.822238913178445 27.027071094512937
      vertex 86.84329999991655 19.668546779453756 26.661753667891023
      vertex 86.84329999991655 91.6 35.599999999999994
    endloop
  endfacet
  facet normal 1 0 0
    outer loop
      vertex 86.84329999991655 19.668546779453756 26.661753667891023
      vertex 86.84329999991655 19.483169285953046 26.311449123919008
      vertex 86.84329999991655 91.6 35.599999999999994
    endloop
  endfacet
  facet normal 1 0 0
    outer loop
      vertex 86.84329999991655 19.483169285953046 26.311449123919008
      vertex 86.84329999991655 19.267557254433633 25.978899060189722
      vertex 86.84329999991655 91.6 35.599999999999994
    endloop
  endfacet
  facet normal 1 0 0
    outer loop
      vertex 86.84329999991655 19.267557254433633 25.978899060189722
      vertex 86.84329999991655 19.023398144543172 25.666706135869024
      vertex 86.84329999991655 91.6 35.599999999999994
    endloop
  endfacet
  facet normal 1 0 0
    outer loop
      vertex 86.84329999991655 18.457290640473367 25.112986607849596
      vertex 86.84329999991655 91.6 35.599999999999994
      vertex 86.84329999991655 18.752602821588518 25.37731369435787
    endloop
  endfacet
  facet normal 1 0 0
    outer loop
      vertex 86.84329999991655 19.023398144543172 25.666706135869024
      vertex 86.84329999991655 18.752602821588518 25.37731369435787
      vertex 86.84329999991655 91.6 35.599999999999994
    endloop
  endfacet
  facet normal 1 0 0
    outer loop
      vertex 86.84329999991655 18.457290640473367 25.112986607849596
      vertex 86.84329999991655 18.81554359048605 19.79429563384056
      vertex 86.84329999991655 91.6 35.599999999999994
    endloop
  endfacet
  facet normal 0 -1 0
    outer loop
      vertex 84.44330000140667 0 35.599999999999994
      vertex 86.84329999991655 0 5
      vertex 86.84329999991655 0 35.599999999999994
    endloop
  endfacet
  facet normal 1 0 0
    outer loop
      vertex 86.84329999991655 0 35.599999999999994
      vertex 86.84329999991655 9.792608885467052 20.0820216039896
      vertex 86.84329999991655 10.146047456562519 20.26851198326349
    endloop
  endfacet
  facet normal 1 0 0
    outer loop
      vertex 86.84329999991655 0 35.599999999999994
      vertex 86.84329999991655 9.462732417881488 19.856457861769197
      vertex 86.84329999991655 9.792608885467052 20.0820216039896
    endloop
  endfacet
  facet normal 1 0 0
    outer loop
      vertex 86.84329999991655 0 35.599999999999994
      vertex 86.84329999991655 9.16071850657463 19.594761314499376
      vertex 86.84329999991655 9.462732417881488 19.856457861769197
    endloop
  endfacet
  facet normal 1 0 0
    outer loop
      vertex 86.84329999991655 0 35.599999999999994
      vertex 86.84329999991655 8.890504366159439 19.300343590486047
      vertex 86.84329999991655 9.16071850657463 19.594761314499376
    endloop
  endfacet
  facet normal 1 0 0
    outer loop
      vertex 86.84329999991655 0 35.599999999999994
      vertex 86.84329999991655 8.65561263859272 18.977042863774297
      vertex 86.84329999991655 8.890504366159439 19.300343590486047
    endloop
  endfacet
  facet normal 1 0 0
    outer loop
      vertex 86.84329999991655 0 35.599999999999994
      vertex 86.84329999991655 8.459105497598648 18.629073853302
      vertex 86.84329999991655 8.65561263859272 18.977042863774297
    endloop
  endfacet
  facet normal 1 0 0
    outer loop
      vertex 86.84329999991655 0 35.599999999999994
      vertex 86.84329999991655 8.303544728457927 18.260972874867914
      vertex 86.84329999991655 8.459105497598648 18.629073853302
    endloop
  endfacet
  facet normal 1 0 0
    outer loop
      vertex 86.84329999991655 0 35.599999999999994
      vertex 86.84329999991655 8.190958289802074 17.877538683521745
      vertex 86.84329999991655 8.303544728457927 18.260972874867914
    endloop
  endfacet
  facet normal 1 0 0
    outer loop
      vertex 86.84329999991655 0 35.599999999999994
      vertex 86.84329999991655 8.12281392365694 17.483769933390615
      vertex 86.84329999991655 8.190958289802074 17.877538683521745
    endloop
  endfacet
  facet normal 1 0 0
    outer loop
      vertex 86.84329999991655 0 35.599999999999994
      vertex 86.84329999991655 8.1 17.084799999999998
      vertex 86.84329999991655 8.12281392365694 17.483769933390615
    endloop
  endfacet
  facet normal 1 0 0
    outer loop
      vertex 86.84329999991655 11.875793604552745 26.06022719144821
      vertex 86.84329999991655 10.518440520763397 20.41349780808687
      vertex 86.84329999991655 12.112986607849598 25.742709359526632
    endloop
  endfacet
  facet normal 1 0 0
    outer loop
      vertex 86.84329999991655 12.112986607849598 25.742709359526632
      vertex 86.84329999991655 10.904933369159698 20.515088963019846
      vertex 86.84329999991655 12.377313694357872 25.44739717841148
    endloop
  endfacet
  facet normal 1 0 0
    outer loop
      vertex 86.84329999991655 12.377313694357872 25.44739717841148
      vertex 86.84329999991655 11.300487472116947 20.57196105520725
      vertex 86.84329999991655 12.666706135869026 25.176601855456827
    endloop
  endfacet
  facet normal 1 0 0
    outer loop
      vertex 86.84329999991655 12.666706135869026 25.176601855456827
      vertex 86.84329999991655 11.6 20.584799999999998
      vertex 86.84329999991655 12.978899060189724 24.932442745566366
    endloop
  endfacet
  facet normal 1 0 0
    outer loop
      vertex 86.84329999991655 12.978899060189724 24.932442745566366
      vertex 86.84329999991655 11.6 20.584799999999998
      vertex 86.84329999991655 13.31144912391901 24.716830714046953
    endloop
  endfacet
  facet normal 1 0 0
    outer loop
      vertex 86.84329999991655 13.31144912391901 24.716830714046953
      vertex 86.84329999991655 11.6 20.584799999999998
      vertex 86.84329999991655 13.661753667891025 24.531453220546243
    endloop
  endfacet
  facet normal 1 0 0
    outer loop
      vertex 86.84329999991655 13.661753667891025 24.531453220546243
      vertex 86.84329999991655 11.6 20.584799999999998
      vertex 86.84329999991655 14.027071094512939 24.377761086821554
    endloop
  endfacet
  facet normal 1 0 0
    outer loop
      vertex 86.84329999991655 14.027071094512939 24.377761086821554
      vertex 86.84329999991655 11.6 20.584799999999998
      vertex 86.84329999991655 14.404542295634746 24.256957179307935
    endloop
  endfacet
  facet normal 1 0 0
    outer loop
      vertex 86.84329999991655 14.404542295634746 24.256957179307935
      vertex 86.84329999991655 16.6 20.584799999999998
      vertex 86.84329999991655 14.79121304899454 24.169986939430235
    endloop
  endfacet
  facet normal 1 0 0
    outer loop
      vertex 86.84329999991655 14.79121304899454 24.169986939430235
      vertex 86.84329999991655 16.6 20.584799999999998
      vertex 86.84329999991655 15.184057129919529 24.117531037330625
    endloop
  endfacet
  facet normal 1 0 0
    outer loop
      vertex 86.84329999991655 15.917126847803592 24.10986402481794
      vertex 86.84329999991655 16.6 20.584799999999998
      vertex 86.84329999991655 16.31103522181511 24.153616560995577
    endloop
  endfacet
  facet normal 1 0 0
    outer loop
      vertex 86.84329999991655 15.184057129919529 24.117531037330625
      vertex 86.84329999991655 16.6 20.584799999999998
      vertex 86.84329999991655 15.579999996721744 24.099999999999998
    endloop
  endfacet
  facet normal 1 0 0
    outer loop
      vertex 86.84329999991655 15.579999996721744 24.099999999999998
      vertex 86.84329999991655 16.6 20.584799999999998
      vertex 86.84329999991655 15.620000003278255 24.099999999999998
    endloop
  endfacet
  facet normal 1 0 0
    outer loop
      vertex 86.84329999991655 15.620000003278255 24.099999999999998
      vertex 86.84329999991655 16.6 20.584799999999998
      vertex 86.84329999991655 15.917126847803592 24.10986402481794
    endloop
  endfacet
  facet normal 1 0 0
    outer loop
      vertex 86.84329999991655 16.699535308778287 24.232011547684667
      vertex 86.84329999991655 16.31103522181511 24.153616560995577
      vertex 86.84329999991655 16.99896993339062 20.561986076343057
    endloop
  endfacet
  facet normal 1 0 0
    outer loop
      vertex 86.84329999991655 17.079586571455003 24.344435444474218
      vertex 86.84329999991655 16.699535308778287 24.232011547684667
      vertex 86.84329999991655 16.99896993339062 20.561986076343057
    endloop
  endfacet
  facet normal 1 0 0
    outer loop
      vertex 86.84329999991655 17.448214589059354 24.490008375048635
      vertex 86.84329999991655 17.079586571455003 24.344435444474218
      vertex 86.84329999991655 17.39273868352175 20.493841710197923
    endloop
  endfacet
  facet normal 1 0 0
    outer loop
      vertex 86.84329999991655 17.8025343477726 24.66759104132652
      vertex 86.84329999991655 17.448214589059354 24.490008375048635
      vertex 86.84329999991655 17.776172874867918 20.38125527154207
    endloop
  endfacet
  facet normal 1 0 0
    outer loop
      vertex 86.84329999991655 18.13977280855179 24.875793604552744
      vertex 86.84329999991655 17.8025343477726 24.66759104132652
      vertex 86.84329999991655 18.144273853302003 20.22569450240135
    endloop
  endfacet
  facet normal 1 0 0
    outer loop
      vertex 86.84329999991655 18.457290640473367 25.112986607849596
      vertex 86.84329999991655 18.13977280855179 24.875793604552744
      vertex 86.84329999991655 18.4922428637743 20.029187361407278
    endloop
  endfacet
  facet normal 1 0 0
    outer loop
      vertex 86.84329999991655 11.875793604552745 26.06022719144821
      vertex 86.84329999991655 10.146047456562519 20.26851198326349
      vertex 86.84329999991655 10.518440520763397 20.41349780808687
    endloop
  endfacet
  facet normal 1 0 0
    outer loop
      vertex 86.84329999991655 12.112986607849598 25.742709359526632
      vertex 86.84329999991655 10.518440520763397 20.41349780808687
      vertex 86.84329999991655 10.904933369159698 20.515088963019846
    endloop
  endfacet
  facet normal 1 0 0
    outer loop
      vertex 86.84329999991655 0 35.599999999999994
      vertex 86.84329999991655 0 5
      vertex 86.84329999991655 8.1 17.084799999999998
    endloop
  endfacet
  facet normal 1 0 0
    outer loop
      vertex 86.84329999991655 12.377313694357872 25.44739717841148
      vertex 86.84329999991655 10.904933369159698 20.515088963019846
      vertex 86.84329999991655 11.300487472116947 20.57196105520725
    endloop
  endfacet
  facet normal 1 0 0
    outer loop
      vertex 86.84329999991655 12.666706135869026 25.176601855456827
      vertex 86.84329999991655 11.300487472116947 20.57196105520725
      vertex 86.84329999991655 11.6 20.584799999999998
    endloop
  endfacet
  facet normal 1 0 0
    outer loop
      vertex 86.84329999991655 14.404542295634746 24.256957179307935
      vertex 86.84329999991655 11.6 20.584799999999998
      vertex 86.84329999991655 16.6 20.584799999999998
    endloop
  endfacet
  facet normal 1 0 0
    outer loop
      vertex 86.84329999991655 16.31103522181511 24.153616560995577
      vertex 86.84329999991655 16.6 20.584799999999998
      vertex 86.84329999991655 16.99896993339062 20.561986076343057
    endloop
  endfacet
  facet normal 1 0 0
    outer loop
      vertex 86.84329999991655 17.079586571455003 24.344435444474218
      vertex 86.84329999991655 16.99896993339062 20.561986076343057
      vertex 86.84329999991655 17.39273868352175 20.493841710197923
    endloop
  endfacet
  facet normal 1 0 0
    outer loop
      vertex 86.84329999991655 17.448214589059354 24.490008375048635
      vertex 86.84329999991655 17.39273868352175 20.493841710197923
      vertex 86.84329999991655 17.776172874867918 20.38125527154207
    endloop
  endfacet
  facet normal 1 0 0
    outer loop
      vertex 86.84329999991655 17.8025343477726 24.66759104132652
      vertex 86.84329999991655 17.776172874867918 20.38125527154207
      vertex 86.84329999991655 18.144273853302003 20.22569450240135
    endloop
  endfacet
  facet normal 1 0 0
    outer loop
      vertex 86.84329999991655 18.13977280855179 24.875793604552744
      vertex 86.84329999991655 18.144273853302003 20.22569450240135
      vertex 86.84329999991655 18.4922428637743 20.029187361407278
    endloop
  endfacet
  facet normal 1 0 0
    outer loop
      vertex 86.84329999991655 18.457290640473367 25.112986607849596
      vertex 86.84329999991655 18.4922428637743 20.029187361407278
      vertex 86.84329999991655 18.81554359048605 19.79429563384056
    endloop
  endfacet
  facet normal 1 0 0
    outer loop
      vertex 86.84329999991655 18.81554359048605 19.79429563384056
      vertex 86.84329999991655 19.10996131449938 19.524081493425367
      vertex 86.84329999991655 91.6 35.599999999999994
    endloop
  endfacet
  facet normal 1 0 0
    outer loop
      vertex 86.84329999991655 19.10996131449938 19.524081493425367
      vertex 86.84329999991655 19.3716578617692 19.22206758211851
      vertex 86.84329999991655 91.6 35.599999999999994
    endloop
  endfacet
  facet normal 1 0 0
    outer loop
      vertex 86.84329999991655 19.3716578617692 19.22206758211851
      vertex 86.84329999991655 19.597221603989603 18.892191114532945
      vertex 86.84329999991655 91.6 35.599999999999994
    endloop
  endfacet
  facet normal 1 0 0
    outer loop
      vertex 86.84329999991655 19.597221603989603 18.892191114532945
      vertex 86.84329999991655 19.783711983263494 18.53875254343748
      vertex 86.84329999991655 91.6 35.599999999999994
    endloop
  endfacet
  facet normal 1 0 0
    outer loop
      vertex 86.84329999991655 19.783711983263494 18.53875254343748
      vertex 86.84329999991655 19.928697808086874 18.1663594792366
      vertex 86.84329999991655 91.6 35.599999999999994
    endloop
  endfacet
  facet normal 1 0 0
    outer loop
      vertex 86.84329999991655 19.928697808086874 18.1663594792366
      vertex 86.84329999991655 20.03028896301985 17.7798666308403
      vertex 86.84329999991655 91.6 35.599999999999994
    endloop
  endfacet
  facet normal 1 0 0
    outer loop
      vertex 86.84329999991655 91.6 35.599999999999994
      vertex 86.84329999991655 20.03028896301985 17.7798666308403
      vertex 86.84329999991655 20.087161055207254 17.38431252788305
    endloop
  endfacet
  facet normal 1 0 0
    outer loop
      vertex 86.84329999991655 91.6 35.599999999999994
      vertex 86.84329999991655 20.087161055207254 17.38431252788305
      vertex 86.84329999991655 20.1 17.084799999999998
    endloop
  endfacet
  facet normal 1 0 0
    outer loop
      vertex 86.84329999991655 91.6 35.599999999999994
      vertex 86.84329999991655 20.1 17.084799999999998
      vertex 86.84329999991655 20.1 8.084799999999998
    endloop
  endfacet
  facet normal 0 1 0
    outer loop
      vertex 84.44330000140667 91.6 35.599999999999994
      vertex 86.84329999991655 91.6 35.599999999999994
      vertex 84.44330000140667 91.6 5
    endloop
  endfacet
  facet normal 0 0 -1
    outer loop
      vertex 5.000000000083439 0 0
      vertex 61.55837138930558 5.419876895844936 0
      vertex 81.84329999991655 0 0
    endloop
  endfacet
  facet normal 0 -1 0
    outer loop
      vertex 5.000000000083439 0 2.399999998509884
      vertex 86.08821681150198 0 2.3579021096229553
      vertex 81.84329999991655 0 2.399999998509884
    endloop
  endfacet
  facet normal 0 -1 0
    outer loop
      vertex 5.000000000083439 0 2.399999998509884
      vertex 85.86488282688856 0 2.028994858264923
      vertex 86.08821681150198 0 2.3579021096229553
    endloop
  endfacet
  facet normal 0 -1 0
    outer loop
      vertex 1.1626866535186693 0 1.7945318147540092
      vertex 84.73375999935865 0 0.9201420396566391
      vertex 85.04876818516254 0 1.1626866534352303
    endloop
  endfacet
  facet normal 0 -1 0
    outer loop
      vertex 1.4294920042991563 0 1.4997896254062653
      vertex 84.40047739454508 0 0.7033915966749191
      vertex 84.73375999935865 0 0.9201420396566391
    endloop
  endfacet
  facet normal 0 -1 0
    outer loop
      vertex 2.028994858348362 0 0.9784171730279922
      vertex 83.68761961915493 0 0.3525829613208771
      vertex 84.05102749177217 0 0.5138056948781013
    endloop
  endfacet
  facet normal 0 -1 0
    outer loop
      vertex 1.7188712508320734 0 1.2271768972277641
      vertex 84.05102749177217 0 0.5138056948781013
      vertex 84.40047739454508 0 0.7033915966749191
    endloop
  endfacet
  facet normal 0 -1 0
    outer loop
      vertex 3.818277806127064 0 0.14165329933166504
      vertex 81.84329999991655 0 0
      vertex 82.14137562372684 0 0.008892819285392761
    endloop
  endfacet
  facet normal 0 -1 0
    outer loop
      vertex 3.063644126141064 0 0.39017072319984436
      vertex 82.53697765626907 0 0.048352666199207306
      vertex 82.92819403865337 0 0.11911842972040176
    endloop
  endfacet
  facet normal 0 -1 0
    outer loop
      vertex 3.4360169620156213 0 0.2508993446826935
      vertex 82.14137562372684 0 0.008892819285392761
      vertex 82.53697765626907 0 0.048352666199207306
    endloop
  endfacet
  facet normal 0 -1 0
    outer loop
      vertex 2.3579021097063944 0 0.7550831884145737
      vertex 83.31255137183666 0 0.22074269503355026
      vertex 83.68761961915493 0 0.3525829613208771
    endloop
  endfacet
  facet normal 0 -1 0
    outer loop
      vertex 2.703513555312149 0 0.5585869327187538
      vertex 82.92819403865337 0 0.11911842972040176
      vertex 83.31255137183666 0 0.22074269503355026
    endloop
  endfacet
  facet normal 0 -1 0
    outer loop
      vertex 0.9201420397400781 0 2.1095400005578995
      vertex 85.04876818516254 0 1.1626866534352303
      vertex 85.34351037451029 0 1.4294920042157173
    endloop
  endfacet
  facet normal 0 -1 0
    outer loop
      vertex 5.000000000083439 0 2.399999998509884
      vertex 85.61612310268879 0 1.7188712507486343
      vertex 85.86488282688856 0 2.028994858264923
    endloop
  endfacet
  facet normal 0 -1 0
    outer loop
      vertex 5.000000000083439 0 2.399999998509884
      vertex 85.34351037451029 0 1.4294920042157173
      vertex 85.61612310268879 0 1.7188712507486343
    endloop
  endfacet
  facet normal 0 0 -1
    outer loop
      vertex 5.000000000083439 0 0
      vertex 81.84329999991655 91.6 0
      vertex 48.98107930461167 14.422291226685047 0
    endloop
  endfacet
  facet normal 0 0 -1
    outer loop
      vertex 48.98107930461167 14.422291226685047 0
      vertex 81.84329999991655 91.6 0
      vertex 49.367515424287305 14.520689949393272 0
    endloop
  endfacet
  facet normal 0 0 -1
    outer loop
      vertex 49.367515424287305 14.520689949393272 0
      vertex 81.84329999991655 91.6 0
      vertex 49.761828610694394 14.580123104155064 0
    endloop
  endfacet
  facet normal 0 0 -1
    outer loop
      vertex 49.761828610694394 14.580123104155064 0
      vertex 81.84329999991655 91.6 0
      vertex 50.160099999999986 14.600000001490116 0
    endloop
  endfacet
  facet normal 0 0 -1
    outer loop
      vertex 50.160099999999986 14.600000001490116 0
      vertex 81.84329999991655 91.6 0
      vertex 61.160099999999986 14.600000001490116 0
    endloop
  endfacet
  facet normal 0 -1 0
    outer loop
      vertex 84.44330000140667 0 35.599999999999994
      vertex 84.44330000140667 0 5
      vertex 86.84329999991655 0 5
    endloop
  endfacet
  facet normal 1 0 0
    outer loop
      vertex 86.84329999991655 8.1 17.084799999999998
      vertex 86.84329999991655 0 5
      vertex 86.84329999991655 8.1 8.084799999999998
    endloop
  endfacet
  facet normal 0 0 -1
    outer loop
      vertex 61.55837138930558 5.419876895844936 0
      vertex 61.95268457571267 5.479310050606728 0
      vertex 81.84329999991655 0 0
    endloop
  endfacet
  facet normal 0 0 -1
    outer loop
      vertex 61.95268457571267 5.479310050606728 0
      vertex 62.3391206953883 5.577708773314953 0
      vertex 81.84329999991655 0 0
    endloop
  endfacet
  facet normal 0 0 -1
    outer loop
      vertex 62.3391206953883 5.577708773314953 0
      vertex 62.71383918265103 5.714095152914524 0
      vertex 81.84329999991655 0 0
    endloop
  endfacet
  facet normal 0 0 -1
    outer loop
      vertex 62.71383918265103 5.714095152914524 0
      vertex 63.073115916943536 5.887113705277443 0
      vertex 81.84329999991655 0 0
    endloop
  endfacet
  facet normal 0 0 -1
    outer loop
      vertex 63.073115916943536 5.887113705277443 0
      vertex 63.41338022986649 6.095044903457165 0
      vertex 81.84329999991655 0 0
    endloop
  endfacet
  facet normal 0 0 -1
    outer loop
      vertex 63.41338022986649 6.095044903457165 0
      vertex 63.7312504369974 6.335822224617004 0
      vertex 81.84329999991655 0 0
    endloop
  endfacet
  facet normal 0 0 -1
    outer loop
      vertex 63.7312504369974 6.335822224617004 0
      vertex 64.02356739530562 6.607052728533745 0
      vertex 81.84329999991655 0 0
    endloop
  endfacet
  facet normal 0 0 -1
    outer loop
      vertex 64.02356739530562 6.607052728533745 0
      vertex 64.28742592970131 6.906040787696838 0
      vertex 81.84329999991655 0 0
    endloop
  endfacet
  facet normal 0 0 -1
    outer loop
      vertex 64.28742592970131 6.906040787696838 0
      vertex 64.5202036891341 7.229814946651459 0
      vertex 81.84329999991655 0 0
    endloop
  endfacet
  facet normal 0 0 -1
    outer loop
      vertex 64.5202036891341 7.229814946651459 0
      vertex 64.71958723852633 7.57515736669302 0
      vertex 81.84329999991655 0 0
    endloop
  endfacet
  facet normal 0 0 -1
    outer loop
      vertex 64.71958723852633 7.57515736669302 0
      vertex 64.8835949916601 7.938635900616646 0
      vertex 81.84329999991655 0 0
    endloop
  endfacet
  facet normal 0 0 -1
    outer loop
      vertex 64.98239122519492 11.779020696878433 0
      vertex 64.84600484559535 12.153739184141159 0
      vertex 81.84329999991655 0 0
    endloop
  endfacet
  facet normal 0 0 -1
    outer loop
      vertex 64.84600484559535 12.153739184141159 0
      vertex 64.67298629323243 12.513015918433666 0
      vertex 81.84329999991655 0 0
    endloop
  endfacet
  facet normal 0 0 -1
    outer loop
      vertex 64.67298629323243 12.513015918433666 0
      vertex 64.4650550950527 12.85328023135662 0
      vertex 81.84329999991655 0 0
    endloop
  endfacet
  facet normal 0 0 -1
    outer loop
      vertex 63.953047269976125 13.46346739679575 0
      vertex 81.84329999991655 0 0
      vertex 64.22427777389287 13.17115043848753 0
    endloop
  endfacet
  facet normal 0 0 -1
    outer loop
      vertex 64.4650550950527 12.85328023135662 0
      vertex 64.22427777389287 13.17115043848753 0
      vertex 81.84329999991655 0 0
    endloop
  endfacet
  facet normal 0 0 -1
    outer loop
      vertex 64.8835949916601 7.938635900616646 0
      vertex 65.01059698501824 8.316638126969337 0
      vertex 81.84329999991655 0 0
    endloop
  endfacet
  facet normal 0 0 -1
    outer loop
      vertex 65.01059698501824 8.316638126969337 0
      vertex 65.09933101574181 8.705407284200191 0
      vertex 81.84329999991655 0 0
    endloop
  endfacet
  facet normal 0 0 -1
    outer loop
      vertex 65.09933101574181 8.705407284200191 0
      vertex 65.14891518840788 9.101079627871513 0
      vertex 81.84329999991655 0 0
    endloop
  endfacet
  facet normal 0 0 -1
    outer loop
      vertex 65.14891518840788 9.101079627871513 0
      vertex 65.16009999999999 9.399999998509884 0
      vertex 81.84329999991655 0 0
    endloop
  endfacet
  facet normal 0 0 -1
    outer loop
      vertex 65.16009999999999 9.399999998509884 0
      vertex 65.16009999999999 10.600000001490116 0
      vertex 81.84329999991655 0 0
    endloop
  endfacet
  facet normal 0 0 -1
    outer loop
      vertex 65.16009999999999 10.600000001490116 0
      vertex 65.14022310266493 10.998271390795708 0
      vertex 81.84329999991655 0 0
    endloop
  endfacet
  facet normal 0 0 -1
    outer loop
      vertex 65.08078994790314 11.392584577202797 0
      vertex 81.84329999991655 0 0
      vertex 65.14022310266493 10.998271390795708 0
    endloop
  endfacet
  facet normal 0 0 -1
    outer loop
      vertex 65.08078994790314 11.392584577202797 0
      vertex 64.98239122519492 11.779020696878433 0
      vertex 81.84329999991655 0 0
    endloop
  endfacet
  facet normal 1 0 0
    outer loop
      vertex 86.84329999991655 8.1 8.084799999999998
      vertex 86.84329999991655 0 5
      vertex 86.84329999991655 8.112838944792747 7.785287472116945
    endloop
  endfacet
  facet normal 1 0 0
    outer loop
      vertex 86.84329999991655 8.112838944792747 7.785287472116945
      vertex 86.84329999991655 0 5
      vertex 86.84329999991655 8.169711036980152 7.389733369159696
    endloop
  endfacet
  facet normal 1 0 0
    outer loop
      vertex 86.84329999991655 8.169711036980152 7.389733369159696
      vertex 86.84329999991655 0 5
      vertex 86.84329999991655 8.271302191913128 7.003240520763395
    endloop
  endfacet
  facet normal 1 0 0
    outer loop
      vertex 86.84329999991655 8.271302191913128 7.003240520763395
      vertex 86.84329999991655 0 5
      vertex 86.84329999991655 8.416288016736507 6.630847456562517
    endloop
  endfacet
  facet normal 1 0 0
    outer loop
      vertex 86.84329999991655 0 5
      vertex 86.84329999991655 8.602778396010399 6.27740888546705
      vertex 86.84329999991655 8.416288016736507 6.630847456562517
    endloop
  endfacet
  facet normal 0 -1 0
    outer loop
      vertex 84.44330000140667 0 5
      vertex 84.41282910116911 0 4.6031118631362915
      vertex 86.78017670669556 0 4.208009876310825
    endloop
  endfacet
  facet normal 0 -1 0
    outer loop
      vertex 84.44330000140667 0 5
      vertex 86.82749419667721 0 4.602749161422253
      vertex 86.84329999991655 0 5
    endloop
  endfacet
  facet normal 0 -1 0
    outer loop
      vertex 84.44330000140667 0 5
      vertex 86.78017670669556 0 4.208009876310825
      vertex 86.82749419667721 0 4.602749161422253
    endloop
  endfacet
  facet normal 0.9992093974106722 0 -0.03975651048823942
    outer loop
      vertex 86.84329999991655 0 5
      vertex 86.82749419667721 0 4.602749161422253
      vertex 86.84329999991655 9.956395667435038 5
    endloop
  endfacet
  facet normal 0.9928920722640754 0 -0.11901820379736086
    outer loop
      vertex 86.82749419667721 0 4.602749161422253
      vertex 86.78017670669556 0 4.208009876310825
      vertex 86.82749419667721 11.286105036348028 4.602749161422253
    endloop
  endfacet
  facet normal 1 0 0
    outer loop
      vertex 86.84329999991655 0 5
      vertex 86.84329999991655 8.8283421382308 5.947532417881487
      vertex 86.84329999991655 8.602778396010399 6.27740888546705
    endloop
  endfacet
  facet normal 1 0 0
    outer loop
      vertex 86.84329999991655 0 5
      vertex 86.84329999991655 9.090038685500621 5.6455185065746285
      vertex 86.84329999991655 8.8283421382308 5.947532417881487
    endloop
  endfacet
  facet normal 1 0 0
    outer loop
      vertex 86.84329999991655 0 5
      vertex 86.84329999991655 9.38445640951395 5.375304366159437
      vertex 86.84329999991655 9.090038685500621 5.6455185065746285
    endloop
  endfacet
  facet normal 1 0 0
    outer loop
      vertex 86.84329999991655 0 5
      vertex 86.84329999991655 9.7077571362257 5.140412638592718
      vertex 86.84329999991655 9.38445640951395 5.375304366159437
    endloop
  endfacet
  facet normal 1 0 0
    outer loop
      vertex 86.84329999991655 0 5
      vertex 86.84329999991655 9.956395667435038 5
      vertex 86.84329999991655 9.7077571362257 5.140412638592718
    endloop
  endfacet
  facet normal 0.9992093974106641 8.142920270505442e-15 -0.03975651048844319
    outer loop
      vertex 86.82749419667721 0 4.602749161422253
      vertex 86.84106811370847 10.055726146697998 4.943905497598646
      vertex 86.84329999991655 9.956395667435038 5
    endloop
  endfacet
  facet normal 0.9992093974106718 1.5248861498904307e-15 -0.03975651048824842
    outer loop
      vertex 86.82749419667721 0 4.602749161422253
      vertex 86.83487866696595 10.423827125132084 4.7883447284579255
      vertex 86.84106811370847 10.055726146697998 4.943905497598646
    endloop
  endfacet
  facet normal 0.9992093974106746 2.547574687156728e-16 -0.039756510488177195
    outer loop
      vertex 86.82749419667721 0 4.602749161422253
      vertex 86.8303990814648 10.807261316478252 4.675758289802072
      vertex 86.83487866696595 10.423827125132084 4.7883447284579255
    endloop
  endfacet
  facet normal 0.9992093974106718 7.234927850529054e-16 -0.039756510488246466
    outer loop
      vertex 86.82749419667721 0 4.602749161422253
      vertex 86.82768775567625 11.201030066609382 4.607613923656938
      vertex 86.8303990814648 10.807261316478252 4.675758289802072
    endloop
  endfacet
  facet normal 0.9992093974107381 0 -0.039756510486583276
    outer loop
      vertex 86.82749419667721 0 4.602749161422253
      vertex 86.82749419667721 11.286105036348028 4.602749161422253
      vertex 86.82768775567625 11.201030066609382 4.607613923656938
    endloop
  endfacet
  facet normal 0.9928920722640381 1.1028804422014606e-14 -0.11901820379767174
    outer loop
      vertex 86.82749419667721 11.286105036348028 4.602749161422253
      vertex 86.78017670669556 0 4.208009876310825
      vertex 86.82534262651986 11.6 4.584799999999998
    endloop
  endfacet
  facet normal 0.9928920722640783 0 -0.119018203797337
    outer loop
      vertex 86.82534262651986 11.6 4.584799999999998
      vertex 86.78017670669556 0 4.208009876310825
      vertex 86.82534262651986 16.6 4.584799999999998
    endloop
  endfacet
  facet normal 0 -1 0
    outer loop
      vertex 81.84329999991655 0 2.399999998509884
      vertex 86.08821681150198 0 2.3579021096229553
      vertex 81.94288710513115 0 2.401907928287983
    endloop
  endfacet
  facet normal 0 -1 0
    outer loop
      vertex 82.72214388110638 0 2.5530358776450157
      vertex 86.08821681150198 0 2.3579021096229553
      vertex 83.08537153162956 0 2.7158681452274323
    endloop
  endfacet
  facet normal 0 -1 0
    outer loop
      vertex 81.94288710513115 0 2.401907928287983
      vertex 86.08821681150198 0 2.3579021096229553
      vertex 82.33831688024998 0 2.4475583657622337
    endloop
  endfacet
  facet normal 0 -1 0
    outer loop
      vertex 82.72214388110638 0 2.5530358776450157
      vertex 82.33831688024998 0 2.4475583657622337
      vertex 86.08821681150198 0 2.3579021096229553
    endloop
  endfacet
  facet normal 0 -1 0
    outer loop
      vertex 84.41282910116911 0 4.6031118631362915
      vertex 84.32213062056303 0 4.215526446700096
      vertex 86.78017670669556 0 4.208009876310825
    endloop
  endfacet
  facet normal 0 -1 0
    outer loop
      vertex 84.32213062056303 0 4.215526446700096
      vertex 84.17333044865131 0 3.8463284224271774
      vertex 86.70164670058489 0 3.818277806043625
    endloop
  endfacet
  facet normal 0 -1 0
    outer loop
      vertex 83.96991633632183 0 3.50417148321867
      vertex 83.71665614106655 0 3.1970755010843277
      vertex 86.59240065523386 0 3.4360169619321823
    endloop
  endfacet
  facet normal 0 -1 0
    outer loop
      vertex 83.96991633632183 0 3.50417148321867
      vertex 86.70164670058489 0 3.818277806043625
      vertex 84.17333044865131 0 3.8463284224271774
    endloop
  endfacet
  facet normal 0 -1 0
    outer loop
      vertex 84.32213062056303 0 4.215526446700096
      vertex 86.70164670058489 0 3.818277806043625
      vertex 86.78017670669556 0 4.208009876310825
    endloop
  endfacet
  facet normal 0 -1 0
    outer loop
      vertex 83.96991633632183 0 3.50417148321867
      vertex 86.59240065523386 0 3.4360169619321823
      vertex 86.70164670058489 0 3.818277806043625
    endloop
  endfacet
  facet normal 0 -1 0
    outer loop
      vertex 83.41948606827259 0 2.932238534092903
      vertex 86.45312927671671 0 3.063644126057625
      vertex 83.71665614106655 0 3.1970755010843277
    endloop
  endfacet
  facet normal 0 -1 0
    outer loop
      vertex 83.41948606827259 0 2.932238534092903
      vertex 83.08537153162956 0 2.7158681452274323
      vertex 86.2847130671978 0 2.70351355522871
    endloop
  endfacet
  facet normal 0 -1 0
    outer loop
      vertex 83.41948606827259 0 2.932238534092903
      vertex 86.2847130671978 0 2.70351355522871
      vertex 86.45312927671671 0 3.063644126057625
    endloop
  endfacet
  facet normal 0 -1 0
    outer loop
      vertex 83.08537153162956 0 2.7158681452274323
      vertex 86.08821681150198 0 2.3579021096229553
      vertex 86.2847130671978 0 2.70351355522871
    endloop
  endfacet
  facet normal 0 -1 0
    outer loop
      vertex 83.71665614106655 0 3.1970755010843277
      vertex 86.45312927671671 0 3.063644126057625
      vertex 86.59240065523386 0 3.4360169619321823
    endloop
  endfacet
  facet normal 0 0 -1
    outer loop
      vertex 62.98494263181685 14.15948724001646 0
      vertex 62.621464097893224 14.323494993150234 0
      vertex 81.84329999991655 91.6 0
    endloop
  endfacet
  facet normal 0 0 -1
    outer loop
      vertex 62.98494263181685 14.15948724001646 0
      vertex 81.84329999991655 91.6 0
      vertex 63.33028505185841 13.960103690624237 0
    endloop
  endfacet
  facet normal 0 0 -1
    outer loop
      vertex 63.65405921081303 13.727325931191444 0
      vertex 81.84329999991655 91.6 0
      vertex 63.953047269976125 13.46346739679575 0
    endloop
  endfacet
  facet normal 0 0 -1
    outer loop
      vertex 63.33028505185841 13.960103690624237 0
      vertex 81.84329999991655 91.6 0
      vertex 63.65405921081303 13.727325931191444 0
    endloop
  endfacet
  facet normal 0 0 -1
    outer loop
      vertex 61.160099999999986 14.600000001490116 0
      vertex 81.84329999991655 91.6 0
      vertex 61.459020370638356 14.588815189898014 0
    endloop
  endfacet
  facet normal 0 0 -1
    outer loop
      vertex 61.459020370638356 14.588815189898014 0
      vertex 81.84329999991655 91.6 0
      vertex 61.85469271430968 14.539231017231941 0
    endloop
  endfacet
  facet normal 0 0 -1
    outer loop
      vertex 61.85469271430968 14.539231017231941 0
      vertex 81.84329999991655 91.6 0
      vertex 62.24346187154053 14.45049698650837 0
    endloop
  endfacet
  facet normal 0 0 -1
    outer loop
      vertex 62.24346187154053 14.45049698650837 0
      vertex 81.84329999991655 91.6 0
      vertex 62.621464097893224 14.323494993150234 0
    endloop
  endfacet
  facet normal 0 0 -1
    outer loop
      vertex 63.953047269976125 13.46346739679575 0
      vertex 81.84329999991655 91.6 0
      vertex 81.84329999991655 0 0
    endloop
  endfacet
  facet normal 1 0 0
    outer loop
      vertex 86.84329999991655 20.1 8.084799999999998
      vertex 86.84329999991655 20.07718607634306 7.68583006660938
      vertex 86.84329999991655 91.6 5
    endloop
  endfacet
  facet normal 0.9928920722640789 -1.2877564638594424e-16 -0.1190182037973314
    outer loop
      vertex 86.82534262651986 16.6 4.584799999999998
      vertex 86.78017670669556 0 4.208009876310825
      vertex 86.82749419667721 91.6 4.602749161422253
    endloop
  endfacet
  facet normal 1 0 0
    outer loop
      vertex 86.84329999991655 20.009041710197927 7.29206131647825
      vertex 86.84329999991655 91.6 5
      vertex 86.84329999991655 20.07718607634306 7.68583006660938
    endloop
  endfacet
  facet normal 1 0 0
    outer loop
      vertex 86.84329999991655 20.009041710197927 7.29206131647825
      vertex 86.84329999991655 19.896455271542074 6.908627125132082
      vertex 86.84329999991655 91.6 5
    endloop
  endfacet
  facet normal 1 0 0
    outer loop
      vertex 86.84329999991655 19.896455271542074 6.908627125132082
      vertex 86.84329999991655 19.740894502401353 6.540526146697996
      vertex 86.84329999991655 91.6 5
    endloop
  endfacet
  facet normal 1 0 0
    outer loop
      vertex 86.84329999991655 19.740894502401353 6.540526146697996
      vertex 86.84329999991655 19.54438736140728 6.192557136225698
      vertex 86.84329999991655 91.6 5
    endloop
  endfacet
  facet normal 1 0 0
    outer loop
      vertex 86.84329999991655 19.54438736140728 6.192557136225698
      vertex 86.84329999991655 19.309495633840562 5.869256409513948
      vertex 86.84329999991655 91.6 5
    endloop
  endfacet
  facet normal 1 0 0
    outer loop
      vertex 86.84329999991655 18.40739111453295 5.087578396010397
      vertex 86.84329999991655 91.6 5
      vertex 86.84329999991655 18.737267582118513 5.313142138230798
    endloop
  endfacet
  facet normal 1 0 0
    outer loop
      vertex 86.84329999991655 18.40739111453295 5.087578396010397
      vertex 86.84329999991655 18.241411597169822 5
      vertex 86.84329999991655 91.6 5
    endloop
  endfacet
  facet normal 0.9992093974106714 -2.89464895513077e-17 -0.03975651048825709
    outer loop
      vertex 86.83359580198727 17.681559479236604 4.756102191913126
      vertex 86.82955369647158 17.295066630840303 4.65451103698015
      vertex 86.84329999991655 91.6 5
    endloop
  endfacet
  facet normal 0.9992093974106699 9.060668436775965e-17 -0.039756510488293276
    outer loop
      vertex 86.83359580198727 17.681559479236604 4.756102191913126
      vertex 86.84329999991655 91.6 5
      vertex 86.83936449319472 18.053952543437482 4.901088016736505
    endloop
  endfacet
  facet normal 0.9992093974106727 0 -0.039756510488226
    outer loop
      vertex 86.84329999991655 18.241411597169822 5
      vertex 86.83936449319472 18.053952543437482 4.901088016736505
      vertex 86.84329999991655 91.6 5
    endloop
  endfacet
  facet normal 0.9928920722640663 -1.0328420711784856e-16 -0.11901820379743641
    outer loop
      vertex 86.82688163382042 16.899512527883054 4.597638944792745
      vertex 86.82534262651986 16.6 4.584799999999998
      vertex 86.82749419667721 91.6 4.602749161422253
    endloop
  endfacet
  facet normal 0.9928920722638879 -1.136920853021629e-22 -0.1190182037989248
    outer loop
      vertex 86.82688163382042 16.899512527883054 4.597638944792745
      vertex 86.82749419667721 91.6 4.602749161422253
      vertex 86.82749419667721 16.935054866437106 4.602749161422253
    endloop
  endfacet
  facet normal 0.9992093974106785 0 -0.03975651048807995
    outer loop
      vertex 86.82749419667721 16.935054866437106 4.602749161422253
      vertex 86.82749419667721 91.6 4.602749161422253
      vertex 86.82955369647158 17.295066630840303 4.65451103698015
    endloop
  endfacet
  facet normal 1 0 0
    outer loop
      vertex 86.84329999991655 19.309495633840562 5.869256409513948
      vertex 86.84329999991655 19.03928149342537 5.57483868550062
      vertex 86.84329999991655 91.6 5
    endloop
  endfacet
  facet normal 1 0 0
    outer loop
      vertex 86.84329999991655 19.03928149342537 5.57483868550062
      vertex 86.84329999991655 18.737267582118513 5.313142138230798
      vertex 86.84329999991655 91.6 5
    endloop
  endfacet
  facet normal 0.9802973684100422 0 -0.19752738921057522
    outer loop
      vertex 86.78017670669556 0 4.208009876310825
      vertex 86.70164670058489 0 3.818277806043625
      vertex 86.78017670669556 91.6 4.208009876310825
    endloop
  endfacet
  facet normal 0.9615049021262984 0 -0.27478777845293173
    outer loop
      vertex 86.70164670058489 0 3.818277806043625
      vertex 86.59240065523386 0 3.4360169619321823
      vertex 86.70164670058489 91.6 3.818277806043625
    endloop
  endfacet
  facet normal 0.9366335029173919 0 -0.3503108351345932
    outer loop
      vertex 86.59240065523386 0 3.4360169619321823
      vertex 86.45312927671671 0 3.063644126057625
      vertex 86.59240065523386 91.6 3.4360169619321823
    endloop
  endfacet
  facet normal 0.9058403931113354 0 -0.4236191475935682
    outer loop
      vertex 86.45312927671671 0 3.063644126057625
      vertex 86.2847130671978 0 2.70351355522871
      vertex 86.45312927671671 91.6 3.063644126057625
    endloop
  endfacet
  facet normal 0.8273040309641815 0 -0.5617544306460045
    outer loop
      vertex 86.08821681150198 0 2.3579021096229553
      vertex 85.86488282688856 0 2.028994858264923
      vertex 86.08821681150198 91.6 2.3579021096229553
    endloop
  endfacet
  facet normal 0.8693202715049775 0 -0.494249193778313
    outer loop
      vertex 86.08821681150198 0 2.3579021096229553
      vertex 86.2847130671978 91.6 2.70351355522871
      vertex 86.2847130671978 0 2.70351355522871
    endloop
  endfacet
  facet normal 0.02982083599819606 0 -0.9995552599733387
    outer loop
      vertex 81.84329999991655 0 0
      vertex 82.14137562372684 91.6 0.008892819285392761
      vertex 82.14137562372684 0 0.008892819285392761
    endloop
  endfacet
  facet normal 0.09925378775462776 0 -0.9950621516349415
    outer loop
      vertex 82.14137562372684 0 0.008892819285392761
      vertex 82.53697765626907 91.6 0.048352666199207306
      vertex 82.53697765626907 0 0.048352666199207306
    endloop
  endfacet
  facet normal 0.17799790281073452 0 -0.9840308666881241
    outer loop
      vertex 82.53697765626907 0 0.048352666199207306
      vertex 82.92819403865337 91.6 0.11911842972040176
      vertex 82.92819403865337 0 0.11911842972040176
    endloop
  endfacet
  facet normal 0.2556166317615519 0 -0.9667782256375448
    outer loop
      vertex 82.92819403865337 0 0.11911842972040176
      vertex 83.31255137183666 91.6 0.22074269503355026
      vertex 83.31255137183666 0 0.22074269503355026
    endloop
  endfacet
  facet normal 0.33161927634733257 0 -0.9434133004971211
    outer loop
      vertex 83.31255137183666 0 0.22074269503355026
      vertex 83.68761961915493 91.6 0.3525829613208771
      vertex 83.68761961915493 0 0.3525829613208771
    endloop
  endfacet
  facet normal 0.40552531308267054 0 -0.9140838147835252
    outer loop
      vertex 83.68761961915493 0 0.3525829613208771
      vertex 84.05102749177217 91.6 0.5138056948781013
      vertex 84.05102749177217 0 0.5138056948781013
    endloop
  endfacet
  facet normal 0.6710984266390593 0 -0.7413682632555695
    outer loop
      vertex 85.34351037451029 0 1.4294920042157173
      vertex 85.04876818516254 0 1.1626866534352303
      vertex 85.34351037451029 91.6 1.4294920042157173
    endloop
  endfacet
  facet normal 0.7800573157896762 0 -0.6257080661802318
    outer loop
      vertex 85.86488282688856 0 2.028994858264923
      vertex 85.61612310268879 0 1.7188712507486343
      vertex 85.86488282688856 91.6 2.028994858264923
    endloop
  endfacet
  facet normal 0.7278788070013958 0 -0.6857057986616598
    outer loop
      vertex 85.34351037451029 0 1.4294920042157173
      vertex 85.61612310268879 91.6 1.7188712507486343
      vertex 85.61612310268879 0 1.7188712507486343
    endloop
  endfacet
  facet normal 0.5451947749826415 0 -0.8383094042963056
    outer loop
      vertex 84.73375999935865 0 0.9201420396566391
      vertex 84.40047739454508 0 0.7033915966749191
      vertex 84.73375999935865 91.6 0.9201420396566391
    endloop
  endfacet
  facet normal 0.476867506291045 0 -0.8789751881843764
    outer loop
      vertex 84.05102749177217 0 0.5138056948781013
      vertex 84.40047739454508 91.6 0.7033915966749191
      vertex 84.40047739454508 0 0.7033915966749191
    endloop
  endfacet
  facet normal 0.6100751413484075 0 -0.7923435630512314
    outer loop
      vertex 85.04876818516254 0 1.1626866534352303
      vertex 84.73375999935865 0 0.9201420396566391
      vertex 85.04876818516254 91.6 1.1626866534352303
    endloop
  endfacet
  facet normal 0 1 0
    outer loop
      vertex 1.1626866535186693 91.6 1.7945318147540092
      vertex 85.04876818516254 91.6 1.1626866534352303
      vertex 84.73375999935865 91.6 0.9201420396566391
    endloop
  endfacet
  facet normal 0 1 0
    outer loop
      vertex 1.4294920042991563 91.6 1.4997896254062653
      vertex 84.73375999935865 91.6 0.9201420396566391
      vertex 84.40047739454508 91.6 0.7033915966749191
    endloop
  endfacet
  facet normal 0 1 0
    outer loop
      vertex 2.028994858348362 91.6 0.9784171730279922
      vertex 84.05102749177217 91.6 0.5138056948781013
      vertex 83.68761961915493 91.6 0.3525829613208771
    endloop
  endfacet
  facet normal 0 1 0
    outer loop
      vertex 1.7188712508320734 91.6 1.2271768972277641
      vertex 84.40047739454508 91.6 0.7033915966749191
      vertex 84.05102749177217 91.6 0.5138056948781013
    endloop
  endfacet
  facet normal 0 1 0
    outer loop
      vertex 3.818277806127064 91.6 0.14165329933166504
      vertex 82.14137562372684 91.6 0.008892819285392761
      vertex 81.84329999991655 91.6 0
    endloop
  endfacet
  facet normal 0 1 0
    outer loop
      vertex 3.063644126141064 91.6 0.39017072319984436
      vertex 82.92819403865337 91.6 0.11911842972040176
      vertex 82.53697765626907 91.6 0.048352666199207306
    endloop
  endfacet
  facet normal 0 1 0
    outer loop
      vertex 3.4360169620156213 91.6 0.2508993446826935
      vertex 82.53697765626907 91.6 0.048352666199207306
      vertex 82.14137562372684 91.6 0.008892819285392761
    endloop
  endfacet
  facet normal 0 1 0
    outer loop
      vertex 2.3579021097063944 91.6 0.7550831884145737
      vertex 83.68761961915493 91.6 0.3525829613208771
      vertex 83.31255137183666 91.6 0.22074269503355026
    endloop
  endfacet
  facet normal 0 1 0
    outer loop
      vertex 2.703513555312149 91.6 0.5585869327187538
      vertex 83.31255137183666 91.6 0.22074269503355026
      vertex 82.92819403865337 91.6 0.11911842972040176
    endloop
  endfacet
  facet normal 0 1 0
    outer loop
      vertex 5.000000000083439 91.6 2.399999998509884
      vertex 81.84329999991655 91.6 2.399999998509884
      vertex 85.34351037451029 91.6 1.4294920042157173
    endloop
  endfacet
  facet normal 0 1 0
    outer loop
      vertex 0.9201420397400781 91.6 2.1095400005578995
      vertex 85.34351037451029 91.6 1.4294920042157173
      vertex 85.04876818516254 91.6 1.1626866534352303
    endloop
  endfacet
  facet normal 1 0 0
    outer loop
      vertex 86.84329999991655 91.6 35.599999999999994
      vertex 86.84329999991655 20.1 8.084799999999998
      vertex 86.84329999991655 91.6 5
    endloop
  endfacet
  facet normal 0 1 0
    outer loop
      vertex 86.84329999991655 91.6 35.599999999999994
      vertex 86.84329999991655 91.6 5
      vertex 86.82749419667721 91.6 4.602749161422253
    endloop
  endfacet
  facet normal 0 1 0
    outer loop
      vertex 86.84329999991655 91.6 35.599999999999994
      vertex 86.78017670669556 91.6 4.208009876310825
      vertex 84.44330000140667 91.6 5
    endloop
  endfacet
  facet normal 0 1 0
    outer loop
      vertex 86.84329999991655 91.6 35.599999999999994
      vertex 86.82749419667721 91.6 4.602749161422253
      vertex 86.78017670669556 91.6 4.208009876310825
    endloop
  endfacet
  facet normal 0.999209397410672 -1.1126033837148388e-16 -0.039756510488239416
    outer loop
      vertex 86.82955369647158 17.295066630840303 4.65451103698015
      vertex 86.82749419667721 91.6 4.602749161422253
      vertex 86.84329999991655 91.6 5
    endloop
  endfacet
  facet normal 0.9928920722640755 0 -0.11901820379736086
    outer loop
      vertex 86.78017670669556 0 4.208009876310825
      vertex 86.78017670669556 91.6 4.208009876310825
      vertex 86.82749419667721 91.6 4.602749161422253
    endloop
  endfacet
  facet normal 0.9802973684100422 0 -0.19752738921057522
    outer loop
      vertex 86.70164670058489 0 3.818277806043625
      vertex 86.70164670058489 91.6 3.818277806043625
      vertex 86.78017670669556 91.6 4.208009876310825
    endloop
  endfacet
  facet normal 0.9615049021262984 0 -0.27478777845293173
    outer loop
      vertex 86.59240065523386 0 3.4360169619321823
      vertex 86.59240065523386 91.6 3.4360169619321823
      vertex 86.70164670058489 91.6 3.818277806043625
    endloop
  endfacet
  facet normal 0.9366335029173919 0 -0.3503108351345932
    outer loop
      vertex 86.45312927671671 0 3.063644126057625
      vertex 86.45312927671671 91.6 3.063644126057625
      vertex 86.59240065523386 91.6 3.4360169619321823
    endloop
  endfacet
  facet normal 0.9058403931113354 0 -0.4236191475935682
    outer loop
      vertex 86.2847130671978 0 2.70351355522871
      vertex 86.2847130671978 91.6 2.70351355522871
      vertex 86.45312927671671 91.6 3.063644126057625
    endloop
  endfacet
  facet normal 0.8693202715049775 0 -0.494249193778313
    outer loop
      vertex 86.08821681150198 0 2.3579021096229553
      vertex 86.08821681150198 91.6 2.3579021096229553
      vertex 86.2847130671978 91.6 2.70351355522871
    endloop
  endfacet
  facet normal 0.02982083599819606 0 -0.9995552599733387
    outer loop
      vertex 81.84329999991655 0 0
      vertex 81.84329999991655 91.6 0
      vertex 82.14137562372684 91.6 0.008892819285392761
    endloop
  endfacet
  facet normal 0.09925378775462776 0 -0.9950621516349415
    outer loop
      vertex 82.14137562372684 0 0.008892819285392761
      vertex 82.14137562372684 91.6 0.008892819285392761
      vertex 82.53697765626907 91.6 0.048352666199207306
    endloop
  endfacet
  facet normal 0.17799790281073452 0 -0.9840308666881241
    outer loop
      vertex 82.53697765626907 0 0.048352666199207306
      vertex 82.53697765626907 91.6 0.048352666199207306
      vertex 82.92819403865337 91.6 0.11911842972040176
    endloop
  endfacet
  facet normal 0.2556166317615519 0 -0.9667782256375448
    outer loop
      vertex 82.92819403865337 0 0.11911842972040176
      vertex 82.92819403865337 91.6 0.11911842972040176
      vertex 83.31255137183666 91.6 0.22074269503355026
    endloop
  endfacet
  facet normal 0.33161927634733257 0 -0.9434133004971211
    outer loop
      vertex 83.31255137183666 0 0.22074269503355026
      vertex 83.31255137183666 91.6 0.22074269503355026
      vertex 83.68761961915493 91.6 0.3525829613208771
    endloop
  endfacet
  facet normal 0.40552531308267054 0 -0.9140838147835252
    outer loop
      vertex 83.68761961915493 0 0.3525829613208771
      vertex 83.68761961915493 91.6 0.3525829613208771
      vertex 84.05102749177217 91.6 0.5138056948781013
    endloop
  endfacet
  facet normal 0.7278788070013958 0 -0.6857057986616598
    outer loop
      vertex 85.34351037451029 0 1.4294920042157173
      vertex 85.34351037451029 91.6 1.4294920042157173
      vertex 85.61612310268879 91.6 1.7188712507486343
    endloop
  endfacet
  facet normal 0.6710984266390593 0 -0.7413682632555695
    outer loop
      vertex 85.04876818516254 0 1.1626866534352303
      vertex 85.04876818516254 91.6 1.1626866534352303
      vertex 85.34351037451029 91.6 1.4294920042157173
    endloop
  endfacet
  facet normal 0.8273040309641815 0 -0.5617544306460045
    outer loop
      vertex 85.86488282688856 0 2.028994858264923
      vertex 85.86488282688856 91.6 2.028994858264923
      vertex 86.08821681150198 91.6 2.3579021096229553
    endloop
  endfacet
  facet normal 0.7800573157896762 0 -0.6257080661802318
    outer loop
      vertex 85.61612310268879 0 1.7188712507486343
      vertex 85.61612310268879 91.6 1.7188712507486343
      vertex 85.86488282688856 91.6 2.028994858264923
    endloop
  endfacet
  facet normal 0.476867506291045 0 -0.8789751881843764
    outer loop
      vertex 84.05102749177217 0 0.5138056948781013
      vertex 84.05102749177217 91.6 0.5138056948781013
      vertex 84.40047739454508 91.6 0.7033915966749191
    endloop
  endfacet
  facet normal 0.5451947749826415 0 -0.8383094042963056
    outer loop
      vertex 84.40047739454508 0 0.7033915966749191
      vertex 84.40047739454508 91.6 0.7033915966749191
      vertex 84.73375999935865 91.6 0.9201420396566391
    endloop
  endfacet
  facet normal 0.6100751413484075 0 -0.7923435630512314
    outer loop
      vertex 84.73375999935865 0 0.9201420396566391
      vertex 84.73375999935865 91.6 0.9201420396566391
      vertex 85.04876818516254 91.6 1.1626866534352303
    endloop
  endfacet
  facet normal 0 1 0
    outer loop
      vertex 84.44330000140667 91.6 5
      vertex 86.78017670669556 91.6 4.208009876310825
      vertex 84.41282910116911 91.6 4.6031118631362915
    endloop
  endfacet
  facet normal 0 1 0
    outer loop
      vertex 81.84329999991655 91.6 2.399999998509884
      vertex 81.94288710513115 91.6 2.401907928287983
      vertex 86.08821681150198 91.6 2.3579021096229553
    endloop
  endfacet
  facet normal 0 1 0
    outer loop
      vertex 82.72214388110638 91.6 2.5530358776450157
      vertex 83.08537153162956 91.6 2.7158681452274323
      vertex 86.08821681150198 91.6 2.3579021096229553
    endloop
  endfacet
  facet normal 0 1 0
    outer loop
      vertex 81.94288710513115 91.6 2.401907928287983
      vertex 82.33831688024998 91.6 2.4475583657622337
      vertex 86.08821681150198 91.6 2.3579021096229553
    endloop
  endfacet
  facet normal 0 1 0
    outer loop
      vertex 82.72214388110638 91.6 2.5530358776450157
      vertex 86.08821681150198 91.6 2.3579021096229553
      vertex 82.33831688024998 91.6 2.4475583657622337
    endloop
  endfacet
  facet normal 0 1 0
    outer loop
      vertex 84.41282910116911 91.6 4.6031118631362915
      vertex 86.70164670058489 91.6 3.818277806043625
      vertex 84.32213062056303 91.6 4.215526446700096
    endloop
  endfacet
  facet normal 0 1 0
    outer loop
      vertex 84.32213062056303 91.6 4.215526446700096
      vertex 86.70164670058489 91.6 3.818277806043625
      vertex 84.17333044865131 91.6 3.8463284224271774
    endloop
  endfacet
  facet normal 0 1 0
    outer loop
      vertex 83.96991633632183 91.6 3.50417148321867
      vertex 84.17333044865131 91.6 3.8463284224271774
      vertex 86.59240065523386 91.6 3.4360169619321823
    endloop
  endfacet
  facet normal 0 1 0
    outer loop
      vertex 84.41282910116911 91.6 4.6031118631362915
      vertex 86.78017670669556 91.6 4.208009876310825
      vertex 86.70164670058489 91.6 3.818277806043625
    endloop
  endfacet
  facet normal 0 1 0
    outer loop
      vertex 84.17333044865131 91.6 3.8463284224271774
      vertex 86.70164670058489 91.6 3.818277806043625
      vertex 86.59240065523386 91.6 3.4360169619321823
    endloop
  endfacet
  facet normal 0 1 0
    outer loop
      vertex 83.96991633632183 91.6 3.50417148321867
      vertex 86.45312927671671 91.6 3.063644126057625
      vertex 83.71665614106655 91.6 3.1970755010843277
    endloop
  endfacet
  facet normal 0 1 0
    outer loop
      vertex 83.41948606827259 91.6 2.932238534092903
      vertex 83.71665614106655 91.6 3.1970755010843277
      vertex 86.2847130671978 91.6 2.70351355522871
    endloop
  endfacet
  facet normal 0 1 0
    outer loop
      vertex 83.71665614106655 91.6 3.1970755010843277
      vertex 86.45312927671671 91.6 3.063644126057625
      vertex 86.2847130671978 91.6 2.70351355522871
    endloop
  endfacet
  facet normal 0 1 0
    outer loop
      vertex 83.41948606827259 91.6 2.932238534092903
      vertex 86.08821681150198 91.6 2.3579021096229553
      vertex 83.08537153162956 91.6 2.7158681452274323
    endloop
  endfacet
  facet normal 0 1 0
    outer loop
      vertex 81.84329999991655 91.6 2.399999998509884
      vertex 86.08821681150198 91.6 2.3579021096229553
      vertex 85.86488282688856 91.6 2.028994858264923
    endloop
  endfacet
  facet normal 0 1 0
    outer loop
      vertex 83.41948606827259 91.6 2.932238534092903
      vertex 86.2847130671978 91.6 2.70351355522871
      vertex 86.08821681150198 91.6 2.3579021096229553
    endloop
  endfacet
  facet normal 0 1 0
    outer loop
      vertex 83.96991633632183 91.6 3.50417148321867
      vertex 86.59240065523386 91.6 3.4360169619321823
      vertex 86.45312927671671 91.6 3.063644126057625
    endloop
  endfacet
  facet normal 0 1 0
    outer loop
      vertex 81.84329999991655 91.6 2.399999998509884
      vertex 85.86488282688856 91.6 2.028994858264923
      vertex 85.61612310268879 91.6 1.7188712507486343
    endloop
  endfacet
  facet normal 0 1 0
    outer loop
      vertex 81.84329999991655 91.6 2.399999998509884
      vertex 85.61612310268879 91.6 1.7188712507486343
      vertex 85.34351037451029 91.6 1.4294920042157173
    endloop
  endfacet
  facet normal 1 0 0
    outer loop
      vertex 2.399999998593323 11 35.599999999999994
      vertex 2.399999998593323 11 34.09136487237983
      vertex 2.399999998593323 74.35 35.599999999999994
    endloop
  endfacet
  facet normal 1 0 0
    outer loop
      vertex 2.399999998593323 0 35.599999999999994
      vertex 2.399999998593323 0 5
      vertex 2.399999998593323 2.75 35.599999999999994
    endloop
  endfacet
  facet normal 1 0 0
    outer loop
      vertex 2.399999998593323 0 5
      vertex 2.399999998593323 2.75 34.09136487237983
      vertex 2.399999998593323 2.75 35.599999999999994
    endloop
  endfacet
  facet normal 1 0 0
    outer loop
      vertex 2.399999998593323 85.6 5
      vertex 2.399999998593323 11 34.09136487237983
      vertex 2.399999998593323 2.75 34.09136487237983
    endloop
  endfacet
  facet normal 1 0 0
    outer loop
      vertex 2.399999998593323 74.35 35.599999999999994
      vertex 2.399999998593323 11 34.09136487237983
      vertex 2.399999998593323 74.35 34.09136487237983
    endloop
  endfacet
  facet normal 1 0 0
    outer loop
      vertex 2.399999998593323 85.6 5
      vertex 2.399999998593323 74.35 34.09136487237983
      vertex 2.399999998593323 11 34.09136487237983
    endloop
  endfacet
  facet normal 1 0 0
    outer loop
      vertex 2.399999998593323 91.6 35.599999999999994
      vertex 2.399999998593323 88.6 35.599999999999994
      vertex 2.399999998593323 91.6 5
    endloop
  endfacet
  facet normal 1 0 0
    outer loop
      vertex 2.399999998593323 91.6 5
      vertex 2.399999998593323 88.6 35.599999999999994
      vertex 2.399999998593323 88.6 34.09136487237983
    endloop
  endfacet
  facet normal 1 0 0
    outer loop
      vertex 2.399999998593323 85.6 5
      vertex 2.399999998593323 85.6 34.09136487237983
      vertex 2.399999998593323 74.35 34.09136487237983
    endloop
  endfacet
  facet normal 1 0 0
    outer loop
      vertex 2.399999998593323 0 5
      vertex 2.399999998593323 85.6 5
      vertex 2.399999998593323 2.75 34.09136487237983
    endloop
  endfacet
  facet normal 0.9998165283249308 0 0.01915488679901077
    outer loop
      vertex 2.399999998593323 0 5
      vertex 2.401907928371422 0 4.900412894785404
      vertex 2.399999998593323 85.6 5
    endloop
  endfacet
  facet normal 0.9934020900851753 0 0.11468342257887831
    outer loop
      vertex 2.401907928371422 0 4.900412894785404
      vertex 2.4475583658456728 0 4.504983119666576
      vertex 2.401907928371422 85.6 4.900412894785404
    endloop
  endfacet
  facet normal 0.9642534926212312 0 0.26498151250183
    outer loop
      vertex 2.4475583658456728 0 4.504983119666576
      vertex 2.5530358777284548 0 4.121156118810177
      vertex 2.4475583658456728 85.6 4.504983119666576
    endloop
  endfacet
  facet normal 0.9125036236028311 0 0.40906862127484517
    outer loop
      vertex 2.5530358777284548 0 4.121156118810177
      vertex 2.7158681453108713 0 3.757928468286991
      vertex 2.5530358777284548 85.6 4.121156118810177
    endloop
  endfacet
  facet normal 0.8393654212848335 0 0.543567557486035
    outer loop
      vertex 2.7158681453108713 0 3.757928468286991
      vertex 2.932238534176342 0 3.423813931643963
      vertex 2.7158681453108713 85.6 3.757928468286991
    endloop
  endfacet
  facet normal 0.7465532146596288 0 0.6653257079666879
    outer loop
      vertex 2.932238534176342 0 3.423813931643963
      vertex 3.1970755011677667 0 3.1266438588500023
      vertex 2.932238534176342 85.6 3.423813931643963
    endloop
  endfacet
  facet normal 0.6362424473990902 0 0.771489175638658
    outer loop
      vertex 3.1970755011677667 0 3.1266438588500023
      vertex 3.504171483302109 0 2.8733836635947227
      vertex 3.1970755011677667 85.6 3.1266438588500023
    endloop
  endfacet
  facet normal 0.5110186823681713 0 0.859569605250615
    outer loop
      vertex 3.504171483302109 0 2.8733836635947227
      vertex 3.8463284225106165 0 2.6699695512652397
      vertex 3.504171483302109 85.6 2.8733836635947227
    endloop
  endfacet
  facet normal 0.37381707139672676 0 0.9275024512810597
    outer loop
      vertex 3.8463284225106165 0 2.6699695512652397
      vertex 4.215526446783535 0 2.5211693793535233
      vertex 3.8463284225106165 85.6 2.6699695512652397
    endloop
  endfacet
  facet normal 0.22785350495053006 0 0.9736954248027248
    outer loop
      vertex 4.215526446783535 0 2.5211693793535233
      vertex 4.6031118632197305 0 2.430470898747444
      vertex 4.215526446783535 85.6 2.5211693793535233
    endloop
  endfacet
  facet normal 0.07654925840115992 0 0.997065800756516
    outer loop
      vertex 4.6031118632197305 0 2.430470898747444
      vertex 5.000000000083439 0 2.399999998509884
      vertex 4.6031118632197305 85.6 2.430470898747444
    endloop
  endfacet
  facet normal 0 0 1
    outer loop
      vertex 5.000000000083439 0 2.399999998509884
      vertex 49.160099999999986 9.399999998509884 2.399999998509884
      vertex 5.000000000083439 85.6 2.399999998509884
    endloop
  endfacet
  facet normal 0 0 1
    outer loop
      vertex 5.000000000083439 0 2.399999998509884
      vertex 49.777416566407666 8.476120464503765 2.399999998509884
      vertex 49.452993216013894 8.692893214523792 2.399999998509884
    endloop
  endfacet
  facet normal 0 0 1
    outer loop
      vertex 5.000000000083439 0 2.399999998509884
      vertex 50.160099999999986 8.399999998509884 2.399999998509884
      vertex 49.777416566407666 8.476120464503765 2.399999998509884
    endloop
  endfacet
  facet normal 0 0 1
    outer loop
      vertex 5.000000000083439 0 2.399999998509884
      vertex 49.452993216013894 8.692893214523792 2.399999998509884
      vertex 49.23622046599387 9.017316564917564 2.399999998509884
    endloop
  endfacet
  facet normal 0 0 1
    outer loop
      vertex 5.000000000083439 0 2.399999998509884
      vertex 49.23622046599387 9.017316564917564 2.399999998509884
      vertex 49.160099999999986 9.399999998509884 2.399999998509884
    endloop
  endfacet
  facet normal 0 0 1
    outer loop
      vertex 5.000000000083439 0 2.399999998509884
      vertex 61.160099999999986 8.399999998509884 2.399999998509884
      vertex 50.160099999999986 8.399999998509884 2.399999998509884
    endloop
  endfacet
  facet normal 0 0 1
    outer loop
      vertex 5.000000000083439 85.6 2.399999998509884
      vertex 49.160099999999986 9.399999998509884 2.399999998509884
      vertex 49.160099999999986 10.600000001490116 2.399999998509884
    endloop
  endfacet
  facet normal 0 0 1
    outer loop
      vertex 5.000000000083439 85.6 2.399999998509884
      vertex 49.160099999999986 10.600000001490116 2.399999998509884
      vertex 49.23622046599387 10.982683435082436 2.399999998509884
    endloop
  endfacet
  facet normal 0 0 1
    outer loop
      vertex 5.000000000083439 85.6 2.399999998509884
      vertex 49.23622046599387 10.982683435082436 2.399999998509884
      vertex 49.452993216013894 11.307106785476208 2.399999998509884
    endloop
  endfacet
  facet normal 0 0 1
    outer loop
      vertex 5.000000000083439 85.6 2.399999998509884
      vertex 49.452993216013894 11.307106785476208 2.399999998509884
      vertex 49.777416566407666 11.523879535496235 2.399999998509884
    endloop
  endfacet
  facet normal 0 0 1
    outer loop
      vertex 5.000000000083439 85.6 2.399999998509884
      vertex 49.777416566407666 11.523879535496235 2.399999998509884
      vertex 50.160099999999986 11.600000001490116 2.399999998509884
    endloop
  endfacet
  facet normal 0 0 1
    outer loop
      vertex 5.000000000083439 85.6 2.399999998509884
      vertex 50.160099999999986 11.600000001490116 2.399999998509884
      vertex 61.160099999999986 11.600000001490116 2.399999998509884
    endloop
  endfacet
  facet normal 0 0 1
    outer loop
      vertex 5.000000000083439 85.6 2.399999998509884
      vertex 61.160099999999986 11.600000001490116 2.399999998509884
      vertex 61.542783433592305 11.523879535496235 2.399999998509884
    endloop
  endfacet
  facet normal 1 0 0
    outer loop
      vertex 2.399999998593323 88.6 5
      vertex 2.399999998593323 91.6 5
      vertex 2.399999998593323 88.6 34.09136487237983
    endloop
  endfacet
  facet normal 0.9998165283249308 0 0.01915488679901077
    outer loop
      vertex 2.401907928371422 0 4.900412894785404
      vertex 2.401907928371422 85.6 4.900412894785404
      vertex 2.399999998593323 85.6 5
    endloop
  endfacet
  facet normal 0.9934020900851753 0 0.11468342257887831
    outer loop
      vertex 2.4475583658456728 0 4.504983119666576
      vertex 2.4475583658456728 85.6 4.504983119666576
      vertex 2.401907928371422 85.6 4.900412894785404
    endloop
  endfacet
  facet normal 0.9642534926212312 0 0.26498151250183
    outer loop
      vertex 2.5530358777284548 0 4.121156118810177
      vertex 2.5530358777284548 85.6 4.121156118810177
      vertex 2.4475583658456728 85.6 4.504983119666576
    endloop
  endfacet
  facet normal 0.9125036236028311 0 0.40906862127484517
    outer loop
      vertex 2.7158681453108713 0 3.757928468286991
      vertex 2.7158681453108713 85.6 3.757928468286991
      vertex 2.5530358777284548 85.6 4.121156118810177
    endloop
  endfacet
  facet normal 0.8393654212848335 0 0.543567557486035
    outer loop
      vertex 2.932238534176342 0 3.423813931643963
      vertex 2.932238534176342 85.6 3.423813931643963
      vertex 2.7158681453108713 85.6 3.757928468286991
    endloop
  endfacet
  facet normal 0.7465532146596288 0 0.6653257079666879
    outer loop
      vertex 3.1970755011677667 0 3.1266438588500023
      vertex 3.1970755011677667 85.6 3.1266438588500023
      vertex 2.932238534176342 85.6 3.423813931643963
    endloop
  endfacet
  facet normal 0.6362424473990902 0 0.771489175638658
    outer loop
      vertex 3.504171483302109 0 2.8733836635947227
      vertex 3.504171483302109 85.6 2.8733836635947227
      vertex 3.1970755011677667 85.6 3.1266438588500023
    endloop
  endfacet
  facet normal 0.5110186823681713 0 0.859569605250615
    outer loop
      vertex 3.8463284225106165 0 2.6699695512652397
      vertex 3.8463284225106165 85.6 2.6699695512652397
      vertex 3.504171483302109 85.6 2.8733836635947227
    endloop
  endfacet
  facet normal 0.37381707139672676 0 0.9275024512810597
    outer loop
      vertex 4.215526446783535 0 2.5211693793535233
      vertex 4.215526446783535 85.6 2.5211693793535233
      vertex 3.8463284225106165 85.6 2.6699695512652397
    endloop
  endfacet
  facet normal 0.22785350495053006 0 0.9736954248027248
    outer loop
      vertex 4.6031118632197305 0 2.430470898747444
      vertex 4.6031118632197305 85.6 2.430470898747444
      vertex 4.215526446783535 85.6 2.5211693793535233
    endloop
  endfacet
  facet normal 0.07654925840115992 0 0.997065800756516
    outer loop
      vertex 5.000000000083439 0 2.399999998509884
      vertex 5.000000000083439 85.6 2.399999998509884
      vertex 4.6031118632197305 85.6 2.430470898747444
    endloop
  endfacet
  facet normal 0.9998165283249307 0 0.01915488679901077
    outer loop
      vertex 2.399999998593323 88.6 5
      vertex 2.401907928371422 88.6 4.900412894785404
      vertex 2.399999998593323 91.6 5
    endloop
  endfacet
  facet normal 0.9934020900851751 0 0.11468342257887829
    outer loop
      vertex 2.401907928371422 88.6 4.900412894785404
      vertex 2.4475583658456728 88.6 4.504983119666576
      vertex 2.401907928371422 91.6 4.900412894785404
    endloop
  endfacet
  facet normal 0.9998165283249307 0 0.01915488679901077
    outer loop
      vertex 2.401907928371422 88.6 4.900412894785404
      vertex 2.401907928371422 91.6 4.900412894785404
      vertex 2.399999998593323 91.6 5
    endloop
  endfacet
  facet normal 0.9934020900851751 0 0.11468342257887829
    outer loop
      vertex 2.4475583658456728 88.6 4.504983119666576
      vertex 2.4475583658456728 91.6 4.504983119666576
      vertex 2.401907928371422 91.6 4.900412894785404
    endloop
  endfacet
  facet normal 0.9642534926212311 0 0.26498151250182994
    outer loop
      vertex 2.4475583658456728 88.6 4.504983119666576
      vertex 2.5530358777284548 88.6 4.121156118810177
      vertex 2.4475583658456728 91.6 4.504983119666576
    endloop
  endfacet
  facet normal 0.9125036236028311 0 0.40906862127484517
    outer loop
      vertex 2.5530358777284548 88.6 4.121156118810177
      vertex 2.7158681453108713 88.6 3.757928468286991
      vertex 2.5530358777284548 91.6 4.121156118810177
    endloop
  endfacet
  facet normal 0.9642534926212311 0 0.26498151250182994
    outer loop
      vertex 2.4475583658456728 91.6 4.504983119666576
      vertex 2.5530358777284548 88.6 4.121156118810177
      vertex 2.5530358777284548 91.6 4.121156118810177
    endloop
  endfacet
  facet normal 0.9125036236028311 0 0.40906862127484517
    outer loop
      vertex 2.5530358777284548 91.6 4.121156118810177
      vertex 2.7158681453108713 88.6 3.757928468286991
      vertex 2.7158681453108713 91.6 3.757928468286991
    endloop
  endfacet
  facet normal 0.8393654212848336 0 0.543567557486035
    outer loop
      vertex 2.7158681453108713 88.6 3.757928468286991
      vertex 2.932238534176342 88.6 3.423813931643963
      vertex 2.7158681453108713 91.6 3.757928468286991
    endloop
  endfacet
  facet normal 0.8393654212848336 0 0.543567557486035
    outer loop
      vertex 2.932238534176342 88.6 3.423813931643963
      vertex 2.932238534176342 91.6 3.423813931643963
      vertex 2.7158681453108713 91.6 3.757928468286991
    endloop
  endfacet
  facet normal 0.7465532146596287 0 0.6653257079666879
    outer loop
      vertex 2.932238534176342 88.6 3.423813931643963
      vertex 3.1970755011677667 88.6 3.1266438588500023
      vertex 2.932238534176342 91.6 3.423813931643963
    endloop
  endfacet
  facet normal 0.6362424473990902 0 0.7714891756386579
    outer loop
      vertex 3.1970755011677667 88.6 3.1266438588500023
      vertex 3.504171483302109 88.6 2.8733836635947227
      vertex 3.1970755011677667 91.6 3.1266438588500023
    endloop
  endfacet
  facet normal 0.5110186823681713 0 0.8595696052506151
    outer loop
      vertex 3.504171483302109 88.6 2.8733836635947227
      vertex 3.8463284225106165 88.6 2.6699695512652397
      vertex 3.504171483302109 91.6 2.8733836635947227
    endloop
  endfacet
  facet normal 0.7465532146596287 0 0.6653257079666879
    outer loop
      vertex 2.932238534176342 91.6 3.423813931643963
      vertex 3.1970755011677667 88.6 3.1266438588500023
      vertex 3.1970755011677667 91.6 3.1266438588500023
    endloop
  endfacet
  facet normal 0.6362424473990902 0 0.7714891756386579
    outer loop
      vertex 3.504171483302109 88.6 2.8733836635947227
      vertex 3.504171483302109 91.6 2.8733836635947227
      vertex 3.1970755011677667 91.6 3.1266438588500023
    endloop
  endfacet
  facet normal 0.37381707139672676 0 0.9275024512810598
    outer loop
      vertex 3.8463284225106165 88.6 2.6699695512652397
      vertex 4.215526446783535 88.6 2.5211693793535233
      vertex 3.8463284225106165 91.6 2.6699695512652397
    endloop
  endfacet
  facet normal 0.5110186823681713 0 0.8595696052506151
    outer loop
      vertex 3.8463284225106165 88.6 2.6699695512652397
      vertex 3.8463284225106165 91.6 2.6699695512652397
      vertex 3.504171483302109 91.6 2.8733836635947227
    endloop
  endfacet
  facet normal 0.22785350495053003 0 0.9736954248027249
    outer loop
      vertex 4.215526446783535 88.6 2.5211693793535233
      vertex 4.6031118632197305 88.6 2.430470898747444
      vertex 4.215526446783535 91.6 2.5211693793535233
    endloop
  endfacet
  facet normal 0.07654925840115992 0 0.997065800756516
    outer loop
      vertex 4.6031118632197305 88.6 2.430470898747444
      vertex 5.000000000083439 88.6 2.399999998509884
      vertex 4.6031118632197305 91.6 2.430470898747444
    endloop
  endfacet
  facet normal 0.37381707139672676 0 0.9275024512810598
    outer loop
      vertex 4.215526446783535 88.6 2.5211693793535233
      vertex 4.215526446783535 91.6 2.5211693793535233
      vertex 3.8463284225106165 91.6 2.6699695512652397
    endloop
  endfacet
  facet normal 0.22785350495053003 0 0.9736954248027249
    outer loop
      vertex 4.6031118632197305 88.6 2.430470898747444
      vertex 4.6031118632197305 91.6 2.430470898747444
      vertex 4.215526446783535 91.6 2.5211693793535233
    endloop
  endfacet
  facet normal 0.07654925840115992 0 0.997065800756516
    outer loop
      vertex 5.000000000083439 88.6 2.399999998509884
      vertex 5.000000000083439 91.6 2.399999998509884
      vertex 4.6031118632197305 91.6 2.430470898747444
    endloop
  endfacet
  facet normal 0 0 1
    outer loop
      vertex 5.000000000083439 88.6 2.399999998509884
      vertex 81.84329999991655 88.6 2.399999998509884
      vertex 5.000000000083439 91.6 2.399999998509884
    endloop
  endfacet
  facet normal -1 0 0
    outer loop
      vertex 84.44330000140667 0 35.599999999999994
      vertex 84.44330000140667 2.75 35.599999999999994
      vertex 84.44330000140667 2.75 34.08495664713054
    endloop
  endfacet
  facet normal -1 0 0
    outer loop
      vertex 84.44330000140667 0 35.599999999999994
      vertex 84.44330000140667 2.75 34.08495664713054
      vertex 84.44330000140667 11.1 28.579999996721742
    endloop
  endfacet
  facet normal -1 0 0
    outer loop
      vertex 84.44330000140667 11.716830714046955 31.888550876080988
      vertex 84.44330000140667 11.531453220546245 31.538246332108972
      vertex 84.44330000140667 11 34.08495664713054
    endloop
  endfacet
  facet normal -1 0 0
    outer loop
      vertex 84.44330000140667 11.377761086821556 31.17292890548706
      vertex 84.44330000140667 11 34.08495664713054
      vertex 84.44330000140667 11.531453220546245 31.538246332108972
    endloop
  endfacet
  facet normal -1 0 0
    outer loop
      vertex 84.44330000140667 11.1 28.579999996721742
      vertex 84.44330000140667 2.75 34.08495664713054
      vertex 84.44330000140667 11 34.08495664713054
    endloop
  endfacet
  facet normal -1 0 0
    outer loop
      vertex 84.44330000140667 11.377761086821556 31.17292890548706
      vertex 84.44330000140667 11.256957179307937 30.79545770436525
      vertex 84.44330000140667 11 34.08495664713054
    endloop
  endfacet
  facet normal -1 0 0
    outer loop
      vertex 84.44330000140667 11.256957179307937 30.79545770436525
      vertex 84.44330000140667 11.169986939430236 30.408786951005457
      vertex 84.44330000140667 11 34.08495664713054
    endloop
  endfacet
  facet normal -1 0 0
    outer loop
      vertex 84.44330000140667 11.169986939430236 30.408786951005457
      vertex 84.44330000140667 11.117531037330627 30.01594287008047
      vertex 84.44330000140667 11 34.08495664713054
    endloop
  endfacet
  facet normal -1 0 0
    outer loop
      vertex 84.44330000140667 11.117531037330627 30.01594287008047
      vertex 84.44330000140667 11.1 29.620000003278253
      vertex 84.44330000140667 11 34.08495664713054
    endloop
  endfacet
  facet normal -1 0 0
    outer loop
      vertex 84.44330000140667 14.500464691221714 33.967988452315325
      vertex 84.44330000140667 11 35.599999999999994
      vertex 84.44330000140667 14.88896477818489 34.046383439004416
    endloop
  endfacet
  facet normal -1 0 0
    outer loop
      vertex 84.44330000140667 14.88896477818489 34.046383439004416
      vertex 84.44330000140667 11 35.599999999999994
      vertex 84.44330000140667 15.282873152196407 34.09013597518205
    endloop
  endfacet
  facet normal -1 0 0
    outer loop
      vertex 84.44330000140667 13.397465652227401 33.53240895867347
      vertex 84.44330000140667 11 34.08495664713054
      vertex 84.44330000140667 11 35.599999999999994
    endloop
  endfacet
  facet normal -1 0 0
    outer loop
      vertex 84.44330000140667 13.751785410940647 33.70999162495136
      vertex 84.44330000140667 13.397465652227401 33.53240895867347
      vertex 84.44330000140667 11 35.599999999999994
    endloop
  endfacet
  facet normal -1 0 0
    outer loop
      vertex 84.44330000140667 14.120413428544998 33.855564555525774
      vertex 84.44330000140667 11 35.599999999999994
      vertex 84.44330000140667 14.500464691221714 33.967988452315325
    endloop
  endfacet
  facet normal -1 0 0
    outer loop
      vertex 84.44330000140667 14.120413428544998 33.855564555525774
      vertex 84.44330000140667 13.751785410940647 33.70999162495136
      vertex 84.44330000140667 11 35.599999999999994
    endloop
  endfacet
  facet normal -1 0 0
    outer loop
      vertex 84.44330000140667 13.397465652227401 33.53240895867347
      vertex 84.44330000140667 13.060227191448211 33.32420639544725
      vertex 84.44330000140667 11 34.08495664713054
    endloop
  endfacet
  facet normal -1 0 0
    outer loop
      vertex 84.44330000140667 12.742709359526634 33.087013392150396
      vertex 84.44330000140667 11 34.08495664713054
      vertex 84.44330000140667 13.060227191448211 33.32420639544725
    endloop
  endfacet
  facet normal -1 0 0
    outer loop
      vertex 84.44330000140667 12.742709359526634 33.087013392150396
      vertex 84.44330000140667 12.447397178411483 32.82268630564212
      vertex 84.44330000140667 11 34.08495664713054
    endloop
  endfacet
  facet normal -1 0 0
    outer loop
      vertex 84.44330000140667 12.447397178411483 32.82268630564212
      vertex 84.44330000140667 12.176601855456829 32.53329386413097
      vertex 84.44330000140667 11 34.08495664713054
    endloop
  endfacet
  facet normal -1 0 0
    outer loop
      vertex 84.44330000140667 12.176601855456829 32.53329386413097
      vertex 84.44330000140667 11.932442745566368 32.22110093981027
      vertex 84.44330000140667 11 34.08495664713054
    endloop
  endfacet
  facet normal -1 0 0
    outer loop
      vertex 84.44330000140667 11.932442745566368 32.22110093981027
      vertex 84.44330000140667 11.716830714046955 31.888550876080988
      vertex 84.44330000140667 11 34.08495664713054
    endloop
  endfacet
  facet normal -1 0 0
    outer loop
      vertex 84.44330000140667 0 35.599999999999994
      vertex 84.44330000140667 11.1 28.579999996721742
      vertex 84.44330000140667 11.109864024817943 28.282873152196405
    endloop
  endfacet
  facet normal -1 0 0
    outer loop
      vertex 84.44330000140667 0 35.599999999999994
      vertex 84.44330000140667 11.109864024817943 28.282873152196405
      vertex 84.44330000140667 11.153616560995578 27.88896477818489
    endloop
  endfacet
  facet normal -1 0 0
    outer loop
      vertex 84.44330000140667 0 35.599999999999994
      vertex 84.44330000140667 11.153616560995578 27.88896477818489
      vertex 84.44330000140667 11.23201154768467 27.500464691221712
    endloop
  endfacet
  facet normal -1 0 0
    outer loop
      vertex 84.44330000140667 0 35.599999999999994
      vertex 84.44330000140667 11.23201154768467 27.500464691221712
      vertex 84.44330000140667 11.34443544447422 27.120413428544996
    endloop
  endfacet
  facet normal -1 0 0
    outer loop
      vertex 84.44330000140667 11.1 29.620000003278253
      vertex 84.44330000140667 11.1 28.579999996721742
      vertex 84.44330000140667 11 34.08495664713054
    endloop
  endfacet
  facet normal -1 0 0
    outer loop
      vertex 84.44330000140667 0 35.599999999999994
      vertex 84.44330000140667 11.34443544447422 27.120413428544996
      vertex 84.44330000140667 9.937060771882534 18.195940467226503
    endloop
  endfacet
  facet normal -1 0 0
    outer loop
      vertex 84.44330000140667 15.282873152196407 34.09013597518205
      vertex 84.44330000140667 11 35.599999999999994
      vertex 84.44330000140667 60.53913181489061 35.599999999999994
    endloop
  endfacet
  facet normal -1 0 0
    outer loop
      vertex 84.44330000140667 15.282873152196407 34.09013597518205
      vertex 84.44330000140667 60.53913181489061 35.599999999999994
      vertex 84.44330000140667 15.579999996721744 34.099999999999994
    endloop
  endfacet
  facet normal -1 0 0
    outer loop
      vertex 84.44330000140667 15.579999996721744 34.099999999999994
      vertex 84.44330000140667 60.53913181489061 35.599999999999994
      vertex 84.44330000140667 15.620000003278255 34.099999999999994
    endloop
  endfacet
  facet normal -1 0 0
    outer loop
      vertex 84.44330000140667 15.620000003278255 34.099999999999994
      vertex 84.44330000140667 60.53913181489061 35.599999999999994
      vertex 84.44330000140667 16.015942870080472 34.08246896266937
    endloop
  endfacet
  facet normal -1 0 0
    outer loop
      vertex 84.44330000140667 16.015942870080472 34.08246896266937
      vertex 84.44330000140667 60.53913181489061 35.599999999999994
      vertex 84.44330000140667 16.40878695100546 34.03001306056976
    endloop
  endfacet
  facet normal -1 0 0
    outer loop
      vertex 84.44330000140667 16.40878695100546 34.03001306056976
      vertex 84.44330000140667 60.53913181489061 35.599999999999994
      vertex 84.44330000140667 16.795457704365255 33.94304282069206
    endloop
  endfacet
  facet normal -1 0 0
    outer loop
      vertex 84.44330000140667 16.795457704365255 33.94304282069206
      vertex 84.44330000140667 60.53913181489061 35.599999999999994
      vertex 84.44330000140667 17.172928905487062 33.82223891317844
    endloop
  endfacet
  facet normal -1 0 0
    outer loop
      vertex 84.44330000140667 17.172928905487062 33.82223891317844
      vertex 84.44330000140667 60.53913181489061 35.599999999999994
      vertex 84.44330000140667 17.538246332108976 33.66854677945375
    endloop
  endfacet
  facet normal -1 0 0
    outer loop
      vertex 84.44330000140667 17.538246332108976 33.66854677945375
      vertex 84.44330000140667 60.53913181489061 35.599999999999994
      vertex 84.44330000140667 17.88855087608099 33.48316928595304
    endloop
  endfacet
  facet normal -1 0 0
    outer loop
      vertex 84.44330000140667 17.88855087608099 33.48316928595304
      vertex 84.44330000140667 60.53913181489061 35.599999999999994
      vertex 84.44330000140667 18.221100939810277 33.267557254433626
    endloop
  endfacet
  facet normal -1 0 0
    outer loop
      vertex 84.44330000140667 18.221100939810277 33.267557254433626
      vertex 84.44330000140667 60.53913181489061 35.599999999999994
      vertex 84.44330000140667 18.533293864130975 33.023398144543165
    endloop
  endfacet
  facet normal -1 0 0
    outer loop
      vertex 84.44330000140667 18.533293864130975 33.023398144543165
      vertex 84.44330000140667 60.53913181489061 35.599999999999994
      vertex 84.44330000140667 18.82268630564213 32.75260282158851
    endloop
  endfacet
  facet normal -1 0 0
    outer loop
      vertex 84.44330000140667 18.82268630564213 32.75260282158851
      vertex 84.44330000140667 60.53913181489061 35.599999999999994
      vertex 84.44330000140667 19.087013392150403 32.45729064047336
    endloop
  endfacet
  facet normal -1 0 0
    outer loop
      vertex 84.44330000140667 19.087013392150403 32.45729064047336
      vertex 84.44330000140667 60.53913181489061 35.599999999999994
      vertex 84.44330000140667 19.324206395447256 32.13977280855178
    endloop
  endfacet
  facet normal -1 0 0
    outer loop
      vertex 84.44330000140667 19.324206395447256 32.13977280855178
      vertex 84.44330000140667 74.35 34.08495664713054
      vertex 84.44330000140667 19.53240895867348 31.802534347772596
    endloop
  endfacet
  facet normal -1 0 0
    outer loop
      vertex 84.44330000140667 19.53240895867348 31.802534347772596
      vertex 84.44330000140667 74.35 34.08495664713054
      vertex 84.44330000140667 19.709991624951364 31.44821458905935
    endloop
  endfacet
  facet normal -1 0 0
    outer loop
      vertex 84.44330000140667 19.709991624951364 31.44821458905935
      vertex 84.44330000140667 74.35 34.08495664713054
      vertex 84.44330000140667 19.85556455552578 31.079586571455
    endloop
  endfacet
  facet normal -1 0 0
    outer loop
      vertex 84.44330000140667 19.85556455552578 31.079586571455
      vertex 84.44330000140667 74.35 34.08495664713054
      vertex 84.44330000140667 19.967988452315332 30.699535308778284
    endloop
  endfacet
  facet normal -1 0 0
    outer loop
      vertex 84.44330000140667 19.967988452315332 30.699535308778284
      vertex 84.44330000140667 74.35 34.08495664713054
      vertex 84.44330000140667 20.046383439004423 30.311035221815107
    endloop
  endfacet
  facet normal -1 0 0
    outer loop
      vertex 84.44330000140667 20.046383439004423 30.311035221815107
      vertex 84.44330000140667 74.35 34.08495664713054
      vertex 84.44330000140667 20.090135975182058 29.91712684780359
    endloop
  endfacet
  facet normal -1 0 0
    outer loop
      vertex 84.44330000140667 11.34443544447422 27.120413428544996
      vertex 84.44330000140667 11.490008375048637 26.751785410940645
      vertex 84.44330000140667 9.937060771882534 18.195940467226503
    endloop
  endfacet
  facet normal -1 0 0
    outer loop
      vertex 84.44330000140667 11.490008375048637 26.751785410940645
      vertex 84.44330000140667 11.667591041326522 26.3974656522274
      vertex 84.44330000140667 10.185786439478397 18.4990135605216
    endloop
  endfacet
  facet normal -1 0 0
    outer loop
      vertex 84.44330000140667 11.667591041326522 26.3974656522274
      vertex 84.44330000140667 11.875793604552745 26.06022719144821
      vertex 84.44330000140667 10.488859532773494 18.747739228117464
    endloop
  endfacet
  facet normal -1 0 0
    outer loop
      vertex 84.44330000140667 11.875793604552745 26.06022719144821
      vertex 84.44330000140667 12.112986607849598 25.742709359526632
      vertex 84.44330000140667 10.488859532773494 18.747739228117464
    endloop
  endfacet
  facet normal -1 0 0
    outer loop
      vertex 84.44330000140667 12.112986607849598 25.742709359526632
      vertex 84.44330000140667 12.377313694357872 25.44739717841148
      vertex 84.44330000140667 10.83463313281536 18.932559068012235
    endloop
  endfacet
  facet normal -1 0 0
    outer loop
      vertex 84.44330000140667 12.377313694357872 25.44739717841148
      vertex 84.44330000140667 12.666706135869026 25.176601855456827
      vertex 84.44330000140667 10.83463313281536 18.932559068012235
    endloop
  endfacet
  facet normal -1 0 0
    outer loop
      vertex 84.44330000140667 12.666706135869026 25.176601855456827
      vertex 84.44330000140667 12.978899060189724 24.932442745566366
      vertex 84.44330000140667 11.2098193526268 19.046370560932157
    endloop
  endfacet
  facet normal -1 0 0
    outer loop
      vertex 84.44330000140667 12.978899060189724 24.932442745566366
      vertex 84.44330000140667 13.31144912391901 24.716830714046953
      vertex 84.44330000140667 11.6 19.084799999999998
    endloop
  endfacet
  facet normal -1 0 0
    outer loop
      vertex 84.44330000140667 13.31144912391901 24.716830714046953
      vertex 84.44330000140667 13.661753667891025 24.531453220546243
      vertex 84.44330000140667 11.6 19.084799999999998
    endloop
  endfacet
  facet normal -1 0 0
    outer loop
      vertex 84.44330000140667 13.661753667891025 24.531453220546243
      vertex 84.44330000140667 14.027071094512939 24.377761086821554
      vertex 84.44330000140667 11.6 19.084799999999998
    endloop
  endfacet
  facet normal -1 0 0
    outer loop
      vertex 84.44330000140667 14.027071094512939 24.377761086821554
      vertex 84.44330000140667 14.404542295634746 24.256957179307935
      vertex 84.44330000140667 11.6 19.084799999999998
    endloop
  endfacet
  facet normal -1 0 0
    outer loop
      vertex 84.44330000140667 14.404542295634746 24.256957179307935
      vertex 84.44330000140667 14.79121304899454 24.169986939430235
      vertex 84.44330000140667 11.6 19.084799999999998
    endloop
  endfacet
  facet normal -1 0 0
    outer loop
      vertex 84.44330000140667 14.79121304899454 24.169986939430235
      vertex 84.44330000140667 15.184057129919529 24.117531037330625
      vertex 84.44330000140667 11.6 19.084799999999998
    endloop
  endfacet
  facet normal -1 0 0
    outer loop
      vertex 84.44330000140667 15.184057129919529 24.117531037330625
      vertex 84.44330000140667 15.579999996721744 24.099999999999998
      vertex 84.44330000140667 11.6 19.084799999999998
    endloop
  endfacet
  facet normal -1 0 0
    outer loop
      vertex 84.44330000140667 15.579999996721744 24.099999999999998
      vertex 84.44330000140667 15.620000003278255 24.099999999999998
      vertex 84.44330000140667 11.6 19.084799999999998
    endloop
  endfacet
  facet normal -1 0 0
    outer loop
      vertex 84.44330000140667 15.620000003278255 24.099999999999998
      vertex 84.44330000140667 15.917126847803592 24.10986402481794
      vertex 84.44330000140667 11.6 19.084799999999998
    endloop
  endfacet
  facet normal -1 0 0
    outer loop
      vertex 84.44330000140667 17.448214589059354 24.490008375048635
      vertex 84.44330000140667 16.9901806473732 19.046370560932157
      vertex 84.44330000140667 17.079586571455003 24.344435444474218
    endloop
  endfacet
  facet normal -1 0 0
    outer loop
      vertex 84.44330000140667 17.079586571455003 24.344435444474218
      vertex 84.44330000140667 16.9901806473732 19.046370560932157
      vertex 84.44330000140667 16.699535308778287 24.232011547684667
    endloop
  endfacet
  facet normal -1 0 0
    outer loop
      vertex 84.44330000140667 15.917126847803592 24.10986402481794
      vertex 84.44330000140667 16.31103522181511 24.153616560995577
      vertex 84.44330000140667 16.6 19.084799999999998
    endloop
  endfacet
  facet normal -1 0 0
    outer loop
      vertex 84.44330000140667 16.699535308778287 24.232011547684667
      vertex 84.44330000140667 16.6 19.084799999999998
      vertex 84.44330000140667 16.31103522181511 24.153616560995577
    endloop
  endfacet
  facet normal -1 0 0
    outer loop
      vertex 84.44330000140667 18.13977280855179 24.875793604552744
      vertex 84.44330000140667 17.711140467226507 18.747739228117464
      vertex 84.44330000140667 17.8025343477726 24.66759104132652
    endloop
  endfacet
  facet normal -1 0 0
    outer loop
      vertex 84.44330000140667 17.8025343477726 24.66759104132652
      vertex 84.44330000140667 17.36536686718464 18.932559068012235
      vertex 84.44330000140667 17.448214589059354 24.490008375048635
    endloop
  endfacet
  facet normal -1 0 0
    outer loop
      vertex 84.44330000140667 11.490008375048637 26.751785410940645
      vertex 84.44330000140667 10.185786439478397 18.4990135605216
      vertex 84.44330000140667 9.937060771882534 18.195940467226503
    endloop
  endfacet
  facet normal -1 0 0
    outer loop
      vertex 84.44330000140667 11.667591041326522 26.3974656522274
      vertex 84.44330000140667 10.488859532773494 18.747739228117464
      vertex 84.44330000140667 10.185786439478397 18.4990135605216
    endloop
  endfacet
  facet normal -1 0 0
    outer loop
      vertex 84.44330000140667 12.112986607849598 25.742709359526632
      vertex 84.44330000140667 10.83463313281536 18.932559068012235
      vertex 84.44330000140667 10.488859532773494 18.747739228117464
    endloop
  endfacet
  facet normal -1 0 0
    outer loop
      vertex 84.44330000140667 0 35.599999999999994
      vertex 84.44330000140667 9.937060771882534 18.195940467226503
      vertex 84.44330000140667 0 5
    endloop
  endfacet
  facet normal -1 0 0
    outer loop
      vertex 84.44330000140667 12.666706135869026 25.176601855456827
      vertex 84.44330000140667 11.2098193526268 19.046370560932157
      vertex 84.44330000140667 10.83463313281536 18.932559068012235
    endloop
  endfacet
  facet normal -1 0 0
    outer loop
      vertex 84.44330000140667 12.978899060189724 24.932442745566366
      vertex 84.44330000140667 11.6 19.084799999999998
      vertex 84.44330000140667 11.2098193526268 19.046370560932157
    endloop
  endfacet
  facet normal -1 0 0
    outer loop
      vertex 84.44330000140667 15.917126847803592 24.10986402481794
      vertex 84.44330000140667 16.6 19.084799999999998
      vertex 84.44330000140667 11.6 19.084799999999998
    endloop
  endfacet
  facet normal -1 0 0
    outer loop
      vertex 84.44330000140667 16.699535308778287 24.232011547684667
      vertex 84.44330000140667 16.9901806473732 19.046370560932157
      vertex 84.44330000140667 16.6 19.084799999999998
    endloop
  endfacet
  facet normal -1 0 0
    outer loop
      vertex 84.44330000140667 17.448214589059354 24.490008375048635
      vertex 84.44330000140667 17.36536686718464 18.932559068012235
      vertex 84.44330000140667 16.9901806473732 19.046370560932157
    endloop
  endfacet
  facet normal -1 0 0
    outer loop
      vertex 84.44330000140667 17.8025343477726 24.66759104132652
      vertex 84.44330000140667 17.711140467226507 18.747739228117464
      vertex 84.44330000140667 17.36536686718464 18.932559068012235
    endloop
  endfacet
  facet normal -1 0 0
    outer loop
      vertex 84.44330000140667 20.090135975182058 29.91712684780359
      vertex 84.44330000140667 85.6 5
      vertex 84.44330000140667 20.1 29.620000003278253
    endloop
  endfacet
  facet normal -1 0 0
    outer loop
      vertex 84.44330000140667 20.1 29.620000003278253
      vertex 84.44330000140667 85.6 5
      vertex 84.44330000140667 20.1 28.579999996721742
    endloop
  endfacet
  facet normal -1 0 0
    outer loop
      vertex 84.44330000140667 20.1 28.579999996721742
      vertex 84.44330000140667 85.6 5
      vertex 84.44330000140667 20.082468962669374 28.184057129919527
    endloop
  endfacet
  facet normal -1 0 0
    outer loop
      vertex 84.44330000140667 20.082468962669374 28.184057129919527
      vertex 84.44330000140667 85.6 5
      vertex 84.44330000140667 20.030013060569765 27.79121304899454
    endloop
  endfacet
  facet normal -1 0 0
    outer loop
      vertex 84.44330000140667 20.030013060569765 27.79121304899454
      vertex 84.44330000140667 85.6 5
      vertex 84.44330000140667 19.943042820692064 27.404542295634744
    endloop
  endfacet
  facet normal -1 0 0
    outer loop
      vertex 84.44330000140667 19.943042820692064 27.404542295634744
      vertex 84.44330000140667 85.6 5
      vertex 84.44330000140667 19.822238913178445 27.027071094512937
    endloop
  endfacet
  facet normal -1 0 0
    outer loop
      vertex 84.44330000140667 19.822238913178445 27.027071094512937
      vertex 84.44330000140667 85.6 5
      vertex 84.44330000140667 19.668546779453756 26.661753667891023
    endloop
  endfacet
  facet normal -1 0 0
    outer loop
      vertex 84.44330000140667 19.483169285953046 26.311449123919008
      vertex 84.44330000140667 85.6 5
      vertex 84.44330000140667 19.267557254433633 25.978899060189722
    endloop
  endfacet
  facet normal -1 0 0
    outer loop
      vertex 84.44330000140667 19.668546779453756 26.661753667891023
      vertex 84.44330000140667 85.6 5
      vertex 84.44330000140667 19.483169285953046 26.311449123919008
    endloop
  endfacet
  facet normal -1 0 0
    outer loop
      vertex 84.44330000140667 19.267557254433633 25.978899060189722
      vertex 84.44330000140667 85.6 5
      vertex 84.44330000140667 19.023398144543172 25.666706135869024
    endloop
  endfacet
  facet normal -1 0 0
    outer loop
      vertex 84.44330000140667 19.023398144543172 25.666706135869024
      vertex 84.44330000140667 85.6 5
      vertex 84.44330000140667 18.752602821588518 25.37731369435787
    endloop
  endfacet
  facet normal -1 0 0
    outer loop
      vertex 84.44330000140667 18.457290640473367 25.112986607849596
      vertex 84.44330000140667 18.752602821588518 25.37731369435787
      vertex 84.44330000140667 85.6 5
    endloop
  endfacet
  facet normal -1 0 0
    outer loop
      vertex 84.44330000140667 18.457290640473367 25.112986607849596
      vertex 84.44330000140667 85.6 5
      vertex 84.44330000140667 18.13977280855179 24.875793604552744
    endloop
  endfacet
  facet normal -1 0 0
    outer loop
      vertex 84.44330000140667 19.324206395447256 32.13977280855178
      vertex 84.44330000140667 60.53913181489061 35.599999999999994
      vertex 84.44330000140667 74.35 34.08495664713054
    endloop
  endfacet
  facet normal -1 0 0
    outer loop
      vertex 84.44330000140667 60.53913181489061 35.599999999999994
      vertex 84.44330000140667 74.35 35.599999999999994
      vertex 84.44330000140667 74.35 34.08495664713054
    endloop
  endfacet
  facet normal -1 0 0
    outer loop
      vertex 84.44330000140667 91.6 35.599999999999994
      vertex 84.44330000140667 88.6 34.08495664713054
      vertex 84.44330000140667 88.6 35.599999999999994
    endloop
  endfacet
  facet normal -1 0 0
    outer loop
      vertex 84.44330000140667 20.090135975182058 29.91712684780359
      vertex 84.44330000140667 74.35 34.08495664713054
      vertex 84.44330000140667 85.6 5
    endloop
  endfacet
  facet normal -1 0 0
    outer loop
      vertex 84.44330000140667 91.6 35.599999999999994
      vertex 84.44330000140667 88.6 5
      vertex 84.44330000140667 88.6 34.08495664713054
    endloop
  endfacet
  facet normal -1 0 0
    outer loop
      vertex 84.44330000140667 85.6 5
      vertex 84.44330000140667 74.35 34.08495664713054
      vertex 84.44330000140667 85.6 34.08495664713054
    endloop
  endfacet
  facet normal 0 0 1
    outer loop
      vertex 5.000000000083439 0 2.399999998509884
      vertex 81.84329999991655 0 2.399999998509884
      vertex 61.160099999999986 8.399999998509884 2.399999998509884
    endloop
  endfacet
  facet normal 0 0 1
    outer loop
      vertex 5.000000000083439 85.6 2.399999998509884
      vertex 61.542783433592305 11.523879535496235 2.399999998509884
      vertex 81.84329999991655 0 2.399999998509884
    endloop
  endfacet
  facet normal -1 0 0
    outer loop
      vertex 84.44330000140667 9.937060771882534 18.195940467226503
      vertex 84.44330000140667 9.752240931987762 17.850166867184637
      vertex 84.44330000140667 0 5
    endloop
  endfacet
  facet normal -1 0 0
    outer loop
      vertex 84.44330000140667 9.752240931987762 17.850166867184637
      vertex 84.44330000140667 9.63842943906784 17.474980647373197
      vertex 84.44330000140667 0 5
    endloop
  endfacet
  facet normal -1 0 0
    outer loop
      vertex 84.44330000140667 9.63842943906784 17.474980647373197
      vertex 84.44330000140667 9.6 17.084799999999998
      vertex 84.44330000140667 0 5
    endloop
  endfacet
  facet normal -1 0 0
    outer loop
      vertex 84.44330000140667 9.6 17.084799999999998
      vertex 84.44330000140667 9.6 8.084799999999998
      vertex 84.44330000140667 0 5
    endloop
  endfacet
  facet normal -1 0 0
    outer loop
      vertex 84.44330000140667 18.13977280855179 24.875793604552744
      vertex 84.44330000140667 85.6 5
      vertex 84.44330000140667 17.711140467226507 18.747739228117464
    endloop
  endfacet
  facet normal -1 0 0
    outer loop
      vertex 84.44330000140667 17.711140467226507 18.747739228117464
      vertex 84.44330000140667 85.6 5
      vertex 84.44330000140667 18.014213560521604 18.4990135605216
    endloop
  endfacet
  facet normal -1 0 0
    outer loop
      vertex 84.44330000140667 18.014213560521604 18.4990135605216
      vertex 84.44330000140667 85.6 5
      vertex 84.44330000140667 18.262939228117467 18.195940467226503
    endloop
  endfacet
  facet normal -1 0 0
    outer loop
      vertex 84.44330000140667 18.262939228117467 18.195940467226503
      vertex 84.44330000140667 85.6 5
      vertex 84.44330000140667 18.44775906801224 17.850166867184637
    endloop
  endfacet
  facet normal -1 0 0
    outer loop
      vertex 84.44330000140667 18.44775906801224 17.850166867184637
      vertex 84.44330000140667 85.6 5
      vertex 84.44330000140667 18.56157056093216 17.474980647373197
    endloop
  endfacet
  facet normal -1 0 0
    outer loop
      vertex 84.44330000140667 18.56157056093216 17.474980647373197
      vertex 84.44330000140667 85.6 5
      vertex 84.44330000140667 18.6 17.084799999999998
    endloop
  endfacet
  facet normal -1 0 0
    outer loop
      vertex 84.44330000140667 18.6 17.084799999999998
      vertex 84.44330000140667 85.6 5
      vertex 84.44330000140667 18.6 8.084799999999998
    endloop
  endfacet
  facet normal 0 0 1
    outer loop
      vertex 61.160099999999986 8.399999998509884 2.399999998509884
      vertex 81.84329999991655 0 2.399999998509884
      vertex 61.542783433592305 8.476120464503765 2.399999998509884
    endloop
  endfacet
  facet normal 0 0 1
    outer loop
      vertex 61.542783433592305 8.476120464503765 2.399999998509884
      vertex 81.84329999991655 0 2.399999998509884
      vertex 61.86720678398608 8.692893214523792 2.399999998509884
    endloop
  endfacet
  facet normal 0 0 1
    outer loop
      vertex 61.86720678398608 8.692893214523792 2.399999998509884
      vertex 81.84329999991655 0 2.399999998509884
      vertex 62.083979534006104 9.017316564917564 2.399999998509884
    endloop
  endfacet
  facet normal 0 0 1
    outer loop
      vertex 62.083979534006104 9.017316564917564 2.399999998509884
      vertex 81.84329999991655 0 2.399999998509884
      vertex 62.160099999999986 9.399999998509884 2.399999998509884
    endloop
  endfacet
  facet normal 0 0 1
    outer loop
      vertex 62.160099999999986 9.399999998509884 2.399999998509884
      vertex 81.84329999991655 0 2.399999998509884
      vertex 62.160099999999986 10.600000001490116 2.399999998509884
    endloop
  endfacet
  facet normal 0 0 1
    outer loop
      vertex 61.86720678398608 11.307106785476208 2.399999998509884
      vertex 81.84329999991655 0 2.399999998509884
      vertex 61.542783433592305 11.523879535496235 2.399999998509884
    endloop
  endfacet
  facet normal 0 0 1
    outer loop
      vertex 61.86720678398608 11.307106785476208 2.399999998509884
      vertex 62.083979534006104 10.982683435082436 2.399999998509884
      vertex 81.84329999991655 0 2.399999998509884
    endloop
  endfacet
  facet normal 0 0 1
    outer loop
      vertex 62.160099999999986 10.600000001490116 2.399999998509884
      vertex 81.84329999991655 0 2.399999998509884
      vertex 62.083979534006104 10.982683435082436 2.399999998509884
    endloop
  endfacet
  facet normal -1 0 0
    outer loop
      vertex 84.44330000140667 9.6 8.084799999999998
      vertex 84.44330000140667 9.63842943906784 7.694619352626798
      vertex 84.44330000140667 0 5
    endloop
  endfacet
  facet normal -1 0 0
    outer loop
      vertex 84.44330000140667 9.63842943906784 7.694619352626798
      vertex 84.44330000140667 9.752240931987762 7.319433132815359
      vertex 84.44330000140667 0 5
    endloop
  endfacet
  facet normal -1 0 0
    outer loop
      vertex 84.44330000140667 9.752240931987762 7.319433132815359
      vertex 84.44330000140667 9.937060771882534 6.9736595327734925
      vertex 84.44330000140667 0 5
    endloop
  endfacet
  facet normal -1 0 0
    outer loop
      vertex 84.44330000140667 9.937060771882534 6.9736595327734925
      vertex 84.44330000140667 10.185786439478397 6.670586439478395
      vertex 84.44330000140667 0 5
    endloop
  endfacet
  facet normal -1 0 0
    outer loop
      vertex 84.44330000140667 0 5
      vertex 84.44330000140667 10.185786439478397 6.670586439478395
      vertex 84.44330000140667 10.488859532773494 6.421860771882532
    endloop
  endfacet
  facet normal -1 0 0
    outer loop
      vertex 84.44330000140667 0 5
      vertex 84.44330000140667 10.488859532773494 6.421860771882532
      vertex 84.44330000140667 10.83463313281536 6.23704093198776
    endloop
  endfacet
  facet normal -1 0 0
    outer loop
      vertex 84.44330000140667 0 5
      vertex 84.44330000140667 10.83463313281536 6.23704093198776
      vertex 84.44330000140667 11.2098193526268 6.123229439067838
    endloop
  endfacet
  facet normal -1 0 0
    outer loop
      vertex 84.44330000140667 0 5
      vertex 84.44330000140667 11.2098193526268 6.123229439067838
      vertex 84.44330000140667 11.6 6.084799999999998
    endloop
  endfacet
  facet normal -0.997065800756516 0 0.07654925840115992
    outer loop
      vertex 84.44330000140667 0 5
      vertex 84.41282910116911 85.6 4.6031118631362915
      vertex 84.41282910116911 0 4.6031118631362915
    endloop
  endfacet
  facet normal -1 0 0
    outer loop
      vertex 84.44330000140667 0 5
      vertex 84.44330000140667 11.6 6.084799999999998
      vertex 84.44330000140667 85.6 5
    endloop
  endfacet
  facet normal -1 0 0
    outer loop
      vertex 84.44330000140667 18.6 8.084799999999998
      vertex 84.44330000140667 85.6 5
      vertex 84.44330000140667 18.56157056093216 7.694619352626798
    endloop
  endfacet
  facet normal -1 0 0
    outer loop
      vertex 84.44330000140667 11.6 6.084799999999998
      vertex 84.44330000140667 16.6 6.084799999999998
      vertex 84.44330000140667 85.6 5
    endloop
  endfacet
  facet normal -1 0 0
    outer loop
      vertex 84.44330000140667 16.9901806473732 6.123229439067838
      vertex 84.44330000140667 17.36536686718464 6.23704093198776
      vertex 84.44330000140667 85.6 5
    endloop
  endfacet
  facet normal -1 0 0
    outer loop
      vertex 84.44330000140667 16.9901806473732 6.123229439067838
      vertex 84.44330000140667 85.6 5
      vertex 84.44330000140667 16.6 6.084799999999998
    endloop
  endfacet
  facet normal -1 0 0
    outer loop
      vertex 84.44330000140667 18.44775906801224 7.319433132815359
      vertex 84.44330000140667 85.6 5
      vertex 84.44330000140667 18.262939228117467 6.9736595327734925
    endloop
  endfacet
  facet normal -1 0 0
    outer loop
      vertex 84.44330000140667 18.56157056093216 7.694619352626798
      vertex 84.44330000140667 85.6 5
      vertex 84.44330000140667 18.44775906801224 7.319433132815359
    endloop
  endfacet
  facet normal -1 0 0
    outer loop
      vertex 84.44330000140667 18.262939228117467 6.9736595327734925
      vertex 84.44330000140667 85.6 5
      vertex 84.44330000140667 18.014213560521604 6.670586439478395
    endloop
  endfacet
  facet normal -1 0 0
    outer loop
      vertex 84.44330000140667 17.711140467226507 6.421860771882532
      vertex 84.44330000140667 18.014213560521604 6.670586439478395
      vertex 84.44330000140667 85.6 5
    endloop
  endfacet
  facet normal -1 0 0
    outer loop
      vertex 84.44330000140667 17.711140467226507 6.421860771882532
      vertex 84.44330000140667 85.6 5
      vertex 84.44330000140667 17.36536686718464 6.23704093198776
    endloop
  endfacet
  facet normal -0.859569605250615 0 0.5110186823681713
    outer loop
      vertex 83.96991633632183 0 3.50417148321867
      vertex 84.17333044865131 0 3.8463284224271774
      vertex 83.96991633632183 85.6 3.50417148321867
    endloop
  endfacet
  facet normal -0.01915488679901077 0 0.9998165283249308
    outer loop
      vertex 81.84329999991655 0 2.399999998509884
      vertex 81.94288710513115 0 2.401907928287983
      vertex 81.84329999991655 85.6 2.399999998509884
    endloop
  endfacet
  facet normal -0.11468342257887831 0 0.9934020900851753
    outer loop
      vertex 81.94288710513115 0 2.401907928287983
      vertex 82.33831688024998 0 2.4475583657622337
      vertex 81.94288710513115 85.6 2.401907928287983
    endloop
  endfacet
  facet normal -0.26498151250183 0 0.9642534926212312
    outer loop
      vertex 82.72214388110638 0 2.5530358776450157
      vertex 82.33831688024998 85.6 2.4475583657622337
      vertex 82.33831688024998 0 2.4475583657622337
    endloop
  endfacet
  facet normal -0.543567557486035 0 0.8393654212848335
    outer loop
      vertex 83.41948606827259 0 2.932238534092903
      vertex 83.08537153162956 85.6 2.7158681452274323
      vertex 83.08537153162956 0 2.7158681452274323
    endloop
  endfacet
  facet normal -0.771489175638658 0 0.6362424473990902
    outer loop
      vertex 83.96991633632183 0 3.50417148321867
      vertex 83.71665614106655 85.6 3.1970755010843277
      vertex 83.71665614106655 0 3.1970755010843277
    endloop
  endfacet
  facet normal -0.6653257079666879 0 0.7465532146596288
    outer loop
      vertex 83.41948606827259 0 2.932238534092903
      vertex 83.71665614106655 0 3.1970755010843277
      vertex 83.41948606827259 85.6 2.932238534092903
    endloop
  endfacet
  facet normal -0.40906862127484517 0 0.9125036236028311
    outer loop
      vertex 82.72214388110638 0 2.5530358776450157
      vertex 83.08537153162956 0 2.7158681452274323
      vertex 82.72214388110638 85.6 2.5530358776450157
    endloop
  endfacet
  facet normal -0.9736954248027248 0 0.22785350495053006
    outer loop
      vertex 84.41282910116911 0 4.6031118631362915
      vertex 84.32213062056303 85.6 4.215526446700096
      vertex 84.32213062056303 0 4.215526446700096
    endloop
  endfacet
  facet normal -0.9275024512810597 0 0.37381707139672676
    outer loop
      vertex 84.32213062056303 0 4.215526446700096
      vertex 84.17333044865131 85.6 3.8463284224271774
      vertex 84.17333044865131 0 3.8463284224271774
    endloop
  endfacet
  facet normal 0 0 1
    outer loop
      vertex 5.000000000083439 85.6 2.399999998509884
      vertex 81.84329999991655 0 2.399999998509884
      vertex 81.84329999991655 85.6 2.399999998509884
    endloop
  endfacet
  facet normal 0 0 1
    outer loop
      vertex 5.000000000083439 91.6 2.399999998509884
      vertex 81.84329999991655 88.6 2.399999998509884
      vertex 81.84329999991655 91.6 2.399999998509884
    endloop
  endfacet
  facet normal -1 0 0
    outer loop
      vertex 84.44330000140667 91.6 35.599999999999994
      vertex 84.44330000140667 91.6 5
      vertex 84.44330000140667 88.6 5
    endloop
  endfacet
  facet normal -0.997065800756516 0 0.07654925840115992
    outer loop
      vertex 84.44330000140667 0 5
      vertex 84.44330000140667 85.6 5
      vertex 84.41282910116911 85.6 4.6031118631362915
    endloop
  endfacet
  facet normal -0.9736954248027248 0 0.22785350495053006
    outer loop
      vertex 84.41282910116911 0 4.6031118631362915
      vertex 84.41282910116911 85.6 4.6031118631362915
      vertex 84.32213062056303 85.6 4.215526446700096
    endloop
  endfacet
  facet normal -0.859569605250615 0 0.5110186823681713
    outer loop
      vertex 84.17333044865131 0 3.8463284224271774
      vertex 84.17333044865131 85.6 3.8463284224271774
      vertex 83.96991633632183 85.6 3.50417148321867
    endloop
  endfacet
  facet normal -0.771489175638658 0 0.6362424473990902
    outer loop
      vertex 83.96991633632183 0 3.50417148321867
      vertex 83.96991633632183 85.6 3.50417148321867
      vertex 83.71665614106655 85.6 3.1970755010843277
    endloop
  endfacet
  facet normal -0.01915488679901077 0 0.9998165283249308
    outer loop
      vertex 81.94288710513115 0 2.401907928287983
      vertex 81.94288710513115 85.6 2.401907928287983
      vertex 81.84329999991655 85.6 2.399999998509884
    endloop
  endfacet
  facet normal -0.26498151250183 0 0.9642534926212312
    outer loop
      vertex 82.72214388110638 0 2.5530358776450157
      vertex 82.72214388110638 85.6 2.5530358776450157
      vertex 82.33831688024998 85.6 2.4475583657622337
    endloop
  endfacet
  facet normal -0.11468342257887831 0 0.9934020900851753
    outer loop
      vertex 82.33831688024998 0 2.4475583657622337
      vertex 82.33831688024998 85.6 2.4475583657622337
      vertex 81.94288710513115 85.6 2.401907928287983
    endloop
  endfacet
  facet normal -0.543567557486035 0 0.8393654212848335
    outer loop
      vertex 83.41948606827259 0 2.932238534092903
      vertex 83.41948606827259 85.6 2.932238534092903
      vertex 83.08537153162956 85.6 2.7158681452274323
    endloop
  endfacet
  facet normal -0.6653257079666879 0 0.7465532146596288
    outer loop
      vertex 83.71665614106655 0 3.1970755010843277
      vertex 83.71665614106655 85.6 3.1970755010843277
      vertex 83.41948606827259 85.6 2.932238534092903
    endloop
  endfacet
  facet normal -0.40906862127484517 0 0.9125036236028311
    outer loop
      vertex 83.08537153162956 0 2.7158681452274323
      vertex 83.08537153162956 85.6 2.7158681452274323
      vertex 82.72214388110638 85.6 2.5530358776450157
    endloop
  endfacet
  facet normal -0.9275024512810597 0 0.37381707139672676
    outer loop
      vertex 84.32213062056303 0 4.215526446700096
      vertex 84.32213062056303 85.6 4.215526446700096
      vertex 84.17333044865131 85.6 3.8463284224271774
    endloop
  endfacet
  facet normal -0.997065800756516 0 0.07654925840115992
    outer loop
      vertex 84.44330000140667 88.6 5
      vertex 84.41282910116911 91.6 4.6031118631362915
      vertex 84.41282910116911 88.6 4.6031118631362915
    endloop
  endfacet
  facet normal -0.997065800756516 0 0.07654925840115992
    outer loop
      vertex 84.44330000140667 88.6 5
      vertex 84.44330000140667 91.6 5
      vertex 84.41282910116911 91.6 4.6031118631362915
    endloop
  endfacet
  facet normal -0.9736954248027249 0 0.22785350495053003
    outer loop
      vertex 84.41282910116911 88.6 4.6031118631362915
      vertex 84.41282910116911 91.6 4.6031118631362915
      vertex 84.32213062056303 91.6 4.215526446700096
    endloop
  endfacet
  facet normal -0.8595696052506151 0 0.5110186823681713
    outer loop
      vertex 83.96991633632183 88.6 3.50417148321867
      vertex 84.17333044865131 88.6 3.8463284224271774
      vertex 83.96991633632183 91.6 3.50417148321867
    endloop
  endfacet
  facet normal -0.8595696052506151 0 0.5110186823681713
    outer loop
      vertex 83.96991633632183 91.6 3.50417148321867
      vertex 84.17333044865131 88.6 3.8463284224271774
      vertex 84.17333044865131 91.6 3.8463284224271774
    endloop
  endfacet
  facet normal -0.7714891756386579 0 0.6362424473990902
    outer loop
      vertex 83.96991633632183 88.6 3.50417148321867
      vertex 83.96991633632183 91.6 3.50417148321867
      vertex 83.71665614106655 91.6 3.1970755010843277
    endloop
  endfacet
  facet normal -0.01915488679901077 0 0.9998165283249307
    outer loop
      vertex 81.84329999991655 88.6 2.399999998509884
      vertex 81.94288710513115 88.6 2.401907928287983
      vertex 81.84329999991655 91.6 2.399999998509884
    endloop
  endfacet
  facet normal -0.11468342257887829 0 0.9934020900851751
    outer loop
      vertex 81.94288710513115 88.6 2.401907928287983
      vertex 82.33831688024998 88.6 2.4475583657622337
      vertex 81.94288710513115 91.6 2.401907928287983
    endloop
  endfacet
  facet normal -0.26498151250182994 0 0.9642534926212311
    outer loop
      vertex 82.72214388110638 88.6 2.5530358776450157
      vertex 82.33831688024998 91.6 2.4475583657622337
      vertex 82.33831688024998 88.6 2.4475583657622337
    endloop
  endfacet
  facet normal -0.01915488679901077 0 0.9998165283249307
    outer loop
      vertex 81.94288710513115 88.6 2.401907928287983
      vertex 81.94288710513115 91.6 2.401907928287983
      vertex 81.84329999991655 91.6 2.399999998509884
    endloop
  endfacet
  facet normal -0.26498151250182994 0 0.9642534926212311
    outer loop
      vertex 82.72214388110638 88.6 2.5530358776450157
      vertex 82.72214388110638 91.6 2.5530358776450157
      vertex 82.33831688024998 91.6 2.4475583657622337
    endloop
  endfacet
  facet normal -0.11468342257887829 0 0.9934020900851751
    outer loop
      vertex 82.33831688024998 88.6 2.4475583657622337
      vertex 82.33831688024998 91.6 2.4475583657622337
      vertex 81.94288710513115 91.6 2.401907928287983
    endloop
  endfacet
  facet normal -0.543567557486035 0 0.8393654212848336
    outer loop
      vertex 83.41948606827259 88.6 2.932238534092903
      vertex 83.08537153162956 91.6 2.7158681452274323
      vertex 83.08537153162956 88.6 2.7158681452274323
    endloop
  endfacet
  facet normal -0.7714891756386579 0 0.6362424473990902
    outer loop
      vertex 83.96991633632183 88.6 3.50417148321867
      vertex 83.71665614106655 91.6 3.1970755010843277
      vertex 83.71665614106655 88.6 3.1970755010843277
    endloop
  endfacet
  facet normal -0.6653257079666879 0 0.7465532146596287
    outer loop
      vertex 83.41948606827259 88.6 2.932238534092903
      vertex 83.71665614106655 88.6 3.1970755010843277
      vertex 83.41948606827259 91.6 2.932238534092903
    endloop
  endfacet
  facet normal -0.543567557486035 0 0.8393654212848336
    outer loop
      vertex 83.41948606827259 88.6 2.932238534092903
      vertex 83.41948606827259 91.6 2.932238534092903
      vertex 83.08537153162956 91.6 2.7158681452274323
    endloop
  endfacet
  facet normal -0.6653257079666879 0 0.7465532146596287
    outer loop
      vertex 83.71665614106655 88.6 3.1970755010843277
      vertex 83.71665614106655 91.6 3.1970755010843277
      vertex 83.41948606827259 91.6 2.932238534092903
    endloop
  endfacet
  facet normal -0.40906862127484517 0 0.9125036236028311
    outer loop
      vertex 82.72214388110638 88.6 2.5530358776450157
      vertex 83.08537153162956 88.6 2.7158681452274323
      vertex 82.72214388110638 91.6 2.5530358776450157
    endloop
  endfacet
  facet normal -0.40906862127484517 0 0.9125036236028311
    outer loop
      vertex 83.08537153162956 88.6 2.7158681452274323
      vertex 83.08537153162956 91.6 2.7158681452274323
      vertex 82.72214388110638 91.6 2.5530358776450157
    endloop
  endfacet
  facet normal -0.9736954248027249 0 0.22785350495053003
    outer loop
      vertex 84.41282910116911 88.6 4.6031118631362915
      vertex 84.32213062056303 91.6 4.215526446700096
      vertex 84.32213062056303 88.6 4.215526446700096
    endloop
  endfacet
  facet normal -0.9275024512810598 0 0.37381707139672676
    outer loop
      vertex 84.32213062056303 88.6 4.215526446700096
      vertex 84.17333044865131 91.6 3.8463284224271774
      vertex 84.17333044865131 88.6 3.8463284224271774
    endloop
  endfacet
  facet normal -0.9275024512810598 0 0.37381707139672676
    outer loop
      vertex 84.32213062056303 88.6 4.215526446700096
      vertex 84.32213062056303 91.6 4.215526446700096
      vertex 84.17333044865131 91.6 3.8463284224271774
    endloop
  endfacet
  facet normal 0 -1 0
    outer loop
      vertex 3.8987901112350727 85.6 10.253019415926428
      vertex 2.483561692030804 85.6 33.851408374747784
      vertex 2.399999998593323 85.6 34.09136487237983
    endloop
  endfacet
  facet normal 0 -1 0
    outer loop
      vertex 4.399999998593323 85.6 10.636518551516161
      vertex 2.6453691388627902 85.6 33.48798289887159
      vertex 2.483561692030804 85.6 33.851408374747784
    endloop
  endfacet
  facet normal 0 -1 0
    outer loop
      vertex 4.399999998593323 85.6 10.636518551516161
      vertex 2.8370197642375885 85.6 33.139371705477636
      vertex 2.6453691388627902 85.6 33.48798289887159
    endloop
  endfacet
  facet normal 0 -1 0
    outer loop
      vertex 4.399999998593323 85.6 10.636518551516161
      vertex 3.0571692767190015 85.6 32.808020051610754
      vertex 2.8370197642375885 85.6 33.139371705477636
    endloop
  endfacet
  facet normal 0 -1 0
    outer loop
      vertex 4.399999998593323 85.6 10.636518551516161
      vertex 3.304273485654157 85.6 32.496252131047
      vertex 3.0571692767190015 85.6 32.808020051610754
    endloop
  endfacet
  facet normal 0 -1 0
    outer loop
      vertex 4.399999998593323 85.6 10.636518551516161
      vertex 3.576599132561512 85.6 32.206254771744184
      vertex 3.304273485654157 85.6 32.496252131047
    endloop
  endfacet
  facet normal 0 -1 0
    outer loop
      vertex 4.399999998593323 85.6 10.636518551516161
      vertex 3.872236048693722 85.6 31.940062096815
      vertex 3.576599132561512 85.6 32.206254771744184
    endloop
  endfacet
  facet normal 0 -1 0
    outer loop
      vertex 4.399999998593323 85.6 10.636518551516161
      vertex 4.189110553498949 85.6 31.699541256614907
      vertex 3.872236048693722 85.6 31.940062096815
    endloop
  endfacet
  facet normal 0 -1 0
    outer loop
      vertex 4.399999998593323 85.6 10.636518551516161
      vertex 4.399999998593323 85.6 31.56570674510964
      vertex 4.189110553498949 85.6 31.699541256614907
    endloop
  endfacet
  facet normal 0 1 0
    outer loop
      vertex 4.399999998593323 88.6 10.636518551516161
      vertex 2.6453691388627902 88.6 33.48798289887159
      vertex 2.8370197642375885 88.6 33.139371705477636
    endloop
  endfacet
  facet normal 0 1 0
    outer loop
      vertex 4.399999998593323 88.6 10.636518551516161
      vertex 2.8370197642375885 88.6 33.139371705477636
      vertex 3.0571692767190015 88.6 32.808020051610754
    endloop
  endfacet
  facet normal 0 1 0
    outer loop
      vertex 4.399999998593323 88.6 10.636518551516161
      vertex 3.0571692767190015 88.6 32.808020051610754
      vertex 3.304273485654157 88.6 32.496252131047
    endloop
  endfacet
  facet normal 0 1 0
    outer loop
      vertex 4.399999998593323 88.6 10.636518551516161
      vertex 3.304273485654157 88.6 32.496252131047
      vertex 3.576599132561512 88.6 32.206254771744184
    endloop
  endfacet
  facet normal 0 1 0
    outer loop
      vertex 4.399999998593323 88.6 10.636518551516161
      vertex 3.576599132561512 88.6 32.206254771744184
      vertex 3.872236048693722 88.6 31.940062096815
    endloop
  endfacet
  facet normal 0 1 0
    outer loop
      vertex 4.399999998593323 88.6 10.636518551516161
      vertex 3.872236048693722 88.6 31.940062096815
      vertex 4.189110553498949 88.6 31.699541256614907
    endloop
  endfacet
  facet normal 0 1 0
    outer loop
      vertex 4.399999998593323 88.6 10.636518551516161
      vertex 4.189110553498949 88.6 31.699541256614907
      vertex 4.399999998593323 88.6 31.56570674510964
    endloop
  endfacet
  facet normal 0 1 0
    outer loop
      vertex 2.399999998593323 88.6 5
      vertex 2.399999998593323 88.6 34.09136487237983
      vertex 2.483561692030804 88.6 33.851408374747784
    endloop
  endfacet
  facet normal 0 1 0
    outer loop
      vertex 2.8255503759304403 88.6 5
      vertex 2.483561692030804 88.6 33.851408374747784
      vertex 2.6453691388627902 88.6 33.48798289887159
    endloop
  endfacet
  facet normal 0 -1 0
    outer loop
      vertex 3.8987901112350727 85.6 10.253019415926428
      vertex 2.399999998593323 85.6 34.09136487237983
      vertex 3.614194172823744 85.6 9.974651210478118
    endloop
  endfacet
  facet normal 0 -1 0
    outer loop
      vertex 3.3553141200702683 85.6 9.672219690541638
      vertex 3.614194172823744 85.6 9.974651210478118
      vertex 2.399999998593323 85.6 34.09136487237983
    endloop
  endfacet
  facet normal 0 -1 0
    outer loop
      vertex 4.399999998593323 85.6 10.636518551516161
      vertex 2.483561692030804 85.6 33.851408374747784
      vertex 4.206874586216742 85.6 10.505145698253365
    endloop
  endfacet
  facet normal 0 -1 0
    outer loop
      vertex 3.8987901112350727 85.6 10.253019415926428
      vertex 4.206874586216742 85.6 10.505145698253365
      vertex 2.483561692030804 85.6 33.851408374747784
    endloop
  endfacet
  facet normal 0 -1 0
    outer loop
      vertex 2.922588902644975 85.6 9.004804257558668
      vertex 2.399999998593323 85.6 34.09136487237983
      vertex 2.752130399510044 85.6 8.64504377519056
    endloop
  endfacet
  facet normal 0 -1 0
    outer loop
      vertex 2.614134599888409 85.6 8.271625959263787
      vertex 2.752130399510044 85.6 8.64504377519056
      vertex 2.399999998593323 85.6 34.09136487237983
    endloop
  endfacet
  facet normal 0 -1 0
    outer loop
      vertex 2.614134599888409 85.6 8.271625959263787
      vertex 2.399999998593323 85.6 34.09136487237983
      vertex 2.5096815080137205 85.6 7.88747331048657
    endloop
  endfacet
  facet normal 0 -1 0
    outer loop
      vertex 2.5096815080137205 85.6 7.88747331048657
      vertex 2.399999998593323 85.6 34.09136487237983
      vertex 2.439588610952633 85.6 7.495592344188999
    endloop
  endfacet
  facet normal 0 -1 0
    outer loop
      vertex 2.439588610952633 85.6 7.495592344188999
      vertex 2.399999998593323 85.6 34.09136487237983
      vertex 2.4044044806601192 85.6 7.099050060264203
    endloop
  endfacet
  facet normal 0 -1 0
    outer loop
      vertex 2.4044044806601192 85.6 7.099050060264203
      vertex 2.399999998593323 85.6 34.09136487237983
      vertex 2.4044044806601192 85.6 6.700949939735795
    endloop
  endfacet
  facet normal 0 -1 0
    outer loop
      vertex 3.3553141200702683 85.6 9.672219690541638
      vertex 2.399999998593323 85.6 34.09136487237983
      vertex 3.124176040389976 85.6 9.348091792812294
    endloop
  endfacet
  facet normal 0 -1 0
    outer loop
      vertex 3.124176040389976 85.6 9.348091792812294
      vertex 2.399999998593323 85.6 34.09136487237983
      vertex 2.922588902644975 85.6 9.004804257558668
    endloop
  endfacet
  facet normal 0 1 0
    outer loop
      vertex 4.399999998593323 88.6 10.636518551516161
      vertex 4.206874586216742 88.6 5
      vertex 2.6453691388627902 88.6 33.48798289887159
    endloop
  endfacet
  facet normal 0 -1 0
    outer loop
      vertex 2.4044044806601192 85.6 6.700949939735795
      vertex 2.399999998593323 85.6 34.09136487237983
      vertex 2.399999998593323 85.6 5
    endloop
  endfacet
  facet normal 0 1 0
    outer loop
      vertex 2.399999998593323 88.6 5
      vertex 2.483561692030804 88.6 33.851408374747784
      vertex 2.8255503759304403 88.6 5
    endloop
  endfacet
  facet normal 0 1 0
    outer loop
      vertex 2.8255503759304403 88.6 5
      vertex 2.6453691388627902 88.6 33.48798289887159
      vertex 4.206874586216742 88.6 5
    endloop
  endfacet
  facet normal 0 -1 0
    outer loop
      vertex 2.4044044806601192 85.6 6.700949939735795
      vertex 2.399999998593323 85.6 5
      vertex 2.439588610952633 85.6 6.304407655810998
    endloop
  endfacet
  facet normal 0 -1 0
    outer loop
      vertex 2.439588610952633 85.6 6.304407655810998
      vertex 2.399999998593323 85.6 5
      vertex 2.5096815080137205 85.6 5.912526689513427
    endloop
  endfacet
  facet normal 0 -1 0
    outer loop
      vertex 2.5096815080137205 85.6 5.912526689513427
      vertex 2.399999998593323 85.6 5
      vertex 2.614134599888409 85.6 5.52837404073621
    endloop
  endfacet
  facet normal 0 -1 0
    outer loop
      vertex 2.614134599888409 85.6 5.52837404073621
      vertex 2.399999998593323 85.6 5
      vertex 2.752130399510044 85.6 5.154956224809439
    endloop
  endfacet
  facet normal 0 -1 0
    outer loop
      vertex 2.399999998593323 85.6 5
      vertex 2.922588902644975 85.6 4.795195742441329
      vertex 2.752130399510044 85.6 5.154956224809439
    endloop
  endfacet
  facet normal 0 -1 0
    outer loop
      vertex 2.399999998593323 85.6 5
      vertex 2.401907928371422 85.6 4.900412894785404
      vertex 2.922588902644975 85.6 4.795195742441329
    endloop
  endfacet
  facet normal 0 -1 0
    outer loop
      vertex 2.401907928371422 85.6 4.900412894785404
      vertex 2.4475583658456728 85.6 4.504983119666576
      vertex 2.922588902644975 85.6 4.795195742441329
    endloop
  endfacet
  facet normal 0 -1 0
    outer loop
      vertex 2.4475583658456728 85.6 4.504983119666576
      vertex 3.124176040389976 85.6 4.451908207187703
      vertex 2.922588902644975 85.6 4.795195742441329
    endloop
  endfacet
  facet normal 0 1 0
    outer loop
      vertex 2.399999998593323 88.6 5
      vertex 2.8255503759304403 88.6 5
      vertex 2.401907928371422 88.6 4.900412894785404
    endloop
  endfacet
  facet normal 0 1 0
    outer loop
      vertex 2.401907928371422 88.6 4.900412894785404
      vertex 2.8255503759304403 88.6 5
      vertex 2.882372335480916 88.6 4.8800746504221095
    endloop
  endfacet
  facet normal 0 1 0
    outer loop
      vertex 2.401907928371422 88.6 4.900412894785404
      vertex 2.882372335480916 88.6 4.8800746504221095
      vertex 2.4475583658456728 88.6 4.504983119666576
    endloop
  endfacet
  facet normal 0 1 0
    outer loop
      vertex 2.4475583658456728 88.6 4.504983119666576
      vertex 2.882372335480916 88.6 4.8800746504221095
      vertex 2.9262647937923347 88.6 4.878216665668951
    endloop
  endfacet
  facet normal 0 1 0
    outer loop
      vertex 2.4475583658456728 88.6 4.504983119666576
      vertex 2.9262647937923347 88.6 4.878216665668951
      vertex 3.038771825909997 88.6 4.597345076906002
    endloop
  endfacet
  facet normal 0 1 0
    outer loop
      vertex 2.4475583658456728 88.6 4.504983119666576
      vertex 3.038771825909997 88.6 4.597345076906002
      vertex 3.1089844339694395 88.6 4.477778355367718
    endloop
  endfacet
  facet normal 0 -1 0
    outer loop
      vertex 2.4475583658456728 85.6 4.504983119666576
      vertex 2.5530358777284548 85.6 4.121156118810177
      vertex 3.124176040389976 85.6 4.451908207187703
    endloop
  endfacet
  facet normal 0 -1 0
    outer loop
      vertex 3.124176040389976 85.6 4.451908207187703
      vertex 2.5530358777284548 85.6 4.121156118810177
      vertex 3.3553141200702683 85.6 4.127780309458359
    endloop
  endfacet
  facet normal 0 -1 0
    outer loop
      vertex 2.5530358777284548 85.6 4.121156118810177
      vertex 2.7158681453108713 85.6 3.757928468286991
      vertex 3.614194172823744 85.6 3.825348789521879
    endloop
  endfacet
  facet normal 0 -1 0
    outer loop
      vertex 2.5530358777284548 85.6 4.121156118810177
      vertex 3.614194172823744 85.6 3.825348789521879
      vertex 3.3553141200702683 85.6 4.127780309458359
    endloop
  endfacet
  facet normal 0 -1 0
    outer loop
      vertex 2.7158681453108713 85.6 3.757928468286991
      vertex 2.932238534176342 85.6 3.423813931643963
      vertex 3.8987901112350727 85.6 3.5469805840735695
    endloop
  endfacet
  facet normal 0 -1 0
    outer loop
      vertex 2.7158681453108713 85.6 3.757928468286991
      vertex 3.8987901112350727 85.6 3.5469805840735695
      vertex 3.614194172823744 85.6 3.825348789521879
    endloop
  endfacet
  facet normal 0 -1 0
    outer loop
      vertex 2.932238534176342 85.6 3.423813931643963
      vertex 4.206874586216742 85.6 3.294854301746632
      vertex 3.8987901112350727 85.6 3.5469805840735695
    endloop
  endfacet
  facet normal 0 -1 0
    outer loop
      vertex 2.932238534176342 85.6 3.423813931643963
      vertex 3.1970755011677667 85.6 3.1266438588500023
      vertex 4.206874586216742 85.6 3.294854301746632
    endloop
  endfacet
  facet normal 0 -1 0
    outer loop
      vertex 3.1970755011677667 85.6 3.1266438588500023
      vertex 4.5360364190356535 85.6 3.070943172545718
      vertex 4.206874586216742 85.6 3.294854301746632
    endloop
  endfacet
  facet normal 0 -1 0
    outer loop
      vertex 3.1970755011677667 85.6 3.1266438588500023
      vertex 3.504171483302109 85.6 2.8733836635947227
      vertex 4.5360364190356535 85.6 3.070943172545718
    endloop
  endfacet
  facet normal 0 -1 0
    outer loop
      vertex 3.504171483302109 85.6 2.8733836635947227
      vertex 4.883699472055895 85.6 2.876999604646759
      vertex 4.5360364190356535 85.6 3.070943172545718
    endloop
  endfacet
  facet normal 0 -1 0
    outer loop
      vertex 3.504171483302109 85.6 2.8733836635947227
      vertex 5.247142810508592 85.6 2.7145414694269654
      vertex 4.883699472055895 85.6 2.876999604646759
    endloop
  endfacet
  facet normal 0 -1 0
    outer loop
      vertex 3.504171483302109 85.6 2.8733836635947227
      vertex 3.8463284225106165 85.6 2.6699695512652397
      vertex 5.247142810508592 85.6 2.7145414694269654
    endloop
  endfacet
  facet normal 0 -1 0
    outer loop
      vertex 3.8463284225106165 85.6 2.6699695512652397
      vertex 4.215526446783535 85.6 2.5211693793535233
      vertex 5.623521997495665 85.6 2.5848402220633204
    endloop
  endfacet
  facet normal 0 -1 0
    outer loop
      vertex 4.215526446783535 85.6 2.5211693793535233
      vertex 4.6031118632197305 85.6 2.430470898747444
      vertex 5.000000000083439 85.6 2.399999998509884
    endloop
  endfacet
  facet normal 0 -1 0
    outer loop
      vertex 3.8463284225106165 85.6 2.6699695512652397
      vertex 5.623521997495665 85.6 2.5848402220633204
      vertex 5.247142810508592 85.6 2.7145414694269654
    endloop
  endfacet
  facet normal 0 -1 0
    outer loop
      vertex 4.215526446783535 85.6 2.5211693793535233
      vertex 6.009891355565173 85.6 2.4889109506718867
      vertex 5.623521997495665 85.6 2.5848402220633204
    endloop
  endfacet
  facet normal 0 -1 0
    outer loop
      vertex 4.215526446783535 85.6 2.5211693793535233
      vertex 5.000000000083439 85.6 2.399999998509884
      vertex 6.009891355565173 85.6 2.4889109506718867
    endloop
  endfacet
  facet normal 0 1 0
    outer loop
      vertex 2.4475583658456728 88.6 4.504983119666576
      vertex 3.1089844339694395 88.6 4.477778355367718
      vertex 2.5530358777284548 88.6 4.121156118810177
    endloop
  endfacet
  facet normal 0 1 0
    outer loop
      vertex 3.125291787095591 88.6 4.477107626287758
      vertex 2.5530358777284548 88.6 4.121156118810177
      vertex 3.1089844339694395 88.6 4.477778355367718
    endloop
  endfacet
  facet normal 0 1 0
    outer loop
      vertex 3.125291787095591 88.6 4.477107626287758
      vertex 3.2993876871607455 88.6 4.206206664611685
      vertex 2.5530358777284548 88.6 4.121156118810177
    endloop
  endfacet
  facet normal 0 1 0
    outer loop
      vertex 3.2993876871607455 88.6 4.206206664611685
      vertex 3.3590877989383756 88.6 4.213009792877646
      vertex 3.368936043643906 88.6 4.111866765687736
    endloop
  endfacet
  facet normal 0 1 0
    outer loop
      vertex 2.5530358777284548 88.6 4.121156118810177
      vertex 3.3712820664750893 88.6 4.109126070747767
      vertex 2.7158681453108713 88.6 3.757928468286991
    endloop
  endfacet
  facet normal 0 1 0
    outer loop
      vertex 2.5530358777284548 88.6 4.121156118810177
      vertex 3.2993876871607455 88.6 4.206206664611685
      vertex 3.368936043643906 88.6 4.111866765687736
    endloop
  endfacet
  facet normal 0 1 0
    outer loop
      vertex 2.5530358777284548 88.6 4.121156118810177
      vertex 3.368936043643906 88.6 4.111866765687736
      vertex 3.3712820664750893 88.6 4.109126070747767
    endloop
  endfacet
  facet normal 0 1 0
    outer loop
      vertex 3.3712820664750893 88.6 4.109126070747767
      vertex 3.626592691115526 88.6 4.105372433850327
      vertex 3.6933473049809606 88.6 3.747927743117586
    endloop
  endfacet
  facet normal 0 1 0
    outer loop
      vertex 3.3712820664750893 88.6 4.109126070747767
      vertex 3.6933473049809606 88.6 3.747927743117586
      vertex 2.7158681453108713 88.6 3.757928468286991
    endloop
  endfacet
  facet normal 0 1 0
    outer loop
      vertex 2.7158681453108713 88.6 3.757928468286991
      vertex 3.6961169636616873 88.6 3.7452186920996304
      vertex 2.932238534176342 88.6 3.423813931643963
    endloop
  endfacet
  facet normal 0 1 0
    outer loop
      vertex 2.7158681453108713 88.6 3.757928468286991
      vertex 3.6933473049809606 88.6 3.747927743117586
      vertex 3.6961169636616873 88.6 3.7452186920996304
    endloop
  endfacet
  facet normal 0 1 0
    outer loop
      vertex 3.6961169636616873 88.6 3.7452186920996304
      vertex 3.9074461161905347 88.6 3.742478626332428
      vertex 4.061480599864296 88.6 3.4138399963484645
    endloop
  endfacet
  facet normal 0 1 0
    outer loop
      vertex 2.932238534176342 88.6 3.423813931643963
      vertex 3.6961169636616873 88.6 3.7452186920996304
      vertex 4.061480599864296 88.6 3.4138399963484645
    endloop
  endfacet
  facet normal 0 1 0
    outer loop
      vertex 2.932238534176342 88.6 3.423813931643963
      vertex 4.061480599864296 88.6 3.4138399963484645
      vertex 4.064390882740909 88.6 3.411458315797237
    endloop
  endfacet
  facet normal 0 1 0
    outer loop
      vertex 2.932238534176342 88.6 3.423813931643963
      vertex 4.064390882740909 88.6 3.411458315797237
      vertex 3.1970755011677667 88.6 3.1266438588500023
    endloop
  endfacet
  facet normal 0 1 0
    outer loop
      vertex 4.064390882740909 88.6 3.411458315797237
      vertex 4.21196611563564 88.6 3.4098477702832426
      vertex 3.1970755011677667 88.6 3.1266438588500023
    endloop
  endfacet
  facet normal 0 1 0
    outer loop
      vertex 4.21196611563564 88.6 3.4098477702832426
      vertex 4.467625449916149 88.6 3.117479483314483
      vertex 3.1970755011677667 88.6 3.1266438588500023
    endloop
  endfacet
  facet normal 0 1 0
    outer loop
      vertex 3.1970755011677667 88.6 3.1266438588500023
      vertex 4.467625449916149 88.6 3.117479483314483
      vertex 4.470212755365267 88.6 3.1157194782745954
    endloop
  endfacet
  facet normal 0 1 0
    outer loop
      vertex 3.1970755011677667 88.6 3.1266438588500023
      vertex 4.470212755365267 88.6 3.1157194782745954
      vertex 3.504171483302109 88.6 2.8733836635947227
    endloop
  endfacet
  facet normal 0 1 0
    outer loop
      vertex 3.504171483302109 88.6 2.8733836635947227
      vertex 4.470212755365267 88.6 3.1157194782745954
      vertex 4.908762012842587 88.6 2.865796720429895
    endloop
  endfacet
  facet normal 0 1 0
    outer loop
      vertex 3.504171483302109 88.6 2.8733836635947227
      vertex 4.910702443224977 88.6 2.8649293535858966
      vertex 3.8463284225106165 88.6 2.6699695512652397
    endloop
  endfacet
  facet normal 0 1 0
    outer loop
      vertex 3.504171483302109 88.6 2.8733836635947227
      vertex 4.908762012842587 88.6 2.865796720429895
      vertex 4.910702443224977 88.6 2.8649293535858966
    endloop
  endfacet
  facet normal 0 1 0
    outer loop
      vertex 4.470212755365267 88.6 3.1157194782745954
      vertex 4.894108148347598 88.6 3.112082168485859
      vertex 4.908762012842587 88.6 2.865796720429895
    endloop
  endfacet
  facet normal 0 1 0
    outer loop
      vertex 4.910702443224977 88.6 2.8649293535858966
      vertex 5.253710200486005 88.6 2.8628676187233495
      vertex 5.391880341441251 88.6 2.6646645395877364
    endloop
  endfacet
  facet normal 0 1 0
    outer loop
      vertex 3.8463284225106165 88.6 2.6699695512652397
      vertex 4.910702443224977 88.6 2.8649293535858966
      vertex 5.391880341441251 88.6 2.6646645395877364
    endloop
  endfacet
  facet normal 0 1 0
    outer loop
      vertex 3.8463284225106165 88.6 2.6699695512652397
      vertex 5.392011020808873 88.6 2.6646195071375622
      vertex 4.215526446783535 88.6 2.5211693793535233
    endloop
  endfacet
  facet normal 0 1 0
    outer loop
      vertex 4.215526446783535 88.6 2.5211693793535233
      vertex 5.000000000083439 88.6 2.399999998509884
      vertex 4.6031118632197305 88.6 2.430470898747444
    endloop
  endfacet
  facet normal 0 1 0
    outer loop
      vertex 3.8463284225106165 88.6 2.6699695512652397
      vertex 5.391880341441251 88.6 2.6646645395877364
      vertex 5.392011020808873 88.6 2.6646195071375622
    endloop
  endfacet
  facet normal 0 1 0
    outer loop
      vertex 4.215526446783535 88.6 2.5211693793535233
      vertex 5.392011020808873 88.6 2.6646195071375622
      vertex 5.627018343818136 88.6 2.6638060804031127
    endloop
  endfacet
  facet normal 0 1 0
    outer loop
      vertex 4.215526446783535 88.6 2.5211693793535233
      vertex 5.627018343818136 88.6 2.6638060804031127
      vertex 5.890495893878189 88.6 2.5185549154632554
    endloop
  endfacet
  facet normal 0 1 0
    outer loop
      vertex 4.215526446783535 88.6 2.5211693793535233
      vertex 5.890495893878189 88.6 2.5185549154632554
      vertex 5.000000000083439 88.6 2.399999998509884
    endloop
  endfacet
  facet normal 0 -1 0
    outer loop
      vertex 5.000000000083439 85.6 2.399999998509884
      vertex 6.4032270206312845 85.6 2.427504431867021
      vertex 6.009891355565173 85.6 2.4889109506718867
    endloop
  endfacet
  facet normal 0 -1 0
    outer loop
      vertex 5.000000000083439 85.6 2.399999998509884
      vertex 6.80045060781066 85.6 2.401101254916405
      vertex 6.4032270206312845 85.6 2.427504431867021
    endloop
  endfacet
  facet normal 0 1 0
    outer loop
      vertex 5.000000000083439 88.6 2.399999998509884
      vertex 5.890495893878189 88.6 2.5185549154632554
      vertex 7.899209317106141 88.6 2.5154195097876304
    endloop
  endfacet
  facet normal 0 1 0
    outer loop
      vertex 8.736376255095593 88.6 2.841934173728646
      vertex 8.83532004474008 88.6 2.84133944706074
      vertex 8.38851832737786 88.6 2.654378764445582
    endloop
  endfacet
  facet normal 0 -1 0
    outer loop
      vertex 5.000000000083439 85.6 2.399999998509884
      vertex 81.84329999991655 85.6 2.399999998509884
      vertex 6.80045060781066 85.6 2.401101254916405
    endloop
  endfacet
  facet normal 0 -1 0
    outer loop
      vertex 7.198453303957969 85.6 2.409908060478429
      vertex 79.84375060781065 85.6 2.401101254916405
      vertex 7.594120198343859 85.6 2.4538559233588586
    endloop
  endfacet
  facet normal 0 -1 0
    outer loop
      vertex 7.984354661054766 85.6 2.5326008919439467
      vertex 7.594120198343859 85.6 2.4538559233588586
      vertex 79.84375060781065 85.6 2.401101254916405
    endloop
  endfacet
  facet normal 0 -1 0
    outer loop
      vertex 7.984354661054766 85.6 2.5326008919439467
      vertex 79.84375060781065 85.6 2.401101254916405
      vertex 8.366102578320529 85.6 2.645526680088132
    endloop
  endfacet
  facet normal 0 -1 0
    outer loop
      vertex 8.736376255095593 85.6 2.7917494903887494
      vertex 79.84375060781065 85.6 2.401101254916405
      vertex 9.092277797823584 85.6 2.970124931098983
    endloop
  endfacet
  facet normal 0 -1 0
    outer loop
      vertex 8.736376255095593 85.6 2.7917494903887494
      vertex 8.366102578320529 85.6 2.645526680088132
      vertex 79.84375060781065 85.6 2.401101254916405
    endloop
  endfacet
  facet normal 0 -1 0
    outer loop
      vertex 6.80045060781066 85.6 2.401101254916405
      vertex 81.84329999991655 85.6 2.399999998509884
      vertex 7.198453303957969 85.6 2.409908060478429
    endloop
  endfacet
  facet normal 0 1 0
    outer loop
      vertex 10.63691954452456 88.6 4.399999998509884
      vertex 76.20449218049234 88.6 4.399999998509884
      vertex 10.581616670804287 88.6 4.314703394746335
    endloop
  endfacet
  facet normal 0 1 0
    outer loop
      vertex 5.000000000083439 88.6 2.399999998509884
      vertex 7.899209317106141 88.6 2.5154195097876304
      vertex 79.81263221730524 88.6 2.4031696727985548
    endloop
  endfacet
  facet normal 0 1 0
    outer loop
      vertex 9.749957113716206 88.6 3.6667254035173507
      vertex 78.19076002865557 88.6 2.759099388475107
      vertex 9.678631446115148 88.6 3.3642269852962876
    endloop
  endfacet
  facet normal 0 1 0
    outer loop
      vertex 9.660108714815394 88.6 3.350390085883255
      vertex 9.678631446115148 88.6 3.3642269852962876
      vertex 78.19076002865557 88.6 2.759099388475107
    endloop
  endfacet
  facet normal 0 1 0
    outer loop
      vertex 9.431021794383511 88.6 3.3528901999252874
      vertex 78.67741485842838 88.6 2.582210185778081
      vertex 9.274793849853808 88.6 3.0828057607088404
    endloop
  endfacet
  facet normal 0 1 0
    outer loop
      vertex 9.092277797823584 88.6 3.076059027367503
      vertex 79.20982965816131 88.6 2.46445699511127
      vertex 8.841731160458345 88.6 2.844552654800509
    endloop
  endfacet
  facet normal 0 1 0
    outer loop
      vertex 9.261513602732755 88.6 3.0746068694530955
      vertex 9.274793849853808 88.6 3.0828057607088404
      vertex 78.67741485842838 88.6 2.582210185778081
    endloop
  endfacet
  facet normal 0 1 0
    outer loop
      vertex 9.092277797823584 88.6 3.076059027367503
      vertex 9.261513602732755 88.6 3.0746068694530955
      vertex 79.20982965816131 88.6 2.46445699511127
    endloop
  endfacet
  facet normal 0 1 0
    outer loop
      vertex 7.984354661054766 88.6 2.6556466734622077
      vertex 79.81263221730524 88.6 2.4031696727985548
      vertex 7.899209317106141 88.6 2.5154195097876304
    endloop
  endfacet
  facet normal 0 1 0
    outer loop
      vertex 8.3881894448457 88.6 2.654248887192278
      vertex 8.38851832737786 88.6 2.654378764445582
      vertex 79.62171314624439 88.6 2.4158599313309352
    endloop
  endfacet
  facet normal 0 1 0
    outer loop
      vertex 7.984354661054766 88.6 2.6556466734622077
      vertex 8.3881894448457 88.6 2.654248887192278
      vertex 79.81263221730524 88.6 2.4031696727985548
    endloop
  endfacet
  facet normal 0 1 0
    outer loop
      vertex 8.83532004474008 88.6 2.84133944706074
      vertex 8.841731160458345 88.6 2.844552654800509
      vertex 79.20982965816131 88.6 2.46445699511127
    endloop
  endfacet
  facet normal 0 1 0
    outer loop
      vertex 8.83532004474008 88.6 2.84133944706074
      vertex 79.62171314624439 88.6 2.4158599313309352
      vertex 8.38851832737786 88.6 2.654378764445582
    endloop
  endfacet
  facet normal 0 -1 0
    outer loop
      vertex 10.63691954452456 85.6 4.399999998509884
      vertex 10.563840990166085 85.6 4.2872870041317555
      vertex 77.25017458621673 85.6 3.294854301746632
    endloop
  endfacet
  facet normal 0 -1 0
    outer loop
      vertex 10.563840990166085 85.6 4.2872870041317555
      vertex 10.31859188062478 85.6 3.973700365012782
      vertex 77.92699947205588 85.6 2.876999604646759
    endloop
  endfacet
  facet normal 0 -1 0
    outer loop
      vertex 10.31859188062478 85.6 3.973700365012782
      vertex 10.046587654519413 85.6 3.683015988161266
      vertex 77.92699947205588 85.6 2.876999604646759
    endloop
  endfacet
  facet normal 0 -1 0
    outer loop
      vertex 10.046587654519413 85.6 3.683015988161266
      vertex 9.749957113716206 85.6 3.417508872950517
      vertex 78.29044281050858 85.6 2.7145414694269654
    endloop
  endfacet
  facet normal 0 -1 0
    outer loop
      vertex 9.749957113716206 85.6 3.417508872950517
      vertex 9.431021794383511 85.6 3.179256972544909
      vertex 79.05319135556516 85.6 2.4889109506718867
    endloop
  endfacet
  facet normal 0 -1 0
    outer loop
      vertex 9.431021794383511 85.6 3.179256972544909
      vertex 9.092277797823584 85.6 2.970124931098983
      vertex 79.44652702063127 85.6 2.427504431867021
    endloop
  endfacet
  facet normal 0 1 0
    outer loop
      vertex 10.563840990166085 88.6 4.314975037404274
      vertex 10.581616670804287 88.6 4.314703394746335
      vertex 77.28628866292223 88.6 3.270287833557031
    endloop
  endfacet
  facet normal 0 1 0
    outer loop
      vertex 10.344327206074233 88.6 4.0066067198183966
      vertex 10.364359595183451 88.6 4.032221041460716
      vertex 77.28628866292223 88.6 3.270287833557031
    endloop
  endfacet
  facet normal 0 1 0
    outer loop
      vertex 10.563840990166085 88.6 4.314975037404274
      vertex 77.28628866292223 88.6 3.270287833557031
      vertex 10.364359595183451 88.6 4.032221041460716
    endloop
  endfacet
  facet normal 0 1 0
    outer loop
      vertex 10.046587654519413 88.6 4.01098415678608
      vertex 10.344327206074233 88.6 4.0066067198183966
      vertex 77.72351217983943 88.6 2.9905148347861505
    endloop
  endfacet
  facet normal 0 1 0
    outer loop
      vertex 10.046587654519413 88.6 4.01098415678608
      vertex 77.72351217983943 88.6 2.9905148347861505
      vertex 10.046489201530903 88.6 3.682927865175369
    endloop
  endfacet
  facet normal 0 1 0
    outer loop
      vertex 10.024411761661838 88.6 3.6631668609476833
      vertex 10.046489201530903 88.6 3.682927865175369
      vertex 77.72351217983943 88.6 2.9905148347861505
    endloop
  endfacet
  facet normal 0 1 0
    outer loop
      vertex 9.749957113716206 88.6 3.6667254035173507
      vertex 10.024411761661838 88.6 3.6631668609476833
      vertex 78.19076002865557 88.6 2.759099388475107
    endloop
  endfacet
  facet normal 0 1 0
    outer loop
      vertex 9.431021794383511 88.6 3.3528901999252874
      vertex 9.660108714815394 88.6 3.350390085883255
      vertex 78.67741485842838 88.6 2.582210185778081
    endloop
  endfacet
  facet normal 0 -1 0
    outer loop
      vertex 82.4743217943835 85.6 10.620743027455088
      vertex 82.48847727615022 85.6 31.58944235386543
      vertex 82.44330000140667 85.6 31.563359242130982
    endloop
  endfacet
  facet normal 0 -1 0
    outer loop
      vertex 84.16429890208533 85.6 8.459861618411784
      vertex 84.10575673020834 85.6 33.31167004801685
      vertex 83.89967589337296 85.6 32.97139014109412
    endloop
  endfacet
  facet normal 0 -1 0
    outer loop
      vertex 84.16429890208533 85.6 8.459861618411784
      vertex 83.66584392229773 85.6 32.649548043678024
      vertex 83.40590098025169 85.6 32.34840124683873
    endloop
  endfacet
  facet normal 0 -1 0
    outer loop
      vertex 84.16429890208533 85.6 8.459861618411784
      vertex 83.89967589337296 85.6 32.97139014109412
      vertex 83.66584392229773 85.6 32.649548043678024
    endloop
  endfacet
  facet normal 0 -1 0
    outer loop
      vertex 84.16429890208533 85.6 8.459861618411784
      vertex 84.42908775862801 85.6 34.03788342799173
      vertex 84.28264092380235 85.6 33.66800094538995
    endloop
  endfacet
  facet normal 0 -1 0
    outer loop
      vertex 84.16429890208533 85.6 8.459861618411784
      vertex 84.28264092380235 85.6 33.66800094538995
      vertex 84.10575673020834 85.6 33.31167004801685
    endloop
  endfacet
  facet normal 0 -1 0
    outer loop
      vertex 84.4433 85.6 6.899999999999999
      vertex 84.44330000140667 85.6 34.08495664713054
      vertex 84.42908775862801 85.6 34.03788342799173
    endloop
  endfacet
  facet normal 0 1 0
    outer loop
      vertex 82.79499513009372 88.6 10.380935468912126
      vertex 84.42908775862801 88.6 34.03788342799173
      vertex 84.44330000140667 88.6 34.08495664713054
    endloop
  endfacet
  facet normal 0 1 0
    outer loop
      vertex 82.44330000140667 88.6 10.639895103832657
      vertex 84.28264092380235 88.6 33.66800094538995
      vertex 84.42908775862801 88.6 34.03788342799173
    endloop
  endfacet
  facet normal 0 1 0
    outer loop
      vertex 82.44330000140667 88.6 10.639895103832657
      vertex 84.10575673020834 88.6 33.31167004801685
      vertex 84.28264092380235 88.6 33.66800094538995
    endloop
  endfacet
  facet normal 0 1 0
    outer loop
      vertex 82.44330000140667 88.6 10.639895103832657
      vertex 83.89967589337296 88.6 32.97139014109412
      vertex 84.10575673020834 88.6 33.31167004801685
    endloop
  endfacet
  facet normal 0 1 0
    outer loop
      vertex 82.44330000140667 88.6 10.639895103832657
      vertex 82.48847727615022 88.6 31.58944235386543
      vertex 82.81514579559627 88.6 31.81648288938507
    endloop
  endfacet
  facet normal 0 1 0
    outer loop
      vertex 82.44330000140667 88.6 10.639895103832657
      vertex 82.44330000140667 88.6 31.563359242130982
      vertex 82.48847727615022 88.6 31.58944235386543
    endloop
  endfacet
  facet normal 0 1 0
    outer loop
      vertex 82.44330000140667 88.6 10.639895103832657
      vertex 83.66584392229773 88.6 32.649548043678024
      vertex 83.89967589337296 88.6 32.97139014109412
    endloop
  endfacet
  facet normal 0 1 0
    outer loop
      vertex 82.44330000140667 88.6 10.639895103832657
      vertex 83.40590098025169 88.6 32.34840124683873
      vertex 83.66584392229773 88.6 32.649548043678024
    endloop
  endfacet
  facet normal 0 1 0
    outer loop
      vertex 82.44330000140667 88.6 10.639895103832657
      vertex 83.12167038020456 88.6 32.070062078982374
      vertex 83.40590098025169 88.6 32.34840124683873
    endloop
  endfacet
  facet normal 0 1 0
    outer loop
      vertex 82.44330000140667 88.6 10.639895103832657
      vertex 82.81514579559627 88.6 31.81648288938507
      vertex 83.12167038020456 88.6 32.070062078982374
    endloop
  endfacet
  facet normal 0 -1 0
    outer loop
      vertex 84.16429890208533 85.6 8.459861618411784
      vertex 83.12167038020456 85.6 32.070062078982374
      vertex 82.81514579559627 85.6 31.81648288938507
    endloop
  endfacet
  facet normal 0 -1 0
    outer loop
      vertex 84.16429890208533 85.6 8.459861618411784
      vertex 82.81514579559627 85.6 31.81648288938507
      vertex 82.48847727615022 85.6 31.58944235386543
    endloop
  endfacet
  facet normal 0 -1 0
    outer loop
      vertex 84.16429890208533 85.6 8.459861618411784
      vertex 83.40590098025169 85.6 32.34840124683873
      vertex 83.12167038020456 85.6 32.070062078982374
    endloop
  endfacet
  facet normal 0 1 0
    outer loop
      vertex 82.44330000140667 88.6 10.639895103832657
      vertex 84.42908775862801 88.6 34.03788342799173
      vertex 82.79499513009372 88.6 10.380935468912126
    endloop
  endfacet
  facet normal 0 -1 0
    outer loop
      vertex 10.63691954452456 85.6 4.399999998509884
      vertex 76.39861412007025 85.6 4.127780309458359
      vertex 76.20449218049234 85.6 4.399999998509884
    endloop
  endfacet
  facet normal 0 -1 0
    outer loop
      vertex 10.63691954452456 85.6 4.399999998509884
      vertex 76.65749417282373 85.6 3.825348789521879
      vertex 76.39861412007025 85.6 4.127780309458359
    endloop
  endfacet
  facet normal 0 -1 0
    outer loop
      vertex 10.63691954452456 85.6 4.399999998509884
      vertex 76.94209011123506 85.6 3.5469805840735695
      vertex 76.65749417282373 85.6 3.825348789521879
    endloop
  endfacet
  facet normal 0 -1 0
    outer loop
      vertex 10.63691954452456 85.6 4.399999998509884
      vertex 77.25017458621673 85.6 3.294854301746632
      vertex 76.94209011123506 85.6 3.5469805840735695
    endloop
  endfacet
  facet normal 0 -1 0
    outer loop
      vertex 10.563840990166085 85.6 4.2872870041317555
      vertex 77.57933641903564 85.6 3.070943172545718
      vertex 77.25017458621673 85.6 3.294854301746632
    endloop
  endfacet
  facet normal 0 -1 0
    outer loop
      vertex 10.563840990166085 85.6 4.2872870041317555
      vertex 77.92699947205588 85.6 2.876999604646759
      vertex 77.57933641903564 85.6 3.070943172545718
    endloop
  endfacet
  facet normal 0 -1 0
    outer loop
      vertex 10.046587654519413 85.6 3.683015988161266
      vertex 78.29044281050858 85.6 2.7145414694269654
      vertex 77.92699947205588 85.6 2.876999604646759
    endloop
  endfacet
  facet normal 0 -1 0
    outer loop
      vertex 9.749957113716206 85.6 3.417508872950517
      vertex 78.66682199749565 85.6 2.5848402220633204
      vertex 78.29044281050858 85.6 2.7145414694269654
    endloop
  endfacet
  facet normal 0 -1 0
    outer loop
      vertex 9.749957113716206 85.6 3.417508872950517
      vertex 79.05319135556516 85.6 2.4889109506718867
      vertex 78.66682199749565 85.6 2.5848402220633204
    endloop
  endfacet
  facet normal 0 -1 0
    outer loop
      vertex 9.431021794383511 85.6 3.179256972544909
      vertex 79.44652702063127 85.6 2.427504431867021
      vertex 79.05319135556516 85.6 2.4889109506718867
    endloop
  endfacet
  facet normal 0 -1 0
    outer loop
      vertex 9.092277797823584 85.6 2.970124931098983
      vertex 79.84375060781065 85.6 2.401101254916405
      vertex 79.44652702063127 85.6 2.427504431867021
    endloop
  endfacet
  facet normal 0 -1 0
    outer loop
      vertex 7.198453303957969 85.6 2.409908060478429
      vertex 81.84329999991655 85.6 2.399999998509884
      vertex 79.84375060781065 85.6 2.401101254916405
    endloop
  endfacet
  facet normal 0 1 0
    outer loop
      vertex 10.581616670804287 88.6 4.314703394746335
      vertex 76.20449218049234 88.6 4.399999998509884
      vertex 76.9798589819263 88.6 4.399999998509884
    endloop
  endfacet
  facet normal 0 1 0
    outer loop
      vertex 10.581616670804287 88.6 4.314703394746335
      vertex 76.9798589819263 88.6 4.399999998509884
      vertex 77.24887952544401 88.6 3.2959141372285536
    endloop
  endfacet
  facet normal 0 1 0
    outer loop
      vertex 10.581616670804287 88.6 4.314703394746335
      vertex 77.24887952544401 88.6 3.2959141372285536
      vertex 77.28628866292223 88.6 3.270287833557031
    endloop
  endfacet
  facet normal 0 1 0
    outer loop
      vertex 10.344327206074233 88.6 4.0066067198183966
      vertex 77.28628866292223 88.6 3.270287833557031
      vertex 77.58801063906972 88.6 3.266852606922299
    endloop
  endfacet
  facet normal 0 1 0
    outer loop
      vertex 10.344327206074233 88.6 4.0066067198183966
      vertex 77.58801063906972 88.6 3.266852606922299
      vertex 77.67662386385285 88.6 3.0166714459538113
    endloop
  endfacet
  facet normal 0 1 0
    outer loop
      vertex 10.344327206074233 88.6 4.0066067198183966
      vertex 77.67662386385285 88.6 3.0166714459538113
      vertex 77.72351217983943 88.6 2.9905148347861505
    endloop
  endfacet
  facet normal 0 1 0
    outer loop
      vertex 10.024411761661838 88.6 3.6631668609476833
      vertex 77.72351217983943 88.6 2.9905148347861505
      vertex 77.9319311360053 88.6 2.988382471471713
    endloop
  endfacet
  facet normal 0 1 0
    outer loop
      vertex 10.024411761661838 88.6 3.6631668609476833
      vertex 77.9319311360053 88.6 2.988382471471713
      vertex 78.14414670516001 88.6 2.779935411068685
    endloop
  endfacet
  facet normal 0 1 0
    outer loop
      vertex 10.024411761661838 88.6 3.6631668609476833
      vertex 78.14414670516001 88.6 2.779935411068685
      vertex 78.19076002865557 88.6 2.759099388475107
    endloop
  endfacet
  facet normal 0 1 0
    outer loop
      vertex 9.660108714815394 88.6 3.350390085883255
      vertex 78.19076002865557 88.6 2.759099388475107
      vertex 78.2923759484456 88.6 2.7582018744346968
    endloop
  endfacet
  facet normal 0 1 0
    outer loop
      vertex 9.660108714815394 88.6 3.350390085883255
      vertex 78.2923759484456 88.6 2.7582018744346968
      vertex 78.6295029923811 88.6 2.5977004483486077
    endloop
  endfacet
  facet normal 0 1 0
    outer loop
      vertex 5.000000000083439 88.6 2.399999998509884
      vertex 79.81263221730524 88.6 2.4031696727985548
      vertex 79.92901785715742 88.6 2.402988006169789
    endloop
  endfacet
  facet normal 0 1 0
    outer loop
      vertex 5.000000000083439 88.6 2.399999998509884
      vertex 79.92901785715742 88.6 2.402988006169789
      vertex 81.84329999991655 88.6 2.399999998509884
    endloop
  endfacet
  facet normal 0 1 0
    outer loop
      vertex 9.660108714815394 88.6 3.350390085883255
      vertex 78.6295029923811 88.6 2.5977004483486077
      vertex 78.67741485842838 88.6 2.582210185778081
    endloop
  endfacet
  facet normal 0 1 0
    outer loop
      vertex 9.261513602732755 88.6 3.0746068694530955
      vertex 78.67741485842838 88.6 2.582210185778081
      vertex 79.05720104616682 88.6 2.5794708182694954
    endloop
  endfacet
  facet normal 0 1 0
    outer loop
      vertex 9.261513602732755 88.6 3.0746068694530955
      vertex 79.05720104616682 88.6 2.5794708182694954
      vertex 79.142416506866 88.6 2.4749813571520605
    endloop
  endfacet
  facet normal 0 1 0
    outer loop
      vertex 9.261513602732755 88.6 3.0746068694530955
      vertex 79.142416506866 88.6 2.4749813571520605
      vertex 79.20982965816131 88.6 2.46445699511127
    endloop
  endfacet
  facet normal 0 1 0
    outer loop
      vertex 8.83532004474008 88.6 2.84133944706074
      vertex 79.20982965816131 88.6 2.46445699511127
      vertex 79.44810617089351 88.6 2.463169936483439
    endloop
  endfacet
  facet normal 0 1 0
    outer loop
      vertex 8.83532004474008 88.6 2.84133944706074
      vertex 79.44810617089351 88.6 2.463169936483439
      vertex 79.62171314624439 88.6 2.4158599313309352
    endloop
  endfacet
  facet normal 0 1 0
    outer loop
      vertex 8.3881894448457 88.6 2.654248887192278
      vertex 79.62171314624439 88.6 2.4158599313309352
      vertex 79.81263221730524 88.6 2.4031696727985548
    endloop
  endfacet
  facet normal 0 -1 0
    outer loop
      vertex 82.44330000140667 85.6 10.639895103832657
      vertex 82.4743217943835 85.6 10.620743027455088
      vertex 82.44330000140667 85.6 31.563359242130982
    endloop
  endfacet
  facet normal 0 -1 0
    outer loop
      vertex 82.4743217943835 85.6 10.620743027455088
      vertex 82.7932571137162 85.6 10.38249112704948
      vertex 82.48847727615022 85.6 31.58944235386543
    endloop
  endfacet
  facet normal 0 -1 0
    outer loop
      vertex 82.7932571137162 85.6 10.38249112704948
      vertex 83.0898876545194 85.6 10.116984011838731
      vertex 82.48847727615022 85.6 31.58944235386543
    endloop
  endfacet
  facet normal 0 -1 0
    outer loop
      vertex 83.0898876545194 85.6 10.116984011838731
      vertex 83.36189188062477 85.6 9.826299634987214
      vertex 82.48847727615022 85.6 31.58944235386543
    endloop
  endfacet
  facet normal 0 -1 0
    outer loop
      vertex 83.36189188062477 85.6 9.826299634987214
      vertex 83.60714099016607 85.6 9.51271299586824
      vertex 82.48847727615022 85.6 31.58944235386543
    endloop
  endfacet
  facet normal 0 -1 0
    outer loop
      vertex 83.60714099016607 85.6 9.51271299586824
      vertex 83.8237155763401 85.6 9.178678335109394
      vertex 82.48847727615022 85.6 31.58944235386543
    endloop
  endfacet
  facet normal 0 -1 0
    outer loop
      vertex 83.8237155763401 85.6 9.178678335109394
      vertex 84.0099206493674 85.6 8.826809926832047
      vertex 82.48847727615022 85.6 31.58944235386543
    endloop
  endfacet
  facet normal 0 -1 0
    outer loop
      vertex 84.0099206493674 85.6 8.826809926832047
      vertex 84.16429890208533 85.6 8.459861618411784
      vertex 82.48847727615022 85.6 31.58944235386543
    endloop
  endfacet
  facet normal 0 -1 0
    outer loop
      vertex 84.16429890208533 85.6 8.459861618411784
      vertex 84.28564211535263 85.6 8.080705277888903
      vertex 84.42908775862801 85.6 34.03788342799173
    endloop
  endfacet
  facet normal 0 -1 0
    outer loop
      vertex 84.28564211535263 85.6 8.080705277888903
      vertex 84.37300061400225 85.6 7.692308317707161
      vertex 84.42908775862801 85.6 34.03788342799173
    endloop
  endfacet
  facet normal 0 -1 0
    outer loop
      vertex 84.37300061400225 85.6 7.692308317707161
      vertex 84.42569069933724 85.6 7.29771047068804
      vertex 84.42908775862801 85.6 34.03788342799173
    endloop
  endfacet
  facet normal 0 -1 0
    outer loop
      vertex 84.42569069933724 85.6 7.29771047068804
      vertex 84.4433 85.6 6.899999999999999
      vertex 84.42908775862801 85.6 34.03788342799173
    endloop
  endfacet
  facet normal 0 1 0
    outer loop
      vertex 82.79499513009372 88.6 10.380935468912126
      vertex 84.44330000140667 88.6 34.08495664713054
      vertex 84.41282910116911 88.6 4.6031118631362915
    endloop
  endfacet
  facet normal 0 -1 0
    outer loop
      vertex 84.4433 85.6 6.899999999999999
      vertex 84.44330000140667 85.6 5
      vertex 84.44330000140667 85.6 34.08495664713054
    endloop
  endfacet
  facet normal 0 1 0
    outer loop
      vertex 84.44330000140667 88.6 5
      vertex 84.41282910116911 88.6 4.6031118631362915
      vertex 84.44330000140667 88.6 34.08495664713054
    endloop
  endfacet
  facet normal 0 1 0
    outer loop
      vertex 82.44330000140667 88.6 10.639895103832657
      vertex 82.79499513009372 88.6 10.380935468912126
      vertex 82.44330000140667 88.6 9.920108054908747
    endloop
  endfacet
  facet normal 0 1 0
    outer loop
      vertex 82.79499513009372 88.6 10.380935468912126
      vertex 82.4743217943835 88.6 5.474633432545607
      vertex 82.44330000140667 88.6 9.920108054908747
    endloop
  endfacet
  facet normal 0 -1 0
    outer loop
      vertex 84.0099206493674 85.6 4.973190073167949
      vertex 83.8237155763401 85.6 4.621321664890601
      vertex 84.32213062056303 85.6 4.215526446700096
    endloop
  endfacet
  facet normal 0 -1 0
    outer loop
      vertex 84.4433 85.6 6.899999999999999
      vertex 84.42569069933724 85.6 6.502289529311957
      vertex 84.44330000140667 85.6 5
    endloop
  endfacet
  facet normal 0 -1 0
    outer loop
      vertex 84.42569069933724 85.6 6.502289529311957
      vertex 84.37300061400225 85.6 6.107691682292836
      vertex 84.44330000140667 85.6 5
    endloop
  endfacet
  facet normal 0 -1 0
    outer loop
      vertex 84.37300061400225 85.6 6.107691682292836
      vertex 84.28564211535263 85.6 5.719294722111092
      vertex 84.44330000140667 85.6 5
    endloop
  endfacet
  facet normal 0 -1 0
    outer loop
      vertex 84.28564211535263 85.6 5.719294722111092
      vertex 84.16429890208533 85.6 5.340138381588211
      vertex 84.44330000140667 85.6 5
    endloop
  endfacet
  facet normal 0 -1 0
    outer loop
      vertex 84.0099206493674 85.6 4.973190073167949
      vertex 84.41282910116911 85.6 4.6031118631362915
      vertex 84.16429890208533 85.6 5.340138381588211
    endloop
  endfacet
  facet normal 0 -1 0
    outer loop
      vertex 84.16429890208533 85.6 5.340138381588211
      vertex 84.41282910116911 85.6 4.6031118631362915
      vertex 84.44330000140667 85.6 5
    endloop
  endfacet
  facet normal 0 -1 0
    outer loop
      vertex 84.0099206493674 85.6 4.973190073167949
      vertex 84.32213062056303 85.6 4.215526446700096
      vertex 84.41282910116911 85.6 4.6031118631362915
    endloop
  endfacet
  facet normal 0 1 0
    outer loop
      vertex 82.79499513009372 88.6 10.380935468912126
      vertex 83.8237155763401 88.6 4.721826620536316
      vertex 82.85961009502778 88.6 4.916107592705906
    endloop
  endfacet
  facet normal 0 1 0
    outer loop
      vertex 82.79499513009372 88.6 10.380935468912126
      vertex 84.41282910116911 88.6 4.6031118631362915
      vertex 83.8237155763401 88.6 4.721826620536316
    endloop
  endfacet
  facet normal 0 1 0
    outer loop
      vertex 83.72284722421873 88.6 4.465746967150704
      vertex 83.8237155763401 88.6 4.721826620536316
      vertex 84.32213062056303 88.6 4.215526446700096
    endloop
  endfacet
  facet normal 0 1 0
    outer loop
      vertex 83.8237155763401 88.6 4.721826620536316
      vertex 84.41282910116911 88.6 4.6031118631362915
      vertex 84.32213062056303 88.6 4.215526446700096
    endloop
  endfacet
  facet normal 0 -1 0
    outer loop
      vertex 79.84375060781065 85.6 2.401101254916405
      vertex 81.84329999991655 85.6 2.399999998509884
      vertex 80.24175330395795 85.6 2.409908060478429
    endloop
  endfacet
  facet normal 0 -1 0
    outer loop
      vertex 80.24175330395795 85.6 2.409908060478429
      vertex 81.94288710513115 85.6 2.401907928287983
      vertex 80.63742019834385 85.6 2.4538559233588586
    endloop
  endfacet
  facet normal 0 -1 0
    outer loop
      vertex 80.63742019834385 85.6 2.4538559233588586
      vertex 81.94288710513115 85.6 2.401907928287983
      vertex 81.02765466105475 85.6 2.5326008919439467
    endloop
  endfacet
  facet normal 0 -1 0
    outer loop
      vertex 80.24175330395795 85.6 2.409908060478429
      vertex 81.84329999991655 85.6 2.399999998509884
      vertex 81.94288710513115 85.6 2.401907928287983
    endloop
  endfacet
  facet normal 0 1 0
    outer loop
      vertex 77.25022060481173 88.6 3.2958936432530272
      vertex 77.28628866292223 88.6 3.270287833557031
      vertex 77.24887952544401 88.6 3.2959141372285536
    endloop
  endfacet
  facet normal 0 1 0
    outer loop
      vertex 78.66737310650262 88.6 2.5972871571667717
      vertex 78.67741485842838 88.6 2.582210185778081
      vertex 78.6295029923811 88.6 2.5977004483486077
    endloop
  endfacet
  facet normal 0 1 0
    outer loop
      vertex 80.15720321340262 88.6 2.40803717815783
      vertex 80.24175330395795 88.6 2.412133023171357
      vertex 80.26075649484869 88.6 2.4120187996871074
    endloop
  endfacet
  facet normal 0 1 0
    outer loop
      vertex 79.92901785715742 88.6 2.402988006169789
      vertex 80.15720321340262 88.6 2.40803717815783
      vertex 81.84329999991655 88.6 2.399999998509884
    endloop
  endfacet
  facet normal 0 1 0
    outer loop
      vertex 80.15720321340262 88.6 2.40803717815783
      vertex 80.26075649484869 88.6 2.4120187996871074
      vertex 81.94288710513115 88.6 2.401907928287983
    endloop
  endfacet
  facet normal 0 1 0
    outer loop
      vertex 80.26075649484869 88.6 2.4120187996871074
      vertex 80.63742019834385 88.6 2.4567458166124716
      vertex 81.94288710513115 88.6 2.401907928287983
    endloop
  endfacet
  facet normal 0 1 0
    outer loop
      vertex 80.63742019834385 88.6 2.4567458166124716
      vertex 80.65136820605544 88.6 2.4566704759779263
      vertex 81.94288710513115 88.6 2.401907928287983
    endloop
  endfacet
  facet normal 0 1 0
    outer loop
      vertex 80.65136820605544 88.6 2.4566704759779263
      vertex 80.67686169147888 88.6 2.461814777418777
      vertex 82.33831688024998 88.6 2.4475583657622337
    endloop
  endfacet
  facet normal 0 1 0
    outer loop
      vertex 80.67686169147888 88.6 2.461814777418777
      vertex 81.02765466105475 88.6 2.5652580933625018
      vertex 82.33831688024998 88.6 2.4475583657622337
    endloop
  endfacet
  facet normal 0 1 0
    outer loop
      vertex 80.15720321340262 88.6 2.40803717815783
      vertex 81.94288710513115 88.6 2.401907928287983
      vertex 81.84329999991655 88.6 2.399999998509884
    endloop
  endfacet
  facet normal 0 -1 0
    outer loop
      vertex 83.8237155763401 85.6 4.621321664890601
      vertex 83.60714099016607 85.6 4.2872870041317555
      vertex 84.32213062056303 85.6 4.215526446700096
    endloop
  endfacet
  facet normal 0 -1 0
    outer loop
      vertex 83.36189188062477 85.6 3.973700365012782
      vertex 84.17333044865131 85.6 3.8463284224271774
      vertex 83.60714099016607 85.6 4.2872870041317555
    endloop
  endfacet
  facet normal 0 -1 0
    outer loop
      vertex 83.60714099016607 85.6 4.2872870041317555
      vertex 84.17333044865131 85.6 3.8463284224271774
      vertex 84.32213062056303 85.6 4.215526446700096
    endloop
  endfacet
  facet normal 0 -1 0
    outer loop
      vertex 83.0898876545194 85.6 3.683015988161266
      vertex 82.7932571137162 85.6 3.417508872950517
      vertex 83.71665614106655 85.6 3.1970755010843277
    endloop
  endfacet
  facet normal 0 -1 0
    outer loop
      vertex 83.36189188062477 85.6 3.973700365012782
      vertex 83.0898876545194 85.6 3.683015988161266
      vertex 83.96991633632183 85.6 3.50417148321867
    endloop
  endfacet
  facet normal 0 -1 0
    outer loop
      vertex 83.36189188062477 85.6 3.973700365012782
      vertex 83.96991633632183 85.6 3.50417148321867
      vertex 84.17333044865131 85.6 3.8463284224271774
    endloop
  endfacet
  facet normal 0 -1 0
    outer loop
      vertex 83.0898876545194 85.6 3.683015988161266
      vertex 83.71665614106655 85.6 3.1970755010843277
      vertex 83.96991633632183 85.6 3.50417148321867
    endloop
  endfacet
  facet normal 0 -1 0
    outer loop
      vertex 81.77967625509558 85.6 2.7917494903887494
      vertex 83.08537153162956 85.6 2.7158681452274323
      vertex 82.13557779782357 85.6 2.970124931098983
    endloop
  endfacet
  facet normal 0 -1 0
    outer loop
      vertex 82.4743217943835 85.6 3.179256972544909
      vertex 82.13557779782357 85.6 2.970124931098983
      vertex 83.41948606827259 85.6 2.932238534092903
    endloop
  endfacet
  facet normal 0 -1 0
    outer loop
      vertex 81.02765466105475 85.6 2.5326008919439467
      vertex 82.33831688024998 85.6 2.4475583657622337
      vertex 81.40940257832051 85.6 2.645526680088132
    endloop
  endfacet
  facet normal 0 -1 0
    outer loop
      vertex 81.40940257832051 85.6 2.645526680088132
      vertex 82.72214388110638 85.6 2.5530358776450157
      vertex 81.77967625509558 85.6 2.7917494903887494
    endloop
  endfacet
  facet normal 0 -1 0
    outer loop
      vertex 81.02765466105475 85.6 2.5326008919439467
      vertex 81.94288710513115 85.6 2.401907928287983
      vertex 82.33831688024998 85.6 2.4475583657622337
    endloop
  endfacet
  facet normal 0 -1 0
    outer loop
      vertex 81.40940257832051 85.6 2.645526680088132
      vertex 82.33831688024998 85.6 2.4475583657622337
      vertex 82.72214388110638 85.6 2.5530358776450157
    endloop
  endfacet
  facet normal 0 -1 0
    outer loop
      vertex 81.77967625509558 85.6 2.7917494903887494
      vertex 82.72214388110638 85.6 2.5530358776450157
      vertex 83.08537153162956 85.6 2.7158681452274323
    endloop
  endfacet
  facet normal 0 -1 0
    outer loop
      vertex 82.7932571137162 85.6 3.417508872950517
      vertex 82.4743217943835 85.6 3.179256972544909
      vertex 83.41948606827259 85.6 2.932238534092903
    endloop
  endfacet
  facet normal 0 -1 0
    outer loop
      vertex 82.7932571137162 85.6 3.417508872950517
      vertex 83.41948606827259 85.6 2.932238534092903
      vertex 83.71665614106655 85.6 3.1970755010843277
    endloop
  endfacet
  facet normal 0 -1 0
    outer loop
      vertex 82.13557779782357 85.6 2.970124931098983
      vertex 83.08537153162956 85.6 2.7158681452274323
      vertex 83.41948606827259 85.6 2.932238534092903
    endloop
  endfacet
  facet normal 0 1 0
    outer loop
      vertex 83.60714099016607 88.6 4.370403077125211
      vertex 83.65439374624225 88.6 4.360167477435024
      vertex 83.60342743454058 88.6 4.282538683414273
    endloop
  endfacet
  facet normal 0 1 0
    outer loop
      vertex 83.40505404930062 88.6 4.028889472273811
      vertex 83.60342743454058 88.6 4.282538683414273
      vertex 84.32213062056303 88.6 4.215526446700096
    endloop
  endfacet
  facet normal 0 1 0
    outer loop
      vertex 83.72284722421873 88.6 4.465746967150704
      vertex 84.32213062056303 88.6 4.215526446700096
      vertex 83.65439374624225 88.6 4.360167477435024
    endloop
  endfacet
  facet normal 0 1 0
    outer loop
      vertex 83.65439374624225 88.6 4.360167477435024
      vertex 84.32213062056303 88.6 4.215526446700096
      vertex 83.60342743454058 88.6 4.282538683414273
    endloop
  endfacet
  facet normal 0 1 0
    outer loop
      vertex 83.40505404930062 88.6 4.028889472273811
      vertex 84.32213062056303 88.6 4.215526446700096
      vertex 84.17333044865131 88.6 3.8463284224271774
    endloop
  endfacet
  facet normal 0 1 0
    outer loop
      vertex 83.0898876545194 88.6 3.8748799998123786
      vertex 83.21866219690952 88.6 3.8206342455868416
      vertex 83.03558226578832 88.6 3.6344084945992634
    endloop
  endfacet
  facet normal 0 1 0
    outer loop
      vertex 82.7932571137162 88.6 3.7900109747507464
      vertex 83.03558226578832 88.6 3.6344084945992634
      vertex 82.52260108469105 88.6 3.215322694867769
    endloop
  endfacet
  facet normal 0 1 0
    outer loop
      vertex 83.03558226578832 88.6 3.6344084945992634
      vertex 83.71665614106655 88.6 3.1970755010843277
      vertex 82.52260108469105 88.6 3.215322694867769
    endloop
  endfacet
  facet normal 0 1 0
    outer loop
      vertex 83.03558226578832 88.6 3.6344084945992634
      vertex 83.21866219690952 88.6 3.8206342455868416
      vertex 83.71665614106655 88.6 3.1970755010843277
    endloop
  endfacet
  facet normal 0 1 0
    outer loop
      vertex 83.36189188062477 88.6 4.039145847237016
      vertex 83.40505404930062 88.6 4.028889472273811
      vertex 83.96991633632183 88.6 3.50417148321867
    endloop
  endfacet
  facet normal 0 1 0
    outer loop
      vertex 83.36189188062477 88.6 4.039145847237016
      vertex 83.96991633632183 88.6 3.50417148321867
      vertex 83.21866219690952 88.6 3.8206342455868416
    endloop
  endfacet
  facet normal 0 1 0
    outer loop
      vertex 83.40505404930062 88.6 4.028889472273811
      vertex 84.17333044865131 88.6 3.8463284224271774
      vertex 83.96991633632183 88.6 3.50417148321867
    endloop
  endfacet
  facet normal 0 1 0
    outer loop
      vertex 83.21866219690952 88.6 3.8206342455868416
      vertex 83.96991633632183 88.6 3.50417148321867
      vertex 83.71665614106655 88.6 3.1970755010843277
    endloop
  endfacet
  facet normal 0 1 0
    outer loop
      vertex 81.77967625509558 88.6 2.9490156562539624
      vertex 82.08718246330372 88.6 2.9458695174890046
      vertex 81.63514051263674 88.6 2.7346716483036992
    endloop
  endfacet
  facet normal 0 1 0
    outer loop
      vertex 82.13557779782357 88.6 3.215076716990623
      vertex 82.51646666336296 88.6 3.2107401433260847
      vertex 82.09872910074318 88.6 2.9516566139039178
    endloop
  endfacet
  facet normal 0 1 0
    outer loop
      vertex 82.08718246330372 88.6 2.9458695174890046
      vertex 83.08537153162956 88.6 2.7158681452274323
      vertex 81.63514051263674 88.6 2.7346716483036992
    endloop
  endfacet
  facet normal 0 1 0
    outer loop
      vertex 82.08718246330372 88.6 2.9458695174890046
      vertex 82.09872910074318 88.6 2.9516566139039178
      vertex 83.41948606827259 88.6 2.932238534092903
    endloop
  endfacet
  facet normal 0 1 0
    outer loop
      vertex 82.51646666336296 88.6 3.2107401433260847
      vertex 83.41948606827259 88.6 2.932238534092903
      vertex 82.09872910074318 88.6 2.9516566139039178
    endloop
  endfacet
  facet normal 0 1 0
    outer loop
      vertex 81.02765466105475 88.6 2.5652580933625018
      vertex 81.13542517866463 88.6 2.5644807532067624
      vertex 82.33831688024998 88.6 2.4475583657622337
    endloop
  endfacet
  facet normal 0 1 0
    outer loop
      vertex 81.1545680016805 88.6 2.570143438655986
      vertex 82.72214388110638 88.6 2.5530358776450157
      vertex 81.13542517866463 88.6 2.5644807532067624
    endloop
  endfacet
  facet normal 0 1 0
    outer loop
      vertex 81.40940257832051 88.6 2.7306709996423386
      vertex 81.62029307877086 88.6 2.7288083270853747
      vertex 82.72214388110638 88.6 2.5530358776450157
    endloop
  endfacet
  facet normal 0 1 0
    outer loop
      vertex 81.40940257832051 88.6 2.7306709996423386
      vertex 82.72214388110638 88.6 2.5530358776450157
      vertex 81.1545680016805 88.6 2.570143438655986
    endloop
  endfacet
  facet normal 0 1 0
    outer loop
      vertex 81.13542517866463 88.6 2.5644807532067624
      vertex 82.72214388110638 88.6 2.5530358776450157
      vertex 82.33831688024998 88.6 2.4475583657622337
    endloop
  endfacet
  facet normal 0 1 0
    outer loop
      vertex 80.65136820605544 88.6 2.4566704759779263
      vertex 82.33831688024998 88.6 2.4475583657622337
      vertex 81.94288710513115 88.6 2.401907928287983
    endloop
  endfacet
  facet normal 0 1 0
    outer loop
      vertex 81.63514051263674 88.6 2.7346716483036992
      vertex 83.08537153162956 88.6 2.7158681452274323
      vertex 81.62029307877086 88.6 2.7288083270853747
    endloop
  endfacet
  facet normal 0 1 0
    outer loop
      vertex 81.62029307877086 88.6 2.7288083270853747
      vertex 83.08537153162956 88.6 2.7158681452274323
      vertex 82.72214388110638 88.6 2.5530358776450157
    endloop
  endfacet
  facet normal 0 1 0
    outer loop
      vertex 82.51646666336296 88.6 3.2107401433260847
      vertex 82.52260108469105 88.6 3.215322694867769
      vertex 83.71665614106655 88.6 3.1970755010843277
    endloop
  endfacet
  facet normal 0 1 0
    outer loop
      vertex 82.51646666336296 88.6 3.2107401433260847
      vertex 83.71665614106655 88.6 3.1970755010843277
      vertex 83.41948606827259 88.6 2.932238534092903
    endloop
  endfacet
  facet normal 0 1 0
    outer loop
      vertex 82.08718246330372 88.6 2.9458695174890046
      vertex 83.41948606827259 88.6 2.932238534092903
      vertex 83.08537153162956 88.6 2.7158681452274323
    endloop
  endfacet
  facet normal 1 0 0
    outer loop
      vertex 4.399999998593323 88.6 10.636518551516161
      vertex 4.399999998593323 88.6 31.56570674510964
      vertex 4.399999998593323 85.6 31.56570674510964
    endloop
  endfacet
  facet normal 1 0 0
    outer loop
      vertex 4.399999998593323 85.6 10.636518551516161
      vertex 4.399999998593323 88.6 10.636518551516161
      vertex 4.399999998593323 85.6 31.56570674510964
    endloop
  endfacet
  facet normal 0 0 1
    outer loop
      vertex 10.63691954452456 85.6 4.399999998509884
      vertex 76.20449218049234 85.6 4.399999998509884
      vertex 10.63691954452456 88.6 4.399999998509884
    endloop
  endfacet
  facet normal -1 0 0
    outer loop
      vertex 82.44330000140667 85.6 10.639895103832657
      vertex 82.44330000140667 85.6 31.563359242130982
      vertex 82.44330000140667 88.6 31.563359242130982
    endloop
  endfacet
  facet normal 0 0 1
    outer loop
      vertex 10.63691954452456 88.6 4.399999998509884
      vertex 76.20449218049234 85.6 4.399999998509884
      vertex 76.20449218049234 88.6 4.399999998509884
    endloop
  endfacet
  facet normal -1 0 0
    outer loop
      vertex 82.44330000140667 85.6 10.639895103832657
      vertex 82.44330000140667 88.6 31.563359242130982
      vertex 82.44330000140667 88.6 10.639895103832657
    endloop
  endfacet
  facet normal 0 0.29028467119332607 -0.9569403375708344
    outer loop
      vertex 84.44330000140667 10.83463313281536 18.932559068012235
      vertex 84.44330000140667 11.2098193526268 19.046370560932157
      vertex 85.4433 11.2098193526268 19.046370560932157
    endloop
  endfacet
  facet normal 0 0.09801713918082348 -0.9951847267853375
    outer loop
      vertex 84.44330000140667 11.2098193526268 19.046370560932157
      vertex 85.4433 11.6 19.084799999999998
      vertex 85.4433 11.2098193526268 19.046370560932157
    endloop
  endfacet
  facet normal 0 0.29028467119332607 -0.9569403375708344
    outer loop
      vertex 84.44330000140667 10.83463313281536 18.932559068012235
      vertex 85.4433 11.2098193526268 19.046370560932157
      vertex 85.4433 10.83463313281536 18.932559068012235
    endloop
  endfacet
  facet normal 0 0.4713967371326908 -0.8819212641844241
    outer loop
      vertex 84.44330000140667 10.83463313281536 18.932559068012235
      vertex 85.4433 10.83463313281536 18.932559068012235
      vertex 84.44330000140667 10.488859532773494 18.747739228117464
    endloop
  endfacet
  facet normal 0 0.6343932961394977 -0.7730104435344091
    outer loop
      vertex 84.44330000140667 10.488859532773494 18.747739228117464
      vertex 85.4433 10.488859532773494 18.747739228117464
      vertex 84.44330000140667 10.185786439478397 18.4990135605216
    endloop
  endfacet
  facet normal 0 0.7730104435344091 -0.6343932961394977
    outer loop
      vertex 84.44330000140667 10.185786439478397 18.4990135605216
      vertex 85.4433 10.185786439478397 18.4990135605216
      vertex 84.44330000140667 9.937060771882534 18.195940467226503
    endloop
  endfacet
  facet normal 0 0.4713967371326908 -0.8819212641844241
    outer loop
      vertex 85.4433 10.83463313281536 18.932559068012235
      vertex 85.4433 10.488859532773494 18.747739228117464
      vertex 84.44330000140667 10.488859532773494 18.747739228117464
    endloop
  endfacet
  facet normal 0 0.6343932961394977 -0.7730104435344091
    outer loop
      vertex 84.44330000140667 10.185786439478397 18.4990135605216
      vertex 85.4433 10.488859532773494 18.747739228117464
      vertex 85.4433 10.185786439478397 18.4990135605216
    endloop
  endfacet
  facet normal 0 0.8819212641844241 -0.4713967371326908
    outer loop
      vertex 84.44330000140667 9.937060771882534 18.195940467226503
      vertex 85.4433 9.937060771882534 18.195940467226503
      vertex 84.44330000140667 9.752240931987762 17.850166867184637
    endloop
  endfacet
  facet normal 0 0.8819212641844241 -0.4713967371326908
    outer loop
      vertex 84.44330000140667 9.752240931987762 17.850166867184637
      vertex 85.4433 9.937060771882534 18.195940467226503
      vertex 85.4433 9.752240931987762 17.850166867184637
    endloop
  endfacet
  facet normal 0 0.7730104435344091 -0.6343932961394977
    outer loop
      vertex 85.4433 10.185786439478397 18.4990135605216
      vertex 85.4433 9.937060771882534 18.195940467226503
      vertex 84.44330000140667 9.937060771882534 18.195940467226503
    endloop
  endfacet
  facet normal 0 0.09801713918082348 -0.9951847267853375
    outer loop
      vertex 84.44330000140667 11.2098193526268 19.046370560932157
      vertex 84.44330000140667 11.6 19.084799999999998
      vertex 85.4433 11.6 19.084799999999998
    endloop
  endfacet
  facet normal 0 0 -1
    outer loop
      vertex 84.44330000140667 11.6 19.084799999999998
      vertex 85.4433 16.6 19.084799999999998
      vertex 85.4433 11.6 19.084799999999998
    endloop
  endfacet
  facet normal 0 0 -1
    outer loop
      vertex 84.44330000140667 11.6 19.084799999999998
      vertex 84.44330000140667 16.6 19.084799999999998
      vertex 85.4433 16.6 19.084799999999998
    endloop
  endfacet
  facet normal 0 -0.09801713918082348 -0.9951847267853375
    outer loop
      vertex 84.44330000140667 16.6 19.084799999999998
      vertex 84.44330000140667 16.9901806473732 19.046370560932157
      vertex 85.4433 16.9901806473732 19.046370560932157
    endloop
  endfacet
  facet normal 0 -0.09801713918082348 -0.9951847267853375
    outer loop
      vertex 84.44330000140667 16.6 19.084799999999998
      vertex 85.4433 16.9901806473732 19.046370560932157
      vertex 85.4433 16.6 19.084799999999998
    endloop
  endfacet
  facet normal 0 -0.29028467119332607 -0.9569403375708344
    outer loop
      vertex 84.44330000140667 16.9901806473732 19.046370560932157
      vertex 85.4433 17.36536686718464 18.932559068012235
      vertex 85.4433 16.9901806473732 19.046370560932157
    endloop
  endfacet
  facet normal 0 -0.29028467119332607 -0.9569403375708344
    outer loop
      vertex 84.44330000140667 16.9901806473732 19.046370560932157
      vertex 84.44330000140667 17.36536686718464 18.932559068012235
      vertex 85.4433 17.36536686718464 18.932559068012235
    endloop
  endfacet
  facet normal 0 -0.4713967371326908 -0.8819212641844241
    outer loop
      vertex 84.44330000140667 17.36536686718464 18.932559068012235
      vertex 84.44330000140667 17.711140467226507 18.747739228117464
      vertex 85.4433 17.711140467226507 18.747739228117464
    endloop
  endfacet
  facet normal 0 -0.6343932961394977 -0.7730104435344091
    outer loop
      vertex 84.44330000140667 17.711140467226507 18.747739228117464
      vertex 84.44330000140667 18.014213560521604 18.4990135605216
      vertex 85.4433 18.014213560521604 18.4990135605216
    endloop
  endfacet
  facet normal 0 -0.4713967371326908 -0.8819212641844241
    outer loop
      vertex 84.44330000140667 17.36536686718464 18.932559068012235
      vertex 85.4433 17.711140467226507 18.747739228117464
      vertex 85.4433 17.36536686718464 18.932559068012235
    endloop
  endfacet
  facet normal 0 -0.6343932961394977 -0.7730104435344091
    outer loop
      vertex 84.44330000140667 17.711140467226507 18.747739228117464
      vertex 85.4433 18.014213560521604 18.4990135605216
      vertex 85.4433 17.711140467226507 18.747739228117464
    endloop
  endfacet
  facet normal 0 -0.7730104435344091 -0.6343932961394977
    outer loop
      vertex 84.44330000140667 18.014213560521604 18.4990135605216
      vertex 85.4433 18.262939228117467 18.195940467226503
      vertex 85.4433 18.014213560521604 18.4990135605216
    endloop
  endfacet
  facet normal 0 -0.7730104435344091 -0.6343932961394977
    outer loop
      vertex 84.44330000140667 18.014213560521604 18.4990135605216
      vertex 84.44330000140667 18.262939228117467 18.195940467226503
      vertex 85.4433 18.262939228117467 18.195940467226503
    endloop
  endfacet
  facet normal 0 -0.8819212641844241 -0.4713967371326908
    outer loop
      vertex 84.44330000140667 18.262939228117467 18.195940467226503
      vertex 84.44330000140667 18.44775906801224 17.850166867184637
      vertex 85.4433 18.44775906801224 17.850166867184637
    endloop
  endfacet
  facet normal 0 -0.8819212641844241 -0.4713967371326908
    outer loop
      vertex 84.44330000140667 18.262939228117467 18.195940467226503
      vertex 85.4433 18.44775906801224 17.850166867184637
      vertex 85.4433 18.262939228117467 18.195940467226503
    endloop
  endfacet
  facet normal 0 0.9569403375708344 -0.29028467119332607
    outer loop
      vertex 84.44330000140667 9.752240931987762 17.850166867184637
      vertex 85.4433 9.752240931987762 17.850166867184637
      vertex 84.44330000140667 9.63842943906784 17.474980647373197
    endloop
  endfacet
  facet normal 0 0.9951847267853375 -0.09801713918082348
    outer loop
      vertex 84.44330000140667 9.63842943906784 17.474980647373197
      vertex 85.4433 9.63842943906784 17.474980647373197
      vertex 84.44330000140667 9.6 17.084799999999998
    endloop
  endfacet
  facet normal 0 0.9569403375708344 -0.29028467119332607
    outer loop
      vertex 85.4433 9.752240931987762 17.850166867184637
      vertex 85.4433 9.63842943906784 17.474980647373197
      vertex 84.44330000140667 9.63842943906784 17.474980647373197
    endloop
  endfacet
  facet normal 0 0.9951847267853375 -0.09801713918082348
    outer loop
      vertex 85.4433 9.63842943906784 17.474980647373197
      vertex 85.4433 9.6 17.084799999999998
      vertex 84.44330000140667 9.6 17.084799999999998
    endloop
  endfacet
  facet normal 0 1 0
    outer loop
      vertex 84.44330000140667 9.6 17.084799999999998
      vertex 85.4433 9.6 17.084799999999998
      vertex 84.44330000140667 9.6 8.084799999999998
    endloop
  endfacet
  facet normal 0 -0.9569403375708344 -0.29028467119332607
    outer loop
      vertex 84.44330000140667 18.44775906801224 17.850166867184637
      vertex 84.44330000140667 18.56157056093216 17.474980647373197
      vertex 85.4433 18.56157056093216 17.474980647373197
    endloop
  endfacet
  facet normal 0 -0.9569403375708344 -0.29028467119332607
    outer loop
      vertex 84.44330000140667 18.44775906801224 17.850166867184637
      vertex 85.4433 18.56157056093216 17.474980647373197
      vertex 85.4433 18.44775906801224 17.850166867184637
    endloop
  endfacet
  facet normal 0 -0.9951847267853375 -0.09801713918082348
    outer loop
      vertex 84.44330000140667 18.56157056093216 17.474980647373197
      vertex 85.4433 18.6 17.084799999999998
      vertex 85.4433 18.56157056093216 17.474980647373197
    endloop
  endfacet
  facet normal 0 -0.9951847267853375 -0.09801713918082348
    outer loop
      vertex 84.44330000140667 18.56157056093216 17.474980647373197
      vertex 84.44330000140667 18.6 17.084799999999998
      vertex 85.4433 18.6 17.084799999999998
    endloop
  endfacet
  facet normal 0 -1 0
    outer loop
      vertex 84.44330000140667 18.6 17.084799999999998
      vertex 85.4433 18.6 8.084799999999998
      vertex 85.4433 18.6 17.084799999999998
    endloop
  endfacet
  facet normal 0 1 0
    outer loop
      vertex 85.4433 9.6 17.084799999999998
      vertex 85.4433 9.6 8.084799999999998
      vertex 84.44330000140667 9.6 8.084799999999998
    endloop
  endfacet
  facet normal 0 -1 0
    outer loop
      vertex 84.44330000140667 18.6 17.084799999999998
      vertex 84.44330000140667 18.6 8.084799999999998
      vertex 85.4433 18.6 8.084799999999998
    endloop
  endfacet
  facet normal 0 0.9951847267853375 0.09801713918082348
    outer loop
      vertex 84.44330000140667 9.6 8.084799999999998
      vertex 85.4433 9.6 8.084799999999998
      vertex 84.44330000140667 9.63842943906784 7.694619352626798
    endloop
  endfacet
  facet normal 0 0.9951847267853375 0.09801713918082348
    outer loop
      vertex 85.4433 9.6 8.084799999999998
      vertex 85.4433 9.63842943906784 7.694619352626798
      vertex 84.44330000140667 9.63842943906784 7.694619352626798
    endloop
  endfacet
  facet normal 0 0.9569403375708344 0.29028467119332607
    outer loop
      vertex 84.44330000140667 9.63842943906784 7.694619352626798
      vertex 85.4433 9.63842943906784 7.694619352626798
      vertex 84.44330000140667 9.752240931987762 7.319433132815359
    endloop
  endfacet
  facet normal 0 0.9569403375708344 0.29028467119332607
    outer loop
      vertex 84.44330000140667 9.752240931987762 7.319433132815359
      vertex 85.4433 9.63842943906784 7.694619352626798
      vertex 85.4433 9.752240931987762 7.319433132815359
    endloop
  endfacet
  facet normal 0 0.8819212641844241 0.4713967371326908
    outer loop
      vertex 84.44330000140667 9.752240931987762 7.319433132815359
      vertex 85.4433 9.752240931987762 7.319433132815359
      vertex 84.44330000140667 9.937060771882534 6.9736595327734925
    endloop
  endfacet
  facet normal 0 0.8819212641844241 0.4713967371326908
    outer loop
      vertex 85.4433 9.752240931987762 7.319433132815359
      vertex 85.4433 9.937060771882534 6.9736595327734925
      vertex 84.44330000140667 9.937060771882534 6.9736595327734925
    endloop
  endfacet
  facet normal 0 0.7730104435344091 0.6343932961394977
    outer loop
      vertex 84.44330000140667 9.937060771882534 6.9736595327734925
      vertex 85.4433 9.937060771882534 6.9736595327734925
      vertex 84.44330000140667 10.185786439478397 6.670586439478395
    endloop
  endfacet
  facet normal 0 0.7730104435344091 0.6343932961394977
    outer loop
      vertex 85.4433 9.937060771882534 6.9736595327734925
      vertex 85.4433 10.185786439478397 6.670586439478395
      vertex 84.44330000140667 10.185786439478397 6.670586439478395
    endloop
  endfacet
  facet normal 0 0.6343932961394977 0.7730104435344091
    outer loop
      vertex 84.44330000140667 10.185786439478397 6.670586439478395
      vertex 85.4433 10.185786439478397 6.670586439478395
      vertex 84.44330000140667 10.488859532773494 6.421860771882532
    endloop
  endfacet
  facet normal 0 0.4713967371326908 0.8819212641844241
    outer loop
      vertex 84.44330000140667 10.488859532773494 6.421860771882532
      vertex 85.4433 10.488859532773494 6.421860771882532
      vertex 84.44330000140667 10.83463313281536 6.23704093198776
    endloop
  endfacet
  facet normal 0 0.29028467119332607 0.9569403375708344
    outer loop
      vertex 84.44330000140667 10.83463313281536 6.23704093198776
      vertex 85.4433 10.83463313281536 6.23704093198776
      vertex 84.44330000140667 11.2098193526268 6.123229439067838
    endloop
  endfacet
  facet normal 0 0.6343932961394977 0.7730104435344091
    outer loop
      vertex 84.44330000140667 10.488859532773494 6.421860771882532
      vertex 85.4433 10.185786439478397 6.670586439478395
      vertex 85.4433 10.488859532773494 6.421860771882532
    endloop
  endfacet
  facet normal 0 0.4713967371326908 0.8819212641844241
    outer loop
      vertex 84.44330000140667 10.83463313281536 6.23704093198776
      vertex 85.4433 10.488859532773494 6.421860771882532
      vertex 85.4433 10.83463313281536 6.23704093198776
    endloop
  endfacet
  facet normal 0 0.29028467119332607 0.9569403375708344
    outer loop
      vertex 84.44330000140667 11.2098193526268 6.123229439067838
      vertex 85.4433 10.83463313281536 6.23704093198776
      vertex 85.4433 11.2098193526268 6.123229439067838
    endloop
  endfacet
  facet normal 0 0.09801713918082348 0.9951847267853375
    outer loop
      vertex 84.44330000140667 11.2098193526268 6.123229439067838
      vertex 85.4433 11.2098193526268 6.123229439067838
      vertex 84.44330000140667 11.6 6.084799999999998
    endloop
  endfacet
  facet normal 0 -0.9951847267853375 0.09801713918082348
    outer loop
      vertex 84.44330000140667 18.6 8.084799999999998
      vertex 84.44330000140667 18.56157056093216 7.694619352626798
      vertex 85.4433 18.56157056093216 7.694619352626798
    endloop
  endfacet
  facet normal 0 -0.9951847267853375 0.09801713918082348
    outer loop
      vertex 84.44330000140667 18.6 8.084799999999998
      vertex 85.4433 18.56157056093216 7.694619352626798
      vertex 85.4433 18.6 8.084799999999998
    endloop
  endfacet
  facet normal 0 -0.9569403375708344 0.29028467119332607
    outer loop
      vertex 84.44330000140667 18.56157056093216 7.694619352626798
      vertex 84.44330000140667 18.44775906801224 7.319433132815359
      vertex 85.4433 18.44775906801224 7.319433132815359
    endloop
  endfacet
  facet normal 0 -0.9569403375708344 0.29028467119332607
    outer loop
      vertex 84.44330000140667 18.56157056093216 7.694619352626798
      vertex 85.4433 18.44775906801224 7.319433132815359
      vertex 85.4433 18.56157056093216 7.694619352626798
    endloop
  endfacet
  facet normal 0 -0.8819212641844241 0.4713967371326908
    outer loop
      vertex 84.44330000140667 18.44775906801224 7.319433132815359
      vertex 84.44330000140667 18.262939228117467 6.9736595327734925
      vertex 85.4433 18.262939228117467 6.9736595327734925
    endloop
  endfacet
  facet normal 0 -0.7730104435344091 0.6343932961394977
    outer loop
      vertex 84.44330000140667 18.262939228117467 6.9736595327734925
      vertex 84.44330000140667 18.014213560521604 6.670586439478395
      vertex 85.4433 18.014213560521604 6.670586439478395
    endloop
  endfacet
  facet normal 0 -0.8819212641844241 0.4713967371326908
    outer loop
      vertex 84.44330000140667 18.44775906801224 7.319433132815359
      vertex 85.4433 18.262939228117467 6.9736595327734925
      vertex 85.4433 18.44775906801224 7.319433132815359
    endloop
  endfacet
  facet normal 0 -0.7730104435344091 0.6343932961394977
    outer loop
      vertex 84.44330000140667 18.262939228117467 6.9736595327734925
      vertex 85.4433 18.014213560521604 6.670586439478395
      vertex 85.4433 18.262939228117467 6.9736595327734925
    endloop
  endfacet
  facet normal 0 0.09801713918082348 0.9951847267853375
    outer loop
      vertex 85.4433 11.2098193526268 6.123229439067838
      vertex 85.4433 11.6 6.084799999999998
      vertex 84.44330000140667 11.6 6.084799999999998
    endloop
  endfacet
  facet normal 0 0 1
    outer loop
      vertex 84.44330000140667 11.6 6.084799999999998
      vertex 85.4433 11.6 6.084799999999998
      vertex 84.44330000140667 16.6 6.084799999999998
    endloop
  endfacet
  facet normal 0 -0.29028467119332607 0.9569403375708344
    outer loop
      vertex 84.44330000140667 16.9901806473732 6.123229439067838
      vertex 85.4433 16.9901806473732 6.123229439067838
      vertex 84.44330000140667 17.36536686718464 6.23704093198776
    endloop
  endfacet
  facet normal 0 0 1
    outer loop
      vertex 85.4433 11.6 6.084799999999998
      vertex 85.4433 16.6 6.084799999999998
      vertex 84.44330000140667 16.6 6.084799999999998
    endloop
  endfacet
  facet normal 0 -0.09801713918082348 0.9951847267853375
    outer loop
      vertex 84.44330000140667 16.9901806473732 6.123229439067838
      vertex 84.44330000140667 16.6 6.084799999999998
      vertex 85.4433 16.6 6.084799999999998
    endloop
  endfacet
  facet normal 0 -0.09801713918082348 0.9951847267853375
    outer loop
      vertex 84.44330000140667 16.9901806473732 6.123229439067838
      vertex 85.4433 16.6 6.084799999999998
      vertex 85.4433 16.9901806473732 6.123229439067838
    endloop
  endfacet
  facet normal 0 -0.6343932961394977 0.7730104435344091
    outer loop
      vertex 84.44330000140667 17.711140467226507 6.421860771882532
      vertex 85.4433 17.711140467226507 6.421860771882532
      vertex 84.44330000140667 18.014213560521604 6.670586439478395
    endloop
  endfacet
  facet normal 0 -0.4713967371326908 0.8819212641844241
    outer loop
      vertex 84.44330000140667 17.711140467226507 6.421860771882532
      vertex 84.44330000140667 17.36536686718464 6.23704093198776
      vertex 85.4433 17.36536686718464 6.23704093198776
    endloop
  endfacet
  facet normal 0 -0.6343932961394977 0.7730104435344091
    outer loop
      vertex 84.44330000140667 18.014213560521604 6.670586439478395
      vertex 85.4433 17.711140467226507 6.421860771882532
      vertex 85.4433 18.014213560521604 6.670586439478395
    endloop
  endfacet
  facet normal 0 -0.4713967371326908 0.8819212641844241
    outer loop
      vertex 84.44330000140667 17.711140467226507 6.421860771882532
      vertex 85.4433 17.36536686718464 6.23704093198776
      vertex 85.4433 17.711140467226507 6.421860771882532
    endloop
  endfacet
  facet normal 0 -0.29028467119332607 0.9569403375708344
    outer loop
      vertex 85.4433 16.9901806473732 6.123229439067838
      vertex 85.4433 17.36536686718464 6.23704093198776
      vertex 84.44330000140667 17.36536686718464 6.23704093198776
    endloop
  endfacet
  facet normal 0 0.4666673250986255 -0.8844329300095591
    outer loop
      vertex 85.4433 9.792608885467052 20.0820216039896
      vertex 86.84329999991655 10.146047456562519 20.26851198326349
      vertex 86.84329999991655 9.792608885467052 20.0820216039896
    endloop
  endfacet
  facet normal 0 0.3628077095182577 -0.9318640275888512
    outer loop
      vertex 85.4433 10.518440520763397 20.41349780808687
      vertex 86.84329999991655 10.518440520763397 20.41349780808687
      vertex 85.4433 10.146047456562519 20.26851198326349
    endloop
  endfacet
  facet normal 0 0.25421832901910385 -0.967146856062064
    outer loop
      vertex 85.4433 10.518440520763397 20.41349780808687
      vertex 85.4433 10.904933369159698 20.515088963019846
      vertex 86.84329999991655 10.904933369159698 20.515088963019846
    endloop
  endfacet
  facet normal 0 0.14231483356972588 -0.9898214425572025
    outer loop
      vertex 85.4433 10.904933369159698 20.515088963019846
      vertex 85.4433 11.300487472116947 20.57196105520725
      vertex 86.84329999991655 11.300487472116947 20.57196105520725
    endloop
  endfacet
  facet normal 0 0.4666673250986255 -0.8844329300095591
    outer loop
      vertex 85.4433 9.792608885467052 20.0820216039896
      vertex 85.4433 10.146047456562519 20.26851198326349
      vertex 86.84329999991655 10.146047456562519 20.26851198326349
    endloop
  endfacet
  facet normal 0 0.25421832901910385 -0.967146856062064
    outer loop
      vertex 85.4433 10.518440520763397 20.41349780808687
      vertex 86.84329999991655 10.904933369159698 20.515088963019846
      vertex 86.84329999991655 10.518440520763397 20.41349780808687
    endloop
  endfacet
  facet normal 0 0.3628077095182577 -0.9318640275888512
    outer loop
      vertex 85.4433 10.146047456562519 20.26851198326349
      vertex 86.84329999991655 10.518440520763397 20.41349780808687
      vertex 86.84329999991655 10.146047456562519 20.26851198326349
    endloop
  endfacet
  facet normal 0 0.14231483356972588 -0.9898214425572025
    outer loop
      vertex 85.4433 10.904933369159698 20.515088963019846
      vertex 86.84329999991655 11.300487472116947 20.57196105520725
      vertex 86.84329999991655 10.904933369159698 20.515088963019846
    endloop
  endfacet
  facet normal 0 0.042826806938822126 -0.999082511411057
    outer loop
      vertex 85.4433 11.300487472116947 20.57196105520725
      vertex 86.84329999991655 11.6 20.584799999999998
      vertex 86.84329999991655 11.300487472116947 20.57196105520725
    endloop
  endfacet
  facet normal 1 0 0
    outer loop
      vertex 85.4433 8.890504366159439 19.300343590486047
      vertex 85.4433 8.65561263859272 18.977042863774297
      vertex 85.4433 10.83463313281536 18.932559068012235
    endloop
  endfacet
  facet normal 1 0 0
    outer loop
      vertex 85.4433 8.890504366159439 19.300343590486047
      vertex 85.4433 10.83463313281536 18.932559068012235
      vertex 85.4433 11.2098193526268 19.046370560932157
    endloop
  endfacet
  facet normal 1 0 0
    outer loop
      vertex 85.4433 8.890504366159439 19.300343590486047
      vertex 85.4433 11.2098193526268 19.046370560932157
      vertex 85.4433 11.6 19.084799999999998
    endloop
  endfacet
  facet normal 0 0.5644432085061761 -0.8254719040471659
    outer loop
      vertex 85.4433 9.792608885467052 20.0820216039896
      vertex 86.84329999991655 9.792608885467052 20.0820216039896
      vertex 85.4433 9.462732417881488 19.856457861769197
    endloop
  endfacet
  facet normal 0 0.6548607388416016 -0.7557495701115757
    outer loop
      vertex 85.4433 9.462732417881488 19.856457861769197
      vertex 86.84329999991655 9.462732417881488 19.856457861769197
      vertex 85.4433 9.16071850657463 19.594761314499376
    endloop
  endfacet
  facet normal 0 0.736741141080842 -0.6761748967825548
    outer loop
      vertex 85.4433 9.16071850657463 19.594761314499376
      vertex 86.84329999991655 9.16071850657463 19.594761314499376
      vertex 85.4433 8.890504366159439 19.300343590486047
    endloop
  endfacet
  facet normal 0 0.5644432085061761 -0.8254719040471659
    outer loop
      vertex 86.84329999991655 9.792608885467052 20.0820216039896
      vertex 86.84329999991655 9.462732417881488 19.856457861769197
      vertex 85.4433 9.462732417881488 19.856457861769197
    endloop
  endfacet
  facet normal 0 0.6548607388416016 -0.7557495701115757
    outer loop
      vertex 85.4433 9.16071850657463 19.594761314499376
      vertex 86.84329999991655 9.462732417881488 19.856457861769197
      vertex 86.84329999991655 9.16071850657463 19.594761314499376
    endloop
  endfacet
  facet normal 0 0.8090169940470056 -0.5877852527438464
    outer loop
      vertex 85.4433 8.890504366159439 19.300343590486047
      vertex 86.84329999991655 8.890504366159439 19.300343590486047
      vertex 85.4433 8.65561263859272 18.977042863774297
    endloop
  endfacet
  facet normal 0 0.736741141080842 -0.6761748967825548
    outer loop
      vertex 85.4433 8.890504366159439 19.300343590486047
      vertex 86.84329999991655 9.16071850657463 19.594761314499376
      vertex 86.84329999991655 8.890504366159439 19.300343590486047
    endloop
  endfacet
  facet normal 0 0.8090169940470056 -0.5877852527438464
    outer loop
      vertex 85.4433 8.65561263859272 18.977042863774297
      vertex 86.84329999991655 8.890504366159439 19.300343590486047
      vertex 86.84329999991655 8.65561263859272 18.977042863774297
    endloop
  endfacet
  facet normal 0 0.9211236560939454 -0.3892700992680055
    outer loop
      vertex 85.4433 8.459105497598648 18.629073853302
      vertex 86.84329999991655 8.459105497598648 18.629073853302
      vertex 85.4433 8.303544728457927 18.260972874867914
    endloop
  endfacet
  facet normal 0 0.8707460735008493 -0.4917329310538937
    outer loop
      vertex 86.84329999991655 8.65561263859272 18.977042863774297
      vertex 86.84329999991655 8.459105497598648 18.629073853302
      vertex 85.4433 8.459105497598648 18.629073853302
    endloop
  endfacet
  facet normal 0 0.9211236560939454 -0.3892700992680055
    outer loop
      vertex 85.4433 8.303544728457927 18.260972874867914
      vertex 86.84329999991655 8.459105497598648 18.629073853302
      vertex 86.84329999991655 8.303544728457927 18.260972874867914
    endloop
  endfacet
  facet normal 0 0.9594929724116374 -0.28173256093799465
    outer loop
      vertex 85.4433 8.303544728457927 18.260972874867914
      vertex 86.84329999991655 8.303544728457927 18.260972874867914
      vertex 85.4433 8.190958289802074 17.877538683521745
    endloop
  endfacet
  facet normal 0 0.9594929724116374 -0.28173256093799465
    outer loop
      vertex 85.4433 8.190958289802074 17.877538683521745
      vertex 86.84329999991655 8.303544728457927 18.260972874867914
      vertex 86.84329999991655 8.190958289802074 17.877538683521745
    endloop
  endfacet
  facet normal 1 0 0
    outer loop
      vertex 85.4433 8.65561263859272 18.977042863774297
      vertex 85.4433 8.459105497598648 18.629073853302
      vertex 85.4433 10.488859532773494 18.747739228117464
    endloop
  endfacet
  facet normal 1 0 0
    outer loop
      vertex 85.4433 8.65561263859272 18.977042863774297
      vertex 85.4433 10.488859532773494 18.747739228117464
      vertex 85.4433 10.83463313281536 18.932559068012235
    endloop
  endfacet
  facet normal 1 0 0
    outer loop
      vertex 85.4433 8.459105497598648 18.629073853302
      vertex 85.4433 8.303544728457927 18.260972874867914
      vertex 85.4433 9.937060771882534 18.195940467226503
    endloop
  endfacet
  facet normal 1 0 0
    outer loop
      vertex 85.4433 8.459105497598648 18.629073853302
      vertex 85.4433 10.185786439478397 18.4990135605216
      vertex 85.4433 10.488859532773494 18.747739228117464
    endloop
  endfacet
  facet normal 1 0 0
    outer loop
      vertex 85.4433 8.459105497598648 18.629073853302
      vertex 85.4433 9.937060771882534 18.195940467226503
      vertex 85.4433 10.185786439478397 18.4990135605216
    endloop
  endfacet
  facet normal 1 0 0
    outer loop
      vertex 85.4433 8.303544728457927 18.260972874867914
      vertex 85.4433 9.752240931987762 17.850166867184637
      vertex 85.4433 9.937060771882534 18.195940467226503
    endloop
  endfacet
  facet normal 1 0 0
    outer loop
      vertex 85.4433 8.303544728457927 18.260972874867914
      vertex 85.4433 8.190958289802074 17.877538683521745
      vertex 85.4433 9.752240931987762 17.850166867184637
    endloop
  endfacet
  facet normal 0 0.8707460735008493 -0.4917329310538937
    outer loop
      vertex 85.4433 8.65561263859272 18.977042863774297
      vertex 86.84329999991655 8.65561263859272 18.977042863774297
      vertex 85.4433 8.459105497598648 18.629073853302
    endloop
  endfacet
  facet normal 1 0 0
    outer loop
      vertex 85.4433 11.300487472116947 20.57196105520725
      vertex 85.4433 17.776172874867918 20.38125527154207
      vertex 85.4433 11.6 20.584799999999998
    endloop
  endfacet
  facet normal 1 0 0
    outer loop
      vertex 85.4433 10.904933369159698 20.515088963019846
      vertex 85.4433 18.144273853302003 20.22569450240135
      vertex 85.4433 11.300487472116947 20.57196105520725
    endloop
  endfacet
  facet normal 1 0 0
    outer loop
      vertex 85.4433 10.518440520763397 20.41349780808687
      vertex 85.4433 18.4922428637743 20.029187361407278
      vertex 85.4433 10.904933369159698 20.515088963019846
    endloop
  endfacet
  facet normal 1 0 0
    outer loop
      vertex 85.4433 10.518440520763397 20.41349780808687
      vertex 85.4433 10.146047456562519 20.26851198326349
      vertex 85.4433 18.81554359048605 19.79429563384056
    endloop
  endfacet
  facet normal 0 0 -1
    outer loop
      vertex 85.4433 11.6 20.584799999999998
      vertex 86.84329999991655 16.6 20.584799999999998
      vertex 86.84329999991655 11.6 20.584799999999998
    endloop
  endfacet
  facet normal 0 0.042826806938822126 -0.999082511411057
    outer loop
      vertex 85.4433 11.300487472116947 20.57196105520725
      vertex 85.4433 11.6 20.584799999999998
      vertex 86.84329999991655 11.6 20.584799999999998
    endloop
  endfacet
  facet normal 1 0 0
    outer loop
      vertex 85.4433 11.6 20.584799999999998
      vertex 85.4433 17.39273868352175 20.493841710197923
      vertex 85.4433 16.6 20.584799999999998
    endloop
  endfacet
  facet normal 1 0 0
    outer loop
      vertex 85.4433 11.6 20.584799999999998
      vertex 85.4433 17.776172874867918 20.38125527154207
      vertex 85.4433 17.39273868352175 20.493841710197923
    endloop
  endfacet
  facet normal 1 0 0
    outer loop
      vertex 85.4433 11.300487472116947 20.57196105520725
      vertex 85.4433 18.144273853302003 20.22569450240135
      vertex 85.4433 17.776172874867918 20.38125527154207
    endloop
  endfacet
  facet normal 1 0 0
    outer loop
      vertex 85.4433 16.6 20.584799999999998
      vertex 85.4433 17.39273868352175 20.493841710197923
      vertex 85.4433 16.99896993339062 20.561986076343057
    endloop
  endfacet
  facet normal 1 0 0
    outer loop
      vertex 85.4433 10.904933369159698 20.515088963019846
      vertex 85.4433 18.4922428637743 20.029187361407278
      vertex 85.4433 18.144273853302003 20.22569450240135
    endloop
  endfacet
  facet normal 1 0 0
    outer loop
      vertex 85.4433 10.518440520763397 20.41349780808687
      vertex 85.4433 18.81554359048605 19.79429563384056
      vertex 85.4433 18.4922428637743 20.029187361407278
    endloop
  endfacet
  facet normal 0 0 -1
    outer loop
      vertex 85.4433 11.6 20.584799999999998
      vertex 85.4433 16.6 20.584799999999998
      vertex 86.84329999991655 16.6 20.584799999999998
    endloop
  endfacet
  facet normal 0 -0.0570888044950146 -0.9983691042902569
    outer loop
      vertex 85.4433 16.6 20.584799999999998
      vertex 85.4433 16.99896993339062 20.561986076343057
      vertex 86.84329999991655 16.99896993339062 20.561986076343057
    endloop
  endfacet
  facet normal 0 -0.0570888044950146 -0.9983691042902569
    outer loop
      vertex 85.4433 16.6 20.584799999999998
      vertex 86.84329999991655 16.99896993339062 20.561986076343057
      vertex 86.84329999991655 16.6 20.584799999999998
    endloop
  endfacet
  facet normal 0 -0.17052219734201776 -0.9853538350327004
    outer loop
      vertex 85.4433 16.99896993339062 20.561986076343057
      vertex 86.84329999991655 17.39273868352175 20.493841710197923
      vertex 86.84329999991655 16.99896993339062 20.561986076343057
    endloop
  endfacet
  facet normal 0 -0.17052219734201776 -0.9853538350327004
    outer loop
      vertex 85.4433 16.99896993339062 20.561986076343057
      vertex 85.4433 17.39273868352175 20.493841710197923
      vertex 86.84329999991655 17.39273868352175 20.493841710197923
    endloop
  endfacet
  facet normal 0 -0.28173256093799465 -0.9594929724116374
    outer loop
      vertex 85.4433 17.39273868352175 20.493841710197923
      vertex 85.4433 17.776172874867918 20.38125527154207
      vertex 86.84329999991655 17.776172874867918 20.38125527154207
    endloop
  endfacet
  facet normal 0 -0.3892700992680055 -0.9211236560939454
    outer loop
      vertex 85.4433 17.776172874867918 20.38125527154207
      vertex 85.4433 18.144273853302003 20.22569450240135
      vertex 86.84329999991655 18.144273853302003 20.22569450240135
    endloop
  endfacet
  facet normal 0 -0.4917329310538937 -0.8707460735008493
    outer loop
      vertex 85.4433 18.144273853302003 20.22569450240135
      vertex 85.4433 18.4922428637743 20.029187361407278
      vertex 86.84329999991655 18.4922428637743 20.029187361407278
    endloop
  endfacet
  facet normal 0 -0.28173256093799465 -0.9594929724116374
    outer loop
      vertex 85.4433 17.39273868352175 20.493841710197923
      vertex 86.84329999991655 17.776172874867918 20.38125527154207
      vertex 86.84329999991655 17.39273868352175 20.493841710197923
    endloop
  endfacet
  facet normal 0 -0.3892700992680055 -0.9211236560939454
    outer loop
      vertex 85.4433 17.776172874867918 20.38125527154207
      vertex 86.84329999991655 18.144273853302003 20.22569450240135
      vertex 86.84329999991655 17.776172874867918 20.38125527154207
    endloop
  endfacet
  facet normal 0 -0.4917329310538937 -0.8707460735008493
    outer loop
      vertex 85.4433 18.144273853302003 20.22569450240135
      vertex 86.84329999991655 18.4922428637743 20.029187361407278
      vertex 86.84329999991655 18.144273853302003 20.22569450240135
    endloop
  endfacet
  facet normal 1 0 0
    outer loop
      vertex 85.4433 9.792608885467052 20.0820216039896
      vertex 85.4433 9.462732417881488 19.856457861769197
      vertex 85.4433 19.3716578617692 19.22206758211851
    endloop
  endfacet
  facet normal 1 0 0
    outer loop
      vertex 85.4433 9.792608885467052 20.0820216039896
      vertex 85.4433 19.10996131449938 19.524081493425367
      vertex 85.4433 10.146047456562519 20.26851198326349
    endloop
  endfacet
  facet normal 1 0 0
    outer loop
      vertex 85.4433 9.16071850657463 19.594761314499376
      vertex 85.4433 8.890504366159439 19.300343590486047
      vertex 85.4433 16.6 19.084799999999998
    endloop
  endfacet
  facet normal 1 0 0
    outer loop
      vertex 85.4433 9.462732417881488 19.856457861769197
      vertex 85.4433 9.16071850657463 19.594761314499376
      vertex 85.4433 19.597221603989603 18.892191114532945
    endloop
  endfacet
  facet normal 1 0 0
    outer loop
      vertex 85.4433 8.890504366159439 19.300343590486047
      vertex 85.4433 11.6 19.084799999999998
      vertex 85.4433 16.6 19.084799999999998
    endloop
  endfacet
  facet normal 1 0 0
    outer loop
      vertex 85.4433 10.146047456562519 20.26851198326349
      vertex 85.4433 19.10996131449938 19.524081493425367
      vertex 85.4433 18.81554359048605 19.79429563384056
    endloop
  endfacet
  facet normal 1 0 0
    outer loop
      vertex 85.4433 9.792608885467052 20.0820216039896
      vertex 85.4433 19.3716578617692 19.22206758211851
      vertex 85.4433 19.10996131449938 19.524081493425367
    endloop
  endfacet
  facet normal 1 0 0
    outer loop
      vertex 85.4433 9.16071850657463 19.594761314499376
      vertex 85.4433 16.6 19.084799999999998
      vertex 85.4433 19.597221603989603 18.892191114532945
    endloop
  endfacet
  facet normal 1 0 0
    outer loop
      vertex 85.4433 9.462732417881488 19.856457861769197
      vertex 85.4433 19.597221603989603 18.892191114532945
      vertex 85.4433 19.3716578617692 19.22206758211851
    endloop
  endfacet
  facet normal 1 0 0
    outer loop
      vertex 85.4433 16.6 19.084799999999998
      vertex 85.4433 16.9901806473732 19.046370560932157
      vertex 85.4433 19.597221603989603 18.892191114532945
    endloop
  endfacet
  facet normal 1 0 0
    outer loop
      vertex 85.4433 16.9901806473732 19.046370560932157
      vertex 85.4433 17.36536686718464 18.932559068012235
      vertex 85.4433 19.597221603989603 18.892191114532945
    endloop
  endfacet
  facet normal 0 -0.5877852527438464 -0.8090169940470056
    outer loop
      vertex 85.4433 18.4922428637743 20.029187361407278
      vertex 86.84329999991655 18.81554359048605 19.79429563384056
      vertex 86.84329999991655 18.4922428637743 20.029187361407278
    endloop
  endfacet
  facet normal 0 -0.5877852527438464 -0.8090169940470056
    outer loop
      vertex 85.4433 18.4922428637743 20.029187361407278
      vertex 85.4433 18.81554359048605 19.79429563384056
      vertex 86.84329999991655 18.81554359048605 19.79429563384056
    endloop
  endfacet
  facet normal 0 -0.6761748967825548 -0.736741141080842
    outer loop
      vertex 85.4433 18.81554359048605 19.79429563384056
      vertex 85.4433 19.10996131449938 19.524081493425367
      vertex 86.84329999991655 19.10996131449938 19.524081493425367
    endloop
  endfacet
  facet normal 0 -0.6761748967825548 -0.736741141080842
    outer loop
      vertex 85.4433 18.81554359048605 19.79429563384056
      vertex 86.84329999991655 19.10996131449938 19.524081493425367
      vertex 86.84329999991655 18.81554359048605 19.79429563384056
    endloop
  endfacet
  facet normal 0 -0.7557495701115757 -0.6548607388416016
    outer loop
      vertex 85.4433 19.10996131449938 19.524081493425367
      vertex 85.4433 19.3716578617692 19.22206758211851
      vertex 86.84329999991655 19.3716578617692 19.22206758211851
    endloop
  endfacet
  facet normal 0 -0.8254719040471659 -0.5644432085061761
    outer loop
      vertex 85.4433 19.3716578617692 19.22206758211851
      vertex 85.4433 19.597221603989603 18.892191114532945
      vertex 86.84329999991655 19.597221603989603 18.892191114532945
    endloop
  endfacet
  facet normal 0 -0.7557495701115757 -0.6548607388416016
    outer loop
      vertex 85.4433 19.10996131449938 19.524081493425367
      vertex 86.84329999991655 19.3716578617692 19.22206758211851
      vertex 86.84329999991655 19.10996131449938 19.524081493425367
    endloop
  endfacet
  facet normal 0 -0.8254719040471659 -0.5644432085061761
    outer loop
      vertex 85.4433 19.3716578617692 19.22206758211851
      vertex 86.84329999991655 19.597221603989603 18.892191114532945
      vertex 86.84329999991655 19.3716578617692 19.22206758211851
    endloop
  endfacet
  facet normal 1 0 0
    outer loop
      vertex 85.4433 17.36536686718464 18.932559068012235
      vertex 85.4433 17.711140467226507 18.747739228117464
      vertex 85.4433 19.597221603989603 18.892191114532945
    endloop
  endfacet
  facet normal 1 0 0
    outer loop
      vertex 85.4433 17.711140467226507 18.747739228117464
      vertex 85.4433 18.014213560521604 18.4990135605216
      vertex 85.4433 19.597221603989603 18.892191114532945
    endloop
  endfacet
  facet normal 1 0 0
    outer loop
      vertex 85.4433 18.014213560521604 18.4990135605216
      vertex 85.4433 19.783711983263494 18.53875254343748
      vertex 85.4433 19.597221603989603 18.892191114532945
    endloop
  endfacet
  facet normal 1 0 0
    outer loop
      vertex 85.4433 18.014213560521604 18.4990135605216
      vertex 85.4433 18.262939228117467 18.195940467226503
      vertex 85.4433 19.783711983263494 18.53875254343748
    endloop
  endfacet
  facet normal 1 0 0
    outer loop
      vertex 85.4433 19.783711983263494 18.53875254343748
      vertex 85.4433 18.262939228117467 18.195940467226503
      vertex 85.4433 19.928697808086874 18.1663594792366
    endloop
  endfacet
  facet normal 1 0 0
    outer loop
      vertex 85.4433 18.262939228117467 18.195940467226503
      vertex 85.4433 18.44775906801224 17.850166867184637
      vertex 85.4433 19.928697808086874 18.1663594792366
    endloop
  endfacet
  facet normal 1 0 0
    outer loop
      vertex 85.4433 18.44775906801224 17.850166867184637
      vertex 85.4433 20.03028896301985 17.7798666308403
      vertex 85.4433 19.928697808086874 18.1663594792366
    endloop
  endfacet
  facet normal 0 -0.8844329300095591 -0.4666673250986255
    outer loop
      vertex 85.4433 19.597221603989603 18.892191114532945
      vertex 85.4433 19.783711983263494 18.53875254343748
      vertex 86.84329999991655 19.783711983263494 18.53875254343748
    endloop
  endfacet
  facet normal 0 -0.8844329300095591 -0.4666673250986255
    outer loop
      vertex 85.4433 19.597221603989603 18.892191114532945
      vertex 86.84329999991655 19.783711983263494 18.53875254343748
      vertex 86.84329999991655 19.597221603989603 18.892191114532945
    endloop
  endfacet
  facet normal 0 -0.9318640275888512 -0.3628077095182577
    outer loop
      vertex 85.4433 19.783711983263494 18.53875254343748
      vertex 86.84329999991655 19.928697808086874 18.1663594792366
      vertex 86.84329999991655 19.783711983263494 18.53875254343748
    endloop
  endfacet
  facet normal 0 -0.9318640275888512 -0.3628077095182577
    outer loop
      vertex 85.4433 19.783711983263494 18.53875254343748
      vertex 85.4433 19.928697808086874 18.1663594792366
      vertex 86.84329999991655 19.928697808086874 18.1663594792366
    endloop
  endfacet
  facet normal 0 -0.967146856062064 -0.25421832901910385
    outer loop
      vertex 85.4433 19.928697808086874 18.1663594792366
      vertex 85.4433 20.03028896301985 17.7798666308403
      vertex 86.84329999991655 20.03028896301985 17.7798666308403
    endloop
  endfacet
  facet normal 0 -0.967146856062064 -0.25421832901910385
    outer loop
      vertex 85.4433 19.928697808086874 18.1663594792366
      vertex 86.84329999991655 20.03028896301985 17.7798666308403
      vertex 86.84329999991655 19.928697808086874 18.1663594792366
    endloop
  endfacet
  facet normal 0 0.9853538350327004 -0.17052219734201776
    outer loop
      vertex 85.4433 8.190958289802074 17.877538683521745
      vertex 86.84329999991655 8.190958289802074 17.877538683521745
      vertex 85.4433 8.12281392365694 17.483769933390615
    endloop
  endfacet
  facet normal 0 0.9983691042902569 -0.0570888044950146
    outer loop
      vertex 85.4433 8.12281392365694 17.483769933390615
      vertex 86.84329999991655 8.12281392365694 17.483769933390615
      vertex 85.4433 8.1 17.084799999999998
    endloop
  endfacet
  facet normal 0 0.9853538350327004 -0.17052219734201776
    outer loop
      vertex 86.84329999991655 8.190958289802074 17.877538683521745
      vertex 86.84329999991655 8.12281392365694 17.483769933390615
      vertex 85.4433 8.12281392365694 17.483769933390615
    endloop
  endfacet
  facet normal 0 0.9983691042902569 -0.0570888044950146
    outer loop
      vertex 85.4433 8.1 17.084799999999998
      vertex 86.84329999991655 8.12281392365694 17.483769933390615
      vertex 86.84329999991655 8.1 17.084799999999998
    endloop
  endfacet
  facet normal 1 0 0
    outer loop
      vertex 85.4433 8.190958289802074 17.877538683521745
      vertex 85.4433 9.63842943906784 17.474980647373197
      vertex 85.4433 9.752240931987762 17.850166867184637
    endloop
  endfacet
  facet normal 1 0 0
    outer loop
      vertex 85.4433 8.190958289802074 17.877538683521745
      vertex 85.4433 8.12281392365694 17.483769933390615
      vertex 85.4433 9.6 17.084799999999998
    endloop
  endfacet
  facet normal 1 0 0
    outer loop
      vertex 85.4433 8.190958289802074 17.877538683521745
      vertex 85.4433 9.6 17.084799999999998
      vertex 85.4433 9.63842943906784 17.474980647373197
    endloop
  endfacet
  facet normal 1 0 0
    outer loop
      vertex 85.4433 8.12281392365694 17.483769933390615
      vertex 85.4433 8.1 17.084799999999998
      vertex 85.4433 9.6 17.084799999999998
    endloop
  endfacet
  facet normal 0 1 0
    outer loop
      vertex 85.4433 8.1 17.084799999999998
      vertex 86.84329999991655 8.1 17.084799999999998
      vertex 85.4433 8.1 8.084799999999998
    endloop
  endfacet
  facet normal 1 0 0
    outer loop
      vertex 85.4433 8.1 17.084799999999998
      vertex 85.4433 8.1 8.084799999999998
      vertex 85.4433 9.6 17.084799999999998
    endloop
  endfacet
  facet normal 1 0 0
    outer loop
      vertex 85.4433 18.44775906801224 17.850166867184637
      vertex 85.4433 18.56157056093216 17.474980647373197
      vertex 85.4433 20.03028896301985 17.7798666308403
    endloop
  endfacet
  facet normal 1 0 0
    outer loop
      vertex 85.4433 18.56157056093216 17.474980647373197
      vertex 85.4433 20.087161055207254 17.38431252788305
      vertex 85.4433 20.03028896301985 17.7798666308403
    endloop
  endfacet
  facet normal 1 0 0
    outer loop
      vertex 85.4433 18.56157056093216 17.474980647373197
      vertex 85.4433 18.6 17.084799999999998
      vertex 85.4433 20.087161055207254 17.38431252788305
    endloop
  endfacet
  facet normal 1 0 0
    outer loop
      vertex 85.4433 18.6 17.084799999999998
      vertex 85.4433 20.1 17.084799999999998
      vertex 85.4433 20.087161055207254 17.38431252788305
    endloop
  endfacet
  facet normal 0 -0.9898214425572025 -0.14231483356972588
    outer loop
      vertex 85.4433 20.03028896301985 17.7798666308403
      vertex 85.4433 20.087161055207254 17.38431252788305
      vertex 86.84329999991655 20.087161055207254 17.38431252788305
    endloop
  endfacet
  facet normal 0 -0.9898214425572025 -0.14231483356972588
    outer loop
      vertex 85.4433 20.03028896301985 17.7798666308403
      vertex 86.84329999991655 20.087161055207254 17.38431252788305
      vertex 86.84329999991655 20.03028896301985 17.7798666308403
    endloop
  endfacet
  facet normal 0 -0.999082511411057 -0.042826806938822126
    outer loop
      vertex 85.4433 20.087161055207254 17.38431252788305
      vertex 86.84329999991655 20.1 17.084799999999998
      vertex 86.84329999991655 20.087161055207254 17.38431252788305
    endloop
  endfacet
  facet normal 0 -0.999082511411057 -0.042826806938822126
    outer loop
      vertex 85.4433 20.087161055207254 17.38431252788305
      vertex 85.4433 20.1 17.084799999999998
      vertex 86.84329999991655 20.1 17.084799999999998
    endloop
  endfacet
  facet normal 1 0 0
    outer loop
      vertex 85.4433 18.6 17.084799999999998
      vertex 85.4433 18.6 8.084799999999998
      vertex 85.4433 20.1 17.084799999999998
    endloop
  endfacet
  facet normal 0 -1 0
    outer loop
      vertex 85.4433 20.1 17.084799999999998
      vertex 86.84329999991655 20.1 8.084799999999998
      vertex 86.84329999991655 20.1 17.084799999999998
    endloop
  endfacet
  facet normal 0 1 0
    outer loop
      vertex 86.84329999991655 8.1 17.084799999999998
      vertex 86.84329999991655 8.1 8.084799999999998
      vertex 85.4433 8.1 8.084799999999998
    endloop
  endfacet
  facet normal 1 0 0
    outer loop
      vertex 85.4433 9.6 17.084799999999998
      vertex 85.4433 8.1 8.084799999999998
      vertex 85.4433 9.6 8.084799999999998
    endloop
  endfacet
  facet normal 1 0 0
    outer loop
      vertex 85.4433 20.1 17.084799999999998
      vertex 85.4433 18.6 8.084799999999998
      vertex 85.4433 20.1 8.084799999999998
    endloop
  endfacet
  facet normal 0 -1 0
    outer loop
      vertex 85.4433 20.1 17.084799999999998
      vertex 85.4433 20.1 8.084799999999998
      vertex 86.84329999991655 20.1 8.084799999999998
    endloop
  endfacet
  facet normal 0 0.999082511411057 0.042826806938822126
    outer loop
      vertex 85.4433 8.1 8.084799999999998
      vertex 86.84329999991655 8.1 8.084799999999998
      vertex 85.4433 8.112838944792747 7.785287472116945
    endloop
  endfacet
  facet normal 0 0.999082511411057 0.042826806938822126
    outer loop
      vertex 86.84329999991655 8.1 8.084799999999998
      vertex 86.84329999991655 8.112838944792747 7.785287472116945
      vertex 85.4433 8.112838944792747 7.785287472116945
    endloop
  endfacet
  facet normal 1 0 0
    outer loop
      vertex 85.4433 8.1 8.084799999999998
      vertex 85.4433 8.112838944792747 7.785287472116945
      vertex 85.4433 9.6 8.084799999999998
    endloop
  endfacet
  facet normal 1 0 0
    outer loop
      vertex 85.4433 9.6 8.084799999999998
      vertex 85.4433 8.112838944792747 7.785287472116945
      vertex 85.4433 9.63842943906784 7.694619352626798
    endloop
  endfacet
  facet normal 0 0.9898214425572025 0.14231483356972588
    outer loop
      vertex 85.4433 8.112838944792747 7.785287472116945
      vertex 86.84329999991655 8.112838944792747 7.785287472116945
      vertex 85.4433 8.169711036980152 7.389733369159696
    endloop
  endfacet
  facet normal 0 0.967146856062064 0.25421832901910385
    outer loop
      vertex 85.4433 8.169711036980152 7.389733369159696
      vertex 86.84329999991655 8.169711036980152 7.389733369159696
      vertex 85.4433 8.271302191913128 7.003240520763395
    endloop
  endfacet
  facet normal 0 0.9898214425572025 0.14231483356972588
    outer loop
      vertex 85.4433 8.169711036980152 7.389733369159696
      vertex 86.84329999991655 8.112838944792747 7.785287472116945
      vertex 86.84329999991655 8.169711036980152 7.389733369159696
    endloop
  endfacet
  facet normal 0 0.9318640275888512 0.3628077095182577
    outer loop
      vertex 85.4433 8.271302191913128 7.003240520763395
      vertex 86.84329999991655 8.271302191913128 7.003240520763395
      vertex 85.4433 8.416288016736507 6.630847456562517
    endloop
  endfacet
  facet normal 0 0.967146856062064 0.25421832901910385
    outer loop
      vertex 85.4433 8.271302191913128 7.003240520763395
      vertex 86.84329999991655 8.169711036980152 7.389733369159696
      vertex 86.84329999991655 8.271302191913128 7.003240520763395
    endloop
  endfacet
  facet normal 0 0.9318640275888512 0.3628077095182577
    outer loop
      vertex 86.84329999991655 8.271302191913128 7.003240520763395
      vertex 86.84329999991655 8.416288016736507 6.630847456562517
      vertex 85.4433 8.416288016736507 6.630847456562517
    endloop
  endfacet
  facet normal 1 0 0
    outer loop
      vertex 85.4433 8.112838944792747 7.785287472116945
      vertex 85.4433 8.169711036980152 7.389733369159696
      vertex 85.4433 9.63842943906784 7.694619352626798
    endloop
  endfacet
  facet normal 1 0 0
    outer loop
      vertex 85.4433 8.169711036980152 7.389733369159696
      vertex 85.4433 9.752240931987762 7.319433132815359
      vertex 85.4433 9.63842943906784 7.694619352626798
    endloop
  endfacet
  facet normal 1 0 0
    outer loop
      vertex 85.4433 8.169711036980152 7.389733369159696
      vertex 85.4433 8.271302191913128 7.003240520763395
      vertex 85.4433 9.752240931987762 7.319433132815359
    endloop
  endfacet
  facet normal 1 0 0
    outer loop
      vertex 85.4433 8.271302191913128 7.003240520763395
      vertex 85.4433 9.937060771882534 6.9736595327734925
      vertex 85.4433 9.752240931987762 7.319433132815359
    endloop
  endfacet
  facet normal 1 0 0
    outer loop
      vertex 85.4433 8.271302191913128 7.003240520763395
      vertex 85.4433 8.416288016736507 6.630847456562517
      vertex 85.4433 9.937060771882534 6.9736595327734925
    endloop
  endfacet
  facet normal 1 0 0
    outer loop
      vertex 85.4433 9.937060771882534 6.9736595327734925
      vertex 85.4433 8.416288016736507 6.630847456562517
      vertex 85.4433 10.185786439478397 6.670586439478395
    endloop
  endfacet
  facet normal 0 0.8844329300095591 0.4666673250986255
    outer loop
      vertex 85.4433 8.416288016736507 6.630847456562517
      vertex 86.84329999991655 8.416288016736507 6.630847456562517
      vertex 85.4433 8.602778396010399 6.27740888546705
    endloop
  endfacet
  facet normal 0 0.8844329300095591 0.4666673250986255
    outer loop
      vertex 86.84329999991655 8.416288016736507 6.630847456562517
      vertex 86.84329999991655 8.602778396010399 6.27740888546705
      vertex 85.4433 8.602778396010399 6.27740888546705
    endloop
  endfacet
  facet normal 1 0 0
    outer loop
      vertex 85.4433 8.416288016736507 6.630847456562517
      vertex 85.4433 8.602778396010399 6.27740888546705
      vertex 85.4433 10.185786439478397 6.670586439478395
    endloop
  endfacet
  facet normal 1 0 0
    outer loop
      vertex 85.4433 8.602778396010399 6.27740888546705
      vertex 85.4433 10.488859532773494 6.421860771882532
      vertex 85.4433 10.185786439478397 6.670586439478395
    endloop
  endfacet
  facet normal 1 0 0
    outer loop
      vertex 85.4433 8.602778396010399 6.27740888546705
      vertex 85.4433 10.83463313281536 6.23704093198776
      vertex 85.4433 10.488859532773494 6.421860771882532
    endloop
  endfacet
  facet normal 1 0 0
    outer loop
      vertex 85.4433 8.602778396010399 6.27740888546705
      vertex 85.4433 11.2098193526268 6.123229439067838
      vertex 85.4433 10.83463313281536 6.23704093198776
    endloop
  endfacet
  facet normal 1 0 0
    outer loop
      vertex 85.4433 8.602778396010399 6.27740888546705
      vertex 85.4433 11.6 6.084799999999998
      vertex 85.4433 11.2098193526268 6.123229439067838
    endloop
  endfacet
  facet normal 0 0.8254719040471659 0.5644432085061761
    outer loop
      vertex 85.4433 8.602778396010399 6.27740888546705
      vertex 86.84329999991655 8.602778396010399 6.27740888546705
      vertex 85.4433 8.8283421382308 5.947532417881487
    endloop
  endfacet
  facet normal 0 0.7557495701115757 0.6548607388416016
    outer loop
      vertex 85.4433 8.8283421382308 5.947532417881487
      vertex 86.84329999991655 8.8283421382308 5.947532417881487
      vertex 85.4433 9.090038685500621 5.6455185065746285
    endloop
  endfacet
  facet normal 0 0.8254719040471659 0.5644432085061761
    outer loop
      vertex 85.4433 8.8283421382308 5.947532417881487
      vertex 86.84329999991655 8.602778396010399 6.27740888546705
      vertex 86.84329999991655 8.8283421382308 5.947532417881487
    endloop
  endfacet
  facet normal 0 0.7557495701115757 0.6548607388416016
    outer loop
      vertex 85.4433 9.090038685500621 5.6455185065746285
      vertex 86.84329999991655 8.8283421382308 5.947532417881487
      vertex 86.84329999991655 9.090038685500621 5.6455185065746285
    endloop
  endfacet
  facet normal 1 0 0
    outer loop
      vertex 85.4433 10.807261316478252 4.675758289802072
      vertex 85.4433 11.201030066609382 4.607613923656938
      vertex 85.4433 11.6 4.584799999999998
    endloop
  endfacet
  facet normal 0 0.6761748967825548 0.736741141080842
    outer loop
      vertex 85.4433 9.090038685500621 5.6455185065746285
      vertex 86.84329999991655 9.090038685500621 5.6455185065746285
      vertex 85.4433 9.38445640951395 5.375304366159437
    endloop
  endfacet
  facet normal 0 0.5877852527438464 0.8090169940470056
    outer loop
      vertex 85.4433 9.38445640951395 5.375304366159437
      vertex 86.84329999991655 9.38445640951395 5.375304366159437
      vertex 85.4433 9.7077571362257 5.140412638592718
    endloop
  endfacet
  facet normal 0 0.4917329310538937 0.8707460735008493
    outer loop
      vertex 85.4433 9.7077571362257 5.140412638592718
      vertex 86.84329999991655 9.7077571362257 5.140412638592718
      vertex 85.4433 10.055726146697998 4.943905497598646
    endloop
  endfacet
  facet normal 0 0.6761748967825548 0.736741141080842
    outer loop
      vertex 86.84329999991655 9.090038685500621 5.6455185065746285
      vertex 86.84329999991655 9.38445640951395 5.375304366159437
      vertex 85.4433 9.38445640951395 5.375304366159437
    endloop
  endfacet
  facet normal 0 0.5877852527438464 0.8090169940470056
    outer loop
      vertex 85.4433 9.7077571362257 5.140412638592718
      vertex 86.84329999991655 9.38445640951395 5.375304366159437
      vertex 86.84329999991655 9.7077571362257 5.140412638592718
    endloop
  endfacet
  facet normal 0 0.49173293105389365 0.8707460735008494
    outer loop
      vertex 85.4433 10.055726146697998 4.943905497598646
      vertex 86.84329999991655 9.7077571362257 5.140412638592718
      vertex 86.84106811370847 10.055726146697998 4.943905497598646
    endloop
  endfacet
  facet normal 1.7254790055057115e-13 0.49173293105389454 0.8707460735008489
    outer loop
      vertex 86.84329999991655 9.7077571362257 5.140412638592718
      vertex 86.84329999991655 9.956395667435038 5
      vertex 86.84106811370847 10.055726146697998 4.943905497598646
    endloop
  endfacet
  facet normal 0 0.3892700992680055 0.9211236560939455
    outer loop
      vertex 85.4433 10.055726146697998 4.943905497598646
      vertex 86.84106811370847 10.055726146697998 4.943905497598646
      vertex 85.4433 10.423827125132084 4.7883447284579255
    endloop
  endfacet
  facet normal 0 0.28173256093799465 0.9594929724116374
    outer loop
      vertex 85.4433 10.423827125132084 4.7883447284579255
      vertex 86.83487866696595 10.423827125132084 4.7883447284579255
      vertex 85.4433 10.807261316478252 4.675758289802072
    endloop
  endfacet
  facet normal 0 0.1705221973420178 0.9853538350327005
    outer loop
      vertex 85.4433 10.807261316478252 4.675758289802072
      vertex 86.8303990814648 10.807261316478252 4.675758289802072
      vertex 85.4433 11.201030066609382 4.607613923656938
    endloop
  endfacet
  facet normal -5.144930412728398e-16 0.057088804495014606 0.998369104290257
    outer loop
      vertex 85.4433 11.201030066609382 4.607613923656938
      vertex 86.82749419667721 11.286105036348028 4.602749161422253
      vertex 85.4433 11.6 4.584799999999998
    endloop
  endfacet
  facet normal 0 0.3892700992680056 0.9211236560939455
    outer loop
      vertex 85.4433 10.423827125132084 4.7883447284579255
      vertex 86.84106811370847 10.055726146697998 4.943905497598646
      vertex 86.83487866696595 10.423827125132084 4.7883447284579255
    endloop
  endfacet
  facet normal 0 0.2817325609379947 0.9594929724116374
    outer loop
      vertex 85.4433 10.807261316478252 4.675758289802072
      vertex 86.83487866696595 10.423827125132084 4.7883447284579255
      vertex 86.8303990814648 10.807261316478252 4.675758289802072
    endloop
  endfacet
  facet normal 0 0.17052219734201776 0.9853538350327004
    outer loop
      vertex 85.4433 11.201030066609382 4.607613923656938
      vertex 86.8303990814648 10.807261316478252 4.675758289802072
      vertex 86.82768775567625 11.201030066609382 4.607613923656938
    endloop
  endfacet
  facet normal 0 0.05708880449500626 0.9983691042902575
    outer loop
      vertex 85.4433 11.201030066609382 4.607613923656938
      vertex 86.82768775567625 11.201030066609382 4.607613923656938
      vertex 86.82749419667721 11.286105036348028 4.602749161422253
    endloop
  endfacet
  facet normal 1 0 0
    outer loop
      vertex 85.4433 18.6 8.084799999999998
      vertex 85.4433 20.07718607634306 7.68583006660938
      vertex 85.4433 20.1 8.084799999999998
    endloop
  endfacet
  facet normal 0 -0.9983691042902569 0.0570888044950146
    outer loop
      vertex 85.4433 20.1 8.084799999999998
      vertex 85.4433 20.07718607634306 7.68583006660938
      vertex 86.84329999991655 20.07718607634306 7.68583006660938
    endloop
  endfacet
  facet normal 0 -0.9983691042902569 0.0570888044950146
    outer loop
      vertex 85.4433 20.1 8.084799999999998
      vertex 86.84329999991655 20.07718607634306 7.68583006660938
      vertex 86.84329999991655 20.1 8.084799999999998
    endloop
  endfacet
  facet normal 1 0 0
    outer loop
      vertex 85.4433 18.6 8.084799999999998
      vertex 85.4433 18.56157056093216 7.694619352626798
      vertex 85.4433 20.009041710197927 7.29206131647825
    endloop
  endfacet
  facet normal 1 0 0
    outer loop
      vertex 85.4433 18.6 8.084799999999998
      vertex 85.4433 20.009041710197927 7.29206131647825
      vertex 85.4433 20.07718607634306 7.68583006660938
    endloop
  endfacet
  facet normal 1 0 0
    outer loop
      vertex 85.4433 18.56157056093216 7.694619352626798
      vertex 85.4433 18.44775906801224 7.319433132815359
      vertex 85.4433 20.009041710197927 7.29206131647825
    endloop
  endfacet
  facet normal 1 0 0
    outer loop
      vertex 85.4433 18.44775906801224 7.319433132815359
      vertex 85.4433 18.262939228117467 6.9736595327734925
      vertex 85.4433 19.896455271542074 6.908627125132082
    endloop
  endfacet
  facet normal 1 0 0
    outer loop
      vertex 85.4433 18.44775906801224 7.319433132815359
      vertex 85.4433 19.896455271542074 6.908627125132082
      vertex 85.4433 20.009041710197927 7.29206131647825
    endloop
  endfacet
  facet normal 1 0 0
    outer loop
      vertex 85.4433 18.262939228117467 6.9736595327734925
      vertex 85.4433 18.014213560521604 6.670586439478395
      vertex 85.4433 19.740894502401353 6.540526146697996
    endloop
  endfacet
  facet normal 1 0 0
    outer loop
      vertex 85.4433 18.262939228117467 6.9736595327734925
      vertex 85.4433 19.740894502401353 6.540526146697996
      vertex 85.4433 19.896455271542074 6.908627125132082
    endloop
  endfacet
  facet normal 0 -0.9853538350327004 0.17052219734201776
    outer loop
      vertex 85.4433 20.009041710197927 7.29206131647825
      vertex 86.84329999991655 20.009041710197927 7.29206131647825
      vertex 85.4433 20.07718607634306 7.68583006660938
    endloop
  endfacet
  facet normal 0 -0.9594929724116374 0.28173256093799465
    outer loop
      vertex 85.4433 20.009041710197927 7.29206131647825
      vertex 85.4433 19.896455271542074 6.908627125132082
      vertex 86.84329999991655 19.896455271542074 6.908627125132082
    endloop
  endfacet
  facet normal 0 -0.9594929724116374 0.28173256093799465
    outer loop
      vertex 85.4433 20.009041710197927 7.29206131647825
      vertex 86.84329999991655 19.896455271542074 6.908627125132082
      vertex 86.84329999991655 20.009041710197927 7.29206131647825
    endloop
  endfacet
  facet normal 0 -0.9211236560939454 0.3892700992680055
    outer loop
      vertex 85.4433 19.896455271542074 6.908627125132082
      vertex 86.84329999991655 19.740894502401353 6.540526146697996
      vertex 86.84329999991655 19.896455271542074 6.908627125132082
    endloop
  endfacet
  facet normal 0 -0.9853538350327004 0.17052219734201776
    outer loop
      vertex 86.84329999991655 20.009041710197927 7.29206131647825
      vertex 86.84329999991655 20.07718607634306 7.68583006660938
      vertex 85.4433 20.07718607634306 7.68583006660938
    endloop
  endfacet
  facet normal 1 0 0
    outer loop
      vertex 85.4433 8.602778396010399 6.27740888546705
      vertex 85.4433 8.8283421382308 5.947532417881487
      vertex 85.4433 18.737267582118513 5.313142138230798
    endloop
  endfacet
  facet normal 1 0 0
    outer loop
      vertex 85.4433 8.602778396010399 6.27740888546705
      vertex 85.4433 19.03928149342537 5.57483868550062
      vertex 85.4433 11.6 6.084799999999998
    endloop
  endfacet
  facet normal 1 0 0
    outer loop
      vertex 85.4433 8.602778396010399 6.27740888546705
      vertex 85.4433 18.737267582118513 5.313142138230798
      vertex 85.4433 19.03928149342537 5.57483868550062
    endloop
  endfacet
  facet normal 1 0 0
    outer loop
      vertex 85.4433 11.6 6.084799999999998
      vertex 85.4433 19.309495633840562 5.869256409513948
      vertex 85.4433 16.6 6.084799999999998
    endloop
  endfacet
  facet normal 1 0 0
    outer loop
      vertex 85.4433 11.6 6.084799999999998
      vertex 85.4433 19.03928149342537 5.57483868550062
      vertex 85.4433 19.309495633840562 5.869256409513948
    endloop
  endfacet
  facet normal 1 0 0
    outer loop
      vertex 85.4433 8.8283421382308 5.947532417881487
      vertex 85.4433 9.090038685500621 5.6455185065746285
      vertex 85.4433 18.40739111453295 5.087578396010397
    endloop
  endfacet
  facet normal 1 0 0
    outer loop
      vertex 85.4433 9.090038685500621 5.6455185065746285
      vertex 85.4433 9.38445640951395 5.375304366159437
      vertex 85.4433 18.053952543437482 4.901088016736505
    endloop
  endfacet
  facet normal 1 0 0
    outer loop
      vertex 85.4433 9.38445640951395 5.375304366159437
      vertex 85.4433 9.7077571362257 5.140412638592718
      vertex 85.4433 17.681559479236604 4.756102191913126
    endloop
  endfacet
  facet normal 1 0 0
    outer loop
      vertex 85.4433 9.7077571362257 5.140412638592718
      vertex 85.4433 10.055726146697998 4.943905497598646
      vertex 85.4433 17.295066630840303 4.65451103698015
    endloop
  endfacet
  facet normal 1 0 0
    outer loop
      vertex 85.4433 10.055726146697998 4.943905497598646
      vertex 85.4433 10.423827125132084 4.7883447284579255
      vertex 85.4433 16.899512527883054 4.597638944792745
    endloop
  endfacet
  facet normal 1 0 0
    outer loop
      vertex 85.4433 10.423827125132084 4.7883447284579255
      vertex 85.4433 10.807261316478252 4.675758289802072
      vertex 85.4433 16.6 4.584799999999998
    endloop
  endfacet
  facet normal 1 0 0
    outer loop
      vertex 85.4433 10.807261316478252 4.675758289802072
      vertex 85.4433 11.6 4.584799999999998
      vertex 85.4433 16.6 4.584799999999998
    endloop
  endfacet
  facet normal 6.732327603738695e-19 0.05708880449501687 0.9983691042902569
    outer loop
      vertex 86.82749419667721 11.286105036348028 4.602749161422253
      vertex 86.82534262651986 11.6 4.584799999999998
      vertex 85.4433 11.6 4.584799999999998
    endloop
  endfacet
  facet normal 0 0 1
    outer loop
      vertex 85.4433 11.6 4.584799999999998
      vertex 86.82534262651986 11.6 4.584799999999998
      vertex 85.4433 16.6 4.584799999999998
    endloop
  endfacet
  facet normal 1 0 0
    outer loop
      vertex 85.4433 8.8283421382308 5.947532417881487
      vertex 85.4433 18.40739111453295 5.087578396010397
      vertex 85.4433 18.737267582118513 5.313142138230798
    endloop
  endfacet
  facet normal 1 0 0
    outer loop
      vertex 85.4433 9.090038685500621 5.6455185065746285
      vertex 85.4433 18.053952543437482 4.901088016736505
      vertex 85.4433 18.40739111453295 5.087578396010397
    endloop
  endfacet
  facet normal 1 0 0
    outer loop
      vertex 85.4433 9.38445640951395 5.375304366159437
      vertex 85.4433 17.681559479236604 4.756102191913126
      vertex 85.4433 18.053952543437482 4.901088016736505
    endloop
  endfacet
  facet normal 1 0 0
    outer loop
      vertex 85.4433 9.7077571362257 5.140412638592718
      vertex 85.4433 17.295066630840303 4.65451103698015
      vertex 85.4433 17.681559479236604 4.756102191913126
    endloop
  endfacet
  facet normal 1 0 0
    outer loop
      vertex 85.4433 10.055726146697998 4.943905497598646
      vertex 85.4433 16.899512527883054 4.597638944792745
      vertex 85.4433 17.295066630840303 4.65451103698015
    endloop
  endfacet
  facet normal 1 0 0
    outer loop
      vertex 85.4433 10.423827125132084 4.7883447284579255
      vertex 85.4433 16.6 4.584799999999998
      vertex 85.4433 16.899512527883054 4.597638944792745
    endloop
  endfacet
  facet normal 0 0 1
    outer loop
      vertex 86.82534262651986 11.6 4.584799999999998
      vertex 86.82534262651986 16.6 4.584799999999998
      vertex 85.4433 16.6 4.584799999999998
    endloop
  endfacet
  facet normal 0 -0.042826806938822126 0.999082511411057
    outer loop
      vertex 85.4433 16.899512527883054 4.597638944792745
      vertex 85.4433 16.6 4.584799999999998
      vertex 86.82534262651986 16.6 4.584799999999998
    endloop
  endfacet
  facet normal -4.965822000147754e-17 -0.14231483356972585 0.9898214425572024
    outer loop
      vertex 85.4433 16.899512527883054 4.597638944792745
      vertex 86.82749419667721 16.935054866437106 4.602749161422253
      vertex 85.4433 17.295066630840303 4.65451103698015
    endloop
  endfacet
  facet normal 0 -0.04282680693882212 0.999082511411057
    outer loop
      vertex 85.4433 16.899512527883054 4.597638944792745
      vertex 86.82534262651986 16.6 4.584799999999998
      vertex 86.82688163382042 16.899512527883054 4.597638944792745
    endloop
  endfacet
  facet normal 0 -0.14231483356972774 0.9898214425572021
    outer loop
      vertex 85.4433 16.899512527883054 4.597638944792745
      vertex 86.82688163382042 16.899512527883054 4.597638944792745
      vertex 86.82749419667721 16.935054866437106 4.602749161422253
    endloop
  endfacet
  facet normal 1 0 0
    outer loop
      vertex 85.4433 17.711140467226507 6.421860771882532
      vertex 85.4433 19.740894502401353 6.540526146697996
      vertex 85.4433 18.014213560521604 6.670586439478395
    endloop
  endfacet
  facet normal 1 0 0
    outer loop
      vertex 85.4433 17.711140467226507 6.421860771882532
      vertex 85.4433 17.36536686718464 6.23704093198776
      vertex 85.4433 19.54438736140728 6.192557136225698
    endloop
  endfacet
  facet normal 1 0 0
    outer loop
      vertex 85.4433 17.711140467226507 6.421860771882532
      vertex 85.4433 19.54438736140728 6.192557136225698
      vertex 85.4433 19.740894502401353 6.540526146697996
    endloop
  endfacet
  facet normal 1 0 0
    outer loop
      vertex 85.4433 16.9901806473732 6.123229439067838
      vertex 85.4433 19.309495633840562 5.869256409513948
      vertex 85.4433 17.36536686718464 6.23704093198776
    endloop
  endfacet
  facet normal 1 0 0
    outer loop
      vertex 85.4433 16.9901806473732 6.123229439067838
      vertex 85.4433 16.6 6.084799999999998
      vertex 85.4433 19.309495633840562 5.869256409513948
    endloop
  endfacet
  facet normal 1 0 0
    outer loop
      vertex 85.4433 17.36536686718464 6.23704093198776
      vertex 85.4433 19.309495633840562 5.869256409513948
      vertex 85.4433 19.54438736140728 6.192557136225698
    endloop
  endfacet
  facet normal 0 -0.9211236560939454 0.3892700992680055
    outer loop
      vertex 85.4433 19.896455271542074 6.908627125132082
      vertex 85.4433 19.740894502401353 6.540526146697996
      vertex 86.84329999991655 19.740894502401353 6.540526146697996
    endloop
  endfacet
  facet normal 0 -0.8707460735008493 0.4917329310538937
    outer loop
      vertex 85.4433 19.740894502401353 6.540526146697996
      vertex 85.4433 19.54438736140728 6.192557136225698
      vertex 86.84329999991655 19.54438736140728 6.192557136225698
    endloop
  endfacet
  facet normal 0 -0.8707460735008493 0.4917329310538937
    outer loop
      vertex 85.4433 19.740894502401353 6.540526146697996
      vertex 86.84329999991655 19.54438736140728 6.192557136225698
      vertex 86.84329999991655 19.740894502401353 6.540526146697996
    endloop
  endfacet
  facet normal 0 -0.8090169940470056 0.5877852527438464
    outer loop
      vertex 85.4433 19.54438736140728 6.192557136225698
      vertex 85.4433 19.309495633840562 5.869256409513948
      vertex 86.84329999991655 19.309495633840562 5.869256409513948
    endloop
  endfacet
  facet normal 0 -0.736741141080842 0.6761748967825548
    outer loop
      vertex 85.4433 19.309495633840562 5.869256409513948
      vertex 85.4433 19.03928149342537 5.57483868550062
      vertex 86.84329999991655 19.03928149342537 5.57483868550062
    endloop
  endfacet
  facet normal 0 -0.8090169940470056 0.5877852527438464
    outer loop
      vertex 85.4433 19.54438736140728 6.192557136225698
      vertex 86.84329999991655 19.309495633840562 5.869256409513948
      vertex 86.84329999991655 19.54438736140728 6.192557136225698
    endloop
  endfacet
  facet normal 0 -0.736741141080842 0.6761748967825548
    outer loop
      vertex 85.4433 19.309495633840562 5.869256409513948
      vertex 86.84329999991655 19.03928149342537 5.57483868550062
      vertex 86.84329999991655 19.309495633840562 5.869256409513948
    endloop
  endfacet
  facet normal 0 -0.5644432085061761 0.8254719040471659
    outer loop
      vertex 85.4433 18.40739111453295 5.087578396010397
      vertex 86.84329999991655 18.40739111453295 5.087578396010397
      vertex 85.4433 18.737267582118513 5.313142138230798
    endloop
  endfacet
  facet normal 0 -0.4666673250986255 0.8844329300095591
    outer loop
      vertex 85.4433 18.40739111453295 5.087578396010397
      vertex 86.83936449319472 18.053952543437482 4.901088016736505
      vertex 86.84329999991655 18.40739111453295 5.087578396010397
    endloop
  endfacet
  facet normal 0 -0.6548607388416016 0.7557495701115757
    outer loop
      vertex 85.4433 19.03928149342537 5.57483868550062
      vertex 85.4433 18.737267582118513 5.313142138230798
      vertex 86.84329999991655 18.737267582118513 5.313142138230798
    endloop
  endfacet
  facet normal 0 -0.6548607388416016 0.7557495701115757
    outer loop
      vertex 85.4433 19.03928149342537 5.57483868550062
      vertex 86.84329999991655 18.737267582118513 5.313142138230798
      vertex 86.84329999991655 19.03928149342537 5.57483868550062
    endloop
  endfacet
  facet normal 0 -0.5644432085061761 0.8254719040471659
    outer loop
      vertex 85.4433 18.737267582118513 5.313142138230798
      vertex 86.84329999991655 18.40739111453295 5.087578396010397
      vertex 86.84329999991655 18.737267582118513 5.313142138230798
    endloop
  endfacet
  facet normal 0 -0.36280770951825775 0.9318640275888515
    outer loop
      vertex 85.4433 17.681559479236604 4.756102191913126
      vertex 86.83359580198727 17.681559479236604 4.756102191913126
      vertex 85.4433 18.053952543437482 4.901088016736505
    endloop
  endfacet
  facet normal 0 -0.46666732509862546 0.884432930009559
    outer loop
      vertex 85.4433 18.40739111453295 5.087578396010397
      vertex 85.4433 18.053952543437482 4.901088016736505
      vertex 86.83936449319472 18.053952543437482 4.901088016736505
    endloop
  endfacet
  facet normal 0 -0.25421832901910396 0.9671468560620641
    outer loop
      vertex 85.4433 17.681559479236604 4.756102191913126
      vertex 85.4433 17.295066630840303 4.65451103698015
      vertex 86.82955369647158 17.295066630840303 4.65451103698015
    endloop
  endfacet
  facet normal 0 -0.3628077095182577 0.9318640275888513
    outer loop
      vertex 85.4433 18.053952543437482 4.901088016736505
      vertex 86.83359580198727 17.681559479236604 4.756102191913126
      vertex 86.83936449319472 18.053952543437482 4.901088016736505
    endloop
  endfacet
  facet normal 7.526052598609466e-13 -0.46666732509863207 0.8844329300095557
    outer loop
      vertex 86.84329999991655 18.40739111453295 5.087578396010397
      vertex 86.83936449319472 18.053952543437482 4.901088016736505
      vertex 86.84329999991655 18.241411597169822 5
    endloop
  endfacet
  facet normal 7.735578824933813e-19 -0.14231483356972566 0.9898214425572025
    outer loop
      vertex 86.82749419667721 16.935054866437106 4.602749161422253
      vertex 86.82955369647158 17.295066630840303 4.65451103698015
      vertex 85.4433 17.295066630840303 4.65451103698015
    endloop
  endfacet
  facet normal 0 -0.25421832901910385 0.9671468560620639
    outer loop
      vertex 85.4433 17.681559479236604 4.756102191913126
      vertex 86.82955369647158 17.295066630840303 4.65451103698015
      vertex 86.83359580198727 17.681559479236604 4.756102191913126
    endloop
  endfacet
  facet normal 0 0.9217487940173309 -0.38778752007716283
    outer loop
      vertex 84.44330000140667 11.377761086821556 31.17292890548706
      vertex 86.84329999991655 11.531453220546245 31.538246332108972
      vertex 86.84329999991655 11.377761086821556 31.17292890548706
    endloop
  endfacet
  facet normal 0 0.3673015950300477 -0.9301018967233551
    outer loop
      vertex 84.44330000140667 14.120413428544998 33.855564555525774
      vertex 86.84329999991655 14.120413428544998 33.855564555525774
      vertex 84.44330000140667 13.751785410940647 33.70999162495136
    endloop
  endfacet
  facet normal 0 0.5253252434740205 -0.8509015151995917
    outer loop
      vertex 84.44330000140667 13.397465652227401 33.53240895867347
      vertex 86.84329999991655 13.397465652227401 33.53240895867347
      vertex 84.44330000140667 13.060227191448211 33.32420639544725
    endloop
  endfacet
  facet normal 0 0.44806679405762384 -0.8940000828092372
    outer loop
      vertex 84.44330000140667 13.751785410940647 33.70999162495136
      vertex 86.84329999991655 13.751785410940647 33.70999162495136
      vertex 84.44330000140667 13.397465652227401 33.53240895867347
    endloop
  endfacet
  facet normal 0 0.28366177880440635 -0.9589243949579759
    outer loop
      vertex 84.44330000140667 14.120413428544998 33.855564555525774
      vertex 86.84329999991655 14.500464691221714 33.967988452315325
      vertex 86.84329999991655 14.120413428544998 33.855564555525774
    endloop
  endfacet
  facet normal 0 0.3673015950300477 -0.9301018967233551
    outer loop
      vertex 84.44330000140667 13.751785410940647 33.70999162495136
      vertex 86.84329999991655 14.120413428544998 33.855564555525774
      vertex 86.84329999991655 13.751785410940647 33.70999162495136
    endloop
  endfacet
  facet normal 0 0.44806679405762384 -0.8940000828092372
    outer loop
      vertex 84.44330000140667 13.397465652227401 33.53240895867347
      vertex 86.84329999991655 13.751785410940647 33.70999162495136
      vertex 86.84329999991655 13.397465652227401 33.53240895867347
    endloop
  endfacet
  facet normal 0 0.5253252434740205 -0.8509015151995917
    outer loop
      vertex 86.84329999991655 13.397465652227401 33.53240895867347
      vertex 86.84329999991655 13.060227191448211 33.32420639544725
      vertex 84.44330000140667 13.060227191448211 33.32420639544725
    endloop
  endfacet
  facet normal 0 0.19780191083779844 -0.9802420130094995
    outer loop
      vertex 84.44330000140667 14.500464691221714 33.967988452315325
      vertex 84.44330000140667 14.88896477818489 34.046383439004416
      vertex 86.84329999991655 14.88896477818489 34.046383439004416
    endloop
  endfacet
  facet normal 0 0.11039398850123419 -0.9938879047975127
    outer loop
      vertex 84.44330000140667 14.88896477818489 34.046383439004416
      vertex 84.44330000140667 15.282873152196407 34.09013597518205
      vertex 86.84329999991655 15.282873152196407 34.09013597518205
    endloop
  endfacet
  facet normal 0 0.03317974755027905 -0.9994494005963983
    outer loop
      vertex 84.44330000140667 15.282873152196407 34.09013597518205
      vertex 84.44330000140667 15.579999996721744 34.099999999999994
      vertex 86.84329999991655 15.579999996721744 34.099999999999994
    endloop
  endfacet
  facet normal 0 0 -1
    outer loop
      vertex 84.44330000140667 15.579999996721744 34.099999999999994
      vertex 84.44330000140667 15.620000003278255 34.099999999999994
      vertex 86.84329999991655 15.620000003278255 34.099999999999994
    endloop
  endfacet
  facet normal 8.793633456456681e-20 -0.044233347495465064 -0.9990212264858767
    outer loop
      vertex 84.44330000140667 15.620000003278255 34.099999999999994
      vertex 84.44330000140667 16.015942870080472 34.08246896266937
      vertex 86.84329999991655 16.015942870080472 34.08246896266937
    endloop
  endfacet
  facet normal 0 -0.13235384097527855 -0.9912025326738682
    outer loop
      vertex 84.44330000140667 16.015942870080472 34.08246896266937
      vertex 84.44330000140667 16.40878695100546 34.03001306056976
      vertex 86.84329999991655 16.40878695100546 34.03001306056976
    endloop
  endfacet
  facet normal 0 -0.219438515355538 -0.9756263311219913
    outer loop
      vertex 84.44330000140667 16.40878695100546 34.03001306056976
      vertex 84.44330000140667 16.795457704365255 33.94304282069206
      vertex 86.84329999991655 16.795457704365255 33.94304282069206
    endloop
  endfacet
  facet normal 0 0.28366177880440635 -0.9589243949579759
    outer loop
      vertex 84.44330000140667 14.120413428544998 33.855564555525774
      vertex 84.44330000140667 14.500464691221714 33.967988452315325
      vertex 86.84329999991655 14.500464691221714 33.967988452315325
    endloop
  endfacet
  facet normal 0 -0.30480576289260836 -0.9524145352247912
    outer loop
      vertex 84.44330000140667 16.795457704365255 33.94304282069206
      vertex 84.44330000140667 17.172928905487062 33.82223891317844
      vertex 86.84329999991655 17.172928905487062 33.82223891317844
    endloop
  endfacet
  facet normal 0 0.19780191083779844 -0.9802420130094995
    outer loop
      vertex 84.44330000140667 14.500464691221714 33.967988452315325
      vertex 86.84329999991655 14.88896477818489 34.046383439004416
      vertex 86.84329999991655 14.500464691221714 33.967988452315325
    endloop
  endfacet
  facet normal 0 0.11039398850123419 -0.9938879047975127
    outer loop
      vertex 84.44330000140667 14.88896477818489 34.046383439004416
      vertex 86.84329999991655 15.282873152196407 34.09013597518205
      vertex 86.84329999991655 14.88896477818489 34.046383439004416
    endloop
  endfacet
  facet normal 0 0.03317974755027905 -0.9994494005963983
    outer loop
      vertex 84.44330000140667 15.282873152196407 34.09013597518205
      vertex 86.84329999991655 15.579999996721744 34.099999999999994
      vertex 86.84329999991655 15.282873152196407 34.09013597518205
    endloop
  endfacet
  facet normal 0 0 -1
    outer loop
      vertex 84.44330000140667 15.579999996721744 34.099999999999994
      vertex 86.84329999991655 15.620000003278255 34.099999999999994
      vertex 86.84329999991655 15.579999996721744 34.099999999999994
    endloop
  endfacet
  facet normal 0 -0.044233347495465064 -0.9990212264858767
    outer loop
      vertex 84.44330000140667 15.620000003278255 34.099999999999994
      vertex 86.84329999991655 16.015942870080472 34.08246896266937
      vertex 86.84329999991655 15.620000003278255 34.099999999999994
    endloop
  endfacet
  facet normal 0 -0.13235384097527855 -0.9912025326738682
    outer loop
      vertex 84.44330000140667 16.015942870080472 34.08246896266937
      vertex 86.84329999991655 16.40878695100546 34.03001306056976
      vertex 86.84329999991655 16.015942870080472 34.08246896266937
    endloop
  endfacet
  facet normal 0 -0.219438515355538 -0.9756263311219913
    outer loop
      vertex 84.44330000140667 16.40878695100546 34.03001306056976
      vertex 86.84329999991655 16.795457704365255 33.94304282069206
      vertex 86.84329999991655 16.40878695100546 34.03001306056976
    endloop
  endfacet
  facet normal 0 -0.30480576289260836 -0.9524145352247912
    outer loop
      vertex 84.44330000140667 16.795457704365255 33.94304282069206
      vertex 86.84329999991655 17.172928905487062 33.82223891317844
      vertex 86.84329999991655 16.795457704365255 33.94304282069206
    endloop
  endfacet
  facet normal 0 -0.38778752007716283 -0.9217487940173309
    outer loop
      vertex 84.44330000140667 17.172928905487062 33.82223891317844
      vertex 84.44330000140667 17.538246332108976 33.66854677945375
      vertex 86.84329999991655 17.538246332108976 33.66854677945375
    endloop
  endfacet
  facet normal 0 -0.4677342815662606 -0.8838691316296173
    outer loop
      vertex 84.44330000140667 17.538246332108976 33.66854677945375
      vertex 84.44330000140667 17.88855087608099 33.48316928595304
      vertex 86.84329999991655 17.88855087608099 33.48316928595304
    endloop
  endfacet
  facet normal 0 -0.38778752007716283 -0.9217487940173309
    outer loop
      vertex 84.44330000140667 17.172928905487062 33.82223891317844
      vertex 86.84329999991655 17.538246332108976 33.66854677945375
      vertex 86.84329999991655 17.172928905487062 33.82223891317844
    endloop
  endfacet
  facet normal 0 -0.4677342815662606 -0.8838691316296173
    outer loop
      vertex 84.44330000140667 17.538246332108976 33.66854677945375
      vertex 86.84329999991655 17.88855087608099 33.48316928595304
      vertex 86.84329999991655 17.538246332108976 33.66854677945375
    endloop
  endfacet
  facet normal 0 -0.5440203950512775 -0.8390719931973967
    outer loop
      vertex 84.44330000140667 17.88855087608099 33.48316928595304
      vertex 86.84329999991655 18.221100939810277 33.267557254433626
      vertex 86.84329999991655 17.88855087608099 33.48316928595304
    endloop
  endfacet
  facet normal 0 0.6669355370959023 -0.7451154201589176
    outer loop
      vertex 84.44330000140667 12.742709359526634 33.087013392150396
      vertex 86.84329999991655 12.742709359526634 33.087013392150396
      vertex 84.44330000140667 12.447397178411483 32.82268630564212
    endloop
  endfacet
  facet normal 0 0.5984723110359812 -0.8011434908449621
    outer loop
      vertex 84.44330000140667 12.742709359526634 33.087013392150396
      vertex 84.44330000140667 13.060227191448211 33.32420639544725
      vertex 86.84329999991655 13.060227191448211 33.32420639544725
    endloop
  endfacet
  facet normal 0 0.7301790613886577 -0.6832558366450876
    outer loop
      vertex 84.44330000140667 12.447397178411483 32.82268630564212
      vertex 86.84329999991655 12.447397178411483 32.82268630564212
      vertex 84.44330000140667 12.176601855456829 32.53329386413097
    endloop
  endfacet
  facet normal 0 0.7877079811810473 -0.6160488100659547
    outer loop
      vertex 84.44330000140667 12.176601855456829 32.53329386413097
      vertex 86.84329999991655 12.176601855456829 32.53329386413097
      vertex 84.44330000140667 11.932442745566368 32.22110093981027
    endloop
  endfacet
  facet normal 0 0.5984723110359812 -0.8011434908449621
    outer loop
      vertex 84.44330000140667 12.742709359526634 33.087013392150396
      vertex 86.84329999991655 13.060227191448211 33.32420639544725
      vertex 86.84329999991655 12.742709359526634 33.087013392150396
    endloop
  endfacet
  facet normal 0 0.6669355370959023 -0.7451154201589176
    outer loop
      vertex 84.44330000140667 12.447397178411483 32.82268630564212
      vertex 86.84329999991655 12.742709359526634 33.087013392150396
      vertex 86.84329999991655 12.447397178411483 32.82268630564212
    endloop
  endfacet
  facet normal 0 0.7301790613886577 -0.6832558366450876
    outer loop
      vertex 84.44330000140667 12.176601855456829 32.53329386413097
      vertex 86.84329999991655 12.447397178411483 32.82268630564212
      vertex 86.84329999991655 12.176601855456829 32.53329386413097
    endloop
  endfacet
  facet normal 0 0.7877079811810473 -0.6160488100659547
    outer loop
      vertex 86.84329999991655 12.176601855456829 32.53329386413097
      vertex 86.84329999991655 11.932442745566368 32.22110093981027
      vertex 84.44330000140667 11.932442745566368 32.22110093981027
    endloop
  endfacet
  facet normal 0 0.839071993197394 -0.5440203950512816
    outer loop
      vertex 84.44330000140667 11.932442745566368 32.22110093981027
      vertex 86.84329999991655 11.932442745566368 32.22110093981027
      vertex 84.44330000140667 11.716830714046955 31.888550876080988
    endloop
  endfacet
  facet normal 0 0.8838691316296173 -0.4677342815662606
    outer loop
      vertex 84.44330000140667 11.716830714046955 31.888550876080988
      vertex 86.84329999991655 11.716830714046955 31.888550876080988
      vertex 84.44330000140667 11.531453220546245 31.538246332108972
    endloop
  endfacet
  facet normal 0 0.9217487940173309 -0.38778752007716283
    outer loop
      vertex 84.44330000140667 11.377761086821556 31.17292890548706
      vertex 84.44330000140667 11.531453220546245 31.538246332108972
      vertex 86.84329999991655 11.531453220546245 31.538246332108972
    endloop
  endfacet
  facet normal 0 0.839071993197394 -0.5440203950512816
    outer loop
      vertex 84.44330000140667 11.716830714046955 31.888550876080988
      vertex 86.84329999991655 11.932442745566368 32.22110093981027
      vertex 86.84329999991655 11.716830714046955 31.888550876080988
    endloop
  endfacet
  facet normal 0 0.8838691316296173 -0.4677342815662606
    outer loop
      vertex 84.44330000140667 11.531453220546245 31.538246332108972
      vertex 86.84329999991655 11.716830714046955 31.888550876080988
      vertex 86.84329999991655 11.531453220546245 31.538246332108972
    endloop
  endfacet
  facet normal 0 -0.5440203950512775 -0.8390719931973967
    outer loop
      vertex 84.44330000140667 17.88855087608099 33.48316928595304
      vertex 84.44330000140667 18.221100939810277 33.267557254433626
      vertex 86.84329999991655 18.221100939810277 33.267557254433626
    endloop
  endfacet
  facet normal 0 -0.6160488100659547 -0.7877079811810473
    outer loop
      vertex 84.44330000140667 18.221100939810277 33.267557254433626
      vertex 84.44330000140667 18.533293864130975 33.023398144543165
      vertex 86.84329999991655 18.533293864130975 33.023398144543165
    endloop
  endfacet
  facet normal 0 -0.6832558366450876 -0.7301790613886577
    outer loop
      vertex 84.44330000140667 18.533293864130975 33.023398144543165
      vertex 84.44330000140667 18.82268630564213 32.75260282158851
      vertex 86.84329999991655 18.82268630564213 32.75260282158851
    endloop
  endfacet
  facet normal 0 -0.7451154201589176 -0.6669355370959023
    outer loop
      vertex 84.44330000140667 18.82268630564213 32.75260282158851
      vertex 84.44330000140667 19.087013392150403 32.45729064047336
      vertex 86.84329999991655 19.087013392150403 32.45729064047336
    endloop
  endfacet
  facet normal 0 -0.6160488100659547 -0.7877079811810473
    outer loop
      vertex 84.44330000140667 18.221100939810277 33.267557254433626
      vertex 86.84329999991655 18.533293864130975 33.023398144543165
      vertex 86.84329999991655 18.221100939810277 33.267557254433626
    endloop
  endfacet
  facet normal 0 -0.6832558366450876 -0.7301790613886577
    outer loop
      vertex 84.44330000140667 18.533293864130975 33.023398144543165
      vertex 86.84329999991655 18.82268630564213 32.75260282158851
      vertex 86.84329999991655 18.533293864130975 33.023398144543165
    endloop
  endfacet
  facet normal 0 -0.7451154201589176 -0.6669355370959023
    outer loop
      vertex 84.44330000140667 18.82268630564213 32.75260282158851
      vertex 86.84329999991655 19.087013392150403 32.45729064047336
      vertex 86.84329999991655 18.82268630564213 32.75260282158851
    endloop
  endfacet
  facet normal 0 -0.8011434908449621 -0.5984723110359812
    outer loop
      vertex 84.44330000140667 19.087013392150403 32.45729064047336
      vertex 86.84329999991655 19.324206395447256 32.13977280855178
      vertex 86.84329999991655 19.087013392150403 32.45729064047336
    endloop
  endfacet
  facet normal 0 -0.8011434908449621 -0.5984723110359812
    outer loop
      vertex 84.44330000140667 19.087013392150403 32.45729064047336
      vertex 84.44330000140667 19.324206395447256 32.13977280855178
      vertex 86.84329999991655 19.324206395447256 32.13977280855178
    endloop
  endfacet
  facet normal 4.374860532126146e-18 -0.8509015151995892 -0.5253252434740245
    outer loop
      vertex 84.44330000140667 19.324206395447256 32.13977280855178
      vertex 84.44330000140667 19.53240895867348 31.802534347772596
      vertex 86.84329999991655 19.53240895867348 31.802534347772596
    endloop
  endfacet
  facet normal 0 -0.8940000828092372 -0.44806679405762384
    outer loop
      vertex 84.44330000140667 19.53240895867348 31.802534347772596
      vertex 84.44330000140667 19.709991624951364 31.44821458905935
      vertex 86.84329999991655 19.709991624951364 31.44821458905935
    endloop
  endfacet
  facet normal 0 -0.9301018967233551 -0.3673015950300477
    outer loop
      vertex 84.44330000140667 19.709991624951364 31.44821458905935
      vertex 84.44330000140667 19.85556455552578 31.079586571455
      vertex 86.84329999991655 19.85556455552578 31.079586571455
    endloop
  endfacet
  facet normal 0 -0.8509015151995892 -0.5253252434740245
    outer loop
      vertex 84.44330000140667 19.324206395447256 32.13977280855178
      vertex 86.84329999991655 19.53240895867348 31.802534347772596
      vertex 86.84329999991655 19.324206395447256 32.13977280855178
    endloop
  endfacet
  facet normal 0 -0.8940000828092372 -0.44806679405762384
    outer loop
      vertex 84.44330000140667 19.53240895867348 31.802534347772596
      vertex 86.84329999991655 19.709991624951364 31.44821458905935
      vertex 86.84329999991655 19.53240895867348 31.802534347772596
    endloop
  endfacet
  facet normal 0 -0.9301018967233551 -0.3673015950300477
    outer loop
      vertex 84.44330000140667 19.709991624951364 31.44821458905935
      vertex 86.84329999991655 19.85556455552578 31.079586571455
      vertex 86.84329999991655 19.709991624951364 31.44821458905935
    endloop
  endfacet
  facet normal 0 0.9524145352247912 -0.30480576289260836
    outer loop
      vertex 84.44330000140667 11.377761086821556 31.17292890548706
      vertex 86.84329999991655 11.377761086821556 31.17292890548706
      vertex 84.44330000140667 11.256957179307937 30.79545770436525
    endloop
  endfacet
  facet normal 0 0.9756263311219913 -0.219438515355538
    outer loop
      vertex 84.44330000140667 11.256957179307937 30.79545770436525
      vertex 86.84329999991655 11.256957179307937 30.79545770436525
      vertex 84.44330000140667 11.169986939430236 30.408786951005457
    endloop
  endfacet
  facet normal 0 0.9912025326738682 -0.13235384097527855
    outer loop
      vertex 84.44330000140667 11.169986939430236 30.408786951005457
      vertex 86.84329999991655 11.169986939430236 30.408786951005457
      vertex 84.44330000140667 11.117531037330627 30.01594287008047
    endloop
  endfacet
  facet normal 0 0.9524145352247912 -0.30480576289260836
    outer loop
      vertex 86.84329999991655 11.377761086821556 31.17292890548706
      vertex 86.84329999991655 11.256957179307937 30.79545770436525
      vertex 84.44330000140667 11.256957179307937 30.79545770436525
    endloop
  endfacet
  facet normal 0 0.9756263311219913 -0.219438515355538
    outer loop
      vertex 84.44330000140667 11.169986939430236 30.408786951005457
      vertex 86.84329999991655 11.256957179307937 30.79545770436525
      vertex 86.84329999991655 11.169986939430236 30.408786951005457
    endloop
  endfacet
  facet normal 0 0.9912025326738682 -0.13235384097527855
    outer loop
      vertex 86.84329999991655 11.169986939430236 30.408786951005457
      vertex 86.84329999991655 11.117531037330627 30.01594287008047
      vertex 84.44330000140667 11.117531037330627 30.01594287008047
    endloop
  endfacet
  facet normal 0 0.9990212264858767 -0.04423334749546526
    outer loop
      vertex 84.44330000140667 11.117531037330627 30.01594287008047
      vertex 86.84329999991655 11.117531037330627 30.01594287008047
      vertex 84.44330000140667 11.1 29.620000003278253
    endloop
  endfacet
  facet normal 0 1 0
    outer loop
      vertex 84.44330000140667 11.1 29.620000003278253
      vertex 86.84329999991655 11.1 29.620000003278253
      vertex 84.44330000140667 11.1 28.579999996721742
    endloop
  endfacet
  facet normal 0 0.9990212264858767 -0.04423334749546526
    outer loop
      vertex 84.44330000140667 11.1 29.620000003278253
      vertex 86.84329999991655 11.117531037330627 30.01594287008047
      vertex 86.84329999991655 11.1 29.620000003278253
    endloop
  endfacet
  facet normal 0 1 0
    outer loop
      vertex 86.84329999991655 11.1 29.620000003278253
      vertex 86.84329999991655 11.1 28.579999996721742
      vertex 84.44330000140667 11.1 28.579999996721742
    endloop
  endfacet
  facet normal 0 0.9994494005963983 0.03317974755027905
    outer loop
      vertex 84.44330000140667 11.1 28.579999996721742
      vertex 86.84329999991655 11.1 28.579999996721742
      vertex 84.44330000140667 11.109864024817943 28.282873152196405
    endloop
  endfacet
  facet normal 0 0.9938879047975127 0.11039398850123419
    outer loop
      vertex 84.44330000140667 11.109864024817943 28.282873152196405
      vertex 86.84329999991655 11.109864024817943 28.282873152196405
      vertex 84.44330000140667 11.153616560995578 27.88896477818489
    endloop
  endfacet
  facet normal 0 0.9994494005963983 0.03317974755027905
    outer loop
      vertex 84.44330000140667 11.109864024817943 28.282873152196405
      vertex 86.84329999991655 11.1 28.579999996721742
      vertex 86.84329999991655 11.109864024817943 28.282873152196405
    endloop
  endfacet
  facet normal 0 0.9938879047975127 0.11039398850123419
    outer loop
      vertex 84.44330000140667 11.153616560995578 27.88896477818489
      vertex 86.84329999991655 11.109864024817943 28.282873152196405
      vertex 86.84329999991655 11.153616560995578 27.88896477818489
    endloop
  endfacet
  facet normal 0 0.9802420130094995 0.19780191083779844
    outer loop
      vertex 84.44330000140667 11.153616560995578 27.88896477818489
      vertex 86.84329999991655 11.153616560995578 27.88896477818489
      vertex 84.44330000140667 11.23201154768467 27.500464691221712
    endloop
  endfacet
  facet normal 0 0.9589243949579759 0.28366177880440635
    outer loop
      vertex 84.44330000140667 11.23201154768467 27.500464691221712
      vertex 86.84329999991655 11.23201154768467 27.500464691221712
      vertex 84.44330000140667 11.34443544447422 27.120413428544996
    endloop
  endfacet
  facet normal 0 0.9301018967233551 0.3673015950300477
    outer loop
      vertex 84.44330000140667 11.34443544447422 27.120413428544996
      vertex 86.84329999991655 11.34443544447422 27.120413428544996
      vertex 84.44330000140667 11.490008375048637 26.751785410940645
    endloop
  endfacet
  facet normal 0 0.9802420130094995 0.19780191083779844
    outer loop
      vertex 86.84329999991655 11.153616560995578 27.88896477818489
      vertex 86.84329999991655 11.23201154768467 27.500464691221712
      vertex 84.44330000140667 11.23201154768467 27.500464691221712
    endloop
  endfacet
  facet normal 0 0.9589243949579759 0.28366177880440635
    outer loop
      vertex 84.44330000140667 11.34443544447422 27.120413428544996
      vertex 86.84329999991655 11.23201154768467 27.500464691221712
      vertex 86.84329999991655 11.34443544447422 27.120413428544996
    endloop
  endfacet
  facet normal 0 0.9301018967233551 0.3673015950300477
    outer loop
      vertex 86.84329999991655 11.34443544447422 27.120413428544996
      vertex 86.84329999991655 11.490008375048637 26.751785410940645
      vertex 84.44330000140667 11.490008375048637 26.751785410940645
    endloop
  endfacet
  facet normal 0 -0.9589243949579759 -0.28366177880440635
    outer loop
      vertex 84.44330000140667 19.85556455552578 31.079586571455
      vertex 84.44330000140667 19.967988452315332 30.699535308778284
      vertex 86.84329999991655 19.967988452315332 30.699535308778284
    endloop
  endfacet
  facet normal 0 -0.9802420130094995 -0.19780191083779844
    outer loop
      vertex 84.44330000140667 19.967988452315332 30.699535308778284
      vertex 84.44330000140667 20.046383439004423 30.311035221815107
      vertex 86.84329999991655 20.046383439004423 30.311035221815107
    endloop
  endfacet
  facet normal 0 -0.9589243949579759 -0.28366177880440635
    outer loop
      vertex 84.44330000140667 19.85556455552578 31.079586571455
      vertex 86.84329999991655 19.967988452315332 30.699535308778284
      vertex 86.84329999991655 19.85556455552578 31.079586571455
    endloop
  endfacet
  facet normal 0 -0.9802420130094995 -0.19780191083779844
    outer loop
      vertex 84.44330000140667 19.967988452315332 30.699535308778284
      vertex 86.84329999991655 20.046383439004423 30.311035221815107
      vertex 86.84329999991655 19.967988452315332 30.699535308778284
    endloop
  endfacet
  facet normal 0 -0.9938879047975127 -0.11039398850123419
    outer loop
      vertex 84.44330000140667 20.046383439004423 30.311035221815107
      vertex 84.44330000140667 20.090135975182058 29.91712684780359
      vertex 86.84329999991655 20.090135975182058 29.91712684780359
    endloop
  endfacet
  facet normal 0 -0.9938879047975127 -0.11039398850123419
    outer loop
      vertex 84.44330000140667 20.046383439004423 30.311035221815107
      vertex 86.84329999991655 20.090135975182058 29.91712684780359
      vertex 86.84329999991655 20.046383439004423 30.311035221815107
    endloop
  endfacet
  facet normal 0 -0.9994494005963983 -0.03317974755027905
    outer loop
      vertex 84.44330000140667 20.090135975182058 29.91712684780359
      vertex 84.44330000140667 20.1 29.620000003278253
      vertex 86.84329999991655 20.1 29.620000003278253
    endloop
  endfacet
  facet normal 0 -1 0
    outer loop
      vertex 84.44330000140667 20.1 29.620000003278253
      vertex 84.44330000140667 20.1 28.579999996721742
      vertex 86.84329999991655 20.1 28.579999996721742
    endloop
  endfacet
  facet normal 0 -0.9994494005963983 -0.03317974755027905
    outer loop
      vertex 84.44330000140667 20.090135975182058 29.91712684780359
      vertex 86.84329999991655 20.1 29.620000003278253
      vertex 86.84329999991655 20.090135975182058 29.91712684780359
    endloop
  endfacet
  facet normal 0 -1 0
    outer loop
      vertex 84.44330000140667 20.1 29.620000003278253
      vertex 86.84329999991655 20.1 28.579999996721742
      vertex 86.84329999991655 20.1 29.620000003278253
    endloop
  endfacet
  facet normal 0 -0.9990212264858767 0.04423334749546526
    outer loop
      vertex 84.44330000140667 20.1 28.579999996721742
      vertex 84.44330000140667 20.082468962669374 28.184057129919527
      vertex 86.84329999991655 20.082468962669374 28.184057129919527
    endloop
  endfacet
  facet normal 0 -0.9912025326738682 0.13235384097527855
    outer loop
      vertex 84.44330000140667 20.082468962669374 28.184057129919527
      vertex 84.44330000140667 20.030013060569765 27.79121304899454
      vertex 86.84329999991655 20.030013060569765 27.79121304899454
    endloop
  endfacet
  facet normal 0 -0.9990212264858767 0.04423334749546526
    outer loop
      vertex 84.44330000140667 20.1 28.579999996721742
      vertex 86.84329999991655 20.082468962669374 28.184057129919527
      vertex 86.84329999991655 20.1 28.579999996721742
    endloop
  endfacet
  facet normal 0 -0.9912025326738682 0.13235384097527855
    outer loop
      vertex 84.44330000140667 20.082468962669374 28.184057129919527
      vertex 86.84329999991655 20.030013060569765 27.79121304899454
      vertex 86.84329999991655 20.082468962669374 28.184057129919527
    endloop
  endfacet
  facet normal 0 -0.9756263311219913 0.219438515355538
    outer loop
      vertex 84.44330000140667 20.030013060569765 27.79121304899454
      vertex 84.44330000140667 19.943042820692064 27.404542295634744
      vertex 86.84329999991655 19.943042820692064 27.404542295634744
    endloop
  endfacet
  facet normal 0 -0.9524145352247912 0.30480576289260836
    outer loop
      vertex 84.44330000140667 19.943042820692064 27.404542295634744
      vertex 84.44330000140667 19.822238913178445 27.027071094512937
      vertex 86.84329999991655 19.822238913178445 27.027071094512937
    endloop
  endfacet
  facet normal 0 -0.9217487940173309 0.38778752007716283
    outer loop
      vertex 84.44330000140667 19.822238913178445 27.027071094512937
      vertex 84.44330000140667 19.668546779453756 26.661753667891023
      vertex 86.84329999991655 19.668546779453756 26.661753667891023
    endloop
  endfacet
  facet normal 0 -0.9756263311219913 0.219438515355538
    outer loop
      vertex 84.44330000140667 20.030013060569765 27.79121304899454
      vertex 86.84329999991655 19.943042820692064 27.404542295634744
      vertex 86.84329999991655 20.030013060569765 27.79121304899454
    endloop
  endfacet
  facet normal 0 -0.9524145352247912 0.30480576289260836
    outer loop
      vertex 84.44330000140667 19.943042820692064 27.404542295634744
      vertex 86.84329999991655 19.822238913178445 27.027071094512937
      vertex 86.84329999991655 19.943042820692064 27.404542295634744
    endloop
  endfacet
  facet normal 0 -0.9217487940173309 0.38778752007716283
    outer loop
      vertex 84.44330000140667 19.822238913178445 27.027071094512937
      vertex 86.84329999991655 19.668546779453756 26.661753667891023
      vertex 86.84329999991655 19.822238913178445 27.027071094512937
    endloop
  endfacet
  facet normal 0 0.8940000828092372 0.44806679405762384
    outer loop
      vertex 84.44330000140667 11.490008375048637 26.751785410940645
      vertex 86.84329999991655 11.490008375048637 26.751785410940645
      vertex 84.44330000140667 11.667591041326522 26.3974656522274
    endloop
  endfacet
  facet normal 0 0.8509015151995917 0.5253252434740205
    outer loop
      vertex 84.44330000140667 11.667591041326522 26.3974656522274
      vertex 86.84329999991655 11.667591041326522 26.3974656522274
      vertex 84.44330000140667 11.875793604552745 26.06022719144821
    endloop
  endfacet
  facet normal 0 0.8011434908449621 0.5984723110359812
    outer loop
      vertex 84.44330000140667 11.875793604552745 26.06022719144821
      vertex 86.84329999991655 11.875793604552745 26.06022719144821
      vertex 84.44330000140667 12.112986607849598 25.742709359526632
    endloop
  endfacet
  facet normal 0 0.7451154201589176 0.6669355370959023
    outer loop
      vertex 84.44330000140667 12.112986607849598 25.742709359526632
      vertex 86.84329999991655 12.112986607849598 25.742709359526632
      vertex 84.44330000140667 12.377313694357872 25.44739717841148
    endloop
  endfacet
  facet normal 0 0.8940000828092372 0.44806679405762384
    outer loop
      vertex 86.84329999991655 11.490008375048637 26.751785410940645
      vertex 86.84329999991655 11.667591041326522 26.3974656522274
      vertex 84.44330000140667 11.667591041326522 26.3974656522274
    endloop
  endfacet
  facet normal 0 0.8509015151995917 0.5253252434740205
    outer loop
      vertex 84.44330000140667 11.875793604552745 26.06022719144821
      vertex 86.84329999991655 11.667591041326522 26.3974656522274
      vertex 86.84329999991655 11.875793604552745 26.06022719144821
    endloop
  endfacet
  facet normal 0 0.8011434908449621 0.5984723110359812
    outer loop
      vertex 84.44330000140667 12.112986607849598 25.742709359526632
      vertex 86.84329999991655 11.875793604552745 26.06022719144821
      vertex 86.84329999991655 12.112986607849598 25.742709359526632
    endloop
  endfacet
  facet normal 0 0.6832558366450876 0.7301790613886577
    outer loop
      vertex 84.44330000140667 12.377313694357872 25.44739717841148
      vertex 86.84329999991655 12.377313694357872 25.44739717841148
      vertex 84.44330000140667 12.666706135869026 25.176601855456827
    endloop
  endfacet
  facet normal 0 0.6160488100659547 0.7877079811810473
    outer loop
      vertex 84.44330000140667 12.666706135869026 25.176601855456827
      vertex 86.84329999991655 12.666706135869026 25.176601855456827
      vertex 84.44330000140667 12.978899060189724 24.932442745566366
    endloop
  endfacet
  facet normal 0 0.5440203950512775 0.8390719931973967
    outer loop
      vertex 84.44330000140667 12.978899060189724 24.932442745566366
      vertex 86.84329999991655 12.978899060189724 24.932442745566366
      vertex 84.44330000140667 13.31144912391901 24.716830714046953
    endloop
  endfacet
  facet normal 0 0.4677342815662606 0.8838691316296173
    outer loop
      vertex 84.44330000140667 13.31144912391901 24.716830714046953
      vertex 86.84329999991655 13.31144912391901 24.716830714046953
      vertex 84.44330000140667 13.661753667891025 24.531453220546243
    endloop
  endfacet
  facet normal 0 0.38778752007716283 0.9217487940173309
    outer loop
      vertex 84.44330000140667 13.661753667891025 24.531453220546243
      vertex 86.84329999991655 13.661753667891025 24.531453220546243
      vertex 84.44330000140667 14.027071094512939 24.377761086821554
    endloop
  endfacet
  facet normal 0 0.7451154201589176 0.6669355370959023
    outer loop
      vertex 86.84329999991655 12.112986607849598 25.742709359526632
      vertex 86.84329999991655 12.377313694357872 25.44739717841148
      vertex 84.44330000140667 12.377313694357872 25.44739717841148
    endloop
  endfacet
  facet normal 0 0.6832558366450876 0.7301790613886577
    outer loop
      vertex 84.44330000140667 12.666706135869026 25.176601855456827
      vertex 86.84329999991655 12.377313694357872 25.44739717841148
      vertex 86.84329999991655 12.666706135869026 25.176601855456827
    endloop
  endfacet
  facet normal 0 0.6160488100659547 0.7877079811810473
    outer loop
      vertex 84.44330000140667 12.978899060189724 24.932442745566366
      vertex 86.84329999991655 12.666706135869026 25.176601855456827
      vertex 86.84329999991655 12.978899060189724 24.932442745566366
    endloop
  endfacet
  facet normal 0 0.5440203950512775 0.8390719931973967
    outer loop
      vertex 84.44330000140667 13.31144912391901 24.716830714046953
      vertex 86.84329999991655 12.978899060189724 24.932442745566366
      vertex 86.84329999991655 13.31144912391901 24.716830714046953
    endloop
  endfacet
  facet normal 0 0.4677342815662606 0.8838691316296173
    outer loop
      vertex 84.44330000140667 13.661753667891025 24.531453220546243
      vertex 86.84329999991655 13.31144912391901 24.716830714046953
      vertex 86.84329999991655 13.661753667891025 24.531453220546243
    endloop
  endfacet
  facet normal 0 -0.8838691316296173 0.4677342815662606
    outer loop
      vertex 84.44330000140667 19.668546779453756 26.661753667891023
      vertex 84.44330000140667 19.483169285953046 26.311449123919008
      vertex 86.84329999991655 19.483169285953046 26.311449123919008
    endloop
  endfacet
  facet normal 0 -0.8390719931973967 0.5440203950512775
    outer loop
      vertex 84.44330000140667 19.483169285953046 26.311449123919008
      vertex 84.44330000140667 19.267557254433633 25.978899060189722
      vertex 86.84329999991655 19.267557254433633 25.978899060189722
    endloop
  endfacet
  facet normal 0 -0.7877079811810473 0.6160488100659547
    outer loop
      vertex 84.44330000140667 19.267557254433633 25.978899060189722
      vertex 84.44330000140667 19.023398144543172 25.666706135869024
      vertex 86.84329999991655 19.023398144543172 25.666706135869024
    endloop
  endfacet
  facet normal 0 -0.8838691316296173 0.4677342815662606
    outer loop
      vertex 84.44330000140667 19.668546779453756 26.661753667891023
      vertex 86.84329999991655 19.483169285953046 26.311449123919008
      vertex 86.84329999991655 19.668546779453756 26.661753667891023
    endloop
  endfacet
  facet normal 0 -0.8390719931973967 0.5440203950512775
    outer loop
      vertex 84.44330000140667 19.483169285953046 26.311449123919008
      vertex 86.84329999991655 19.267557254433633 25.978899060189722
      vertex 86.84329999991655 19.483169285953046 26.311449123919008
    endloop
  endfacet
  facet normal 0 -0.7877079811810473 0.6160488100659547
    outer loop
      vertex 84.44330000140667 19.267557254433633 25.978899060189722
      vertex 86.84329999991655 19.023398144543172 25.666706135869024
      vertex 86.84329999991655 19.267557254433633 25.978899060189722
    endloop
  endfacet
  facet normal 0 -0.6669355370959023 0.7451154201589176
    outer loop
      vertex 84.44330000140667 18.457290640473367 25.112986607849596
      vertex 86.84329999991655 18.457290640473367 25.112986607849596
      vertex 84.44330000140667 18.752602821588518 25.37731369435787
    endloop
  endfacet
  facet normal 0 -0.7301790613886577 0.6832558366450876
    outer loop
      vertex 84.44330000140667 19.023398144543172 25.666706135869024
      vertex 84.44330000140667 18.752602821588518 25.37731369435787
      vertex 86.84329999991655 18.752602821588518 25.37731369435787
    endloop
  endfacet
  facet normal 0 -0.5984723110359812 0.8011434908449621
    outer loop
      vertex 84.44330000140667 18.457290640473367 25.112986607849596
      vertex 84.44330000140667 18.13977280855179 24.875793604552744
      vertex 86.84329999991655 18.13977280855179 24.875793604552744
    endloop
  endfacet
  facet normal 0 -0.44806679405762384 0.8940000828092372
    outer loop
      vertex 84.44330000140667 17.8025343477726 24.66759104132652
      vertex 84.44330000140667 17.448214589059354 24.490008375048635
      vertex 86.84329999991655 17.448214589059354 24.490008375048635
    endloop
  endfacet
  facet normal 0 -0.5253252434740205 0.8509015151995917
    outer loop
      vertex 84.44330000140667 18.13977280855179 24.875793604552744
      vertex 84.44330000140667 17.8025343477726 24.66759104132652
      vertex 86.84329999991655 17.8025343477726 24.66759104132652
    endloop
  endfacet
  facet normal 0 -0.5984723110359812 0.8011434908449621
    outer loop
      vertex 84.44330000140667 18.457290640473367 25.112986607849596
      vertex 86.84329999991655 18.13977280855179 24.875793604552744
      vertex 86.84329999991655 18.457290640473367 25.112986607849596
    endloop
  endfacet
  facet normal 0 -0.7301790613886577 0.6832558366450876
    outer loop
      vertex 84.44330000140667 19.023398144543172 25.666706135869024
      vertex 86.84329999991655 18.752602821588518 25.37731369435787
      vertex 86.84329999991655 19.023398144543172 25.666706135869024
    endloop
  endfacet
  facet normal 0 -0.6669355370959023 0.7451154201589176
    outer loop
      vertex 84.44330000140667 18.752602821588518 25.37731369435787
      vertex 86.84329999991655 18.457290640473367 25.112986607849596
      vertex 86.84329999991655 18.752602821588518 25.37731369435787
    endloop
  endfacet
  facet normal 0 -0.5253252434740205 0.8509015151995917
    outer loop
      vertex 84.44330000140667 18.13977280855179 24.875793604552744
      vertex 86.84329999991655 17.8025343477726 24.66759104132652
      vertex 86.84329999991655 18.13977280855179 24.875793604552744
    endloop
  endfacet
  facet normal 0 -0.44806679405762384 0.8940000828092372
    outer loop
      vertex 84.44330000140667 17.8025343477726 24.66759104132652
      vertex 86.84329999991655 17.448214589059354 24.490008375048635
      vertex 86.84329999991655 17.8025343477726 24.66759104132652
    endloop
  endfacet
  facet normal 0 0.30480576289260836 0.9524145352247912
    outer loop
      vertex 84.44330000140667 14.027071094512939 24.377761086821554
      vertex 86.84329999991655 14.027071094512939 24.377761086821554
      vertex 84.44330000140667 14.404542295634746 24.256957179307935
    endloop
  endfacet
  facet normal 0 0.38778752007716283 0.9217487940173309
    outer loop
      vertex 86.84329999991655 13.661753667891025 24.531453220546243
      vertex 86.84329999991655 14.027071094512939 24.377761086821554
      vertex 84.44330000140667 14.027071094512939 24.377761086821554
    endloop
  endfacet
  facet normal 0 0.30480576289260836 0.9524145352247912
    outer loop
      vertex 86.84329999991655 14.027071094512939 24.377761086821554
      vertex 86.84329999991655 14.404542295634746 24.256957179307935
      vertex 84.44330000140667 14.404542295634746 24.256957179307935
    endloop
  endfacet
  facet normal 0 0.219438515355538 0.9756263311219913
    outer loop
      vertex 84.44330000140667 14.404542295634746 24.256957179307935
      vertex 86.84329999991655 14.404542295634746 24.256957179307935
      vertex 84.44330000140667 14.79121304899454 24.169986939430235
    endloop
  endfacet
  facet normal 0 0.13235384097527855 0.9912025326738682
    outer loop
      vertex 84.44330000140667 14.79121304899454 24.169986939430235
      vertex 86.84329999991655 14.79121304899454 24.169986939430235
      vertex 84.44330000140667 15.184057129919529 24.117531037330625
    endloop
  endfacet
  facet normal 0 0.04423334749546526 0.9990212264858767
    outer loop
      vertex 84.44330000140667 15.184057129919529 24.117531037330625
      vertex 86.84329999991655 15.184057129919529 24.117531037330625
      vertex 84.44330000140667 15.579999996721744 24.099999999999998
    endloop
  endfacet
  facet normal 0 0 1
    outer loop
      vertex 84.44330000140667 15.579999996721744 24.099999999999998
      vertex 86.84329999991655 15.579999996721744 24.099999999999998
      vertex 84.44330000140667 15.620000003278255 24.099999999999998
    endloop
  endfacet
  facet normal 0 -0.03317974755027905 0.9994494005963983
    outer loop
      vertex 84.44330000140667 15.620000003278255 24.099999999999998
      vertex 86.84329999991655 15.620000003278255 24.099999999999998
      vertex 84.44330000140667 15.917126847803592 24.10986402481794
    endloop
  endfacet
  facet normal 0 -0.28366177880440635 0.9589243949579759
    outer loop
      vertex 84.44330000140667 17.079586571455003 24.344435444474218
      vertex 84.44330000140667 16.699535308778287 24.232011547684667
      vertex 86.84329999991655 16.699535308778287 24.232011547684667
    endloop
  endfacet
  facet normal 0 -0.11039398850123368 0.9938879047975127
    outer loop
      vertex 84.44330000140667 15.917126847803592 24.10986402481794
      vertex 86.84329999991655 15.917126847803592 24.10986402481794
      vertex 84.44330000140667 16.31103522181511 24.153616560995577
    endloop
  endfacet
  facet normal 0 -0.19780191083779844 0.9802420130094995
    outer loop
      vertex 84.44330000140667 16.699535308778287 24.232011547684667
      vertex 84.44330000140667 16.31103522181511 24.153616560995577
      vertex 86.84329999991655 16.31103522181511 24.153616560995577
    endloop
  endfacet
  facet normal 0 0.219438515355538 0.9756263311219913
    outer loop
      vertex 84.44330000140667 14.79121304899454 24.169986939430235
      vertex 86.84329999991655 14.404542295634746 24.256957179307935
      vertex 86.84329999991655 14.79121304899454 24.169986939430235
    endloop
  endfacet
  facet normal 0 0.13235384097527855 0.9912025326738682
    outer loop
      vertex 84.44330000140667 15.184057129919529 24.117531037330625
      vertex 86.84329999991655 14.79121304899454 24.169986939430235
      vertex 86.84329999991655 15.184057129919529 24.117531037330625
    endloop
  endfacet
  facet normal 0 0.04423334749546526 0.9990212264858767
    outer loop
      vertex 84.44330000140667 15.579999996721744 24.099999999999998
      vertex 86.84329999991655 15.184057129919529 24.117531037330625
      vertex 86.84329999991655 15.579999996721744 24.099999999999998
    endloop
  endfacet
  facet normal 0 0 1
    outer loop
      vertex 84.44330000140667 15.620000003278255 24.099999999999998
      vertex 86.84329999991655 15.579999996721744 24.099999999999998
      vertex 86.84329999991655 15.620000003278255 24.099999999999998
    endloop
  endfacet
  facet normal 0 -0.19780191083779844 0.9802420130094995
    outer loop
      vertex 84.44330000140667 16.699535308778287 24.232011547684667
      vertex 86.84329999991655 16.31103522181511 24.153616560995577
      vertex 86.84329999991655 16.699535308778287 24.232011547684667
    endloop
  endfacet
  facet normal 0 -0.28366177880440635 0.9589243949579759
    outer loop
      vertex 84.44330000140667 17.079586571455003 24.344435444474218
      vertex 86.84329999991655 16.699535308778287 24.232011547684667
      vertex 86.84329999991655 17.079586571455003 24.344435444474218
    endloop
  endfacet
  facet normal 0 -0.03317974755027905 0.9994494005963983
    outer loop
      vertex 84.44330000140667 15.917126847803592 24.10986402481794
      vertex 86.84329999991655 15.620000003278255 24.099999999999998
      vertex 86.84329999991655 15.917126847803592 24.10986402481794
    endloop
  endfacet
  facet normal 0 -0.11039398850123368 0.9938879047975127
    outer loop
      vertex 84.44330000140667 16.31103522181511 24.153616560995577
      vertex 86.84329999991655 15.917126847803592 24.10986402481794
      vertex 86.84329999991655 16.31103522181511 24.153616560995577
    endloop
  endfacet
  facet normal 0 -0.3673015950300477 0.9301018967233551
    outer loop
      vertex 84.44330000140667 17.448214589059354 24.490008375048635
      vertex 84.44330000140667 17.079586571455003 24.344435444474218
      vertex 86.84329999991655 17.079586571455003 24.344435444474218
    endloop
  endfacet
  facet normal 0 -0.3673015950300477 0.9301018967233551
    outer loop
      vertex 84.44330000140667 17.448214589059354 24.490008375048635
      vertex 86.84329999991655 17.079586571455003 24.344435444474218
      vertex 86.84329999991655 17.448214589059354 24.490008375048635
    endloop
  endfacet
  facet normal 0.31848664945097876 0.9479273464361545 0
    outer loop
      vertex 48.69873590210675 5.676505006849766 0.019999999999999574
      vertex 49.07673812845944 5.5495030134916306 0
      vertex 48.69873590210675 5.676505006849766 0
    endloop
  endfacet
  facet normal 0.4591967710149661 0.3068254696599723 -0.8336644748682568
    outer loop
      vertex 46.85514490494727 7.146719768643379 0.019999999999999574
      vertex 49.23622046599387 9.017316564917564 2.0199999999999996
      vertex 49.452993216013894 8.692893214523792 2.0199999999999996
    endloop
  endfacet
  facet normal 0.5416401429884109 0.10773892064842648 -0.8336775638584776
    outer loop
      vertex 46.23941005209683 8.607415422797203 0.019999999999999574
      vertex 49.160099999999986 9.399999998509884 2.0199999999999996
      vertex 49.23622046599387 9.017316564917564 2.0199999999999996
    endloop
  endfacet
  facet normal 0.5547001962252291 0 -0.8320502943378437
    outer loop
      vertex 46.160099999999986 10.600000001490116 0.019999999999999574
      vertex 49.160099999999986 10.600000001490116 2.0199999999999996
      vertex 49.160099999999986 9.399999998509884 2.0199999999999996
    endloop
  endfacet
  facet normal 0.5417564263081796 -0.10776205083832004 -0.8335990132869098
    outer loop
      vertex 46.22086898425816 11.294592715799809 0.019999999999999574
      vertex 49.23622046599387 10.982683435082436 2.0199999999999996
      vertex 49.160099999999986 10.600000001490116 2.0199999999999996
    endloop
  endfacet
  facet normal 0.5001598746688423 0.2408642954173801 -0.8317598757840733
    outer loop
      vertex 46.474195154404626 7.846260815858841 0.019999999999999574
      vertex 49.23622046599387 9.017316564917564 2.0199999999999996
      vertex 46.647213706767545 7.486984081566334 0.019999999999999574
    endloop
  endfacet
  facet normal 0.521731650866011 0.18989479676841373 -0.831706709510576
    outer loop
      vertex 46.474195154404626 7.846260815858841 0.019999999999999574
      vertex 46.337808774805055 8.220979303121567 0.019999999999999574
      vertex 49.23622046599387 9.017316564917564 2.0199999999999996
    endloop
  endfacet
  facet normal 0.7971325121866318 0.6038044037724712 0
    outer loop
      vertex 46.85514490494727 7.146719768643379 0.019999999999999574
      vertex 47.095922226107106 6.82884956151247 0
      vertex 46.85514490494727 7.146719768643379 0
    endloop
  endfacet
  facet normal 0.7971325121866318 0.6038044037724712 0
    outer loop
      vertex 46.85514490494727 7.146719768643379 0.019999999999999574
      vertex 47.095922226107106 6.82884956151247 0.019999999999999574
      vertex 47.095922226107106 6.82884956151247 0
    endloop
  endfacet
  facet normal 0.7330518671150555 0.6801727428522337 0
    outer loop
      vertex 47.095922226107106 6.82884956151247 0.019999999999999574
      vertex 47.36715273002385 6.53653260320425 0
      vertex 47.095922226107106 6.82884956151247 0
    endloop
  endfacet
  facet normal 0.7330518671150555 0.6801727428522337 0
    outer loop
      vertex 47.095922226107106 6.82884956151247 0.019999999999999574
      vertex 47.36715273002385 6.53653260320425 0.019999999999999574
      vertex 47.36715273002385 6.53653260320425 0
    endloop
  endfacet
  facet normal 0.661685846948682 0.7497811947147017 0
    outer loop
      vertex 47.36715273002385 6.53653260320425 0.019999999999999574
      vertex 47.66614078918694 6.272674068808556 0
      vertex 47.36715273002385 6.53653260320425 0
    endloop
  endfacet
  facet normal 0.8532908761377529 0.5214352123706896 0
    outer loop
      vertex 46.85514490494727 7.146719768643379 0.019999999999999574
      vertex 46.85514490494727 7.146719768643379 0
      vertex 46.647213706767545 7.486984081566334 0.019999999999999574
    endloop
  endfacet
  facet normal 0.8532908761377529 0.5214352123706896 0
    outer loop
      vertex 46.85514490494727 7.146719768643379 0
      vertex 46.647213706767545 7.486984081566334 0
      vertex 46.647213706767545 7.486984081566334 0.019999999999999574
    endloop
  endfacet
  facet normal 0.9009688718240639 0.43388373097417887 0
    outer loop
      vertex 46.474195154404626 7.846260815858841 0.019999999999999574
      vertex 46.647213706767545 7.486984081566334 0.019999999999999574
      vertex 46.647213706767545 7.486984081566334 0
    endloop
  endfacet
  facet normal 0.9009688718240639 0.43388373097417887 0
    outer loop
      vertex 46.474195154404626 7.846260815858841 0.019999999999999574
      vertex 46.647213706767545 7.486984081566334 0
      vertex 46.474195154404626 7.846260815858841 0
    endloop
  endfacet
  facet normal 0.9396926175566495 0.34202015219798426 0
    outer loop
      vertex 46.474195154404626 7.846260815858841 0.019999999999999574
      vertex 46.474195154404626 7.846260815858841 0
      vertex 46.337808774805055 8.220979303121567 0.019999999999999574
    endloop
  endfacet
  facet normal 0.9396926175566495 0.34202015219798426 0
    outer loop
      vertex 46.474195154404626 7.846260815858841 0
      vertex 46.337808774805055 8.220979303121567 0
      vertex 46.337808774805055 8.220979303121567 0.019999999999999574
    endloop
  endfacet
  facet normal 0.9690772887625726 0.2467573877406342 0
    outer loop
      vertex 46.337808774805055 8.220979303121567 0.019999999999999574
      vertex 46.337808774805055 8.220979303121567 0
      vertex 46.23941005209683 8.607415422797203 0.019999999999999574
    endloop
  endfacet
  facet normal 0.9690772887625726 0.2467573877406342 0
    outer loop
      vertex 46.337808774805055 8.220979303121567 0
      vertex 46.23941005209683 8.607415422797203 0
      vertex 46.23941005209683 8.607415422797203 0.019999999999999574
    endloop
  endfacet
  facet normal 0.32319597705190445 0.44953824584650415 -0.8327422926324283
    outer loop
      vertex 47.66614078918694 6.272674068808556 0.019999999999999574
      vertex 49.452993216013894 8.692893214523792 2.0199999999999996
      vertex 47.98991494814156 6.039896309375763 0.019999999999999574
    endloop
  endfacet
  facet normal 0.27712094157380013 0.47998752604724615 -0.8323556683175135
    outer loop
      vertex 47.98991494814156 6.039896309375763 0.019999999999999574
      vertex 49.777416566407666 8.476120464503765 2.0199999999999996
      vertex 48.33525736818312 5.84051275998354 0.019999999999999574
    endloop
  endfacet
  facet normal 0.4417193451114352 0.3345893960317247 -0.8324265470403083
    outer loop
      vertex 46.85514490494727 7.146719768643379 0.019999999999999574
      vertex 49.452993216013894 8.692893214523792 2.0199999999999996
      vertex 47.095922226107106 6.82884956151247 0.019999999999999574
    endloop
  endfacet
  facet normal 0.407025287148306 0.37766428050912926 -0.8316851007739411
    outer loop
      vertex 47.095922226107106 6.82884956151247 0.019999999999999574
      vertex 49.452993216013894 8.692893214523792 2.0199999999999996
      vertex 47.36715273002385 6.53653260320425 0.019999999999999574
    endloop
  endfacet
  facet normal 0.36729407252474944 0.4161947694350385 -0.8317914270916114
    outer loop
      vertex 47.36715273002385 6.53653260320425 0.019999999999999574
      vertex 49.452993216013894 8.692893214523792 2.0199999999999996
      vertex 47.66614078918694 6.272674068808556 0.019999999999999574
    endloop
  endfacet
  facet normal 0.4725411739641758 0.28876390723311435 -0.8326585403321244
    outer loop
      vertex 46.85514490494727 7.146719768643379 0.019999999999999574
      vertex 46.647213706767545 7.486984081566334 0.019999999999999574
      vertex 49.23622046599387 9.017316564917564 2.0199999999999996
    endloop
  endfacet
  facet normal 0.661685846948682 0.7497811947147017 0
    outer loop
      vertex 47.36715273002385 6.53653260320425 0.019999999999999574
      vertex 47.66614078918694 6.272674068808556 0.019999999999999574
      vertex 47.66614078918694 6.272674068808556 0
    endloop
  endfacet
  facet normal 0.5837436584827607 0.8119380156028918 0
    outer loop
      vertex 47.66614078918694 6.272674068808556 0.019999999999999574
      vertex 47.98991494814156 6.039896309375763 0
      vertex 47.66614078918694 6.272674068808556 0
    endloop
  endfacet
  facet normal 0.5000000192191726 0.866025392688244 0
    outer loop
      vertex 47.98991494814156 6.039896309375763 0.019999999999999574
      vertex 48.33525736818312 5.84051275998354 0
      vertex 47.98991494814156 6.039896309375763 0
    endloop
  endfacet
  facet normal 0.5837436584827607 0.8119380156028918 0
    outer loop
      vertex 47.66614078918694 6.272674068808556 0.019999999999999574
      vertex 47.98991494814156 6.039896309375763 0.019999999999999574
      vertex 47.98991494814156 6.039896309375763 0
    endloop
  endfacet
  facet normal 0.5000000192191726 0.866025392688244 0
    outer loop
      vertex 47.98991494814156 6.039896309375763 0.019999999999999574
      vertex 48.33525736818312 5.84051275998354 0.019999999999999574
      vertex 48.33525736818312 5.84051275998354 0
    endloop
  endfacet
  facet normal 0.4112870883604221 0.9115058589762364 0
    outer loop
      vertex 48.69873590210675 5.676505006849766 0
      vertex 48.33525736818312 5.84051275998354 0
      vertex 48.33525736818312 5.84051275998354 0.019999999999999574
    endloop
  endfacet
  facet normal 0.4112870883604221 0.9115058589762364 0
    outer loop
      vertex 48.69873590210675 5.676505006849766 0.019999999999999574
      vertex 48.69873590210675 5.676505006849766 0
      vertex 48.33525736818312 5.84051275998354 0.019999999999999574
    endloop
  endfacet
  facet normal 0.5368921294611331 0.13670952864193497 -0.8325006583187727
    outer loop
      vertex 46.337808774805055 8.220979303121567 0.019999999999999574
      vertex 46.23941005209683 8.607415422797203 0.019999999999999574
      vertex 49.23622046599387 9.017316564917564 2.0199999999999996
    endloop
  endfacet
  facet normal 0.5477211381961603 0.08255568490958178 -0.8325779925401658
    outer loop
      vertex 46.23941005209683 8.607415422797203 0.019999999999999574
      vertex 46.17997689733504 9.001728609204292 0.019999999999999574
      vertex 49.160099999999986 9.399999998509884 2.0199999999999996
    endloop
  endfacet
  facet normal 0.5544877571564384 0.02767333159873381 -0.8317316357346576
    outer loop
      vertex 46.17997689733504 9.001728609204292 0.019999999999999574
      vertex 46.160099999999986 9.399999998509884 0.019999999999999574
      vertex 49.160099999999986 9.399999998509884 2.0199999999999996
    endloop
  endfacet
  facet normal 0.5547001962252291 0 -0.8320502943378437
    outer loop
      vertex 46.160099999999986 9.399999998509884 0.019999999999999574
      vertex 46.160099999999986 10.600000001490116 0.019999999999999574
      vertex 49.160099999999986 9.399999998509884 2.0199999999999996
    endloop
  endfacet
  facet normal 0.5545807558949591 -0.02075094866918525 -0.8318711338424387
    outer loop
      vertex 46.160099999999986 10.600000001490116 0.019999999999999574
      vertex 46.17128481159209 10.898920372128487 0.019999999999999574
      vertex 49.160099999999986 10.600000001490116 2.0199999999999996
    endloop
  endfacet
  facet normal 0.5500412840408061 -0.0689291087375145 -0.8322880293620672
    outer loop
      vertex 46.17128481159209 10.898920372128487 0.019999999999999574
      vertex 46.22086898425816 11.294592715799809 0.019999999999999574
      vertex 49.160099999999986 10.600000001490116 2.0199999999999996
    endloop
  endfacet
  facet normal 0.5396518422736629 -0.12317202190992882 -0.8328292394898618
    outer loop
      vertex 46.22086898425816 11.294592715799809 0.019999999999999574
      vertex 46.30960301498173 11.683361873030663 0.019999999999999574
      vertex 49.23622046599387 10.982683435082436 2.0199999999999996
    endloop
  endfacet
  facet normal 0.9888308244897689 0.14904227768953318 0
    outer loop
      vertex 46.23941005209683 8.607415422797203 0.019999999999999574
      vertex 46.23941005209683 8.607415422797203 0
      vertex 46.17997689733504 9.001728609204292 0.019999999999999574
    endloop
  endfacet
  facet normal 0.9888308244897689 0.14904227768953318 0
    outer loop
      vertex 46.23941005209683 8.607415422797203 0
      vertex 46.17997689733504 9.001728609204292 0
      vertex 46.17997689733504 9.001728609204292 0.019999999999999574
    endloop
  endfacet
  facet normal 0.9987569213873613 0.04984588228570239 0
    outer loop
      vertex 46.17997689733504 9.001728609204292 0.019999999999999574
      vertex 46.17997689733504 9.001728609204292 0
      vertex 46.160099999999986 9.399999998509884 0.019999999999999574
    endloop
  endfacet
  facet normal 0.9987569213873613 0.04984588228570239 0
    outer loop
      vertex 46.17997689733504 9.001728609204292 0
      vertex 46.160099999999986 9.399999998509884 0
      vertex 46.160099999999986 9.399999998509884 0.019999999999999574
    endloop
  endfacet
  facet normal 1 0 0
    outer loop
      vertex 46.160099999999986 9.399999998509884 0.019999999999999574
      vertex 46.160099999999986 9.399999998509884 0
      vertex 46.160099999999986 10.600000001490116 0.019999999999999574
    endloop
  endfacet
  facet normal 1 0 0
    outer loop
      vertex 46.160099999999986 9.399999998509884 0
      vertex 46.160099999999986 10.600000001490116 0
      vertex 46.160099999999986 10.600000001490116 0.019999999999999574
    endloop
  endfacet
  facet normal 0.9993007047314957 -0.03739119579708517 0
    outer loop
      vertex 46.160099999999986 10.600000001490116 0.019999999999999574
      vertex 46.160099999999986 10.600000001490116 0
      vertex 46.17128481159209 10.898920372128487 0.019999999999999574
    endloop
  endfacet
  facet normal 0.9993007047314957 -0.03739119579708517 0
    outer loop
      vertex 46.160099999999986 10.600000001490116 0
      vertex 46.17128481159209 10.898920372128487 0
      vertex 46.17128481159209 10.898920372128487 0.019999999999999574
    endloop
  endfacet
  facet normal 0.992239208125764 -0.12434369247354911 0
    outer loop
      vertex 46.17128481159209 10.898920372128487 0.019999999999999574
      vertex 46.17128481159209 10.898920372128487 0
      vertex 46.22086898425816 11.294592715799809 0.019999999999999574
    endloop
  endfacet
  facet normal 0.992239208125764 -0.12434369247354911 0
    outer loop
      vertex 46.17128481159209 10.898920372128487 0
      vertex 46.22086898425816 11.294592715799809 0
      vertex 46.22086898425816 11.294592715799809 0.019999999999999574
    endloop
  endfacet
  facet normal 0.9749279080790253 -0.22252095193184762 0
    outer loop
      vertex 46.22086898425816 11.294592715799809 0.019999999999999574
      vertex 46.22086898425816 11.294592715799809 0
      vertex 46.30960301498173 11.683361873030663 0.019999999999999574
    endloop
  endfacet
  facet normal 0.31848664945097876 0.9479273464361545 0
    outer loop
      vertex 48.69873590210675 5.676505006849766 0.019999999999999574
      vertex 49.07673812845944 5.5495030134916306 0.019999999999999574
      vertex 49.07673812845944 5.5495030134916306 0
    endloop
  endfacet
  facet normal 0.22252095193184762 0.9749279080790253 0
    outer loop
      vertex 49.07673812845944 5.5495030134916306 0.019999999999999574
      vertex 49.46550728569029 5.460768982768059 0
      vertex 49.07673812845944 5.5495030134916306 0
    endloop
  endfacet
  facet normal 0.22252095193184762 0.9749279080790253 0
    outer loop
      vertex 49.07673812845944 5.5495030134916306 0.019999999999999574
      vertex 49.46550728569029 5.460768982768059 0.019999999999999574
      vertex 49.46550728569029 5.460768982768059 0
    endloop
  endfacet
  facet normal 0.12434369247354911 0.992239208125764 0
    outer loop
      vertex 49.46550728569029 5.460768982768059 0.019999999999999574
      vertex 49.861179629361615 5.411184810101986 0
      vertex 49.46550728569029 5.460768982768059 0
    endloop
  endfacet
  facet normal 0.12434369247354911 0.992239208125764 0
    outer loop
      vertex 49.46550728569029 5.460768982768059 0.019999999999999574
      vertex 49.861179629361615 5.411184810101986 0.019999999999999574
      vertex 49.861179629361615 5.411184810101986 0
    endloop
  endfacet
  facet normal 0.03739119579708517 0.9993007047314957 0
    outer loop
      vertex 49.861179629361615 5.411184810101986 0.019999999999999574
      vertex 50.160099999999986 5.399999998509884 0
      vertex 49.861179629361615 5.411184810101986 0
    endloop
  endfacet
  facet normal 0.03739119579708517 0.9993007047314957 0
    outer loop
      vertex 49.861179629361615 5.411184810101986 0.019999999999999574
      vertex 50.160099999999986 5.399999998509884 0.019999999999999574
      vertex 50.160099999999986 5.399999998509884 0
    endloop
  endfacet
  facet normal 0 1 0
    outer loop
      vertex 50.160099999999986 5.399999998509884 0.019999999999999574
      vertex 61.160099999999986 5.399999998509884 0
      vertex 50.160099999999986 5.399999998509884 0
    endloop
  endfacet
  facet normal 0.30684742538683063 0.45922963008266277 -0.8336382934988137
    outer loop
      vertex 47.98991494814156 6.039896309375763 0.019999999999999574
      vertex 49.452993216013894 8.692893214523792 2.0199999999999996
      vertex 49.777416566407666 8.476120464503765 2.0199999999999996
    endloop
  endfacet
  facet normal 0.10776205083832004 0.5417564263081796 -0.8335990132869098
    outer loop
      vertex 49.46550728569029 5.460768982768059 0.019999999999999574
      vertex 49.777416566407666 8.476120464503765 2.0199999999999996
      vertex 50.160099999999986 8.399999998509884 2.0199999999999996
    endloop
  endfacet
  facet normal 0.22837743322251416 0.5061364052786727 -0.8316668126397009
    outer loop
      vertex 48.69873590210675 5.676505006849766 0.019999999999999574
      vertex 48.33525736818312 5.84051275998354 0.019999999999999574
      vertex 49.777416566407666 8.476120464503765 2.0199999999999996
    endloop
  endfacet
  facet normal 0.17677157569554836 0.5261338613825026 -0.8318262859112175
    outer loop
      vertex 48.69873590210675 5.676505006849766 0.019999999999999574
      vertex 49.777416566407666 8.476120464503765 2.0199999999999996
      vertex 49.07673812845944 5.5495030134916306 0.019999999999999574
    endloop
  endfacet
  facet normal 0.12317202190992882 0.5396518422736629 -0.8328292394898618
    outer loop
      vertex 49.07673812845944 5.5495030134916306 0.019999999999999574
      vertex 49.777416566407666 8.476120464503765 2.0199999999999996
      vertex 49.46550728569029 5.460768982768059 0.019999999999999574
    endloop
  endfacet
  facet normal 0.0689291087375145 0.5500412840408061 -0.8322880293620672
    outer loop
      vertex 49.46550728569029 5.460768982768059 0.019999999999999574
      vertex 50.160099999999986 8.399999998509884 2.0199999999999996
      vertex 49.861179629361615 5.411184810101986 0.019999999999999574
    endloop
  endfacet
  facet normal 0.02075094866918525 0.5545807558949591 -0.8318711338424387
    outer loop
      vertex 49.861179629361615 5.411184810101986 0.019999999999999574
      vertex 50.160099999999986 8.399999998509884 2.0199999999999996
      vertex 50.160099999999986 5.399999998509884 0.019999999999999574
    endloop
  endfacet
  facet normal 0 0.5547001962252291 -0.8320502943378437
    outer loop
      vertex 50.160099999999986 5.399999998509884 0.019999999999999574
      vertex 50.160099999999986 8.399999998509884 2.0199999999999996
      vertex 61.160099999999986 8.399999998509884 2.0199999999999996
    endloop
  endfacet
  facet normal 0.45922963008266265 -0.3068474253868305 -0.8336382934988138
    outer loop
      vertex 49.23622046599387 10.982683435082436 2.0199999999999996
      vertex 46.799996310865865 12.770185053348541 0.019999999999999574
      vertex 49.452993216013894 11.307106785476208 2.0199999999999996
    endloop
  endfacet
  facet normal 0.5261338613825026 -0.17677157569554836 -0.8318262859112175
    outer loop
      vertex 49.23622046599387 10.982683435082436 2.0199999999999996
      vertex 46.30960301498173 11.683361873030663 0.019999999999999574
      vertex 46.43660500833987 12.061364099383354 0.019999999999999574
    endloop
  endfacet
  facet normal 0.5061364052786727 -0.22837743322251416 -0.8316668126397009
    outer loop
      vertex 49.23622046599387 10.982683435082436 2.0199999999999996
      vertex 46.43660500833987 12.061364099383354 0.019999999999999574
      vertex 46.60061276147364 12.42484263330698 0.019999999999999574
    endloop
  endfacet
  facet normal 0.9749279080790253 -0.22252095193184762 0
    outer loop
      vertex 46.22086898425816 11.294592715799809 0
      vertex 46.30960301498173 11.683361873030663 0
      vertex 46.30960301498173 11.683361873030663 0.019999999999999574
    endloop
  endfacet
  facet normal 0.9479273464361545 -0.31848664945097876 0
    outer loop
      vertex 46.30960301498173 11.683361873030663 0.019999999999999574
      vertex 46.30960301498173 11.683361873030663 0
      vertex 46.43660500833987 12.061364099383354 0.019999999999999574
    endloop
  endfacet
  facet normal 0.9479273464361545 -0.31848664945097876 0
    outer loop
      vertex 46.30960301498173 11.683361873030663 0
      vertex 46.43660500833987 12.061364099383354 0
      vertex 46.43660500833987 12.061364099383354 0.019999999999999574
    endloop
  endfacet
  facet normal 0.9115058589762364 -0.4112870883604221 0
    outer loop
      vertex 46.43660500833987 12.061364099383354 0.019999999999999574
      vertex 46.43660500833987 12.061364099383354 0
      vertex 46.60061276147364 12.42484263330698 0.019999999999999574
    endloop
  endfacet
  facet normal 0.9115058589762364 -0.4112870883604221 0
    outer loop
      vertex 46.43660500833987 12.061364099383354 0
      vertex 46.60061276147364 12.42484263330698 0
      vertex 46.60061276147364 12.42484263330698 0.019999999999999574
    endloop
  endfacet
  facet normal 0.866025392688244 -0.5000000192191726 0
    outer loop
      vertex 46.60061276147364 12.42484263330698 0.019999999999999574
      vertex 46.60061276147364 12.42484263330698 0
      vertex 46.799996310865865 12.770185053348541 0.019999999999999574
    endloop
  endfacet
  facet normal 0.866025392688244 -0.5000000192191726 0
    outer loop
      vertex 46.60061276147364 12.42484263330698 0
      vertex 46.799996310865865 12.770185053348541 0
      vertex 46.799996310865865 12.770185053348541 0.019999999999999574
    endloop
  endfacet
  facet normal 0.8119380156028918 -0.5837436584827607 0
    outer loop
      vertex 46.799996310865865 12.770185053348541 0.019999999999999574
      vertex 46.799996310865865 12.770185053348541 0
      vertex 47.03277407029866 13.093959212303162 0.019999999999999574
    endloop
  endfacet
  facet normal 0.8119380156028918 -0.5837436584827607 0
    outer loop
      vertex 46.799996310865865 12.770185053348541 0
      vertex 47.03277407029866 13.093959212303162 0
      vertex 47.03277407029866 13.093959212303162 0.019999999999999574
    endloop
  endfacet
  facet normal 0.7497811947147017 -0.661685846948682 0
    outer loop
      vertex 47.03277407029866 13.093959212303162 0.019999999999999574
      vertex 47.03277407029866 13.093959212303162 0
      vertex 47.29663260469435 13.392947271466255 0.019999999999999574
    endloop
  endfacet
  facet normal 0.7497811947147017 -0.661685846948682 0
    outer loop
      vertex 47.03277407029866 13.093959212303162 0
      vertex 47.29663260469435 13.392947271466255 0
      vertex 47.29663260469435 13.392947271466255 0.019999999999999574
    endloop
  endfacet
  facet normal 0.6801727428522337 -0.7330518671150555 0
    outer loop
      vertex 47.29663260469435 13.392947271466255 0.019999999999999574
      vertex 47.29663260469435 13.392947271466255 0
      vertex 47.58894956300257 13.664177775382996 0.019999999999999574
    endloop
  endfacet
  facet normal 0.6801727428522337 -0.7330518671150555 0
    outer loop
      vertex 47.29663260469435 13.392947271466255 0
      vertex 47.58894956300257 13.664177775382996 0
      vertex 47.58894956300257 13.664177775382996 0.019999999999999574
    endloop
  endfacet
  facet normal 0.47998752604724626 -0.2771209415738002 -0.8323556683175135
    outer loop
      vertex 49.23622046599387 10.982683435082436 2.0199999999999996
      vertex 46.60061276147364 12.42484263330698 0.019999999999999574
      vertex 46.799996310865865 12.770185053348541 0.019999999999999574
    endloop
  endfacet
  facet normal 0.44953824584650415 -0.32319597705190445 -0.8327422926324283
    outer loop
      vertex 49.452993216013894 11.307106785476208 2.0199999999999996
      vertex 46.799996310865865 12.770185053348541 0.019999999999999574
      vertex 47.03277407029866 13.093959212303162 0.019999999999999574
    endloop
  endfacet
  facet normal 0.4161947694350385 -0.36729407252474944 -0.8317914270916111
    outer loop
      vertex 49.452993216013894 11.307106785476208 2.0199999999999996
      vertex 47.03277407029866 13.093959212303162 0.019999999999999574
      vertex 47.29663260469435 13.392947271466255 0.019999999999999574
    endloop
  endfacet
  facet normal 0.37766428050912926 -0.407025287148306 -0.8316851007739411
    outer loop
      vertex 49.452993216013894 11.307106785476208 2.0199999999999996
      vertex 47.29663260469435 13.392947271466255 0.019999999999999574
      vertex 47.58894956300257 13.664177775382996 0.019999999999999574
    endloop
  endfacet
  facet normal 0.3345893960317247 -0.4417193451114352 -0.8324265470403083
    outer loop
      vertex 49.452993216013894 11.307106785476208 2.0199999999999996
      vertex 47.58894956300257 13.664177775382996 0.019999999999999574
      vertex 47.90681977013348 13.904955096542835 0.019999999999999574
    endloop
  endfacet
  facet normal 0.28876390723311435 -0.4725411739641758 -0.8326585403321244
    outer loop
      vertex 47.90681977013348 13.904955096542835 0.019999999999999574
      vertex 48.247084083056436 14.112886294722557 0.019999999999999574
      vertex 49.777416566407666 11.523879535496235 2.0199999999999996
    endloop
  endfacet
  facet normal 0.6038044037724712 -0.7971325121866318 0
    outer loop
      vertex 47.58894956300257 13.664177775382996 0.019999999999999574
      vertex 47.58894956300257 13.664177775382996 0
      vertex 47.90681977013348 13.904955096542835 0.019999999999999574
    endloop
  endfacet
  facet normal 0.6038044037724712 -0.7971325121866318 0
    outer loop
      vertex 47.58894956300257 13.664177775382996 0
      vertex 47.90681977013348 13.904955096542835 0
      vertex 47.90681977013348 13.904955096542835 0.019999999999999574
    endloop
  endfacet
  facet normal 0.5214352123706896 -0.8532908761377529 0
    outer loop
      vertex 47.90681977013348 13.904955096542835 0.019999999999999574
      vertex 47.90681977013348 13.904955096542835 0
      vertex 48.247084083056436 14.112886294722557 0.019999999999999574
    endloop
  endfacet
  facet normal 0.5214352123706896 -0.8532908761377529 0
    outer loop
      vertex 47.90681977013348 13.904955096542835 0
      vertex 48.247084083056436 14.112886294722557 0
      vertex 48.247084083056436 14.112886294722557 0.019999999999999574
    endloop
  endfacet
  facet normal 0.43388373097417887 -0.9009688718240639 0
    outer loop
      vertex 48.247084083056436 14.112886294722557 0.019999999999999574
      vertex 48.247084083056436 14.112886294722557 0
      vertex 48.60636081734894 14.285904847085476 0.019999999999999574
    endloop
  endfacet
  facet normal 0.43388373097417887 -0.9009688718240639 0
    outer loop
      vertex 48.247084083056436 14.112886294722557 0
      vertex 48.60636081734894 14.285904847085476 0
      vertex 48.60636081734894 14.285904847085476 0.019999999999999574
    endloop
  endfacet
  facet normal 0.34202015219798426 -0.9396926175566495 0
    outer loop
      vertex 48.60636081734894 14.285904847085476 0.019999999999999574
      vertex 48.60636081734894 14.285904847085476 0
      vertex 48.98107930461167 14.422291226685047 0.019999999999999574
    endloop
  endfacet
  facet normal 0.30682546965997226 -0.459196771014966 -0.8336644748682568
    outer loop
      vertex 49.452993216013894 11.307106785476208 2.0199999999999996
      vertex 47.90681977013348 13.904955096542835 0.019999999999999574
      vertex 49.777416566407666 11.523879535496235 2.0199999999999996
    endloop
  endfacet
  facet normal 0.10773892064842648 -0.5416401429884109 -0.8336775638584776
    outer loop
      vertex 49.777416566407666 11.523879535496235 2.0199999999999996
      vertex 49.367515424287305 14.520689949393272 0.019999999999999574
      vertex 50.160099999999986 11.600000001490116 2.0199999999999996
    endloop
  endfacet
  facet normal 0.2408642954173801 -0.5001598746688423 -0.8317598757840733
    outer loop
      vertex 48.247084083056436 14.112886294722557 0.019999999999999574
      vertex 48.60636081734894 14.285904847085476 0.019999999999999574
      vertex 49.777416566407666 11.523879535496235 2.0199999999999996
    endloop
  endfacet
  facet normal 0.18989479676841373 -0.521731650866011 -0.831706709510576
    outer loop
      vertex 48.60636081734894 14.285904847085476 0.019999999999999574
      vertex 48.98107930461167 14.422291226685047 0.019999999999999574
      vertex 49.777416566407666 11.523879535496235 2.0199999999999996
    endloop
  endfacet
  facet normal 0.13670952864193497 -0.5368921294611331 -0.8325006583187727
    outer loop
      vertex 49.777416566407666 11.523879535496235 2.0199999999999996
      vertex 48.98107930461167 14.422291226685047 0.019999999999999574
      vertex 49.367515424287305 14.520689949393272 0.019999999999999574
    endloop
  endfacet
  facet normal 0.08255568490958178 -0.5477211381961603 -0.8325779925401658
    outer loop
      vertex 50.160099999999986 11.600000001490116 2.0199999999999996
      vertex 49.367515424287305 14.520689949393272 0.019999999999999574
      vertex 49.761828610694394 14.580123104155064 0.019999999999999574
    endloop
  endfacet
  facet normal 0.02767333159873381 -0.5544877571564384 -0.8317316357346576
    outer loop
      vertex 50.160099999999986 11.600000001490116 2.0199999999999996
      vertex 49.761828610694394 14.580123104155064 0.019999999999999574
      vertex 50.160099999999986 14.600000001490116 0.019999999999999574
    endloop
  endfacet
  facet normal 0.34202015219798426 -0.9396926175566495 0
    outer loop
      vertex 48.60636081734894 14.285904847085476 0
      vertex 48.98107930461167 14.422291226685047 0
      vertex 48.98107930461167 14.422291226685047 0.019999999999999574
    endloop
  endfacet
  facet normal 0.2467573877406342 -0.9690772887625726 0
    outer loop
      vertex 48.98107930461167 14.422291226685047 0.019999999999999574
      vertex 48.98107930461167 14.422291226685047 0
      vertex 49.367515424287305 14.520689949393272 0.019999999999999574
    endloop
  endfacet
  facet normal 0.2467573877406342 -0.9690772887625726 0
    outer loop
      vertex 48.98107930461167 14.422291226685047 0
      vertex 49.367515424287305 14.520689949393272 0
      vertex 49.367515424287305 14.520689949393272 0.019999999999999574
    endloop
  endfacet
  facet normal 0.14904227768953318 -0.9888308244897689 0
    outer loop
      vertex 49.367515424287305 14.520689949393272 0.019999999999999574
      vertex 49.367515424287305 14.520689949393272 0
      vertex 49.761828610694394 14.580123104155064 0.019999999999999574
    endloop
  endfacet
  facet normal 0.14904227768953318 -0.9888308244897689 0
    outer loop
      vertex 49.367515424287305 14.520689949393272 0
      vertex 49.761828610694394 14.580123104155064 0
      vertex 49.761828610694394 14.580123104155064 0.019999999999999574
    endloop
  endfacet
  facet normal 0.04984588228570239 -0.9987569213873613 0
    outer loop
      vertex 49.761828610694394 14.580123104155064 0.019999999999999574
      vertex 49.761828610694394 14.580123104155064 0
      vertex 50.160099999999986 14.600000001490116 0.019999999999999574
    endloop
  endfacet
  facet normal 0.04984588228570239 -0.9987569213873613 0
    outer loop
      vertex 49.761828610694394 14.580123104155064 0
      vertex 50.160099999999986 14.600000001490116 0
      vertex 50.160099999999986 14.600000001490116 0.019999999999999574
    endloop
  endfacet
  facet normal 0 -0.5547001962252291 -0.8320502943378437
    outer loop
      vertex 50.160099999999986 11.600000001490116 2.0199999999999996
      vertex 50.160099999999986 14.600000001490116 0.019999999999999574
      vertex 61.160099999999986 14.600000001490116 0.019999999999999574
    endloop
  endfacet
  facet normal 0 -1 0
    outer loop
      vertex 50.160099999999986 14.600000001490116 0.019999999999999574
      vertex 50.160099999999986 14.600000001490116 0
      vertex 61.160099999999986 14.600000001490116 0.019999999999999574
    endloop
  endfacet
  facet normal 0 1 0
    outer loop
      vertex 50.160099999999986 5.399999998509884 0.019999999999999574
      vertex 61.160099999999986 5.399999998509884 0.019999999999999574
      vertex 61.160099999999986 5.399999998509884 0
    endloop
  endfacet
  facet normal 0 0.5547001962252291 -0.8320502943378437
    outer loop
      vertex 50.160099999999986 5.399999998509884 0.019999999999999574
      vertex 61.160099999999986 8.399999998509884 2.0199999999999996
      vertex 61.160099999999986 5.399999998509884 0.019999999999999574
    endloop
  endfacet
  facet normal -0.04984588228570239 0.9987569213873613 0
    outer loop
      vertex 61.160099999999986 5.399999998509884 0.019999999999999574
      vertex 61.55837138930558 5.419876895844936 0
      vertex 61.160099999999986 5.399999998509884 0
    endloop
  endfacet
  facet normal -0.04984588228570239 0.9987569213873613 0
    outer loop
      vertex 61.160099999999986 5.399999998509884 0.019999999999999574
      vertex 61.55837138930558 5.419876895844936 0.019999999999999574
      vertex 61.55837138930558 5.419876895844936 0
    endloop
  endfacet
  facet normal -0.14904227768953318 0.9888308244897689 0
    outer loop
      vertex 61.55837138930558 5.419876895844936 0.019999999999999574
      vertex 61.95268457571267 5.479310050606728 0
      vertex 61.55837138930558 5.419876895844936 0
    endloop
  endfacet
  facet normal -0.14904227768953318 0.9888308244897689 0
    outer loop
      vertex 61.55837138930558 5.419876895844936 0.019999999999999574
      vertex 61.95268457571267 5.479310050606728 0.019999999999999574
      vertex 61.95268457571267 5.479310050606728 0
    endloop
  endfacet
  facet normal -0.2467573877406342 0.9690772887625726 0
    outer loop
      vertex 61.95268457571267 5.479310050606728 0.019999999999999574
      vertex 62.3391206953883 5.577708773314953 0
      vertex 61.95268457571267 5.479310050606728 0
    endloop
  endfacet
  facet normal -0.2467573877406342 0.9690772887625726 0
    outer loop
      vertex 61.95268457571267 5.479310050606728 0.019999999999999574
      vertex 62.3391206953883 5.577708773314953 0.019999999999999574
      vertex 62.3391206953883 5.577708773314953 0
    endloop
  endfacet
  facet normal -0.34202015219798426 0.9396926175566495 0
    outer loop
      vertex 62.3391206953883 5.577708773314953 0.019999999999999574
      vertex 62.71383918265103 5.714095152914524 0
      vertex 62.3391206953883 5.577708773314953 0
    endloop
  endfacet
  facet normal -0.34202015219798426 0.9396926175566495 0
    outer loop
      vertex 62.3391206953883 5.577708773314953 0.019999999999999574
      vertex 62.71383918265103 5.714095152914524 0.019999999999999574
      vertex 62.71383918265103 5.714095152914524 0
    endloop
  endfacet
  facet normal -0.10773892064842648 0.5416401429884109 -0.8336775638584776
    outer loop
      vertex 61.95268457571267 5.479310050606728 0.019999999999999574
      vertex 61.160099999999986 8.399999998509884 2.0199999999999996
      vertex 61.542783433592305 8.476120464503765 2.0199999999999996
    endloop
  endfacet
  facet normal -0.30682546965997226 0.459196771014966 -0.8336644748682568
    outer loop
      vertex 61.542783433592305 8.476120464503765 2.0199999999999996
      vertex 61.86720678398608 8.692893214523792 2.0199999999999996
      vertex 63.41338022986649 6.095044903457165 0.019999999999999574
    endloop
  endfacet
  facet normal -0.02767333159873381 0.5544877571564384 -0.8317316357346576
    outer loop
      vertex 61.160099999999986 5.399999998509884 0.019999999999999574
      vertex 61.160099999999986 8.399999998509884 2.0199999999999996
      vertex 61.55837138930558 5.419876895844936 0.019999999999999574
    endloop
  endfacet
  facet normal -0.08255568490958178 0.5477211381961603 -0.8325779925401658
    outer loop
      vertex 61.55837138930558 5.419876895844936 0.019999999999999574
      vertex 61.160099999999986 8.399999998509884 2.0199999999999996
      vertex 61.95268457571267 5.479310050606728 0.019999999999999574
    endloop
  endfacet
  facet normal -0.13670952864193497 0.5368921294611331 -0.8325006583187727
    outer loop
      vertex 61.95268457571267 5.479310050606728 0.019999999999999574
      vertex 61.542783433592305 8.476120464503765 2.0199999999999996
      vertex 62.3391206953883 5.577708773314953 0.019999999999999574
    endloop
  endfacet
  facet normal -0.18989479676841373 0.521731650866011 -0.831706709510576
    outer loop
      vertex 62.3391206953883 5.577708773314953 0.019999999999999574
      vertex 61.542783433592305 8.476120464503765 2.0199999999999996
      vertex 62.71383918265103 5.714095152914524 0.019999999999999574
    endloop
  endfacet
  facet normal -0.45922963008266265 0.3068474253868305 -0.8336382934988138
    outer loop
      vertex 61.86720678398608 8.692893214523792 2.0199999999999996
      vertex 62.083979534006104 9.017316564917564 2.0199999999999996
      vertex 64.5202036891341 7.229814946651459 0.019999999999999574
    endloop
  endfacet
  facet normal -0.5417564263081796 0.10776205083832004 -0.8335990132869098
    outer loop
      vertex 62.083979534006104 9.017316564917564 2.0199999999999996
      vertex 62.160099999999986 9.399999998509884 2.0199999999999996
      vertex 65.09933101574181 8.705407284200191 0.019999999999999574
    endloop
  endfacet
  facet normal -0.5547001962252291 0 -0.8320502943378437
    outer loop
      vertex 62.160099999999986 9.399999998509884 2.0199999999999996
      vertex 62.160099999999986 10.600000001490116 2.0199999999999996
      vertex 65.16009999999999 10.600000001490116 0.019999999999999574
    endloop
  endfacet
  facet normal -0.5416401429884109 -0.10773892064842648 -0.8336775638584776
    outer loop
      vertex 62.160099999999986 10.600000001490116 2.0199999999999996
      vertex 62.083979534006104 10.982683435082436 2.0199999999999996
      vertex 65.08078994790314 11.392584577202797 0.019999999999999574
    endloop
  endfacet
  facet normal -0.2408642954173801 0.5001598746688423 -0.8317598757840733
    outer loop
      vertex 62.71383918265103 5.714095152914524 0.019999999999999574
      vertex 61.542783433592305 8.476120464503765 2.0199999999999996
      vertex 63.073115916943536 5.887113705277443 0.019999999999999574
    endloop
  endfacet
  facet normal -0.28876390723311435 0.4725411739641758 -0.8326585403321244
    outer loop
      vertex 61.542783433592305 8.476120464503765 2.0199999999999996
      vertex 63.41338022986649 6.095044903457165 0.019999999999999574
      vertex 63.073115916943536 5.887113705277443 0.019999999999999574
    endloop
  endfacet
  facet normal -0.3345893960317247 0.4417193451114352 -0.8324265470403083
    outer loop
      vertex 61.86720678398608 8.692893214523792 2.0199999999999996
      vertex 63.7312504369974 6.335822224617004 0.019999999999999574
      vertex 63.41338022986649 6.095044903457165 0.019999999999999574
    endloop
  endfacet
  facet normal -0.37766428050912926 0.407025287148306 -0.8316851007739411
    outer loop
      vertex 61.86720678398608 8.692893214523792 2.0199999999999996
      vertex 64.02356739530562 6.607052728533745 0.019999999999999574
      vertex 63.7312504369974 6.335822224617004 0.019999999999999574
    endloop
  endfacet
  facet normal -0.4161947694350385 0.36729407252474944 -0.8317914270916111
    outer loop
      vertex 61.86720678398608 8.692893214523792 2.0199999999999996
      vertex 64.28742592970131 6.906040787696838 0.019999999999999574
      vertex 64.02356739530562 6.607052728533745 0.019999999999999574
    endloop
  endfacet
  facet normal -0.44953824584650415 0.32319597705190445 -0.8327422926324283
    outer loop
      vertex 61.86720678398608 8.692893214523792 2.0199999999999996
      vertex 64.5202036891341 7.229814946651459 0.019999999999999574
      vertex 64.28742592970131 6.906040787696838 0.019999999999999574
    endloop
  endfacet
  facet normal -0.47998752604724626 0.2771209415738002 -0.8323556683175135
    outer loop
      vertex 62.083979534006104 9.017316564917564 2.0199999999999996
      vertex 64.71958723852633 7.57515736669302 0.019999999999999574
      vertex 64.5202036891341 7.229814946651459 0.019999999999999574
    endloop
  endfacet
  facet normal -0.43388373097417887 0.9009688718240639 0
    outer loop
      vertex 62.71383918265103 5.714095152914524 0.019999999999999574
      vertex 63.073115916943536 5.887113705277443 0
      vertex 62.71383918265103 5.714095152914524 0
    endloop
  endfacet
  facet normal -0.43388373097417887 0.9009688718240639 0
    outer loop
      vertex 62.71383918265103 5.714095152914524 0.019999999999999574
      vertex 63.073115916943536 5.887113705277443 0.019999999999999574
      vertex 63.073115916943536 5.887113705277443 0
    endloop
  endfacet
  facet normal -0.5214352123706896 0.8532908761377529 0
    outer loop
      vertex 63.073115916943536 5.887113705277443 0.019999999999999574
      vertex 63.41338022986649 6.095044903457165 0
      vertex 63.073115916943536 5.887113705277443 0
    endloop
  endfacet
  facet normal -0.5214352123706896 0.8532908761377529 0
    outer loop
      vertex 63.073115916943536 5.887113705277443 0.019999999999999574
      vertex 63.41338022986649 6.095044903457165 0.019999999999999574
      vertex 63.41338022986649 6.095044903457165 0
    endloop
  endfacet
  facet normal -0.6038044037724712 0.7971325121866318 0
    outer loop
      vertex 63.41338022986649 6.095044903457165 0.019999999999999574
      vertex 63.7312504369974 6.335822224617004 0
      vertex 63.41338022986649 6.095044903457165 0
    endloop
  endfacet
  facet normal -0.6038044037724712 0.7971325121866318 0
    outer loop
      vertex 63.41338022986649 6.095044903457165 0.019999999999999574
      vertex 63.7312504369974 6.335822224617004 0.019999999999999574
      vertex 63.7312504369974 6.335822224617004 0
    endloop
  endfacet
  facet normal -0.5061364052786727 0.22837743322251416 -0.8316668126397009
    outer loop
      vertex 62.083979534006104 9.017316564917564 2.0199999999999996
      vertex 64.8835949916601 7.938635900616646 0.019999999999999574
      vertex 64.71958723852633 7.57515736669302 0.019999999999999574
    endloop
  endfacet
  facet normal -0.5261338613825026 0.17677157569554836 -0.8318262859112175
    outer loop
      vertex 62.083979534006104 9.017316564917564 2.0199999999999996
      vertex 65.01059698501824 8.316638126969337 0.019999999999999574
      vertex 64.8835949916601 7.938635900616646 0.019999999999999574
    endloop
  endfacet
  facet normal -0.6801727428522337 0.7330518671150555 0
    outer loop
      vertex 63.7312504369974 6.335822224617004 0.019999999999999574
      vertex 64.02356739530562 6.607052728533745 0
      vertex 63.7312504369974 6.335822224617004 0
    endloop
  endfacet
  facet normal -0.6801727428522337 0.7330518671150555 0
    outer loop
      vertex 63.7312504369974 6.335822224617004 0.019999999999999574
      vertex 64.02356739530562 6.607052728533745 0.019999999999999574
      vertex 64.02356739530562 6.607052728533745 0
    endloop
  endfacet
  facet normal -0.7497811947147017 0.661685846948682 0
    outer loop
      vertex 64.02356739530562 6.607052728533745 0.019999999999999574
      vertex 64.28742592970131 6.906040787696838 0
      vertex 64.02356739530562 6.607052728533745 0
    endloop
  endfacet
  facet normal -0.7497811947147017 0.661685846948682 0
    outer loop
      vertex 64.02356739530562 6.607052728533745 0.019999999999999574
      vertex 64.28742592970131 6.906040787696838 0.019999999999999574
      vertex 64.28742592970131 6.906040787696838 0
    endloop
  endfacet
  facet normal -0.8119380156028918 0.5837436584827607 0
    outer loop
      vertex 64.28742592970131 6.906040787696838 0.019999999999999574
      vertex 64.5202036891341 7.229814946651459 0
      vertex 64.28742592970131 6.906040787696838 0
    endloop
  endfacet
  facet normal -0.8119380156028918 0.5837436584827607 0
    outer loop
      vertex 64.28742592970131 6.906040787696838 0.019999999999999574
      vertex 64.5202036891341 7.229814946651459 0.019999999999999574
      vertex 64.5202036891341 7.229814946651459 0
    endloop
  endfacet
  facet normal -0.866025392688244 0.5000000192191726 0
    outer loop
      vertex 64.5202036891341 7.229814946651459 0.019999999999999574
      vertex 64.71958723852633 7.57515736669302 0
      vertex 64.5202036891341 7.229814946651459 0
    endloop
  endfacet
  facet normal -0.866025392688244 0.5000000192191726 0
    outer loop
      vertex 64.5202036891341 7.229814946651459 0.019999999999999574
      vertex 64.71958723852633 7.57515736669302 0.019999999999999574
      vertex 64.71958723852633 7.57515736669302 0
    endloop
  endfacet
  facet normal -0.9115058589762364 0.4112870883604221 0
    outer loop
      vertex 64.71958723852633 7.57515736669302 0.019999999999999574
      vertex 64.8835949916601 7.938635900616646 0
      vertex 64.71958723852633 7.57515736669302 0
    endloop
  endfacet
  facet normal -0.9115058589762364 0.4112870883604221 0
    outer loop
      vertex 64.71958723852633 7.57515736669302 0.019999999999999574
      vertex 64.8835949916601 7.938635900616646 0.019999999999999574
      vertex 64.8835949916601 7.938635900616646 0
    endloop
  endfacet
  facet normal -0.9479273464361545 0.31848664945097876 0
    outer loop
      vertex 64.8835949916601 7.938635900616646 0.019999999999999574
      vertex 65.01059698501824 8.316638126969337 0
      vertex 64.8835949916601 7.938635900616646 0
    endloop
  endfacet
  facet normal -0.9479273464361545 0.31848664945097876 0
    outer loop
      vertex 64.8835949916601 7.938635900616646 0.019999999999999574
      vertex 65.01059698501824 8.316638126969337 0.019999999999999574
      vertex 65.01059698501824 8.316638126969337 0
    endloop
  endfacet
  facet normal -0.9749279080790253 0.22252095193184762 0
    outer loop
      vertex 65.01059698501824 8.316638126969337 0.019999999999999574
      vertex 65.09933101574181 8.705407284200191 0
      vertex 65.01059698501824 8.316638126969337 0
    endloop
  endfacet
  facet normal -0.9749279080790253 0.22252095193184762 0
    outer loop
      vertex 65.01059698501824 8.316638126969337 0.019999999999999574
      vertex 65.09933101574181 8.705407284200191 0.019999999999999574
      vertex 65.09933101574181 8.705407284200191 0
    endloop
  endfacet
  facet normal -0.5396518422736629 0.12317202190992882 -0.8328292394898618
    outer loop
      vertex 62.083979534006104 9.017316564917564 2.0199999999999996
      vertex 65.09933101574181 8.705407284200191 0.019999999999999574
      vertex 65.01059698501824 8.316638126969337 0.019999999999999574
    endloop
  endfacet
  facet normal -0.5500412840408061 0.0689291087375145 -0.8322880293620672
    outer loop
      vertex 62.160099999999986 9.399999998509884 2.0199999999999996
      vertex 65.14891518840788 9.101079627871513 0.019999999999999574
      vertex 65.09933101574181 8.705407284200191 0.019999999999999574
    endloop
  endfacet
  facet normal -0.5545807558949591 0.02075094866918525 -0.8318711338424387
    outer loop
      vertex 62.160099999999986 9.399999998509884 2.0199999999999996
      vertex 65.16009999999999 9.399999998509884 0.019999999999999574
      vertex 65.14891518840788 9.101079627871513 0.019999999999999574
    endloop
  endfacet
  facet normal -0.5547001962252291 0 -0.8320502943378437
    outer loop
      vertex 62.160099999999986 9.399999998509884 2.0199999999999996
      vertex 65.16009999999999 10.600000001490116 0.019999999999999574
      vertex 65.16009999999999 9.399999998509884 0.019999999999999574
    endloop
  endfacet
  facet normal -0.5544877571564384 -0.02767333159873381 -0.8317316357346576
    outer loop
      vertex 62.160099999999986 10.600000001490116 2.0199999999999996
      vertex 65.14022310266493 10.998271390795708 0.019999999999999574
      vertex 65.16009999999999 10.600000001490116 0.019999999999999574
    endloop
  endfacet
  facet normal -0.5368921294611331 -0.13670952864193497 -0.8325006583187727
    outer loop
      vertex 62.083979534006104 10.982683435082436 2.0199999999999996
      vertex 64.98239122519492 11.779020696878433 0.019999999999999574
      vertex 65.08078994790314 11.392584577202797 0.019999999999999574
    endloop
  endfacet
  facet normal -0.5477211381961603 -0.08255568490958178 -0.8325779925401658
    outer loop
      vertex 62.160099999999986 10.600000001490116 2.0199999999999996
      vertex 65.08078994790314 11.392584577202797 0.019999999999999574
      vertex 65.14022310266493 10.998271390795708 0.019999999999999574
    endloop
  endfacet
  facet normal -0.992239208125764 0.12434369247354911 0
    outer loop
      vertex 65.09933101574181 8.705407284200191 0.019999999999999574
      vertex 65.14891518840788 9.101079627871513 0
      vertex 65.09933101574181 8.705407284200191 0
    endloop
  endfacet
  facet normal -0.992239208125764 0.12434369247354911 0
    outer loop
      vertex 65.09933101574181 8.705407284200191 0.019999999999999574
      vertex 65.14891518840788 9.101079627871513 0.019999999999999574
      vertex 65.14891518840788 9.101079627871513 0
    endloop
  endfacet
  facet normal -0.9888308244897689 -0.14904227768953318 0
    outer loop
      vertex 65.08078994790314 11.392584577202797 0
      vertex 65.14022310266493 10.998271390795708 0
      vertex 65.14022310266493 10.998271390795708 0.019999999999999574
    endloop
  endfacet
  facet normal -0.9888308244897689 -0.14904227768953318 0
    outer loop
      vertex 65.08078994790314 11.392584577202797 0.019999999999999574
      vertex 65.08078994790314 11.392584577202797 0
      vertex 65.14022310266493 10.998271390795708 0.019999999999999574
    endloop
  endfacet
  facet normal 0 -0.5547001962252291 -0.8320502943378437
    outer loop
      vertex 50.160099999999986 11.600000001490116 2.0199999999999996
      vertex 61.160099999999986 14.600000001490116 0.019999999999999574
      vertex 61.160099999999986 11.600000001490116 2.0199999999999996
    endloop
  endfacet
  facet normal 0 -1 0
    outer loop
      vertex 50.160099999999986 14.600000001490116 0
      vertex 61.160099999999986 14.600000001490116 0
      vertex 61.160099999999986 14.600000001490116 0.019999999999999574
    endloop
  endfacet
  facet normal -0.10776205083832004 -0.5417564263081796 -0.8335990132869098
    outer loop
      vertex 61.160099999999986 11.600000001490116 2.0199999999999996
      vertex 61.85469271430968 14.539231017231941 0.019999999999999574
      vertex 61.542783433592305 11.523879535496235 2.0199999999999996
    endloop
  endfacet
  facet normal -0.3068474253868305 -0.45922963008266265 -0.8336382934988138
    outer loop
      vertex 61.86720678398608 11.307106785476208 2.0199999999999996
      vertex 61.542783433592305 11.523879535496235 2.0199999999999996
      vertex 63.33028505185841 13.960103690624237 0.019999999999999574
    endloop
  endfacet
  facet normal -0.02075094866918525 -0.5545807558949591 -0.8318711338424387
    outer loop
      vertex 61.160099999999986 11.600000001490116 2.0199999999999996
      vertex 61.160099999999986 14.600000001490116 0.019999999999999574
      vertex 61.459020370638356 14.588815189898014 0.019999999999999574
    endloop
  endfacet
  facet normal -0.0689291087375145 -0.5500412840408061 -0.8322880293620672
    outer loop
      vertex 61.160099999999986 11.600000001490116 2.0199999999999996
      vertex 61.459020370638356 14.588815189898014 0.019999999999999574
      vertex 61.85469271430968 14.539231017231941 0.019999999999999574
    endloop
  endfacet
  facet normal -0.12317202190992882 -0.5396518422736629 -0.8328292394898619
    outer loop
      vertex 61.542783433592305 11.523879535496235 2.0199999999999996
      vertex 61.85469271430968 14.539231017231941 0.019999999999999574
      vertex 62.24346187154053 14.45049698650837 0.019999999999999574
    endloop
  endfacet
  facet normal -0.17677157569554836 -0.5261338613825026 -0.8318262859112173
    outer loop
      vertex 61.542783433592305 11.523879535496235 2.0199999999999996
      vertex 62.24346187154053 14.45049698650837 0.019999999999999574
      vertex 62.621464097893224 14.323494993150234 0.019999999999999574
    endloop
  endfacet
  facet normal -0.22837743322251416 -0.5061364052786727 -0.8316668126397009
    outer loop
      vertex 61.542783433592305 11.523879535496235 2.0199999999999996
      vertex 62.621464097893224 14.323494993150234 0.019999999999999574
      vertex 62.98494263181685 14.15948724001646 0.019999999999999574
    endloop
  endfacet
  facet normal -0.03739119579708517 -0.9993007047314957 0
    outer loop
      vertex 61.160099999999986 14.600000001490116 0.019999999999999574
      vertex 61.160099999999986 14.600000001490116 0
      vertex 61.459020370638356 14.588815189898014 0.019999999999999574
    endloop
  endfacet
  facet normal -0.03739119579708517 -0.9993007047314957 0
    outer loop
      vertex 61.160099999999986 14.600000001490116 0
      vertex 61.459020370638356 14.588815189898014 0
      vertex 61.459020370638356 14.588815189898014 0.019999999999999574
    endloop
  endfacet
  facet normal -0.12434369247354911 -0.992239208125764 0
    outer loop
      vertex 61.459020370638356 14.588815189898014 0.019999999999999574
      vertex 61.459020370638356 14.588815189898014 0
      vertex 61.85469271430968 14.539231017231941 0.019999999999999574
    endloop
  endfacet
  facet normal -0.12434369247354911 -0.992239208125764 0
    outer loop
      vertex 61.459020370638356 14.588815189898014 0
      vertex 61.85469271430968 14.539231017231941 0
      vertex 61.85469271430968 14.539231017231941 0.019999999999999574
    endloop
  endfacet
  facet normal -0.22252095193184762 -0.9749279080790253 0
    outer loop
      vertex 61.85469271430968 14.539231017231941 0.019999999999999574
      vertex 61.85469271430968 14.539231017231941 0
      vertex 62.24346187154053 14.45049698650837 0.019999999999999574
    endloop
  endfacet
  facet normal -0.22252095193184762 -0.9749279080790253 0
    outer loop
      vertex 61.85469271430968 14.539231017231941 0
      vertex 62.24346187154053 14.45049698650837 0
      vertex 62.24346187154053 14.45049698650837 0.019999999999999574
    endloop
  endfacet
  facet normal -0.31848664945097876 -0.9479273464361545 0
    outer loop
      vertex 62.24346187154053 14.45049698650837 0.019999999999999574
      vertex 62.24346187154053 14.45049698650837 0
      vertex 62.621464097893224 14.323494993150234 0.019999999999999574
    endloop
  endfacet
  facet normal -0.459196771014966 -0.30682546965997226 -0.8336644748682568
    outer loop
      vertex 61.86720678398608 11.307106785476208 2.0199999999999996
      vertex 64.4650550950527 12.85328023135662 0.019999999999999574
      vertex 62.083979534006104 10.982683435082436 2.0199999999999996
    endloop
  endfacet
  facet normal -0.4725411739641758 -0.28876390723311435 -0.8326585403321243
    outer loop
      vertex 62.083979534006104 10.982683435082436 2.0199999999999996
      vertex 64.4650550950527 12.85328023135662 0.019999999999999574
      vertex 64.67298629323243 12.513015918433666 0.019999999999999574
    endloop
  endfacet
  facet normal -0.36729407252474944 -0.4161947694350385 -0.8317914270916111
    outer loop
      vertex 61.86720678398608 11.307106785476208 2.0199999999999996
      vertex 63.65405921081303 13.727325931191444 0.019999999999999574
      vertex 63.953047269976125 13.46346739679575 0.019999999999999574
    endloop
  endfacet
  facet normal -0.407025287148306 -0.37766428050912926 -0.8316851007739411
    outer loop
      vertex 61.86720678398608 11.307106785476208 2.0199999999999996
      vertex 63.953047269976125 13.46346739679575 0.019999999999999574
      vertex 64.22427777389287 13.17115043848753 0.019999999999999574
    endloop
  endfacet
  facet normal -0.4417193451114352 -0.3345893960317247 -0.8324265470403083
    outer loop
      vertex 61.86720678398608 11.307106785476208 2.0199999999999996
      vertex 64.22427777389287 13.17115043848753 0.019999999999999574
      vertex 64.4650550950527 12.85328023135662 0.019999999999999574
    endloop
  endfacet
  facet normal -0.2771209415738002 -0.47998752604724626 -0.8323556683175135
    outer loop
      vertex 61.542783433592305 11.523879535496235 2.0199999999999996
      vertex 62.98494263181685 14.15948724001646 0.019999999999999574
      vertex 63.33028505185841 13.960103690624237 0.019999999999999574
    endloop
  endfacet
  facet normal -0.32319597705190445 -0.4495382458465041 -0.8327422926324283
    outer loop
      vertex 61.86720678398608 11.307106785476208 2.0199999999999996
      vertex 63.33028505185841 13.960103690624237 0.019999999999999574
      vertex 63.65405921081303 13.727325931191444 0.019999999999999574
    endloop
  endfacet
  facet normal -0.4112870883604221 -0.9115058589762364 0
    outer loop
      vertex 62.98494263181685 14.15948724001646 0.019999999999999574
      vertex 62.621464097893224 14.323494993150234 0.019999999999999574
      vertex 62.621464097893224 14.323494993150234 0
    endloop
  endfacet
  facet normal -0.4112870883604221 -0.9115058589762364 0
    outer loop
      vertex 62.98494263181685 14.15948724001646 0.019999999999999574
      vertex 62.621464097893224 14.323494993150234 0
      vertex 62.98494263181685 14.15948724001646 0
    endloop
  endfacet
  facet normal -0.5000000192191726 -0.866025392688244 0
    outer loop
      vertex 62.98494263181685 14.15948724001646 0.019999999999999574
      vertex 62.98494263181685 14.15948724001646 0
      vertex 63.33028505185841 13.960103690624237 0.019999999999999574
    endloop
  endfacet
  facet normal -0.5000000192191726 -0.866025392688244 0
    outer loop
      vertex 62.98494263181685 14.15948724001646 0
      vertex 63.33028505185841 13.960103690624237 0
      vertex 63.33028505185841 13.960103690624237 0.019999999999999574
    endloop
  endfacet
  facet normal -0.5837436584827607 -0.8119380156028918 0
    outer loop
      vertex 63.33028505185841 13.960103690624237 0.019999999999999574
      vertex 63.33028505185841 13.960103690624237 0
      vertex 63.65405921081303 13.727325931191444 0.019999999999999574
    endloop
  endfacet
  facet normal -0.5837436584827607 -0.8119380156028918 0
    outer loop
      vertex 63.33028505185841 13.960103690624237 0
      vertex 63.65405921081303 13.727325931191444 0
      vertex 63.65405921081303 13.727325931191444 0.019999999999999574
    endloop
  endfacet
  facet normal -0.661685846948682 -0.7497811947147017 0
    outer loop
      vertex 63.65405921081303 13.727325931191444 0.019999999999999574
      vertex 63.65405921081303 13.727325931191444 0
      vertex 63.953047269976125 13.46346739679575 0.019999999999999574
    endloop
  endfacet
  facet normal -0.521731650866011 -0.18989479676841373 -0.831706709510576
    outer loop
      vertex 62.083979534006104 10.982683435082436 2.0199999999999996
      vertex 64.84600484559535 12.153739184141159 0.019999999999999574
      vertex 64.98239122519492 11.779020696878433 0.019999999999999574
    endloop
  endfacet
  facet normal -0.5001598746688423 -0.2408642954173801 -0.8317598757840733
    outer loop
      vertex 62.083979534006104 10.982683435082436 2.0199999999999996
      vertex 64.67298629323243 12.513015918433666 0.019999999999999574
      vertex 64.84600484559535 12.153739184141159 0.019999999999999574
    endloop
  endfacet
  facet normal -0.9690772887625726 -0.2467573877406342 0
    outer loop
      vertex 65.08078994790314 11.392584577202797 0.019999999999999574
      vertex 64.98239122519492 11.779020696878433 0
      vertex 65.08078994790314 11.392584577202797 0
    endloop
  endfacet
  facet normal -0.9690772887625726 -0.2467573877406342 0
    outer loop
      vertex 65.08078994790314 11.392584577202797 0.019999999999999574
      vertex 64.98239122519492 11.779020696878433 0.019999999999999574
      vertex 64.98239122519492 11.779020696878433 0
    endloop
  endfacet
  facet normal -0.9396926175566495 -0.34202015219798426 0
    outer loop
      vertex 64.98239122519492 11.779020696878433 0.019999999999999574
      vertex 64.84600484559535 12.153739184141159 0
      vertex 64.98239122519492 11.779020696878433 0
    endloop
  endfacet
  facet normal -0.9396926175566495 -0.34202015219798426 0
    outer loop
      vertex 64.98239122519492 11.779020696878433 0.019999999999999574
      vertex 64.84600484559535 12.153739184141159 0.019999999999999574
      vertex 64.84600484559535 12.153739184141159 0
    endloop
  endfacet
  facet normal -0.9009688718240639 -0.43388373097417887 0
    outer loop
      vertex 64.84600484559535 12.153739184141159 0.019999999999999574
      vertex 64.67298629323243 12.513015918433666 0
      vertex 64.84600484559535 12.153739184141159 0
    endloop
  endfacet
  facet normal -0.9009688718240639 -0.43388373097417887 0
    outer loop
      vertex 64.84600484559535 12.153739184141159 0.019999999999999574
      vertex 64.67298629323243 12.513015918433666 0.019999999999999574
      vertex 64.67298629323243 12.513015918433666 0
    endloop
  endfacet
  facet normal -0.8532908761377529 -0.5214352123706896 0
    outer loop
      vertex 64.67298629323243 12.513015918433666 0.019999999999999574
      vertex 64.4650550950527 12.85328023135662 0
      vertex 64.67298629323243 12.513015918433666 0
    endloop
  endfacet
  facet normal -0.8532908761377529 -0.5214352123706896 0
    outer loop
      vertex 64.67298629323243 12.513015918433666 0.019999999999999574
      vertex 64.4650550950527 12.85328023135662 0.019999999999999574
      vertex 64.4650550950527 12.85328023135662 0
    endloop
  endfacet
  facet normal -0.661685846948682 -0.7497811947147017 0
    outer loop
      vertex 63.65405921081303 13.727325931191444 0
      vertex 63.953047269976125 13.46346739679575 0
      vertex 63.953047269976125 13.46346739679575 0.019999999999999574
    endloop
  endfacet
  facet normal -0.7330518671150555 -0.6801727428522337 0
    outer loop
      vertex 63.953047269976125 13.46346739679575 0.019999999999999574
      vertex 63.953047269976125 13.46346739679575 0
      vertex 64.22427777389287 13.17115043848753 0.019999999999999574
    endloop
  endfacet
  facet normal -0.7971325121866318 -0.6038044037724712 0
    outer loop
      vertex 64.4650550950527 12.85328023135662 0.019999999999999574
      vertex 64.22427777389287 13.17115043848753 0
      vertex 64.4650550950527 12.85328023135662 0
    endloop
  endfacet
  facet normal -0.7971325121866318 -0.6038044037724712 0
    outer loop
      vertex 64.4650550950527 12.85328023135662 0.019999999999999574
      vertex 64.22427777389287 13.17115043848753 0.019999999999999574
      vertex 64.22427777389287 13.17115043848753 0
    endloop
  endfacet
  facet normal -0.7330518671150555 -0.6801727428522337 0
    outer loop
      vertex 63.953047269976125 13.46346739679575 0
      vertex 64.22427777389287 13.17115043848753 0
      vertex 64.22427777389287 13.17115043848753 0.019999999999999574
    endloop
  endfacet
  facet normal -0.31848664945097876 -0.9479273464361545 0
    outer loop
      vertex 62.24346187154053 14.45049698650837 0
      vertex 62.621464097893224 14.323494993150234 0
      vertex 62.621464097893224 14.323494993150234 0.019999999999999574
    endloop
  endfacet
  facet normal -0.9993007047314957 0.03739119579708517 0
    outer loop
      vertex 65.14891518840788 9.101079627871513 0.019999999999999574
      vertex 65.16009999999999 9.399999998509884 0
      vertex 65.14891518840788 9.101079627871513 0
    endloop
  endfacet
  facet normal -0.9993007047314957 0.03739119579708517 0
    outer loop
      vertex 65.14891518840788 9.101079627871513 0.019999999999999574
      vertex 65.16009999999999 9.399999998509884 0.019999999999999574
      vertex 65.16009999999999 9.399999998509884 0
    endloop
  endfacet
  facet normal -1 0 0
    outer loop
      vertex 65.16009999999999 9.399999998509884 0.019999999999999574
      vertex 65.16009999999999 10.600000001490116 0
      vertex 65.16009999999999 9.399999998509884 0
    endloop
  endfacet
  facet normal -1 0 0
    outer loop
      vertex 65.16009999999999 9.399999998509884 0.019999999999999574
      vertex 65.16009999999999 10.600000001490116 0.019999999999999574
      vertex 65.16009999999999 10.600000001490116 0
    endloop
  endfacet
  facet normal -0.9987569213873613 -0.04984588228570239 0
    outer loop
      vertex 65.16009999999999 10.600000001490116 0.019999999999999574
      vertex 65.14022310266493 10.998271390795708 0
      vertex 65.16009999999999 10.600000001490116 0
    endloop
  endfacet
  facet normal -0.9987569213873613 -0.04984588228570239 0
    outer loop
      vertex 65.16009999999999 10.600000001490116 0.019999999999999574
      vertex 65.14022310266493 10.998271390795708 0.019999999999999574
      vertex 65.14022310266493 10.998271390795708 0
    endloop
  endfacet
  facet normal 0.555570228846365 0.8314696150910132 0
    outer loop
      vertex 49.777416566407666 8.476120464503765 2.399999998509884
      vertex 49.777416566407666 8.476120464503765 2.0199999999999996
      vertex 49.452993216013894 8.692893214523792 2.399999998509884
    endloop
  endfacet
  facet normal 0.19509031772898944 0.9807852812559955 0
    outer loop
      vertex 49.777416566407666 8.476120464503765 2.399999998509884
      vertex 50.160099999999986 8.399999998509884 2.399999998509884
      vertex 50.160099999999986 8.399999998509884 2.0199999999999996
    endloop
  endfacet
  facet normal 0.8314696150910132 0.555570228846365 0
    outer loop
      vertex 49.452993216013894 8.692893214523792 2.399999998509884
      vertex 49.452993216013894 8.692893214523792 2.0199999999999996
      vertex 49.23622046599387 9.017316564917564 2.399999998509884
    endloop
  endfacet
  facet normal 0.9807852812559955 0.19509031772898944 0
    outer loop
      vertex 49.23622046599387 9.017316564917564 2.399999998509884
      vertex 49.23622046599387 9.017316564917564 2.0199999999999996
      vertex 49.160099999999986 9.399999998509884 2.399999998509884
    endloop
  endfacet
  facet normal 1 0 0
    outer loop
      vertex 49.160099999999986 9.399999998509884 2.399999998509884
      vertex 49.160099999999986 9.399999998509884 2.0199999999999996
      vertex 49.160099999999986 10.600000001490116 2.399999998509884
    endloop
  endfacet
  facet normal 0.9807852812559955 -0.19509031772898944 0
    outer loop
      vertex 49.160099999999986 10.600000001490116 2.399999998509884
      vertex 49.160099999999986 10.600000001490116 2.0199999999999996
      vertex 49.23622046599387 10.982683435082436 2.399999998509884
    endloop
  endfacet
  facet normal 0.8314696150910132 -0.555570228846365 0
    outer loop
      vertex 49.23622046599387 10.982683435082436 2.399999998509884
      vertex 49.23622046599387 10.982683435082436 2.0199999999999996
      vertex 49.452993216013894 11.307106785476208 2.399999998509884
    endloop
  endfacet
  facet normal 0.555570228846365 -0.8314696150910132 0
    outer loop
      vertex 49.452993216013894 11.307106785476208 2.399999998509884
      vertex 49.452993216013894 11.307106785476208 2.0199999999999996
      vertex 49.777416566407666 11.523879535496235 2.399999998509884
    endloop
  endfacet
  facet normal 0.19509031772898944 0.9807852812559955 0
    outer loop
      vertex 49.777416566407666 8.476120464503765 2.399999998509884
      vertex 50.160099999999986 8.399999998509884 2.0199999999999996
      vertex 49.777416566407666 8.476120464503765 2.0199999999999996
    endloop
  endfacet
  facet normal 0.9807852812559955 0.19509031772898944 0
    outer loop
      vertex 49.160099999999986 9.399999998509884 2.399999998509884
      vertex 49.23622046599387 9.017316564917564 2.0199999999999996
      vertex 49.160099999999986 9.399999998509884 2.0199999999999996
    endloop
  endfacet
  facet normal 0.8314696150910132 0.555570228846365 0
    outer loop
      vertex 49.23622046599387 9.017316564917564 2.399999998509884
      vertex 49.452993216013894 8.692893214523792 2.0199999999999996
      vertex 49.23622046599387 9.017316564917564 2.0199999999999996
    endloop
  endfacet
  facet normal 0.555570228846365 0.8314696150910132 0
    outer loop
      vertex 49.452993216013894 8.692893214523792 2.399999998509884
      vertex 49.777416566407666 8.476120464503765 2.0199999999999996
      vertex 49.452993216013894 8.692893214523792 2.0199999999999996
    endloop
  endfacet
  facet normal 1 0 0
    outer loop
      vertex 49.160099999999986 10.600000001490116 2.399999998509884
      vertex 49.160099999999986 9.399999998509884 2.0199999999999996
      vertex 49.160099999999986 10.600000001490116 2.0199999999999996
    endloop
  endfacet
  facet normal 0.9807852812559955 -0.19509031772898944 0
    outer loop
      vertex 49.23622046599387 10.982683435082436 2.399999998509884
      vertex 49.160099999999986 10.600000001490116 2.0199999999999996
      vertex 49.23622046599387 10.982683435082436 2.0199999999999996
    endloop
  endfacet
  facet normal 0.8314696150910132 -0.555570228846365 0
    outer loop
      vertex 49.452993216013894 11.307106785476208 2.399999998509884
      vertex 49.23622046599387 10.982683435082436 2.0199999999999996
      vertex 49.452993216013894 11.307106785476208 2.0199999999999996
    endloop
  endfacet
  facet normal 0 1 0
    outer loop
      vertex 50.160099999999986 8.399999998509884 2.399999998509884
      vertex 61.160099999999986 8.399999998509884 2.0199999999999996
      vertex 50.160099999999986 8.399999998509884 2.0199999999999996
    endloop
  endfacet
  facet normal 0.19509031772898944 -0.9807852812559955 0
    outer loop
      vertex 49.777416566407666 11.523879535496235 2.399999998509884
      vertex 49.777416566407666 11.523879535496235 2.0199999999999996
      vertex 50.160099999999986 11.600000001490116 2.399999998509884
    endloop
  endfacet
  facet normal 0 -1 0
    outer loop
      vertex 50.160099999999986 11.600000001490116 2.399999998509884
      vertex 50.160099999999986 11.600000001490116 2.0199999999999996
      vertex 61.160099999999986 11.600000001490116 2.399999998509884
    endloop
  endfacet
  facet normal 0.555570228846365 -0.8314696150910132 0
    outer loop
      vertex 49.452993216013894 11.307106785476208 2.0199999999999996
      vertex 49.777416566407666 11.523879535496235 2.0199999999999996
      vertex 49.777416566407666 11.523879535496235 2.399999998509884
    endloop
  endfacet
  facet normal 0.19509031772898944 -0.9807852812559955 0
    outer loop
      vertex 50.160099999999986 11.600000001490116 2.399999998509884
      vertex 49.777416566407666 11.523879535496235 2.0199999999999996
      vertex 50.160099999999986 11.600000001490116 2.0199999999999996
    endloop
  endfacet
  facet normal 0 1 0
    outer loop
      vertex 50.160099999999986 8.399999998509884 2.399999998509884
      vertex 61.160099999999986 8.399999998509884 2.399999998509884
      vertex 61.160099999999986 8.399999998509884 2.0199999999999996
    endloop
  endfacet
  facet normal -0.19509031772898944 0.9807852812559955 0
    outer loop
      vertex 61.160099999999986 8.399999998509884 2.399999998509884
      vertex 61.542783433592305 8.476120464503765 2.399999998509884
      vertex 61.542783433592305 8.476120464503765 2.0199999999999996
    endloop
  endfacet
  facet normal -0.555570228846365 0.8314696150910132 0
    outer loop
      vertex 61.542783433592305 8.476120464503765 2.399999998509884
      vertex 61.86720678398608 8.692893214523792 2.399999998509884
      vertex 61.86720678398608 8.692893214523792 2.0199999999999996
    endloop
  endfacet
  facet normal -0.8314696150910132 0.555570228846365 0
    outer loop
      vertex 61.86720678398608 8.692893214523792 2.399999998509884
      vertex 62.083979534006104 9.017316564917564 2.399999998509884
      vertex 62.083979534006104 9.017316564917564 2.0199999999999996
    endloop
  endfacet
  facet normal -0.9807852812559955 0.19509031772898944 0
    outer loop
      vertex 62.083979534006104 9.017316564917564 2.399999998509884
      vertex 62.160099999999986 9.399999998509884 2.399999998509884
      vertex 62.160099999999986 9.399999998509884 2.0199999999999996
    endloop
  endfacet
  facet normal -1 0 0
    outer loop
      vertex 62.160099999999986 9.399999998509884 2.399999998509884
      vertex 62.160099999999986 10.600000001490116 2.399999998509884
      vertex 62.160099999999986 10.600000001490116 2.0199999999999996
    endloop
  endfacet
  facet normal -0.8314696150910132 -0.555570228846365 0
    outer loop
      vertex 61.86720678398608 11.307106785476208 2.399999998509884
      vertex 61.86720678398608 11.307106785476208 2.0199999999999996
      vertex 62.083979534006104 10.982683435082436 2.399999998509884
    endloop
  endfacet
  facet normal -0.9807852812559955 -0.19509031772898944 0
    outer loop
      vertex 62.160099999999986 10.600000001490116 2.399999998509884
      vertex 62.083979534006104 10.982683435082436 2.399999998509884
      vertex 62.083979534006104 10.982683435082436 2.0199999999999996
    endloop
  endfacet
  facet normal -0.19509031772898944 0.9807852812559955 0
    outer loop
      vertex 61.160099999999986 8.399999998509884 2.399999998509884
      vertex 61.542783433592305 8.476120464503765 2.0199999999999996
      vertex 61.160099999999986 8.399999998509884 2.0199999999999996
    endloop
  endfacet
  facet normal -0.555570228846365 0.8314696150910132 0
    outer loop
      vertex 61.542783433592305 8.476120464503765 2.399999998509884
      vertex 61.86720678398608 8.692893214523792 2.0199999999999996
      vertex 61.542783433592305 8.476120464503765 2.0199999999999996
    endloop
  endfacet
  facet normal -0.8314696150910132 0.555570228846365 0
    outer loop
      vertex 61.86720678398608 8.692893214523792 2.399999998509884
      vertex 62.083979534006104 9.017316564917564 2.0199999999999996
      vertex 61.86720678398608 8.692893214523792 2.0199999999999996
    endloop
  endfacet
  facet normal -0.9807852812559955 0.19509031772898944 0
    outer loop
      vertex 62.083979534006104 9.017316564917564 2.399999998509884
      vertex 62.160099999999986 9.399999998509884 2.0199999999999996
      vertex 62.083979534006104 9.017316564917564 2.0199999999999996
    endloop
  endfacet
  facet normal -1 0 0
    outer loop
      vertex 62.160099999999986 9.399999998509884 2.399999998509884
      vertex 62.160099999999986 10.600000001490116 2.0199999999999996
      vertex 62.160099999999986 9.399999998509884 2.0199999999999996
    endloop
  endfacet
  facet normal -0.9807852812559955 -0.19509031772898944 0
    outer loop
      vertex 62.160099999999986 10.600000001490116 2.399999998509884
      vertex 62.083979534006104 10.982683435082436 2.0199999999999996
      vertex 62.160099999999986 10.600000001490116 2.0199999999999996
    endloop
  endfacet
  facet normal -0.8314696150910132 -0.555570228846365 0
    outer loop
      vertex 62.083979534006104 10.982683435082436 2.399999998509884
      vertex 61.86720678398608 11.307106785476208 2.0199999999999996
      vertex 62.083979534006104 10.982683435082436 2.0199999999999996
    endloop
  endfacet
  facet normal -0.555570228846365 -0.8314696150910132 0
    outer loop
      vertex 61.86720678398608 11.307106785476208 2.399999998509884
      vertex 61.542783433592305 11.523879535496235 2.0199999999999996
      vertex 61.86720678398608 11.307106785476208 2.0199999999999996
    endloop
  endfacet
  facet normal 0 -1 0
    outer loop
      vertex 50.160099999999986 11.600000001490116 2.0199999999999996
      vertex 61.160099999999986 11.600000001490116 2.0199999999999996
      vertex 61.160099999999986 11.600000001490116 2.399999998509884
    endloop
  endfacet
  facet normal -0.19509031772898944 -0.9807852812559955 0
    outer loop
      vertex 61.160099999999986 11.600000001490116 2.399999998509884
      vertex 61.160099999999986 11.600000001490116 2.0199999999999996
      vertex 61.542783433592305 11.523879535496235 2.399999998509884
    endloop
  endfacet
  facet normal -0.555570228846365 -0.8314696150910132 0
    outer loop
      vertex 61.86720678398608 11.307106785476208 2.399999998509884
      vertex 61.542783433592305 11.523879535496235 2.399999998509884
      vertex 61.542783433592305 11.523879535496235 2.0199999999999996
    endloop
  endfacet
  facet normal -0.19509031772898944 -0.9807852812559955 0
    outer loop
      vertex 61.542783433592305 11.523879535496235 2.399999998509884
      vertex 61.160099999999986 11.600000001490116 2.0199999999999996
      vertex 61.542783433592305 11.523879535496235 2.0199999999999996
    endloop
  endfacet
  facet normal 0 0 1
    outer loop
      vertex 8.343903346030856e-11 0 35.599999999999994
      vertex 2.399999998593323 0 35.599999999999994
      vertex 2.154166557030422 2.75 35.599999999999994
    endloop
  endfacet
  facet normal 0 0 1
    outer loop
      vertex 2.399999998593323 0 35.599999999999994
      vertex 2.399999998593323 2.75 35.599999999999994
      vertex 2.154166557030422 2.75 35.599999999999994
    endloop
  endfacet
  facet normal 0 0 1
    outer loop
      vertex 8.343903346030856e-11 0 35.599999999999994
      vertex 2.154166557030422 2.75 35.599999999999994
      vertex 8.343903346030856e-11 91.6 35.599999999999994
    endloop
  endfacet
  facet normal 0 0 1
    outer loop
      vertex 2.154166557030422 11 35.599999999999994
      vertex 2.399999998593323 11 35.599999999999994
      vertex 2.154166557030422 74.35 35.599999999999994
    endloop
  endfacet
  facet normal 0 0 1
    outer loop
      vertex 8.343903346030856e-11 91.6 35.599999999999994
      vertex 2.154166557030422 2.75 35.599999999999994
      vertex 2.154166557030422 11 35.599999999999994
    endloop
  endfacet
  facet normal 0 0 1
    outer loop
      vertex 2.399999998593323 74.35 35.599999999999994
      vertex 2.154166557030422 74.35 35.599999999999994
      vertex 2.399999998593323 11 35.599999999999994
    endloop
  endfacet
  facet normal 0 0 1
    outer loop
      vertex 8.343903346030856e-11 91.6 35.599999999999994
      vertex 2.154166557030422 11 35.599999999999994
      vertex 2.154166557030422 74.35 35.599999999999994
    endloop
  endfacet
  facet normal 0 0 1
    outer loop
      vertex 8.343903346030856e-11 91.6 35.599999999999994
      vertex 2.154166557030422 74.35 35.599999999999994
      vertex 2.154166557030422 88.6 35.599999999999994
    endloop
  endfacet
  facet normal 0 0 1
    outer loop
      vertex 8.343903346030856e-11 91.6 35.599999999999994
      vertex 2.154166557030422 88.6 35.599999999999994
      vertex 2.399999998593323 88.6 35.599999999999994
    endloop
  endfacet
  facet normal 0 0 1
    outer loop
      vertex 8.343903346030856e-11 91.6 35.599999999999994
      vertex 2.399999998593323 88.6 35.599999999999994
      vertex 2.399999998593323 91.6 35.599999999999994
    endloop
  endfacet
  facet normal 0 0 1
    outer loop
      vertex 84.44330000140667 0 35.599999999999994
      vertex 86.84329999991655 0 35.599999999999994
      vertex 84.44330000140667 2.75 35.599999999999994
    endloop
  endfacet
  facet normal 0 0 1
    outer loop
      vertex 86.84329999991655 0 35.599999999999994
      vertex 84.6933 2.75 35.599999999999994
      vertex 84.44330000140667 2.75 35.599999999999994
    endloop
  endfacet
  facet normal 0 0 1
    outer loop
      vertex 86.84329999991655 0 35.599999999999994
      vertex 84.6933 10.999999999999925 35.599999999999994
      vertex 84.6933 2.75 35.599999999999994
    endloop
  endfacet
  facet normal 0 0 1
    outer loop
      vertex 86.84329999991655 0 35.599999999999994
      vertex 84.44330000140667 60.53913181489061 35.599999999999994
      vertex 84.6933 10.999999999999925 35.599999999999994
    endloop
  endfacet
  facet normal 0 0 1
    outer loop
      vertex 84.44330000140667 60.53913181489061 35.599999999999994
      vertex 84.44330000140667 11 35.599999999999994
      vertex 84.6933 10.999999999999925 35.599999999999994
    endloop
  endfacet
  facet normal 0 0 1
    outer loop
      vertex 86.84329999991655 0 35.599999999999994
      vertex 86.84329999991655 91.6 35.599999999999994
      vertex 84.44330000140667 60.53913181489061 35.599999999999994
    endloop
  endfacet
  facet normal 0 0 1
    outer loop
      vertex 84.44330000140667 60.53913181489061 35.599999999999994
      vertex 84.6933 74.35 35.599999999999994
      vertex 84.44330000140667 74.35 35.599999999999994
    endloop
  endfacet
  facet normal 0 0 1
    outer loop
      vertex 84.44330000140667 60.53913181489061 35.599999999999994
      vertex 86.84329999991655 91.6 35.599999999999994
      vertex 84.6933 74.35 35.599999999999994
    endloop
  endfacet
  facet normal 0 0 1
    outer loop
      vertex 86.84329999991655 91.6 35.599999999999994
      vertex 84.6933 88.59999999999987 35.599999999999994
      vertex 84.6933 74.35 35.599999999999994
    endloop
  endfacet
  facet normal 0 0 1
    outer loop
      vertex 86.84329999991655 91.6 35.599999999999994
      vertex 84.44330000140667 88.6 35.599999999999994
      vertex 84.6933 88.59999999999987 35.599999999999994
    endloop
  endfacet
  facet normal 0 0 1
    outer loop
      vertex 84.44330000140667 91.6 35.599999999999994
      vertex 84.44330000140667 88.6 35.599999999999994
      vertex 86.84329999991655 91.6 35.599999999999994
    endloop
  endfacet
  facet normal -0.6333238030480468 0 0.7738869171221068
    outer loop
      vertex 3.8987901112350727 74.6 10.253019415926428
      vertex 4.206874586216742 74.6 10.505145698253365
      vertex 3.8987901112350727 85.6 10.253019415926428
    endloop
  endfacet
  facet normal -0.6992417010043128 -4.8598085507355e-19 0.7148853359641637
    outer loop
      vertex 3.8987901112350727 74.6 10.253019415926428
      vertex 3.614194172823744 85.6 9.974651210478118
      vertex 3.614194172823744 74.6 9.974651210478118
    endloop
  endfacet
  facet normal -0.562449287640782 0 0.8268317838789079
    outer loop
      vertex 4.5360364190356535 74.6 10.729056827454277
      vertex 4.5360364190356535 88.6 10.729056827454277
      vertex 4.206874586216742 74.6 10.505145698253365
    endloop
  endfacet
  facet normal -0.4871728439607959 1.2368513111037466e-18 0.8733055708668932
    outer loop
      vertex 4.5360364190356535 74.6 10.729056827454277
      vertex 4.883699472055895 74.6 10.923000395353238
      vertex 4.883699472055895 88.6 10.923000395353238
    endloop
  endfacet
  facet normal -0.4080836122434681 4.9938424754280835e-19 0.9129445576913873
    outer loop
      vertex 4.883699472055895 74.6 10.923000395353238
      vertex 5.247142810508592 74.6 11.085458530573032
      vertex 5.247142810508592 88.6 11.085458530573032
    endloop
  endfacet
  facet normal -0.7596870845832859 0 0.6502888077749358
    outer loop
      vertex 3.3553141200702683 74.6 9.672219690541638
      vertex 3.614194172823744 74.6 9.974651210478118
      vertex 3.3553141200702683 85.6 9.672219690541638
    endloop
  endfacet
  facet normal -0.8141868867035681 -4.3475427168131913e-20 0.5806028879707293
    outer loop
      vertex 3.3553141200702683 74.6 9.672219690541638
      vertex 3.124176040389976 85.6 9.348091792812294
      vertex 3.124176040389976 74.6 9.348091792812294
    endloop
  endfacet
  facet normal -0.8623145725200327 -2.3170290058792636e-19 0.5063729633576356
    outer loop
      vertex 3.124176040389976 74.6 9.348091792812294
      vertex 2.922588902644975 85.6 9.004804257558668
      vertex 2.922588902644975 74.6 9.004804257558668
    endloop
  endfacet
  facet normal -0.32580057296011744 -9.962053821029832e-20 0.9454385155359704
    outer loop
      vertex 5.247142810508592 74.6 11.085458530573032
      vertex 5.623521997495665 74.6 11.21515977793668
      vertex 5.623521997495665 88.6 11.21515977793668
    endloop
  endfacet
  facet normal -0.2409677024566091 5.798970750857959e-19 0.9705331351235686
    outer loop
      vertex 5.623521997495665 74.6 11.21515977793668
      vertex 6.009891355565173 74.6 11.31108904932811
      vertex 6.009891355565173 88.6 11.31108904932811
    endloop
  endfacet
  facet normal -0.1542489329653037 -5.810048803329067e-20 0.9880320170313639
    outer loop
      vertex 6.009891355565173 74.6 11.31108904932811
      vertex 6.4032270206312845 74.6 11.372495568132976
      vertex 6.4032270206312845 88.6 11.372495568132976
    endloop
  endfacet
  facet normal -0.06632295643510538 -1.2929427452128118e-20 0.9977982087825709
    outer loop
      vertex 6.4032270206312845 74.6 11.372495568132976
      vertex 6.80045060781066 74.6 11.398898745083592
      vertex 6.80045060781066 88.6 11.398898745083592
    endloop
  endfacet
  facet normal 0.022122087153187857 -3.008237888838545e-20 0.9997552766852429
    outer loop
      vertex 6.80045060781066 74.6 11.398898745083592
      vertex 7.198453303957969 74.6 11.390091939521568
      vertex 7.198453303957969 88.6 11.390091939521568
    endloop
  endfacet
  facet normal 0.11039399541526969 -1.472832307173605e-19 0.9938879040295507
    outer loop
      vertex 7.198453303957969 74.6 11.390091939521568
      vertex 7.594120198343859 74.6 11.346144076641137
      vertex 7.594120198343859 88.6 11.346144076641137
    endloop
  endfacet
  facet normal 0.19780192098552146 1.3916747365628195e-19 0.9802420109618021
    outer loop
      vertex 7.594120198343859 74.6 11.346144076641137
      vertex 7.984354661054759 74.6 11.26739910805605
      vertex 7.984354661054759 88.6 11.26739910805605
    endloop
  endfacet
  facet normal 0.28366177833428957 5.501056513913588e-19 0.9589243950970422
    outer loop
      vertex 7.984354661054759 74.6 11.26739910805605
      vertex 8.366102578320529 74.6 11.154473319911865
      vertex 8.366102578320529 88.6 11.154473319911865
    endloop
  endfacet
  facet normal 0 -1 0
    outer loop
      vertex 5.623521997495665 74.6 11.21515977793668
      vertex 6.25 74.6 8.025833024919768
      vertex 6.009891355565173 74.6 11.31108904932811
    endloop
  endfacet
  facet normal 0 -1 0
    outer loop
      vertex 6.4032270206312845 74.6 11.372495568132976
      vertex 6.997149121662353 74.6 8.196364936335533
      vertex 6.80045060781066 74.6 11.398898745083592
    endloop
  endfacet
  facet normal 0 -1 0
    outer loop
      vertex 6.009891355565173 74.6 11.31108904932811
      vertex 6.610722785856794 74.6 8.16740628583637
      vertex 6.4032270206312845 74.6 11.372495568132976
    endloop
  endfacet
  facet normal 0 -1 0
    outer loop
      vertex 6.80045060781066 74.6 11.398898745083592
      vertex 6.997149121662353 74.6 8.196364936335533
      vertex 7.198453303957969 74.6 11.390091939521568
    endloop
  endfacet
  facet normal 0 -1 0
    outer loop
      vertex 7.198453303957969 74.6 11.390091939521568
      vertex 7.374943331676313 74.6 8.110135873237464
      vertex 7.594120198343859 74.6 11.346144076641137
    endloop
  endfacet
  facet normal 0 -1 0
    outer loop
      vertex 7.594120198343859 74.6 11.346144076641137
      vertex 7.974110406610791 74.6 7.6323160754827075
      vertex 7.984354661054759 74.6 11.26739910805605
    endloop
  endfacet
  facet normal 0 -1 0
    outer loop
      vertex 5.247142810508592 74.6 11.085458530573032
      vertex 5.7287404717268515 74.6 7.464048860852824
      vertex 5.623521997495665 74.6 11.21515977793668
    endloop
  endfacet
  facet normal 0 -1 0
    outer loop
      vertex 5.623521997495665 74.6 11.21515977793668
      vertex 5.947032566621225 74.6 7.784224559102194
      vertex 6.25 74.6 8.025833024919768
    endloop
  endfacet
  facet normal 0 -1 0
    outer loop
      vertex 6.4032270206312845 74.6 11.372495568132976
      vertex 6.610722785856794 74.6 8.16740628583637
      vertex 6.997149121662353 74.6 8.196364936335533
    endloop
  endfacet
  facet normal 0 -1 0
    outer loop
      vertex 6.009891355565173 74.6 11.31108904932811
      vertex 6.25 74.6 8.025833024919768
      vertex 6.610722785856794 74.6 8.16740628583637
    endloop
  endfacet
  facet normal 0 -1 0
    outer loop
      vertex 7.198453303957969 74.6 11.390091939521568
      vertex 6.997149121662353 74.6 8.196364936335533
      vertex 7.374943331676313 74.6 8.110135873237464
    endloop
  endfacet
  facet normal 0 -1 0
    outer loop
      vertex 7.594120198343859 74.6 11.346144076641137
      vertex 7.374943331676313 74.6 8.110135873237464
      vertex 7.710536742416352 74.6 7.916380927208438
    endloop
  endfacet
  facet normal 0 -1 0
    outer loop
      vertex 7.594120198343859 74.6 11.346144076641137
      vertex 7.710536742416352 74.6 7.916380927208438
      vertex 7.974110406610791 74.6 7.6323160754827075
    endloop
  endfacet
  facet normal 0.3673015976647575 7.82897750277777e-20 0.9301018956828959
    outer loop
      vertex 8.366102578320529 74.6 11.154473319911865
      vertex 8.736376255095593 74.6 11.008250509611248
      vertex 8.736376255095593 88.6 11.008250509611248
    endloop
  endfacet
  facet normal 0.4480667839875788 -5.617236230093854e-19 0.8940000878562755
    outer loop
      vertex 8.736376255095593 74.6 11.008250509611248
      vertex 9.092277797823584 74.6 10.829875068901016
      vertex 9.092277797823584 88.6 10.829875068901016
    endloop
  endfacet
  facet normal 0.5253252402143002 1.0458419040629423e-18 0.8509015172120613
    outer loop
      vertex 9.092277797823584 74.6 10.829875068901016
      vertex 9.431021794383511 74.6 10.620743027455088
      vertex 9.431021794383511 88.6 10.620743027455088
    endloop
  endfacet
  facet normal 0.5984723141740602 8.034841118408278e-19 0.801143488500746
    outer loop
      vertex 9.431021794383511 74.6 10.620743027455088
      vertex 9.749957113716206 74.6 10.38249112704948
      vertex 9.749957113716206 88.6 10.38249112704948
    endloop
  endfacet
  facet normal 0.6669355308366434 1.026608803688385e-18 0.745115425761435
    outer loop
      vertex 9.749957113716206 74.6 10.38249112704948
      vertex 10.046587654519413 74.6 10.116984011838731
      vertex 10.046587654519413 88.6 10.116984011838731
    endloop
  endfacet
  facet normal 0.7301790727058407 0 0.6832558245506866
    outer loop
      vertex 10.046587654519413 74.6 10.116984011838731
      vertex 10.31859188062478 74.6 9.826299634987214
      vertex 10.046587654519413 88.6 10.116984011838731
    endloop
  endfacet
  facet normal 0 -1 0
    outer loop
      vertex 7.984354661054759 74.6 11.26739910805605
      vertex 8.199999999999996 74.6 6.899999999999999
      vertex 8.366102578320529 74.6 11.154473319911865
    endloop
  endfacet
  facet normal 0.7877079733177145 0 0.616048820120369
    outer loop
      vertex 10.31859188062478 74.6 9.826299634987214
      vertex 10.563840990166085 74.6 9.51271299586824
      vertex 10.31859188062478 88.6 9.826299634987214
    endloop
  endfacet
  facet normal 0.8390719910244496 0 0.5440203984027309
    outer loop
      vertex 10.563840990166085 74.6 9.51271299586824
      vertex 10.780415576340125 74.6 9.178678335109394
      vertex 10.563840990166085 88.6 9.51271299586824
    endloop
  endfacet
  facet normal 0.8838691327455646 0 0.4677342794574753
    outer loop
      vertex 10.780415576340125 74.6 9.178678335109394
      vertex 10.966620649367414 74.6 8.826809926832047
      vertex 10.780415576340125 88.6 9.178678335109394
    endloop
  endfacet
  facet normal -0.32580057296011744 0 0.9454385155359704
    outer loop
      vertex 5.247142810508592 74.6 11.085458530573032
      vertex 5.623521997495665 88.6 11.21515977793668
      vertex 5.247142810508592 88.6 11.085458530573032
    endloop
  endfacet
  facet normal -0.6992417010043128 0 0.7148853359641637
    outer loop
      vertex 3.8987901112350727 74.6 10.253019415926428
      vertex 3.8987901112350727 85.6 10.253019415926428
      vertex 3.614194172823744 85.6 9.974651210478118
    endloop
  endfacet
  facet normal -0.5624492876407867 1.6632171332177787e-16 0.8268317838789044
    outer loop
      vertex 4.206874586216742 74.6 10.505145698253365
      vertex 4.5360364190356535 88.6 10.729056827454277
      vertex 4.399999998593323 85.6 10.636518551516161
    endloop
  endfacet
  facet normal -0.5624492876407803 0 0.8268317838789091
    outer loop
      vertex 4.206874586216742 74.6 10.505145698253365
      vertex 4.399999998593323 85.6 10.636518551516161
      vertex 4.206874586216742 85.6 10.505145698253365
    endloop
  endfacet
  facet normal -0.6333238030480468 0 0.7738869171221068
    outer loop
      vertex 4.206874586216742 74.6 10.505145698253365
      vertex 4.206874586216742 85.6 10.505145698253365
      vertex 3.8987901112350727 85.6 10.253019415926428
    endloop
  endfacet
  facet normal -0.4871728439607959 0 0.8733055708668932
    outer loop
      vertex 4.5360364190356535 74.6 10.729056827454277
      vertex 4.883699472055895 88.6 10.923000395353238
      vertex 4.5360364190356535 88.6 10.729056827454277
    endloop
  endfacet
  facet normal -0.4080836122434681 0 0.9129445576913873
    outer loop
      vertex 4.883699472055895 74.6 10.923000395353238
      vertex 5.247142810508592 88.6 11.085458530573032
      vertex 4.883699472055895 88.6 10.923000395353238
    endloop
  endfacet
  facet normal -0.8141868867035681 0 0.5806028879707293
    outer loop
      vertex 3.3553141200702683 74.6 9.672219690541638
      vertex 3.3553141200702683 85.6 9.672219690541638
      vertex 3.124176040389976 85.6 9.348091792812294
    endloop
  endfacet
  facet normal -0.7596870845832859 0 0.6502888077749358
    outer loop
      vertex 3.614194172823744 74.6 9.974651210478118
      vertex 3.614194172823744 85.6 9.974651210478118
      vertex 3.3553141200702683 85.6 9.672219690541638
    endloop
  endfacet
  facet normal -0.8623145725200327 0 0.5063729633576356
    outer loop
      vertex 3.124176040389976 74.6 9.348091792812294
      vertex 3.124176040389976 85.6 9.348091792812294
      vertex 2.922588902644975 85.6 9.004804257558668
    endloop
  endfacet
  facet normal -0.5624492876407843 0 0.8268317838789063
    outer loop
      vertex 4.399999998593323 85.6 10.636518551516161
      vertex 4.5360364190356535 88.6 10.729056827454277
      vertex 4.399999998593323 88.6 10.636518551516161
    endloop
  endfacet
  facet normal -0.2409677024566091 0 0.9705331351235686
    outer loop
      vertex 5.623521997495665 74.6 11.21515977793668
      vertex 6.009891355565173 88.6 11.31108904932811
      vertex 5.623521997495665 88.6 11.21515977793668
    endloop
  endfacet
  facet normal -0.1542489329653037 0 0.9880320170313639
    outer loop
      vertex 6.009891355565173 74.6 11.31108904932811
      vertex 6.4032270206312845 88.6 11.372495568132976
      vertex 6.009891355565173 88.6 11.31108904932811
    endloop
  endfacet
  facet normal -0.06632295643510538 0 0.9977982087825709
    outer loop
      vertex 6.4032270206312845 74.6 11.372495568132976
      vertex 6.80045060781066 88.6 11.398898745083592
      vertex 6.4032270206312845 88.6 11.372495568132976
    endloop
  endfacet
  facet normal 0.022122087153187857 0 0.9997552766852429
    outer loop
      vertex 6.80045060781066 74.6 11.398898745083592
      vertex 7.198453303957969 88.6 11.390091939521568
      vertex 6.80045060781066 88.6 11.398898745083592
    endloop
  endfacet
  facet normal 0.11039399541526969 0 0.9938879040295507
    outer loop
      vertex 7.198453303957969 74.6 11.390091939521568
      vertex 7.594120198343859 88.6 11.346144076641137
      vertex 7.198453303957969 88.6 11.390091939521568
    endloop
  endfacet
  facet normal 0.19780192098552146 0 0.9802420109618021
    outer loop
      vertex 7.594120198343859 74.6 11.346144076641137
      vertex 7.984354661054759 88.6 11.26739910805605
      vertex 7.594120198343859 88.6 11.346144076641137
    endloop
  endfacet
  facet normal 0.28366177833428957 0 0.9589243950970422
    outer loop
      vertex 7.984354661054759 74.6 11.26739910805605
      vertex 8.366102578320529 88.6 11.154473319911865
      vertex 7.984354661054759 88.6 11.26739910805605
    endloop
  endfacet
  facet normal 0.3673015976647575 0 0.9301018956828959
    outer loop
      vertex 8.366102578320529 74.6 11.154473319911865
      vertex 8.736376255095593 88.6 11.008250509611248
      vertex 8.366102578320529 88.6 11.154473319911865
    endloop
  endfacet
  facet normal 0.4480667839875788 0 0.8940000878562755
    outer loop
      vertex 8.736376255095593 74.6 11.008250509611248
      vertex 9.092277797823584 88.6 10.829875068901016
      vertex 8.736376255095593 88.6 11.008250509611248
    endloop
  endfacet
  facet normal 0.5253252402143002 0 0.8509015172120613
    outer loop
      vertex 9.092277797823584 74.6 10.829875068901016
      vertex 9.431021794383511 88.6 10.620743027455088
      vertex 9.092277797823584 88.6 10.829875068901016
    endloop
  endfacet
  facet normal 0.5984723141740602 0 0.801143488500746
    outer loop
      vertex 9.431021794383511 74.6 10.620743027455088
      vertex 9.749957113716206 88.6 10.38249112704948
      vertex 9.431021794383511 88.6 10.620743027455088
    endloop
  endfacet
  facet normal 0.6669355308366434 0 0.745115425761435
    outer loop
      vertex 9.749957113716206 74.6 10.38249112704948
      vertex 10.046587654519413 88.6 10.116984011838731
      vertex 9.749957113716206 88.6 10.38249112704948
    endloop
  endfacet
  facet normal 0.7301790727058407 0 0.6832558245506866
    outer loop
      vertex 10.31859188062478 74.6 9.826299634987214
      vertex 10.31859188062478 88.6 9.826299634987214
      vertex 10.046587654519413 88.6 10.116984011838731
    endloop
  endfacet
  facet normal 0.7877079733177145 0 0.616048820120369
    outer loop
      vertex 10.563840990166085 74.6 9.51271299586824
      vertex 10.563840990166085 88.6 9.51271299586824
      vertex 10.31859188062478 88.6 9.826299634987214
    endloop
  endfacet
  facet normal 0.8390719910244496 0 0.5440203984027309
    outer loop
      vertex 10.780415576340125 74.6 9.178678335109394
      vertex 10.780415576340125 88.6 9.178678335109394
      vertex 10.563840990166085 88.6 9.51271299586824
    endloop
  endfacet
  facet normal 0 1 0
    outer loop
      vertex 6.009891355565173 88.6 11.31108904932811
      vertex 6.4032270206312845 88.6 11.372495568132976
      vertex 5.947032566621225 88.6 7.784224559102194
    endloop
  endfacet
  facet normal 0 1 0
    outer loop
      vertex 6.4032270206312845 88.6 11.372495568132976
      vertex 6.80045060781066 88.6 11.398898745083592
      vertex 6.25 88.6 8.025833024919768
    endloop
  endfacet
  facet normal 0 1 0
    outer loop
      vertex 6.80045060781066 88.6 11.398898745083592
      vertex 7.198453303957969 88.6 11.390091939521568
      vertex 6.610722785856794 88.6 8.16740628583637
    endloop
  endfacet
  facet normal 0 1 0
    outer loop
      vertex 7.198453303957969 88.6 11.390091939521568
      vertex 7.594120198343859 88.6 11.346144076641137
      vertex 6.610722785856794 88.6 8.16740628583637
    endloop
  endfacet
  facet normal 0 1 0
    outer loop
      vertex 7.594120198343859 88.6 11.346144076641137
      vertex 7.984354661054759 88.6 11.26739910805605
      vertex 6.997149121662353 88.6 8.196364936335533
    endloop
  endfacet
  facet normal 0 1 0
    outer loop
      vertex 7.984354661054759 88.6 11.26739910805605
      vertex 8.366102578320529 88.6 11.154473319911865
      vertex 7.974110406610791 88.6 7.6323160754827075
    endloop
  endfacet
  facet normal 0 1 0
    outer loop
      vertex 5.623521997495665 88.6 11.21515977793668
      vertex 6.009891355565173 88.6 11.31108904932811
      vertex 5.7287404717268515 88.6 7.464048860852824
    endloop
  endfacet
  facet normal 0 1 0
    outer loop
      vertex 6.80045060781066 88.6 11.398898745083592
      vertex 6.610722785856794 88.6 8.16740628583637
      vertex 6.25 88.6 8.025833024919768
    endloop
  endfacet
  facet normal 0 1 0
    outer loop
      vertex 6.4032270206312845 88.6 11.372495568132976
      vertex 6.25 88.6 8.025833024919768
      vertex 5.947032566621225 88.6 7.784224559102194
    endloop
  endfacet
  facet normal 0 1 0
    outer loop
      vertex 7.594120198343859 88.6 11.346144076641137
      vertex 6.997149121662353 88.6 8.196364936335533
      vertex 6.610722785856794 88.6 8.16740628583637
    endloop
  endfacet
  facet normal 0 1 0
    outer loop
      vertex 7.984354661054759 88.6 11.26739910805605
      vertex 7.374943331676313 88.6 8.110135873237464
      vertex 6.997149121662353 88.6 8.196364936335533
    endloop
  endfacet
  facet normal 0 1 0
    outer loop
      vertex 7.984354661054759 88.6 11.26739910805605
      vertex 7.710536742416352 88.6 7.916380927208438
      vertex 7.374943331676313 88.6 8.110135873237464
    endloop
  endfacet
  facet normal 0 1 0
    outer loop
      vertex 7.984354661054759 88.6 11.26739910805605
      vertex 7.974110406610791 88.6 7.6323160754827075
      vertex 7.710536742416352 88.6 7.916380927208438
    endloop
  endfacet
  facet normal 0 1 0
    outer loop
      vertex 8.366102578320529 88.6 11.154473319911865
      vertex 8.736376255095593 88.6 11.008250509611248
      vertex 8.142244647521984 88.6 7.283181726734174
    endloop
  endfacet
  facet normal 0.8838691327455646 -8.623202532663101e-19 0.4677342794574753
    outer loop
      vertex 10.780415576340125 88.6 9.178678335109394
      vertex 10.966620649367414 74.6 8.826809926832047
      vertex 10.966620649367414 88.6 8.826809926832047
    endloop
  endfacet
  facet normal -0.9379997560189715 0 0.3466359152026087
    outer loop
      vertex 2.614134599888409 74.6 8.271625959263787
      vertex 2.752130399510044 74.6 8.64504377519056
      vertex 2.614134599888409 85.6 8.271625959263787
    endloop
  endfacet
  facet normal -0.9649649145228106 -6.306744854901339e-19 0.26237895064197714
    outer loop
      vertex 2.614134599888409 74.6 8.271625959263787
      vertex 2.5096815080137205 85.6 7.88747331048657
      vertex 2.5096815080137205 74.6 7.88747331048657
    endloop
  endfacet
  facet normal 0 -1 0
    outer loop
      vertex 2.614134599888409 74.6 8.271625959263787
      vertex 2.752130399510044 74.6 5.154956224809439
      vertex 2.752130399510044 74.6 8.64504377519056
    endloop
  endfacet
  facet normal 0 -1 0
    outer loop
      vertex 2.5096815080137205 74.6 7.88747331048657
      vertex 2.439588610952633 74.6 7.495592344188999
      vertex 2.5096815080137205 74.6 5.912526689513427
    endloop
  endfacet
  facet normal 0 -1 0
    outer loop
      vertex 2.614134599888409 74.6 8.271625959263787
      vertex 2.5096815080137205 74.6 7.88747331048657
      vertex 2.614134599888409 74.6 5.52837404073621
    endloop
  endfacet
  facet normal 0 -1 0
    outer loop
      vertex 2.439588610952633 74.6 7.495592344188999
      vertex 2.4044044806601192 74.6 7.099050060264203
      vertex 2.439588610952633 74.6 6.304407655810998
    endloop
  endfacet
  facet normal 0 -1 0
    outer loop
      vertex 2.4044044806601192 74.6 7.099050060264203
      vertex 2.4044044806601192 74.6 6.700949939735795
      vertex 2.439588610952633 74.6 6.304407655810998
    endloop
  endfacet
  facet normal -0.9843779142227245 3.1155874822851664e-19 0.1760685150460424
    outer loop
      vertex 2.5096815080137205 74.6 7.88747331048657
      vertex 2.439588610952633 85.6 7.495592344188999
      vertex 2.439588610952633 74.6 7.495592344188999
    endloop
  endfacet
  facet normal -0.9960868220749453 -1.0789315869621287e-20 0.08838010459733804
    outer loop
      vertex 2.439588610952633 74.6 7.495592344188999
      vertex 2.4044044806601192 85.6 7.099050060264203
      vertex 2.4044044806601192 74.6 7.099050060264203
    endloop
  endfacet
  facet normal -1 0 0
    outer loop
      vertex 2.4044044806601192 74.6 7.099050060264203
      vertex 2.4044044806601192 85.6 6.700949939735795
      vertex 2.4044044806601192 74.6 6.700949939735795
    endloop
  endfacet
  facet normal 0 -1 0
    outer loop
      vertex 3.3553141200702683 74.6 9.672219690541638
      vertex 3.614194172823744 74.6 3.825348789521879
      vertex 3.614194172823744 74.6 9.974651210478118
    endloop
  endfacet
  facet normal 0 -1 0
    outer loop
      vertex 3.8987901112350727 74.6 10.253019415926428
      vertex 3.614194172823744 74.6 9.974651210478118
      vertex 3.8987901112350727 74.6 3.5469805840735695
    endloop
  endfacet
  facet normal 0 -1 0
    outer loop
      vertex 4.5360364190356535 74.6 10.729056827454277
      vertex 4.206874586216742 74.6 10.505145698253365
      vertex 4.5360364190356535 74.6 3.070943172545718
    endloop
  endfacet
  facet normal 0 -1 0
    outer loop
      vertex 3.8987901112350727 74.6 10.253019415926428
      vertex 4.206874586216742 74.6 3.294854301746632
      vertex 4.206874586216742 74.6 10.505145698253365
    endloop
  endfacet
  facet normal 0 -1 0
    outer loop
      vertex 4.5360364190356535 74.6 10.729056827454277
      vertex 4.883699472055895 74.6 2.876999604646759
      vertex 4.883699472055895 74.6 10.923000395353238
    endloop
  endfacet
  facet normal 0 -1 0
    outer loop
      vertex 4.883699472055895 74.6 10.923000395353238
      vertex 5.247142810508592 74.6 2.7145414694269654
      vertex 5.247142810508592 74.6 11.085458530573032
    endloop
  endfacet
  facet normal -0.9036934776372003 2.858856271921664e-19 0.42817998374046284
    outer loop
      vertex 2.922588902644975 74.6 9.004804257558668
      vertex 2.752130399510044 85.6 8.64504377519056
      vertex 2.752130399510044 74.6 8.64504377519056
    endloop
  endfacet
  facet normal 0 -1 0
    outer loop
      vertex 3.3553141200702683 74.6 9.672219690541638
      vertex 3.124176040389976 74.6 9.348091792812294
      vertex 3.3553141200702683 74.6 4.127780309458359
    endloop
  endfacet
  facet normal 0 -1 0
    outer loop
      vertex 3.124176040389976 74.6 9.348091792812294
      vertex 2.922588902644975 74.6 9.004804257558668
      vertex 3.124176040389976 74.6 4.451908207187703
    endloop
  endfacet
  facet normal 0 -1 0
    outer loop
      vertex 2.922588902644975 74.6 9.004804257558668
      vertex 2.752130399510044 74.6 8.64504377519056
      vertex 2.922588902644975 74.6 4.795195742441329
    endloop
  endfacet
  facet normal 0 -1 0
    outer loop
      vertex 2.439588610952633 74.6 7.495592344188999
      vertex 2.439588610952633 74.6 6.304407655810998
      vertex 2.5096815080137205 74.6 5.912526689513427
    endloop
  endfacet
  facet normal 0 -1 0
    outer loop
      vertex 2.5096815080137205 74.6 7.88747331048657
      vertex 2.5096815080137205 74.6 5.912526689513427
      vertex 2.614134599888409 74.6 5.52837404073621
    endloop
  endfacet
  facet normal 0 -1 0
    outer loop
      vertex 2.614134599888409 74.6 8.271625959263787
      vertex 2.614134599888409 74.6 5.52837404073621
      vertex 2.752130399510044 74.6 5.154956224809439
    endloop
  endfacet
  facet normal -0.9960868220749453 1.0789315869621287e-20 -0.08838010459733804
    outer loop
      vertex 2.4044044806601192 74.6 6.700949939735795
      vertex 2.439588610952633 85.6 6.304407655810998
      vertex 2.439588610952633 74.6 6.304407655810998
    endloop
  endfacet
  facet normal -0.9843779142227245 -3.1155874822851664e-19 -0.1760685150460424
    outer loop
      vertex 2.439588610952633 74.6 6.304407655810998
      vertex 2.5096815080137205 85.6 5.912526689513427
      vertex 2.5096815080137205 74.6 5.912526689513427
    endloop
  endfacet
  facet normal -0.9649649145228106 6.306744854901339e-19 -0.26237895064197714
    outer loop
      vertex 2.5096815080137205 74.6 5.912526689513427
      vertex 2.614134599888409 85.6 5.52837404073621
      vertex 2.614134599888409 74.6 5.52837404073621
    endloop
  endfacet
  facet normal -0.937999756018971 -3.483877265771984e-19 -0.3466359152026102
    outer loop
      vertex 2.614134599888409 74.6 5.52837404073621
      vertex 2.752130399510044 85.6 5.154956224809439
      vertex 2.752130399510044 74.6 5.154956224809439
    endloop
  endfacet
  facet normal 0 -1 0
    outer loop
      vertex 2.752130399510044 74.6 8.64504377519056
      vertex 2.752130399510044 74.6 5.154956224809439
      vertex 2.922588902644975 74.6 4.795195742441329
    endloop
  endfacet
  facet normal 0 -1 0
    outer loop
      vertex 2.922588902644975 74.6 9.004804257558668
      vertex 2.922588902644975 74.6 4.795195742441329
      vertex 3.124176040389976 74.6 4.451908207187703
    endloop
  endfacet
  facet normal 0 -1 0
    outer loop
      vertex 3.124176040389976 74.6 9.348091792812294
      vertex 3.124176040389976 74.6 4.451908207187703
      vertex 3.3553141200702683 74.6 4.127780309458359
    endloop
  endfacet
  facet normal 0 -1 0
    outer loop
      vertex 3.3553141200702683 74.6 9.672219690541638
      vertex 3.3553141200702683 74.6 4.127780309458359
      vertex 3.614194172823744 74.6 3.825348789521879
    endloop
  endfacet
  facet normal 0 -1 0
    outer loop
      vertex 3.614194172823744 74.6 9.974651210478118
      vertex 3.614194172823744 74.6 3.825348789521879
      vertex 3.8987901112350727 74.6 3.5469805840735695
    endloop
  endfacet
  facet normal 0 -1 0
    outer loop
      vertex 3.8987901112350727 74.6 10.253019415926428
      vertex 3.8987901112350727 74.6 3.5469805840735695
      vertex 4.206874586216742 74.6 3.294854301746632
    endloop
  endfacet
  facet normal 0 -1 0
    outer loop
      vertex 4.206874586216742 74.6 10.505145698253365
      vertex 4.206874586216742 74.6 3.294854301746632
      vertex 4.5360364190356535 74.6 3.070943172545718
    endloop
  endfacet
  facet normal 0 -1 0
    outer loop
      vertex 4.5360364190356535 74.6 10.729056827454277
      vertex 4.5360364190356535 74.6 3.070943172545718
      vertex 4.883699472055895 74.6 2.876999604646759
    endloop
  endfacet
  facet normal 0 -1 0
    outer loop
      vertex 4.883699472055895 74.6 10.923000395353238
      vertex 4.883699472055895 74.6 2.876999604646759
      vertex 5.247142810508592 74.6 2.7145414694269654
    endloop
  endfacet
  facet normal 0 -1 0
    outer loop
      vertex 5.247142810508592 74.6 11.085458530573032
      vertex 5.247142810508592 74.6 2.7145414694269654
      vertex 5.623521997495665 74.6 2.5848402220633204
    endloop
  endfacet
  facet normal -0.9036934776372011 2.8870804101608696e-19 -0.42817998374046107
    outer loop
      vertex 2.752130399510044 74.6 5.154956224809439
      vertex 2.922588902644975 85.6 4.795195742441329
      vertex 2.922588902644975 74.6 4.795195742441329
    endloop
  endfacet
  facet normal -0.8623145725200327 2.3170290058792636e-19 -0.5063729633576356
    outer loop
      vertex 2.922588902644975 74.6 4.795195742441329
      vertex 3.124176040389976 85.6 4.451908207187703
      vertex 3.124176040389976 74.6 4.451908207187703
    endloop
  endfacet
  facet normal 0 -1 0
    outer loop
      vertex 5.623521997495665 74.6 11.21515977793668
      vertex 5.7287404717268515 74.6 7.464048860852824
      vertex 5.947032566621225 74.6 7.784224559102194
    endloop
  endfacet
  facet normal 0 -1 0
    outer loop
      vertex 5.247142810508592 74.6 11.085458530573032
      vertex 5.614519925907331 74.6 7.093754946029026
      vertex 5.7287404717268515 74.6 7.464048860852824
    endloop
  endfacet
  facet normal 0 -1 0
    outer loop
      vertex 5.247142810508592 74.6 11.085458530573032
      vertex 5.614519925907331 74.6 6.706245053970971
      vertex 5.614519925907331 74.6 7.093754946029026
    endloop
  endfacet
  facet normal 0 -1 0
    outer loop
      vertex 7.984354661054759 74.6 11.26739910805605
      vertex 7.974110406610791 74.6 7.6323160754827075
      vertex 8.142244647521984 74.6 7.283181726734174
    endloop
  endfacet
  facet normal 0 -1 0
    outer loop
      vertex 7.984354661054759 74.6 11.26739910805605
      vertex 8.142244647521984 74.6 7.283181726734174
      vertex 8.199999999999996 74.6 6.899999999999999
    endloop
  endfacet
  facet normal 0 -1 0
    outer loop
      vertex 5.247142810508592 74.6 11.085458530573032
      vertex 5.623521997495665 74.6 2.5848402220633204
      vertex 5.614519925907331 74.6 6.706245053970971
    endloop
  endfacet
  facet normal 0 -1 0
    outer loop
      vertex 8.366102578320529 74.6 11.154473319911865
      vertex 8.736376255095593 74.6 2.7917494903887494
      vertex 8.736376255095593 74.6 11.008250509611248
    endloop
  endfacet
  facet normal 0 -1 0
    outer loop
      vertex 8.736376255095593 74.6 11.008250509611248
      vertex 9.092277797823584 74.6 2.970124931098983
      vertex 9.092277797823584 74.6 10.829875068901016
    endloop
  endfacet
  facet normal 0 -1 0
    outer loop
      vertex 9.092277797823584 74.6 10.829875068901016
      vertex 9.431021794383511 74.6 3.179256972544909
      vertex 9.431021794383511 74.6 10.620743027455088
    endloop
  endfacet
  facet normal 0 -1 0
    outer loop
      vertex 9.431021794383511 74.6 10.620743027455088
      vertex 9.749957113716206 74.6 3.417508872950517
      vertex 9.749957113716206 74.6 10.38249112704948
    endloop
  endfacet
  facet normal 0 -1 0
    outer loop
      vertex 9.749957113716206 74.6 10.38249112704948
      vertex 10.046587654519413 74.6 3.683015988161266
      vertex 10.046587654519413 74.6 10.116984011838731
    endloop
  endfacet
  facet normal 0 -1 0
    outer loop
      vertex 10.046587654519413 74.6 10.116984011838731
      vertex 10.31859188062478 74.6 3.973700365012782
      vertex 10.31859188062478 74.6 9.826299634987214
    endloop
  endfacet
  facet normal 0 -1 0
    outer loop
      vertex 10.31859188062478 74.6 9.826299634987214
      vertex 10.563840990166085 74.6 4.2872870041317555
      vertex 10.563840990166085 74.6 9.51271299586824
    endloop
  endfacet
  facet normal 0 -1 0
    outer loop
      vertex 8.366102578320529 74.6 11.154473319911865
      vertex 8.199999999999996 74.6 6.899999999999999
      vertex 8.366102578320529 74.6 2.645526680088132
    endloop
  endfacet
  facet normal 0 -1 0
    outer loop
      vertex 10.563840990166085 74.6 9.51271299586824
      vertex 10.780415576340125 74.6 4.621321664890601
      vertex 10.780415576340125 74.6 9.178678335109394
    endloop
  endfacet
  facet normal 0 -1 0
    outer loop
      vertex 5.623521997495665 74.6 2.5848402220633204
      vertex 5.7287404717268515 74.6 6.3359511391471734
      vertex 5.614519925907331 74.6 6.706245053970971
    endloop
  endfacet
  facet normal 0 -1 0
    outer loop
      vertex 6.009891355565173 74.6 2.4889109506718867
      vertex 5.947032566621225 74.6 6.015775440897803
      vertex 5.7287404717268515 74.6 6.3359511391471734
    endloop
  endfacet
  facet normal 0 -1 0
    outer loop
      vertex 6.009891355565173 74.6 2.4889109506718867
      vertex 6.25 74.6 5.774166975080229
      vertex 5.947032566621225 74.6 6.015775440897803
    endloop
  endfacet
  facet normal 0 -1 0
    outer loop
      vertex 6.4032270206312845 74.6 2.427504431867021
      vertex 6.610722785856787 74.6 5.632593714163628
      vertex 6.25 74.6 5.774166975080229
    endloop
  endfacet
  facet normal 0 -1 0
    outer loop
      vertex 6.80045060781066 74.6 2.401101254916405
      vertex 6.997149121662353 74.6 5.6036350636644645
      vertex 6.610722785856787 74.6 5.632593714163628
    endloop
  endfacet
  facet normal 0 -1 0
    outer loop
      vertex 7.594120198343859 74.6 2.4538559233588586
      vertex 7.374943331676313 74.6 5.689864126762533
      vertex 6.997149121662353 74.6 5.6036350636644645
    endloop
  endfacet
  facet normal 0 -1 0
    outer loop
      vertex 7.984354661054766 74.6 2.5326008919439467
      vertex 7.974110406610791 74.6 6.16768392451729
      vertex 7.710536742416352 74.6 5.883619072791561
    endloop
  endfacet
  facet normal 0 -1 0
    outer loop
      vertex 7.984354661054766 74.6 2.5326008919439467
      vertex 7.710536742416352 74.6 5.883619072791561
      vertex 7.374943331676313 74.6 5.689864126762533
    endloop
  endfacet
  facet normal 0 -1 0
    outer loop
      vertex 8.736376255095593 74.6 11.008250509611248
      vertex 8.736376255095593 74.6 2.7917494903887494
      vertex 9.092277797823584 74.6 2.970124931098983
    endloop
  endfacet
  facet normal 0 -1 0
    outer loop
      vertex 9.092277797823584 74.6 10.829875068901016
      vertex 9.092277797823584 74.6 2.970124931098983
      vertex 9.431021794383511 74.6 3.179256972544909
    endloop
  endfacet
  facet normal 0 -1 0
    outer loop
      vertex 10.563840990166085 74.6 9.51271299586824
      vertex 10.563840990166085 74.6 4.2872870041317555
      vertex 10.780415576340125 74.6 4.621321664890601
    endloop
  endfacet
  facet normal 0 -1 0
    outer loop
      vertex 10.780415576340125 74.6 9.178678335109394
      vertex 10.780415576340125 74.6 4.621321664890601
      vertex 10.966620649367414 74.6 4.973190073167949
    endloop
  endfacet
  facet normal 0 -1 0
    outer loop
      vertex 10.046587654519413 74.6 10.116984011838731
      vertex 10.046587654519413 74.6 3.683015988161266
      vertex 10.31859188062478 74.6 3.973700365012782
    endloop
  endfacet
  facet normal 0 -1 0
    outer loop
      vertex 9.431021794383511 74.6 10.620743027455088
      vertex 9.431021794383511 74.6 3.179256972544909
      vertex 9.749957113716206 74.6 3.417508872950517
    endloop
  endfacet
  facet normal 0 -1 0
    outer loop
      vertex 9.749957113716206 74.6 10.38249112704948
      vertex 9.749957113716206 74.6 3.417508872950517
      vertex 10.046587654519413 74.6 3.683015988161266
    endloop
  endfacet
  facet normal 0 -1 0
    outer loop
      vertex 10.31859188062478 74.6 9.826299634987214
      vertex 10.31859188062478 74.6 3.973700365012782
      vertex 10.563840990166085 74.6 4.2872870041317555
    endloop
  endfacet
  facet normal 0 -1 0
    outer loop
      vertex 8.366102578320529 74.6 2.645526680088132
      vertex 8.199999999999996 74.6 6.899999999999999
      vertex 8.142244647521984 74.6 6.516818273265823
    endloop
  endfacet
  facet normal 0 -1 0
    outer loop
      vertex 8.366102578320529 74.6 11.154473319911865
      vertex 8.366102578320529 74.6 2.645526680088132
      vertex 8.736376255095593 74.6 2.7917494903887494
    endloop
  endfacet
  facet normal 0 -1 0
    outer loop
      vertex 8.366102578320529 74.6 2.645526680088132
      vertex 8.142244647521984 74.6 6.516818273265823
      vertex 7.974110406610791 74.6 6.16768392451729
    endloop
  endfacet
  facet normal 0.8390719910244496 0 -0.5440203984027309
    outer loop
      vertex 10.780415576340125 74.6 4.621321664890601
      vertex 10.563840990166085 74.6 4.2872870041317555
      vertex 10.780415576340125 88.6 4.621321664890601
    endloop
  endfacet
  facet normal -0.9379997560189715 0 0.3466359152026087
    outer loop
      vertex 2.752130399510044 74.6 8.64504377519056
      vertex 2.752130399510044 85.6 8.64504377519056
      vertex 2.614134599888409 85.6 8.271625959263787
    endloop
  endfacet
  facet normal -0.9649649145228106 0 0.26237895064197714
    outer loop
      vertex 2.614134599888409 74.6 8.271625959263787
      vertex 2.614134599888409 85.6 8.271625959263787
      vertex 2.5096815080137205 85.6 7.88747331048657
    endloop
  endfacet
  facet normal -0.9843779142227245 0 0.1760685150460424
    outer loop
      vertex 2.5096815080137205 74.6 7.88747331048657
      vertex 2.5096815080137205 85.6 7.88747331048657
      vertex 2.439588610952633 85.6 7.495592344188999
    endloop
  endfacet
  facet normal -0.9960868220749453 0 0.08838010459733804
    outer loop
      vertex 2.439588610952633 74.6 7.495592344188999
      vertex 2.439588610952633 85.6 7.495592344188999
      vertex 2.4044044806601192 85.6 7.099050060264203
    endloop
  endfacet
  facet normal -1 0 0
    outer loop
      vertex 2.4044044806601192 74.6 7.099050060264203
      vertex 2.4044044806601192 85.6 7.099050060264203
      vertex 2.4044044806601192 85.6 6.700949939735795
    endloop
  endfacet
  facet normal -0.9036934776372003 0 0.42817998374046284
    outer loop
      vertex 2.922588902644975 74.6 9.004804257558668
      vertex 2.922588902644975 85.6 9.004804257558668
      vertex 2.752130399510044 85.6 8.64504377519056
    endloop
  endfacet
  facet normal 0 1 0
    outer loop
      vertex 4.399999998593323 88.6 10.636518551516161
      vertex 4.5360364190356535 88.6 10.729056827454277
      vertex 4.206874586216742 88.6 5
    endloop
  endfacet
  facet normal 0 1 0
    outer loop
      vertex 4.883699472055895 88.6 10.923000395353238
      vertex 5.247142810508592 88.6 11.085458530573032
      vertex 4.894108148347598 88.6 3.112082168485859
    endloop
  endfacet
  facet normal 0 1 0
    outer loop
      vertex 5.247142810508592 88.6 11.085458530573032
      vertex 5.623521997495665 88.6 11.21515977793668
      vertex 5.253710200486005 88.6 2.8628676187233495
    endloop
  endfacet
  facet normal 0 1 0
    outer loop
      vertex 4.5360364190356535 88.6 10.729056827454277
      vertex 4.883699472055895 88.6 10.923000395353238
      vertex 4.470212755365267 88.6 3.1157194782745954
    endloop
  endfacet
  facet normal -0.9960868220749453 0 -0.08838010459733804
    outer loop
      vertex 2.4044044806601192 74.6 6.700949939735795
      vertex 2.4044044806601192 85.6 6.700949939735795
      vertex 2.439588610952633 85.6 6.304407655810998
    endloop
  endfacet
  facet normal -0.9843779142227245 0 -0.1760685150460424
    outer loop
      vertex 2.439588610952633 74.6 6.304407655810998
      vertex 2.439588610952633 85.6 6.304407655810998
      vertex 2.5096815080137205 85.6 5.912526689513427
    endloop
  endfacet
  facet normal -0.9649649145228106 0 -0.26237895064197714
    outer loop
      vertex 2.5096815080137205 74.6 5.912526689513427
      vertex 2.5096815080137205 85.6 5.912526689513427
      vertex 2.614134599888409 85.6 5.52837404073621
    endloop
  endfacet
  facet normal -0.937999756018971 0 -0.3466359152026102
    outer loop
      vertex 2.614134599888409 74.6 5.52837404073621
      vertex 2.614134599888409 85.6 5.52837404073621
      vertex 2.752130399510044 85.6 5.154956224809439
    endloop
  endfacet
  facet normal -0.9036934776372011 0 -0.42817998374046107
    outer loop
      vertex 2.752130399510044 74.6 5.154956224809439
      vertex 2.752130399510044 85.6 5.154956224809439
      vertex 2.922588902644975 85.6 4.795195742441329
    endloop
  endfacet
  facet normal -0.8623145725200327 0 -0.5063729633576356
    outer loop
      vertex 2.922588902644975 74.6 4.795195742441329
      vertex 2.922588902644975 85.6 4.795195742441329
      vertex 3.124176040389976 85.6 4.451908207187703
    endloop
  endfacet
  facet normal 0 1 0
    outer loop
      vertex 4.5360364190356535 88.6 10.729056827454277
      vertex 4.21196611563564 88.6 3.4098477702832426
      vertex 4.206874586216742 88.6 5
    endloop
  endfacet
  facet normal 0 1 0
    outer loop
      vertex 4.5360364190356535 88.6 10.729056827454277
      vertex 4.470212755365267 88.6 3.1157194782745954
      vertex 4.21196611563564 88.6 3.4098477702832426
    endloop
  endfacet
  facet normal 0 1 0
    outer loop
      vertex 4.883699472055895 88.6 10.923000395353238
      vertex 4.894108148347598 88.6 3.112082168485859
      vertex 4.470212755365267 88.6 3.1157194782745954
    endloop
  endfacet
  facet normal 0 1 0
    outer loop
      vertex 5.247142810508592 88.6 11.085458530573032
      vertex 4.910702443224977 88.6 2.8649293535858966
      vertex 4.894108148347598 88.6 3.112082168485859
    endloop
  endfacet
  facet normal 0 1 0
    outer loop
      vertex 5.247142810508592 88.6 11.085458530573032
      vertex 5.253710200486005 88.6 2.8628676187233495
      vertex 4.910702443224977 88.6 2.8649293535858966
    endloop
  endfacet
  facet normal 0 1 0
    outer loop
      vertex 5.623521997495665 88.6 11.21515977793668
      vertex 5.392011020808873 88.6 2.6646195071375622
      vertex 5.253710200486005 88.6 2.8628676187233495
    endloop
  endfacet
  facet normal 0 1 0
    outer loop
      vertex 2.8255503759304403 88.6 5
      vertex 4.206874586216742 88.6 5
      vertex 2.882372335480916 88.6 4.8800746504221095
    endloop
  endfacet
  facet normal 0 1 0
    outer loop
      vertex 2.882372335480916 88.6 4.8800746504221095
      vertex 4.206874586216742 88.6 5
      vertex 2.9262647937923347 88.6 4.878216665668951
    endloop
  endfacet
  facet normal 0 1 0
    outer loop
      vertex 2.9262647937923347 88.6 4.878216665668951
      vertex 4.206874586216742 88.6 5
      vertex 3.038771825909997 88.6 4.597345076906002
    endloop
  endfacet
  facet normal 0 1 0
    outer loop
      vertex 3.038771825909997 88.6 4.597345076906002
      vertex 4.206874586216742 88.6 5
      vertex 3.1089844339694395 88.6 4.477778355367718
    endloop
  endfacet
  facet normal 0 1 0
    outer loop
      vertex 3.125291787095591 88.6 4.477107626287758
      vertex 3.1089844339694395 88.6 4.477778355367718
      vertex 4.206874586216742 88.6 5
    endloop
  endfacet
  facet normal 0 1 0
    outer loop
      vertex 3.125291787095591 88.6 4.477107626287758
      vertex 4.206874586216742 88.6 5
      vertex 3.2993876871607455 88.6 4.206206664611685
    endloop
  endfacet
  facet normal 0 1 0
    outer loop
      vertex 4.206874586216742 88.6 5
      vertex 3.3590877989383756 88.6 4.213009792877646
      vertex 3.2993876871607455 88.6 4.206206664611685
    endloop
  endfacet
  facet normal 0 1 0
    outer loop
      vertex 6.009891355565173 88.6 11.31108904932811
      vertex 5.947032566621225 88.6 7.784224559102194
      vertex 5.7287404717268515 88.6 7.464048860852824
    endloop
  endfacet
  facet normal 0 1 0
    outer loop
      vertex 5.623521997495665 88.6 11.21515977793668
      vertex 5.7287404717268515 88.6 7.464048860852824
      vertex 5.614519925907331 88.6 7.093754946029026
    endloop
  endfacet
  facet normal 0 1 0
    outer loop
      vertex 5.623521997495665 88.6 11.21515977793668
      vertex 5.614519925907331 88.6 7.093754946029026
      vertex 5.392011020808873 88.6 2.6646195071375622
    endloop
  endfacet
  facet normal 0 1 0
    outer loop
      vertex 8.366102578320529 88.6 11.154473319911865
      vertex 8.142244647521984 88.6 7.283181726734174
      vertex 7.974110406610791 88.6 7.6323160754827075
    endloop
  endfacet
  facet normal 0 1 0
    outer loop
      vertex 8.736376255095593 88.6 11.008250509611248
      vertex 8.199999999999996 88.6 6.899999999999999
      vertex 8.142244647521984 88.6 7.283181726734174
    endloop
  endfacet
  facet normal 0 1 0
    outer loop
      vertex 8.736376255095593 88.6 11.008250509611248
      vertex 9.092277797823584 88.6 10.829875068901016
      vertex 8.736376255095593 88.6 2.841934173728646
    endloop
  endfacet
  facet normal 0 1 0
    outer loop
      vertex 9.092277797823584 88.6 10.829875068901016
      vertex 9.431021794383511 88.6 10.620743027455088
      vertex 9.092277797823584 88.6 3.076059027367503
    endloop
  endfacet
  facet normal 0 1 0
    outer loop
      vertex 9.431021794383511 88.6 10.620743027455088
      vertex 9.749957113716206 88.6 10.38249112704948
      vertex 9.431021794383511 88.6 3.3528901999252874
    endloop
  endfacet
  facet normal 0 1 0
    outer loop
      vertex 9.749957113716206 88.6 10.38249112704948
      vertex 10.046587654519413 88.6 10.116984011838731
      vertex 9.749957113716206 88.6 3.6667254035173507
    endloop
  endfacet
  facet normal 0 1 0
    outer loop
      vertex 10.046587654519413 88.6 10.116984011838731
      vertex 10.31859188062478 88.6 9.826299634987214
      vertex 10.046587654519413 88.6 4.01098415678608
    endloop
  endfacet
  facet normal 0 1 0
    outer loop
      vertex 8.736376255095593 88.6 11.008250509611248
      vertex 7.984354661054766 88.6 2.6556466734622077
      vertex 8.199999999999996 88.6 6.899999999999999
    endloop
  endfacet
  facet normal 0 1 0
    outer loop
      vertex 10.31859188062478 88.6 9.826299634987214
      vertex 10.563840990166085 88.6 9.51271299586824
      vertex 10.046587654519413 88.6 4.01098415678608
    endloop
  endfacet
  facet normal 0 1 0
    outer loop
      vertex 10.563840990166085 88.6 9.51271299586824
      vertex 10.780415576340125 88.6 9.178678335109394
      vertex 10.563840990166085 88.6 4.314975037404274
    endloop
  endfacet
  facet normal 0 1 0
    outer loop
      vertex 10.780415576340125 88.6 9.178678335109394
      vertex 10.966620649367414 88.6 8.826809926832047
      vertex 10.780415576340125 88.6 4.621321664890601
    endloop
  endfacet
  facet normal 0.8838691327455646 0 -0.4677342794574753
    outer loop
      vertex 10.780415576340125 74.6 4.621321664890601
      vertex 10.780415576340125 88.6 4.621321664890601
      vertex 10.966620649367414 88.6 4.973190073167949
    endloop
  endfacet
  facet normal 0 1 0
    outer loop
      vertex 5.392011020808873 88.6 2.6646195071375622
      vertex 5.614519925907331 88.6 7.093754946029026
      vertex 5.614519925907331 88.6 6.706245053970971
    endloop
  endfacet
  facet normal 0 1 0
    outer loop
      vertex 5.392011020808873 88.6 2.6646195071375622
      vertex 5.614519925907331 88.6 6.706245053970971
      vertex 5.7287404717268515 88.6 6.3359511391471734
    endloop
  endfacet
  facet normal 0 1 0
    outer loop
      vertex 5.627018343818136 88.6 2.6638060804031127
      vertex 5.7287404717268515 88.6 6.3359511391471734
      vertex 5.947032566621225 88.6 6.015775440897803
    endloop
  endfacet
  facet normal 0 1 0
    outer loop
      vertex 5.890495893878189 88.6 2.5185549154632554
      vertex 5.947032566621225 88.6 6.015775440897803
      vertex 6.25 88.6 5.774166975080229
    endloop
  endfacet
  facet normal 0 1 0
    outer loop
      vertex 5.890495893878189 88.6 2.5185549154632554
      vertex 6.25 88.6 5.774166975080229
      vertex 6.610722785856787 88.6 5.632593714163628
    endloop
  endfacet
  facet normal 0 1 0
    outer loop
      vertex 5.890495893878189 88.6 2.5185549154632554
      vertex 6.610722785856787 88.6 5.632593714163628
      vertex 6.997149121662353 88.6 5.6036350636644645
    endloop
  endfacet
  facet normal 0 1 0
    outer loop
      vertex 7.984354661054766 88.6 2.6556466734622077
      vertex 8.142244647521984 88.6 6.516818273265823
      vertex 8.199999999999996 88.6 6.899999999999999
    endloop
  endfacet
  facet normal 0 1 0
    outer loop
      vertex 7.984354661054766 88.6 2.6556466734622077
      vertex 7.974110406610791 88.6 6.16768392451729
      vertex 8.142244647521984 88.6 6.516818273265823
    endloop
  endfacet
  facet normal 0 1 0
    outer loop
      vertex 7.984354661054766 88.6 2.6556466734622077
      vertex 6.997149121662353 88.6 5.6036350636644645
      vertex 7.374943331676313 88.6 5.689864126762533
    endloop
  endfacet
  facet normal 0 1 0
    outer loop
      vertex 7.984354661054766 88.6 2.6556466734622077
      vertex 7.374943331676313 88.6 5.689864126762533
      vertex 7.710536742416352 88.6 5.883619072791561
    endloop
  endfacet
  facet normal 0 1 0
    outer loop
      vertex 7.984354661054766 88.6 2.6556466734622077
      vertex 7.710536742416352 88.6 5.883619072791561
      vertex 7.974110406610791 88.6 6.16768392451729
    endloop
  endfacet
  facet normal 0 1 0
    outer loop
      vertex 9.092277797823584 88.6 10.829875068901016
      vertex 9.092277797823584 88.6 3.076059027367503
      vertex 8.83532004474008 88.6 2.84133944706074
    endloop
  endfacet
  facet normal 0 1 0
    outer loop
      vertex 9.431021794383511 88.6 10.620743027455088
      vertex 9.261513602732755 88.6 3.0746068694530955
      vertex 9.092277797823584 88.6 3.076059027367503
    endloop
  endfacet
  facet normal 0 1 0
    outer loop
      vertex 9.431021794383511 88.6 10.620743027455088
      vertex 9.274793849853808 88.6 3.0828057607088404
      vertex 9.261513602732755 88.6 3.0746068694530955
    endloop
  endfacet
  facet normal 0 1 0
    outer loop
      vertex 9.431021794383511 88.6 10.620743027455088
      vertex 9.431021794383511 88.6 3.3528901999252874
      vertex 9.274793849853808 88.6 3.0828057607088404
    endloop
  endfacet
  facet normal 0 1 0
    outer loop
      vertex 10.046587654519413 88.6 10.116984011838731
      vertex 10.046587654519413 88.6 4.01098415678608
      vertex 9.749957113716206 88.6 3.6667254035173507
    endloop
  endfacet
  facet normal 0 1 0
    outer loop
      vertex 9.749957113716206 88.6 10.38249112704948
      vertex 9.749957113716206 88.6 3.6667254035173507
      vertex 9.678631446115148 88.6 3.3642269852962876
    endloop
  endfacet
  facet normal 0 1 0
    outer loop
      vertex 9.749957113716206 88.6 10.38249112704948
      vertex 9.660108714815394 88.6 3.350390085883255
      vertex 9.431021794383511 88.6 3.3528901999252874
    endloop
  endfacet
  facet normal 0 1 0
    outer loop
      vertex 9.749957113716206 88.6 10.38249112704948
      vertex 9.678631446115148 88.6 3.3642269852962876
      vertex 9.660108714815394 88.6 3.350390085883255
    endloop
  endfacet
  facet normal 0 1 0
    outer loop
      vertex 10.563840990166085 88.6 9.51271299586824
      vertex 10.344327206074233 88.6 4.0066067198183966
      vertex 10.046587654519413 88.6 4.01098415678608
    endloop
  endfacet
  facet normal 0 1 0
    outer loop
      vertex 10.563840990166085 88.6 9.51271299586824
      vertex 10.563840990166085 88.6 4.314975037404274
      vertex 10.364359595183451 88.6 4.032221041460716
    endloop
  endfacet
  facet normal 0 1 0
    outer loop
      vertex 10.563840990166085 88.6 9.51271299586824
      vertex 10.364359595183451 88.6 4.032221041460716
      vertex 10.344327206074233 88.6 4.0066067198183966
    endloop
  endfacet
  facet normal 0 1 0
    outer loop
      vertex 10.780415576340125 88.6 9.178678335109394
      vertex 10.780415576340125 88.6 4.621321664890601
      vertex 10.563840990166085 88.6 4.314975037404274
    endloop
  endfacet
  facet normal 0 1 0
    outer loop
      vertex 8.736376255095593 88.6 11.008250509611248
      vertex 8.3881894448457 88.6 2.654248887192278
      vertex 7.984354661054766 88.6 2.6556466734622077
    endloop
  endfacet
  facet normal 0 1 0
    outer loop
      vertex 8.736376255095593 88.6 11.008250509611248
      vertex 8.736376255095593 88.6 2.841934173728646
      vertex 8.3881894448457 88.6 2.654248887192278
    endloop
  endfacet
  facet normal 0 1 0
    outer loop
      vertex 9.092277797823584 88.6 10.829875068901016
      vertex 8.83532004474008 88.6 2.84133944706074
      vertex 8.736376255095593 88.6 2.841934173728646
    endloop
  endfacet
  facet normal 0.8390719910244483 -1.6210226373422924e-18 -0.5440203984027328
    outer loop
      vertex 10.780415576340125 88.6 4.621321664890601
      vertex 10.63691954452456 85.6 4.399999998509884
      vertex 10.63691954452456 88.6 4.399999998509884
    endloop
  endfacet
  facet normal -0.8141868867035681 4.3475427168131913e-20 -0.5806028879707293
    outer loop
      vertex 3.124176040389976 74.6 4.451908207187703
      vertex 3.3553141200702683 85.6 4.127780309458359
      vertex 3.3553141200702683 74.6 4.127780309458359
    endloop
  endfacet
  facet normal -0.7596870845832859 8.0085979423260415e-19 -0.6502888077749358
    outer loop
      vertex 3.3553141200702683 74.6 4.127780309458359
      vertex 3.614194172823744 85.6 3.825348789521879
      vertex 3.614194172823744 74.6 3.825348789521879
    endloop
  endfacet
  facet normal -0.6992417010043128 4.8598085507355e-19 -0.7148853359641637
    outer loop
      vertex 3.614194172823744 74.6 3.825348789521879
      vertex 3.8987901112350727 85.6 3.5469805840735695
      vertex 3.8987901112350727 74.6 3.5469805840735695
    endloop
  endfacet
  facet normal -0.6333238030480468 6.960341758111356e-19 -0.7738869171221068
    outer loop
      vertex 3.8987901112350727 74.6 3.5469805840735695
      vertex 4.206874586216742 85.6 3.294854301746632
      vertex 4.206874586216742 74.6 3.294854301746632
    endloop
  endfacet
  facet normal -0.5624492876407848 -7.144440905152186e-19 -0.8268317838789057
    outer loop
      vertex 4.206874586216742 74.6 3.294854301746632
      vertex 4.5360364190356535 85.6 3.070943172545718
      vertex 4.5360364190356535 74.6 3.070943172545718
    endloop
  endfacet
  facet normal -0.4871728439607924 1.313267421716244e-20 -0.873305570866895
    outer loop
      vertex 4.5360364190356535 74.6 3.070943172545718
      vertex 4.883699472055895 85.6 2.876999604646759
      vertex 4.883699472055895 74.6 2.876999604646759
    endloop
  endfacet
  facet normal -0.4080836122434682 -6.355799514181197e-19 -0.9129445576913874
    outer loop
      vertex 4.883699472055895 74.6 2.876999604646759
      vertex 5.247142810508592 85.6 2.7145414694269654
      vertex 5.247142810508592 74.6 2.7145414694269654
    endloop
  endfacet
  facet normal 0 -1 0
    outer loop
      vertex 5.623521997495665 74.6 2.5848402220633204
      vertex 6.009891355565173 74.6 2.4889109506718867
      vertex 5.7287404717268515 74.6 6.3359511391471734
    endloop
  endfacet
  facet normal 0 -1 0
    outer loop
      vertex 6.009891355565173 74.6 2.4889109506718867
      vertex 6.4032270206312845 74.6 2.427504431867021
      vertex 6.25 74.6 5.774166975080229
    endloop
  endfacet
  facet normal 0 -1 0
    outer loop
      vertex 6.4032270206312845 74.6 2.427504431867021
      vertex 6.80045060781066 74.6 2.401101254916405
      vertex 6.610722785856787 74.6 5.632593714163628
    endloop
  endfacet
  facet normal 0 -1 0
    outer loop
      vertex 6.80045060781066 74.6 2.401101254916405
      vertex 7.198453303957969 74.6 2.409908060478429
      vertex 6.997149121662353 74.6 5.6036350636644645
    endloop
  endfacet
  facet normal 0 -1 0
    outer loop
      vertex 7.198453303957969 74.6 2.409908060478429
      vertex 7.594120198343859 74.6 2.4538559233588586
      vertex 6.997149121662353 74.6 5.6036350636644645
    endloop
  endfacet
  facet normal 0 -1 0
    outer loop
      vertex 7.984354661054766 74.6 2.5326008919439467
      vertex 8.366102578320529 74.6 2.645526680088132
      vertex 7.974110406610791 74.6 6.16768392451729
    endloop
  endfacet
  facet normal 0 -1 0
    outer loop
      vertex 7.984354661054766 74.6 2.5326008919439467
      vertex 7.374943331676313 74.6 5.689864126762533
      vertex 7.594120198343859 74.6 2.4538559233588586
    endloop
  endfacet
  facet normal -0.32580057296010945 -3.3883942004320346e-19 -0.945438515535973
    outer loop
      vertex 5.247142810508592 74.6 2.7145414694269654
      vertex 5.623521997495665 85.6 2.5848402220633204
      vertex 5.623521997495665 74.6 2.5848402220633204
    endloop
  endfacet
  facet normal -0.24096770245661747 -4.545932368237636e-19 -0.9705331351235665
    outer loop
      vertex 5.623521997495665 74.6 2.5848402220633204
      vertex 6.009891355565173 85.6 2.4889109506718867
      vertex 6.009891355565173 74.6 2.4889109506718867
    endloop
  endfacet
  facet normal -0.1542489329653037 7.394607567873357e-20 -0.9880320170313638
    outer loop
      vertex 6.009891355565173 74.6 2.4889109506718867
      vertex 6.4032270206312845 85.6 2.427504431867021
      vertex 6.4032270206312845 74.6 2.427504431867021
    endloop
  endfacet
  facet normal -0.0663229564351054 1.645563493907215e-20 -0.997798208782571
    outer loop
      vertex 6.4032270206312845 74.6 2.427504431867021
      vertex 6.80045060781066 85.6 2.401101254916405
      vertex 6.80045060781066 74.6 2.401101254916405
    endloop
  endfacet
  facet normal 0.02212208715318786 3.82866640397633e-20 -0.9997552766852431
    outer loop
      vertex 6.80045060781066 74.6 2.401101254916405
      vertex 7.198453303957969 85.6 2.409908060478429
      vertex 7.198453303957969 74.6 2.409908060478429
    endloop
  endfacet
  facet normal 0.11039399541526526 -2.7321611818946735e-19 -0.9938879040295511
    outer loop
      vertex 7.198453303957969 74.6 2.409908060478429
      vertex 7.594120198343859 85.6 2.4538559233588586
      vertex 7.594120198343859 74.6 2.4538559233588586
    endloop
  endfacet
  facet normal 0.19780192098552227 0 -0.9802420109618017
    outer loop
      vertex 7.984354661054766 74.6 2.5326008919439467
      vertex 7.594120198343859 74.6 2.4538559233588586
      vertex 7.984354661054766 85.6 2.5326008919439467
    endloop
  endfacet
  facet normal 0.7877079733177145 0 -0.616048820120369
    outer loop
      vertex 10.563840990166085 74.6 4.2872870041317555
      vertex 10.31859188062478 74.6 3.973700365012782
      vertex 10.563840990166085 85.6 4.2872870041317555
    endloop
  endfacet
  facet normal 0.5984723141740602 0 -0.8011434885007459
    outer loop
      vertex 9.749957113716206 74.6 3.417508872950517
      vertex 9.431021794383511 74.6 3.179256972544909
      vertex 9.749957113716206 85.6 3.417508872950517
    endloop
  endfacet
  facet normal 0.6669355308366434 0 -0.745115425761435
    outer loop
      vertex 10.046587654519413 74.6 3.683015988161266
      vertex 9.749957113716206 74.6 3.417508872950517
      vertex 10.046587654519413 85.6 3.683015988161266
    endloop
  endfacet
  facet normal 0.7301790727058386 0 -0.6832558245506888
    outer loop
      vertex 10.31859188062478 74.6 3.973700365012782
      vertex 10.046587654519413 74.6 3.683015988161266
      vertex 10.31859188062478 85.6 3.973700365012782
    endloop
  endfacet
  facet normal 0.5253252402142969 0 -0.8509015172120633
    outer loop
      vertex 9.431021794383511 74.6 3.179256972544909
      vertex 9.092277797823584 74.6 2.970124931098983
      vertex 9.431021794383511 85.6 3.179256972544909
    endloop
  endfacet
  facet normal 0.4480667839875824 -6.940666513581761e-19 -0.8940000878562737
    outer loop
      vertex 8.736376255095593 74.6 2.7917494903887494
      vertex 9.092277797823584 85.6 2.970124931098983
      vertex 9.092277797823584 74.6 2.970124931098983
    endloop
  endfacet
  facet normal 0.28366177833429446 -1.2337037456452653e-19 -0.9589243950970409
    outer loop
      vertex 7.984354661054766 74.6 2.5326008919439467
      vertex 8.366102578320529 85.6 2.645526680088132
      vertex 8.366102578320529 74.6 2.645526680088132
    endloop
  endfacet
  facet normal 0.3673015976647575 0 -0.9301018956828959
    outer loop
      vertex 8.736376255095593 74.6 2.7917494903887494
      vertex 8.366102578320529 74.6 2.645526680088132
      vertex 8.736376255095593 85.6 2.7917494903887494
    endloop
  endfacet
  facet normal -0.8141868867035681 0 -0.5806028879707293
    outer loop
      vertex 3.124176040389976 74.6 4.451908207187703
      vertex 3.124176040389976 85.6 4.451908207187703
      vertex 3.3553141200702683 85.6 4.127780309458359
    endloop
  endfacet
  facet normal -0.7596870845832859 0 -0.6502888077749358
    outer loop
      vertex 3.3553141200702683 74.6 4.127780309458359
      vertex 3.3553141200702683 85.6 4.127780309458359
      vertex 3.614194172823744 85.6 3.825348789521879
    endloop
  endfacet
  facet normal -0.6992417010043128 0 -0.7148853359641637
    outer loop
      vertex 3.614194172823744 74.6 3.825348789521879
      vertex 3.614194172823744 85.6 3.825348789521879
      vertex 3.8987901112350727 85.6 3.5469805840735695
    endloop
  endfacet
  facet normal -0.6333238030480468 0 -0.7738869171221068
    outer loop
      vertex 3.8987901112350727 74.6 3.5469805840735695
      vertex 3.8987901112350727 85.6 3.5469805840735695
      vertex 4.206874586216742 85.6 3.294854301746632
    endloop
  endfacet
  facet normal -0.5624492876407848 0 -0.8268317838789057
    outer loop
      vertex 4.206874586216742 74.6 3.294854301746632
      vertex 4.206874586216742 85.6 3.294854301746632
      vertex 4.5360364190356535 85.6 3.070943172545718
    endloop
  endfacet
  facet normal -0.4871728439607924 0 -0.873305570866895
    outer loop
      vertex 4.5360364190356535 74.6 3.070943172545718
      vertex 4.5360364190356535 85.6 3.070943172545718
      vertex 4.883699472055895 85.6 2.876999604646759
    endloop
  endfacet
  facet normal -0.4080836122434682 0 -0.9129445576913874
    outer loop
      vertex 4.883699472055895 74.6 2.876999604646759
      vertex 4.883699472055895 85.6 2.876999604646759
      vertex 5.247142810508592 85.6 2.7145414694269654
    endloop
  endfacet
  facet normal -0.32580057296010945 0 -0.945438515535973
    outer loop
      vertex 5.247142810508592 74.6 2.7145414694269654
      vertex 5.247142810508592 85.6 2.7145414694269654
      vertex 5.623521997495665 85.6 2.5848402220633204
    endloop
  endfacet
  facet normal 0 1 0
    outer loop
      vertex 3.3590877989383756 88.6 4.213009792877646
      vertex 3.3712820664750893 88.6 4.109126070747767
      vertex 3.368936043643906 88.6 4.111866765687736
    endloop
  endfacet
  facet normal 0 1 0
    outer loop
      vertex 4.206874586216742 88.6 5
      vertex 3.3712820664750893 88.6 4.109126070747767
      vertex 3.3590877989383756 88.6 4.213009792877646
    endloop
  endfacet
  facet normal 0 1 0
    outer loop
      vertex 4.206874586216742 88.6 5
      vertex 3.626592691115526 88.6 4.105372433850327
      vertex 3.3712820664750893 88.6 4.109126070747767
    endloop
  endfacet
  facet normal 0 1 0
    outer loop
      vertex 4.206874586216742 88.6 5
      vertex 3.6961169636616873 88.6 3.7452186920996304
      vertex 3.626592691115526 88.6 4.105372433850327
    endloop
  endfacet
  facet normal 0 1 0
    outer loop
      vertex 4.206874586216742 88.6 5
      vertex 3.9074461161905347 88.6 3.742478626332428
      vertex 3.6961169636616873 88.6 3.7452186920996304
    endloop
  endfacet
  facet normal 0 1 0
    outer loop
      vertex 4.206874586216742 88.6 5
      vertex 4.064390882740909 88.6 3.411458315797237
      vertex 3.9074461161905347 88.6 3.742478626332428
    endloop
  endfacet
  facet normal 0 1 0
    outer loop
      vertex 3.626592691115526 88.6 4.105372433850327
      vertex 3.6961169636616873 88.6 3.7452186920996304
      vertex 3.6933473049809606 88.6 3.747927743117586
    endloop
  endfacet
  facet normal 0 1 0
    outer loop
      vertex 3.9074461161905347 88.6 3.742478626332428
      vertex 4.064390882740909 88.6 3.411458315797237
      vertex 4.061480599864296 88.6 3.4138399963484645
    endloop
  endfacet
  facet normal 0 1 0
    outer loop
      vertex 4.206874586216742 88.6 5
      vertex 4.21196611563564 88.6 3.4098477702832426
      vertex 4.064390882740909 88.6 3.411458315797237
    endloop
  endfacet
  facet normal 0 1 0
    outer loop
      vertex 4.21196611563564 88.6 3.4098477702832426
      vertex 4.470212755365267 88.6 3.1157194782745954
      vertex 4.467625449916149 88.6 3.117479483314483
    endloop
  endfacet
  facet normal 0 1 0
    outer loop
      vertex 4.894108148347598 88.6 3.112082168485859
      vertex 4.910702443224977 88.6 2.8649293535858966
      vertex 4.908762012842587 88.6 2.865796720429895
    endloop
  endfacet
  facet normal 0 1 0
    outer loop
      vertex 5.253710200486005 88.6 2.8628676187233495
      vertex 5.392011020808873 88.6 2.6646195071375622
      vertex 5.391880341441251 88.6 2.6646645395877364
    endloop
  endfacet
  facet normal -0.24096770245661747 0 -0.9705331351235665
    outer loop
      vertex 5.623521997495665 74.6 2.5848402220633204
      vertex 5.623521997495665 85.6 2.5848402220633204
      vertex 6.009891355565173 85.6 2.4889109506718867
    endloop
  endfacet
  facet normal -0.1542489329653037 0 -0.9880320170313638
    outer loop
      vertex 6.009891355565173 74.6 2.4889109506718867
      vertex 6.009891355565173 85.6 2.4889109506718867
      vertex 6.4032270206312845 85.6 2.427504431867021
    endloop
  endfacet
  facet normal -0.0663229564351054 0 -0.997798208782571
    outer loop
      vertex 6.4032270206312845 74.6 2.427504431867021
      vertex 6.4032270206312845 85.6 2.427504431867021
      vertex 6.80045060781066 85.6 2.401101254916405
    endloop
  endfacet
  facet normal 0.02212208715318786 0 -0.9997552766852431
    outer loop
      vertex 6.80045060781066 74.6 2.401101254916405
      vertex 6.80045060781066 85.6 2.401101254916405
      vertex 7.198453303957969 85.6 2.409908060478429
    endloop
  endfacet
  facet normal 0.11039399541526526 0 -0.9938879040295511
    outer loop
      vertex 7.198453303957969 74.6 2.409908060478429
      vertex 7.198453303957969 85.6 2.409908060478429
      vertex 7.594120198343859 85.6 2.4538559233588586
    endloop
  endfacet
  facet normal 0.28366177833429446 0 -0.9589243950970409
    outer loop
      vertex 7.984354661054766 74.6 2.5326008919439467
      vertex 7.984354661054766 85.6 2.5326008919439467
      vertex 8.366102578320529 85.6 2.645526680088132
    endloop
  endfacet
  facet normal 0.19780192098552227 0 -0.9802420109618017
    outer loop
      vertex 7.594120198343859 74.6 2.4538559233588586
      vertex 7.594120198343859 85.6 2.4538559233588586
      vertex 7.984354661054766 85.6 2.5326008919439467
    endloop
  endfacet
  facet normal 0.839071991024452 0 -0.5440203984027272
    outer loop
      vertex 10.563840990166085 74.6 4.2872870041317555
      vertex 10.563840990166085 85.6 4.2872870041317555
      vertex 10.63691954452456 85.6 4.399999998509884
    endloop
  endfacet
  facet normal 0.8390719910244477 9.379996873574039e-17 -0.5440203984027336
    outer loop
      vertex 10.780415576340125 88.6 4.621321664890601
      vertex 10.563840990166085 74.6 4.2872870041317555
      vertex 10.63691954452456 85.6 4.399999998509884
    endloop
  endfacet
  facet normal 0.7877079733177145 0 -0.616048820120369
    outer loop
      vertex 10.31859188062478 74.6 3.973700365012782
      vertex 10.31859188062478 85.6 3.973700365012782
      vertex 10.563840990166085 85.6 4.2872870041317555
    endloop
  endfacet
  facet normal 0.7301790727058386 0 -0.6832558245506888
    outer loop
      vertex 10.046587654519413 74.6 3.683015988161266
      vertex 10.046587654519413 85.6 3.683015988161266
      vertex 10.31859188062478 85.6 3.973700365012782
    endloop
  endfacet
  facet normal 0.6669355308366434 0 -0.745115425761435
    outer loop
      vertex 9.749957113716206 74.6 3.417508872950517
      vertex 9.749957113716206 85.6 3.417508872950517
      vertex 10.046587654519413 85.6 3.683015988161266
    endloop
  endfacet
  facet normal 0.4480667839875824 0 -0.8940000878562737
    outer loop
      vertex 8.736376255095593 74.6 2.7917494903887494
      vertex 8.736376255095593 85.6 2.7917494903887494
      vertex 9.092277797823584 85.6 2.970124931098983
    endloop
  endfacet
  facet normal 0.5253252402142969 0 -0.8509015172120633
    outer loop
      vertex 9.092277797823584 74.6 2.970124931098983
      vertex 9.092277797823584 85.6 2.970124931098983
      vertex 9.431021794383511 85.6 3.179256972544909
    endloop
  endfacet
  facet normal 0.3673015976647575 0 -0.9301018956828959
    outer loop
      vertex 8.366102578320529 74.6 2.645526680088132
      vertex 8.366102578320529 85.6 2.645526680088132
      vertex 8.736376255095593 85.6 2.7917494903887494
    endloop
  endfacet
  facet normal 0.5984723141740602 0 -0.8011434885007459
    outer loop
      vertex 9.431021794383511 74.6 3.179256972544909
      vertex 9.431021794383511 85.6 3.179256972544909
      vertex 9.749957113716206 85.6 3.417508872950517
    endloop
  endfacet
  facet normal 0 1 0
    outer loop
      vertex 5.392011020808873 88.6 2.6646195071375622
      vertex 5.7287404717268515 88.6 6.3359511391471734
      vertex 5.627018343818136 88.6 2.6638060804031127
    endloop
  endfacet
  facet normal 0 1 0
    outer loop
      vertex 5.627018343818136 88.6 2.6638060804031127
      vertex 5.947032566621225 88.6 6.015775440897803
      vertex 5.890495893878189 88.6 2.5185549154632554
    endloop
  endfacet
  facet normal 0 1 0
    outer loop
      vertex 5.890495893878189 88.6 2.5185549154632554
      vertex 6.997149121662353 88.6 5.6036350636644645
      vertex 7.984354661054766 88.6 2.6556466734622077
    endloop
  endfacet
  facet normal 0 1 0
    outer loop
      vertex 5.890495893878189 88.6 2.5185549154632554
      vertex 7.984354661054766 88.6 2.6556466734622077
      vertex 7.899209317106141 88.6 2.5154195097876304
    endloop
  endfacet
  facet normal 0 1 0
    outer loop
      vertex 10.780415576340125 88.6 4.621321664890601
      vertex 10.63691954452456 88.6 4.399999998509884
      vertex 10.563840990166085 88.6 4.314975037404274
    endloop
  endfacet
  facet normal 0 1 0
    outer loop
      vertex 10.63691954452456 88.6 4.399999998509884
      vertex 10.581616670804287 88.6 4.314703394746335
      vertex 10.563840990166085 88.6 4.314975037404274
    endloop
  endfacet
  facet normal 0 1 0
    outer loop
      vertex 10.046587654519413 88.6 4.01098415678608
      vertex 10.024411761661838 88.6 3.6631668609476833
      vertex 9.749957113716206 88.6 3.6667254035173507
    endloop
  endfacet
  facet normal 0 1 0
    outer loop
      vertex 10.046587654519413 88.6 4.01098415678608
      vertex 10.046489201530903 88.6 3.682927865175369
      vertex 10.024411761661838 88.6 3.6631668609476833
    endloop
  endfacet
  facet normal 0 1 0
    outer loop
      vertex 9.092277797823584 88.6 3.076059027367503
      vertex 8.841731160458345 88.6 2.844552654800509
      vertex 8.83532004474008 88.6 2.84133944706074
    endloop
  endfacet
  facet normal 0 1 0
    outer loop
      vertex 8.736376255095593 88.6 2.841934173728646
      vertex 8.38851832737786 88.6 2.654378764445582
      vertex 8.3881894448457 88.6 2.654248887192278
    endloop
  endfacet
  facet normal 0.9217488001088752 0 0.3877875055979099
    outer loop
      vertex 10.966620649367414 74.6 8.826809926832047
      vertex 11.120998902085354 74.6 8.459861618411784
      vertex 10.966620649367414 88.6 8.826809926832047
    endloop
  endfacet
  facet normal 0.9524145333581338 0 0.30480576872527904
    outer loop
      vertex 11.120998902085354 74.6 8.459861618411784
      vertex 11.242342115352642 74.6 8.080705277888903
      vertex 11.120998902085354 88.6 8.459861618411784
    endloop
  endfacet
  facet normal 0.9756263315525063 0 0.2194385134414627
    outer loop
      vertex 11.242342115352642 74.6 8.080705277888903
      vertex 11.329700614002263 74.6 7.692308317707161
      vertex 11.242342115352642 88.6 8.080705277888903
    endloop
  endfacet
  facet normal 0 -1 0
    outer loop
      vertex 10.780415576340125 74.6 9.178678335109394
      vertex 10.966620649367414 74.6 4.973190073167949
      vertex 10.966620649367414 74.6 8.826809926832047
    endloop
  endfacet
  facet normal 0 -1 0
    outer loop
      vertex 10.966620649367414 74.6 8.826809926832047
      vertex 11.120998902085354 74.6 5.340138381588211
      vertex 11.120998902085354 74.6 8.459861618411784
    endloop
  endfacet
  facet normal 0 -1 0
    outer loop
      vertex 11.120998902085354 74.6 8.459861618411784
      vertex 11.242342115352642 74.6 5.719294722111092
      vertex 11.242342115352642 74.6 8.080705277888903
    endloop
  endfacet
  facet normal 0 -1 0
    outer loop
      vertex 11.242342115352642 74.6 8.080705277888903
      vertex 11.329700614002263 74.6 6.107691682292836
      vertex 11.329700614002263 74.6 7.692308317707161
    endloop
  endfacet
  facet normal 0 -1 0
    outer loop
      vertex 11.329700614002263 74.6 7.692308317707161
      vertex 11.38239069933725 74.6 6.502289529311957
      vertex 11.38239069933725 74.6 7.29771047068804
    endloop
  endfacet
  facet normal 0 -1 0
    outer loop
      vertex 11.38239069933725 74.6 7.29771047068804
      vertex 11.38239069933725 74.6 6.502289529311957
      vertex 11.399999999999999 74.6 6.899999999999999
    endloop
  endfacet
  facet normal 0 -1 0
    outer loop
      vertex 11.329700614002263 74.6 7.692308317707161
      vertex 11.329700614002263 74.6 6.107691682292836
      vertex 11.38239069933725 74.6 6.502289529311957
    endloop
  endfacet
  facet normal 0.9912025308994143 0 0.13235385426422444
    outer loop
      vertex 11.329700614002263 74.6 7.692308317707161
      vertex 11.38239069933725 74.6 7.29771047068804
      vertex 11.329700614002263 88.6 7.692308317707161
    endloop
  endfacet
  facet normal 0.9990212265199736 0 0.04423334672537878
    outer loop
      vertex 11.38239069933725 74.6 7.29771047068804
      vertex 11.399999999999999 74.6 6.899999999999999
      vertex 11.38239069933725 88.6 7.29771047068804
    endloop
  endfacet
  facet normal 0.9990212265199736 0 -0.04423334672537878
    outer loop
      vertex 11.399999999999999 74.6 6.899999999999999
      vertex 11.38239069933725 74.6 6.502289529311957
      vertex 11.399999999999999 88.6 6.899999999999999
    endloop
  endfacet
  facet normal 0 -1 0
    outer loop
      vertex 11.120998902085354 74.6 8.459861618411784
      vertex 11.120998902085354 74.6 5.340138381588211
      vertex 11.242342115352642 74.6 5.719294722111092
    endloop
  endfacet
  facet normal 0 -1 0
    outer loop
      vertex 11.242342115352642 74.6 8.080705277888903
      vertex 11.242342115352642 74.6 5.719294722111092
      vertex 11.329700614002263 74.6 6.107691682292836
    endloop
  endfacet
  facet normal 0 -1 0
    outer loop
      vertex 10.966620649367414 74.6 8.826809926832047
      vertex 10.966620649367414 74.6 4.973190073167949
      vertex 11.120998902085354 74.6 5.340138381588211
    endloop
  endfacet
  facet normal 0.9912025308994143 0 -0.13235385426422444
    outer loop
      vertex 11.38239069933725 74.6 6.502289529311957
      vertex 11.329700614002263 74.6 6.107691682292836
      vertex 11.38239069933725 88.6 6.502289529311957
    endloop
  endfacet
  facet normal 0.9756263315525067 0 -0.21943851344146176
    outer loop
      vertex 11.329700614002263 74.6 6.107691682292836
      vertex 11.242342115352642 74.6 5.719294722111092
      vertex 11.329700614002263 88.6 6.107691682292836
    endloop
  endfacet
  facet normal 0.9524145333581338 0 -0.30480576872527904
    outer loop
      vertex 11.242342115352642 74.6 5.719294722111092
      vertex 11.120998902085354 74.6 5.340138381588211
      vertex 11.242342115352642 88.6 5.719294722111092
    endloop
  endfacet
  facet normal 0.9217488001088752 0 -0.3877875055979099
    outer loop
      vertex 11.120998902085354 74.6 5.340138381588211
      vertex 10.966620649367414 74.6 4.973190073167949
      vertex 11.120998902085354 88.6 5.340138381588211
    endloop
  endfacet
  facet normal 0.8838691327455646 8.623202532663101e-19 -0.4677342794574753
    outer loop
      vertex 10.780415576340125 74.6 4.621321664890601
      vertex 10.966620649367414 88.6 4.973190073167949
      vertex 10.966620649367414 74.6 4.973190073167949
    endloop
  endfacet
  facet normal 0.9217488001088752 0 0.3877875055979099
    outer loop
      vertex 11.120998902085354 74.6 8.459861618411784
      vertex 11.120998902085354 88.6 8.459861618411784
      vertex 10.966620649367414 88.6 8.826809926832047
    endloop
  endfacet
  facet normal 0.9524145333581338 0 0.30480576872527904
    outer loop
      vertex 11.242342115352642 74.6 8.080705277888903
      vertex 11.242342115352642 88.6 8.080705277888903
      vertex 11.120998902085354 88.6 8.459861618411784
    endloop
  endfacet
  facet normal 0.9756263315525063 0 0.2194385134414627
    outer loop
      vertex 11.329700614002263 74.6 7.692308317707161
      vertex 11.329700614002263 88.6 7.692308317707161
      vertex 11.242342115352642 88.6 8.080705277888903
    endloop
  endfacet
  facet normal 0.9912025308994143 0 0.13235385426422444
    outer loop
      vertex 11.38239069933725 74.6 7.29771047068804
      vertex 11.38239069933725 88.6 7.29771047068804
      vertex 11.329700614002263 88.6 7.692308317707161
    endloop
  endfacet
  facet normal 0.9990212265199736 0 0.04423334672537878
    outer loop
      vertex 11.399999999999999 74.6 6.899999999999999
      vertex 11.399999999999999 88.6 6.899999999999999
      vertex 11.38239069933725 88.6 7.29771047068804
    endloop
  endfacet
  facet normal 0 1 0
    outer loop
      vertex 10.966620649367414 88.6 8.826809926832047
      vertex 11.120998902085354 88.6 8.459861618411784
      vertex 10.966620649367414 88.6 4.973190073167949
    endloop
  endfacet
  facet normal 0 1 0
    outer loop
      vertex 11.120998902085354 88.6 8.459861618411784
      vertex 11.242342115352642 88.6 8.080705277888903
      vertex 11.120998902085354 88.6 5.340138381588211
    endloop
  endfacet
  facet normal 0 1 0
    outer loop
      vertex 11.242342115352642 88.6 8.080705277888903
      vertex 11.329700614002263 88.6 7.692308317707161
      vertex 11.242342115352642 88.6 5.719294722111092
    endloop
  endfacet
  facet normal 0 1 0
    outer loop
      vertex 11.329700614002263 88.6 7.692308317707161
      vertex 11.38239069933725 88.6 7.29771047068804
      vertex 11.329700614002263 88.6 6.107691682292836
    endloop
  endfacet
  facet normal 0 1 0
    outer loop
      vertex 11.38239069933725 88.6 7.29771047068804
      vertex 11.399999999999999 88.6 6.899999999999999
      vertex 11.38239069933725 88.6 6.502289529311957
    endloop
  endfacet
  facet normal 0.9990212265199736 0 -0.04423334672537878
    outer loop
      vertex 11.38239069933725 74.6 6.502289529311957
      vertex 11.38239069933725 88.6 6.502289529311957
      vertex 11.399999999999999 88.6 6.899999999999999
    endloop
  endfacet
  facet normal 0.9912025308994143 0 -0.13235385426422444
    outer loop
      vertex 11.329700614002263 74.6 6.107691682292836
      vertex 11.329700614002263 88.6 6.107691682292836
      vertex 11.38239069933725 88.6 6.502289529311957
    endloop
  endfacet
  facet normal 0.9756263315525067 0 -0.21943851344146176
    outer loop
      vertex 11.242342115352642 74.6 5.719294722111092
      vertex 11.242342115352642 88.6 5.719294722111092
      vertex 11.329700614002263 88.6 6.107691682292836
    endloop
  endfacet
  facet normal 0.9524145333581338 0 -0.30480576872527904
    outer loop
      vertex 11.120998902085354 74.6 5.340138381588211
      vertex 11.120998902085354 88.6 5.340138381588211
      vertex 11.242342115352642 88.6 5.719294722111092
    endloop
  endfacet
  facet normal 0.9217488001088752 0 -0.3877875055979099
    outer loop
      vertex 10.966620649367414 74.6 4.973190073167949
      vertex 10.966620649367414 88.6 4.973190073167949
      vertex 11.120998902085354 88.6 5.340138381588211
    endloop
  endfacet
  facet normal 0 1 0
    outer loop
      vertex 11.38239069933725 88.6 7.29771047068804
      vertex 11.38239069933725 88.6 6.502289529311957
      vertex 11.329700614002263 88.6 6.107691682292836
    endloop
  endfacet
  facet normal 0 1 0
    outer loop
      vertex 11.329700614002263 88.6 7.692308317707161
      vertex 11.329700614002263 88.6 6.107691682292836
      vertex 11.242342115352642 88.6 5.719294722111092
    endloop
  endfacet
  facet normal 0 1 0
    outer loop
      vertex 10.780415576340125 88.6 4.621321664890601
      vertex 10.966620649367414 88.6 8.826809926832047
      vertex 10.966620649367414 88.6 4.973190073167949
    endloop
  endfacet
  facet normal 0 1 0
    outer loop
      vertex 11.120998902085354 88.6 8.459861618411784
      vertex 11.120998902085354 88.6 5.340138381588211
      vertex 10.966620649367414 88.6 4.973190073167949
    endloop
  endfacet
  facet normal 0 1 0
    outer loop
      vertex 11.242342115352642 88.6 8.080705277888903
      vertex 11.242342115352642 88.6 5.719294722111092
      vertex 11.120998902085354 88.6 5.340138381588211
    endloop
  endfacet
  facet normal -0.3258005729601229 0 0.9454385155359684
    outer loop
      vertex 78.66682199749565 74.6 11.21515977793668
      vertex 78.66682199749565 88.6 11.21515977793668
      vertex 78.29044281050858 74.6 11.085458530573032
    endloop
  endfacet
  facet normal -0.2409677024566049 -3.7679462712421066e-19 0.9705331351235696
    outer loop
      vertex 78.66682199749565 74.6 11.21515977793668
      vertex 79.05319135556516 74.6 11.31108904932811
      vertex 79.05319135556516 88.6 11.31108904932811
    endloop
  endfacet
  facet normal -0.15424893296530645 9.095700712295587e-20 0.9880320170313635
    outer loop
      vertex 79.05319135556516 74.6 11.31108904932811
      vertex 79.44652702063127 74.6 11.372495568132976
      vertex 79.44652702063127 88.6 11.372495568132976
    endloop
  endfacet
  facet normal -0.06632295643510422 3.295286155836658e-20 0.9977982087825711
    outer loop
      vertex 79.44652702063127 74.6 11.372495568132976
      vertex 79.84375060781065 74.6 11.398898745083592
      vertex 79.84375060781065 88.6 11.398898745083592
    endloop
  endfacet
  facet normal 0.022122087153188252 -7.462075277668885e-21 0.9997552766852429
    outer loop
      vertex 79.84375060781065 74.6 11.398898745083592
      vertex 80.24175330395795 74.6 11.390091939521568
      vertex 80.24175330395795 88.6 11.390091939521568
    endloop
  endfacet
  facet normal 0.11039399541526773 -1.5053466384656096e-19 0.993887904029551
    outer loop
      vertex 80.24175330395795 74.6 11.390091939521568
      vertex 80.63742019834385 74.6 11.346144076641137
      vertex 80.63742019834385 88.6 11.346144076641137
    endloop
  endfacet
  facet normal 0.197801920985518 -2.8718289088469834e-20 0.9802420109618027
    outer loop
      vertex 80.63742019834385 74.6 11.346144076641137
      vertex 81.02765466105475 74.6 11.26739910805605
      vertex 81.02765466105475 88.6 11.26739910805605
    endloop
  endfacet
  facet normal 0.2836617783342993 -3.562379199328327e-19 0.9589243950970393
    outer loop
      vertex 81.02765466105475 74.6 11.26739910805605
      vertex 81.40940257832051 74.6 11.154473319911865
      vertex 81.40940257832051 88.6 11.154473319911865
    endloop
  endfacet
  facet normal -0.6333238030480469 0 0.7738869171221069
    outer loop
      vertex 77.25017458621673 74.6 10.505145698253365
      vertex 77.25017458621673 88.6 10.505145698253365
      vertex 76.94209011123506 74.6 10.253019415926428
    endloop
  endfacet
  facet normal -0.6992417010043127 0 0.7148853359641637
    outer loop
      vertex 76.94209011123506 74.6 10.253019415926428
      vertex 76.94209011123506 88.6 10.253019415926428
      vertex 76.65749417282373 74.6 9.974651210478118
    endloop
  endfacet
  facet normal -0.4871728439607959 0 0.8733055708668932
    outer loop
      vertex 77.92699947205588 74.6 10.923000395353238
      vertex 77.92699947205588 88.6 10.923000395353238
      vertex 77.57933641903564 74.6 10.729056827454277
    endloop
  endfacet
  facet normal -0.562449287640782 2.3088915297734275e-19 0.8268317838789079
    outer loop
      vertex 77.25017458621673 74.6 10.505145698253365
      vertex 77.57933641903564 74.6 10.729056827454277
      vertex 77.57933641903564 88.6 10.729056827454277
    endloop
  endfacet
  facet normal -0.4080836122434681 4.9938424754280835e-19 0.9129445576913873
    outer loop
      vertex 77.92699947205588 74.6 10.923000395353238
      vertex 78.29044281050858 74.6 11.085458530573032
      vertex 78.29044281050858 88.6 11.085458530573032
    endloop
  endfacet
  facet normal 0 -1 0
    outer loop
      vertex 78.66682199749565 74.6 11.21515977793668
      vertex 78.29044281050858 74.6 11.085458530573032
      vertex 78.77204047172684 74.6 7.464048860852824
    endloop
  endfacet
  facet normal -0.759687084583277 -1.0153513343982897e-18 0.6502888077749461
    outer loop
      vertex 76.65749417282373 74.6 9.974651210478118
      vertex 76.39861412007025 88.6 9.672219690541638
      vertex 76.39861412007025 74.6 9.672219690541638
    endloop
  endfacet
  facet normal -0.8141868867035849 1.9749251531158505e-19 0.5806028879707057
    outer loop
      vertex 76.39861412007025 74.6 9.672219690541638
      vertex 76.16747604038997 88.6 9.348091792812294
      vertex 76.16747604038997 74.6 9.348091792812294
    endloop
  endfacet
  facet normal -0.8623145725200249 0 0.5063729633576488
    outer loop
      vertex 75.96588890264496 74.6 9.004804257558668
      vertex 76.16747604038997 74.6 9.348091792812294
      vertex 75.96588890264496 88.6 9.004804257558668
    endloop
  endfacet
  facet normal 0 -1 0
    outer loop
      vertex 78.66682199749565 74.6 11.21515977793668
      vertex 79.29329999999999 74.6 8.025833024919768
      vertex 79.05319135556516 74.6 11.31108904932811
    endloop
  endfacet
  facet normal 0 -1 0
    outer loop
      vertex 79.44652702063127 74.6 11.372495568132976
      vertex 80.04044912166233 74.6 8.196364936335533
      vertex 79.84375060781065 74.6 11.398898745083592
    endloop
  endfacet
  facet normal 0 -1 0
    outer loop
      vertex 79.84375060781065 74.6 11.398898745083592
      vertex 80.04044912166233 74.6 8.196364936335533
      vertex 80.24175330395795 74.6 11.390091939521568
    endloop
  endfacet
  facet normal 0 -1 0
    outer loop
      vertex 79.05319135556516 74.6 11.31108904932811
      vertex 79.65402278585678 74.6 8.16740628583637
      vertex 79.44652702063127 74.6 11.372495568132976
    endloop
  endfacet
  facet normal 0 -1 0
    outer loop
      vertex 80.24175330395795 74.6 11.390091939521568
      vertex 80.41824333167631 74.6 8.110135873237464
      vertex 80.63742019834385 74.6 11.346144076641137
    endloop
  endfacet
  facet normal 0 -1 0
    outer loop
      vertex 80.63742019834385 74.6 11.346144076641137
      vertex 81.01741040661078 74.6 7.6323160754827075
      vertex 81.02765466105475 74.6 11.26739910805605
    endloop
  endfacet
  facet normal 0 -1 0
    outer loop
      vertex 78.66682199749565 74.6 11.21515977793668
      vertex 78.99033256662122 74.6 7.784224559102194
      vertex 79.29329999999999 74.6 8.025833024919768
    endloop
  endfacet
  facet normal 0 -1 0
    outer loop
      vertex 79.05319135556516 74.6 11.31108904932811
      vertex 79.29329999999999 74.6 8.025833024919768
      vertex 79.65402278585678 74.6 8.16740628583637
    endloop
  endfacet
  facet normal 0 -1 0
    outer loop
      vertex 79.44652702063127 74.6 11.372495568132976
      vertex 79.65402278585678 74.6 8.16740628583637
      vertex 80.04044912166233 74.6 8.196364936335533
    endloop
  endfacet
  facet normal 0 -1 0
    outer loop
      vertex 81.02765466105475 74.6 11.26739910805605
      vertex 81.24329999999998 74.6 6.899999999999999
      vertex 81.40940257832051 74.6 11.154473319911865
    endloop
  endfacet
  facet normal 0 -1 0
    outer loop
      vertex 80.24175330395795 74.6 11.390091939521568
      vertex 80.04044912166233 74.6 8.196364936335533
      vertex 80.41824333167631 74.6 8.110135873237464
    endloop
  endfacet
  facet normal 0 -1 0
    outer loop
      vertex 80.63742019834385 74.6 11.346144076641137
      vertex 80.41824333167631 74.6 8.110135873237464
      vertex 80.75383674241634 74.6 7.916380927208438
    endloop
  endfacet
  facet normal 0 -1 0
    outer loop
      vertex 80.63742019834385 74.6 11.346144076641137
      vertex 80.75383674241634 74.6 7.916380927208438
      vertex 81.01741040661078 74.6 7.6323160754827075
    endloop
  endfacet
  facet normal 0.5253252402143002 -3.1319481238095314e-16 0.8509015172120614
    outer loop
      vertex 82.13557779782357 74.6 10.829875068901016
      vertex 82.4743217943835 74.6 10.620743027455088
      vertex 82.44330000140667 85.6 10.639895103832657
    endloop
  endfacet
  facet normal 0.3673015976647514 4.1175380202891443e-19 0.9301018956828984
    outer loop
      vertex 81.40940257832051 74.6 11.154473319911865
      vertex 81.77967625509558 74.6 11.008250509611248
      vertex 81.77967625509558 88.6 11.008250509611248
    endloop
  endfacet
  facet normal 0.4480667839875788 -5.617236230093854e-19 0.8940000878562755
    outer loop
      vertex 81.77967625509558 74.6 11.008250509611248
      vertex 82.13557779782357 74.6 10.829875068901016
      vertex 82.13557779782357 88.6 10.829875068901016
    endloop
  endfacet
  facet normal 0.5984723141740602 0 0.8011434885007459
    outer loop
      vertex 82.4743217943835 74.6 10.620743027455088
      vertex 82.7932571137162 74.6 10.38249112704948
      vertex 82.4743217943835 85.6 10.620743027455088
    endloop
  endfacet
  facet normal 0.6669355308366434 0 0.745115425761435
    outer loop
      vertex 82.7932571137162 74.6 10.38249112704948
      vertex 83.0898876545194 74.6 10.116984011838731
      vertex 82.7932571137162 85.6 10.38249112704948
    endloop
  endfacet
  facet normal 0.7301790727058407 0 0.6832558245506866
    outer loop
      vertex 83.0898876545194 74.6 10.116984011838731
      vertex 83.36189188062477 74.6 9.826299634987214
      vertex 83.0898876545194 85.6 10.116984011838731
    endloop
  endfacet
  facet normal 0.7877079733177145 0 0.616048820120369
    outer loop
      vertex 83.36189188062477 74.6 9.826299634987214
      vertex 83.60714099016607 74.6 9.51271299586824
      vertex 83.36189188062477 85.6 9.826299634987214
    endloop
  endfacet
  facet normal 0.8390719910244576 0 0.5440203984027183
    outer loop
      vertex 83.60714099016607 74.6 9.51271299586824
      vertex 83.8237155763401 74.6 9.178678335109394
      vertex 83.60714099016607 85.6 9.51271299586824
    endloop
  endfacet
  facet normal 0.8838691327455571 0 0.46773427945748924
    outer loop
      vertex 83.8237155763401 74.6 9.178678335109394
      vertex 84.0099206493674 74.6 8.826809926832047
      vertex 83.8237155763401 85.6 9.178678335109394
    endloop
  endfacet
  facet normal -0.3258005729601229 0 0.9454385155359684
    outer loop
      vertex 78.29044281050858 74.6 11.085458530573032
      vertex 78.66682199749565 88.6 11.21515977793668
      vertex 78.29044281050858 88.6 11.085458530573032
    endloop
  endfacet
  facet normal -0.2409677024566049 0 0.9705331351235696
    outer loop
      vertex 78.66682199749565 74.6 11.21515977793668
      vertex 79.05319135556516 88.6 11.31108904932811
      vertex 78.66682199749565 88.6 11.21515977793668
    endloop
  endfacet
  facet normal -0.15424893296530645 0 0.9880320170313635
    outer loop
      vertex 79.05319135556516 74.6 11.31108904932811
      vertex 79.44652702063127 88.6 11.372495568132976
      vertex 79.05319135556516 88.6 11.31108904932811
    endloop
  endfacet
  facet normal -0.06632295643510422 0 0.9977982087825711
    outer loop
      vertex 79.44652702063127 74.6 11.372495568132976
      vertex 79.84375060781065 88.6 11.398898745083592
      vertex 79.44652702063127 88.6 11.372495568132976
    endloop
  endfacet
  facet normal 0.022122087153188252 0 0.9997552766852429
    outer loop
      vertex 79.84375060781065 74.6 11.398898745083592
      vertex 80.24175330395795 88.6 11.390091939521568
      vertex 79.84375060781065 88.6 11.398898745083592
    endloop
  endfacet
  facet normal 0.11039399541526773 0 0.993887904029551
    outer loop
      vertex 80.24175330395795 74.6 11.390091939521568
      vertex 80.63742019834385 88.6 11.346144076641137
      vertex 80.24175330395795 88.6 11.390091939521568
    endloop
  endfacet
  facet normal 0.197801920985518 0 0.9802420109618027
    outer loop
      vertex 80.63742019834385 74.6 11.346144076641137
      vertex 81.02765466105475 88.6 11.26739910805605
      vertex 80.63742019834385 88.6 11.346144076641137
    endloop
  endfacet
  facet normal 0.2836617783342993 0 0.9589243950970393
    outer loop
      vertex 81.02765466105475 74.6 11.26739910805605
      vertex 81.40940257832051 88.6 11.154473319911865
      vertex 81.02765466105475 88.6 11.26739910805605
    endloop
  endfacet
  facet normal -0.6333238030480469 0 0.7738869171221069
    outer loop
      vertex 76.94209011123506 74.6 10.253019415926428
      vertex 77.25017458621673 88.6 10.505145698253365
      vertex 76.94209011123506 88.6 10.253019415926428
    endloop
  endfacet
  facet normal -0.6992417010043127 0 0.7148853359641637
    outer loop
      vertex 76.65749417282373 74.6 9.974651210478118
      vertex 76.94209011123506 88.6 10.253019415926428
      vertex 76.65749417282373 88.6 9.974651210478118
    endloop
  endfacet
  facet normal -0.562449287640782 0 0.8268317838789079
    outer loop
      vertex 77.25017458621673 74.6 10.505145698253365
      vertex 77.57933641903564 88.6 10.729056827454277
      vertex 77.25017458621673 88.6 10.505145698253365
    endloop
  endfacet
  facet normal -0.4871728439607959 0 0.8733055708668932
    outer loop
      vertex 77.57933641903564 74.6 10.729056827454277
      vertex 77.92699947205588 88.6 10.923000395353238
      vertex 77.57933641903564 88.6 10.729056827454277
    endloop
  endfacet
  facet normal -0.4080836122434681 0 0.9129445576913873
    outer loop
      vertex 77.92699947205588 74.6 10.923000395353238
      vertex 78.29044281050858 88.6 11.085458530573032
      vertex 77.92699947205588 88.6 10.923000395353238
    endloop
  endfacet
  facet normal -0.759687084583277 0 0.6502888077749461
    outer loop
      vertex 76.65749417282373 74.6 9.974651210478118
      vertex 76.65749417282373 88.6 9.974651210478118
      vertex 76.39861412007025 88.6 9.672219690541638
    endloop
  endfacet
  facet normal -0.8141868867035849 0 0.5806028879707057
    outer loop
      vertex 76.39861412007025 74.6 9.672219690541638
      vertex 76.39861412007025 88.6 9.672219690541638
      vertex 76.16747604038997 88.6 9.348091792812294
    endloop
  endfacet
  facet normal -0.8623145725200249 -7.716400828765604e-19 0.5063729633576488
    outer loop
      vertex 75.96588890264496 88.6 9.004804257558668
      vertex 76.16747604038997 74.6 9.348091792812294
      vertex 76.16747604038997 88.6 9.348091792812294
    endloop
  endfacet
  facet normal 0 1 0
    outer loop
      vertex 79.05319135556516 88.6 11.31108904932811
      vertex 79.44652702063127 88.6 11.372495568132976
      vertex 79.29329999999999 88.6 8.025833024919768
    endloop
  endfacet
  facet normal 0 1 0
    outer loop
      vertex 79.44652702063127 88.6 11.372495568132976
      vertex 79.84375060781065 88.6 11.398898745083592
      vertex 79.65402278585678 88.6 8.16740628583637
    endloop
  endfacet
  facet normal 0 1 0
    outer loop
      vertex 79.84375060781065 88.6 11.398898745083592
      vertex 80.24175330395795 88.6 11.390091939521568
      vertex 80.04044912166233 88.6 8.196364936335533
    endloop
  endfacet
  facet normal 0 1 0
    outer loop
      vertex 80.24175330395795 88.6 11.390091939521568
      vertex 80.63742019834385 88.6 11.346144076641137
      vertex 80.04044912166233 88.6 8.196364936335533
    endloop
  endfacet
  facet normal 0 1 0
    outer loop
      vertex 80.63742019834385 88.6 11.346144076641137
      vertex 81.02765466105475 88.6 11.26739910805605
      vertex 80.41824333167631 88.6 8.110135873237464
    endloop
  endfacet
  facet normal 0 1 0
    outer loop
      vertex 81.02765466105475 88.6 11.26739910805605
      vertex 81.40940257832051 88.6 11.154473319911865
      vertex 81.01741040661078 88.6 7.6323160754827075
    endloop
  endfacet
  facet normal 0 1 0
    outer loop
      vertex 78.66682199749565 88.6 11.21515977793668
      vertex 79.05319135556516 88.6 11.31108904932811
      vertex 78.77204047172684 88.6 7.464048860852824
    endloop
  endfacet
  facet normal 0 1 0
    outer loop
      vertex 79.05319135556516 88.6 11.31108904932811
      vertex 79.29329999999999 88.6 8.025833024919768
      vertex 78.99033256662122 88.6 7.784224559102194
    endloop
  endfacet
  facet normal 0 1 0
    outer loop
      vertex 79.44652702063127 88.6 11.372495568132976
      vertex 79.65402278585678 88.6 8.16740628583637
      vertex 79.29329999999999 88.6 8.025833024919768
    endloop
  endfacet
  facet normal 0 1 0
    outer loop
      vertex 79.84375060781065 88.6 11.398898745083592
      vertex 80.04044912166233 88.6 8.196364936335533
      vertex 79.65402278585678 88.6 8.16740628583637
    endloop
  endfacet
  facet normal 0 1 0
    outer loop
      vertex 80.63742019834385 88.6 11.346144076641137
      vertex 80.41824333167631 88.6 8.110135873237464
      vertex 80.04044912166233 88.6 8.196364936335533
    endloop
  endfacet
  facet normal 0 1 0
    outer loop
      vertex 81.02765466105475 88.6 11.26739910805605
      vertex 80.75383674241634 88.6 7.916380927208438
      vertex 80.41824333167631 88.6 8.110135873237464
    endloop
  endfacet
  facet normal 0 1 0
    outer loop
      vertex 81.02765466105475 88.6 11.26739910805605
      vertex 81.01741040661078 88.6 7.6323160754827075
      vertex 80.75383674241634 88.6 7.916380927208438
    endloop
  endfacet
  facet normal 0.5253252402143807 0 0.8509015172120117
    outer loop
      vertex 82.4743217943835 74.6 10.620743027455088
      vertex 82.4743217943835 85.6 10.620743027455088
      vertex 82.44330000140667 85.6 10.639895103832657
    endloop
  endfacet
  facet normal 0.5253252402142919 -2.354163813624864e-18 0.8509015172120662
    outer loop
      vertex 82.13557779782357 74.6 10.829875068901016
      vertex 82.44330000140667 85.6 10.639895103832657
      vertex 82.44330000140667 88.6 10.639895103832657
    endloop
  endfacet
  facet normal 0.5984723141740602 0 0.8011434885007459
    outer loop
      vertex 82.7932571137162 74.6 10.38249112704948
      vertex 82.7932571137162 85.6 10.38249112704948
      vertex 82.4743217943835 85.6 10.620743027455088
    endloop
  endfacet
  facet normal 0.6669355308366434 0 0.745115425761435
    outer loop
      vertex 83.0898876545194 74.6 10.116984011838731
      vertex 83.0898876545194 85.6 10.116984011838731
      vertex 82.7932571137162 85.6 10.38249112704948
    endloop
  endfacet
  facet normal 0.3673015976647514 0 0.9301018956828984
    outer loop
      vertex 81.40940257832051 74.6 11.154473319911865
      vertex 81.77967625509558 88.6 11.008250509611248
      vertex 81.40940257832051 88.6 11.154473319911865
    endloop
  endfacet
  facet normal 0.4480667839875788 0 0.8940000878562755
    outer loop
      vertex 81.77967625509558 74.6 11.008250509611248
      vertex 82.13557779782357 88.6 10.829875068901016
      vertex 81.77967625509558 88.6 11.008250509611248
    endloop
  endfacet
  facet normal 0.525325240214292 0 0.8509015172120663
    outer loop
      vertex 82.13557779782357 74.6 10.829875068901016
      vertex 82.44330000140667 88.6 10.639895103832657
      vertex 82.13557779782357 88.6 10.829875068901016
    endloop
  endfacet
  facet normal 0.7301790727058407 0 0.6832558245506866
    outer loop
      vertex 83.36189188062477 74.6 9.826299634987214
      vertex 83.36189188062477 85.6 9.826299634987214
      vertex 83.0898876545194 85.6 10.116984011838731
    endloop
  endfacet
  facet normal 0.7877079733177145 0 0.616048820120369
    outer loop
      vertex 83.60714099016607 74.6 9.51271299586824
      vertex 83.60714099016607 85.6 9.51271299586824
      vertex 83.36189188062477 85.6 9.826299634987214
    endloop
  endfacet
  facet normal 0.8390719910244576 0 0.5440203984027183
    outer loop
      vertex 83.8237155763401 74.6 9.178678335109394
      vertex 83.8237155763401 85.6 9.178678335109394
      vertex 83.60714099016607 85.6 9.51271299586824
    endloop
  endfacet
  facet normal 0.8838691327455571 1.5752368116581515e-18 0.46773427945748924
    outer loop
      vertex 83.8237155763401 85.6 9.178678335109394
      vertex 84.0099206493674 74.6 8.826809926832047
      vertex 84.0099206493674 85.6 8.826809926832047
    endloop
  endfacet
  facet normal -0.9036934776371933 -5.289327731893616e-19 0.4281799837404774
    outer loop
      vertex 75.96588890264496 74.6 9.004804257558668
      vertex 75.79543039951002 88.6 8.64504377519056
      vertex 75.79543039951002 74.6 8.64504377519056
    endloop
  endfacet
  facet normal -0.9379997560189831 -2.650565518434493e-19 0.34663591520257736
    outer loop
      vertex 75.79543039951002 74.6 8.64504377519056
      vertex 75.6574345998884 88.6 8.271625959263787
      vertex 75.6574345998884 74.6 8.271625959263787
    endloop
  endfacet
  facet normal -0.9649649145228105 -4.955299528851051e-19 0.2623789506419771
    outer loop
      vertex 75.6574345998884 74.6 8.271625959263787
      vertex 75.55298150801372 88.6 7.88747331048657
      vertex 75.55298150801372 74.6 7.88747331048657
    endloop
  endfacet
  facet normal 0 -1 0
    outer loop
      vertex 75.96588890264496 74.6 9.004804257558668
      vertex 75.79543039951002 74.6 8.64504377519056
      vertex 75.96588890264496 74.6 4.795195742441329
    endloop
  endfacet
  facet normal 0 -1 0
    outer loop
      vertex 75.79543039951002 74.6 8.64504377519056
      vertex 75.6574345998884 74.6 8.271625959263787
      vertex 75.79543039951002 74.6 5.154956224809439
    endloop
  endfacet
  facet normal 0 -1 0
    outer loop
      vertex 75.6574345998884 74.6 8.271625959263787
      vertex 75.55298150801372 74.6 7.88747331048657
      vertex 75.6574345998884 74.6 5.52837404073621
    endloop
  endfacet
  facet normal 0 -1 0
    outer loop
      vertex 75.55298150801372 74.6 7.88747331048657
      vertex 75.48288861095261 74.6 7.495592344188999
      vertex 75.55298150801372 74.6 5.912526689513427
    endloop
  endfacet
  facet normal 0 -1 0
    outer loop
      vertex 75.48288861095261 74.6 7.495592344188999
      vertex 75.44770448066011 74.6 7.099050060264203
      vertex 75.48288861095261 74.6 6.304407655810998
    endloop
  endfacet
  facet normal 0 -1 0
    outer loop
      vertex 75.44770448066011 74.6 7.099050060264203
      vertex 75.44770448066011 74.6 6.700949939735795
      vertex 75.48288861095261 74.6 6.304407655810998
    endloop
  endfacet
  facet normal -0.9843779142227183 -2.877918894576115e-19 0.17606851504607696
    outer loop
      vertex 75.55298150801372 74.6 7.88747331048657
      vertex 75.48288861095261 88.6 7.495592344188999
      vertex 75.48288861095261 74.6 7.495592344188999
    endloop
  endfacet
  facet normal -0.9960868220749468 -8.230434331809726e-20 0.08838010459732033
    outer loop
      vertex 75.48288861095261 74.6 7.495592344188999
      vertex 75.44770448066011 88.6 7.099050060264203
      vertex 75.44770448066011 74.6 7.099050060264203
    endloop
  endfacet
  facet normal -1 0 0
    outer loop
      vertex 75.44770448066011 74.6 7.099050060264203
      vertex 75.44770448066011 88.6 6.700949939735795
      vertex 75.44770448066011 74.6 6.700949939735795
    endloop
  endfacet
  facet normal 0 -1 0
    outer loop
      vertex 75.48288861095261 74.6 7.495592344188999
      vertex 75.48288861095261 74.6 6.304407655810998
      vertex 75.55298150801372 74.6 5.912526689513427
    endloop
  endfacet
  facet normal 0 -1 0
    outer loop
      vertex 75.55298150801372 74.6 7.88747331048657
      vertex 75.55298150801372 74.6 5.912526689513427
      vertex 75.6574345998884 74.6 5.52837404073621
    endloop
  endfacet
  facet normal 0 -1 0
    outer loop
      vertex 75.6574345998884 74.6 8.271625959263787
      vertex 75.6574345998884 74.6 5.52837404073621
      vertex 75.79543039951002 74.6 5.154956224809439
    endloop
  endfacet
  facet normal 0 -1 0
    outer loop
      vertex 75.79543039951002 74.6 8.64504377519056
      vertex 75.79543039951002 74.6 5.154956224809439
      vertex 75.96588890264496 74.6 4.795195742441329
    endloop
  endfacet
  facet normal -0.9960868220749468 8.230434331809726e-20 -0.08838010459732033
    outer loop
      vertex 75.44770448066011 74.6 6.700949939735795
      vertex 75.48288861095261 88.6 6.304407655810998
      vertex 75.48288861095261 74.6 6.304407655810998
    endloop
  endfacet
  facet normal -0.9843779142227183 2.877918894576115e-19 -0.17606851504607696
    outer loop
      vertex 75.48288861095261 74.6 6.304407655810998
      vertex 75.55298150801372 88.6 5.912526689513427
      vertex 75.55298150801372 74.6 5.912526689513427
    endloop
  endfacet
  facet normal -0.9649649145228105 4.955299528851051e-19 -0.2623789506419771
    outer loop
      vertex 75.55298150801372 74.6 5.912526689513427
      vertex 75.6574345998884 88.6 5.52837404073621
      vertex 75.6574345998884 74.6 5.52837404073621
    endloop
  endfacet
  facet normal -0.9379997560189826 -5.729232558651055e-19 -0.3466359152025788
    outer loop
      vertex 75.6574345998884 74.6 5.52837404073621
      vertex 75.79543039951002 88.6 5.154956224809439
      vertex 75.79543039951002 74.6 5.154956224809439
    endloop
  endfacet
  facet normal -0.9036934776371942 -2.6460235270438097e-19 -0.42817998374047567
    outer loop
      vertex 75.79543039951002 74.6 5.154956224809439
      vertex 75.96588890264496 88.6 4.795195742441329
      vertex 75.96588890264496 74.6 4.795195742441329
    endloop
  endfacet
  facet normal -0.9036934776371933 0 0.4281799837404774
    outer loop
      vertex 75.96588890264496 74.6 9.004804257558668
      vertex 75.96588890264496 88.6 9.004804257558668
      vertex 75.79543039951002 88.6 8.64504377519056
    endloop
  endfacet
  facet normal -0.9379997560189831 0 0.34663591520257736
    outer loop
      vertex 75.79543039951002 74.6 8.64504377519056
      vertex 75.79543039951002 88.6 8.64504377519056
      vertex 75.6574345998884 88.6 8.271625959263787
    endloop
  endfacet
  facet normal -0.9649649145228105 0 0.2623789506419771
    outer loop
      vertex 75.6574345998884 74.6 8.271625959263787
      vertex 75.6574345998884 88.6 8.271625959263787
      vertex 75.55298150801372 88.6 7.88747331048657
    endloop
  endfacet
  facet normal -0.9843779142227183 0 0.17606851504607696
    outer loop
      vertex 75.55298150801372 74.6 7.88747331048657
      vertex 75.55298150801372 88.6 7.88747331048657
      vertex 75.48288861095261 88.6 7.495592344188999
    endloop
  endfacet
  facet normal -0.9960868220749468 0 0.08838010459732033
    outer loop
      vertex 75.48288861095261 74.6 7.495592344188999
      vertex 75.48288861095261 88.6 7.495592344188999
      vertex 75.44770448066011 88.6 7.099050060264203
    endloop
  endfacet
  facet normal -1 0 0
    outer loop
      vertex 75.44770448066011 74.6 7.099050060264203
      vertex 75.44770448066011 88.6 7.099050060264203
      vertex 75.44770448066011 88.6 6.700949939735795
    endloop
  endfacet
  facet normal 0 1 0
    outer loop
      vertex 75.96588890264496 88.6 9.004804257558668
      vertex 75.79543039951002 88.6 5.154956224809439
      vertex 75.79543039951002 88.6 8.64504377519056
    endloop
  endfacet
  facet normal 0 1 0
    outer loop
      vertex 75.6574345998884 88.6 8.271625959263787
      vertex 75.55298150801372 88.6 5.912526689513427
      vertex 75.55298150801372 88.6 7.88747331048657
    endloop
  endfacet
  facet normal 0 1 0
    outer loop
      vertex 75.79543039951002 88.6 8.64504377519056
      vertex 75.6574345998884 88.6 5.52837404073621
      vertex 75.6574345998884 88.6 8.271625959263787
    endloop
  endfacet
  facet normal 0 1 0
    outer loop
      vertex 75.48288861095261 88.6 7.495592344188999
      vertex 75.44770448066011 88.6 6.700949939735795
      vertex 75.44770448066011 88.6 7.099050060264203
    endloop
  endfacet
  facet normal 0 1 0
    outer loop
      vertex 75.55298150801372 88.6 7.88747331048657
      vertex 75.48288861095261 88.6 6.304407655810998
      vertex 75.48288861095261 88.6 7.495592344188999
    endloop
  endfacet
  facet normal 0 1 0
    outer loop
      vertex 75.48288861095261 88.6 7.495592344188999
      vertex 75.48288861095261 88.6 6.304407655810998
      vertex 75.44770448066011 88.6 6.700949939735795
    endloop
  endfacet
  facet normal 0 1 0
    outer loop
      vertex 75.55298150801372 88.6 7.88747331048657
      vertex 75.55298150801372 88.6 5.912526689513427
      vertex 75.48288861095261 88.6 6.304407655810998
    endloop
  endfacet
  facet normal -0.9960868220749468 0 -0.08838010459732033
    outer loop
      vertex 75.44770448066011 74.6 6.700949939735795
      vertex 75.44770448066011 88.6 6.700949939735795
      vertex 75.48288861095261 88.6 6.304407655810998
    endloop
  endfacet
  facet normal -0.9843779142227183 0 -0.17606851504607696
    outer loop
      vertex 75.48288861095261 74.6 6.304407655810998
      vertex 75.48288861095261 88.6 6.304407655810998
      vertex 75.55298150801372 88.6 5.912526689513427
    endloop
  endfacet
  facet normal -0.9649649145228105 0 -0.2623789506419771
    outer loop
      vertex 75.55298150801372 74.6 5.912526689513427
      vertex 75.55298150801372 88.6 5.912526689513427
      vertex 75.6574345998884 88.6 5.52837404073621
    endloop
  endfacet
  facet normal -0.9379997560189826 0 -0.3466359152025788
    outer loop
      vertex 75.6574345998884 74.6 5.52837404073621
      vertex 75.6574345998884 88.6 5.52837404073621
      vertex 75.79543039951002 88.6 5.154956224809439
    endloop
  endfacet
  facet normal -0.9036934776371942 0 -0.42817998374047567
    outer loop
      vertex 75.79543039951002 74.6 5.154956224809439
      vertex 75.79543039951002 88.6 5.154956224809439
      vertex 75.96588890264496 88.6 4.795195742441329
    endloop
  endfacet
  facet normal 0 1 0
    outer loop
      vertex 75.6574345998884 88.6 8.271625959263787
      vertex 75.6574345998884 88.6 5.52837404073621
      vertex 75.55298150801372 88.6 5.912526689513427
    endloop
  endfacet
  facet normal 0 1 0
    outer loop
      vertex 75.79543039951002 88.6 8.64504377519056
      vertex 75.79543039951002 88.6 5.154956224809439
      vertex 75.6574345998884 88.6 5.52837404073621
    endloop
  endfacet
  facet normal 0 1 0
    outer loop
      vertex 75.96588890264496 88.6 9.004804257558668
      vertex 75.96588890264496 88.6 4.795195742441329
      vertex 75.79543039951002 88.6 5.154956224809439
    endloop
  endfacet
  facet normal 0 -1 0
    outer loop
      vertex 76.65749417282373 74.6 9.974651210478118
      vertex 76.39861412007025 74.6 9.672219690541638
      vertex 76.65749417282373 74.6 3.825348789521879
    endloop
  endfacet
  facet normal 0 -1 0
    outer loop
      vertex 76.94209011123506 74.6 10.253019415926428
      vertex 76.65749417282373 74.6 9.974651210478118
      vertex 76.94209011123506 74.6 3.5469805840735695
    endloop
  endfacet
  facet normal 0 -1 0
    outer loop
      vertex 77.25017458621673 74.6 10.505145698253365
      vertex 76.94209011123506 74.6 10.253019415926428
      vertex 77.25017458621673 74.6 3.294854301746632
    endloop
  endfacet
  facet normal 0 -1 0
    outer loop
      vertex 78.29044281050858 74.6 11.085458530573032
      vertex 78.65781992590732 74.6 7.093754946029026
      vertex 78.77204047172684 74.6 7.464048860852824
    endloop
  endfacet
  facet normal 0 -1 0
    outer loop
      vertex 77.25017458621673 74.6 10.505145698253365
      vertex 77.57933641903564 74.6 3.070943172545718
      vertex 77.57933641903564 74.6 10.729056827454277
    endloop
  endfacet
  facet normal 0 -1 0
    outer loop
      vertex 77.92699947205588 74.6 10.923000395353238
      vertex 77.57933641903564 74.6 10.729056827454277
      vertex 77.92699947205588 74.6 2.876999604646759
    endloop
  endfacet
  facet normal 0 -1 0
    outer loop
      vertex 77.92699947205588 74.6 10.923000395353238
      vertex 78.29044281050858 74.6 2.7145414694269654
      vertex 78.29044281050858 74.6 11.085458530573032
    endloop
  endfacet
  facet normal 0 -1 0
    outer loop
      vertex 78.29044281050858 74.6 11.085458530573032
      vertex 78.65781992590732 74.6 6.706245053970971
      vertex 78.65781992590732 74.6 7.093754946029026
    endloop
  endfacet
  facet normal 0 -1 0
    outer loop
      vertex 76.39861412007025 74.6 9.672219690541638
      vertex 76.16747604038997 74.6 9.348091792812294
      vertex 76.39861412007025 74.6 4.127780309458359
    endloop
  endfacet
  facet normal 0 -1 0
    outer loop
      vertex 75.96588890264496 74.6 9.004804257558668
      vertex 76.16747604038997 74.6 4.451908207187703
      vertex 76.16747604038997 74.6 9.348091792812294
    endloop
  endfacet
  facet normal 0 -1 0
    outer loop
      vertex 78.29044281050858 74.6 11.085458530573032
      vertex 78.66682199749565 74.6 2.5848402220633204
      vertex 78.65781992590732 74.6 6.706245053970971
    endloop
  endfacet
  facet normal 0 -1 0
    outer loop
      vertex 78.66682199749565 74.6 11.21515977793668
      vertex 78.77204047172684 74.6 7.464048860852824
      vertex 78.99033256662122 74.6 7.784224559102194
    endloop
  endfacet
  facet normal 0 -1 0
    outer loop
      vertex 81.02765466105475 74.6 11.26739910805605
      vertex 81.01741040661078 74.6 7.6323160754827075
      vertex 81.18554464752197 74.6 7.283181726734174
    endloop
  endfacet
  facet normal 0 -1 0
    outer loop
      vertex 81.02765466105475 74.6 11.26739910805605
      vertex 81.18554464752197 74.6 7.283181726734174
      vertex 81.24329999999998 74.6 6.899999999999999
    endloop
  endfacet
  facet normal 0 -1 0
    outer loop
      vertex 81.40940257832051 74.6 11.154473319911865
      vertex 81.24329999999998 74.6 6.899999999999999
      vertex 81.40940257832051 74.6 2.645526680088132
    endloop
  endfacet
  facet normal 0 -1 0
    outer loop
      vertex 75.96588890264496 74.6 9.004804257558668
      vertex 75.96588890264496 74.6 4.795195742441329
      vertex 76.16747604038997 74.6 4.451908207187703
    endloop
  endfacet
  facet normal 0 -1 0
    outer loop
      vertex 76.16747604038997 74.6 9.348091792812294
      vertex 76.16747604038997 74.6 4.451908207187703
      vertex 76.39861412007025 74.6 4.127780309458359
    endloop
  endfacet
  facet normal 0 -1 0
    outer loop
      vertex 76.39861412007025 74.6 9.672219690541638
      vertex 76.39861412007025 74.6 4.127780309458359
      vertex 76.65749417282373 74.6 3.825348789521879
    endloop
  endfacet
  facet normal 0 -1 0
    outer loop
      vertex 76.65749417282373 74.6 9.974651210478118
      vertex 76.65749417282373 74.6 3.825348789521879
      vertex 76.94209011123506 74.6 3.5469805840735695
    endloop
  endfacet
  facet normal 0 -1 0
    outer loop
      vertex 76.94209011123506 74.6 10.253019415926428
      vertex 76.94209011123506 74.6 3.5469805840735695
      vertex 77.25017458621673 74.6 3.294854301746632
    endloop
  endfacet
  facet normal 0 -1 0
    outer loop
      vertex 77.25017458621673 74.6 10.505145698253365
      vertex 77.25017458621673 74.6 3.294854301746632
      vertex 77.57933641903564 74.6 3.070943172545718
    endloop
  endfacet
  facet normal 0 -1 0
    outer loop
      vertex 77.57933641903564 74.6 10.729056827454277
      vertex 77.57933641903564 74.6 3.070943172545718
      vertex 77.92699947205588 74.6 2.876999604646759
    endloop
  endfacet
  facet normal 0 -1 0
    outer loop
      vertex 77.92699947205588 74.6 10.923000395353238
      vertex 77.92699947205588 74.6 2.876999604646759
      vertex 78.29044281050858 74.6 2.7145414694269654
    endloop
  endfacet
  facet normal 0 -1 0
    outer loop
      vertex 78.29044281050858 74.6 11.085458530573032
      vertex 78.29044281050858 74.6 2.7145414694269654
      vertex 78.66682199749565 74.6 2.5848402220633204
    endloop
  endfacet
  facet normal 0 -1 0
    outer loop
      vertex 78.66682199749565 74.6 2.5848402220633204
      vertex 78.77204047172684 74.6 6.3359511391471734
      vertex 78.65781992590732 74.6 6.706245053970971
    endloop
  endfacet
  facet normal -0.8623145725200249 7.716400828765604e-19 -0.5063729633576488
    outer loop
      vertex 75.96588890264496 74.6 4.795195742441329
      vertex 76.16747604038997 88.6 4.451908207187703
      vertex 76.16747604038997 74.6 4.451908207187703
    endloop
  endfacet
  facet normal 0 -1 0
    outer loop
      vertex 79.05319135556516 74.6 2.4889109506718867
      vertex 78.99033256662122 74.6 6.015775440897803
      vertex 78.77204047172684 74.6 6.3359511391471734
    endloop
  endfacet
  facet normal 0 -1 0
    outer loop
      vertex 79.05319135556516 74.6 2.4889109506718867
      vertex 79.29329999999999 74.6 5.774166975080229
      vertex 78.99033256662122 74.6 6.015775440897803
    endloop
  endfacet
  facet normal 0 -1 0
    outer loop
      vertex 79.44652702063127 74.6 2.427504431867021
      vertex 79.65402278585677 74.6 5.632593714163628
      vertex 79.29329999999999 74.6 5.774166975080229
    endloop
  endfacet
  facet normal 0 -1 0
    outer loop
      vertex 79.84375060781065 74.6 2.401101254916405
      vertex 80.04044912166233 74.6 5.6036350636644645
      vertex 79.65402278585677 74.6 5.632593714163628
    endloop
  endfacet
  facet normal 0 -1 0
    outer loop
      vertex 81.40940257832051 74.6 2.645526680088132
      vertex 81.24329999999998 74.6 6.899999999999999
      vertex 81.18554464752197 74.6 6.516818273265823
    endloop
  endfacet
  facet normal 0 -1 0
    outer loop
      vertex 81.40940257832051 74.6 2.645526680088132
      vertex 81.18554464752197 74.6 6.516818273265823
      vertex 81.01741040661078 74.6 6.16768392451729
    endloop
  endfacet
  facet normal 0 -1 0
    outer loop
      vertex 80.63742019834385 74.6 2.4538559233588586
      vertex 80.41824333167631 74.6 5.689864126762533
      vertex 80.04044912166233 74.6 5.6036350636644645
    endloop
  endfacet
  facet normal 0 -1 0
    outer loop
      vertex 81.02765466105475 74.6 2.5326008919439467
      vertex 80.75383674241634 74.6 5.883619072791561
      vertex 80.41824333167631 74.6 5.689864126762533
    endloop
  endfacet
  facet normal 0 -1 0
    outer loop
      vertex 81.02765466105475 74.6 2.5326008919439467
      vertex 81.01741040661078 74.6 6.16768392451729
      vertex 80.75383674241634 74.6 5.883619072791561
    endloop
  endfacet
  facet normal 0 -1 0
    outer loop
      vertex 81.40940257832051 74.6 11.154473319911865
      vertex 81.77967625509558 74.6 2.7917494903887494
      vertex 81.77967625509558 74.6 11.008250509611248
    endloop
  endfacet
  facet normal 0 -1 0
    outer loop
      vertex 81.77967625509558 74.6 11.008250509611248
      vertex 82.13557779782357 74.6 2.970124931098983
      vertex 82.13557779782357 74.6 10.829875068901016
    endloop
  endfacet
  facet normal 0 -1 0
    outer loop
      vertex 82.13557779782357 74.6 10.829875068901016
      vertex 82.4743217943835 74.6 3.179256972544909
      vertex 82.4743217943835 74.6 10.620743027455088
    endloop
  endfacet
  facet normal 0 -1 0
    outer loop
      vertex 82.4743217943835 74.6 10.620743027455088
      vertex 82.7932571137162 74.6 3.417508872950517
      vertex 82.7932571137162 74.6 10.38249112704948
    endloop
  endfacet
  facet normal 0 -1 0
    outer loop
      vertex 82.7932571137162 74.6 10.38249112704948
      vertex 83.0898876545194 74.6 3.683015988161266
      vertex 83.0898876545194 74.6 10.116984011838731
    endloop
  endfacet
  facet normal 0 -1 0
    outer loop
      vertex 83.0898876545194 74.6 10.116984011838731
      vertex 83.36189188062477 74.6 3.973700365012782
      vertex 83.36189188062477 74.6 9.826299634987214
    endloop
  endfacet
  facet normal 0 -1 0
    outer loop
      vertex 83.36189188062477 74.6 9.826299634987214
      vertex 83.60714099016607 74.6 4.2872870041317555
      vertex 83.60714099016607 74.6 9.51271299586824
    endloop
  endfacet
  facet normal 0.9217488001088815 0 0.38778750559789477
    outer loop
      vertex 84.0099206493674 74.6 8.826809926832047
      vertex 84.16429890208533 74.6 8.459861618411784
      vertex 84.0099206493674 85.6 8.826809926832047
    endloop
  endfacet
  facet normal 0 -1 0
    outer loop
      vertex 83.60714099016607 74.6 9.51271299586824
      vertex 83.8237155763401 74.6 4.621321664890601
      vertex 83.8237155763401 74.6 9.178678335109394
    endloop
  endfacet
  facet normal 0 -1 0
    outer loop
      vertex 83.8237155763401 74.6 9.178678335109394
      vertex 84.0099206493674 74.6 4.973190073167949
      vertex 84.0099206493674 74.6 8.826809926832047
    endloop
  endfacet
  facet normal 0 -1 0
    outer loop
      vertex 84.0099206493674 74.6 8.826809926832047
      vertex 84.16429890208533 74.6 5.340138381588211
      vertex 84.16429890208533 74.6 8.459861618411784
    endloop
  endfacet
  facet normal 0.9524145333581286 0 0.30480576872529525
    outer loop
      vertex 84.16429890208533 74.6 8.459861618411784
      vertex 84.28564211535263 74.6 8.080705277888903
      vertex 84.16429890208533 85.6 8.459861618411784
    endloop
  endfacet
  facet normal 0.9756263315525063 0 0.2194385134414627
    outer loop
      vertex 84.28564211535263 74.6 8.080705277888903
      vertex 84.37300061400225 74.6 7.692308317707161
      vertex 84.28564211535263 85.6 8.080705277888903
    endloop
  endfacet
  facet normal 0 -1 0
    outer loop
      vertex 84.16429890208533 74.6 8.459861618411784
      vertex 84.28564211535263 74.6 5.719294722111092
      vertex 84.28564211535263 74.6 8.080705277888903
    endloop
  endfacet
  facet normal 0 -1 0
    outer loop
      vertex 84.28564211535263 74.6 8.080705277888903
      vertex 84.37300061400225 74.6 6.107691682292836
      vertex 84.37300061400225 74.6 7.692308317707161
    endloop
  endfacet
  facet normal 0 -1 0
    outer loop
      vertex 84.37300061400225 74.6 7.692308317707161
      vertex 84.42569069933724 74.6 6.502289529311957
      vertex 84.42569069933724 74.6 7.29771047068804
    endloop
  endfacet
  facet normal 0 -1 0
    outer loop
      vertex 84.42569069933724 74.6 7.29771047068804
      vertex 84.42569069933724 74.6 6.502289529311957
      vertex 84.4433 74.6 6.899999999999999
    endloop
  endfacet
  facet normal 0 -1 0
    outer loop
      vertex 84.37300061400225 74.6 7.692308317707161
      vertex 84.37300061400225 74.6 6.107691682292836
      vertex 84.42569069933724 74.6 6.502289529311957
    endloop
  endfacet
  facet normal 0.9912025308994142 0 0.1323538542642244
    outer loop
      vertex 84.37300061400225 74.6 7.692308317707161
      vertex 84.42569069933724 74.6 7.29771047068804
      vertex 84.37300061400225 85.6 7.692308317707161
    endloop
  endfacet
  facet normal 0.9990212265199729 0 0.0442333467253966
    outer loop
      vertex 84.42569069933724 74.6 7.29771047068804
      vertex 84.4433 74.6 6.899999999999999
      vertex 84.42569069933724 85.6 7.29771047068804
    endloop
  endfacet
  facet normal 0.9990212265199729 0 -0.0442333467253966
    outer loop
      vertex 84.4433 74.6 6.899999999999999
      vertex 84.42569069933724 74.6 6.502289529311957
      vertex 84.4433 85.6 6.899999999999999
    endloop
  endfacet
  facet normal 0 -1 0
    outer loop
      vertex 81.77967625509558 74.6 11.008250509611248
      vertex 81.77967625509558 74.6 2.7917494903887494
      vertex 82.13557779782357 74.6 2.970124931098983
    endloop
  endfacet
  facet normal 0 -1 0
    outer loop
      vertex 82.13557779782357 74.6 10.829875068901016
      vertex 82.13557779782357 74.6 2.970124931098983
      vertex 82.4743217943835 74.6 3.179256972544909
    endloop
  endfacet
  facet normal 0 -1 0
    outer loop
      vertex 82.4743217943835 74.6 10.620743027455088
      vertex 82.4743217943835 74.6 3.179256972544909
      vertex 82.7932571137162 74.6 3.417508872950517
    endloop
  endfacet
  facet normal 0 -1 0
    outer loop
      vertex 83.60714099016607 74.6 9.51271299586824
      vertex 83.60714099016607 74.6 4.2872870041317555
      vertex 83.8237155763401 74.6 4.621321664890601
    endloop
  endfacet
  facet normal 0 -1 0
    outer loop
      vertex 84.0099206493674 74.6 8.826809926832047
      vertex 84.0099206493674 74.6 4.973190073167949
      vertex 84.16429890208533 74.6 5.340138381588211
    endloop
  endfacet
  facet normal 0 -1 0
    outer loop
      vertex 83.8237155763401 74.6 9.178678335109394
      vertex 83.8237155763401 74.6 4.621321664890601
      vertex 84.0099206493674 74.6 4.973190073167949
    endloop
  endfacet
  facet normal 0 -1 0
    outer loop
      vertex 83.36189188062477 74.6 9.826299634987214
      vertex 83.36189188062477 74.6 3.973700365012782
      vertex 83.60714099016607 74.6 4.2872870041317555
    endloop
  endfacet
  facet normal 0 -1 0
    outer loop
      vertex 83.0898876545194 74.6 10.116984011838731
      vertex 83.0898876545194 74.6 3.683015988161266
      vertex 83.36189188062477 74.6 3.973700365012782
    endloop
  endfacet
  facet normal 0 -1 0
    outer loop
      vertex 82.7932571137162 74.6 10.38249112704948
      vertex 82.7932571137162 74.6 3.417508872950517
      vertex 83.0898876545194 74.6 3.683015988161266
    endloop
  endfacet
  facet normal 0 -1 0
    outer loop
      vertex 81.40940257832051 74.6 11.154473319911865
      vertex 81.40940257832051 74.6 2.645526680088132
      vertex 81.77967625509558 74.6 2.7917494903887494
    endloop
  endfacet
  facet normal 0.9217488001088815 -1.0759482044149074e-19 -0.38778750559789477
    outer loop
      vertex 84.0099206493674 74.6 4.973190073167949
      vertex 84.16429890208533 85.6 5.340138381588211
      vertex 84.16429890208533 74.6 5.340138381588211
    endloop
  endfacet
  facet normal 0.8838691327455571 0 -0.46773427945748924
    outer loop
      vertex 84.0099206493674 74.6 4.973190073167949
      vertex 83.8237155763401 74.6 4.621321664890601
      vertex 84.0099206493674 85.6 4.973190073167949
    endloop
  endfacet
  facet normal 0.8390719910244576 0 -0.5440203984027183
    outer loop
      vertex 83.8237155763401 74.6 4.621321664890601
      vertex 83.60714099016607 74.6 4.2872870041317555
      vertex 83.8237155763401 85.6 4.621321664890601
    endloop
  endfacet
  facet normal 0 -1 0
    outer loop
      vertex 84.28564211535263 74.6 8.080705277888903
      vertex 84.28564211535263 74.6 5.719294722111092
      vertex 84.37300061400225 74.6 6.107691682292836
    endloop
  endfacet
  facet normal 0 -1 0
    outer loop
      vertex 84.16429890208533 74.6 8.459861618411784
      vertex 84.16429890208533 74.6 5.340138381588211
      vertex 84.28564211535263 74.6 5.719294722111092
    endloop
  endfacet
  facet normal 0.9912025308994142 0 -0.1323538542642244
    outer loop
      vertex 84.42569069933724 74.6 6.502289529311957
      vertex 84.37300061400225 74.6 6.107691682292836
      vertex 84.42569069933724 85.6 6.502289529311957
    endloop
  endfacet
  facet normal 0.9756263315525067 0 -0.21943851344146176
    outer loop
      vertex 84.37300061400225 74.6 6.107691682292836
      vertex 84.28564211535263 74.6 5.719294722111092
      vertex 84.37300061400225 85.6 6.107691682292836
    endloop
  endfacet
  facet normal 0.9524145333581286 0 -0.30480576872529525
    outer loop
      vertex 84.28564211535263 74.6 5.719294722111092
      vertex 84.16429890208533 74.6 5.340138381588211
      vertex 84.28564211535263 85.6 5.719294722111092
    endloop
  endfacet
  facet normal 0 1 0
    outer loop
      vertex 77.25017458621673 88.6 10.505145698253365
      vertex 76.9798589819263 88.6 4.399999998509884
      vertex 76.94209011123506 88.6 10.253019415926428
    endloop
  endfacet
  facet normal 0 1 0
    outer loop
      vertex 76.94209011123506 88.6 10.253019415926428
      vertex 76.20449218049234 88.6 4.399999998509884
      vertex 76.65749417282373 88.6 9.974651210478118
    endloop
  endfacet
  facet normal 0 1 0
    outer loop
      vertex 76.39861412007025 88.6 9.672219690541638
      vertex 76.16747604038997 88.6 4.451908207187703
      vertex 76.16747604038997 88.6 9.348091792812294
    endloop
  endfacet
  facet normal 0 1 0
    outer loop
      vertex 76.65749417282373 88.6 9.974651210478118
      vertex 76.20449218049234 88.6 4.399999998509884
      vertex 76.39861412007025 88.6 9.672219690541638
    endloop
  endfacet
  facet normal 0 1 0
    outer loop
      vertex 78.66682199749565 88.6 11.21515977793668
      vertex 78.77204047172684 88.6 7.464048860852824
      vertex 78.65781992590732 88.6 7.093754946029026
    endloop
  endfacet
  facet normal 0 1 0
    outer loop
      vertex 78.66682199749565 88.6 11.21515977793668
      vertex 78.2923759484456 88.6 2.7582018744346968
      vertex 78.29044281050858 88.6 11.085458530573032
    endloop
  endfacet
  facet normal 0 1 0
    outer loop
      vertex 77.25017458621673 88.6 10.505145698253365
      vertex 77.57933641903564 88.6 10.729056827454277
      vertex 77.25022060481173 88.6 3.2958936432530272
    endloop
  endfacet
  facet normal 0 1 0
    outer loop
      vertex 77.92699947205588 88.6 10.923000395353238
      vertex 77.58801063906972 88.6 3.266852606922299
      vertex 77.57933641903564 88.6 10.729056827454277
    endloop
  endfacet
  facet normal 0 1 0
    outer loop
      vertex 77.92699947205588 88.6 10.923000395353238
      vertex 78.29044281050858 88.6 11.085458530573032
      vertex 77.9319311360053 88.6 2.988382471471713
    endloop
  endfacet
  facet normal 0 1 0
    outer loop
      vertex 75.96588890264496 88.6 9.004804257558668
      vertex 76.16747604038997 88.6 9.348091792812294
      vertex 75.96588890264496 88.6 4.795195742441329
    endloop
  endfacet
  facet normal 0 1 0
    outer loop
      vertex 78.66682199749565 88.6 11.21515977793668
      vertex 78.65781992590732 88.6 7.093754946029026
      vertex 78.6295029923811 88.6 2.5977004483486077
    endloop
  endfacet
  facet normal 0 1 0
    outer loop
      vertex 79.05319135556516 88.6 11.31108904932811
      vertex 78.99033256662122 88.6 7.784224559102194
      vertex 78.77204047172684 88.6 7.464048860852824
    endloop
  endfacet
  facet normal 0 1 0
    outer loop
      vertex 81.40940257832051 88.6 11.154473319911865
      vertex 81.18554464752197 88.6 7.283181726734174
      vertex 81.01741040661078 88.6 7.6323160754827075
    endloop
  endfacet
  facet normal 0 1 0
    outer loop
      vertex 81.40940257832051 88.6 11.154473319911865
      vertex 81.24329999999998 88.6 6.899999999999999
      vertex 81.18554464752197 88.6 7.283181726734174
    endloop
  endfacet
  facet normal 0 1 0
    outer loop
      vertex 81.40940257832051 88.6 11.154473319911865
      vertex 81.13542517866463 88.6 2.5644807532067624
      vertex 81.24329999999998 88.6 6.899999999999999
    endloop
  endfacet
  facet normal -0.8623145725200249 0 -0.5063729633576488
    outer loop
      vertex 75.96588890264496 74.6 4.795195742441329
      vertex 75.96588890264496 88.6 4.795195742441329
      vertex 76.16747604038997 88.6 4.451908207187703
    endloop
  endfacet
  facet normal 0 1 0
    outer loop
      vertex 76.16747604038997 88.6 9.348091792812294
      vertex 76.16747604038997 88.6 4.451908207187703
      vertex 75.96588890264496 88.6 4.795195742441329
    endloop
  endfacet
  facet normal 0 1 0
    outer loop
      vertex 76.39861412007025 88.6 9.672219690541638
      vertex 76.20449218049234 88.6 4.399999998509884
      vertex 76.16747604038997 88.6 4.451908207187703
    endloop
  endfacet
  facet normal 0 1 0
    outer loop
      vertex 76.94209011123506 88.6 10.253019415926428
      vertex 76.9798589819263 88.6 4.399999998509884
      vertex 76.20449218049234 88.6 4.399999998509884
    endloop
  endfacet
  facet normal 0 1 0
    outer loop
      vertex 77.25017458621673 88.6 10.505145698253365
      vertex 77.24887952544401 88.6 3.2959141372285536
      vertex 76.9798589819263 88.6 4.399999998509884
    endloop
  endfacet
  facet normal 0 1 0
    outer loop
      vertex 77.25017458621673 88.6 10.505145698253365
      vertex 77.25022060481173 88.6 3.2958936432530272
      vertex 77.24887952544401 88.6 3.2959141372285536
    endloop
  endfacet
  facet normal 0 1 0
    outer loop
      vertex 77.57933641903564 88.6 10.729056827454277
      vertex 77.28628866292223 88.6 3.270287833557031
      vertex 77.25022060481173 88.6 3.2958936432530272
    endloop
  endfacet
  facet normal 0 1 0
    outer loop
      vertex 77.57933641903564 88.6 10.729056827454277
      vertex 77.58801063906972 88.6 3.266852606922299
      vertex 77.28628866292223 88.6 3.270287833557031
    endloop
  endfacet
  facet normal 0 1 0
    outer loop
      vertex 77.92699947205588 88.6 10.923000395353238
      vertex 77.67662386385285 88.6 3.0166714459538113
      vertex 77.58801063906972 88.6 3.266852606922299
    endloop
  endfacet
  facet normal 0 1 0
    outer loop
      vertex 77.92699947205588 88.6 10.923000395353238
      vertex 77.72351217983943 88.6 2.9905148347861505
      vertex 77.67662386385285 88.6 3.0166714459538113
    endloop
  endfacet
  facet normal 0 1 0
    outer loop
      vertex 77.92699947205588 88.6 10.923000395353238
      vertex 77.9319311360053 88.6 2.988382471471713
      vertex 77.72351217983943 88.6 2.9905148347861505
    endloop
  endfacet
  facet normal 0 1 0
    outer loop
      vertex 78.29044281050858 88.6 11.085458530573032
      vertex 78.14414670516001 88.6 2.779935411068685
      vertex 77.9319311360053 88.6 2.988382471471713
    endloop
  endfacet
  facet normal 0 1 0
    outer loop
      vertex 78.29044281050858 88.6 11.085458530573032
      vertex 78.2923759484456 88.6 2.7582018744346968
      vertex 78.19076002865557 88.6 2.759099388475107
    endloop
  endfacet
  facet normal 0 1 0
    outer loop
      vertex 78.29044281050858 88.6 11.085458530573032
      vertex 78.19076002865557 88.6 2.759099388475107
      vertex 78.14414670516001 88.6 2.779935411068685
    endloop
  endfacet
  facet normal 0 1 0
    outer loop
      vertex 78.66682199749565 88.6 11.21515977793668
      vertex 78.6295029923811 88.6 2.5977004483486077
      vertex 78.2923759484456 88.6 2.7582018744346968
    endloop
  endfacet
  facet normal 0 1 0
    outer loop
      vertex 78.6295029923811 88.6 2.5977004483486077
      vertex 78.65781992590732 88.6 7.093754946029026
      vertex 78.65781992590732 88.6 6.706245053970971
    endloop
  endfacet
  facet normal 0 1 0
    outer loop
      vertex 78.6295029923811 88.6 2.5977004483486077
      vertex 78.65781992590732 88.6 6.706245053970971
      vertex 78.77204047172684 88.6 6.3359511391471734
    endloop
  endfacet
  facet normal 0 1 0
    outer loop
      vertex 78.66737310650262 88.6 2.5972871571667717
      vertex 78.77204047172684 88.6 6.3359511391471734
      vertex 78.99033256662122 88.6 6.015775440897803
    endloop
  endfacet
  facet normal 0 1 0
    outer loop
      vertex 78.67741485842838 88.6 2.582210185778081
      vertex 78.99033256662122 88.6 6.015775440897803
      vertex 79.29329999999999 88.6 5.774166975080229
    endloop
  endfacet
  facet normal 0 1 0
    outer loop
      vertex 79.142416506866 88.6 2.4749813571520605
      vertex 79.29329999999999 88.6 5.774166975080229
      vertex 79.65402278585677 88.6 5.632593714163628
    endloop
  endfacet
  facet normal 0 1 0
    outer loop
      vertex 79.44810617089351 88.6 2.463169936483439
      vertex 79.65402278585677 88.6 5.632593714163628
      vertex 80.04044912166233 88.6 5.6036350636644645
    endloop
  endfacet
  facet normal 0 1 0
    outer loop
      vertex 81.40940257832051 88.6 11.154473319911865
      vertex 81.1545680016805 88.6 2.570143438655986
      vertex 81.13542517866463 88.6 2.5644807532067624
    endloop
  endfacet
  facet normal 0 1 0
    outer loop
      vertex 81.40940257832051 88.6 11.154473319911865
      vertex 81.40940257832051 88.6 2.7306709996423386
      vertex 81.1545680016805 88.6 2.570143438655986
    endloop
  endfacet
  facet normal 0 1 0
    outer loop
      vertex 81.02765466105475 88.6 2.5652580933625018
      vertex 81.18554464752197 88.6 6.516818273265823
      vertex 81.24329999999998 88.6 6.899999999999999
    endloop
  endfacet
  facet normal 0 1 0
    outer loop
      vertex 81.02765466105475 88.6 2.5652580933625018
      vertex 81.01741040661078 88.6 6.16768392451729
      vertex 81.18554464752197 88.6 6.516818273265823
    endloop
  endfacet
  facet normal 0 1 0
    outer loop
      vertex 80.15720321340262 88.6 2.40803717815783
      vertex 80.04044912166233 88.6 5.6036350636644645
      vertex 80.41824333167631 88.6 5.689864126762533
    endloop
  endfacet
  facet normal 0 1 0
    outer loop
      vertex 80.63742019834385 88.6 2.4567458166124716
      vertex 80.41824333167631 88.6 5.689864126762533
      vertex 80.75383674241634 88.6 5.883619072791561
    endloop
  endfacet
  facet normal 0 1 0
    outer loop
      vertex 80.63742019834385 88.6 2.4567458166124716
      vertex 80.75383674241634 88.6 5.883619072791561
      vertex 81.01741040661078 88.6 6.16768392451729
    endloop
  endfacet
  facet normal 0.9217488001088815 0 0.38778750559789477
    outer loop
      vertex 84.16429890208533 74.6 8.459861618411784
      vertex 84.16429890208533 85.6 8.459861618411784
      vertex 84.0099206493674 85.6 8.826809926832047
    endloop
  endfacet
  facet normal 0.9524145333581286 0 0.30480576872529525
    outer loop
      vertex 84.28564211535263 74.6 8.080705277888903
      vertex 84.28564211535263 85.6 8.080705277888903
      vertex 84.16429890208533 85.6 8.459861618411784
    endloop
  endfacet
  facet normal 0.9756263315525063 0 0.2194385134414627
    outer loop
      vertex 84.37300061400225 74.6 7.692308317707161
      vertex 84.37300061400225 85.6 7.692308317707161
      vertex 84.28564211535263 85.6 8.080705277888903
    endloop
  endfacet
  facet normal 0.9912025308994142 0 0.1323538542642244
    outer loop
      vertex 84.42569069933724 74.6 7.29771047068804
      vertex 84.42569069933724 85.6 7.29771047068804
      vertex 84.37300061400225 85.6 7.692308317707161
    endloop
  endfacet
  facet normal 0.9990212265199729 0 0.0442333467253966
    outer loop
      vertex 84.4433 74.6 6.899999999999999
      vertex 84.4433 85.6 6.899999999999999
      vertex 84.42569069933724 85.6 7.29771047068804
    endloop
  endfacet
  facet normal 0 1 0
    outer loop
      vertex 81.40940257832051 88.6 11.154473319911865
      vertex 81.77967625509558 88.6 11.008250509611248
      vertex 81.40940257832051 88.6 2.7306709996423386
    endloop
  endfacet
  facet normal 0 1 0
    outer loop
      vertex 81.77967625509558 88.6 11.008250509611248
      vertex 82.13557779782357 88.6 10.829875068901016
      vertex 81.77967625509558 88.6 2.9490156562539624
    endloop
  endfacet
  facet normal 0 1 0
    outer loop
      vertex 82.13557779782357 88.6 10.829875068901016
      vertex 82.44330000140667 88.6 10.639895103832657
      vertex 82.13557779782357 88.6 3.215076716990623
    endloop
  endfacet
  facet normal 0 1 0
    outer loop
      vertex 82.44330000140667 88.6 10.639895103832657
      vertex 82.44330000140667 88.6 9.920108054908747
      vertex 82.13557779782357 88.6 3.215076716990623
    endloop
  endfacet
  facet normal 0.9217488001088815 0 -0.38778750559789477
    outer loop
      vertex 84.0099206493674 74.6 4.973190073167949
      vertex 84.0099206493674 85.6 4.973190073167949
      vertex 84.16429890208533 85.6 5.340138381588211
    endloop
  endfacet
  facet normal 0.8838691327455571 0 -0.46773427945748924
    outer loop
      vertex 83.8237155763401 74.6 4.621321664890601
      vertex 83.8237155763401 85.6 4.621321664890601
      vertex 84.0099206493674 85.6 4.973190073167949
    endloop
  endfacet
  facet normal 0.9990212265199729 0 -0.0442333467253966
    outer loop
      vertex 84.42569069933724 74.6 6.502289529311957
      vertex 84.42569069933724 85.6 6.502289529311957
      vertex 84.4433 85.6 6.899999999999999
    endloop
  endfacet
  facet normal 0.9912025308994142 0 -0.1323538542642244
    outer loop
      vertex 84.37300061400225 74.6 6.107691682292836
      vertex 84.37300061400225 85.6 6.107691682292836
      vertex 84.42569069933724 85.6 6.502289529311957
    endloop
  endfacet
  facet normal 0.9756263315525067 0 -0.21943851344146176
    outer loop
      vertex 84.28564211535263 74.6 5.719294722111092
      vertex 84.28564211535263 85.6 5.719294722111092
      vertex 84.37300061400225 85.6 6.107691682292836
    endloop
  endfacet
  facet normal 0.9524145333581286 0 -0.30480576872529525
    outer loop
      vertex 84.16429890208533 74.6 5.340138381588211
      vertex 84.16429890208533 85.6 5.340138381588211
      vertex 84.28564211535263 85.6 5.719294722111092
    endloop
  endfacet
  facet normal 0 1 0
    outer loop
      vertex 82.44330000140667 88.6 9.920108054908747
      vertex 82.4743217943835 88.6 5.474633432545607
      vertex 82.13557779782357 88.6 3.215076716990623
    endloop
  endfacet
  facet normal 0 1 0
    outer loop
      vertex 82.79499513009372 88.6 10.380935468912126
      vertex 82.51646666336296 88.6 3.2107401433260847
      vertex 82.4743217943835 88.6 5.474633432545607
    endloop
  endfacet
  facet normal 0 1 0
    outer loop
      vertex 81.77967625509558 88.6 11.008250509611248
      vertex 81.77967625509558 88.6 2.9490156562539624
      vertex 81.63514051263674 88.6 2.7346716483036992
    endloop
  endfacet
  facet normal 0 1 0
    outer loop
      vertex 82.13557779782357 88.6 10.829875068901016
      vertex 82.08718246330372 88.6 2.9458695174890046
      vertex 81.77967625509558 88.6 2.9490156562539624
    endloop
  endfacet
  facet normal 0 1 0
    outer loop
      vertex 82.13557779782357 88.6 10.829875068901016
      vertex 82.13557779782357 88.6 3.215076716990623
      vertex 82.08718246330372 88.6 2.9458695174890046
    endloop
  endfacet
  facet normal 0 1 0
    outer loop
      vertex 82.79499513009372 88.6 10.380935468912126
      vertex 82.7932571137162 88.6 3.7900109747507464
      vertex 82.51646666336296 88.6 3.2107401433260847
    endloop
  endfacet
  facet normal 0 1 0
    outer loop
      vertex 82.79499513009372 88.6 10.380935468912126
      vertex 82.85961009502778 88.6 4.916107592705906
      vertex 82.7932571137162 88.6 3.7900109747507464
    endloop
  endfacet
  facet normal 0 1 0
    outer loop
      vertex 81.77967625509558 88.6 11.008250509611248
      vertex 81.62029307877086 88.6 2.7288083270853747
      vertex 81.40940257832051 88.6 2.7306709996423386
    endloop
  endfacet
  facet normal 0 1 0
    outer loop
      vertex 81.77967625509558 88.6 11.008250509611248
      vertex 81.63514051263674 88.6 2.7346716483036992
      vertex 81.62029307877086 88.6 2.7288083270853747
    endloop
  endfacet
  facet normal 0 1 0
    outer loop
      vertex 82.85961009502778 88.6 4.916107592705906
      vertex 83.8237155763401 88.6 4.721826620536316
      vertex 83.60714099016607 88.6 4.370403077125211
    endloop
  endfacet
  facet normal 0 1 0
    outer loop
      vertex 83.72284722421873 88.6 4.465746967150704
      vertex 83.60714099016607 88.6 4.370403077125211
      vertex 83.8237155763401 88.6 4.721826620536316
    endloop
  endfacet
  facet normal -0.814186886703585 -2.513541103965628e-19 -0.5806028879707057
    outer loop
      vertex 76.16747604038997 74.6 4.451908207187703
      vertex 76.39861412007025 85.6 4.127780309458359
      vertex 76.39861412007025 74.6 4.127780309458359
    endloop
  endfacet
  facet normal -0.7596870845832772 1.2922653346887324e-18 -0.6502888077749461
    outer loop
      vertex 76.39861412007025 74.6 4.127780309458359
      vertex 76.65749417282373 85.6 3.825348789521879
      vertex 76.65749417282373 74.6 3.825348789521879
    endloop
  endfacet
  facet normal -0.6992417010043128 4.8598085507355e-19 -0.7148853359641637
    outer loop
      vertex 76.65749417282373 74.6 3.825348789521879
      vertex 76.94209011123506 85.6 3.5469805840735695
      vertex 76.94209011123506 74.6 3.5469805840735695
    endloop
  endfacet
  facet normal -0.6333238030480468 6.960341758111356e-19 -0.7738869171221068
    outer loop
      vertex 76.94209011123506 74.6 3.5469805840735695
      vertex 77.25017458621673 85.6 3.294854301746632
      vertex 77.25017458621673 74.6 3.294854301746632
    endloop
  endfacet
  facet normal -0.5624492876407848 -7.144440905152186e-19 -0.8268317838789057
    outer loop
      vertex 77.25017458621673 74.6 3.294854301746632
      vertex 77.57933641903564 85.6 3.070943172545718
      vertex 77.57933641903564 74.6 3.070943172545718
    endloop
  endfacet
  facet normal -0.4871728439607924 1.313267421716244e-20 -0.873305570866895
    outer loop
      vertex 77.57933641903564 74.6 3.070943172545718
      vertex 77.92699947205588 85.6 2.876999604646759
      vertex 77.92699947205588 74.6 2.876999604646759
    endloop
  endfacet
  facet normal -0.4080836122434682 -6.355799514181197e-19 -0.9129445576913874
    outer loop
      vertex 77.92699947205588 74.6 2.876999604646759
      vertex 78.29044281050858 85.6 2.7145414694269654
      vertex 78.29044281050858 74.6 2.7145414694269654
    endloop
  endfacet
  facet normal -0.32580057296011494 -6.334427623863457e-19 -0.9454385155359711
    outer loop
      vertex 78.29044281050858 74.6 2.7145414694269654
      vertex 78.66682199749565 85.6 2.5848402220633204
      vertex 78.66682199749565 74.6 2.5848402220633204
    endloop
  endfacet
  facet normal 0 -1 0
    outer loop
      vertex 78.66682199749565 74.6 2.5848402220633204
      vertex 79.05319135556516 74.6 2.4889109506718867
      vertex 78.77204047172684 74.6 6.3359511391471734
    endloop
  endfacet
  facet normal 0 -1 0
    outer loop
      vertex 79.05319135556516 74.6 2.4889109506718867
      vertex 79.44652702063127 74.6 2.427504431867021
      vertex 79.29329999999999 74.6 5.774166975080229
    endloop
  endfacet
  facet normal 0 -1 0
    outer loop
      vertex 79.44652702063127 74.6 2.427504431867021
      vertex 79.84375060781065 74.6 2.401101254916405
      vertex 79.65402278585677 74.6 5.632593714163628
    endloop
  endfacet
  facet normal 0 -1 0
    outer loop
      vertex 79.84375060781065 74.6 2.401101254916405
      vertex 80.24175330395795 74.6 2.409908060478429
      vertex 80.04044912166233 74.6 5.6036350636644645
    endloop
  endfacet
  facet normal 0 -1 0
    outer loop
      vertex 80.24175330395795 74.6 2.409908060478429
      vertex 80.63742019834385 74.6 2.4538559233588586
      vertex 80.04044912166233 74.6 5.6036350636644645
    endloop
  endfacet
  facet normal 0 -1 0
    outer loop
      vertex 80.63742019834385 74.6 2.4538559233588586
      vertex 81.02765466105475 74.6 2.5326008919439467
      vertex 80.41824333167631 74.6 5.689864126762533
    endloop
  endfacet
  facet normal 0 -1 0
    outer loop
      vertex 81.02765466105475 74.6 2.5326008919439467
      vertex 81.40940257832051 74.6 2.645526680088132
      vertex 81.01741040661078 74.6 6.16768392451729
    endloop
  endfacet
  facet normal -0.2409677024566133 7.630143841650182e-19 -0.9705331351235676
    outer loop
      vertex 78.66682199749565 74.6 2.5848402220633204
      vertex 79.05319135556516 85.6 2.4889109506718867
      vertex 79.05319135556516 74.6 2.4889109506718867
    endloop
  endfacet
  facet normal -0.15424893296530642 -1.1576346361103474e-19 -0.9880320170313633
    outer loop
      vertex 79.05319135556516 74.6 2.4889109506718867
      vertex 79.44652702063127 85.6 2.427504431867021
      vertex 79.44652702063127 74.6 2.427504431867021
    endloop
  endfacet
  facet normal -0.06632295643510422 -4.194000561973928e-20 -0.997798208782571
    outer loop
      vertex 79.44652702063127 74.6 2.427504431867021
      vertex 79.84375060781065 85.6 2.401101254916405
      vertex 79.84375060781065 74.6 2.401101254916405
    endloop
  endfacet
  facet normal 0.022122087153188252 9.497186717033127e-21 -0.9997552766852429
    outer loop
      vertex 79.84375060781065 74.6 2.401101254916405
      vertex 80.24175330395795 85.6 2.409908060478429
      vertex 80.24175330395795 74.6 2.409908060478429
    endloop
  endfacet
  facet normal 0.11039399541526332 -2.690779305733591e-19 -0.9938879040295514
    outer loop
      vertex 80.24175330395795 74.6 2.409908060478429
      vertex 80.63742019834385 85.6 2.4538559233588586
      vertex 80.63742019834385 74.6 2.4538559233588586
    endloop
  endfacet
  facet normal 0.19780192098552227 -1.218686173142399e-19 -0.9802420109618017
    outer loop
      vertex 80.63742019834385 74.6 2.4538559233588586
      vertex 81.02765466105475 85.6 2.5326008919439467
      vertex 81.02765466105475 74.6 2.5326008919439467
    endloop
  endfacet
  facet normal 0.2836617783342993 4.533937162781507e-19 -0.9589243950970393
    outer loop
      vertex 81.02765466105475 74.6 2.5326008919439467
      vertex 81.40940257832051 85.6 2.645526680088132
      vertex 81.40940257832051 74.6 2.645526680088132
    endloop
  endfacet
  facet normal 0.5984723141740602 0 -0.8011434885007459
    outer loop
      vertex 82.7932571137162 74.6 3.417508872950517
      vertex 82.4743217943835 74.6 3.179256972544909
      vertex 82.7932571137162 85.6 3.417508872950517
    endloop
  endfacet
  facet normal 0.7877079733177145 -6.616675169539526e-20 -0.616048820120369
    outer loop
      vertex 83.36189188062477 74.6 3.973700365012782
      vertex 83.60714099016607 85.6 4.2872870041317555
      vertex 83.60714099016607 74.6 4.2872870041317555
    endloop
  endfacet
  facet normal 0.7301790727058386 0 -0.6832558245506888
    outer loop
      vertex 83.36189188062477 74.6 3.973700365012782
      vertex 83.0898876545194 74.6 3.683015988161266
      vertex 83.36189188062477 85.6 3.973700365012782
    endloop
  endfacet
  facet normal 0.6669355308366434 0 -0.745115425761435
    outer loop
      vertex 83.0898876545194 74.6 3.683015988161266
      vertex 82.7932571137162 74.6 3.417508872950517
      vertex 83.0898876545194 85.6 3.683015988161266
    endloop
  endfacet
  facet normal 0.4480667839875824 -6.940666513581761e-19 -0.8940000878562737
    outer loop
      vertex 81.77967625509558 74.6 2.7917494903887494
      vertex 82.13557779782357 85.6 2.970124931098983
      vertex 82.13557779782357 74.6 2.970124931098983
    endloop
  endfacet
  facet normal 0.5253252402142969 0 -0.8509015172120633
    outer loop
      vertex 82.4743217943835 74.6 3.179256972544909
      vertex 82.13557779782357 74.6 2.970124931098983
      vertex 82.4743217943835 85.6 3.179256972544909
    endloop
  endfacet
  facet normal 0.3673015976647514 -5.240502934913456e-19 -0.9301018956828982
    outer loop
      vertex 81.40940257832051 74.6 2.645526680088132
      vertex 81.77967625509558 85.6 2.7917494903887494
      vertex 81.77967625509558 74.6 2.7917494903887494
    endloop
  endfacet
  facet normal -0.8141868867035879 1.8575317439890197e-16 -0.5806028879707015
    outer loop
      vertex 76.16747604038997 74.6 4.451908207187703
      vertex 76.20449218049234 85.6 4.399999998509884
      vertex 76.39861412007025 85.6 4.127780309458359
    endloop
  endfacet
  facet normal -0.8141868867035692 0 -0.5806028879707276
    outer loop
      vertex 76.16747604038997 74.6 4.451908207187703
      vertex 76.16747604038997 88.6 4.451908207187703
      vertex 76.20449218049234 85.6 4.399999998509884
    endloop
  endfacet
  facet normal -0.7596870845832772 0 -0.6502888077749461
    outer loop
      vertex 76.39861412007025 74.6 4.127780309458359
      vertex 76.39861412007025 85.6 4.127780309458359
      vertex 76.65749417282373 85.6 3.825348789521879
    endloop
  endfacet
  facet normal -0.6992417010043128 0 -0.7148853359641637
    outer loop
      vertex 76.65749417282373 74.6 3.825348789521879
      vertex 76.65749417282373 85.6 3.825348789521879
      vertex 76.94209011123506 85.6 3.5469805840735695
    endloop
  endfacet
  facet normal -0.6333238030480468 0 -0.7738869171221068
    outer loop
      vertex 76.94209011123506 74.6 3.5469805840735695
      vertex 76.94209011123506 85.6 3.5469805840735695
      vertex 77.25017458621673 85.6 3.294854301746632
    endloop
  endfacet
  facet normal -0.5624492876407848 0 -0.8268317838789057
    outer loop
      vertex 77.25017458621673 74.6 3.294854301746632
      vertex 77.25017458621673 85.6 3.294854301746632
      vertex 77.57933641903564 85.6 3.070943172545718
    endloop
  endfacet
  facet normal -0.4871728439607924 0 -0.873305570866895
    outer loop
      vertex 77.57933641903564 74.6 3.070943172545718
      vertex 77.57933641903564 85.6 3.070943172545718
      vertex 77.92699947205588 85.6 2.876999604646759
    endloop
  endfacet
  facet normal -0.4080836122434682 0 -0.9129445576913874
    outer loop
      vertex 77.92699947205588 74.6 2.876999604646759
      vertex 77.92699947205588 85.6 2.876999604646759
      vertex 78.29044281050858 85.6 2.7145414694269654
    endloop
  endfacet
  facet normal -0.32580057296011494 0 -0.9454385155359711
    outer loop
      vertex 78.29044281050858 74.6 2.7145414694269654
      vertex 78.29044281050858 85.6 2.7145414694269654
      vertex 78.66682199749565 85.6 2.5848402220633204
    endloop
  endfacet
  facet normal -0.2409677024566133 0 -0.9705331351235676
    outer loop
      vertex 78.66682199749565 74.6 2.5848402220633204
      vertex 78.66682199749565 85.6 2.5848402220633204
      vertex 79.05319135556516 85.6 2.4889109506718867
    endloop
  endfacet
  facet normal -0.15424893296530642 0 -0.9880320170313633
    outer loop
      vertex 79.05319135556516 74.6 2.4889109506718867
      vertex 79.05319135556516 85.6 2.4889109506718867
      vertex 79.44652702063127 85.6 2.427504431867021
    endloop
  endfacet
  facet normal -0.06632295643510422 0 -0.997798208782571
    outer loop
      vertex 79.44652702063127 74.6 2.427504431867021
      vertex 79.44652702063127 85.6 2.427504431867021
      vertex 79.84375060781065 85.6 2.401101254916405
    endloop
  endfacet
  facet normal 0.022122087153188252 0 -0.9997552766852429
    outer loop
      vertex 79.84375060781065 74.6 2.401101254916405
      vertex 79.84375060781065 85.6 2.401101254916405
      vertex 80.24175330395795 85.6 2.409908060478429
    endloop
  endfacet
  facet normal 0.11039399541526332 0 -0.9938879040295514
    outer loop
      vertex 80.24175330395795 74.6 2.409908060478429
      vertex 80.24175330395795 85.6 2.409908060478429
      vertex 80.63742019834385 85.6 2.4538559233588586
    endloop
  endfacet
  facet normal 0.2836617783342993 0 -0.9589243950970393
    outer loop
      vertex 81.02765466105475 74.6 2.5326008919439467
      vertex 81.02765466105475 85.6 2.5326008919439467
      vertex 81.40940257832051 85.6 2.645526680088132
    endloop
  endfacet
  facet normal 0.19780192098552227 0 -0.9802420109618017
    outer loop
      vertex 80.63742019834385 74.6 2.4538559233588586
      vertex 80.63742019834385 85.6 2.4538559233588586
      vertex 81.02765466105475 85.6 2.5326008919439467
    endloop
  endfacet
  facet normal -0.8141868867035692 -6.661652620314705e-21 -0.5806028879707276
    outer loop
      vertex 76.16747604038997 88.6 4.451908207187703
      vertex 76.20449218049234 88.6 4.399999998509884
      vertex 76.20449218049234 85.6 4.399999998509884
    endloop
  endfacet
  facet normal 0 1 0
    outer loop
      vertex 78.66737310650262 88.6 2.5972871571667717
      vertex 78.6295029923811 88.6 2.5977004483486077
      vertex 78.77204047172684 88.6 6.3359511391471734
    endloop
  endfacet
  facet normal 0 1 0
    outer loop
      vertex 78.66737310650262 88.6 2.5972871571667717
      vertex 78.99033256662122 88.6 6.015775440897803
      vertex 78.67741485842838 88.6 2.582210185778081
    endloop
  endfacet
  facet normal 0 1 0
    outer loop
      vertex 78.67741485842838 88.6 2.582210185778081
      vertex 79.29329999999999 88.6 5.774166975080229
      vertex 79.05720104616682 88.6 2.5794708182694954
    endloop
  endfacet
  facet normal 0 1 0
    outer loop
      vertex 79.05720104616682 88.6 2.5794708182694954
      vertex 79.29329999999999 88.6 5.774166975080229
      vertex 79.142416506866 88.6 2.4749813571520605
    endloop
  endfacet
  facet normal 0 1 0
    outer loop
      vertex 79.142416506866 88.6 2.4749813571520605
      vertex 79.65402278585677 88.6 5.632593714163628
      vertex 79.20982965816131 88.6 2.46445699511127
    endloop
  endfacet
  facet normal 0 1 0
    outer loop
      vertex 79.20982965816131 88.6 2.46445699511127
      vertex 79.65402278585677 88.6 5.632593714163628
      vertex 79.44810617089351 88.6 2.463169936483439
    endloop
  endfacet
  facet normal 0 1 0
    outer loop
      vertex 79.44810617089351 88.6 2.463169936483439
      vertex 80.04044912166233 88.6 5.6036350636644645
      vertex 79.62171314624439 88.6 2.4158599313309352
    endloop
  endfacet
  facet normal 0 1 0
    outer loop
      vertex 79.62171314624439 88.6 2.4158599313309352
      vertex 80.04044912166233 88.6 5.6036350636644645
      vertex 79.81263221730524 88.6 2.4031696727985548
    endloop
  endfacet
  facet normal 0 1 0
    outer loop
      vertex 79.81263221730524 88.6 2.4031696727985548
      vertex 80.04044912166233 88.6 5.6036350636644645
      vertex 79.92901785715742 88.6 2.402988006169789
    endloop
  endfacet
  facet normal 0 1 0
    outer loop
      vertex 79.92901785715742 88.6 2.402988006169789
      vertex 80.04044912166233 88.6 5.6036350636644645
      vertex 80.15720321340262 88.6 2.40803717815783
    endloop
  endfacet
  facet normal 0 1 0
    outer loop
      vertex 81.02765466105475 88.6 2.5652580933625018
      vertex 81.24329999999998 88.6 6.899999999999999
      vertex 81.13542517866463 88.6 2.5644807532067624
    endloop
  endfacet
  facet normal 0 1 0
    outer loop
      vertex 80.15720321340262 88.6 2.40803717815783
      vertex 80.41824333167631 88.6 5.689864126762533
      vertex 80.24175330395795 88.6 2.412133023171357
    endloop
  endfacet
  facet normal 0 1 0
    outer loop
      vertex 80.24175330395795 88.6 2.412133023171357
      vertex 80.41824333167631 88.6 5.689864126762533
      vertex 80.63742019834385 88.6 2.4567458166124716
    endloop
  endfacet
  facet normal 0 1 0
    outer loop
      vertex 80.63742019834385 88.6 2.4567458166124716
      vertex 81.01741040661078 88.6 6.16768392451729
      vertex 80.65136820605544 88.6 2.4566704759779263
    endloop
  endfacet
  facet normal 0 1 0
    outer loop
      vertex 80.65136820605544 88.6 2.4566704759779263
      vertex 81.01741040661078 88.6 6.16768392451729
      vertex 80.67686169147888 88.6 2.461814777418777
    endloop
  endfacet
  facet normal 0 1 0
    outer loop
      vertex 80.67686169147888 88.6 2.461814777418777
      vertex 81.01741040661078 88.6 6.16768392451729
      vertex 81.02765466105475 88.6 2.5652580933625018
    endloop
  endfacet
  facet normal 0 1 0
    outer loop
      vertex 80.24175330395795 88.6 2.412133023171357
      vertex 80.63742019834385 88.6 2.4567458166124716
      vertex 80.26075649484869 88.6 2.4120187996871074
    endloop
  endfacet
  facet normal 0.7877079733177145 0 -0.616048820120369
    outer loop
      vertex 83.36189188062477 74.6 3.973700365012782
      vertex 83.36189188062477 85.6 3.973700365012782
      vertex 83.60714099016607 85.6 4.2872870041317555
    endloop
  endfacet
  facet normal 0.8390719910244576 -1.0936219818636511e-18 -0.5440203984027183
    outer loop
      vertex 83.8237155763401 85.6 4.621321664890601
      vertex 83.60714099016607 74.6 4.2872870041317555
      vertex 83.60714099016607 85.6 4.2872870041317555
    endloop
  endfacet
  facet normal 0.7301790727058386 0 -0.6832558245506888
    outer loop
      vertex 83.0898876545194 74.6 3.683015988161266
      vertex 83.0898876545194 85.6 3.683015988161266
      vertex 83.36189188062477 85.6 3.973700365012782
    endloop
  endfacet
  facet normal 0.6669355308366434 0 -0.745115425761435
    outer loop
      vertex 82.7932571137162 74.6 3.417508872950517
      vertex 82.7932571137162 85.6 3.417508872950517
      vertex 83.0898876545194 85.6 3.683015988161266
    endloop
  endfacet
  facet normal 0.4480667839875824 0 -0.8940000878562737
    outer loop
      vertex 81.77967625509558 74.6 2.7917494903887494
      vertex 81.77967625509558 85.6 2.7917494903887494
      vertex 82.13557779782357 85.6 2.970124931098983
    endloop
  endfacet
  facet normal 0.5984723141740602 0 -0.8011434885007459
    outer loop
      vertex 82.4743217943835 74.6 3.179256972544909
      vertex 82.4743217943835 85.6 3.179256972544909
      vertex 82.7932571137162 85.6 3.417508872950517
    endloop
  endfacet
  facet normal 0.5253252402142969 0 -0.8509015172120633
    outer loop
      vertex 82.13557779782357 74.6 2.970124931098983
      vertex 82.13557779782357 85.6 2.970124931098983
      vertex 82.4743217943835 85.6 3.179256972544909
    endloop
  endfacet
  facet normal 0.3673015976647514 0 -0.9301018956828982
    outer loop
      vertex 81.40940257832051 74.6 2.645526680088132
      vertex 81.40940257832051 85.6 2.645526680088132
      vertex 81.77967625509558 85.6 2.7917494903887494
    endloop
  endfacet
  facet normal 0 1 0
    outer loop
      vertex 82.4743217943835 88.6 5.474633432545607
      vertex 82.51646666336296 88.6 3.2107401433260847
      vertex 82.13557779782357 88.6 3.215076716990623
    endloop
  endfacet
  facet normal 0 1 0
    outer loop
      vertex 82.7932571137162 88.6 3.7900109747507464
      vertex 82.52260108469105 88.6 3.215322694867769
      vertex 82.51646666336296 88.6 3.2107401433260847
    endloop
  endfacet
  facet normal 0 1 0
    outer loop
      vertex 82.85961009502778 88.6 4.916107592705906
      vertex 83.0898876545194 88.6 3.8748799998123786
      vertex 82.7932571137162 88.6 3.7900109747507464
    endloop
  endfacet
  facet normal 0 1 0
    outer loop
      vertex 82.85961009502778 88.6 4.916107592705906
      vertex 83.36189188062477 88.6 4.039145847237016
      vertex 83.0898876545194 88.6 3.8748799998123786
    endloop
  endfacet
  facet normal 0 1 0
    outer loop
      vertex 82.85961009502778 88.6 4.916107592705906
      vertex 83.40505404930062 88.6 4.028889472273811
      vertex 83.36189188062477 88.6 4.039145847237016
    endloop
  endfacet
  facet normal 0 1 0
    outer loop
      vertex 82.85961009502778 88.6 4.916107592705906
      vertex 83.60714099016607 88.6 4.370403077125211
      vertex 83.40505404930062 88.6 4.028889472273811
    endloop
  endfacet
  facet normal 0 1 0
    outer loop
      vertex 83.36189188062477 88.6 4.039145847237016
      vertex 83.21866219690952 88.6 3.8206342455868416
      vertex 83.0898876545194 88.6 3.8748799998123786
    endloop
  endfacet
  facet normal 0 1 0
    outer loop
      vertex 83.72284722421873 88.6 4.465746967150704
      vertex 83.65439374624225 88.6 4.360167477435024
      vertex 83.60714099016607 88.6 4.370403077125211
    endloop
  endfacet
  facet normal 0 1 0
    outer loop
      vertex 83.40505404930062 88.6 4.028889472273811
      vertex 83.60714099016607 88.6 4.370403077125211
      vertex 83.60342743454058 88.6 4.282538683414273
    endloop
  endfacet
  facet normal 0 1 0
    outer loop
      vertex 82.7932571137162 88.6 3.7900109747507464
      vertex 83.0898876545194 88.6 3.8748799998123786
      vertex 83.03558226578832 88.6 3.6344084945992634
    endloop
  endfacet
  facet normal 0 1 0
    outer loop
      vertex 82.08718246330372 88.6 2.9458695174890046
      vertex 82.13557779782357 88.6 3.215076716990623
      vertex 82.09872910074318 88.6 2.9516566139039178
    endloop
  endfacet
  facet normal -0.32580057296011744 0 0.9454385155359704
    outer loop
      vertex 5.247142810508592 3 11.085458530573032
      vertex 5.623521997495665 11 11.21515977793668
      vertex 5.247142810508592 11 11.085458530573032
    endloop
  endfacet
  facet normal -0.6992417010043128 0 0.7148853359641637
    outer loop
      vertex 3.8987901112350727 3 10.253019415926428
      vertex 3.8987901112350727 11 10.253019415926428
      vertex 3.614194172823744 3 9.974651210478118
    endloop
  endfacet
  facet normal -0.5624492876407818 0 0.8268317838789078
    outer loop
      vertex 4.5360364190356535 3 10.729056827454277
      vertex 4.5360364190356535 11 10.729056827454277
      vertex 4.206874586216742 3 10.505145698253365
    endloop
  endfacet
  facet normal -0.48717284396079585 2.164489794431556e-18 0.8733055708668931
    outer loop
      vertex 4.5360364190356535 3 10.729056827454277
      vertex 4.883699472055895 3 10.923000395353238
      vertex 4.883699472055895 11 10.923000395353238
    endloop
  endfacet
  facet normal -0.40808361224346823 8.739224331999147e-19 0.9129445576913874
    outer loop
      vertex 4.883699472055895 3 10.923000395353238
      vertex 5.247142810508592 3 11.085458530573032
      vertex 5.247142810508592 11 11.085458530573032
    endloop
  endfacet
  facet normal -0.6333238030480469 -9.570469917403116e-19 0.7738869171221069
    outer loop
      vertex 3.8987901112350727 3 10.253019415926428
      vertex 4.206874586216742 3 10.505145698253365
      vertex 4.206874586216742 11 10.505145698253365
    endloop
  endfacet
  facet normal -0.7596870845832859 0 0.6502888077749358
    outer loop
      vertex 3.3553141200702683 3 9.672219690541638
      vertex 3.614194172823744 3 9.974651210478118
      vertex 3.3553141200702683 11 9.672219690541638
    endloop
  endfacet
  facet normal -0.814186886703568 -5.977871235618137e-20 0.5806028879707293
    outer loop
      vertex 3.3553141200702683 3 9.672219690541638
      vertex 3.124176040389976 11 9.348091792812294
      vertex 3.124176040389976 3 9.348091792812294
    endloop
  endfacet
  facet normal -0.8623145725200327 -3.1859148830839873e-19 0.5063729633576356
    outer loop
      vertex 3.124176040389976 3 9.348091792812294
      vertex 2.922588902644975 11 9.004804257558668
      vertex 2.922588902644975 3 9.004804257558668
    endloop
  endfacet
  facet normal -0.6333238030480469 0 0.7738869171221069
    outer loop
      vertex 3.8987901112350727 3 10.253019415926428
      vertex 4.206874586216742 11 10.505145698253365
      vertex 3.8987901112350727 11 10.253019415926428
    endloop
  endfacet
  facet normal -0.6992417010043128 0 0.7148853359641637
    outer loop
      vertex 3.614194172823744 3 9.974651210478118
      vertex 3.8987901112350727 11 10.253019415926428
      vertex 3.614194172823744 11 9.974651210478118
    endloop
  endfacet
  facet normal -0.5624492876407818 0 0.8268317838789078
    outer loop
      vertex 4.206874586216742 3 10.505145698253365
      vertex 4.5360364190356535 11 10.729056827454277
      vertex 4.206874586216742 11 10.505145698253365
    endloop
  endfacet
  facet normal -0.48717284396079585 0 0.8733055708668931
    outer loop
      vertex 4.5360364190356535 3 10.729056827454277
      vertex 4.883699472055895 11 10.923000395353238
      vertex 4.5360364190356535 11 10.729056827454277
    endloop
  endfacet
  facet normal -0.40808361224346823 0 0.9129445576913874
    outer loop
      vertex 4.883699472055895 3 10.923000395353238
      vertex 5.247142810508592 11 11.085458530573032
      vertex 4.883699472055895 11 10.923000395353238
    endloop
  endfacet
  facet normal -0.814186886703568 0 0.5806028879707293
    outer loop
      vertex 3.3553141200702683 3 9.672219690541638
      vertex 3.3553141200702683 11 9.672219690541638
      vertex 3.124176040389976 11 9.348091792812294
    endloop
  endfacet
  facet normal -0.7596870845832859 0 0.6502888077749358
    outer loop
      vertex 3.614194172823744 3 9.974651210478118
      vertex 3.614194172823744 11 9.974651210478118
      vertex 3.3553141200702683 11 9.672219690541638
    endloop
  endfacet
  facet normal -0.8623145725200327 0 0.5063729633576356
    outer loop
      vertex 3.124176040389976 3 9.348091792812294
      vertex 3.124176040389976 11 9.348091792812294
      vertex 2.922588902644975 11 9.004804257558668
    endloop
  endfacet
  facet normal -0.32580057296011744 -1.7433594186802206e-19 0.9454385155359704
    outer loop
      vertex 5.247142810508592 3 11.085458530573032
      vertex 5.623521997495665 3 11.21515977793668
      vertex 5.623521997495665 11 11.21515977793668
    endloop
  endfacet
  facet normal -0.2409677024566091 1.0148198814001428e-18 0.9705331351235686
    outer loop
      vertex 5.623521997495665 3 11.21515977793668
      vertex 6.009891355565173 3 11.31108904932811
      vertex 6.009891355565173 11 11.31108904932811
    endloop
  endfacet
  facet normal -0.1542489329653037 -1.0167585405825868e-19 0.9880320170313638
    outer loop
      vertex 6.009891355565173 3 11.31108904932811
      vertex 6.4032270206312845 3 11.372495568132976
      vertex 6.4032270206312845 11 11.372495568132976
    endloop
  endfacet
  facet normal -0.0663229564351054 -2.262649804122421e-20 0.9977982087825709
    outer loop
      vertex 6.4032270206312845 3 11.372495568132976
      vertex 6.80045060781066 3 11.398898745083592
      vertex 6.80045060781066 11 11.398898745083592
    endloop
  endfacet
  facet normal 0.02212208715318786 -5.264416305467453e-20 0.999755276685243
    outer loop
      vertex 6.80045060781066 3 11.398898745083592
      vertex 7.198453303957969 3 11.390091939521568
      vertex 7.198453303957969 11 11.390091939521568
    endloop
  endfacet
  facet normal 0.11039399541526969 -2.5774565375538087e-19 0.9938879040295507
    outer loop
      vertex 7.198453303957969 3 11.390091939521568
      vertex 7.594120198343859 3 11.346144076641137
      vertex 7.594120198343859 11 11.346144076641137
    endloop
  endfacet
  facet normal 0.19780192098552146 2.435430788984934e-19 0.9802420109618021
    outer loop
      vertex 7.594120198343859 3 11.346144076641137
      vertex 7.984354661054759 3 11.26739910805605
      vertex 7.984354661054759 11 11.26739910805605
    endloop
  endfacet
  facet normal 0.28366177833428957 9.62684889934878e-19 0.9589243950970423
    outer loop
      vertex 7.984354661054759 3 11.26739910805605
      vertex 8.366102578320529 3 11.154473319911865
      vertex 8.366102578320529 11 11.154473319911865
    endloop
  endfacet
  facet normal -0.2409677024566091 0 0.9705331351235686
    outer loop
      vertex 5.623521997495665 3 11.21515977793668
      vertex 6.009891355565173 11 11.31108904932811
      vertex 5.623521997495665 11 11.21515977793668
    endloop
  endfacet
  facet normal -0.1542489329653037 0 0.9880320170313638
    outer loop
      vertex 6.009891355565173 3 11.31108904932811
      vertex 6.4032270206312845 11 11.372495568132976
      vertex 6.009891355565173 11 11.31108904932811
    endloop
  endfacet
  facet normal -0.0663229564351054 0 0.9977982087825709
    outer loop
      vertex 6.4032270206312845 3 11.372495568132976
      vertex 6.80045060781066 11 11.398898745083592
      vertex 6.4032270206312845 11 11.372495568132976
    endloop
  endfacet
  facet normal 0.02212208715318786 0 0.999755276685243
    outer loop
      vertex 6.80045060781066 3 11.398898745083592
      vertex 7.198453303957969 11 11.390091939521568
      vertex 6.80045060781066 11 11.398898745083592
    endloop
  endfacet
  facet normal 0.11039399541526969 0 0.9938879040295507
    outer loop
      vertex 7.198453303957969 3 11.390091939521568
      vertex 7.594120198343859 11 11.346144076641137
      vertex 7.198453303957969 11 11.390091939521568
    endloop
  endfacet
  facet normal 0.19780192098552146 0 0.9802420109618021
    outer loop
      vertex 7.594120198343859 3 11.346144076641137
      vertex 7.984354661054759 11 11.26739910805605
      vertex 7.594120198343859 11 11.346144076641137
    endloop
  endfacet
  facet normal 0.28366177833428957 0 0.9589243950970423
    outer loop
      vertex 7.984354661054759 3 11.26739910805605
      vertex 8.366102578320529 11 11.154473319911865
      vertex 7.984354661054759 11 11.26739910805605
    endloop
  endfacet
  facet normal 0 -1 0
    outer loop
      vertex 5.623521997495665 3 11.21515977793668
      vertex 6.25 3 8.025833024919768
      vertex 6.009891355565173 3 11.31108904932811
    endloop
  endfacet
  facet normal 0 -1 0
    outer loop
      vertex 6.4032270206312845 3 11.372495568132976
      vertex 6.997149121662353 3 8.196364936335533
      vertex 6.80045060781066 3 11.398898745083592
    endloop
  endfacet
  facet normal 0 -1 0
    outer loop
      vertex 6.009891355565173 3 11.31108904932811
      vertex 6.610722785856794 3 8.16740628583637
      vertex 6.4032270206312845 3 11.372495568132976
    endloop
  endfacet
  facet normal 0 -1 0
    outer loop
      vertex 6.80045060781066 3 11.398898745083592
      vertex 6.997149121662353 3 8.196364936335533
      vertex 7.198453303957969 3 11.390091939521568
    endloop
  endfacet
  facet normal 0 -1 0
    outer loop
      vertex 7.198453303957969 3 11.390091939521568
      vertex 7.374943331676313 3 8.110135873237464
      vertex 7.594120198343859 3 11.346144076641137
    endloop
  endfacet
  facet normal 0 -1 0
    outer loop
      vertex 7.594120198343859 3 11.346144076641137
      vertex 7.974110406610791 3 7.6323160754827075
      vertex 7.984354661054759 3 11.26739910805605
    endloop
  endfacet
  facet normal 0 -1 0
    outer loop
      vertex 5.247142810508592 3 11.085458530573032
      vertex 5.7287404717268515 3 7.464048860852824
      vertex 5.623521997495665 3 11.21515977793668
    endloop
  endfacet
  facet normal 0 -1 0
    outer loop
      vertex 5.623521997495665 3 11.21515977793668
      vertex 5.947032566621225 3 7.784224559102194
      vertex 6.25 3 8.025833024919768
    endloop
  endfacet
  facet normal 0 -1 0
    outer loop
      vertex 6.4032270206312845 3 11.372495568132976
      vertex 6.610722785856794 3 8.16740628583637
      vertex 6.997149121662353 3 8.196364936335533
    endloop
  endfacet
  facet normal 0 -1 0
    outer loop
      vertex 6.009891355565173 3 11.31108904932811
      vertex 6.25 3 8.025833024919768
      vertex 6.610722785856794 3 8.16740628583637
    endloop
  endfacet
  facet normal 0 -1 0
    outer loop
      vertex 7.198453303957969 3 11.390091939521568
      vertex 6.997149121662353 3 8.196364936335533
      vertex 7.374943331676313 3 8.110135873237464
    endloop
  endfacet
  facet normal 0 -1 0
    outer loop
      vertex 7.594120198343859 3 11.346144076641137
      vertex 7.374943331676313 3 8.110135873237464
      vertex 7.710536742416352 3 7.916380927208438
    endloop
  endfacet
  facet normal 0 -1 0
    outer loop
      vertex 7.594120198343859 3 11.346144076641137
      vertex 7.710536742416352 3 7.916380927208438
      vertex 7.974110406610791 3 7.6323160754827075
    endloop
  endfacet
  facet normal 0.3673015976647575 1.3700710629861096e-19 0.9301018956828959
    outer loop
      vertex 8.366102578320529 3 11.154473319911865
      vertex 8.736376255095593 3 11.008250509611248
      vertex 8.736376255095593 11 11.008250509611248
    endloop
  endfacet
  facet normal 0.4480667839875789 -9.830163402664245e-19 0.8940000878562756
    outer loop
      vertex 8.736376255095593 3 11.008250509611248
      vertex 9.092277797823584 3 10.829875068901016
      vertex 9.092277797823584 11 10.829875068901016
    endloop
  endfacet
  facet normal 0.5253252402143002 1.830223332110149e-18 0.8509015172120614
    outer loop
      vertex 9.092277797823584 3 10.829875068901016
      vertex 9.431021794383511 3 10.620743027455088
      vertex 9.431021794383511 11 10.620743027455088
    endloop
  endfacet
  facet normal 0.5984723141740603 1.406097195721449e-18 0.8011434885007461
    outer loop
      vertex 9.431021794383511 3 10.620743027455088
      vertex 9.749957113716206 3 10.38249112704948
      vertex 9.749957113716206 11 10.38249112704948
    endloop
  endfacet
  facet normal 0.6669355308366435 1.796565406454674e-18 0.7451154257614351
    outer loop
      vertex 9.749957113716206 3 10.38249112704948
      vertex 10.046587654519413 3 10.116984011838731
      vertex 10.046587654519413 11 10.116984011838731
    endloop
  endfacet
  facet normal 0.7301790727058407 0 0.6832558245506866
    outer loop
      vertex 10.046587654519413 3 10.116984011838731
      vertex 10.31859188062478 3 9.826299634987214
      vertex 10.046587654519413 11 10.116984011838731
    endloop
  endfacet
  facet normal 0 -1 0
    outer loop
      vertex 7.984354661054759 3 11.26739910805605
      vertex 8.199999999999996 3 6.899999999999999
      vertex 8.366102578320529 3 11.154473319911865
    endloop
  endfacet
  facet normal 0.7877079733177145 0 0.616048820120369
    outer loop
      vertex 10.31859188062478 3 9.826299634987214
      vertex 10.563840990166085 3 9.51271299586824
      vertex 10.31859188062478 11 9.826299634987214
    endloop
  endfacet
  facet normal 0.8390719910244496 0 0.5440203984027309
    outer loop
      vertex 10.563840990166085 3 9.51271299586824
      vertex 10.780415576340125 3 9.178678335109394
      vertex 10.563840990166085 11 9.51271299586824
    endloop
  endfacet
  facet normal 0.8838691327455646 0 0.4677342794574753
    outer loop
      vertex 10.780415576340125 3 9.178678335109394
      vertex 10.966620649367414 3 8.826809926832047
      vertex 10.780415576340125 11 9.178678335109394
    endloop
  endfacet
  facet normal 0 1 0
    outer loop
      vertex 6.4032270206312845 11 11.372495568132976
      vertex 6.80045060781066 11 11.398898745083592
      vertex 6.610722785856794 11 8.16740628583637
    endloop
  endfacet
  facet normal 0 1 0
    outer loop
      vertex 6.009891355565173 11 11.31108904932811
      vertex 6.4032270206312845 11 11.372495568132976
      vertex 6.25 11 8.025833024919768
    endloop
  endfacet
  facet normal 0 1 0
    outer loop
      vertex 6.80045060781066 11 11.398898745083592
      vertex 7.198453303957969 11 11.390091939521568
      vertex 6.997149121662353 11 8.196364936335533
    endloop
  endfacet
  facet normal 0 1 0
    outer loop
      vertex 7.198453303957969 11 11.390091939521568
      vertex 7.594120198343859 11 11.346144076641137
      vertex 6.997149121662353 11 8.196364936335533
    endloop
  endfacet
  facet normal 0 1 0
    outer loop
      vertex 7.594120198343859 11 11.346144076641137
      vertex 7.984354661054759 11 11.26739910805605
      vertex 7.374943331676313 11 8.110135873237464
    endloop
  endfacet
  facet normal 0 1 0
    outer loop
      vertex 7.984354661054759 11 11.26739910805605
      vertex 8.366102578320529 11 11.154473319911865
      vertex 7.974110406610791 11 7.6323160754827075
    endloop
  endfacet
  facet normal 0 1 0
    outer loop
      vertex 5.623521997495665 11 11.21515977793668
      vertex 6.009891355565173 11 11.31108904932811
      vertex 5.7287404717268515 11 7.464048860852824
    endloop
  endfacet
  facet normal 0 1 0
    outer loop
      vertex 6.009891355565173 11 11.31108904932811
      vertex 6.25 11 8.025833024919768
      vertex 5.947032566621225 11 7.784224559102194
    endloop
  endfacet
  facet normal 0 1 0
    outer loop
      vertex 6.4032270206312845 11 11.372495568132976
      vertex 6.610722785856794 11 8.16740628583637
      vertex 6.25 11 8.025833024919768
    endloop
  endfacet
  facet normal 0 1 0
    outer loop
      vertex 6.80045060781066 11 11.398898745083592
      vertex 6.997149121662353 11 8.196364936335533
      vertex 6.610722785856794 11 8.16740628583637
    endloop
  endfacet
  facet normal 0 1 0
    outer loop
      vertex 7.594120198343859 11 11.346144076641137
      vertex 7.374943331676313 11 8.110135873237464
      vertex 6.997149121662353 11 8.196364936335533
    endloop
  endfacet
  facet normal 0 1 0
    outer loop
      vertex 7.984354661054759 11 11.26739910805605
      vertex 7.710536742416352 11 7.916380927208438
      vertex 7.374943331676313 11 8.110135873237464
    endloop
  endfacet
  facet normal 0 1 0
    outer loop
      vertex 7.984354661054759 11 11.26739910805605
      vertex 7.974110406610791 11 7.6323160754827075
      vertex 7.710536742416352 11 7.916380927208438
    endloop
  endfacet
  facet normal 0.3673015976647575 0 0.9301018956828959
    outer loop
      vertex 8.366102578320529 3 11.154473319911865
      vertex 8.736376255095593 11 11.008250509611248
      vertex 8.366102578320529 11 11.154473319911865
    endloop
  endfacet
  facet normal 0.4480667839875789 0 0.8940000878562756
    outer loop
      vertex 8.736376255095593 3 11.008250509611248
      vertex 9.092277797823584 11 10.829875068901016
      vertex 8.736376255095593 11 11.008250509611248
    endloop
  endfacet
  facet normal 0.5253252402143002 0 0.8509015172120614
    outer loop
      vertex 9.092277797823584 3 10.829875068901016
      vertex 9.431021794383511 11 10.620743027455088
      vertex 9.092277797823584 11 10.829875068901016
    endloop
  endfacet
  facet normal 0.5984723141740603 0 0.8011434885007461
    outer loop
      vertex 9.431021794383511 3 10.620743027455088
      vertex 9.749957113716206 11 10.38249112704948
      vertex 9.431021794383511 11 10.620743027455088
    endloop
  endfacet
  facet normal 0.6669355308366435 0 0.7451154257614351
    outer loop
      vertex 9.749957113716206 3 10.38249112704948
      vertex 10.046587654519413 11 10.116984011838731
      vertex 9.749957113716206 11 10.38249112704948
    endloop
  endfacet
  facet normal 0.7301790727058407 0 0.6832558245506866
    outer loop
      vertex 10.31859188062478 3 9.826299634987214
      vertex 10.31859188062478 11 9.826299634987214
      vertex 10.046587654519413 11 10.116984011838731
    endloop
  endfacet
  facet normal 0.7877079733177145 0 0.616048820120369
    outer loop
      vertex 10.563840990166085 3 9.51271299586824
      vertex 10.563840990166085 11 9.51271299586824
      vertex 10.31859188062478 11 9.826299634987214
    endloop
  endfacet
  facet normal 0.8390719910244496 0 0.5440203984027309
    outer loop
      vertex 10.780415576340125 3 9.178678335109394
      vertex 10.780415576340125 11 9.178678335109394
      vertex 10.563840990166085 11 9.51271299586824
    endloop
  endfacet
  facet normal 0.8838691327455646 -1.5090604432160429e-18 0.4677342794574753
    outer loop
      vertex 10.780415576340125 11 9.178678335109394
      vertex 10.966620649367414 3 8.826809926832047
      vertex 10.966620649367414 11 8.826809926832047
    endloop
  endfacet
  facet normal -0.9379997560189713 0 0.34663591520260867
    outer loop
      vertex 2.614134599888409 3 8.271625959263787
      vertex 2.752130399510044 3 8.64504377519056
      vertex 2.614134599888409 11 8.271625959263787
    endloop
  endfacet
  facet normal -0.9649649145228105 -8.671774175489341e-19 0.2623789506419771
    outer loop
      vertex 2.614134599888409 3 8.271625959263787
      vertex 2.5096815080137205 11 7.88747331048657
      vertex 2.5096815080137205 3 7.88747331048657
    endloop
  endfacet
  facet normal 0 -1 0
    outer loop
      vertex 2.614134599888409 3 8.271625959263787
      vertex 2.752130399510044 3 5.154956224809439
      vertex 2.752130399510044 3 8.64504377519056
    endloop
  endfacet
  facet normal -0.9843779142227245 4.2839327881421036e-19 0.1760685150460424
    outer loop
      vertex 2.5096815080137205 3 7.88747331048657
      vertex 2.439588610952633 11 7.495592344188999
      vertex 2.439588610952633 3 7.495592344188999
    endloop
  endfacet
  facet normal 0 -1 0
    outer loop
      vertex 2.5096815080137205 3 7.88747331048657
      vertex 2.439588610952633 3 7.495592344188999
      vertex 2.5096815080137205 3 5.912526689513427
    endloop
  endfacet
  facet normal 0 -1 0
    outer loop
      vertex 2.614134599888409 3 8.271625959263787
      vertex 2.5096815080137205 3 7.88747331048657
      vertex 2.614134599888409 3 5.52837404073621
    endloop
  endfacet
  facet normal 0 -1 0
    outer loop
      vertex 2.439588610952633 3 7.495592344188999
      vertex 2.4044044806601192 3 7.099050060264203
      vertex 2.439588610952633 3 6.304407655810998
    endloop
  endfacet
  facet normal 0 -1 0
    outer loop
      vertex 2.4044044806601192 3 7.099050060264203
      vertex 2.4044044806601192 3 6.700949939735795
      vertex 2.439588610952633 3 6.304407655810998
    endloop
  endfacet
  facet normal -0.9960868220749453 -1.483530932072927e-20 0.08838010459733804
    outer loop
      vertex 2.439588610952633 3 7.495592344188999
      vertex 2.4044044806601192 11 7.099050060264203
      vertex 2.4044044806601192 3 7.099050060264203
    endloop
  endfacet
  facet normal -1 0 0
    outer loop
      vertex 2.4044044806601192 3 7.099050060264203
      vertex 2.4044044806601192 11 6.700949939735795
      vertex 2.4044044806601192 3 6.700949939735795
    endloop
  endfacet
  facet normal -0.9036934776372003 3.930927373892288e-19 0.42817998374046284
    outer loop
      vertex 2.922588902644975 3 9.004804257558668
      vertex 2.752130399510044 11 8.64504377519056
      vertex 2.752130399510044 3 8.64504377519056
    endloop
  endfacet
  facet normal 0 -1 0
    outer loop
      vertex 3.3553141200702683 3 9.672219690541638
      vertex 3.614194172823744 3 3.825348789521879
      vertex 3.614194172823744 3 9.974651210478118
    endloop
  endfacet
  facet normal 0 -1 0
    outer loop
      vertex 3.8987901112350727 3 10.253019415926428
      vertex 3.614194172823744 3 9.974651210478118
      vertex 3.8987901112350727 3 3.5469805840735695
    endloop
  endfacet
  facet normal 0 -1 0
    outer loop
      vertex 4.5360364190356535 3 10.729056827454277
      vertex 4.206874586216742 3 10.505145698253365
      vertex 4.5360364190356535 3 3.070943172545718
    endloop
  endfacet
  facet normal 0 -1 0
    outer loop
      vertex 3.8987901112350727 3 10.253019415926428
      vertex 4.206874586216742 3 3.294854301746632
      vertex 4.206874586216742 3 10.505145698253365
    endloop
  endfacet
  facet normal 0 -1 0
    outer loop
      vertex 4.5360364190356535 3 10.729056827454277
      vertex 4.883699472055895 3 2.876999604646759
      vertex 4.883699472055895 3 10.923000395353238
    endloop
  endfacet
  facet normal 0 -1 0
    outer loop
      vertex 4.883699472055895 3 10.923000395353238
      vertex 5.247142810508592 3 2.7145414694269654
      vertex 5.247142810508592 3 11.085458530573032
    endloop
  endfacet
  facet normal 0 -1 0
    outer loop
      vertex 3.3553141200702683 3 9.672219690541638
      vertex 3.124176040389976 3 9.348091792812294
      vertex 3.3553141200702683 3 4.127780309458359
    endloop
  endfacet
  facet normal 0 -1 0
    outer loop
      vertex 3.124176040389976 3 9.348091792812294
      vertex 2.922588902644975 3 9.004804257558668
      vertex 3.124176040389976 3 4.451908207187703
    endloop
  endfacet
  facet normal 0 -1 0
    outer loop
      vertex 2.922588902644975 3 9.004804257558668
      vertex 2.752130399510044 3 8.64504377519056
      vertex 2.922588902644975 3 4.795195742441329
    endloop
  endfacet
  facet normal -0.9379997560189713 0 0.34663591520260867
    outer loop
      vertex 2.752130399510044 3 8.64504377519056
      vertex 2.752130399510044 11 8.64504377519056
      vertex 2.614134599888409 11 8.271625959263787
    endloop
  endfacet
  facet normal -0.9649649145228105 0 0.2623789506419771
    outer loop
      vertex 2.614134599888409 3 8.271625959263787
      vertex 2.614134599888409 11 8.271625959263787
      vertex 2.5096815080137205 11 7.88747331048657
    endloop
  endfacet
  facet normal -0.9843779142227245 0 0.1760685150460424
    outer loop
      vertex 2.5096815080137205 3 7.88747331048657
      vertex 2.5096815080137205 11 7.88747331048657
      vertex 2.439588610952633 11 7.495592344188999
    endloop
  endfacet
  facet normal -0.9960868220749453 0 0.08838010459733804
    outer loop
      vertex 2.439588610952633 3 7.495592344188999
      vertex 2.439588610952633 11 7.495592344188999
      vertex 2.4044044806601192 11 7.099050060264203
    endloop
  endfacet
  facet normal -1 0 0
    outer loop
      vertex 2.4044044806601192 3 7.099050060264203
      vertex 2.4044044806601192 11 7.099050060264203
      vertex 2.4044044806601192 11 6.700949939735795
    endloop
  endfacet
  facet normal 0 1 0
    outer loop
      vertex 2.614134599888409 11 8.271625959263787
      vertex 2.752130399510044 11 8.64504377519056
      vertex 2.614134599888409 11 5.52837404073621
    endloop
  endfacet
  facet normal 0 1 0
    outer loop
      vertex 2.614134599888409 11 8.271625959263787
      vertex 2.5096815080137205 11 5.912526689513427
      vertex 2.5096815080137205 11 7.88747331048657
    endloop
  endfacet
  facet normal 0 1 0
    outer loop
      vertex 2.5096815080137205 11 7.88747331048657
      vertex 2.439588610952633 11 6.304407655810998
      vertex 2.439588610952633 11 7.495592344188999
    endloop
  endfacet
  facet normal 0 1 0
    outer loop
      vertex 2.439588610952633 11 7.495592344188999
      vertex 2.4044044806601192 11 6.700949939735795
      vertex 2.4044044806601192 11 7.099050060264203
    endloop
  endfacet
  facet normal 0 1 0
    outer loop
      vertex 2.439588610952633 11 7.495592344188999
      vertex 2.439588610952633 11 6.304407655810998
      vertex 2.4044044806601192 11 6.700949939735795
    endloop
  endfacet
  facet normal 0 1 0
    outer loop
      vertex 2.5096815080137205 11 7.88747331048657
      vertex 2.5096815080137205 11 5.912526689513427
      vertex 2.439588610952633 11 6.304407655810998
    endloop
  endfacet
  facet normal -0.9036934776372003 0 0.42817998374046284
    outer loop
      vertex 2.922588902644975 3 9.004804257558668
      vertex 2.922588902644975 11 9.004804257558668
      vertex 2.752130399510044 11 8.64504377519056
    endloop
  endfacet
  facet normal 0 1 0
    outer loop
      vertex 3.3553141200702683 11 9.672219690541638
      vertex 3.124176040389976 11 4.451908207187703
      vertex 3.124176040389976 11 9.348091792812294
    endloop
  endfacet
  facet normal 0 1 0
    outer loop
      vertex 3.8987901112350727 11 10.253019415926428
      vertex 4.206874586216742 11 10.505145698253365
      vertex 3.8987901112350727 11 3.5469805840735695
    endloop
  endfacet
  facet normal 0 1 0
    outer loop
      vertex 3.8987901112350727 11 10.253019415926428
      vertex 3.614194172823744 11 3.825348789521879
      vertex 3.614194172823744 11 9.974651210478118
    endloop
  endfacet
  facet normal 0 1 0
    outer loop
      vertex 3.3553141200702683 11 9.672219690541638
      vertex 3.614194172823744 11 9.974651210478118
      vertex 3.3553141200702683 11 4.127780309458359
    endloop
  endfacet
  facet normal 0 1 0
    outer loop
      vertex 4.5360364190356535 11 10.729056827454277
      vertex 4.206874586216742 11 3.294854301746632
      vertex 4.206874586216742 11 10.505145698253365
    endloop
  endfacet
  facet normal 0 1 0
    outer loop
      vertex 4.5360364190356535 11 10.729056827454277
      vertex 4.883699472055895 11 10.923000395353238
      vertex 4.5360364190356535 11 3.070943172545718
    endloop
  endfacet
  facet normal 0 1 0
    outer loop
      vertex 4.883699472055895 11 10.923000395353238
      vertex 5.247142810508592 11 11.085458530573032
      vertex 4.883699472055895 11 2.876999604646759
    endloop
  endfacet
  facet normal 0 1 0
    outer loop
      vertex 5.247142810508592 11 11.085458530573032
      vertex 5.623521997495665 11 11.21515977793668
      vertex 5.247142810508592 11 2.7145414694269654
    endloop
  endfacet
  facet normal 0 1 0
    outer loop
      vertex 3.124176040389976 11 9.348091792812294
      vertex 2.922588902644975 11 4.795195742441329
      vertex 2.922588902644975 11 9.004804257558668
    endloop
  endfacet
  facet normal 0 1 0
    outer loop
      vertex 2.922588902644975 11 9.004804257558668
      vertex 2.752130399510044 11 5.154956224809439
      vertex 2.752130399510044 11 8.64504377519056
    endloop
  endfacet
  facet normal 0 -1 0
    outer loop
      vertex 2.439588610952633 3 7.495592344188999
      vertex 2.439588610952633 3 6.304407655810998
      vertex 2.5096815080137205 3 5.912526689513427
    endloop
  endfacet
  facet normal 0 -1 0
    outer loop
      vertex 2.5096815080137205 3 7.88747331048657
      vertex 2.5096815080137205 3 5.912526689513427
      vertex 2.614134599888409 3 5.52837404073621
    endloop
  endfacet
  facet normal 0 -1 0
    outer loop
      vertex 2.614134599888409 3 8.271625959263787
      vertex 2.614134599888409 3 5.52837404073621
      vertex 2.752130399510044 3 5.154956224809439
    endloop
  endfacet
  facet normal -0.9960868220749453 1.483530932072927e-20 -0.08838010459733804
    outer loop
      vertex 2.4044044806601192 3 6.700949939735795
      vertex 2.439588610952633 11 6.304407655810998
      vertex 2.439588610952633 3 6.304407655810998
    endloop
  endfacet
  facet normal -0.9843779142227245 -4.2839327881421036e-19 -0.1760685150460424
    outer loop
      vertex 2.439588610952633 3 6.304407655810998
      vertex 2.5096815080137205 11 5.912526689513427
      vertex 2.5096815080137205 3 5.912526689513427
    endloop
  endfacet
  facet normal -0.9649649145228105 8.671774175489341e-19 -0.2623789506419771
    outer loop
      vertex 2.5096815080137205 3 5.912526689513427
      vertex 2.614134599888409 11 5.52837404073621
      vertex 2.614134599888409 3 5.52837404073621
    endloop
  endfacet
  facet normal -0.9379997560189709 -4.790331240436477e-19 -0.34663591520261017
    outer loop
      vertex 2.614134599888409 3 5.52837404073621
      vertex 2.752130399510044 11 5.154956224809439
      vertex 2.752130399510044 3 5.154956224809439
    endloop
  endfacet
  facet normal 0 -1 0
    outer loop
      vertex 2.752130399510044 3 8.64504377519056
      vertex 2.752130399510044 3 5.154956224809439
      vertex 2.922588902644975 3 4.795195742441329
    endloop
  endfacet
  facet normal 0 -1 0
    outer loop
      vertex 2.922588902644975 3 9.004804257558668
      vertex 2.922588902644975 3 4.795195742441329
      vertex 3.124176040389976 3 4.451908207187703
    endloop
  endfacet
  facet normal 0 -1 0
    outer loop
      vertex 3.124176040389976 3 9.348091792812294
      vertex 3.124176040389976 3 4.451908207187703
      vertex 3.3553141200702683 3 4.127780309458359
    endloop
  endfacet
  facet normal 0 -1 0
    outer loop
      vertex 3.3553141200702683 3 9.672219690541638
      vertex 3.3553141200702683 3 4.127780309458359
      vertex 3.614194172823744 3 3.825348789521879
    endloop
  endfacet
  facet normal 0 -1 0
    outer loop
      vertex 3.614194172823744 3 9.974651210478118
      vertex 3.614194172823744 3 3.825348789521879
      vertex 3.8987901112350727 3 3.5469805840735695
    endloop
  endfacet
  facet normal 0 -1 0
    outer loop
      vertex 3.8987901112350727 3 10.253019415926428
      vertex 3.8987901112350727 3 3.5469805840735695
      vertex 4.206874586216742 3 3.294854301746632
    endloop
  endfacet
  facet normal 0 -1 0
    outer loop
      vertex 4.206874586216742 3 10.505145698253365
      vertex 4.206874586216742 3 3.294854301746632
      vertex 4.5360364190356535 3 3.070943172545718
    endloop
  endfacet
  facet normal -0.9036934776372011 3.969735563971196e-19 -0.4281799837404611
    outer loop
      vertex 2.752130399510044 3 5.154956224809439
      vertex 2.922588902644975 11 4.795195742441329
      vertex 2.922588902644975 3 4.795195742441329
    endloop
  endfacet
  facet normal -0.8623145725200327 3.1859148830839873e-19 -0.5063729633576356
    outer loop
      vertex 2.922588902644975 3 4.795195742441329
      vertex 3.124176040389976 11 4.451908207187703
      vertex 3.124176040389976 3 4.451908207187703
    endloop
  endfacet
  facet normal 0 -1 0
    outer loop
      vertex 4.5360364190356535 3 10.729056827454277
      vertex 4.5360364190356535 3 3.070943172545718
      vertex 4.883699472055895 3 2.876999604646759
    endloop
  endfacet
  facet normal 0 -1 0
    outer loop
      vertex 4.883699472055895 3 10.923000395353238
      vertex 4.883699472055895 3 2.876999604646759
      vertex 5.247142810508592 3 2.7145414694269654
    endloop
  endfacet
  facet normal 0 -1 0
    outer loop
      vertex 5.247142810508592 3 11.085458530573032
      vertex 5.247142810508592 3 2.7145414694269654
      vertex 5.623521997495665 3 2.5848402220633204
    endloop
  endfacet
  facet normal -0.9960868220749453 0 -0.08838010459733804
    outer loop
      vertex 2.4044044806601192 3 6.700949939735795
      vertex 2.4044044806601192 11 6.700949939735795
      vertex 2.439588610952633 11 6.304407655810998
    endloop
  endfacet
  facet normal -0.9843779142227245 0 -0.1760685150460424
    outer loop
      vertex 2.439588610952633 3 6.304407655810998
      vertex 2.439588610952633 11 6.304407655810998
      vertex 2.5096815080137205 11 5.912526689513427
    endloop
  endfacet
  facet normal -0.9649649145228105 0 -0.2623789506419771
    outer loop
      vertex 2.5096815080137205 3 5.912526689513427
      vertex 2.5096815080137205 11 5.912526689513427
      vertex 2.614134599888409 11 5.52837404073621
    endloop
  endfacet
  facet normal 0 1 0
    outer loop
      vertex 2.614134599888409 11 8.271625959263787
      vertex 2.614134599888409 11 5.52837404073621
      vertex 2.5096815080137205 11 5.912526689513427
    endloop
  endfacet
  facet normal 0 1 0
    outer loop
      vertex 2.752130399510044 11 8.64504377519056
      vertex 2.752130399510044 11 5.154956224809439
      vertex 2.614134599888409 11 5.52837404073621
    endloop
  endfacet
  facet normal -0.9379997560189709 0 -0.34663591520261017
    outer loop
      vertex 2.614134599888409 3 5.52837404073621
      vertex 2.614134599888409 11 5.52837404073621
      vertex 2.752130399510044 11 5.154956224809439
    endloop
  endfacet
  facet normal 0 1 0
    outer loop
      vertex 2.922588902644975 11 9.004804257558668
      vertex 2.922588902644975 11 4.795195742441329
      vertex 2.752130399510044 11 5.154956224809439
    endloop
  endfacet
  facet normal 0 1 0
    outer loop
      vertex 3.124176040389976 11 9.348091792812294
      vertex 3.124176040389976 11 4.451908207187703
      vertex 2.922588902644975 11 4.795195742441329
    endloop
  endfacet
  facet normal 0 1 0
    outer loop
      vertex 3.3553141200702683 11 9.672219690541638
      vertex 3.3553141200702683 11 4.127780309458359
      vertex 3.124176040389976 11 4.451908207187703
    endloop
  endfacet
  facet normal 0 1 0
    outer loop
      vertex 3.614194172823744 11 9.974651210478118
      vertex 3.614194172823744 11 3.825348789521879
      vertex 3.3553141200702683 11 4.127780309458359
    endloop
  endfacet
  facet normal 0 1 0
    outer loop
      vertex 3.8987901112350727 11 10.253019415926428
      vertex 3.8987901112350727 11 3.5469805840735695
      vertex 3.614194172823744 11 3.825348789521879
    endloop
  endfacet
  facet normal 0 1 0
    outer loop
      vertex 4.206874586216742 11 10.505145698253365
      vertex 4.206874586216742 11 3.294854301746632
      vertex 3.8987901112350727 11 3.5469805840735695
    endloop
  endfacet
  facet normal 0 1 0
    outer loop
      vertex 4.5360364190356535 11 10.729056827454277
      vertex 4.5360364190356535 11 3.070943172545718
      vertex 4.206874586216742 11 3.294854301746632
    endloop
  endfacet
  facet normal 0 1 0
    outer loop
      vertex 4.883699472055895 11 10.923000395353238
      vertex 4.883699472055895 11 2.876999604646759
      vertex 4.5360364190356535 11 3.070943172545718
    endloop
  endfacet
  facet normal -0.9036934776372011 0 -0.4281799837404611
    outer loop
      vertex 2.752130399510044 3 5.154956224809439
      vertex 2.752130399510044 11 5.154956224809439
      vertex 2.922588902644975 11 4.795195742441329
    endloop
  endfacet
  facet normal -0.8623145725200327 0 -0.5063729633576356
    outer loop
      vertex 2.922588902644975 3 4.795195742441329
      vertex 2.922588902644975 11 4.795195742441329
      vertex 3.124176040389976 11 4.451908207187703
    endloop
  endfacet
  facet normal 0 1 0
    outer loop
      vertex 5.247142810508592 11 11.085458530573032
      vertex 5.247142810508592 11 2.7145414694269654
      vertex 4.883699472055895 11 2.876999604646759
    endloop
  endfacet
  facet normal 0 -1 0
    outer loop
      vertex 5.623521997495665 3 11.21515977793668
      vertex 5.7287404717268515 3 7.464048860852824
      vertex 5.947032566621225 3 7.784224559102194
    endloop
  endfacet
  facet normal 0 -1 0
    outer loop
      vertex 5.247142810508592 3 11.085458530573032
      vertex 5.614519925907331 3 7.093754946029026
      vertex 5.7287404717268515 3 7.464048860852824
    endloop
  endfacet
  facet normal 0 -1 0
    outer loop
      vertex 5.247142810508592 3 11.085458530573032
      vertex 5.614519925907331 3 6.706245053970971
      vertex 5.614519925907331 3 7.093754946029026
    endloop
  endfacet
  facet normal 0 -1 0
    outer loop
      vertex 7.984354661054759 3 11.26739910805605
      vertex 7.974110406610791 3 7.6323160754827075
      vertex 8.142244647521984 3 7.283181726734174
    endloop
  endfacet
  facet normal 0 -1 0
    outer loop
      vertex 7.984354661054759 3 11.26739910805605
      vertex 8.142244647521984 3 7.283181726734174
      vertex 8.199999999999996 3 6.899999999999999
    endloop
  endfacet
  facet normal 0 -1 0
    outer loop
      vertex 5.247142810508592 3 11.085458530573032
      vertex 5.623521997495665 3 2.5848402220633204
      vertex 5.614519925907331 3 6.706245053970971
    endloop
  endfacet
  facet normal 0 -1 0
    outer loop
      vertex 8.366102578320529 3 11.154473319911865
      vertex 8.736376255095593 3 2.7917494903887494
      vertex 8.736376255095593 3 11.008250509611248
    endloop
  endfacet
  facet normal 0 -1 0
    outer loop
      vertex 8.736376255095593 3 11.008250509611248
      vertex 9.092277797823584 3 2.970124931098983
      vertex 9.092277797823584 3 10.829875068901016
    endloop
  endfacet
  facet normal 0 -1 0
    outer loop
      vertex 9.092277797823584 3 10.829875068901016
      vertex 9.431021794383511 3 3.179256972544909
      vertex 9.431021794383511 3 10.620743027455088
    endloop
  endfacet
  facet normal 0 -1 0
    outer loop
      vertex 9.431021794383511 3 10.620743027455088
      vertex 9.749957113716206 3 3.417508872950517
      vertex 9.749957113716206 3 10.38249112704948
    endloop
  endfacet
  facet normal 0 -1 0
    outer loop
      vertex 9.749957113716206 3 10.38249112704948
      vertex 10.046587654519413 3 3.683015988161266
      vertex 10.046587654519413 3 10.116984011838731
    endloop
  endfacet
  facet normal 0 -1 0
    outer loop
      vertex 10.046587654519413 3 10.116984011838731
      vertex 10.31859188062478 3 3.973700365012782
      vertex 10.31859188062478 3 9.826299634987214
    endloop
  endfacet
  facet normal 0 -1 0
    outer loop
      vertex 10.31859188062478 3 9.826299634987214
      vertex 10.563840990166085 3 4.2872870041317555
      vertex 10.563840990166085 3 9.51271299586824
    endloop
  endfacet
  facet normal 0 -1 0
    outer loop
      vertex 8.366102578320529 3 11.154473319911865
      vertex 8.199999999999996 3 6.899999999999999
      vertex 8.366102578320529 3 2.645526680088132
    endloop
  endfacet
  facet normal 0 -1 0
    outer loop
      vertex 10.563840990166085 3 9.51271299586824
      vertex 10.780415576340125 3 4.621321664890601
      vertex 10.780415576340125 3 9.178678335109394
    endloop
  endfacet
  facet normal 0 1 0
    outer loop
      vertex 6.009891355565173 11 11.31108904932811
      vertex 5.947032566621225 11 7.784224559102194
      vertex 5.7287404717268515 11 7.464048860852824
    endloop
  endfacet
  facet normal 0 1 0
    outer loop
      vertex 5.623521997495665 11 11.21515977793668
      vertex 5.7287404717268515 11 7.464048860852824
      vertex 5.614519925907331 11 7.093754946029026
    endloop
  endfacet
  facet normal 0 1 0
    outer loop
      vertex 5.623521997495665 11 11.21515977793668
      vertex 5.614519925907331 11 7.093754946029026
      vertex 5.247142810508592 11 2.7145414694269654
    endloop
  endfacet
  facet normal 0 1 0
    outer loop
      vertex 8.366102578320529 11 11.154473319911865
      vertex 8.142244647521984 11 7.283181726734174
      vertex 7.974110406610791 11 7.6323160754827075
    endloop
  endfacet
  facet normal 0 1 0
    outer loop
      vertex 8.366102578320529 11 11.154473319911865
      vertex 8.199999999999996 11 6.899999999999999
      vertex 8.142244647521984 11 7.283181726734174
    endloop
  endfacet
  facet normal 0 1 0
    outer loop
      vertex 8.366102578320529 11 11.154473319911865
      vertex 8.736376255095593 11 11.008250509611248
      vertex 8.366102578320529 11 2.645526680088132
    endloop
  endfacet
  facet normal 0 1 0
    outer loop
      vertex 8.736376255095593 11 11.008250509611248
      vertex 9.092277797823584 11 10.829875068901016
      vertex 8.736376255095593 11 2.7917494903887494
    endloop
  endfacet
  facet normal 0 1 0
    outer loop
      vertex 9.092277797823584 11 10.829875068901016
      vertex 9.431021794383511 11 10.620743027455088
      vertex 9.092277797823584 11 2.970124931098983
    endloop
  endfacet
  facet normal 0 1 0
    outer loop
      vertex 9.431021794383511 11 10.620743027455088
      vertex 9.749957113716206 11 10.38249112704948
      vertex 9.431021794383511 11 3.179256972544909
    endloop
  endfacet
  facet normal 0 1 0
    outer loop
      vertex 9.749957113716206 11 10.38249112704948
      vertex 10.046587654519413 11 10.116984011838731
      vertex 9.749957113716206 11 3.417508872950517
    endloop
  endfacet
  facet normal 0 1 0
    outer loop
      vertex 10.046587654519413 11 10.116984011838731
      vertex 10.31859188062478 11 9.826299634987214
      vertex 10.046587654519413 11 3.683015988161266
    endloop
  endfacet
  facet normal 0 1 0
    outer loop
      vertex 8.366102578320529 11 11.154473319911865
      vertex 8.366102578320529 11 2.645526680088132
      vertex 8.199999999999996 11 6.899999999999999
    endloop
  endfacet
  facet normal 0 1 0
    outer loop
      vertex 10.31859188062478 11 9.826299634987214
      vertex 10.563840990166085 11 9.51271299586824
      vertex 10.31859188062478 11 3.973700365012782
    endloop
  endfacet
  facet normal 0 1 0
    outer loop
      vertex 10.563840990166085 11 9.51271299586824
      vertex 10.780415576340125 11 9.178678335109394
      vertex 10.563840990166085 11 4.2872870041317555
    endloop
  endfacet
  facet normal 0 1 0
    outer loop
      vertex 10.780415576340125 11 9.178678335109394
      vertex 10.966620649367414 11 8.826809926832047
      vertex 10.780415576340125 11 4.621321664890601
    endloop
  endfacet
  facet normal 0 -1 0
    outer loop
      vertex 5.623521997495665 3 2.5848402220633204
      vertex 5.7287404717268515 3 6.3359511391471734
      vertex 5.614519925907331 3 6.706245053970971
    endloop
  endfacet
  facet normal 0 -1 0
    outer loop
      vertex 6.009891355565173 3 2.4889109506718867
      vertex 5.947032566621225 3 6.015775440897803
      vertex 5.7287404717268515 3 6.3359511391471734
    endloop
  endfacet
  facet normal 0 -1 0
    outer loop
      vertex 6.009891355565173 3 2.4889109506718867
      vertex 6.25 3 5.774166975080229
      vertex 5.947032566621225 3 6.015775440897803
    endloop
  endfacet
  facet normal 0 -1 0
    outer loop
      vertex 6.4032270206312845 3 2.427504431867021
      vertex 6.610722785856787 3 5.632593714163628
      vertex 6.25 3 5.774166975080229
    endloop
  endfacet
  facet normal 0 -1 0
    outer loop
      vertex 6.80045060781066 3 2.401101254916405
      vertex 6.997149121662353 3 5.6036350636644645
      vertex 6.610722785856787 3 5.632593714163628
    endloop
  endfacet
  facet normal 0 -1 0
    outer loop
      vertex 7.594120198343859 3 2.4538559233588586
      vertex 7.374943331676313 3 5.689864126762533
      vertex 6.997149121662353 3 5.6036350636644645
    endloop
  endfacet
  facet normal 0 -1 0
    outer loop
      vertex 7.984354661054766 3 2.5326008919439467
      vertex 7.974110406610791 3 6.16768392451729
      vertex 7.710536742416352 3 5.883619072791561
    endloop
  endfacet
  facet normal 0 -1 0
    outer loop
      vertex 7.984354661054766 3 2.5326008919439467
      vertex 7.710536742416352 3 5.883619072791561
      vertex 7.374943331676313 3 5.689864126762533
    endloop
  endfacet
  facet normal 0 -1 0
    outer loop
      vertex 8.736376255095593 3 11.008250509611248
      vertex 8.736376255095593 3 2.7917494903887494
      vertex 9.092277797823584 3 2.970124931098983
    endloop
  endfacet
  facet normal 0 -1 0
    outer loop
      vertex 9.092277797823584 3 10.829875068901016
      vertex 9.092277797823584 3 2.970124931098983
      vertex 9.431021794383511 3 3.179256972544909
    endloop
  endfacet
  facet normal 0 -1 0
    outer loop
      vertex 10.563840990166085 3 9.51271299586824
      vertex 10.563840990166085 3 4.2872870041317555
      vertex 10.780415576340125 3 4.621321664890601
    endloop
  endfacet
  facet normal 0 -1 0
    outer loop
      vertex 10.780415576340125 3 9.178678335109394
      vertex 10.780415576340125 3 4.621321664890601
      vertex 10.966620649367414 3 4.973190073167949
    endloop
  endfacet
  facet normal 0 -1 0
    outer loop
      vertex 10.046587654519413 3 10.116984011838731
      vertex 10.046587654519413 3 3.683015988161266
      vertex 10.31859188062478 3 3.973700365012782
    endloop
  endfacet
  facet normal 0 -1 0
    outer loop
      vertex 9.431021794383511 3 10.620743027455088
      vertex 9.431021794383511 3 3.179256972544909
      vertex 9.749957113716206 3 3.417508872950517
    endloop
  endfacet
  facet normal 0 -1 0
    outer loop
      vertex 9.749957113716206 3 10.38249112704948
      vertex 9.749957113716206 3 3.417508872950517
      vertex 10.046587654519413 3 3.683015988161266
    endloop
  endfacet
  facet normal 0 -1 0
    outer loop
      vertex 10.31859188062478 3 9.826299634987214
      vertex 10.31859188062478 3 3.973700365012782
      vertex 10.563840990166085 3 4.2872870041317555
    endloop
  endfacet
  facet normal 0 -1 0
    outer loop
      vertex 8.366102578320529 3 2.645526680088132
      vertex 8.199999999999996 3 6.899999999999999
      vertex 8.142244647521984 3 6.516818273265823
    endloop
  endfacet
  facet normal 0 -1 0
    outer loop
      vertex 8.366102578320529 3 11.154473319911865
      vertex 8.366102578320529 3 2.645526680088132
      vertex 8.736376255095593 3 2.7917494903887494
    endloop
  endfacet
  facet normal 0 -1 0
    outer loop
      vertex 8.366102578320529 3 2.645526680088132
      vertex 8.142244647521984 3 6.516818273265823
      vertex 7.974110406610791 3 6.16768392451729
    endloop
  endfacet
  facet normal 0.8390719910244496 0 -0.5440203984027309
    outer loop
      vertex 10.780415576340125 3 4.621321664890601
      vertex 10.563840990166085 3 4.2872870041317555
      vertex 10.780415576340125 11 4.621321664890601
    endloop
  endfacet
  facet normal 0 1 0
    outer loop
      vertex 5.247142810508592 11 2.7145414694269654
      vertex 5.614519925907331 11 7.093754946029026
      vertex 5.614519925907331 11 6.706245053970971
    endloop
  endfacet
  facet normal 0 1 0
    outer loop
      vertex 5.247142810508592 11 2.7145414694269654
      vertex 5.614519925907331 11 6.706245053970971
      vertex 5.7287404717268515 11 6.3359511391471734
    endloop
  endfacet
  facet normal 0 1 0
    outer loop
      vertex 5.623521997495665 11 2.5848402220633204
      vertex 5.7287404717268515 11 6.3359511391471734
      vertex 5.947032566621225 11 6.015775440897803
    endloop
  endfacet
  facet normal 0 1 0
    outer loop
      vertex 5.623521997495665 11 2.5848402220633204
      vertex 5.947032566621225 11 6.015775440897803
      vertex 6.25 11 5.774166975080229
    endloop
  endfacet
  facet normal 0 1 0
    outer loop
      vertex 6.009891355565173 11 2.4889109506718867
      vertex 6.25 11 5.774166975080229
      vertex 6.610722785856787 11 5.632593714163628
    endloop
  endfacet
  facet normal 0 1 0
    outer loop
      vertex 6.4032270206312845 11 2.427504431867021
      vertex 6.610722785856787 11 5.632593714163628
      vertex 6.997149121662353 11 5.6036350636644645
    endloop
  endfacet
  facet normal 0 1 0
    outer loop
      vertex 7.984354661054766 11 2.5326008919439467
      vertex 8.142244647521984 11 6.516818273265823
      vertex 8.199999999999996 11 6.899999999999999
    endloop
  endfacet
  facet normal 0 1 0
    outer loop
      vertex 7.984354661054766 11 2.5326008919439467
      vertex 7.974110406610791 11 6.16768392451729
      vertex 8.142244647521984 11 6.516818273265823
    endloop
  endfacet
  facet normal 0 1 0
    outer loop
      vertex 7.198453303957969 11 2.409908060478429
      vertex 6.997149121662353 11 5.6036350636644645
      vertex 7.374943331676313 11 5.689864126762533
    endloop
  endfacet
  facet normal 0 1 0
    outer loop
      vertex 7.594120198343859 11 2.4538559233588586
      vertex 7.710536742416352 11 5.883619072791561
      vertex 7.974110406610791 11 6.16768392451729
    endloop
  endfacet
  facet normal 0 1 0
    outer loop
      vertex 7.594120198343859 11 2.4538559233588586
      vertex 7.374943331676313 11 5.689864126762533
      vertex 7.710536742416352 11 5.883619072791561
    endloop
  endfacet
  facet normal 0 1 0
    outer loop
      vertex 9.431021794383511 11 10.620743027455088
      vertex 9.431021794383511 11 3.179256972544909
      vertex 9.092277797823584 11 2.970124931098983
    endloop
  endfacet
  facet normal 0 1 0
    outer loop
      vertex 9.749957113716206 11 10.38249112704948
      vertex 9.749957113716206 11 3.417508872950517
      vertex 9.431021794383511 11 3.179256972544909
    endloop
  endfacet
  facet normal 0 1 0
    outer loop
      vertex 10.046587654519413 11 10.116984011838731
      vertex 10.046587654519413 11 3.683015988161266
      vertex 9.749957113716206 11 3.417508872950517
    endloop
  endfacet
  facet normal 0 1 0
    outer loop
      vertex 10.563840990166085 11 9.51271299586824
      vertex 10.563840990166085 11 4.2872870041317555
      vertex 10.31859188062478 11 3.973700365012782
    endloop
  endfacet
  facet normal 0 1 0
    outer loop
      vertex 10.780415576340125 11 9.178678335109394
      vertex 10.780415576340125 11 4.621321664890601
      vertex 10.563840990166085 11 4.2872870041317555
    endloop
  endfacet
  facet normal 0 1 0
    outer loop
      vertex 10.31859188062478 11 9.826299634987214
      vertex 10.31859188062478 11 3.973700365012782
      vertex 10.046587654519413 11 3.683015988161266
    endloop
  endfacet
  facet normal 0.8838691327455646 0 -0.4677342794574753
    outer loop
      vertex 10.780415576340125 3 4.621321664890601
      vertex 10.780415576340125 11 4.621321664890601
      vertex 10.966620649367414 11 4.973190073167949
    endloop
  endfacet
  facet normal 0 1 0
    outer loop
      vertex 8.736376255095593 11 11.008250509611248
      vertex 8.736376255095593 11 2.7917494903887494
      vertex 8.366102578320529 11 2.645526680088132
    endloop
  endfacet
  facet normal 0 1 0
    outer loop
      vertex 9.092277797823584 11 10.829875068901016
      vertex 9.092277797823584 11 2.970124931098983
      vertex 8.736376255095593 11 2.7917494903887494
    endloop
  endfacet
  facet normal -0.814186886703568 5.977871235618137e-20 -0.5806028879707293
    outer loop
      vertex 3.124176040389976 3 4.451908207187703
      vertex 3.3553141200702683 11 4.127780309458359
      vertex 3.3553141200702683 3 4.127780309458359
    endloop
  endfacet
  facet normal -0.7596870845832859 1.1011822170698308e-18 -0.6502888077749358
    outer loop
      vertex 3.3553141200702683 3 4.127780309458359
      vertex 3.614194172823744 11 3.825348789521879
      vertex 3.614194172823744 3 3.825348789521879
    endloop
  endfacet
  facet normal -0.6992417010043128 0 -0.7148853359641637
    outer loop
      vertex 3.614194172823744 3 3.825348789521879
      vertex 3.614194172823744 11 3.825348789521879
      vertex 3.8987901112350727 3 3.5469805840735695
    endloop
  endfacet
  facet normal -0.6333238030480469 0 -0.7738869171221069
    outer loop
      vertex 3.8987901112350727 3 3.5469805840735695
      vertex 3.8987901112350727 11 3.5469805840735695
      vertex 4.206874586216742 3 3.294854301746632
    endloop
  endfacet
  facet normal -0.562449287640785 0 -0.8268317838789058
    outer loop
      vertex 4.206874586216742 3 3.294854301746632
      vertex 4.206874586216742 11 3.294854301746632
      vertex 4.5360364190356535 3 3.070943172545718
    endloop
  endfacet
  facet normal -0.4871728439607924 0 -0.873305570866895
    outer loop
      vertex 4.5360364190356535 3 3.070943172545718
      vertex 4.5360364190356535 11 3.070943172545718
      vertex 4.883699472055895 3 2.876999604646759
    endloop
  endfacet
  facet normal -0.40808361224346823 0 -0.9129445576913874
    outer loop
      vertex 4.883699472055895 3 2.876999604646759
      vertex 4.883699472055895 11 2.876999604646759
      vertex 5.247142810508592 3 2.7145414694269654
    endloop
  endfacet
  facet normal -0.32580057296010945 0 -0.9454385155359731
    outer loop
      vertex 5.247142810508592 3 2.7145414694269654
      vertex 5.247142810508592 11 2.7145414694269654
      vertex 5.623521997495665 3 2.5848402220633204
    endloop
  endfacet
  facet normal -0.814186886703568 0 -0.5806028879707293
    outer loop
      vertex 3.124176040389976 3 4.451908207187703
      vertex 3.124176040389976 11 4.451908207187703
      vertex 3.3553141200702683 11 4.127780309458359
    endloop
  endfacet
  facet normal -0.7596870845832859 0 -0.6502888077749358
    outer loop
      vertex 3.3553141200702683 3 4.127780309458359
      vertex 3.3553141200702683 11 4.127780309458359
      vertex 3.614194172823744 11 3.825348789521879
    endloop
  endfacet
  facet normal -0.6992417010043128 0 -0.7148853359641637
    outer loop
      vertex 3.8987901112350727 3 3.5469805840735695
      vertex 3.614194172823744 11 3.825348789521879
      vertex 3.8987901112350727 11 3.5469805840735695
    endloop
  endfacet
  facet normal -0.6333238030480469 0 -0.7738869171221069
    outer loop
      vertex 4.206874586216742 3 3.294854301746632
      vertex 3.8987901112350727 11 3.5469805840735695
      vertex 4.206874586216742 11 3.294854301746632
    endloop
  endfacet
  facet normal -0.562449287640785 0 -0.8268317838789058
    outer loop
      vertex 4.5360364190356535 3 3.070943172545718
      vertex 4.206874586216742 11 3.294854301746632
      vertex 4.5360364190356535 11 3.070943172545718
    endloop
  endfacet
  facet normal -0.4871728439607924 0 -0.873305570866895
    outer loop
      vertex 4.883699472055895 3 2.876999604646759
      vertex 4.5360364190356535 11 3.070943172545718
      vertex 4.883699472055895 11 2.876999604646759
    endloop
  endfacet
  facet normal -0.40808361224346823 0 -0.9129445576913874
    outer loop
      vertex 5.247142810508592 3 2.7145414694269654
      vertex 4.883699472055895 11 2.876999604646759
      vertex 5.247142810508592 11 2.7145414694269654
    endloop
  endfacet
  facet normal 0 -1 0
    outer loop
      vertex 5.623521997495665 3 2.5848402220633204
      vertex 6.009891355565173 3 2.4889109506718867
      vertex 5.7287404717268515 3 6.3359511391471734
    endloop
  endfacet
  facet normal 0 -1 0
    outer loop
      vertex 6.009891355565173 3 2.4889109506718867
      vertex 6.4032270206312845 3 2.427504431867021
      vertex 6.25 3 5.774166975080229
    endloop
  endfacet
  facet normal 0 -1 0
    outer loop
      vertex 6.4032270206312845 3 2.427504431867021
      vertex 6.80045060781066 3 2.401101254916405
      vertex 6.610722785856787 3 5.632593714163628
    endloop
  endfacet
  facet normal 0 -1 0
    outer loop
      vertex 6.80045060781066 3 2.401101254916405
      vertex 7.198453303957969 3 2.409908060478429
      vertex 6.997149121662353 3 5.6036350636644645
    endloop
  endfacet
  facet normal 0 -1 0
    outer loop
      vertex 7.198453303957969 3 2.409908060478429
      vertex 7.594120198343859 3 2.4538559233588586
      vertex 6.997149121662353 3 5.6036350636644645
    endloop
  endfacet
  facet normal 0 -1 0
    outer loop
      vertex 7.984354661054766 3 2.5326008919439467
      vertex 8.366102578320529 3 2.645526680088132
      vertex 7.974110406610791 3 6.16768392451729
    endloop
  endfacet
  facet normal 0 -1 0
    outer loop
      vertex 7.984354661054766 3 2.5326008919439467
      vertex 7.374943331676313 3 5.689864126762533
      vertex 7.594120198343859 3 2.4538559233588586
    endloop
  endfacet
  facet normal -0.24096770245661747 0 -0.9705331351235664
    outer loop
      vertex 5.623521997495665 3 2.5848402220633204
      vertex 5.623521997495665 11 2.5848402220633204
      vertex 6.009891355565173 3 2.4889109506718867
    endloop
  endfacet
  facet normal -0.1542489329653037 0 -0.9880320170313638
    outer loop
      vertex 6.009891355565173 3 2.4889109506718867
      vertex 6.009891355565173 11 2.4889109506718867
      vertex 6.4032270206312845 3 2.427504431867021
    endloop
  endfacet
  facet normal -0.0663229564351054 0 -0.9977982087825709
    outer loop
      vertex 6.4032270206312845 3 2.427504431867021
      vertex 6.4032270206312845 11 2.427504431867021
      vertex 6.80045060781066 3 2.401101254916405
    endloop
  endfacet
  facet normal 0.02212208715318786 0 -0.999755276685243
    outer loop
      vertex 6.80045060781066 3 2.401101254916405
      vertex 6.80045060781066 11 2.401101254916405
      vertex 7.198453303957969 3 2.409908060478429
    endloop
  endfacet
  facet normal 0.11039399541526529 0 -0.9938879040295512
    outer loop
      vertex 7.198453303957969 3 2.409908060478429
      vertex 7.198453303957969 11 2.409908060478429
      vertex 7.594120198343859 3 2.4538559233588586
    endloop
  endfacet
  facet normal 0.28366177833429446 0 -0.9589243950970409
    outer loop
      vertex 7.984354661054766 3 2.5326008919439467
      vertex 7.984354661054766 11 2.5326008919439467
      vertex 8.366102578320529 3 2.645526680088132
    endloop
  endfacet
  facet normal 0.19780192098552227 -1.6756934880707986e-19 -0.9802420109618019
    outer loop
      vertex 7.984354661054766 3 2.5326008919439467
      vertex 7.594120198343859 3 2.4538559233588586
      vertex 7.594120198343859 11 2.4538559233588586
    endloop
  endfacet
  facet normal 0.7877079733177145 0 -0.616048820120369
    outer loop
      vertex 10.563840990166085 3 4.2872870041317555
      vertex 10.31859188062478 3 3.973700365012782
      vertex 10.563840990166085 11 4.2872870041317555
    endloop
  endfacet
  facet normal 0.6669355308366435 -1.796565406454674e-18 -0.7451154257614351
    outer loop
      vertex 10.046587654519413 3 3.683015988161266
      vertex 9.749957113716206 3 3.417508872950517
      vertex 9.749957113716206 11 3.417508872950517
    endloop
  endfacet
  facet normal 0.7301790727058387 0 -0.6832558245506888
    outer loop
      vertex 10.31859188062478 3 3.973700365012782
      vertex 10.046587654519413 3 3.683015988161266
      vertex 10.31859188062478 11 3.973700365012782
    endloop
  endfacet
  facet normal 0.4480667839875824 0 -0.8940000878562737
    outer loop
      vertex 8.736376255095593 3 2.7917494903887494
      vertex 8.736376255095593 11 2.7917494903887494
      vertex 9.092277797823584 3 2.970124931098983
    endloop
  endfacet
  facet normal 0.5253252402142969 9.619286889165028e-19 -0.8509015172120633
    outer loop
      vertex 9.431021794383511 3 3.179256972544909
      vertex 9.092277797823584 3 2.970124931098983
      vertex 9.092277797823584 11 2.970124931098983
    endloop
  endfacet
  facet normal 0.3673015976647575 -1.3700710629861096e-19 -0.9301018956828959
    outer loop
      vertex 8.736376255095593 3 2.7917494903887494
      vertex 8.366102578320529 3 2.645526680088132
      vertex 8.366102578320529 11 2.645526680088132
    endloop
  endfacet
  facet normal 0.5984723141740603 -1.406097195721449e-18 -0.8011434885007461
    outer loop
      vertex 9.749957113716206 3 3.417508872950517
      vertex 9.431021794383511 3 3.179256972544909
      vertex 9.431021794383511 11 3.179256972544909
    endloop
  endfacet
  facet normal 0 1 0
    outer loop
      vertex 5.247142810508592 11 2.7145414694269654
      vertex 5.7287404717268515 11 6.3359511391471734
      vertex 5.623521997495665 11 2.5848402220633204
    endloop
  endfacet
  facet normal 0 1 0
    outer loop
      vertex 5.623521997495665 11 2.5848402220633204
      vertex 6.25 11 5.774166975080229
      vertex 6.009891355565173 11 2.4889109506718867
    endloop
  endfacet
  facet normal 0 1 0
    outer loop
      vertex 6.009891355565173 11 2.4889109506718867
      vertex 6.610722785856787 11 5.632593714163628
      vertex 6.4032270206312845 11 2.427504431867021
    endloop
  endfacet
  facet normal 0 1 0
    outer loop
      vertex 6.4032270206312845 11 2.427504431867021
      vertex 6.997149121662353 11 5.6036350636644645
      vertex 6.80045060781066 11 2.401101254916405
    endloop
  endfacet
  facet normal 0 1 0
    outer loop
      vertex 6.80045060781066 11 2.401101254916405
      vertex 6.997149121662353 11 5.6036350636644645
      vertex 7.198453303957969 11 2.409908060478429
    endloop
  endfacet
  facet normal 0 1 0
    outer loop
      vertex 7.198453303957969 11 2.409908060478429
      vertex 7.374943331676313 11 5.689864126762533
      vertex 7.594120198343859 11 2.4538559233588586
    endloop
  endfacet
  facet normal 0 1 0
    outer loop
      vertex 7.984354661054766 11 2.5326008919439467
      vertex 7.594120198343859 11 2.4538559233588586
      vertex 7.974110406610791 11 6.16768392451729
    endloop
  endfacet
  facet normal -0.32580057296010945 -4.659042025594048e-19 -0.9454385155359731
    outer loop
      vertex 5.247142810508592 11 2.7145414694269654
      vertex 5.623521997495665 11 2.5848402220633204
      vertex 5.623521997495665 3 2.5848402220633204
    endloop
  endfacet
  facet normal -0.24096770245661747 0 -0.9705331351235664
    outer loop
      vertex 6.009891355565173 3 2.4889109506718867
      vertex 5.623521997495665 11 2.5848402220633204
      vertex 6.009891355565173 11 2.4889109506718867
    endloop
  endfacet
  facet normal -0.1542489329653037 0 -0.9880320170313638
    outer loop
      vertex 6.4032270206312845 3 2.427504431867021
      vertex 6.009891355565173 11 2.4889109506718867
      vertex 6.4032270206312845 11 2.427504431867021
    endloop
  endfacet
  facet normal -0.0663229564351054 0 -0.9977982087825709
    outer loop
      vertex 6.80045060781066 3 2.401101254916405
      vertex 6.4032270206312845 11 2.427504431867021
      vertex 6.80045060781066 11 2.401101254916405
    endloop
  endfacet
  facet normal 0.02212208715318786 0 -0.999755276685243
    outer loop
      vertex 7.198453303957969 3 2.409908060478429
      vertex 6.80045060781066 11 2.401101254916405
      vertex 7.198453303957969 11 2.409908060478429
    endloop
  endfacet
  facet normal 0.11039399541526529 0 -0.9938879040295512
    outer loop
      vertex 7.594120198343859 3 2.4538559233588586
      vertex 7.198453303957969 11 2.409908060478429
      vertex 7.594120198343859 11 2.4538559233588586
    endloop
  endfacet
  facet normal 0.19780192098552227 0 -0.9802420109618019
    outer loop
      vertex 7.984354661054766 3 2.5326008919439467
      vertex 7.594120198343859 11 2.4538559233588586
      vertex 7.984354661054766 11 2.5326008919439467
    endloop
  endfacet
  facet normal 0.8390719910244496 -1.3915405433166059e-18 -0.5440203984027309
    outer loop
      vertex 10.780415576340125 11 4.621321664890601
      vertex 10.563840990166085 3 4.2872870041317555
      vertex 10.563840990166085 11 4.2872870041317555
    endloop
  endfacet
  facet normal 0.7877079733177145 0 -0.616048820120369
    outer loop
      vertex 10.31859188062478 3 3.973700365012782
      vertex 10.31859188062478 11 3.973700365012782
      vertex 10.563840990166085 11 4.2872870041317555
    endloop
  endfacet
  facet normal 0.7301790727058387 0 -0.6832558245506888
    outer loop
      vertex 10.046587654519413 3 3.683015988161266
      vertex 10.046587654519413 11 3.683015988161266
      vertex 10.31859188062478 11 3.973700365012782
    endloop
  endfacet
  facet normal 0.5984723141740603 0 -0.8011434885007461
    outer loop
      vertex 9.749957113716206 3 3.417508872950517
      vertex 9.431021794383511 11 3.179256972544909
      vertex 9.749957113716206 11 3.417508872950517
    endloop
  endfacet
  facet normal 0.6669355308366435 0 -0.7451154257614351
    outer loop
      vertex 10.046587654519413 3 3.683015988161266
      vertex 9.749957113716206 11 3.417508872950517
      vertex 10.046587654519413 11 3.683015988161266
    endloop
  endfacet
  facet normal 0 1 0
    outer loop
      vertex 7.984354661054766 11 2.5326008919439467
      vertex 8.199999999999996 11 6.899999999999999
      vertex 8.366102578320529 11 2.645526680088132
    endloop
  endfacet
  facet normal 0.5253252402142969 0 -0.8509015172120633
    outer loop
      vertex 9.431021794383511 3 3.179256972544909
      vertex 9.092277797823584 11 2.970124931098983
      vertex 9.431021794383511 11 3.179256972544909
    endloop
  endfacet
  facet normal 0.4480667839875824 0 -0.8940000878562737
    outer loop
      vertex 9.092277797823584 3 2.970124931098983
      vertex 8.736376255095593 11 2.7917494903887494
      vertex 9.092277797823584 11 2.970124931098983
    endloop
  endfacet
  facet normal 0.28366177833429446 0 -0.9589243950970409
    outer loop
      vertex 8.366102578320529 3 2.645526680088132
      vertex 7.984354661054766 11 2.5326008919439467
      vertex 8.366102578320529 11 2.645526680088132
    endloop
  endfacet
  facet normal 0.3673015976647575 0 -0.9301018956828959
    outer loop
      vertex 8.736376255095593 3 2.7917494903887494
      vertex 8.366102578320529 11 2.645526680088132
      vertex 8.736376255095593 11 2.7917494903887494
    endloop
  endfacet
  facet normal 0.921748800108875 0 0.3877875055979099
    outer loop
      vertex 10.966620649367414 3 8.826809926832047
      vertex 11.120998902085354 3 8.459861618411784
      vertex 10.966620649367414 11 8.826809926832047
    endloop
  endfacet
  facet normal 0.9524145333581336 0 0.304805768725279
    outer loop
      vertex 11.120998902085354 3 8.459861618411784
      vertex 11.242342115352642 3 8.080705277888903
      vertex 11.120998902085354 11 8.459861618411784
    endloop
  endfacet
  facet normal 0.9756263315525062 0 0.21943851344146267
    outer loop
      vertex 11.242342115352642 3 8.080705277888903
      vertex 11.329700614002263 3 7.692308317707161
      vertex 11.242342115352642 11 8.080705277888903
    endloop
  endfacet
  facet normal 0 -1 0
    outer loop
      vertex 10.780415576340125 3 9.178678335109394
      vertex 10.966620649367414 3 4.973190073167949
      vertex 10.966620649367414 3 8.826809926832047
    endloop
  endfacet
  facet normal 0 -1 0
    outer loop
      vertex 10.966620649367414 3 8.826809926832047
      vertex 11.120998902085354 3 5.340138381588211
      vertex 11.120998902085354 3 8.459861618411784
    endloop
  endfacet
  facet normal 0 -1 0
    outer loop
      vertex 11.120998902085354 3 8.459861618411784
      vertex 11.242342115352642 3 5.719294722111092
      vertex 11.242342115352642 3 8.080705277888903
    endloop
  endfacet
  facet normal 0 -1 0
    outer loop
      vertex 11.242342115352642 3 8.080705277888903
      vertex 11.329700614002263 3 6.107691682292836
      vertex 11.329700614002263 3 7.692308317707161
    endloop
  endfacet
  facet normal 0.9912025308994143 0 0.13235385426422444
    outer loop
      vertex 11.329700614002263 3 7.692308317707161
      vertex 11.38239069933725 3 7.29771047068804
      vertex 11.329700614002263 11 7.692308317707161
    endloop
  endfacet
  facet normal 0 -1 0
    outer loop
      vertex 11.329700614002263 3 7.692308317707161
      vertex 11.38239069933725 3 6.502289529311957
      vertex 11.38239069933725 3 7.29771047068804
    endloop
  endfacet
  facet normal 0 -1 0
    outer loop
      vertex 11.38239069933725 3 7.29771047068804
      vertex 11.38239069933725 3 6.502289529311957
      vertex 11.399999999999999 3 6.899999999999999
    endloop
  endfacet
  facet normal 0 -1 0
    outer loop
      vertex 11.329700614002263 3 7.692308317707161
      vertex 11.329700614002263 3 6.107691682292836
      vertex 11.38239069933725 3 6.502289529311957
    endloop
  endfacet
  facet normal 0.9990212265199735 0 0.04423334672537878
    outer loop
      vertex 11.38239069933725 3 7.29771047068804
      vertex 11.399999999999999 3 6.899999999999999
      vertex 11.38239069933725 11 7.29771047068804
    endloop
  endfacet
  facet normal 0.9990212265199735 0 -0.04423334672537878
    outer loop
      vertex 11.399999999999999 3 6.899999999999999
      vertex 11.38239069933725 3 6.502289529311957
      vertex 11.399999999999999 11 6.899999999999999
    endloop
  endfacet
  facet normal 0.921748800108875 0 0.3877875055979099
    outer loop
      vertex 11.120998902085354 3 8.459861618411784
      vertex 11.120998902085354 11 8.459861618411784
      vertex 10.966620649367414 11 8.826809926832047
    endloop
  endfacet
  facet normal 0.9524145333581336 0 0.304805768725279
    outer loop
      vertex 11.242342115352642 3 8.080705277888903
      vertex 11.242342115352642 11 8.080705277888903
      vertex 11.120998902085354 11 8.459861618411784
    endloop
  endfacet
  facet normal 0.9756263315525062 0 0.21943851344146267
    outer loop
      vertex 11.329700614002263 3 7.692308317707161
      vertex 11.329700614002263 11 7.692308317707161
      vertex 11.242342115352642 11 8.080705277888903
    endloop
  endfacet
  facet normal 0.9912025308994143 0 0.13235385426422444
    outer loop
      vertex 11.38239069933725 3 7.29771047068804
      vertex 11.38239069933725 11 7.29771047068804
      vertex 11.329700614002263 11 7.692308317707161
    endloop
  endfacet
  facet normal 0.9990212265199735 0 0.04423334672537878
    outer loop
      vertex 11.399999999999999 3 6.899999999999999
      vertex 11.399999999999999 11 6.899999999999999
      vertex 11.38239069933725 11 7.29771047068804
    endloop
  endfacet
  facet normal 0 1 0
    outer loop
      vertex 10.966620649367414 11 8.826809926832047
      vertex 11.120998902085354 11 8.459861618411784
      vertex 10.966620649367414 11 4.973190073167949
    endloop
  endfacet
  facet normal 0 1 0
    outer loop
      vertex 11.120998902085354 11 8.459861618411784
      vertex 11.242342115352642 11 8.080705277888903
      vertex 11.120998902085354 11 5.340138381588211
    endloop
  endfacet
  facet normal 0 1 0
    outer loop
      vertex 11.242342115352642 11 8.080705277888903
      vertex 11.329700614002263 11 7.692308317707161
      vertex 11.242342115352642 11 5.719294722111092
    endloop
  endfacet
  facet normal 0 1 0
    outer loop
      vertex 11.329700614002263 11 7.692308317707161
      vertex 11.38239069933725 11 7.29771047068804
      vertex 11.329700614002263 11 6.107691682292836
    endloop
  endfacet
  facet normal 0 1 0
    outer loop
      vertex 11.38239069933725 11 7.29771047068804
      vertex 11.399999999999999 11 6.899999999999999
      vertex 11.38239069933725 11 6.502289529311957
    endloop
  endfacet
  facet normal 0 -1 0
    outer loop
      vertex 11.120998902085354 3 8.459861618411784
      vertex 11.120998902085354 3 5.340138381588211
      vertex 11.242342115352642 3 5.719294722111092
    endloop
  endfacet
  facet normal 0 -1 0
    outer loop
      vertex 11.242342115352642 3 8.080705277888903
      vertex 11.242342115352642 3 5.719294722111092
      vertex 11.329700614002263 3 6.107691682292836
    endloop
  endfacet
  facet normal 0 -1 0
    outer loop
      vertex 10.966620649367414 3 8.826809926832047
      vertex 10.966620649367414 3 4.973190073167949
      vertex 11.120998902085354 3 5.340138381588211
    endloop
  endfacet
  facet normal 0.9912025308994143 0 -0.13235385426422444
    outer loop
      vertex 11.38239069933725 3 6.502289529311957
      vertex 11.329700614002263 3 6.107691682292836
      vertex 11.38239069933725 11 6.502289529311957
    endloop
  endfacet
  facet normal 0.9756263315525066 0 -0.21943851344146173
    outer loop
      vertex 11.329700614002263 3 6.107691682292836
      vertex 11.242342115352642 3 5.719294722111092
      vertex 11.329700614002263 11 6.107691682292836
    endloop
  endfacet
  facet normal 0.9524145333581336 0 -0.304805768725279
    outer loop
      vertex 11.242342115352642 3 5.719294722111092
      vertex 11.120998902085354 3 5.340138381588211
      vertex 11.242342115352642 11 5.719294722111092
    endloop
  endfacet
  facet normal 0.921748800108875 0 -0.3877875055979099
    outer loop
      vertex 11.120998902085354 3 5.340138381588211
      vertex 10.966620649367414 3 4.973190073167949
      vertex 11.120998902085354 11 5.340138381588211
    endloop
  endfacet
  facet normal 0.8838691327455646 1.5090604432160429e-18 -0.4677342794574753
    outer loop
      vertex 10.780415576340125 3 4.621321664890601
      vertex 10.966620649367414 11 4.973190073167949
      vertex 10.966620649367414 3 4.973190073167949
    endloop
  endfacet
  facet normal 0.9990212265199735 -1.2815029672124398e-19 -0.04423334672537878
    outer loop
      vertex 11.399999999999999 11 6.899999999999999
      vertex 11.38239069933725 3 6.502289529311957
      vertex 11.38239069933725 11 6.502289529311957
    endloop
  endfacet
  facet normal 0.9912025308994143 0 -0.13235385426422444
    outer loop
      vertex 11.329700614002263 3 6.107691682292836
      vertex 11.329700614002263 11 6.107691682292836
      vertex 11.38239069933725 11 6.502289529311957
    endloop
  endfacet
  facet normal 0.9756263315525066 0 -0.21943851344146173
    outer loop
      vertex 11.242342115352642 3 5.719294722111092
      vertex 11.242342115352642 11 5.719294722111092
      vertex 11.329700614002263 11 6.107691682292836
    endloop
  endfacet
  facet normal 0 1 0
    outer loop
      vertex 11.38239069933725 11 7.29771047068804
      vertex 11.38239069933725 11 6.502289529311957
      vertex 11.329700614002263 11 6.107691682292836
    endloop
  endfacet
  facet normal 0 1 0
    outer loop
      vertex 11.329700614002263 11 7.692308317707161
      vertex 11.329700614002263 11 6.107691682292836
      vertex 11.242342115352642 11 5.719294722111092
    endloop
  endfacet
  facet normal 0 1 0
    outer loop
      vertex 10.780415576340125 11 4.621321664890601
      vertex 10.966620649367414 11 8.826809926832047
      vertex 10.966620649367414 11 4.973190073167949
    endloop
  endfacet
  facet normal 0 1 0
    outer loop
      vertex 11.120998902085354 11 8.459861618411784
      vertex 11.120998902085354 11 5.340138381588211
      vertex 10.966620649367414 11 4.973190073167949
    endloop
  endfacet
  facet normal 0 1 0
    outer loop
      vertex 11.242342115352642 11 8.080705277888903
      vertex 11.242342115352642 11 5.719294722111092
      vertex 11.120998902085354 11 5.340138381588211
    endloop
  endfacet
  facet normal 0.9524145333581336 0 -0.304805768725279
    outer loop
      vertex 11.120998902085354 3 5.340138381588211
      vertex 11.120998902085354 11 5.340138381588211
      vertex 11.242342115352642 11 5.719294722111092
    endloop
  endfacet
  facet normal 0.921748800108875 0 -0.3877875055979099
    outer loop
      vertex 10.966620649367414 3 4.973190073167949
      vertex 10.966620649367414 11 4.973190073167949
      vertex 11.120998902085354 11 5.340138381588211
    endloop
  endfacet
  facet normal -0.32580057296012294 0 0.9454385155359685
    outer loop
      vertex 78.66682199749565 3 11.21515977793668
      vertex 78.66682199749565 11 11.21515977793668
      vertex 78.29044281050858 3 11.085458530573032
    endloop
  endfacet
  facet normal -0.2409677024566049 -6.593905974673687e-19 0.9705331351235698
    outer loop
      vertex 78.66682199749565 3 11.21515977793668
      vertex 79.05319135556516 3 11.31108904932811
      vertex 79.05319135556516 11 11.31108904932811
    endloop
  endfacet
  facet normal -0.15424893296530642 1.5917476246517275e-19 0.9880320170313633
    outer loop
      vertex 79.05319135556516 3 11.31108904932811
      vertex 79.44652702063127 3 11.372495568132976
      vertex 79.44652702063127 11 11.372495568132976
    endloop
  endfacet
  facet normal -0.06632295643510422 5.766750772714151e-20 0.9977982087825711
    outer loop
      vertex 79.44652702063127 3 11.372495568132976
      vertex 79.84375060781065 3 11.398898745083592
      vertex 79.84375060781065 11 11.398898745083592
    endloop
  endfacet
  facet normal 0.022122087153188256 -1.3058631735920552e-20 0.9997552766852431
    outer loop
      vertex 79.84375060781065 3 11.398898745083592
      vertex 80.24175330395795 3 11.390091939521568
      vertex 80.24175330395795 11 11.390091939521568
    endloop
  endfacet
  facet normal 0.11039399541526773 -2.6343566173148166e-19 0.993887904029551
    outer loop
      vertex 80.24175330395795 3 11.390091939521568
      vertex 80.63742019834385 3 11.346144076641137
      vertex 80.63742019834385 11 11.346144076641137
    endloop
  endfacet
  facet normal 0.197801920985518 -5.025700590482221e-20 0.9802420109618027
    outer loop
      vertex 80.63742019834385 3 11.346144076641137
      vertex 81.02765466105475 3 11.26739910805605
      vertex 81.02765466105475 11 11.26739910805605
    endloop
  endfacet
  facet normal 0.2836617783342993 -6.234163598824572e-19 0.9589243950970393
    outer loop
      vertex 81.02765466105475 3 11.26739910805605
      vertex 81.40940257832051 3 11.154473319911865
      vertex 81.40940257832051 11 11.154473319911865
    endloop
  endfacet
  facet normal -0.32580057296012294 2.307436538458603e-19 0.9454385155359685
    outer loop
      vertex 78.66682199749565 11 11.21515977793668
      vertex 78.29044281050858 11 11.085458530573032
      vertex 78.29044281050858 3 11.085458530573032
    endloop
  endfacet
  facet normal -0.2409677024566049 0 0.9705331351235698
    outer loop
      vertex 78.66682199749565 3 11.21515977793668
      vertex 79.05319135556516 11 11.31108904932811
      vertex 78.66682199749565 11 11.21515977793668
    endloop
  endfacet
  facet normal -0.15424893296530642 0 0.9880320170313633
    outer loop
      vertex 79.05319135556516 3 11.31108904932811
      vertex 79.44652702063127 11 11.372495568132976
      vertex 79.05319135556516 11 11.31108904932811
    endloop
  endfacet
  facet normal -0.06632295643510422 0 0.9977982087825711
    outer loop
      vertex 79.44652702063127 3 11.372495568132976
      vertex 79.84375060781065 11 11.398898745083592
      vertex 79.44652702063127 11 11.372495568132976
    endloop
  endfacet
  facet normal 0.022122087153188256 0 0.9997552766852431
    outer loop
      vertex 79.84375060781065 3 11.398898745083592
      vertex 80.24175330395795 11 11.390091939521568
      vertex 79.84375060781065 11 11.398898745083592
    endloop
  endfacet
  facet normal 0.11039399541526773 0 0.993887904029551
    outer loop
      vertex 80.24175330395795 3 11.390091939521568
      vertex 80.63742019834385 11 11.346144076641137
      vertex 80.24175330395795 11 11.390091939521568
    endloop
  endfacet
  facet normal 0.197801920985518 0 0.9802420109618027
    outer loop
      vertex 80.63742019834385 3 11.346144076641137
      vertex 81.02765466105475 11 11.26739910805605
      vertex 80.63742019834385 11 11.346144076641137
    endloop
  endfacet
  facet normal 0.2836617783342993 0 0.9589243950970393
    outer loop
      vertex 81.02765466105475 3 11.26739910805605
      vertex 81.40940257832051 11 11.154473319911865
      vertex 81.02765466105475 11 11.26739910805605
    endloop
  endfacet
  facet normal -0.6333238030480469 0 0.7738869171221069
    outer loop
      vertex 77.25017458621673 3 10.505145698253365
      vertex 77.25017458621673 11 10.505145698253365
      vertex 76.94209011123506 3 10.253019415926428
    endloop
  endfacet
  facet normal -0.6992417010043128 0 0.7148853359641637
    outer loop
      vertex 76.94209011123506 3 10.253019415926428
      vertex 76.94209011123506 11 10.253019415926428
      vertex 76.65749417282373 3 9.974651210478118
    endloop
  endfacet
  facet normal -0.48717284396079585 0 0.8733055708668931
    outer loop
      vertex 77.92699947205588 3 10.923000395353238
      vertex 77.92699947205588 11 10.923000395353238
      vertex 77.57933641903564 3 10.729056827454277
    endloop
  endfacet
  facet normal -0.5624492876407818 4.040560177103498e-19 0.8268317838789078
    outer loop
      vertex 77.25017458621673 3 10.505145698253365
      vertex 77.57933641903564 3 10.729056827454277
      vertex 77.57933641903564 11 10.729056827454277
    endloop
  endfacet
  facet normal -0.40808361224346823 8.739224331999147e-19 0.9129445576913874
    outer loop
      vertex 77.92699947205588 3 10.923000395353238
      vertex 78.29044281050858 3 11.085458530573032
      vertex 78.29044281050858 11 11.085458530573032
    endloop
  endfacet
  facet normal -0.759687084583277 -1.776864835197007e-18 0.650288807774946
    outer loop
      vertex 76.65749417282373 3 9.974651210478118
      vertex 76.39861412007025 11 9.672219690541638
      vertex 76.39861412007025 3 9.672219690541638
    endloop
  endfacet
  facet normal -0.8141868867035849 3.456119017952738e-19 0.5806028879707056
    outer loop
      vertex 76.39861412007025 3 9.672219690541638
      vertex 76.16747604038997 11 9.348091792812294
      vertex 76.16747604038997 3 9.348091792812294
    endloop
  endfacet
  facet normal -0.8623145725200249 0 0.5063729633576488
    outer loop
      vertex 75.96588890264496 3 9.004804257558668
      vertex 76.16747604038997 3 9.348091792812294
      vertex 75.96588890264496 11 9.004804257558668
    endloop
  endfacet
  facet normal 0 -1 0
    outer loop
      vertex 78.66682199749565 3 11.21515977793668
      vertex 78.29044281050858 3 11.085458530573032
      vertex 78.77204047172684 3 7.464048860852824
    endloop
  endfacet
  facet normal 0 -1 0
    outer loop
      vertex 78.66682199749565 3 11.21515977793668
      vertex 79.29329999999999 3 8.025833024919768
      vertex 79.05319135556516 3 11.31108904932811
    endloop
  endfacet
  facet normal 0 -1 0
    outer loop
      vertex 79.44652702063127 3 11.372495568132976
      vertex 80.04044912166233 3 8.196364936335533
      vertex 79.84375060781065 3 11.398898745083592
    endloop
  endfacet
  facet normal 0 -1 0
    outer loop
      vertex 79.84375060781065 3 11.398898745083592
      vertex 80.04044912166233 3 8.196364936335533
      vertex 80.24175330395795 3 11.390091939521568
    endloop
  endfacet
  facet normal 0 -1 0
    outer loop
      vertex 79.05319135556516 3 11.31108904932811
      vertex 79.65402278585678 3 8.16740628583637
      vertex 79.44652702063127 3 11.372495568132976
    endloop
  endfacet
  facet normal 0 -1 0
    outer loop
      vertex 80.24175330395795 3 11.390091939521568
      vertex 80.41824333167631 3 8.110135873237464
      vertex 80.63742019834385 3 11.346144076641137
    endloop
  endfacet
  facet normal 0 -1 0
    outer loop
      vertex 80.63742019834385 3 11.346144076641137
      vertex 81.01741040661078 3 7.6323160754827075
      vertex 81.02765466105475 3 11.26739910805605
    endloop
  endfacet
  facet normal 0 -1 0
    outer loop
      vertex 78.66682199749565 3 11.21515977793668
      vertex 78.99033256662122 3 7.784224559102194
      vertex 79.29329999999999 3 8.025833024919768
    endloop
  endfacet
  facet normal 0 -1 0
    outer loop
      vertex 79.05319135556516 3 11.31108904932811
      vertex 79.29329999999999 3 8.025833024919768
      vertex 79.65402278585678 3 8.16740628583637
    endloop
  endfacet
  facet normal 0 -1 0
    outer loop
      vertex 79.44652702063127 3 11.372495568132976
      vertex 79.65402278585678 3 8.16740628583637
      vertex 80.04044912166233 3 8.196364936335533
    endloop
  endfacet
  facet normal 0 -1 0
    outer loop
      vertex 81.02765466105475 3 11.26739910805605
      vertex 81.24329999999998 3 6.899999999999999
      vertex 81.40940257832051 3 11.154473319911865
    endloop
  endfacet
  facet normal 0 -1 0
    outer loop
      vertex 80.24175330395795 3 11.390091939521568
      vertex 80.04044912166233 3 8.196364936335533
      vertex 80.41824333167631 3 8.110135873237464
    endloop
  endfacet
  facet normal 0 -1 0
    outer loop
      vertex 80.63742019834385 3 11.346144076641137
      vertex 80.41824333167631 3 8.110135873237464
      vertex 80.75383674241634 3 7.916380927208438
    endloop
  endfacet
  facet normal 0 -1 0
    outer loop
      vertex 80.63742019834385 3 11.346144076641137
      vertex 80.75383674241634 3 7.916380927208438
      vertex 81.01741040661078 3 7.6323160754827075
    endloop
  endfacet
  facet normal -0.6333238030480469 0 0.7738869171221069
    outer loop
      vertex 76.94209011123506 3 10.253019415926428
      vertex 77.25017458621673 11 10.505145698253365
      vertex 76.94209011123506 11 10.253019415926428
    endloop
  endfacet
  facet normal -0.6992417010043128 0 0.7148853359641637
    outer loop
      vertex 76.65749417282373 3 9.974651210478118
      vertex 76.94209011123506 11 10.253019415926428
      vertex 76.65749417282373 11 9.974651210478118
    endloop
  endfacet
  facet normal -0.5624492876407818 0 0.8268317838789078
    outer loop
      vertex 77.25017458621673 3 10.505145698253365
      vertex 77.57933641903564 11 10.729056827454277
      vertex 77.25017458621673 11 10.505145698253365
    endloop
  endfacet
  facet normal -0.48717284396079585 0 0.8733055708668931
    outer loop
      vertex 77.57933641903564 3 10.729056827454277
      vertex 77.92699947205588 11 10.923000395353238
      vertex 77.57933641903564 11 10.729056827454277
    endloop
  endfacet
  facet normal -0.40808361224346823 0 0.9129445576913874
    outer loop
      vertex 77.92699947205588 3 10.923000395353238
      vertex 78.29044281050858 11 11.085458530573032
      vertex 77.92699947205588 11 10.923000395353238
    endloop
  endfacet
  facet normal -0.759687084583277 0 0.650288807774946
    outer loop
      vertex 76.65749417282373 3 9.974651210478118
      vertex 76.65749417282373 11 9.974651210478118
      vertex 76.39861412007025 11 9.672219690541638
    endloop
  endfacet
  facet normal -0.8141868867035849 0 0.5806028879707056
    outer loop
      vertex 76.39861412007025 3 9.672219690541638
      vertex 76.39861412007025 11 9.672219690541638
      vertex 76.16747604038997 11 9.348091792812294
    endloop
  endfacet
  facet normal -0.8623145725200249 -1.3503701450339806e-18 0.5063729633576488
    outer loop
      vertex 75.96588890264496 11 9.004804257558668
      vertex 76.16747604038997 3 9.348091792812294
      vertex 76.16747604038997 11 9.348091792812294
    endloop
  endfacet
  facet normal 0 1 0
    outer loop
      vertex 79.05319135556516 11 11.31108904932811
      vertex 79.44652702063127 11 11.372495568132976
      vertex 79.29329999999999 11 8.025833024919768
    endloop
  endfacet
  facet normal 0 1 0
    outer loop
      vertex 79.44652702063127 11 11.372495568132976
      vertex 79.84375060781065 11 11.398898745083592
      vertex 79.65402278585678 11 8.16740628583637
    endloop
  endfacet
  facet normal 0 1 0
    outer loop
      vertex 79.84375060781065 11 11.398898745083592
      vertex 80.24175330395795 11 11.390091939521568
      vertex 80.04044912166233 11 8.196364936335533
    endloop
  endfacet
  facet normal 0 1 0
    outer loop
      vertex 80.24175330395795 11 11.390091939521568
      vertex 80.63742019834385 11 11.346144076641137
      vertex 80.04044912166233 11 8.196364936335533
    endloop
  endfacet
  facet normal 0 1 0
    outer loop
      vertex 80.63742019834385 11 11.346144076641137
      vertex 81.02765466105475 11 11.26739910805605
      vertex 80.41824333167631 11 8.110135873237464
    endloop
  endfacet
  facet normal 0 1 0
    outer loop
      vertex 81.02765466105475 11 11.26739910805605
      vertex 81.40940257832051 11 11.154473319911865
      vertex 81.01741040661078 11 7.6323160754827075
    endloop
  endfacet
  facet normal 0 1 0
    outer loop
      vertex 78.66682199749565 11 11.21515977793668
      vertex 79.05319135556516 11 11.31108904932811
      vertex 78.77204047172684 11 7.464048860852824
    endloop
  endfacet
  facet normal 0 1 0
    outer loop
      vertex 79.05319135556516 11 11.31108904932811
      vertex 79.29329999999999 11 8.025833024919768
      vertex 78.99033256662122 11 7.784224559102194
    endloop
  endfacet
  facet normal 0 1 0
    outer loop
      vertex 79.44652702063127 11 11.372495568132976
      vertex 79.65402278585678 11 8.16740628583637
      vertex 79.29329999999999 11 8.025833024919768
    endloop
  endfacet
  facet normal 0 1 0
    outer loop
      vertex 79.84375060781065 11 11.398898745083592
      vertex 80.04044912166233 11 8.196364936335533
      vertex 79.65402278585678 11 8.16740628583637
    endloop
  endfacet
  facet normal 0 1 0
    outer loop
      vertex 80.63742019834385 11 11.346144076641137
      vertex 80.41824333167631 11 8.110135873237464
      vertex 80.04044912166233 11 8.196364936335533
    endloop
  endfacet
  facet normal 0 1 0
    outer loop
      vertex 81.02765466105475 11 11.26739910805605
      vertex 80.75383674241634 11 7.916380927208438
      vertex 80.41824333167631 11 8.110135873237464
    endloop
  endfacet
  facet normal 0 1 0
    outer loop
      vertex 81.02765466105475 11 11.26739910805605
      vertex 81.01741040661078 11 7.6323160754827075
      vertex 80.75383674241634 11 7.916380927208438
    endloop
  endfacet
  facet normal 0.3673015976647514 7.205691535506002e-19 0.9301018956828984
    outer loop
      vertex 81.40940257832051 3 11.154473319911865
      vertex 81.77967625509558 3 11.008250509611248
      vertex 81.77967625509558 11 11.008250509611248
    endloop
  endfacet
  facet normal 0.4480667839875789 -9.830163402664245e-19 0.8940000878562756
    outer loop
      vertex 81.77967625509558 3 11.008250509611248
      vertex 82.13557779782357 3 10.829875068901016
      vertex 82.13557779782357 11 10.829875068901016
    endloop
  endfacet
  facet normal 0.5253252402143002 1.830223332110149e-18 0.8509015172120614
    outer loop
      vertex 82.13557779782357 3 10.829875068901016
      vertex 82.4743217943835 3 10.620743027455088
      vertex 82.4743217943835 11 10.620743027455088
    endloop
  endfacet
  facet normal 0.5984723141740603 1.406097195721449e-18 0.8011434885007461
    outer loop
      vertex 82.4743217943835 3 10.620743027455088
      vertex 82.7932571137162 3 10.38249112704948
      vertex 82.7932571137162 11 10.38249112704948
    endloop
  endfacet
  facet normal 0.6669355308366435 1.796565406454674e-18 0.7451154257614351
    outer loop
      vertex 82.7932571137162 3 10.38249112704948
      vertex 83.0898876545194 3 10.116984011838731
      vertex 83.0898876545194 11 10.116984011838731
    endloop
  endfacet
  facet normal 0.7301790727058407 0 0.6832558245506866
    outer loop
      vertex 83.0898876545194 3 10.116984011838731
      vertex 83.36189188062477 3 9.826299634987214
      vertex 83.0898876545194 11 10.116984011838731
    endloop
  endfacet
  facet normal 0.7877079733177145 0 0.616048820120369
    outer loop
      vertex 83.36189188062477 3 9.826299634987214
      vertex 83.60714099016607 3 9.51271299586824
      vertex 83.36189188062477 11 9.826299634987214
    endloop
  endfacet
  facet normal 0.8390719910244577 0 0.5440203984027183
    outer loop
      vertex 83.60714099016607 3 9.51271299586824
      vertex 83.8237155763401 3 9.178678335109394
      vertex 83.60714099016607 11 9.51271299586824
    endloop
  endfacet
  facet normal 0.8838691327455571 0 0.46773427945748924
    outer loop
      vertex 83.8237155763401 3 9.178678335109394
      vertex 84.0099206493674 3 8.826809926832047
      vertex 83.8237155763401 11 9.178678335109394
    endloop
  endfacet
  facet normal 0.3673015976647514 0 0.9301018956828984
    outer loop
      vertex 81.40940257832051 3 11.154473319911865
      vertex 81.77967625509558 11 11.008250509611248
      vertex 81.40940257832051 11 11.154473319911865
    endloop
  endfacet
  facet normal 0.4480667839875789 0 0.8940000878562756
    outer loop
      vertex 81.77967625509558 3 11.008250509611248
      vertex 82.13557779782357 11 10.829875068901016
      vertex 81.77967625509558 11 11.008250509611248
    endloop
  endfacet
  facet normal 0.5253252402143002 0 0.8509015172120614
    outer loop
      vertex 82.13557779782357 3 10.829875068901016
      vertex 82.4743217943835 11 10.620743027455088
      vertex 82.13557779782357 11 10.829875068901016
    endloop
  endfacet
  facet normal 0.5984723141740603 0 0.8011434885007461
    outer loop
      vertex 82.4743217943835 3 10.620743027455088
      vertex 82.7932571137162 11 10.38249112704948
      vertex 82.4743217943835 11 10.620743027455088
    endloop
  endfacet
  facet normal 0.6669355308366435 0 0.7451154257614351
    outer loop
      vertex 82.7932571137162 3 10.38249112704948
      vertex 83.0898876545194 11 10.116984011838731
      vertex 82.7932571137162 11 10.38249112704948
    endloop
  endfacet
  facet normal 0.7301790727058407 0 0.6832558245506866
    outer loop
      vertex 83.36189188062477 3 9.826299634987214
      vertex 83.36189188062477 11 9.826299634987214
      vertex 83.0898876545194 11 10.116984011838731
    endloop
  endfacet
  facet normal 0.7877079733177145 0 0.616048820120369
    outer loop
      vertex 83.60714099016607 3 9.51271299586824
      vertex 83.60714099016607 11 9.51271299586824
      vertex 83.36189188062477 11 9.826299634987214
    endloop
  endfacet
  facet normal 0.8390719910244577 0 0.5440203984027183
    outer loop
      vertex 83.8237155763401 3 9.178678335109394
      vertex 83.8237155763401 11 9.178678335109394
      vertex 83.60714099016607 11 9.51271299586824
    endloop
  endfacet
  facet normal 0.8838691327455571 2.1659506160299585e-18 0.46773427945748924
    outer loop
      vertex 83.8237155763401 11 9.178678335109394
      vertex 84.0099206493674 3 8.826809926832047
      vertex 84.0099206493674 11 8.826809926832047
    endloop
  endfacet
  facet normal -0.9036934776371933 -9.256323530813827e-19 0.4281799837404774
    outer loop
      vertex 75.96588890264496 3 9.004804257558668
      vertex 75.79543039951002 11 8.64504377519056
      vertex 75.79543039951002 3 8.64504377519056
    endloop
  endfacet
  facet normal -0.9379997560189831 -4.638489657260363e-19 0.3466359152025773
    outer loop
      vertex 75.79543039951002 3 8.64504377519056
      vertex 75.6574345998884 11 8.271625959263787
      vertex 75.6574345998884 3 8.271625959263787
    endloop
  endfacet
  facet normal -0.9649649145228105 -8.671774175489341e-19 0.2623789506419771
    outer loop
      vertex 75.6574345998884 3 8.271625959263787
      vertex 75.55298150801372 11 7.88747331048657
      vertex 75.55298150801372 3 7.88747331048657
    endloop
  endfacet
  facet normal 0 -1 0
    outer loop
      vertex 75.96588890264496 3 9.004804257558668
      vertex 75.79543039951002 3 8.64504377519056
      vertex 75.96588890264496 3 4.795195742441329
    endloop
  endfacet
  facet normal 0 -1 0
    outer loop
      vertex 75.79543039951002 3 8.64504377519056
      vertex 75.6574345998884 3 8.271625959263787
      vertex 75.79543039951002 3 5.154956224809439
    endloop
  endfacet
  facet normal -0.9843779142227184 -5.036358065508202e-19 0.17606851504607698
    outer loop
      vertex 75.55298150801372 3 7.88747331048657
      vertex 75.48288861095261 11 7.495592344188999
      vertex 75.48288861095261 3 7.495592344188999
    endloop
  endfacet
  facet normal 0 -1 0
    outer loop
      vertex 75.6574345998884 3 8.271625959263787
      vertex 75.55298150801372 3 7.88747331048657
      vertex 75.6574345998884 3 5.52837404073621
    endloop
  endfacet
  facet normal 0 -1 0
    outer loop
      vertex 75.55298150801372 3 7.88747331048657
      vertex 75.48288861095261 3 7.495592344188999
      vertex 75.55298150801372 3 5.912526689513427
    endloop
  endfacet
  facet normal 0 -1 0
    outer loop
      vertex 75.48288861095261 3 7.495592344188999
      vertex 75.44770448066011 3 7.099050060264203
      vertex 75.48288861095261 3 6.304407655810998
    endloop
  endfacet
  facet normal 0 -1 0
    outer loop
      vertex 75.44770448066011 3 7.099050060264203
      vertex 75.44770448066011 3 6.700949939735795
      vertex 75.48288861095261 3 6.304407655810998
    endloop
  endfacet
  facet normal -0.9960868220749468 -1.440326008066702e-19 0.08838010459732033
    outer loop
      vertex 75.48288861095261 3 7.495592344188999
      vertex 75.44770448066011 11 7.099050060264203
      vertex 75.44770448066011 3 7.099050060264203
    endloop
  endfacet
  facet normal -1 0 0
    outer loop
      vertex 75.44770448066011 3 7.099050060264203
      vertex 75.44770448066011 11 6.700949939735795
      vertex 75.44770448066011 3 6.700949939735795
    endloop
  endfacet
  facet normal -0.9036934776371933 0 0.4281799837404774
    outer loop
      vertex 75.96588890264496 3 9.004804257558668
      vertex 75.96588890264496 11 9.004804257558668
      vertex 75.79543039951002 11 8.64504377519056
    endloop
  endfacet
  facet normal -0.9379997560189831 0 0.3466359152025773
    outer loop
      vertex 75.79543039951002 3 8.64504377519056
      vertex 75.79543039951002 11 8.64504377519056
      vertex 75.6574345998884 11 8.271625959263787
    endloop
  endfacet
  facet normal -0.9649649145228105 0 0.2623789506419771
    outer loop
      vertex 75.6574345998884 3 8.271625959263787
      vertex 75.6574345998884 11 8.271625959263787
      vertex 75.55298150801372 11 7.88747331048657
    endloop
  endfacet
  facet normal -0.9843779142227184 0 0.17606851504607698
    outer loop
      vertex 75.55298150801372 3 7.88747331048657
      vertex 75.55298150801372 11 7.88747331048657
      vertex 75.48288861095261 11 7.495592344188999
    endloop
  endfacet
  facet normal -0.9960868220749468 0 0.08838010459732033
    outer loop
      vertex 75.48288861095261 3 7.495592344188999
      vertex 75.48288861095261 11 7.495592344188999
      vertex 75.44770448066011 11 7.099050060264203
    endloop
  endfacet
  facet normal -1 0 0
    outer loop
      vertex 75.44770448066011 3 7.099050060264203
      vertex 75.44770448066011 11 7.099050060264203
      vertex 75.44770448066011 11 6.700949939735795
    endloop
  endfacet
  facet normal 0 1 0
    outer loop
      vertex 75.96588890264496 11 9.004804257558668
      vertex 75.79543039951002 11 5.154956224809439
      vertex 75.79543039951002 11 8.64504377519056
    endloop
  endfacet
  facet normal 0 1 0
    outer loop
      vertex 75.6574345998884 11 8.271625959263787
      vertex 75.55298150801372 11 5.912526689513427
      vertex 75.55298150801372 11 7.88747331048657
    endloop
  endfacet
  facet normal 0 1 0
    outer loop
      vertex 75.79543039951002 11 8.64504377519056
      vertex 75.6574345998884 11 5.52837404073621
      vertex 75.6574345998884 11 8.271625959263787
    endloop
  endfacet
  facet normal 0 1 0
    outer loop
      vertex 75.48288861095261 11 7.495592344188999
      vertex 75.44770448066011 11 6.700949939735795
      vertex 75.44770448066011 11 7.099050060264203
    endloop
  endfacet
  facet normal 0 1 0
    outer loop
      vertex 75.55298150801372 11 7.88747331048657
      vertex 75.48288861095261 11 6.304407655810998
      vertex 75.48288861095261 11 7.495592344188999
    endloop
  endfacet
  facet normal 0 1 0
    outer loop
      vertex 75.48288861095261 11 7.495592344188999
      vertex 75.48288861095261 11 6.304407655810998
      vertex 75.44770448066011 11 6.700949939735795
    endloop
  endfacet
  facet normal 0 1 0
    outer loop
      vertex 75.55298150801372 11 7.88747331048657
      vertex 75.55298150801372 11 5.912526689513427
      vertex 75.48288861095261 11 6.304407655810998
    endloop
  endfacet
  facet normal 0 -1 0
    outer loop
      vertex 75.48288861095261 3 7.495592344188999
      vertex 75.48288861095261 3 6.304407655810998
      vertex 75.55298150801372 3 5.912526689513427
    endloop
  endfacet
  facet normal 0 -1 0
    outer loop
      vertex 75.55298150801372 3 7.88747331048657
      vertex 75.55298150801372 3 5.912526689513427
      vertex 75.6574345998884 3 5.52837404073621
    endloop
  endfacet
  facet normal 0 -1 0
    outer loop
      vertex 75.6574345998884 3 8.271625959263787
      vertex 75.6574345998884 3 5.52837404073621
      vertex 75.79543039951002 3 5.154956224809439
    endloop
  endfacet
  facet normal 0 -1 0
    outer loop
      vertex 75.79543039951002 3 8.64504377519056
      vertex 75.79543039951002 3 5.154956224809439
      vertex 75.96588890264496 3 4.795195742441329
    endloop
  endfacet
  facet normal -0.9960868220749468 1.440326008066702e-19 -0.08838010459732033
    outer loop
      vertex 75.44770448066011 3 6.700949939735795
      vertex 75.48288861095261 11 6.304407655810998
      vertex 75.48288861095261 3 6.304407655810998
    endloop
  endfacet
  facet normal -0.9843779142227184 5.036358065508202e-19 -0.17606851504607698
    outer loop
      vertex 75.48288861095261 3 6.304407655810998
      vertex 75.55298150801372 11 5.912526689513427
      vertex 75.55298150801372 3 5.912526689513427
    endloop
  endfacet
  facet normal -0.9649649145228105 8.671774175489341e-19 -0.2623789506419771
    outer loop
      vertex 75.55298150801372 3 5.912526689513427
      vertex 75.6574345998884 11 5.52837404073621
      vertex 75.6574345998884 3 5.52837404073621
    endloop
  endfacet
  facet normal -0.9379997560189826 -1.0026156977639346e-18 -0.3466359152025788
    outer loop
      vertex 75.6574345998884 3 5.52837404073621
      vertex 75.79543039951002 11 5.154956224809439
      vertex 75.79543039951002 3 5.154956224809439
    endloop
  endfacet
  facet normal -0.9036934776371942 -4.630541172326667e-19 -0.42817998374047567
    outer loop
      vertex 75.79543039951002 3 5.154956224809439
      vertex 75.96588890264496 11 4.795195742441329
      vertex 75.96588890264496 3 4.795195742441329
    endloop
  endfacet
  facet normal -0.9960868220749468 0 -0.08838010459732033
    outer loop
      vertex 75.44770448066011 3 6.700949939735795
      vertex 75.44770448066011 11 6.700949939735795
      vertex 75.48288861095261 11 6.304407655810998
    endloop
  endfacet
  facet normal -0.9843779142227184 0 -0.17606851504607698
    outer loop
      vertex 75.48288861095261 3 6.304407655810998
      vertex 75.48288861095261 11 6.304407655810998
      vertex 75.55298150801372 11 5.912526689513427
    endloop
  endfacet
  facet normal -0.9649649145228105 0 -0.2623789506419771
    outer loop
      vertex 75.55298150801372 3 5.912526689513427
      vertex 75.55298150801372 11 5.912526689513427
      vertex 75.6574345998884 11 5.52837404073621
    endloop
  endfacet
  facet normal 0 1 0
    outer loop
      vertex 75.6574345998884 11 8.271625959263787
      vertex 75.6574345998884 11 5.52837404073621
      vertex 75.55298150801372 11 5.912526689513427
    endloop
  endfacet
  facet normal 0 1 0
    outer loop
      vertex 75.79543039951002 11 8.64504377519056
      vertex 75.79543039951002 11 5.154956224809439
      vertex 75.6574345998884 11 5.52837404073621
    endloop
  endfacet
  facet normal 0 1 0
    outer loop
      vertex 75.96588890264496 11 9.004804257558668
      vertex 75.96588890264496 11 4.795195742441329
      vertex 75.79543039951002 11 5.154956224809439
    endloop
  endfacet
  facet normal -0.9379997560189826 0 -0.3466359152025788
    outer loop
      vertex 75.6574345998884 3 5.52837404073621
      vertex 75.6574345998884 11 5.52837404073621
      vertex 75.79543039951002 11 5.154956224809439
    endloop
  endfacet
  facet normal -0.9036934776371942 0 -0.42817998374047567
    outer loop
      vertex 75.79543039951002 3 5.154956224809439
      vertex 75.79543039951002 11 5.154956224809439
      vertex 75.96588890264496 11 4.795195742441329
    endloop
  endfacet
  facet normal 0 -1 0
    outer loop
      vertex 76.65749417282373 3 9.974651210478118
      vertex 76.39861412007025 3 9.672219690541638
      vertex 76.65749417282373 3 3.825348789521879
    endloop
  endfacet
  facet normal 0 -1 0
    outer loop
      vertex 76.94209011123506 3 10.253019415926428
      vertex 76.65749417282373 3 9.974651210478118
      vertex 76.94209011123506 3 3.5469805840735695
    endloop
  endfacet
  facet normal 0 -1 0
    outer loop
      vertex 77.25017458621673 3 10.505145698253365
      vertex 76.94209011123506 3 10.253019415926428
      vertex 77.25017458621673 3 3.294854301746632
    endloop
  endfacet
  facet normal 0 -1 0
    outer loop
      vertex 78.29044281050858 3 11.085458530573032
      vertex 78.65781992590732 3 7.093754946029026
      vertex 78.77204047172684 3 7.464048860852824
    endloop
  endfacet
  facet normal 0 -1 0
    outer loop
      vertex 77.25017458621673 3 10.505145698253365
      vertex 77.57933641903564 3 3.070943172545718
      vertex 77.57933641903564 3 10.729056827454277
    endloop
  endfacet
  facet normal 0 -1 0
    outer loop
      vertex 77.92699947205588 3 10.923000395353238
      vertex 77.57933641903564 3 10.729056827454277
      vertex 77.92699947205588 3 2.876999604646759
    endloop
  endfacet
  facet normal 0 -1 0
    outer loop
      vertex 77.92699947205588 3 10.923000395353238
      vertex 78.29044281050858 3 2.7145414694269654
      vertex 78.29044281050858 3 11.085458530573032
    endloop
  endfacet
  facet normal 0 -1 0
    outer loop
      vertex 78.29044281050858 3 11.085458530573032
      vertex 78.65781992590732 3 6.706245053970971
      vertex 78.65781992590732 3 7.093754946029026
    endloop
  endfacet
  facet normal 0 -1 0
    outer loop
      vertex 76.39861412007025 3 9.672219690541638
      vertex 76.16747604038997 3 9.348091792812294
      vertex 76.39861412007025 3 4.127780309458359
    endloop
  endfacet
  facet normal 0 -1 0
    outer loop
      vertex 75.96588890264496 3 9.004804257558668
      vertex 76.16747604038997 3 4.451908207187703
      vertex 76.16747604038997 3 9.348091792812294
    endloop
  endfacet
  facet normal 0 -1 0
    outer loop
      vertex 78.29044281050858 3 11.085458530573032
      vertex 78.66682199749565 3 2.5848402220633204
      vertex 78.65781992590732 3 6.706245053970971
    endloop
  endfacet
  facet normal 0 -1 0
    outer loop
      vertex 78.66682199749565 3 11.21515977793668
      vertex 78.77204047172684 3 7.464048860852824
      vertex 78.99033256662122 3 7.784224559102194
    endloop
  endfacet
  facet normal 0 -1 0
    outer loop
      vertex 81.02765466105475 3 11.26739910805605
      vertex 81.01741040661078 3 7.6323160754827075
      vertex 81.18554464752197 3 7.283181726734174
    endloop
  endfacet
  facet normal 0 -1 0
    outer loop
      vertex 81.02765466105475 3 11.26739910805605
      vertex 81.18554464752197 3 7.283181726734174
      vertex 81.24329999999998 3 6.899999999999999
    endloop
  endfacet
  facet normal 0 -1 0
    outer loop
      vertex 81.40940257832051 3 11.154473319911865
      vertex 81.24329999999998 3 6.899999999999999
      vertex 81.40940257832051 3 2.645526680088132
    endloop
  endfacet
  facet normal 0 1 0
    outer loop
      vertex 76.39861412007025 11 9.672219690541638
      vertex 76.16747604038997 11 4.451908207187703
      vertex 76.16747604038997 11 9.348091792812294
    endloop
  endfacet
  facet normal 0 1 0
    outer loop
      vertex 76.65749417282373 11 9.974651210478118
      vertex 76.39861412007025 11 4.127780309458359
      vertex 76.39861412007025 11 9.672219690541638
    endloop
  endfacet
  facet normal 0 1 0
    outer loop
      vertex 77.25017458621673 11 10.505145698253365
      vertex 76.94209011123506 11 3.5469805840735695
      vertex 76.94209011123506 11 10.253019415926428
    endloop
  endfacet
  facet normal 0 1 0
    outer loop
      vertex 76.94209011123506 11 10.253019415926428
      vertex 76.65749417282373 11 3.825348789521879
      vertex 76.65749417282373 11 9.974651210478118
    endloop
  endfacet
  facet normal 0 1 0
    outer loop
      vertex 78.66682199749565 11 11.21515977793668
      vertex 78.77204047172684 11 7.464048860852824
      vertex 78.65781992590732 11 7.093754946029026
    endloop
  endfacet
  facet normal 0 1 0
    outer loop
      vertex 77.25017458621673 11 10.505145698253365
      vertex 77.57933641903564 11 10.729056827454277
      vertex 77.25017458621673 11 3.294854301746632
    endloop
  endfacet
  facet normal 0 1 0
    outer loop
      vertex 77.92699947205588 11 10.923000395353238
      vertex 77.57933641903564 11 3.070943172545718
      vertex 77.57933641903564 11 10.729056827454277
    endloop
  endfacet
  facet normal 0 1 0
    outer loop
      vertex 77.92699947205588 11 10.923000395353238
      vertex 78.29044281050858 11 11.085458530573032
      vertex 77.92699947205588 11 2.876999604646759
    endloop
  endfacet
  facet normal 0 1 0
    outer loop
      vertex 78.66682199749565 11 11.21515977793668
      vertex 78.29044281050858 11 2.7145414694269654
      vertex 78.29044281050858 11 11.085458530573032
    endloop
  endfacet
  facet normal 0 1 0
    outer loop
      vertex 75.96588890264496 11 9.004804257558668
      vertex 76.16747604038997 11 9.348091792812294
      vertex 75.96588890264496 11 4.795195742441329
    endloop
  endfacet
  facet normal 0 1 0
    outer loop
      vertex 78.66682199749565 11 11.21515977793668
      vertex 78.65781992590732 11 7.093754946029026
      vertex 78.29044281050858 11 2.7145414694269654
    endloop
  endfacet
  facet normal 0 1 0
    outer loop
      vertex 79.05319135556516 11 11.31108904932811
      vertex 78.99033256662122 11 7.784224559102194
      vertex 78.77204047172684 11 7.464048860852824
    endloop
  endfacet
  facet normal 0 1 0
    outer loop
      vertex 81.40940257832051 11 11.154473319911865
      vertex 81.18554464752197 11 7.283181726734174
      vertex 81.01741040661078 11 7.6323160754827075
    endloop
  endfacet
  facet normal 0 1 0
    outer loop
      vertex 81.40940257832051 11 11.154473319911865
      vertex 81.24329999999998 11 6.899999999999999
      vertex 81.18554464752197 11 7.283181726734174
    endloop
  endfacet
  facet normal 0 1 0
    outer loop
      vertex 81.40940257832051 11 11.154473319911865
      vertex 81.40940257832051 11 2.645526680088132
      vertex 81.24329999999998 11 6.899999999999999
    endloop
  endfacet
  facet normal 0 -1 0
    outer loop
      vertex 75.96588890264496 3 9.004804257558668
      vertex 75.96588890264496 3 4.795195742441329
      vertex 76.16747604038997 3 4.451908207187703
    endloop
  endfacet
  facet normal 0 -1 0
    outer loop
      vertex 76.16747604038997 3 9.348091792812294
      vertex 76.16747604038997 3 4.451908207187703
      vertex 76.39861412007025 3 4.127780309458359
    endloop
  endfacet
  facet normal 0 -1 0
    outer loop
      vertex 76.39861412007025 3 9.672219690541638
      vertex 76.39861412007025 3 4.127780309458359
      vertex 76.65749417282373 3 3.825348789521879
    endloop
  endfacet
  facet normal 0 -1 0
    outer loop
      vertex 76.65749417282373 3 9.974651210478118
      vertex 76.65749417282373 3 3.825348789521879
      vertex 76.94209011123506 3 3.5469805840735695
    endloop
  endfacet
  facet normal 0 -1 0
    outer loop
      vertex 76.94209011123506 3 10.253019415926428
      vertex 76.94209011123506 3 3.5469805840735695
      vertex 77.25017458621673 3 3.294854301746632
    endloop
  endfacet
  facet normal 0 -1 0
    outer loop
      vertex 77.25017458621673 3 10.505145698253365
      vertex 77.25017458621673 3 3.294854301746632
      vertex 77.57933641903564 3 3.070943172545718
    endloop
  endfacet
  facet normal -0.8623145725200249 1.3503701450339806e-18 -0.5063729633576488
    outer loop
      vertex 75.96588890264496 3 4.795195742441329
      vertex 76.16747604038997 11 4.451908207187703
      vertex 76.16747604038997 3 4.451908207187703
    endloop
  endfacet
  facet normal 0 -1 0
    outer loop
      vertex 77.57933641903564 3 10.729056827454277
      vertex 77.57933641903564 3 3.070943172545718
      vertex 77.92699947205588 3 2.876999604646759
    endloop
  endfacet
  facet normal 0 -1 0
    outer loop
      vertex 77.92699947205588 3 10.923000395353238
      vertex 77.92699947205588 3 2.876999604646759
      vertex 78.29044281050858 3 2.7145414694269654
    endloop
  endfacet
  facet normal 0 -1 0
    outer loop
      vertex 78.29044281050858 3 11.085458530573032
      vertex 78.29044281050858 3 2.7145414694269654
      vertex 78.66682199749565 3 2.5848402220633204
    endloop
  endfacet
  facet normal 0 -1 0
    outer loop
      vertex 78.66682199749565 3 2.5848402220633204
      vertex 78.77204047172684 3 6.3359511391471734
      vertex 78.65781992590732 3 6.706245053970971
    endloop
  endfacet
  facet normal 0 -1 0
    outer loop
      vertex 79.05319135556516 3 2.4889109506718867
      vertex 78.99033256662122 3 6.015775440897803
      vertex 78.77204047172684 3 6.3359511391471734
    endloop
  endfacet
  facet normal 0 -1 0
    outer loop
      vertex 79.05319135556516 3 2.4889109506718867
      vertex 79.29329999999999 3 5.774166975080229
      vertex 78.99033256662122 3 6.015775440897803
    endloop
  endfacet
  facet normal 0 -1 0
    outer loop
      vertex 79.44652702063127 3 2.427504431867021
      vertex 79.65402278585677 3 5.632593714163628
      vertex 79.29329999999999 3 5.774166975080229
    endloop
  endfacet
  facet normal 0 -1 0
    outer loop
      vertex 79.84375060781065 3 2.401101254916405
      vertex 80.04044912166233 3 5.6036350636644645
      vertex 79.65402278585677 3 5.632593714163628
    endloop
  endfacet
  facet normal 0 -1 0
    outer loop
      vertex 81.40940257832051 3 2.645526680088132
      vertex 81.24329999999998 3 6.899999999999999
      vertex 81.18554464752197 3 6.516818273265823
    endloop
  endfacet
  facet normal 0 -1 0
    outer loop
      vertex 81.40940257832051 3 2.645526680088132
      vertex 81.18554464752197 3 6.516818273265823
      vertex 81.01741040661078 3 6.16768392451729
    endloop
  endfacet
  facet normal 0 -1 0
    outer loop
      vertex 80.63742019834385 3 2.4538559233588586
      vertex 80.41824333167631 3 5.689864126762533
      vertex 80.04044912166233 3 5.6036350636644645
    endloop
  endfacet
  facet normal 0 -1 0
    outer loop
      vertex 81.02765466105475 3 2.5326008919439467
      vertex 80.75383674241634 3 5.883619072791561
      vertex 80.41824333167631 3 5.689864126762533
    endloop
  endfacet
  facet normal 0 -1 0
    outer loop
      vertex 81.02765466105475 3 2.5326008919439467
      vertex 81.01741040661078 3 6.16768392451729
      vertex 80.75383674241634 3 5.883619072791561
    endloop
  endfacet
  facet normal 0 1 0
    outer loop
      vertex 76.16747604038997 11 9.348091792812294
      vertex 76.16747604038997 11 4.451908207187703
      vertex 75.96588890264496 11 4.795195742441329
    endloop
  endfacet
  facet normal 0 1 0
    outer loop
      vertex 76.39861412007025 11 9.672219690541638
      vertex 76.39861412007025 11 4.127780309458359
      vertex 76.16747604038997 11 4.451908207187703
    endloop
  endfacet
  facet normal 0 1 0
    outer loop
      vertex 76.65749417282373 11 9.974651210478118
      vertex 76.65749417282373 11 3.825348789521879
      vertex 76.39861412007025 11 4.127780309458359
    endloop
  endfacet
  facet normal 0 1 0
    outer loop
      vertex 76.94209011123506 11 10.253019415926428
      vertex 76.94209011123506 11 3.5469805840735695
      vertex 76.65749417282373 11 3.825348789521879
    endloop
  endfacet
  facet normal 0 1 0
    outer loop
      vertex 77.25017458621673 11 10.505145698253365
      vertex 77.25017458621673 11 3.294854301746632
      vertex 76.94209011123506 11 3.5469805840735695
    endloop
  endfacet
  facet normal 0 1 0
    outer loop
      vertex 77.57933641903564 11 10.729056827454277
      vertex 77.57933641903564 11 3.070943172545718
      vertex 77.25017458621673 11 3.294854301746632
    endloop
  endfacet
  facet normal 0 1 0
    outer loop
      vertex 77.92699947205588 11 10.923000395353238
      vertex 77.92699947205588 11 2.876999604646759
      vertex 77.57933641903564 11 3.070943172545718
    endloop
  endfacet
  facet normal -0.8623145725200249 0 -0.5063729633576488
    outer loop
      vertex 75.96588890264496 3 4.795195742441329
      vertex 75.96588890264496 11 4.795195742441329
      vertex 76.16747604038997 11 4.451908207187703
    endloop
  endfacet
  facet normal 0 1 0
    outer loop
      vertex 78.29044281050858 11 11.085458530573032
      vertex 78.29044281050858 11 2.7145414694269654
      vertex 77.92699947205588 11 2.876999604646759
    endloop
  endfacet
  facet normal 0 1 0
    outer loop
      vertex 78.29044281050858 11 2.7145414694269654
      vertex 78.65781992590732 11 7.093754946029026
      vertex 78.65781992590732 11 6.706245053970971
    endloop
  endfacet
  facet normal 0 1 0
    outer loop
      vertex 78.29044281050858 11 2.7145414694269654
      vertex 78.65781992590732 11 6.706245053970971
      vertex 78.77204047172684 11 6.3359511391471734
    endloop
  endfacet
  facet normal 0 1 0
    outer loop
      vertex 78.66682199749565 11 2.5848402220633204
      vertex 78.77204047172684 11 6.3359511391471734
      vertex 78.99033256662122 11 6.015775440897803
    endloop
  endfacet
  facet normal 0 1 0
    outer loop
      vertex 78.66682199749565 11 2.5848402220633204
      vertex 78.99033256662122 11 6.015775440897803
      vertex 79.29329999999999 11 5.774166975080229
    endloop
  endfacet
  facet normal 0 1 0
    outer loop
      vertex 79.05319135556516 11 2.4889109506718867
      vertex 79.29329999999999 11 5.774166975080229
      vertex 79.65402278585677 11 5.632593714163628
    endloop
  endfacet
  facet normal 0 1 0
    outer loop
      vertex 79.44652702063127 11 2.427504431867021
      vertex 79.65402278585677 11 5.632593714163628
      vertex 80.04044912166233 11 5.6036350636644645
    endloop
  endfacet
  facet normal 0 1 0
    outer loop
      vertex 81.02765466105475 11 2.5326008919439467
      vertex 81.18554464752197 11 6.516818273265823
      vertex 81.24329999999998 11 6.899999999999999
    endloop
  endfacet
  facet normal 0 1 0
    outer loop
      vertex 81.02765466105475 11 2.5326008919439467
      vertex 81.01741040661078 11 6.16768392451729
      vertex 81.18554464752197 11 6.516818273265823
    endloop
  endfacet
  facet normal 0 1 0
    outer loop
      vertex 80.24175330395795 11 2.409908060478429
      vertex 80.04044912166233 11 5.6036350636644645
      vertex 80.41824333167631 11 5.689864126762533
    endloop
  endfacet
  facet normal 0 1 0
    outer loop
      vertex 80.63742019834385 11 2.4538559233588586
      vertex 80.41824333167631 11 5.689864126762533
      vertex 80.75383674241634 11 5.883619072791561
    endloop
  endfacet
  facet normal 0 1 0
    outer loop
      vertex 80.63742019834385 11 2.4538559233588586
      vertex 80.75383674241634 11 5.883619072791561
      vertex 81.01741040661078 11 6.16768392451729
    endloop
  endfacet
  facet normal 0 -1 0
    outer loop
      vertex 81.40940257832051 3 11.154473319911865
      vertex 81.77967625509558 3 2.7917494903887494
      vertex 81.77967625509558 3 11.008250509611248
    endloop
  endfacet
  facet normal 0 -1 0
    outer loop
      vertex 81.77967625509558 3 11.008250509611248
      vertex 82.13557779782357 3 2.970124931098983
      vertex 82.13557779782357 3 10.829875068901016
    endloop
  endfacet
  facet normal 0 -1 0
    outer loop
      vertex 82.13557779782357 3 10.829875068901016
      vertex 82.4743217943835 3 3.179256972544909
      vertex 82.4743217943835 3 10.620743027455088
    endloop
  endfacet
  facet normal 0 -1 0
    outer loop
      vertex 82.4743217943835 3 10.620743027455088
      vertex 82.7932571137162 3 3.417508872950517
      vertex 82.7932571137162 3 10.38249112704948
    endloop
  endfacet
  facet normal 0.9217488001088815 0 0.38778750559789477
    outer loop
      vertex 84.0099206493674 3 8.826809926832047
      vertex 84.16429890208533 3 8.459861618411784
      vertex 84.0099206493674 11 8.826809926832047
    endloop
  endfacet
  facet normal 0 -1 0
    outer loop
      vertex 82.7932571137162 3 10.38249112704948
      vertex 83.0898876545194 3 3.683015988161266
      vertex 83.0898876545194 3 10.116984011838731
    endloop
  endfacet
  facet normal 0 -1 0
    outer loop
      vertex 83.0898876545194 3 10.116984011838731
      vertex 83.36189188062477 3 3.973700365012782
      vertex 83.36189188062477 3 9.826299634987214
    endloop
  endfacet
  facet normal 0 -1 0
    outer loop
      vertex 83.36189188062477 3 9.826299634987214
      vertex 83.60714099016607 3 4.2872870041317555
      vertex 83.60714099016607 3 9.51271299586824
    endloop
  endfacet
  facet normal 0 -1 0
    outer loop
      vertex 83.60714099016607 3 9.51271299586824
      vertex 83.8237155763401 3 4.621321664890601
      vertex 83.8237155763401 3 9.178678335109394
    endloop
  endfacet
  facet normal 0 -1 0
    outer loop
      vertex 83.8237155763401 3 9.178678335109394
      vertex 84.0099206493674 3 4.973190073167949
      vertex 84.0099206493674 3 8.826809926832047
    endloop
  endfacet
  facet normal 0 -1 0
    outer loop
      vertex 84.0099206493674 3 8.826809926832047
      vertex 84.16429890208533 3 5.340138381588211
      vertex 84.16429890208533 3 8.459861618411784
    endloop
  endfacet
  facet normal 0.9524145333581285 0 0.3048057687252952
    outer loop
      vertex 84.16429890208533 3 8.459861618411784
      vertex 84.28564211535263 3 8.080705277888903
      vertex 84.16429890208533 11 8.459861618411784
    endloop
  endfacet
  facet normal 0.9756263315525062 0 0.21943851344146267
    outer loop
      vertex 84.28564211535263 3 8.080705277888903
      vertex 84.37300061400225 3 7.692308317707161
      vertex 84.28564211535263 11 8.080705277888903
    endloop
  endfacet
  facet normal 0 -1 0
    outer loop
      vertex 84.16429890208533 3 8.459861618411784
      vertex 84.28564211535263 3 5.719294722111092
      vertex 84.28564211535263 3 8.080705277888903
    endloop
  endfacet
  facet normal 0 -1 0
    outer loop
      vertex 84.28564211535263 3 8.080705277888903
      vertex 84.37300061400225 3 6.107691682292836
      vertex 84.37300061400225 3 7.692308317707161
    endloop
  endfacet
  facet normal 0.9912025308994143 0 0.13235385426422444
    outer loop
      vertex 84.37300061400225 3 7.692308317707161
      vertex 84.42569069933724 3 7.29771047068804
      vertex 84.37300061400225 11 7.692308317707161
    endloop
  endfacet
  facet normal 0 -1 0
    outer loop
      vertex 84.37300061400225 3 7.692308317707161
      vertex 84.42569069933724 3 6.502289529311957
      vertex 84.42569069933724 3 7.29771047068804
    endloop
  endfacet
  facet normal 0 -1 0
    outer loop
      vertex 84.42569069933724 3 7.29771047068804
      vertex 84.42569069933724 3 6.502289529311957
      vertex 84.4433 3 6.899999999999999
    endloop
  endfacet
  facet normal 0 -1 0
    outer loop
      vertex 84.37300061400225 3 7.692308317707161
      vertex 84.37300061400225 3 6.107691682292836
      vertex 84.42569069933724 3 6.502289529311957
    endloop
  endfacet
  facet normal 0.9990212265199728 0 0.04423334672539659
    outer loop
      vertex 84.42569069933724 3 7.29771047068804
      vertex 84.4433 3 6.899999999999999
      vertex 84.42569069933724 11 7.29771047068804
    endloop
  endfacet
  facet normal 0.9990212265199728 0 -0.04423334672539659
    outer loop
      vertex 84.4433 3 6.899999999999999
      vertex 84.42569069933724 3 6.502289529311957
      vertex 84.4433 11 6.899999999999999
    endloop
  endfacet
  facet normal 0.9217488001088815 0 0.38778750559789477
    outer loop
      vertex 84.16429890208533 3 8.459861618411784
      vertex 84.16429890208533 11 8.459861618411784
      vertex 84.0099206493674 11 8.826809926832047
    endloop
  endfacet
  facet normal 0 1 0
    outer loop
      vertex 81.40940257832051 11 11.154473319911865
      vertex 81.77967625509558 11 11.008250509611248
      vertex 81.40940257832051 11 2.645526680088132
    endloop
  endfacet
  facet normal 0 1 0
    outer loop
      vertex 81.77967625509558 11 11.008250509611248
      vertex 82.13557779782357 11 10.829875068901016
      vertex 81.77967625509558 11 2.7917494903887494
    endloop
  endfacet
  facet normal 0 1 0
    outer loop
      vertex 82.13557779782357 11 10.829875068901016
      vertex 82.4743217943835 11 10.620743027455088
      vertex 82.13557779782357 11 2.970124931098983
    endloop
  endfacet
  facet normal 0 1 0
    outer loop
      vertex 82.4743217943835 11 10.620743027455088
      vertex 82.7932571137162 11 10.38249112704948
      vertex 82.4743217943835 11 3.179256972544909
    endloop
  endfacet
  facet normal 0 1 0
    outer loop
      vertex 82.7932571137162 11 10.38249112704948
      vertex 83.0898876545194 11 10.116984011838731
      vertex 82.7932571137162 11 3.417508872950517
    endloop
  endfacet
  facet normal 0 1 0
    outer loop
      vertex 83.0898876545194 11 10.116984011838731
      vertex 83.36189188062477 11 9.826299634987214
      vertex 83.0898876545194 11 3.683015988161266
    endloop
  endfacet
  facet normal 0 1 0
    outer loop
      vertex 83.36189188062477 11 9.826299634987214
      vertex 83.60714099016607 11 9.51271299586824
      vertex 83.36189188062477 11 3.973700365012782
    endloop
  endfacet
  facet normal 0 1 0
    outer loop
      vertex 83.60714099016607 11 9.51271299586824
      vertex 83.8237155763401 11 9.178678335109394
      vertex 83.60714099016607 11 4.2872870041317555
    endloop
  endfacet
  facet normal 0 1 0
    outer loop
      vertex 83.8237155763401 11 9.178678335109394
      vertex 84.0099206493674 11 8.826809926832047
      vertex 83.8237155763401 11 4.621321664890601
    endloop
  endfacet
  facet normal 0 1 0
    outer loop
      vertex 84.0099206493674 11 8.826809926832047
      vertex 84.16429890208533 11 8.459861618411784
      vertex 84.0099206493674 11 4.973190073167949
    endloop
  endfacet
  facet normal 0.9524145333581285 0 0.3048057687252952
    outer loop
      vertex 84.28564211535263 3 8.080705277888903
      vertex 84.28564211535263 11 8.080705277888903
      vertex 84.16429890208533 11 8.459861618411784
    endloop
  endfacet
  facet normal 0.9756263315525062 0 0.21943851344146267
    outer loop
      vertex 84.37300061400225 3 7.692308317707161
      vertex 84.37300061400225 11 7.692308317707161
      vertex 84.28564211535263 11 8.080705277888903
    endloop
  endfacet
  facet normal 0.9912025308994143 0 0.13235385426422444
    outer loop
      vertex 84.42569069933724 3 7.29771047068804
      vertex 84.42569069933724 11 7.29771047068804
      vertex 84.37300061400225 11 7.692308317707161
    endloop
  endfacet
  facet normal 0.9990212265199728 0 0.04423334672539659
    outer loop
      vertex 84.4433 3 6.899999999999999
      vertex 84.4433 11 6.899999999999999
      vertex 84.42569069933724 11 7.29771047068804
    endloop
  endfacet
  facet normal 0 1 0
    outer loop
      vertex 84.16429890208533 11 8.459861618411784
      vertex 84.28564211535263 11 8.080705277888903
      vertex 84.16429890208533 11 5.340138381588211
    endloop
  endfacet
  facet normal 0 1 0
    outer loop
      vertex 84.28564211535263 11 8.080705277888903
      vertex 84.37300061400225 11 7.692308317707161
      vertex 84.28564211535263 11 5.719294722111092
    endloop
  endfacet
  facet normal 0 1 0
    outer loop
      vertex 84.37300061400225 11 7.692308317707161
      vertex 84.42569069933724 11 7.29771047068804
      vertex 84.37300061400225 11 6.107691682292836
    endloop
  endfacet
  facet normal 0 1 0
    outer loop
      vertex 84.42569069933724 11 7.29771047068804
      vertex 84.4433 11 6.899999999999999
      vertex 84.42569069933724 11 6.502289529311957
    endloop
  endfacet
  facet normal 0 -1 0
    outer loop
      vertex 81.77967625509558 3 11.008250509611248
      vertex 81.77967625509558 3 2.7917494903887494
      vertex 82.13557779782357 3 2.970124931098983
    endloop
  endfacet
  facet normal 0 -1 0
    outer loop
      vertex 82.13557779782357 3 10.829875068901016
      vertex 82.13557779782357 3 2.970124931098983
      vertex 82.4743217943835 3 3.179256972544909
    endloop
  endfacet
  facet normal 0 -1 0
    outer loop
      vertex 82.4743217943835 3 10.620743027455088
      vertex 82.4743217943835 3 3.179256972544909
      vertex 82.7932571137162 3 3.417508872950517
    endloop
  endfacet
  facet normal 0 -1 0
    outer loop
      vertex 83.60714099016607 3 9.51271299586824
      vertex 83.60714099016607 3 4.2872870041317555
      vertex 83.8237155763401 3 4.621321664890601
    endloop
  endfacet
  facet normal 0 -1 0
    outer loop
      vertex 84.0099206493674 3 8.826809926832047
      vertex 84.0099206493674 3 4.973190073167949
      vertex 84.16429890208533 3 5.340138381588211
    endloop
  endfacet
  facet normal 0 -1 0
    outer loop
      vertex 83.8237155763401 3 9.178678335109394
      vertex 83.8237155763401 3 4.621321664890601
      vertex 84.0099206493674 3 4.973190073167949
    endloop
  endfacet
  facet normal 0 -1 0
    outer loop
      vertex 83.36189188062477 3 9.826299634987214
      vertex 83.36189188062477 3 3.973700365012782
      vertex 83.60714099016607 3 4.2872870041317555
    endloop
  endfacet
  facet normal 0 -1 0
    outer loop
      vertex 83.0898876545194 3 10.116984011838731
      vertex 83.0898876545194 3 3.683015988161266
      vertex 83.36189188062477 3 3.973700365012782
    endloop
  endfacet
  facet normal 0 -1 0
    outer loop
      vertex 82.7932571137162 3 10.38249112704948
      vertex 82.7932571137162 3 3.417508872950517
      vertex 83.0898876545194 3 3.683015988161266
    endloop
  endfacet
  facet normal 0 -1 0
    outer loop
      vertex 81.40940257832051 3 11.154473319911865
      vertex 81.40940257832051 3 2.645526680088132
      vertex 81.77967625509558 3 2.7917494903887494
    endloop
  endfacet
  facet normal 0.9217488001088815 -1.4794287810704978e-19 -0.38778750559789477
    outer loop
      vertex 84.0099206493674 3 4.973190073167949
      vertex 84.16429890208533 11 5.340138381588211
      vertex 84.16429890208533 3 5.340138381588211
    endloop
  endfacet
  facet normal 0.8838691327455571 0 -0.46773427945748924
    outer loop
      vertex 84.0099206493674 3 4.973190073167949
      vertex 83.8237155763401 3 4.621321664890601
      vertex 84.0099206493674 11 4.973190073167949
    endloop
  endfacet
  facet normal 0.8390719910244577 0 -0.5440203984027183
    outer loop
      vertex 83.8237155763401 3 4.621321664890601
      vertex 83.60714099016607 3 4.2872870041317555
      vertex 83.8237155763401 11 4.621321664890601
    endloop
  endfacet
  facet normal 0 -1 0
    outer loop
      vertex 84.28564211535263 3 8.080705277888903
      vertex 84.28564211535263 3 5.719294722111092
      vertex 84.37300061400225 3 6.107691682292836
    endloop
  endfacet
  facet normal 0 -1 0
    outer loop
      vertex 84.16429890208533 3 8.459861618411784
      vertex 84.16429890208533 3 5.340138381588211
      vertex 84.28564211535263 3 5.719294722111092
    endloop
  endfacet
  facet normal 0.9912025308994143 0 -0.13235385426422444
    outer loop
      vertex 84.42569069933724 3 6.502289529311957
      vertex 84.37300061400225 3 6.107691682292836
      vertex 84.42569069933724 11 6.502289529311957
    endloop
  endfacet
  facet normal 0.9756263315525066 0 -0.21943851344146173
    outer loop
      vertex 84.37300061400225 3 6.107691682292836
      vertex 84.28564211535263 3 5.719294722111092
      vertex 84.37300061400225 11 6.107691682292836
    endloop
  endfacet
  facet normal 0.9524145333581285 0 -0.3048057687252952
    outer loop
      vertex 84.28564211535263 3 5.719294722111092
      vertex 84.16429890208533 3 5.340138381588211
      vertex 84.28564211535263 11 5.719294722111092
    endloop
  endfacet
  facet normal 0 1 0
    outer loop
      vertex 82.4743217943835 11 10.620743027455088
      vertex 82.4743217943835 11 3.179256972544909
      vertex 82.13557779782357 11 2.970124931098983
    endloop
  endfacet
  facet normal 0 1 0
    outer loop
      vertex 82.7932571137162 11 10.38249112704948
      vertex 82.7932571137162 11 3.417508872950517
      vertex 82.4743217943835 11 3.179256972544909
    endloop
  endfacet
  facet normal 0 1 0
    outer loop
      vertex 84.0099206493674 11 8.826809926832047
      vertex 84.0099206493674 11 4.973190073167949
      vertex 83.8237155763401 11 4.621321664890601
    endloop
  endfacet
  facet normal 0 1 0
    outer loop
      vertex 84.16429890208533 11 8.459861618411784
      vertex 84.16429890208533 11 5.340138381588211
      vertex 84.0099206493674 11 4.973190073167949
    endloop
  endfacet
  facet normal 0 1 0
    outer loop
      vertex 83.0898876545194 11 10.116984011838731
      vertex 83.0898876545194 11 3.683015988161266
      vertex 82.7932571137162 11 3.417508872950517
    endloop
  endfacet
  facet normal 0 1 0
    outer loop
      vertex 83.36189188062477 11 9.826299634987214
      vertex 83.36189188062477 11 3.973700365012782
      vertex 83.0898876545194 11 3.683015988161266
    endloop
  endfacet
  facet normal 0 1 0
    outer loop
      vertex 83.8237155763401 11 9.178678335109394
      vertex 83.8237155763401 11 4.621321664890601
      vertex 83.60714099016607 11 4.2872870041317555
    endloop
  endfacet
  facet normal 0 1 0
    outer loop
      vertex 83.60714099016607 11 9.51271299586824
      vertex 83.60714099016607 11 4.2872870041317555
      vertex 83.36189188062477 11 3.973700365012782
    endloop
  endfacet
  facet normal 0.9217488001088815 0 -0.38778750559789477
    outer loop
      vertex 84.0099206493674 3 4.973190073167949
      vertex 84.0099206493674 11 4.973190073167949
      vertex 84.16429890208533 11 5.340138381588211
    endloop
  endfacet
  facet normal 0.8838691327455571 0 -0.46773427945748924
    outer loop
      vertex 83.8237155763401 3 4.621321664890601
      vertex 83.8237155763401 11 4.621321664890601
      vertex 84.0099206493674 11 4.973190073167949
    endloop
  endfacet
  facet normal 0 1 0
    outer loop
      vertex 81.77967625509558 11 11.008250509611248
      vertex 81.77967625509558 11 2.7917494903887494
      vertex 81.40940257832051 11 2.645526680088132
    endloop
  endfacet
  facet normal 0 1 0
    outer loop
      vertex 82.13557779782357 11 10.829875068901016
      vertex 82.13557779782357 11 2.970124931098983
      vertex 81.77967625509558 11 2.7917494903887494
    endloop
  endfacet
  facet normal 0.9990212265199728 -1.1611925760997222e-19 -0.04423334672539659
    outer loop
      vertex 84.4433 11 6.899999999999999
      vertex 84.42569069933724 3 6.502289529311957
      vertex 84.42569069933724 11 6.502289529311957
    endloop
  endfacet
  facet normal 0.9912025308994143 0 -0.13235385426422444
    outer loop
      vertex 84.37300061400225 3 6.107691682292836
      vertex 84.37300061400225 11 6.107691682292836
      vertex 84.42569069933724 11 6.502289529311957
    endloop
  endfacet
  facet normal 0.9756263315525066 0 -0.21943851344146173
    outer loop
      vertex 84.28564211535263 3 5.719294722111092
      vertex 84.28564211535263 11 5.719294722111092
      vertex 84.37300061400225 11 6.107691682292836
    endloop
  endfacet
  facet normal 0 1 0
    outer loop
      vertex 84.42569069933724 11 7.29771047068804
      vertex 84.42569069933724 11 6.502289529311957
      vertex 84.37300061400225 11 6.107691682292836
    endloop
  endfacet
  facet normal 0 1 0
    outer loop
      vertex 84.37300061400225 11 7.692308317707161
      vertex 84.37300061400225 11 6.107691682292836
      vertex 84.28564211535263 11 5.719294722111092
    endloop
  endfacet
  facet normal 0 1 0
    outer loop
      vertex 84.28564211535263 11 8.080705277888903
      vertex 84.28564211535263 11 5.719294722111092
      vertex 84.16429890208533 11 5.340138381588211
    endloop
  endfacet
  facet normal 0.9524145333581285 0 -0.3048057687252952
    outer loop
      vertex 84.16429890208533 3 5.340138381588211
      vertex 84.16429890208533 11 5.340138381588211
      vertex 84.28564211535263 11 5.719294722111092
    endloop
  endfacet
  facet normal -0.8141868867035849 -3.456119017952738e-19 -0.5806028879707056
    outer loop
      vertex 76.16747604038997 3 4.451908207187703
      vertex 76.39861412007025 11 4.127780309458359
      vertex 76.39861412007025 3 4.127780309458359
    endloop
  endfacet
  facet normal -0.759687084583277 1.776864835197007e-18 -0.650288807774946
    outer loop
      vertex 76.39861412007025 3 4.127780309458359
      vertex 76.65749417282373 11 3.825348789521879
      vertex 76.65749417282373 3 3.825348789521879
    endloop
  endfacet
  facet normal -0.6992417010043128 0 -0.7148853359641637
    outer loop
      vertex 76.65749417282373 3 3.825348789521879
      vertex 76.65749417282373 11 3.825348789521879
      vertex 76.94209011123506 3 3.5469805840735695
    endloop
  endfacet
  facet normal -0.6333238030480469 0 -0.7738869171221069
    outer loop
      vertex 76.94209011123506 3 3.5469805840735695
      vertex 76.94209011123506 11 3.5469805840735695
      vertex 77.25017458621673 3 3.294854301746632
    endloop
  endfacet
  facet normal -0.562449287640785 0 -0.8268317838789058
    outer loop
      vertex 77.25017458621673 3 3.294854301746632
      vertex 77.25017458621673 11 3.294854301746632
      vertex 77.57933641903564 3 3.070943172545718
    endloop
  endfacet
  facet normal -0.4871728439607924 0 -0.873305570866895
    outer loop
      vertex 77.57933641903564 3 3.070943172545718
      vertex 77.57933641903564 11 3.070943172545718
      vertex 77.92699947205588 3 2.876999604646759
    endloop
  endfacet
  facet normal -0.40808361224346823 0 -0.9129445576913874
    outer loop
      vertex 77.92699947205588 3 2.876999604646759
      vertex 77.92699947205588 11 2.876999604646759
      vertex 78.29044281050858 3 2.7145414694269654
    endloop
  endfacet
  facet normal -0.32580057296011494 0 -0.9454385155359712
    outer loop
      vertex 78.29044281050858 3 2.7145414694269654
      vertex 78.29044281050858 11 2.7145414694269654
      vertex 78.66682199749565 3 2.5848402220633204
    endloop
  endfacet
  facet normal 0 -1 0
    outer loop
      vertex 78.66682199749565 3 2.5848402220633204
      vertex 79.05319135556516 3 2.4889109506718867
      vertex 78.77204047172684 3 6.3359511391471734
    endloop
  endfacet
  facet normal 0 -1 0
    outer loop
      vertex 79.05319135556516 3 2.4889109506718867
      vertex 79.44652702063127 3 2.427504431867021
      vertex 79.29329999999999 3 5.774166975080229
    endloop
  endfacet
  facet normal 0 -1 0
    outer loop
      vertex 79.44652702063127 3 2.427504431867021
      vertex 79.84375060781065 3 2.401101254916405
      vertex 79.65402278585677 3 5.632593714163628
    endloop
  endfacet
  facet normal 0 -1 0
    outer loop
      vertex 79.84375060781065 3 2.401101254916405
      vertex 80.24175330395795 3 2.409908060478429
      vertex 80.04044912166233 3 5.6036350636644645
    endloop
  endfacet
  facet normal 0 -1 0
    outer loop
      vertex 80.24175330395795 3 2.409908060478429
      vertex 80.63742019834385 3 2.4538559233588586
      vertex 80.04044912166233 3 5.6036350636644645
    endloop
  endfacet
  facet normal 0 -1 0
    outer loop
      vertex 80.63742019834385 3 2.4538559233588586
      vertex 81.02765466105475 3 2.5326008919439467
      vertex 80.41824333167631 3 5.689864126762533
    endloop
  endfacet
  facet normal 0 -1 0
    outer loop
      vertex 81.02765466105475 3 2.5326008919439467
      vertex 81.40940257832051 3 2.645526680088132
      vertex 81.01741040661078 3 6.16768392451729
    endloop
  endfacet
  facet normal -0.2409677024566133 0 -0.9705331351235675
    outer loop
      vertex 78.66682199749565 3 2.5848402220633204
      vertex 78.66682199749565 11 2.5848402220633204
      vertex 79.05319135556516 3 2.4889109506718867
    endloop
  endfacet
  facet normal -0.15424893296530642 0 -0.9880320170313633
    outer loop
      vertex 79.05319135556516 3 2.4889109506718867
      vertex 79.05319135556516 11 2.4889109506718867
      vertex 79.44652702063127 3 2.427504431867021
    endloop
  endfacet
  facet normal -0.06632295643510422 0 -0.9977982087825711
    outer loop
      vertex 79.44652702063127 3 2.427504431867021
      vertex 79.44652702063127 11 2.427504431867021
      vertex 79.84375060781065 3 2.401101254916405
    endloop
  endfacet
  facet normal 0.022122087153188256 0 -0.9997552766852431
    outer loop
      vertex 79.84375060781065 3 2.401101254916405
      vertex 79.84375060781065 11 2.401101254916405
      vertex 80.24175330395795 3 2.409908060478429
    endloop
  endfacet
  facet normal 0.11039399541526332 0 -0.9938879040295513
    outer loop
      vertex 80.24175330395795 3 2.409908060478429
      vertex 80.24175330395795 11 2.409908060478429
      vertex 80.63742019834385 3 2.4538559233588586
    endloop
  endfacet
  facet normal 0.2836617783342993 0 -0.9589243950970393
    outer loop
      vertex 81.02765466105475 3 2.5326008919439467
      vertex 81.02765466105475 11 2.5326008919439467
      vertex 81.40940257832051 3 2.645526680088132
    endloop
  endfacet
  facet normal 0.19780192098552227 0 -0.9802420109618019
    outer loop
      vertex 80.63742019834385 3 2.4538559233588586
      vertex 80.63742019834385 11 2.4538559233588586
      vertex 81.02765466105475 3 2.5326008919439467
    endloop
  endfacet
  facet normal -0.8141868867035849 0 -0.5806028879707056
    outer loop
      vertex 76.16747604038997 3 4.451908207187703
      vertex 76.16747604038997 11 4.451908207187703
      vertex 76.39861412007025 11 4.127780309458359
    endloop
  endfacet
  facet normal -0.759687084583277 0 -0.650288807774946
    outer loop
      vertex 76.39861412007025 3 4.127780309458359
      vertex 76.39861412007025 11 4.127780309458359
      vertex 76.65749417282373 11 3.825348789521879
    endloop
  endfacet
  facet normal -0.6992417010043128 0 -0.7148853359641637
    outer loop
      vertex 76.94209011123506 3 3.5469805840735695
      vertex 76.65749417282373 11 3.825348789521879
      vertex 76.94209011123506 11 3.5469805840735695
    endloop
  endfacet
  facet normal -0.6333238030480469 0 -0.7738869171221069
    outer loop
      vertex 77.25017458621673 3 3.294854301746632
      vertex 76.94209011123506 11 3.5469805840735695
      vertex 77.25017458621673 11 3.294854301746632
    endloop
  endfacet
  facet normal 0 1 0
    outer loop
      vertex 78.29044281050858 11 2.7145414694269654
      vertex 78.77204047172684 11 6.3359511391471734
      vertex 78.66682199749565 11 2.5848402220633204
    endloop
  endfacet
  facet normal -0.562449287640785 0 -0.8268317838789058
    outer loop
      vertex 77.57933641903564 3 3.070943172545718
      vertex 77.25017458621673 11 3.294854301746632
      vertex 77.57933641903564 11 3.070943172545718
    endloop
  endfacet
  facet normal -0.4871728439607924 0 -0.873305570866895
    outer loop
      vertex 77.92699947205588 3 2.876999604646759
      vertex 77.57933641903564 11 3.070943172545718
      vertex 77.92699947205588 11 2.876999604646759
    endloop
  endfacet
  facet normal -0.40808361224346823 0 -0.9129445576913874
    outer loop
      vertex 78.29044281050858 3 2.7145414694269654
      vertex 77.92699947205588 11 2.876999604646759
      vertex 78.29044281050858 11 2.7145414694269654
    endloop
  endfacet
  facet normal -0.32580057296011494 0 -0.9454385155359712
    outer loop
      vertex 78.66682199749565 3 2.5848402220633204
      vertex 78.29044281050858 11 2.7145414694269654
      vertex 78.66682199749565 11 2.5848402220633204
    endloop
  endfacet
  facet normal 0 1 0
    outer loop
      vertex 78.66682199749565 11 2.5848402220633204
      vertex 79.29329999999999 11 5.774166975080229
      vertex 79.05319135556516 11 2.4889109506718867
    endloop
  endfacet
  facet normal 0 1 0
    outer loop
      vertex 79.05319135556516 11 2.4889109506718867
      vertex 79.65402278585677 11 5.632593714163628
      vertex 79.44652702063127 11 2.427504431867021
    endloop
  endfacet
  facet normal 0 1 0
    outer loop
      vertex 79.44652702063127 11 2.427504431867021
      vertex 80.04044912166233 11 5.6036350636644645
      vertex 79.84375060781065 11 2.401101254916405
    endloop
  endfacet
  facet normal 0 1 0
    outer loop
      vertex 79.84375060781065 11 2.401101254916405
      vertex 80.04044912166233 11 5.6036350636644645
      vertex 80.24175330395795 11 2.409908060478429
    endloop
  endfacet
  facet normal 0 1 0
    outer loop
      vertex 81.02765466105475 11 2.5326008919439467
      vertex 81.24329999999998 11 6.899999999999999
      vertex 81.40940257832051 11 2.645526680088132
    endloop
  endfacet
  facet normal 0 1 0
    outer loop
      vertex 80.24175330395795 11 2.409908060478429
      vertex 80.41824333167631 11 5.689864126762533
      vertex 80.63742019834385 11 2.4538559233588586
    endloop
  endfacet
  facet normal 0 1 0
    outer loop
      vertex 80.63742019834385 11 2.4538559233588586
      vertex 81.01741040661078 11 6.16768392451729
      vertex 81.02765466105475 11 2.5326008919439467
    endloop
  endfacet
  facet normal -0.2409677024566133 0 -0.9705331351235675
    outer loop
      vertex 79.05319135556516 3 2.4889109506718867
      vertex 78.66682199749565 11 2.5848402220633204
      vertex 79.05319135556516 11 2.4889109506718867
    endloop
  endfacet
  facet normal -0.15424893296530642 0 -0.9880320170313633
    outer loop
      vertex 79.44652702063127 3 2.427504431867021
      vertex 79.05319135556516 11 2.4889109506718867
      vertex 79.44652702063127 11 2.427504431867021
    endloop
  endfacet
  facet normal -0.06632295643510422 0 -0.9977982087825711
    outer loop
      vertex 79.84375060781065 3 2.401101254916405
      vertex 79.44652702063127 11 2.427504431867021
      vertex 79.84375060781065 11 2.401101254916405
    endloop
  endfacet
  facet normal 0.022122087153188256 0 -0.9997552766852431
    outer loop
      vertex 80.24175330395795 3 2.409908060478429
      vertex 79.84375060781065 11 2.401101254916405
      vertex 80.24175330395795 11 2.409908060478429
    endloop
  endfacet
  facet normal 0.11039399541526332 0 -0.9938879040295513
    outer loop
      vertex 80.63742019834385 3 2.4538559233588586
      vertex 80.24175330395795 11 2.409908060478429
      vertex 80.63742019834385 11 2.4538559233588586
    endloop
  endfacet
  facet normal 0.19780192098552227 0 -0.9802420109618019
    outer loop
      vertex 81.02765466105475 3 2.5326008919439467
      vertex 80.63742019834385 11 2.4538559233588586
      vertex 81.02765466105475 11 2.5326008919439467
    endloop
  endfacet
  facet normal 0.2836617783342993 0 -0.9589243950970393
    outer loop
      vertex 81.40940257832051 3 2.645526680088132
      vertex 81.02765466105475 11 2.5326008919439467
      vertex 81.40940257832051 11 2.645526680088132
    endloop
  endfacet
  facet normal 0.7877079733177145 -9.097928358116849e-20 -0.616048820120369
    outer loop
      vertex 83.36189188062477 3 3.973700365012782
      vertex 83.60714099016607 11 4.2872870041317555
      vertex 83.60714099016607 3 4.2872870041317555
    endloop
  endfacet
  facet normal 0.7301790727058387 0 -0.6832558245506888
    outer loop
      vertex 83.36189188062477 3 3.973700365012782
      vertex 83.0898876545194 3 3.683015988161266
      vertex 83.36189188062477 11 3.973700365012782
    endloop
  endfacet
  facet normal 0.6669355308366435 -1.796565406454674e-18 -0.7451154257614351
    outer loop
      vertex 83.0898876545194 3 3.683015988161266
      vertex 82.7932571137162 3 3.417508872950517
      vertex 82.7932571137162 11 3.417508872950517
    endloop
  endfacet
  facet normal 0.4480667839875824 0 -0.8940000878562737
    outer loop
      vertex 81.77967625509558 3 2.7917494903887494
      vertex 81.77967625509558 11 2.7917494903887494
      vertex 82.13557779782357 3 2.970124931098983
    endloop
  endfacet
  facet normal 0.5984723141740603 -1.406097195721449e-18 -0.8011434885007461
    outer loop
      vertex 82.7932571137162 3 3.417508872950517
      vertex 82.4743217943835 3 3.179256972544909
      vertex 82.4743217943835 11 3.179256972544909
    endloop
  endfacet
  facet normal 0.5253252402142969 9.619286889165028e-19 -0.8509015172120633
    outer loop
      vertex 82.4743217943835 3 3.179256972544909
      vertex 82.13557779782357 3 2.970124931098983
      vertex 82.13557779782357 11 2.970124931098983
    endloop
  endfacet
  facet normal 0.3673015976647514 0 -0.9301018956828984
    outer loop
      vertex 81.40940257832051 3 2.645526680088132
      vertex 81.40940257832051 11 2.645526680088132
      vertex 81.77967625509558 3 2.7917494903887494
    endloop
  endfacet
  facet normal 0.5984723141740603 0 -0.8011434885007461
    outer loop
      vertex 82.7932571137162 3 3.417508872950517
      vertex 82.4743217943835 11 3.179256972544909
      vertex 82.7932571137162 11 3.417508872950517
    endloop
  endfacet
  facet normal 0.7877079733177145 0 -0.616048820120369
    outer loop
      vertex 83.36189188062477 3 3.973700365012782
      vertex 83.36189188062477 11 3.973700365012782
      vertex 83.60714099016607 11 4.2872870041317555
    endloop
  endfacet
  facet normal 0.8390719910244577 -1.5037302250625206e-18 -0.5440203984027183
    outer loop
      vertex 83.8237155763401 11 4.621321664890601
      vertex 83.60714099016607 3 4.2872870041317555
      vertex 83.60714099016607 11 4.2872870041317555
    endloop
  endfacet
  facet normal 0.7301790727058387 0 -0.6832558245506888
    outer loop
      vertex 83.0898876545194 3 3.683015988161266
      vertex 83.0898876545194 11 3.683015988161266
      vertex 83.36189188062477 11 3.973700365012782
    endloop
  endfacet
  facet normal 0.6669355308366435 0 -0.7451154257614351
    outer loop
      vertex 83.0898876545194 3 3.683015988161266
      vertex 82.7932571137162 11 3.417508872950517
      vertex 83.0898876545194 11 3.683015988161266
    endloop
  endfacet
  facet normal 0.4480667839875824 0 -0.8940000878562737
    outer loop
      vertex 82.13557779782357 3 2.970124931098983
      vertex 81.77967625509558 11 2.7917494903887494
      vertex 82.13557779782357 11 2.970124931098983
    endloop
  endfacet
  facet normal 0.5253252402142969 0 -0.8509015172120633
    outer loop
      vertex 82.4743217943835 3 3.179256972544909
      vertex 82.13557779782357 11 2.970124931098983
      vertex 82.4743217943835 11 3.179256972544909
    endloop
  endfacet
  facet normal 0.3673015976647514 -7.205691535506002e-19 -0.9301018956828984
    outer loop
      vertex 81.40940257832051 11 2.645526680088132
      vertex 81.77967625509558 11 2.7917494903887494
      vertex 81.77967625509558 3 2.7917494903887494
    endloop
  endfacet
  facet normal 0.6234898018587307 0 -0.781831482468032
    outer loop
      vertex 5.947032566621225 88.6 7.784224559102194
      vertex 6.25 74.6 8.025833024919768
      vertex 5.947032566621225 74.6 7.784224559102194
    endloop
  endfacet
  facet normal 0.3653410243663949 0 -0.9308737486442044
    outer loop
      vertex 6.25 74.6 8.025833024919768
      vertex 6.25 88.6 8.025833024919768
      vertex 6.610722785856794 74.6 8.16740628583637
    endloop
  endfacet
  facet normal 0.07473009358642373 0 -0.9972037971811802
    outer loop
      vertex 6.610722785856794 74.6 8.16740628583637
      vertex 6.610722785856794 88.6 8.16740628583637
      vertex 6.997149121662353 74.6 8.196364936335533
    endloop
  endfacet
  facet normal -0.22252093395631511 0 -0.9749279121818234
    outer loop
      vertex 6.997149121662353 74.6 8.196364936335533
      vertex 6.997149121662353 88.6 8.196364936335533
      vertex 7.374943331676313 74.6 8.110135873237464
    endloop
  endfacet
  facet normal -0.5 0 -0.8660254037844386
    outer loop
      vertex 7.374943331676313 74.6 8.110135873237464
      vertex 7.374943331676313 88.6 8.110135873237464
      vertex 7.710536742416352 74.6 7.916380927208438
    endloop
  endfacet
  facet normal -0.733051871829828 5.368745132274809e-19 -0.6801727377709177
    outer loop
      vertex 7.974110406610791 74.6 7.6323160754827075
      vertex 7.710536742416352 74.6 7.916380927208438
      vertex 7.710536742416352 88.6 7.916380927208438
    endloop
  endfacet
  facet normal 0.8262387743159922 -1.0540207326997457e-18 -0.5633200580636258
    outer loop
      vertex 5.947032566621225 74.6 7.784224559102194
      vertex 5.7287404717268515 74.6 7.464048860852824
      vertex 5.7287404717268515 88.6 7.464048860852824
    endloop
  endfacet
  facet normal 0.9555728057861415 -3.8035680200102427e-19 -0.29475517441090154
    outer loop
      vertex 5.7287404717268515 74.6 7.464048860852824
      vertex 5.614519925907331 74.6 7.093754946029026
      vertex 5.614519925907331 88.6 7.093754946029026
    endloop
  endfacet
  facet normal 1 0 0
    outer loop
      vertex 5.614519925907331 74.6 7.093754946029026
      vertex 5.614519925907331 74.6 6.706245053970971
      vertex 5.614519925907331 88.6 6.706245053970971
    endloop
  endfacet
  facet normal -0.9009688679024155 -3.721348886276616e-20 -0.43388373911756584
    outer loop
      vertex 8.142244647521984 74.6 7.283181726734174
      vertex 7.974110406610791 74.6 7.6323160754827075
      vertex 7.974110406610791 88.6 7.6323160754827075
    endloop
  endfacet
  facet normal -0.9888308262251307 -1.186575543270662e-19 -0.14904226617616032
    outer loop
      vertex 8.199999999999996 74.6 6.899999999999999
      vertex 8.142244647521984 74.6 7.283181726734174
      vertex 8.142244647521984 88.6 7.283181726734174
    endloop
  endfacet
  facet normal -0.9888308262251307 1.186575543270662e-19 0.14904226617616032
    outer loop
      vertex 8.142244647521984 74.6 6.516818273265823
      vertex 8.199999999999996 74.6 6.899999999999999
      vertex 8.199999999999996 88.6 6.899999999999999
    endloop
  endfacet
  facet normal 0.9555728057861415 3.8035680200102427e-19 0.29475517441090154
    outer loop
      vertex 5.614519925907331 74.6 6.706245053970971
      vertex 5.7287404717268515 74.6 6.3359511391471734
      vertex 5.7287404717268515 88.6 6.3359511391471734
    endloop
  endfacet
  facet normal 0.8262387743159922 1.0540207326997457e-18 0.5633200580636258
    outer loop
      vertex 5.7287404717268515 74.6 6.3359511391471734
      vertex 5.947032566621225 74.6 6.015775440897803
      vertex 5.947032566621225 88.6 6.015775440897803
    endloop
  endfacet
  facet normal 0.6234898018587307 0 0.781831482468032
    outer loop
      vertex 6.25 74.6 5.774166975080229
      vertex 6.25 88.6 5.774166975080229
      vertex 5.947032566621225 74.6 6.015775440897803
    endloop
  endfacet
  facet normal 0.3653410243664011 0 0.9308737486442019
    outer loop
      vertex 6.610722785856787 74.6 5.632593714163628
      vertex 6.610722785856787 88.6 5.632593714163628
      vertex 6.25 74.6 5.774166975080229
    endloop
  endfacet
  facet normal -0.9009688679024155 3.721348886276616e-20 0.43388373911756584
    outer loop
      vertex 7.974110406610791 74.6 6.16768392451729
      vertex 8.142244647521984 74.6 6.516818273265823
      vertex 8.142244647521984 88.6 6.516818273265823
    endloop
  endfacet
  facet normal 0.07473009358642235 0 0.9972037971811802
    outer loop
      vertex 6.997149121662353 74.6 5.6036350636644645
      vertex 6.997149121662353 88.6 5.6036350636644645
      vertex 6.610722785856787 74.6 5.632593714163628
    endloop
  endfacet
  facet normal -0.22252093395631511 -4.4935952263724e-19 0.9749279121818234
    outer loop
      vertex 6.997149121662353 74.6 5.6036350636644645
      vertex 7.374943331676313 74.6 5.689864126762533
      vertex 7.374943331676313 88.6 5.689864126762533
    endloop
  endfacet
  facet normal -0.7330518718298258 1.347957852596347e-19 0.68017273777092
    outer loop
      vertex 7.710536742416352 74.6 5.883619072791561
      vertex 7.974110406610791 74.6 6.16768392451729
      vertex 7.974110406610791 88.6 6.16768392451729
    endloop
  endfacet
  facet normal -0.5000000000000034 0 0.8660254037844366
    outer loop
      vertex 7.710536742416352 74.6 5.883619072791561
      vertex 7.710536742416352 88.6 5.883619072791561
      vertex 7.374943331676313 74.6 5.689864126762533
    endloop
  endfacet
  facet normal 0.3653410243663949 0 -0.9308737486442044
    outer loop
      vertex 6.610722785856794 74.6 8.16740628583637
      vertex 6.25 88.6 8.025833024919768
      vertex 6.610722785856794 88.6 8.16740628583637
    endloop
  endfacet
  facet normal 0.6234898018587307 0 -0.781831482468032
    outer loop
      vertex 6.25 74.6 8.025833024919768
      vertex 5.947032566621225 88.6 7.784224559102194
      vertex 6.25 88.6 8.025833024919768
    endloop
  endfacet
  facet normal 0.07473009358642373 6.395879999069347e-20 -0.9972037971811802
    outer loop
      vertex 6.610722785856794 88.6 8.16740628583637
      vertex 6.997149121662353 88.6 8.196364936335533
      vertex 6.997149121662353 74.6 8.196364936335533
    endloop
  endfacet
  facet normal -0.22252093395631511 0 -0.9749279121818234
    outer loop
      vertex 7.374943331676313 74.6 8.110135873237464
      vertex 6.997149121662353 88.6 8.196364936335533
      vertex 7.374943331676313 88.6 8.110135873237464
    endloop
  endfacet
  facet normal -0.5 0 -0.8660254037844386
    outer loop
      vertex 7.710536742416352 74.6 7.916380927208438
      vertex 7.374943331676313 88.6 8.110135873237464
      vertex 7.710536742416352 88.6 7.916380927208438
    endloop
  endfacet
  facet normal 0.8262387743159922 -1.0540207326997457e-18 -0.5633200580636258
    outer loop
      vertex 5.7287404717268515 88.6 7.464048860852824
      vertex 5.947032566621225 88.6 7.784224559102194
      vertex 5.947032566621225 74.6 7.784224559102194
    endloop
  endfacet
  facet normal 0.9555728057861415 -3.8035680200102427e-19 -0.29475517441090154
    outer loop
      vertex 5.614519925907331 88.6 7.093754946029026
      vertex 5.7287404717268515 88.6 7.464048860852824
      vertex 5.7287404717268515 74.6 7.464048860852824
    endloop
  endfacet
  facet normal 1 0 0
    outer loop
      vertex 5.614519925907331 74.6 7.093754946029026
      vertex 5.614519925907331 88.6 6.706245053970971
      vertex 5.614519925907331 88.6 7.093754946029026
    endloop
  endfacet
  facet normal -0.733051871829828 0 -0.6801727377709177
    outer loop
      vertex 7.974110406610791 74.6 7.6323160754827075
      vertex 7.710536742416352 88.6 7.916380927208438
      vertex 7.974110406610791 88.6 7.6323160754827075
    endloop
  endfacet
  facet normal -0.9009688679024155 0 -0.43388373911756584
    outer loop
      vertex 8.142244647521984 74.6 7.283181726734174
      vertex 7.974110406610791 88.6 7.6323160754827075
      vertex 8.142244647521984 88.6 7.283181726734174
    endloop
  endfacet
  facet normal -0.9888308262251307 -1.186575543270662e-19 -0.14904226617616032
    outer loop
      vertex 8.142244647521984 88.6 7.283181726734174
      vertex 8.199999999999996 88.6 6.899999999999999
      vertex 8.199999999999996 74.6 6.899999999999999
    endloop
  endfacet
  facet normal 0.9555728057861415 3.8035680200102427e-19 0.29475517441090154
    outer loop
      vertex 5.7287404717268515 88.6 6.3359511391471734
      vertex 5.614519925907331 88.6 6.706245053970971
      vertex 5.614519925907331 74.6 6.706245053970971
    endloop
  endfacet
  facet normal 0.8262387743159922 1.0540207326997457e-18 0.5633200580636258
    outer loop
      vertex 5.947032566621225 88.6 6.015775440897803
      vertex 5.7287404717268515 88.6 6.3359511391471734
      vertex 5.7287404717268515 74.6 6.3359511391471734
    endloop
  endfacet
  facet normal 0.6234898018587307 0 0.781831482468032
    outer loop
      vertex 5.947032566621225 74.6 6.015775440897803
      vertex 6.25 88.6 5.774166975080229
      vertex 5.947032566621225 88.6 6.015775440897803
    endloop
  endfacet
  facet normal 0.3653410243664011 0 0.9308737486442019
    outer loop
      vertex 6.25 74.6 5.774166975080229
      vertex 6.610722785856787 88.6 5.632593714163628
      vertex 6.25 88.6 5.774166975080229
    endloop
  endfacet
  facet normal 0.07473009358642235 0 0.9972037971811802
    outer loop
      vertex 6.610722785856787 74.6 5.632593714163628
      vertex 6.997149121662353 88.6 5.6036350636644645
      vertex 6.610722785856787 88.6 5.632593714163628
    endloop
  endfacet
  facet normal -0.9009688679024155 3.721348886276616e-20 0.43388373911756584
    outer loop
      vertex 8.142244647521984 88.6 6.516818273265823
      vertex 7.974110406610791 88.6 6.16768392451729
      vertex 7.974110406610791 74.6 6.16768392451729
    endloop
  endfacet
  facet normal -0.22252093395631511 0 0.9749279121818234
    outer loop
      vertex 6.997149121662353 74.6 5.6036350636644645
      vertex 7.374943331676313 88.6 5.689864126762533
      vertex 6.997149121662353 88.6 5.6036350636644645
    endloop
  endfacet
  facet normal -0.7330518718298258 0 0.68017273777092
    outer loop
      vertex 7.710536742416352 74.6 5.883619072791561
      vertex 7.974110406610791 88.6 6.16768392451729
      vertex 7.710536742416352 88.6 5.883619072791561
    endloop
  endfacet
  facet normal -0.5000000000000034 0 0.8660254037844366
    outer loop
      vertex 7.374943331676313 74.6 5.689864126762533
      vertex 7.710536742416352 88.6 5.883619072791561
      vertex 7.374943331676313 88.6 5.689864126762533
    endloop
  endfacet
  facet normal -0.9888308262251307 1.186575543270662e-19 0.14904226617616032
    outer loop
      vertex 8.199999999999996 88.6 6.899999999999999
      vertex 8.142244647521984 88.6 6.516818273265823
      vertex 8.142244647521984 74.6 6.516818273265823
    endloop
  endfacet
  facet normal 0.9555728057861415 -3.8035680200102427e-19 -0.29475517441090154
    outer loop
      vertex 78.77204047172684 74.6 7.464048860852824
      vertex 78.65781992590732 74.6 7.093754946029026
      vertex 78.65781992590732 88.6 7.093754946029026
    endloop
  endfacet
  facet normal 1 0 0
    outer loop
      vertex 78.65781992590732 74.6 7.093754946029026
      vertex 78.65781992590732 74.6 6.706245053970971
      vertex 78.65781992590732 88.6 6.706245053970971
    endloop
  endfacet
  facet normal 0.6234898018587396 -2.4169622449316214e-19 -0.7818314824680248
    outer loop
      vertex 79.29329999999999 74.6 8.025833024919768
      vertex 78.99033256662122 74.6 7.784224559102194
      vertex 78.99033256662122 88.6 7.784224559102194
    endloop
  endfacet
  facet normal 0.3653410243663949 0 -0.9308737486442044
    outer loop
      vertex 79.29329999999999 88.6 8.025833024919768
      vertex 79.65402278585678 74.6 8.16740628583637
      vertex 79.29329999999999 74.6 8.025833024919768
    endloop
  endfacet
  facet normal 0.07473009358642509 0 -0.99720379718118
    outer loop
      vertex 79.65402278585678 74.6 8.16740628583637
      vertex 79.65402278585678 88.6 8.16740628583637
      vertex 80.04044912166233 74.6 8.196364936335533
    endloop
  endfacet
  facet normal -0.22252093395630715 0 -0.9749279121818253
    outer loop
      vertex 80.04044912166233 74.6 8.196364936335533
      vertex 80.04044912166233 88.6 8.196364936335533
      vertex 80.41824333167631 74.6 8.110135873237464
    endloop
  endfacet
  facet normal -0.500000000000008 0 -0.866025403784434
    outer loop
      vertex 80.41824333167631 74.6 8.110135873237464
      vertex 80.41824333167631 88.6 8.110135873237464
      vertex 80.75383674241634 74.6 7.916380927208438
    endloop
  endfacet
  facet normal -0.733051871829828 5.368745132274809e-19 -0.6801727377709177
    outer loop
      vertex 81.01741040661078 74.6 7.6323160754827075
      vertex 80.75383674241634 74.6 7.916380927208438
      vertex 80.75383674241634 88.6 7.916380927208438
    endloop
  endfacet
  facet normal 0.8262387743159837 -1.2331930991742726e-18 -0.5633200580636384
    outer loop
      vertex 78.99033256662122 74.6 7.784224559102194
      vertex 78.77204047172684 74.6 7.464048860852824
      vertex 78.77204047172684 88.6 7.464048860852824
    endloop
  endfacet
  facet normal -0.9009688679024225 6.196599510515699e-19 -0.43388373911755096
    outer loop
      vertex 81.18554464752197 74.6 7.283181726734174
      vertex 81.01741040661078 74.6 7.6323160754827075
      vertex 81.01741040661078 88.6 7.6323160754827075
    endloop
  endfacet
  facet normal -0.9888308262251307 -1.186575543270662e-19 -0.14904226617616032
    outer loop
      vertex 81.24329999999998 74.6 6.899999999999999
      vertex 81.18554464752197 74.6 7.283181726734174
      vertex 81.18554464752197 88.6 7.283181726734174
    endloop
  endfacet
  facet normal -0.9888308262251307 1.186575543270662e-19 0.14904226617616032
    outer loop
      vertex 81.18554464752197 74.6 6.516818273265823
      vertex 81.24329999999998 74.6 6.899999999999999
      vertex 81.24329999999998 88.6 6.899999999999999
    endloop
  endfacet
  facet normal 0.9555728057861415 3.8035680200102427e-19 0.29475517441090154
    outer loop
      vertex 78.65781992590732 74.6 6.706245053970971
      vertex 78.77204047172684 74.6 6.3359511391471734
      vertex 78.77204047172684 88.6 6.3359511391471734
    endloop
  endfacet
  facet normal 0.8262387743159837 1.2331930991742726e-18 0.5633200580636384
    outer loop
      vertex 78.77204047172684 74.6 6.3359511391471734
      vertex 78.99033256662122 74.6 6.015775440897803
      vertex 78.99033256662122 88.6 6.015775440897803
    endloop
  endfacet
  facet normal 0.6234898018587396 0 0.7818314824680248
    outer loop
      vertex 79.29329999999999 74.6 5.774166975080229
      vertex 79.29329999999999 88.6 5.774166975080229
      vertex 78.99033256662122 74.6 6.015775440897803
    endloop
  endfacet
  facet normal 0.3653410243664073 -7.842472016436587e-20 0.9308737486441994
    outer loop
      vertex 79.29329999999999 74.6 5.774166975080229
      vertex 79.65402278585677 74.6 5.632593714163628
      vertex 79.65402278585677 88.6 5.632593714163628
    endloop
  endfacet
  facet normal 0.07473009358642235 0 0.9972037971811802
    outer loop
      vertex 80.04044912166233 88.6 5.6036350636644645
      vertex 79.65402278585677 74.6 5.632593714163628
      vertex 80.04044912166233 74.6 5.6036350636644645
    endloop
  endfacet
  facet normal -0.9009688679024225 -6.196599510515699e-19 0.43388373911755096
    outer loop
      vertex 81.01741040661078 74.6 6.16768392451729
      vertex 81.18554464752197 74.6 6.516818273265823
      vertex 81.18554464752197 88.6 6.516818273265823
    endloop
  endfacet
  facet normal -0.22252093395630715 0 0.9749279121818253
    outer loop
      vertex 80.41824333167631 74.6 5.689864126762533
      vertex 80.41824333167631 88.6 5.689864126762533
      vertex 80.04044912166233 74.6 5.6036350636644645
    endloop
  endfacet
  facet normal -0.5000000000000113 -4.408273711469735e-19 0.866025403784432
    outer loop
      vertex 80.41824333167631 74.6 5.689864126762533
      vertex 80.75383674241634 74.6 5.883619072791561
      vertex 80.75383674241634 88.6 5.883619072791561
    endloop
  endfacet
  facet normal -0.7330518718298258 1.347957852596347e-19 0.68017273777092
    outer loop
      vertex 80.75383674241634 74.6 5.883619072791561
      vertex 81.01741040661078 74.6 6.16768392451729
      vertex 81.01741040661078 88.6 6.16768392451729
    endloop
  endfacet
  facet normal 1 0 0
    outer loop
      vertex 78.65781992590732 74.6 7.093754946029026
      vertex 78.65781992590732 88.6 6.706245053970971
      vertex 78.65781992590732 88.6 7.093754946029026
    endloop
  endfacet
  facet normal 0.6234898018587396 0 -0.7818314824680248
    outer loop
      vertex 79.29329999999999 74.6 8.025833024919768
      vertex 78.99033256662122 88.6 7.784224559102194
      vertex 79.29329999999999 88.6 8.025833024919768
    endloop
  endfacet
  facet normal 0.3653410243663949 0 -0.9308737486442044
    outer loop
      vertex 79.65402278585678 74.6 8.16740628583637
      vertex 79.29329999999999 88.6 8.025833024919768
      vertex 79.65402278585678 88.6 8.16740628583637
    endloop
  endfacet
  facet normal 0.07473009358642509 0 -0.99720379718118
    outer loop
      vertex 80.04044912166233 74.6 8.196364936335533
      vertex 79.65402278585678 88.6 8.16740628583637
      vertex 80.04044912166233 88.6 8.196364936335533
    endloop
  endfacet
  facet normal -0.22252093395630715 0 -0.9749279121818253
    outer loop
      vertex 80.41824333167631 74.6 8.110135873237464
      vertex 80.04044912166233 88.6 8.196364936335533
      vertex 80.41824333167631 88.6 8.110135873237464
    endloop
  endfacet
  facet normal -0.500000000000008 0 -0.866025403784434
    outer loop
      vertex 80.75383674241634 74.6 7.916380927208438
      vertex 80.41824333167631 88.6 8.110135873237464
      vertex 80.75383674241634 88.6 7.916380927208438
    endloop
  endfacet
  facet normal 0.8262387743159837 -1.2331930991742726e-18 -0.5633200580636384
    outer loop
      vertex 78.77204047172684 88.6 7.464048860852824
      vertex 78.99033256662122 88.6 7.784224559102194
      vertex 78.99033256662122 74.6 7.784224559102194
    endloop
  endfacet
  facet normal 0.9555728057861415 -3.8035680200102427e-19 -0.29475517441090154
    outer loop
      vertex 78.65781992590732 88.6 7.093754946029026
      vertex 78.77204047172684 88.6 7.464048860852824
      vertex 78.77204047172684 74.6 7.464048860852824
    endloop
  endfacet
  facet normal -0.733051871829828 5.368745132274809e-19 -0.6801727377709177
    outer loop
      vertex 80.75383674241634 88.6 7.916380927208438
      vertex 81.01741040661078 88.6 7.6323160754827075
      vertex 81.01741040661078 74.6 7.6323160754827075
    endloop
  endfacet
  facet normal -0.9009688679024225 0 -0.43388373911755096
    outer loop
      vertex 81.18554464752197 74.6 7.283181726734174
      vertex 81.01741040661078 88.6 7.6323160754827075
      vertex 81.18554464752197 88.6 7.283181726734174
    endloop
  endfacet
  facet normal -0.9888308262251307 -1.186575543270662e-19 -0.14904226617616032
    outer loop
      vertex 81.18554464752197 88.6 7.283181726734174
      vertex 81.24329999999998 88.6 6.899999999999999
      vertex 81.24329999999998 74.6 6.899999999999999
    endloop
  endfacet
  facet normal 0.9555728057861415 3.8035680200102427e-19 0.29475517441090154
    outer loop
      vertex 78.77204047172684 88.6 6.3359511391471734
      vertex 78.65781992590732 88.6 6.706245053970971
      vertex 78.65781992590732 74.6 6.706245053970971
    endloop
  endfacet
  facet normal 0.8262387743159837 1.2331930991742726e-18 0.5633200580636384
    outer loop
      vertex 78.99033256662122 88.6 6.015775440897803
      vertex 78.77204047172684 88.6 6.3359511391471734
      vertex 78.77204047172684 74.6 6.3359511391471734
    endloop
  endfacet
  facet normal 0.6234898018587396 0 0.7818314824680248
    outer loop
      vertex 78.99033256662122 74.6 6.015775440897803
      vertex 79.29329999999999 88.6 5.774166975080229
      vertex 78.99033256662122 88.6 6.015775440897803
    endloop
  endfacet
  facet normal 0.3653410243664073 -7.842472016436587e-20 0.9308737486441994
    outer loop
      vertex 79.65402278585677 88.6 5.632593714163628
      vertex 79.29329999999999 88.6 5.774166975080229
      vertex 79.29329999999999 74.6 5.774166975080229
    endloop
  endfacet
  facet normal 0.07473009358642235 0 0.9972037971811802
    outer loop
      vertex 79.65402278585677 74.6 5.632593714163628
      vertex 80.04044912166233 88.6 5.6036350636644645
      vertex 79.65402278585677 88.6 5.632593714163628
    endloop
  endfacet
  facet normal -0.9888308262251307 1.186575543270662e-19 0.14904226617616032
    outer loop
      vertex 81.24329999999998 88.6 6.899999999999999
      vertex 81.18554464752197 88.6 6.516818273265823
      vertex 81.18554464752197 74.6 6.516818273265823
    endloop
  endfacet
  facet normal -0.9009688679024225 -6.196599510515699e-19 0.43388373911755096
    outer loop
      vertex 81.18554464752197 88.6 6.516818273265823
      vertex 81.01741040661078 88.6 6.16768392451729
      vertex 81.01741040661078 74.6 6.16768392451729
    endloop
  endfacet
  facet normal -0.22252093395630715 0 0.9749279121818253
    outer loop
      vertex 80.04044912166233 74.6 5.6036350636644645
      vertex 80.41824333167631 88.6 5.689864126762533
      vertex 80.04044912166233 88.6 5.6036350636644645
    endloop
  endfacet
  facet normal -0.5000000000000113 0 0.866025403784432
    outer loop
      vertex 80.41824333167631 74.6 5.689864126762533
      vertex 80.75383674241634 88.6 5.883619072791561
      vertex 80.41824333167631 88.6 5.689864126762533
    endloop
  endfacet
  facet normal -0.7330518718298258 1.347957852596347e-19 0.68017273777092
    outer loop
      vertex 81.01741040661078 88.6 6.16768392451729
      vertex 80.75383674241634 88.6 5.883619072791561
      vertex 80.75383674241634 74.6 5.883619072791561
    endloop
  endfacet
  facet normal 0.6234898018587307 -1.7501233265552263e-18 -0.7818314824680319
    outer loop
      vertex 6.25 3 8.025833024919768
      vertex 5.947032566621225 3 7.784224559102194
      vertex 5.947032566621225 11 7.784224559102194
    endloop
  endfacet
  facet normal 0.3653410243663948 0 -0.9308737486442044
    outer loop
      vertex 6.25 11 8.025833024919768
      vertex 6.610722785856794 3 8.16740628583637
      vertex 6.25 3 8.025833024919768
    endloop
  endfacet
  facet normal 0.07473009358642373 0 -0.9972037971811801
    outer loop
      vertex 6.610722785856794 3 8.16740628583637
      vertex 6.610722785856794 11 8.16740628583637
      vertex 6.997149121662353 3 8.196364936335533
    endloop
  endfacet
  facet normal -0.2225209339563151 0 -0.9749279121818233
    outer loop
      vertex 6.997149121662353 3 8.196364936335533
      vertex 6.997149121662353 11 8.196364936335533
      vertex 7.374943331676313 3 8.110135873237464
    endloop
  endfacet
  facet normal -0.5 0 -0.8660254037844386
    outer loop
      vertex 7.374943331676313 3 8.110135873237464
      vertex 7.374943331676313 11 8.110135873237464
      vertex 7.710536742416352 3 7.916380927208438
    endloop
  endfacet
  facet normal -0.7330518718298279 9.395303981480914e-19 -0.6801727377709177
    outer loop
      vertex 7.974110406610791 3 7.6323160754827075
      vertex 7.710536742416352 3 7.916380927208438
      vertex 7.710536742416352 11 7.916380927208438
    endloop
  endfacet
  facet normal 0.8262387743159924 -1.844536282224555e-18 -0.5633200580636258
    outer loop
      vertex 5.947032566621225 3 7.784224559102194
      vertex 5.7287404717268515 3 7.464048860852824
      vertex 5.7287404717268515 11 7.464048860852824
    endloop
  endfacet
  facet normal 0.9555728057861416 -6.656244035017926e-19 -0.29475517441090154
    outer loop
      vertex 5.7287404717268515 3 7.464048860852824
      vertex 5.614519925907331 3 7.093754946029026
      vertex 5.614519925907331 11 7.093754946029026
    endloop
  endfacet
  facet normal 1 0 0
    outer loop
      vertex 5.614519925907331 3 7.093754946029026
      vertex 5.614519925907331 3 6.706245053970971
      vertex 5.614519925907331 11 6.706245053970971
    endloop
  endfacet
  facet normal -0.9009688679024154 -6.512360550984078e-20 -0.43388373911756584
    outer loop
      vertex 8.142244647521984 3 7.283181726734174
      vertex 7.974110406610791 3 7.6323160754827075
      vertex 7.974110406610791 11 7.6323160754827075
    endloop
  endfacet
  facet normal -0.9888308262251306 -2.0765072007236584e-19 -0.14904226617616032
    outer loop
      vertex 8.199999999999996 3 6.899999999999999
      vertex 8.142244647521984 3 7.283181726734174
      vertex 8.142244647521984 11 7.283181726734174
    endloop
  endfacet
  facet normal -0.9888308262251306 2.0765072007236584e-19 0.14904226617616032
    outer loop
      vertex 8.142244647521984 3 6.516818273265823
      vertex 8.199999999999996 3 6.899999999999999
      vertex 8.199999999999996 11 6.899999999999999
    endloop
  endfacet
  facet normal 0.3653410243663948 7.507962515016764e-21 -0.9308737486442044
    outer loop
      vertex 6.25 11 8.025833024919768
      vertex 6.610722785856794 11 8.16740628583637
      vertex 6.610722785856794 3 8.16740628583637
    endloop
  endfacet
  facet normal 0.6234898018587307 -1.7501233265552263e-18 -0.7818314824680319
    outer loop
      vertex 5.947032566621225 11 7.784224559102194
      vertex 6.25 11 8.025833024919768
      vertex 6.25 3 8.025833024919768
    endloop
  endfacet
  facet normal 0.07473009358642373 1.1192789998371357e-19 -0.9972037971811801
    outer loop
      vertex 6.610722785856794 11 8.16740628583637
      vertex 6.997149121662353 11 8.196364936335533
      vertex 6.997149121662353 3 8.196364936335533
    endloop
  endfacet
  facet normal -0.2225209339563151 7.863791646151699e-19 -0.9749279121818233
    outer loop
      vertex 6.997149121662353 11 8.196364936335533
      vertex 7.374943331676313 11 8.110135873237464
      vertex 7.374943331676313 3 8.110135873237464
    endloop
  endfacet
  facet normal -0.5 -3.3237118742339485e-19 -0.8660254037844386
    outer loop
      vertex 7.374943331676313 11 8.110135873237464
      vertex 7.710536742416352 11 7.916380927208438
      vertex 7.710536742416352 3 7.916380927208438
    endloop
  endfacet
  facet normal 0.8262387743159924 -1.844536282224555e-18 -0.5633200580636258
    outer loop
      vertex 5.7287404717268515 11 7.464048860852824
      vertex 5.947032566621225 11 7.784224559102194
      vertex 5.947032566621225 3 7.784224559102194
    endloop
  endfacet
  facet normal 0.9555728057861416 -6.656244035017926e-19 -0.29475517441090154
    outer loop
      vertex 5.614519925907331 11 7.093754946029026
      vertex 5.7287404717268515 11 7.464048860852824
      vertex 5.7287404717268515 3 7.464048860852824
    endloop
  endfacet
  facet normal 1 0 0
    outer loop
      vertex 5.614519925907331 3 7.093754946029026
      vertex 5.614519925907331 11 6.706245053970971
      vertex 5.614519925907331 11 7.093754946029026
    endloop
  endfacet
  facet normal -0.7330518718298279 9.395303981480914e-19 -0.6801727377709177
    outer loop
      vertex 7.710536742416352 11 7.916380927208438
      vertex 7.974110406610791 11 7.6323160754827075
      vertex 7.974110406610791 3 7.6323160754827075
    endloop
  endfacet
  facet normal -0.9009688679024154 -6.512360550984078e-20 -0.43388373911756584
    outer loop
      vertex 7.974110406610791 11 7.6323160754827075
      vertex 8.142244647521984 11 7.283181726734174
      vertex 8.142244647521984 3 7.283181726734174
    endloop
  endfacet
  facet normal -0.9888308262251306 -2.0765072007236584e-19 -0.14904226617616032
    outer loop
      vertex 8.142244647521984 11 7.283181726734174
      vertex 8.199999999999996 11 6.899999999999999
      vertex 8.199999999999996 3 6.899999999999999
    endloop
  endfacet
  facet normal 0.9555728057861416 0 0.29475517441090154
    outer loop
      vertex 5.7287404717268515 11 6.3359511391471734
      vertex 5.614519925907331 3 6.706245053970971
      vertex 5.7287404717268515 3 6.3359511391471734
    endloop
  endfacet
  facet normal 0.8262387743159924 1.844536282224555e-18 0.5633200580636258
    outer loop
      vertex 5.7287404717268515 3 6.3359511391471734
      vertex 5.947032566621225 3 6.015775440897803
      vertex 5.947032566621225 11 6.015775440897803
    endloop
  endfacet
  facet normal 0.6234898018587307 0 0.7818314824680319
    outer loop
      vertex 6.25 3 5.774166975080229
      vertex 6.25 11 5.774166975080229
      vertex 5.947032566621225 3 6.015775440897803
    endloop
  endfacet
  facet normal 0.36534102436640115 0 0.930873748644202
    outer loop
      vertex 6.610722785856787 3 5.632593714163628
      vertex 6.610722785856787 11 5.632593714163628
      vertex 6.25 3 5.774166975080229
    endloop
  endfacet
  facet normal -0.9009688679024154 0 0.43388373911756584
    outer loop
      vertex 8.142244647521984 11 6.516818273265823
      vertex 7.974110406610791 3 6.16768392451729
      vertex 8.142244647521984 3 6.516818273265823
    endloop
  endfacet
  facet normal 0.07473009358642237 0 0.9972037971811804
    outer loop
      vertex 6.997149121662353 3 5.6036350636644645
      vertex 6.997149121662353 11 5.6036350636644645
      vertex 6.610722785856787 3 5.632593714163628
    endloop
  endfacet
  facet normal -0.2225209339563151 0 0.9749279121818233
    outer loop
      vertex 7.374943331676313 11 5.689864126762533
      vertex 6.997149121662353 3 5.6036350636644645
      vertex 7.374943331676313 3 5.689864126762533
    endloop
  endfacet
  facet normal -0.7330518718298259 2.3589262420436076e-19 0.68017273777092
    outer loop
      vertex 7.710536742416352 3 5.883619072791561
      vertex 7.974110406610791 3 6.16768392451729
      vertex 7.974110406610791 11 6.16768392451729
    endloop
  endfacet
  facet normal -0.5000000000000034 0 0.8660254037844366
    outer loop
      vertex 7.710536742416352 11 5.883619072791561
      vertex 7.374943331676313 3 5.689864126762533
      vertex 7.710536742416352 3 5.883619072791561
    endloop
  endfacet
  facet normal 0.9555728057861416 6.656244035017926e-19 0.29475517441090154
    outer loop
      vertex 5.7287404717268515 11 6.3359511391471734
      vertex 5.614519925907331 11 6.706245053970971
      vertex 5.614519925907331 3 6.706245053970971
    endloop
  endfacet
  facet normal 0.8262387743159924 1.844536282224555e-18 0.5633200580636258
    outer loop
      vertex 5.947032566621225 11 6.015775440897803
      vertex 5.7287404717268515 11 6.3359511391471734
      vertex 5.7287404717268515 3 6.3359511391471734
    endloop
  endfacet
  facet normal 0.6234898018587307 1.7501233265552263e-18 0.7818314824680319
    outer loop
      vertex 6.25 11 5.774166975080229
      vertex 5.947032566621225 11 6.015775440897803
      vertex 5.947032566621225 3 6.015775440897803
    endloop
  endfacet
  facet normal 0.36534102436640115 -7.237561140132742e-20 0.930873748644202
    outer loop
      vertex 6.610722785856787 11 5.632593714163628
      vertex 6.25 11 5.774166975080229
      vertex 6.25 3 5.774166975080229
    endloop
  endfacet
  facet normal 0.07473009358642237 1.0371373877846828e-19 0.9972037971811804
    outer loop
      vertex 6.997149121662353 11 5.6036350636644645
      vertex 6.610722785856787 11 5.632593714163628
      vertex 6.610722785856787 3 5.632593714163628
    endloop
  endfacet
  facet normal -0.9009688679024154 6.512360550984078e-20 0.43388373911756584
    outer loop
      vertex 8.142244647521984 11 6.516818273265823
      vertex 7.974110406610791 11 6.16768392451729
      vertex 7.974110406610791 3 6.16768392451729
    endloop
  endfacet
  facet normal -0.2225209339563151 -7.863791646151699e-19 0.9749279121818233
    outer loop
      vertex 7.374943331676313 11 5.689864126762533
      vertex 6.997149121662353 11 5.6036350636644645
      vertex 6.997149121662353 3 5.6036350636644645
    endloop
  endfacet
  facet normal -0.7330518718298259 2.3589262420436076e-19 0.68017273777092
    outer loop
      vertex 7.974110406610791 11 6.16768392451729
      vertex 7.710536742416352 11 5.883619072791561
      vertex 7.710536742416352 3 5.883619072791561
    endloop
  endfacet
  facet normal -0.5000000000000034 1.352067656810655e-19 0.8660254037844366
    outer loop
      vertex 7.710536742416352 11 5.883619072791561
      vertex 7.374943331676313 11 5.689864126762533
      vertex 7.374943331676313 3 5.689864126762533
    endloop
  endfacet
  facet normal -0.9888308262251306 2.0765072007236584e-19 0.14904226617616032
    outer loop
      vertex 8.199999999999996 11 6.899999999999999
      vertex 8.142244647521984 11 6.516818273265823
      vertex 8.142244647521984 3 6.516818273265823
    endloop
  endfacet
  facet normal 0.9555728057861416 -6.656244035017926e-19 -0.29475517441090154
    outer loop
      vertex 78.77204047172684 3 7.464048860852824
      vertex 78.65781992590732 3 7.093754946029026
      vertex 78.65781992590732 11 7.093754946029026
    endloop
  endfacet
  facet normal 1 0 0
    outer loop
      vertex 78.65781992590732 3 7.093754946029026
      vertex 78.65781992590732 3 6.706245053970971
      vertex 78.65781992590732 11 6.706245053970971
    endloop
  endfacet
  facet normal 0.6234898018587397 -4.229683928630338e-19 -0.7818314824680249
    outer loop
      vertex 79.29329999999999 3 8.025833024919768
      vertex 78.99033256662122 3 7.784224559102194
      vertex 78.99033256662122 11 7.784224559102194
    endloop
  endfacet
  facet normal 0.3653410243663948 0 -0.9308737486442044
    outer loop
      vertex 79.29329999999999 11 8.025833024919768
      vertex 79.65402278585678 3 8.16740628583637
      vertex 79.29329999999999 3 8.025833024919768
    endloop
  endfacet
  facet normal 0.07473009358642509 0 -0.9972037971811801
    outer loop
      vertex 79.65402278585678 3 8.16740628583637
      vertex 79.65402278585678 11 8.16740628583637
      vertex 80.04044912166233 3 8.196364936335533
    endloop
  endfacet
  facet normal -0.22252093395630715 0 -0.9749279121818253
    outer loop
      vertex 80.04044912166233 3 8.196364936335533
      vertex 80.04044912166233 11 8.196364936335533
      vertex 80.41824333167631 3 8.110135873237464
    endloop
  endfacet
  facet normal -0.500000000000008 0 -0.866025403784434
    outer loop
      vertex 80.41824333167631 3 8.110135873237464
      vertex 80.41824333167631 11 8.110135873237464
      vertex 80.75383674241634 3 7.916380927208438
    endloop
  endfacet
  facet normal -0.7330518718298279 9.395303981480914e-19 -0.6801727377709177
    outer loop
      vertex 81.01741040661078 3 7.6323160754827075
      vertex 80.75383674241634 3 7.916380927208438
      vertex 80.75383674241634 11 7.916380927208438
    endloop
  endfacet
  facet normal 0.8262387743159838 -2.1580879235549773e-18 -0.5633200580636384
    outer loop
      vertex 78.99033256662122 3 7.784224559102194
      vertex 78.77204047172684 3 7.464048860852824
      vertex 78.77204047172684 11 7.464048860852824
    endloop
  endfacet
  facet normal -0.9009688679024225 1.0844049143402473e-18 -0.43388373911755096
    outer loop
      vertex 81.18554464752197 3 7.283181726734174
      vertex 81.01741040661078 3 7.6323160754827075
      vertex 81.01741040661078 11 7.6323160754827075
    endloop
  endfacet
  facet normal -0.9888308262251306 -2.0765072007236584e-19 -0.14904226617616032
    outer loop
      vertex 81.24329999999998 3 6.899999999999999
      vertex 81.18554464752197 3 7.283181726734174
      vertex 81.18554464752197 11 7.283181726734174
    endloop
  endfacet
  facet normal -0.9888308262251306 2.0765072007236584e-19 0.14904226617616032
    outer loop
      vertex 81.18554464752197 3 6.516818273265823
      vertex 81.24329999999998 3 6.899999999999999
      vertex 81.24329999999998 11 6.899999999999999
    endloop
  endfacet
  facet normal 1 0 0
    outer loop
      vertex 78.65781992590732 3 7.093754946029026
      vertex 78.65781992590732 11 6.706245053970971
      vertex 78.65781992590732 11 7.093754946029026
    endloop
  endfacet
  facet normal 0.6234898018587397 -4.229683928630338e-19 -0.7818314824680249
    outer loop
      vertex 78.99033256662122 11 7.784224559102194
      vertex 79.29329999999999 11 8.025833024919768
      vertex 79.29329999999999 3 8.025833024919768
    endloop
  endfacet
  facet normal 0.3653410243663948 7.507962515016764e-21 -0.9308737486442044
    outer loop
      vertex 79.29329999999999 11 8.025833024919768
      vertex 79.65402278585678 11 8.16740628583637
      vertex 79.65402278585678 3 8.16740628583637
    endloop
  endfacet
  facet normal 0.07473009358642509 -2.320043945683462e-19 -0.9972037971811801
    outer loop
      vertex 79.65402278585678 11 8.16740628583637
      vertex 80.04044912166233 11 8.196364936335533
      vertex 80.04044912166233 3 8.196364936335533
    endloop
  endfacet
  facet normal -0.22252093395630715 -5.501547251906642e-19 -0.9749279121818253
    outer loop
      vertex 80.04044912166233 11 8.196364936335533
      vertex 80.41824333167631 11 8.110135873237464
      vertex 80.41824333167631 3 8.110135873237464
    endloop
  endfacet
  facet normal -0.500000000000008 5.742834777608018e-19 -0.866025403784434
    outer loop
      vertex 80.41824333167631 11 8.110135873237464
      vertex 80.75383674241634 11 7.916380927208438
      vertex 80.75383674241634 3 7.916380927208438
    endloop
  endfacet
  facet normal 0.8262387743159838 -2.1580879235549773e-18 -0.5633200580636384
    outer loop
      vertex 78.77204047172684 11 7.464048860852824
      vertex 78.99033256662122 11 7.784224559102194
      vertex 78.99033256662122 3 7.784224559102194
    endloop
  endfacet
  facet normal 0.9555728057861416 -6.656244035017926e-19 -0.29475517441090154
    outer loop
      vertex 78.65781992590732 11 7.093754946029026
      vertex 78.77204047172684 11 7.464048860852824
      vertex 78.77204047172684 3 7.464048860852824
    endloop
  endfacet
  facet normal -0.7330518718298279 9.395303981480914e-19 -0.6801727377709177
    outer loop
      vertex 80.75383674241634 11 7.916380927208438
      vertex 81.01741040661078 11 7.6323160754827075
      vertex 81.01741040661078 3 7.6323160754827075
    endloop
  endfacet
  facet normal -0.9009688679024225 1.0844049143402473e-18 -0.43388373911755096
    outer loop
      vertex 81.01741040661078 11 7.6323160754827075
      vertex 81.18554464752197 11 7.283181726734174
      vertex 81.18554464752197 3 7.283181726734174
    endloop
  endfacet
  facet normal -0.9888308262251306 -2.0765072007236584e-19 -0.14904226617616032
    outer loop
      vertex 81.18554464752197 11 7.283181726734174
      vertex 81.24329999999998 11 6.899999999999999
      vertex 81.24329999999998 3 6.899999999999999
    endloop
  endfacet
  facet normal 0.9555728057861416 0 0.29475517441090154
    outer loop
      vertex 78.77204047172684 11 6.3359511391471734
      vertex 78.65781992590732 3 6.706245053970971
      vertex 78.77204047172684 3 6.3359511391471734
    endloop
  endfacet
  facet normal 0.8262387743159838 2.1580879235549773e-18 0.5633200580636384
    outer loop
      vertex 78.77204047172684 3 6.3359511391471734
      vertex 78.99033256662122 3 6.015775440897803
      vertex 78.99033256662122 11 6.015775440897803
    endloop
  endfacet
  facet normal 0.6234898018587397 0 0.7818314824680249
    outer loop
      vertex 79.29329999999999 3 5.774166975080229
      vertex 79.29329999999999 11 5.774166975080229
      vertex 78.99033256662122 3 6.015775440897803
    endloop
  endfacet
  facet normal 0.3653410243664073 -1.3724326028764027e-19 0.9308737486441994
    outer loop
      vertex 79.29329999999999 3 5.774166975080229
      vertex 79.65402278585677 3 5.632593714163628
      vertex 79.65402278585677 11 5.632593714163628
    endloop
  endfacet
  facet normal 0.07473009358642237 0 0.9972037971811804
    outer loop
      vertex 80.04044912166233 3 5.6036350636644645
      vertex 80.04044912166233 11 5.6036350636644645
      vertex 79.65402278585677 3 5.632593714163628
    endloop
  endfacet
  facet normal -0.9009688679024225 0 0.43388373911755096
    outer loop
      vertex 81.18554464752197 11 6.516818273265823
      vertex 81.01741040661078 3 6.16768392451729
      vertex 81.18554464752197 3 6.516818273265823
    endloop
  endfacet
  facet normal -0.22252093395630715 0 0.9749279121818253
    outer loop
      vertex 80.41824333167631 11 5.689864126762533
      vertex 80.04044912166233 3 5.6036350636644645
      vertex 80.41824333167631 3 5.689864126762533
    endloop
  endfacet
  facet normal -0.5000000000000114 -7.714478995072037e-19 0.866025403784432
    outer loop
      vertex 80.41824333167631 3 5.689864126762533
      vertex 80.75383674241634 3 5.883619072791561
      vertex 80.75383674241634 11 5.883619072791561
    endloop
  endfacet
  facet normal -0.7330518718298259 2.3589262420436076e-19 0.68017273777092
    outer loop
      vertex 80.75383674241634 3 5.883619072791561
      vertex 81.01741040661078 3 6.16768392451729
      vertex 81.01741040661078 11 6.16768392451729
    endloop
  endfacet
  facet normal 0.9555728057861416 6.656244035017926e-19 0.29475517441090154
    outer loop
      vertex 78.77204047172684 11 6.3359511391471734
      vertex 78.65781992590732 11 6.706245053970971
      vertex 78.65781992590732 3 6.706245053970971
    endloop
  endfacet
  facet normal 0.8262387743159838 2.1580879235549773e-18 0.5633200580636384
    outer loop
      vertex 78.99033256662122 11 6.015775440897803
      vertex 78.77204047172684 11 6.3359511391471734
      vertex 78.77204047172684 3 6.3359511391471734
    endloop
  endfacet
  facet normal 0.6234898018587397 4.229683928630338e-19 0.7818314824680249
    outer loop
      vertex 79.29329999999999 11 5.774166975080229
      vertex 78.99033256662122 11 6.015775440897803
      vertex 78.99033256662122 3 6.015775440897803
    endloop
  endfacet
  facet normal 0.3653410243664073 -1.3724326028764027e-19 0.9308737486441994
    outer loop
      vertex 79.65402278585677 11 5.632593714163628
      vertex 79.29329999999999 11 5.774166975080229
      vertex 79.29329999999999 3 5.774166975080229
    endloop
  endfacet
  facet normal 0.07473009358642237 1.0371373877846828e-19 0.9972037971811804
    outer loop
      vertex 80.04044912166233 11 5.6036350636644645
      vertex 79.65402278585677 11 5.632593714163628
      vertex 79.65402278585677 3 5.632593714163628
    endloop
  endfacet
  facet normal -0.9888308262251306 2.0765072007236584e-19 0.14904226617616032
    outer loop
      vertex 81.24329999999998 11 6.899999999999999
      vertex 81.18554464752197 11 6.516818273265823
      vertex 81.18554464752197 3 6.516818273265823
    endloop
  endfacet
  facet normal -0.9009688679024225 -1.0844049143402473e-18 0.43388373911755096
    outer loop
      vertex 81.18554464752197 11 6.516818273265823
      vertex 81.01741040661078 11 6.16768392451729
      vertex 81.01741040661078 3 6.16768392451729
    endloop
  endfacet
  facet normal -0.22252093395630715 5.501547251906642e-19 0.9749279121818253
    outer loop
      vertex 80.41824333167631 11 5.689864126762533
      vertex 80.04044912166233 11 5.6036350636644645
      vertex 80.04044912166233 3 5.6036350636644645
    endloop
  endfacet
  facet normal -0.5000000000000114 -7.714478995072037e-19 0.866025403784432
    outer loop
      vertex 80.75383674241634 11 5.883619072791561
      vertex 80.41824333167631 11 5.689864126762533
      vertex 80.41824333167631 3 5.689864126762533
    endloop
  endfacet
  facet normal -0.7330518718298259 2.3589262420436076e-19 0.68017273777092
    outer loop
      vertex 81.01741040661078 11 6.16768392451729
      vertex 80.75383674241634 11 5.883619072791561
      vertex 80.75383674241634 3 5.883619072791561
    endloop
  endfacet
  facet normal 0 1 0
    outer loop
      vertex 2.154166557030422 74.35 35.4010906447863
      vertex 2.154166557030422 74.35 35.599999999999994
      vertex 2.1874551687562303 74.35 35.00466714056956
    endloop
  endfacet
  facet normal 0 1 0
    outer loop
      vertex 2.1874551687562303 74.35 35.00466714056956
      vertex 2.154166557030422 74.35 35.599999999999994
      vertex 2.253798896514418 74.35 34.61241946861564
    endloop
  endfacet
  facet normal 0 1 0
    outer loop
      vertex 2.3527323867226784 74.35 34.22709896451376
      vertex 2.154166557030422 74.35 35.599999999999994
      vertex 2.399999998593323 74.35 35.599999999999994
    endloop
  endfacet
  facet normal 0 1 0
    outer loop
      vertex 2.253798896514418 74.35 34.61241946861564
      vertex 2.154166557030422 74.35 35.599999999999994
      vertex 2.3527323867226784 74.35 34.22709896451376
    endloop
  endfacet
  facet normal 0 1 0
    outer loop
      vertex 2.3527323867226784 74.35 34.22709896451376
      vertex 2.399999998593323 74.35 35.599999999999994
      vertex 2.399999998593323 74.35 34.09136487237983
    endloop
  endfacet
  facet normal 1 0 0
    outer loop
      vertex 2.154166557030422 74.35 35.4010906447863
      vertex 2.154166557030422 88.6 35.599999999999994
      vertex 2.154166557030422 74.35 35.599999999999994
    endloop
  endfacet
  facet normal 0.996492859249504 -5.0647206680342795e-20 0.08367784333231902
    outer loop
      vertex 2.154166557030422 74.35 35.4010906447863
      vertex 2.1874551687562303 74.35 35.00466714056956
      vertex 2.1874551687562303 88.6 35.00466714056956
    endloop
  endfacet
  facet normal 0.9859960370705075 4.7317248387552605e-20 0.16676874671608719
    outer loop
      vertex 2.1874551687562303 74.35 35.00466714056956
      vertex 2.253798896514418 74.35 34.61241946861564
      vertex 2.253798896514418 88.6 34.61241946861564
    endloop
  endfacet
  facet normal 0.9685831611286293 4.5120557332862715e-20 0.24868988716486165
    outer loop
      vertex 2.253798896514418 74.35 34.61241946861564
      vertex 2.3527323867226784 74.35 34.22709896451376
      vertex 2.3527323867226784 88.6 34.22709896451376
    endloop
  endfacet
  facet normal 0.9443763702374767 0 0.32886664673859556
    outer loop
      vertex 2.3527323867226784 74.35 34.22709896451376
      vertex 2.399999998593323 74.35 34.09136487237983
      vertex 2.3527323867226784 88.6 34.22709896451376
    endloop
  endfacet
  facet normal 1 0 0
    outer loop
      vertex 2.154166557030422 74.35 35.4010906447863
      vertex 2.154166557030422 88.6 35.4010906447863
      vertex 2.154166557030422 88.6 35.599999999999994
    endloop
  endfacet
  facet normal 0.996492859249504 0 0.08367784333231902
    outer loop
      vertex 2.154166557030422 74.35 35.4010906447863
      vertex 2.1874551687562303 88.6 35.00466714056956
      vertex 2.154166557030422 88.6 35.4010906447863
    endloop
  endfacet
  facet normal 0.9859960370705075 0 0.16676874671608719
    outer loop
      vertex 2.1874551687562303 74.35 35.00466714056956
      vertex 2.253798896514418 88.6 34.61241946861564
      vertex 2.1874551687562303 88.6 35.00466714056956
    endloop
  endfacet
  facet normal 0.9443763702374768 1.942516673422778e-19 0.32886664673859556
    outer loop
      vertex 2.3527323867226784 88.6 34.22709896451376
      vertex 2.399999998593323 74.35 34.09136487237983
      vertex 2.399999998593323 85.6 34.09136487237983
    endloop
  endfacet
  facet normal 0.9685831611286293 0 0.24868988716486165
    outer loop
      vertex 2.253798896514418 74.35 34.61241946861564
      vertex 2.3527323867226784 88.6 34.22709896451376
      vertex 2.253798896514418 88.6 34.61241946861564
    endloop
  endfacet
  facet normal 0 -1 0
    outer loop
      vertex 2.154166557030422 88.6 35.4010906447863
      vertex 2.399999998593323 88.6 35.599999999999994
      vertex 2.154166557030422 88.6 35.599999999999994
    endloop
  endfacet
  facet normal 0 -1 0
    outer loop
      vertex 2.154166557030422 88.6 35.4010906447863
      vertex 2.1874551687562303 88.6 35.00466714056956
      vertex 2.399999998593323 88.6 35.599999999999994
    endloop
  endfacet
  facet normal 0 -1 0
    outer loop
      vertex 2.1874551687562303 88.6 35.00466714056956
      vertex 2.253798896514418 88.6 34.61241946861564
      vertex 2.399999998593323 88.6 35.599999999999994
    endloop
  endfacet
  facet normal 0 -1 0
    outer loop
      vertex 2.253798896514418 88.6 34.61241946861564
      vertex 2.3527323867226784 88.6 34.22709896451376
      vertex 2.399999998593323 88.6 35.599999999999994
    endloop
  endfacet
  facet normal 0 -1 0
    outer loop
      vertex 2.3527323867226784 88.6 34.22709896451376
      vertex 2.399999998593323 88.6 34.09136487237983
      vertex 2.399999998593323 88.6 35.599999999999994
    endloop
  endfacet
  facet normal 0.94437637023748 1.6495320838525245e-18 0.32886664673858595
    outer loop
      vertex 2.399999998593323 85.6 34.09136487237983
      vertex 2.483561692030804 85.6 33.851408374747784
      vertex 2.483561692030804 88.6 33.851408374747784
    endloop
  endfacet
  facet normal 0.9443763702374768 7.284437525335417e-19 0.32886664673859556
    outer loop
      vertex 2.3527323867226784 88.6 34.22709896451376
      vertex 2.399999998593323 85.6 34.09136487237983
      vertex 2.399999998593323 88.6 34.09136487237983
    endloop
  endfacet
  facet normal 0.94437637023748 0 0.32886664673858595
    outer loop
      vertex 2.399999998593323 85.6 34.09136487237983
      vertex 2.483561692030804 88.6 33.851408374747784
      vertex 2.399999998593323 88.6 34.09136487237983
    endloop
  endfacet
  facet normal 0.9135454576426005 -2.7848251102915828e-18 0.40673664307580093
    outer loop
      vertex 2.483561692030804 85.6 33.851408374747784
      vertex 2.6453691388627902 85.6 33.48798289887159
      vertex 2.6453691388627902 88.6 33.48798289887159
    endloop
  endfacet
  facet normal 0.9135454576426005 -2.7848251102915828e-18 0.40673664307580093
    outer loop
      vertex 2.6453691388627902 88.6 33.48798289887159
      vertex 2.483561692030804 88.6 33.851408374747784
      vertex 2.483561692030804 85.6 33.851408374747784
    endloop
  endfacet
  facet normal 0.8763066800438667 0 0.4817536741017095
    outer loop
      vertex 2.6453691388627902 85.6 33.48798289887159
      vertex 2.8370197642375885 88.6 33.139371705477636
      vertex 2.6453691388627902 88.6 33.48798289887159
    endloop
  endfacet
  facet normal 0.8763066800438667 2.7410477894024086e-18 0.4817536741017095
    outer loop
      vertex 2.6453691388627902 85.6 33.48798289887159
      vertex 2.8370197642375885 85.6 33.139371705477636
      vertex 2.8370197642375885 88.6 33.139371705477636
    endloop
  endfacet
  facet normal 0.8329212407100941 4.305341422528768e-18 0.5533915492433521
    outer loop
      vertex 2.8370197642375885 85.6 33.139371705477636
      vertex 3.0571692767190015 85.6 32.808020051610754
      vertex 3.0571692767190015 88.6 32.808020051610754
    endloop
  endfacet
  facet normal 0.8329212407100941 0 0.5533915492433521
    outer loop
      vertex 2.8370197642375885 85.6 33.139371705477636
      vertex 3.0571692767190015 88.6 32.808020051610754
      vertex 2.8370197642375885 88.6 33.139371705477636
    endloop
  endfacet
  facet normal 0.7836934573258412 4.246094028549197e-18 0.6211477802783084
    outer loop
      vertex 3.0571692767190015 85.6 32.808020051610754
      vertex 3.304273485654157 85.6 32.496252131047
      vertex 3.304273485654157 88.6 32.496252131047
    endloop
  endfacet
  facet normal 0.7289686274214163 1.9453491812234114e-18 0.6845471059286837
    outer loop
      vertex 3.304273485654157 85.6 32.496252131047
      vertex 3.576599132561512 85.6 32.206254771744184
      vertex 3.576599132561512 88.6 32.206254771744184
    endloop
  endfacet
  facet normal 0.7836934573258412 0 0.6211477802783084
    outer loop
      vertex 3.0571692767190015 85.6 32.808020051610754
      vertex 3.304273485654157 88.6 32.496252131047
      vertex 3.0571692767190015 88.6 32.808020051610754
    endloop
  endfacet
  facet normal 0.7289686274214163 0 0.6845471059286837
    outer loop
      vertex 3.304273485654157 85.6 32.496252131047
      vertex 3.576599132561512 88.6 32.206254771744184
      vertex 3.304273485654157 88.6 32.496252131047
    endloop
  endfacet
  facet normal 0.6691306063588578 0 0.7431448254773947
    outer loop
      vertex 3.872236048693722 85.6 31.940062096815
      vertex 3.872236048693722 88.6 31.940062096815
      vertex 3.576599132561512 85.6 32.206254771744184
    endloop
  endfacet
  facet normal 0.6691306063588578 -1.8338794022993503e-18 0.7431448254773947
    outer loop
      vertex 3.872236048693722 88.6 31.940062096815
      vertex 3.576599132561512 88.6 32.206254771744184
      vertex 3.576599132561512 85.6 32.206254771744184
    endloop
  endfacet
  facet normal 0.6045991148623714 0 0.7965299180241989
    outer loop
      vertex 3.872236048693722 85.6 31.940062096815
      vertex 4.189110553498949 88.6 31.699541256614907
      vertex 3.872236048693722 88.6 31.940062096815
    endloop
  endfacet
  facet normal 0.6045991148623714 9.183031157491402e-19 0.7965299180241989
    outer loop
      vertex 3.872236048693722 85.6 31.940062096815
      vertex 4.189110553498949 85.6 31.699541256614907
      vertex 4.189110553498949 88.6 31.699541256614907
    endloop
  endfacet
  facet normal 0.5358267949789972 1.203783172570735e-18 0.8443279255020147
    outer loop
      vertex 4.399999998593323 85.6 31.56570674510964
      vertex 4.189110553498949 88.6 31.699541256614907
      vertex 4.189110553498949 85.6 31.699541256614907
    endloop
  endfacet
  facet normal 0.5358267949789972 0 0.8443279255020147
    outer loop
      vertex 4.399999998593323 88.6 31.56570674510964
      vertex 4.189110553498949 88.6 31.699541256614907
      vertex 4.399999998593323 85.6 31.56570674510964
    endloop
  endfacet
  facet normal 0 1 0
    outer loop
      vertex 84.67664108143512 74.35 35.2025302441715
      vertex 84.44330000140667 74.35 35.599999999999994
      vertex 84.6933 74.35 35.599999999999994
    endloop
  endfacet
  facet normal 0 1 0
    outer loop
      vertex 84.67664108143512 74.35 35.2025302441715
      vertex 84.62678117608488 74.35 34.807848453098515
      vertex 84.44330000140667 74.35 35.599999999999994
    endloop
  endfacet
  facet normal 0 1 0
    outer loop
      vertex 84.62678117608488 74.35 34.807848453098515
      vertex 84.54407001536099 74.35 34.41872303596694
      vertex 84.44330000140667 74.35 35.599999999999994
    endloop
  endfacet
  facet normal 0 1 0
    outer loop
      vertex 84.54407001536099 74.35 34.41872303596694
      vertex 84.44330000140667 74.35 34.08495664713054
      vertex 84.44330000140667 74.35 35.599999999999994
    endloop
  endfacet
  facet normal -0.9991228300988565 -6.717679323994386e-20 0.041875653729243546
    outer loop
      vertex 84.67664108143512 74.35 35.2025302441715
      vertex 84.6933 74.35 35.599999999999994
      vertex 84.6933 88.59999999999987 35.599999999999994
    endloop
  endfacet
  facet normal -0.992114701314478 0 0.12533323356430243
    outer loop
      vertex 84.67664108143512 74.35 35.2025302441715
      vertex 84.67664108143512 88.6 35.2025302441715
      vertex 84.62678117608488 74.35 34.807848453098515
    endloop
  endfacet
  facet normal -0.9781476007338115 0 0.20791169081773203
    outer loop
      vertex 84.62678117608488 74.35 34.807848453098515
      vertex 84.62678117608488 88.6 34.807848453098515
      vertex 84.54407001536099 74.35 34.41872303596694
    endloop
  endfacet
  facet normal -0.9573194975320721 2.44346418440334e-19 0.2890317969444555
    outer loop
      vertex 84.54407001536099 74.35 34.41872303596694
      vertex 84.44330000140667 85.6 34.08495664713054
      vertex 84.44330000140667 74.35 34.08495664713054
    endloop
  endfacet
  facet normal -0.9991228300988565 0 0.04187565372924355
    outer loop
      vertex 84.67664108143512 74.35 35.2025302441715
      vertex 84.6933 88.59999999999987 35.599999999999994
      vertex 84.67664108143512 88.6 35.2025302441715
    endloop
  endfacet
  facet normal -0.992114701314478 0 0.12533323356430243
    outer loop
      vertex 84.62678117608488 74.35 34.807848453098515
      vertex 84.67664108143512 88.6 35.2025302441715
      vertex 84.62678117608488 88.6 34.807848453098515
    endloop
  endfacet
  facet normal -0.9781476007338115 0 0.20791169081773203
    outer loop
      vertex 84.54407001536099 74.35 34.41872303596694
      vertex 84.62678117608488 88.6 34.807848453098515
      vertex 84.54407001536099 88.6 34.41872303596694
    endloop
  endfacet
  facet normal -0.957319497532072 0 0.2890317969444555
    outer loop
      vertex 84.54407001536099 74.35 34.41872303596694
      vertex 84.54407001536099 88.6 34.41872303596694
      vertex 84.44330000140667 85.6 34.08495664713054
    endloop
  endfacet
  facet normal -5.115907726258413e-13 -1 -4.3641762995526946e-14
    outer loop
      vertex 84.54407001536099 88.6 34.41872303596694
      vertex 84.6933 88.59999999999987 35.599999999999994
      vertex 84.44330000140667 88.6 35.599999999999994
    endloop
  endfacet
  facet normal 3.811789508556223e-12 -1 -4.815409993832966e-13
    outer loop
      vertex 84.67664108143512 88.6 35.2025302441715
      vertex 84.6933 88.59999999999987 35.599999999999994
      vertex 84.62678117608488 88.6 34.807848453098515
    endloop
  endfacet
  facet normal 1.2556447198211536e-12 -1 -2.6689552432426604e-13
    outer loop
      vertex 84.62678117608488 88.6 34.807848453098515
      vertex 84.6933 88.59999999999987 35.599999999999994
      vertex 84.54407001536099 88.6 34.41872303596694
    endloop
  endfacet
  facet normal 0 -1 0
    outer loop
      vertex 84.54407001536099 88.6 34.41872303596694
      vertex 84.44330000140667 88.6 35.599999999999994
      vertex 84.44330000140667 88.6 34.08495664713054
    endloop
  endfacet
  facet normal -0.9573194975319826 0 0.2890317969447521
    outer loop
      vertex 84.44330000140667 85.6 34.08495664713054
      vertex 84.44330000140667 88.6 34.08495664713054
      vertex 84.42908775862801 85.6 34.03788342799173
    endloop
  endfacet
  facet normal -0.9573194975319826 0 0.2890317969447521
    outer loop
      vertex 84.42908775862801 85.6 34.03788342799173
      vertex 84.44330000140667 88.6 34.08495664713054
      vertex 84.42908775862801 88.6 34.03788342799173
    endloop
  endfacet
  facet normal -0.9573194975320721 9.162990691512527e-19 0.2890317969444556
    outer loop
      vertex 84.54407001536099 88.6 34.41872303596694
      vertex 84.44330000140667 88.6 34.08495664713054
      vertex 84.44330000140667 85.6 34.08495664713054
    endloop
  endfacet
  facet normal -0.9297764858882631 -3.7117706643396895e-19 0.3681245526846482
    outer loop
      vertex 84.28264092380235 85.6 33.66800094538995
      vertex 84.42908775862801 85.6 34.03788342799173
      vertex 84.42908775862801 88.6 34.03788342799173
    endloop
  endfacet
  facet normal -0.8957117602394099 0 0.44463517918493334
    outer loop
      vertex 84.28264092380235 88.6 33.66800094538995
      vertex 84.10575673020834 85.6 33.31167004801685
      vertex 84.28264092380235 85.6 33.66800094538995
    endloop
  endfacet
  facet normal -0.9297764858882631 -3.7117706643396895e-19 0.3681245526846482
    outer loop
      vertex 84.42908775862801 88.6 34.03788342799173
      vertex 84.28264092380235 88.6 33.66800094538995
      vertex 84.28264092380235 85.6 33.66800094538995
    endloop
  endfacet
  facet normal -0.8957117602394099 3.9246013793749194e-19 0.44463517918493334
    outer loop
      vertex 84.28264092380235 88.6 33.66800094538995
      vertex 84.10575673020834 88.6 33.31167004801685
      vertex 84.10575673020834 85.6 33.31167004801685
    endloop
  endfacet
  facet normal -0.8553642601604988 0 0.5180270093731433
    outer loop
      vertex 84.10575673020834 88.6 33.31167004801685
      vertex 83.89967589337296 85.6 32.97139014109412
      vertex 84.10575673020834 85.6 33.31167004801685
    endloop
  endfacet
  facet normal -0.8090169943749526 0 0.5877852522924663
    outer loop
      vertex 83.89967589337296 88.6 32.97139014109412
      vertex 83.66584392229773 85.6 32.649548043678024
      vertex 83.89967589337296 85.6 32.97139014109412
    endloop
  endfacet
  facet normal -0.8553642601604988 3.1184450503898388e-18 0.5180270093731433
    outer loop
      vertex 84.10575673020834 88.6 33.31167004801685
      vertex 83.89967589337296 88.6 32.97139014109412
      vertex 83.89967589337296 85.6 32.97139014109412
    endloop
  endfacet
  facet normal -0.7569950556517449 0 0.6534206039901189
    outer loop
      vertex 83.66584392229773 85.6 32.649548043678024
      vertex 83.66584392229773 88.6 32.649548043678024
      vertex 83.40590098025169 85.6 32.34840124683873
    endloop
  endfacet
  facet normal -0.8090169943749526 -2.8912132728131804e-18 0.5877852522924663
    outer loop
      vertex 83.89967589337296 88.6 32.97139014109412
      vertex 83.66584392229773 88.6 32.649548043678024
      vertex 83.66584392229773 85.6 32.649548043678024
    endloop
  endfacet
  facet normal -0.7569950556517449 -8.487697445436367e-19 0.6534206039901189
    outer loop
      vertex 83.66584392229773 88.6 32.649548043678024
      vertex 83.40590098025169 88.6 32.34840124683873
      vertex 83.40590098025169 85.6 32.34840124683873
    endloop
  endfacet
  facet normal -0.5707135676844376 5.473216410936976e-18 0.8211492091336998
    outer loop
      vertex 82.48847727615022 85.6 31.58944235386543
      vertex 82.81514579559627 85.6 31.81648288938507
      vertex 82.81514579559627 88.6 31.81648288938507
    endloop
  endfacet
  facet normal -0.5000000000000622 0 0.8660254037844027
    outer loop
      vertex 82.44330000140667 85.6 31.563359242130982
      vertex 82.48847727615022 85.6 31.58944235386543
      vertex 82.44330000140667 88.6 31.563359242130982
    endloop
  endfacet
  facet normal -0.5707135676844376 0 0.8211492091336998
    outer loop
      vertex 82.48847727615022 85.6 31.58944235386543
      vertex 82.81514579559627 88.6 31.81648288938507
      vertex 82.48847727615022 88.6 31.58944235386543
    endloop
  endfacet
  facet normal -0.5000000000000622 -4.47182798459872e-19 0.8660254037844027
    outer loop
      vertex 82.44330000140667 88.6 31.563359242130982
      vertex 82.48847727615022 85.6 31.58944235386543
      vertex 82.48847727615022 88.6 31.58944235386543
    endloop
  endfacet
  facet normal -0.6374239897486785 0 0.7705132427757985
    outer loop
      vertex 83.12167038020456 88.6 32.070062078982374
      vertex 82.81514579559627 85.6 31.81648288938507
      vertex 83.12167038020456 85.6 32.070062078982374
    endloop
  endfacet
  facet normal -0.6996633405133804 -4.984636314196011e-18 0.7144726796327887
    outer loop
      vertex 83.12167038020456 85.6 32.070062078982374
      vertex 83.40590098025169 85.6 32.34840124683873
      vertex 83.40590098025169 88.6 32.34840124683873
    endloop
  endfacet
  facet normal -0.6996633405133804 0 0.7144726796327887
    outer loop
      vertex 83.12167038020456 88.6 32.070062078982374
      vertex 83.12167038020456 85.6 32.070062078982374
      vertex 83.40590098025169 88.6 32.34840124683873
    endloop
  endfacet
  facet normal -0.6374239897486785 -3.818615281437786e-18 0.7705132427757985
    outer loop
      vertex 83.12167038020456 88.6 32.070062078982374
      vertex 82.81514579559627 88.6 31.81648288938507
      vertex 82.81514579559627 85.6 31.81648288938507
    endloop
  endfacet
  facet normal 0 1 0
    outer loop
      vertex 2.154166557030422 2.75 35.4010906447863
      vertex 2.154166557030422 2.75 35.599999999999994
      vertex 2.1874551687562303 2.75 35.00466714056956
    endloop
  endfacet
  facet normal 0 1 0
    outer loop
      vertex 2.1874551687562303 2.75 35.00466714056956
      vertex 2.154166557030422 2.75 35.599999999999994
      vertex 2.253798896514418 2.75 34.61241946861564
    endloop
  endfacet
  facet normal 0 1 0
    outer loop
      vertex 2.3527323867226784 2.75 34.22709896451376
      vertex 2.154166557030422 2.75 35.599999999999994
      vertex 2.399999998593323 2.75 35.599999999999994
    endloop
  endfacet
  facet normal 0 1 0
    outer loop
      vertex 2.253798896514418 2.75 34.61241946861564
      vertex 2.154166557030422 2.75 35.599999999999994
      vertex 2.3527323867226784 2.75 34.22709896451376
    endloop
  endfacet
  facet normal 0 1 0
    outer loop
      vertex 2.3527323867226784 2.75 34.22709896451376
      vertex 2.399999998593323 2.75 35.599999999999994
      vertex 2.399999998593323 2.75 34.09136487237983
    endloop
  endfacet
  facet normal 1 0 0
    outer loop
      vertex 2.154166557030422 2.75 35.4010906447863
      vertex 2.154166557030422 11 35.599999999999994
      vertex 2.154166557030422 2.75 35.599999999999994
    endloop
  endfacet
  facet normal 0.9964928592495041 -8.74815388115012e-20 0.08367784333231902
    outer loop
      vertex 2.154166557030422 2.75 35.4010906447863
      vertex 2.1874551687562303 2.75 35.00466714056956
      vertex 2.1874551687562303 11 35.00466714056956
    endloop
  endfacet
  facet normal 0.9859960370705074 8.172979266940903e-20 0.16676874671608719
    outer loop
      vertex 2.1874551687562303 2.75 35.00466714056956
      vertex 2.253798896514418 2.75 34.61241946861564
      vertex 2.253798896514418 11 34.61241946861564
    endloop
  endfacet
  facet normal 0.9685831611286294 7.793550812039925e-20 0.24868988716486168
    outer loop
      vertex 2.253798896514418 2.75 34.61241946861564
      vertex 2.3527323867226784 2.75 34.22709896451376
      vertex 2.3527323867226784 11 34.22709896451376
    endloop
  endfacet
  facet normal 0.9443763702374768 0 0.32886664673859556
    outer loop
      vertex 2.3527323867226784 2.75 34.22709896451376
      vertex 2.399999998593323 2.75 34.09136487237983
      vertex 2.3527323867226784 11 34.22709896451376
    endloop
  endfacet
  facet normal 1 0 0
    outer loop
      vertex 2.154166557030422 2.75 35.4010906447863
      vertex 2.154166557030422 11 35.4010906447863
      vertex 2.154166557030422 11 35.599999999999994
    endloop
  endfacet
  facet normal 0.9964928592495041 0 0.08367784333231902
    outer loop
      vertex 2.154166557030422 2.75 35.4010906447863
      vertex 2.1874551687562303 11 35.00466714056956
      vertex 2.154166557030422 11 35.4010906447863
    endloop
  endfacet
  facet normal 0.9859960370705074 0 0.16676874671608719
    outer loop
      vertex 2.1874551687562303 2.75 35.00466714056956
      vertex 2.253798896514418 11 34.61241946861564
      vertex 2.1874551687562303 11 35.00466714056956
    endloop
  endfacet
  facet normal 0 -1 0
    outer loop
      vertex 2.154166557030422 11 35.4010906447863
      vertex 2.399999998593323 11 35.599999999999994
      vertex 2.154166557030422 11 35.599999999999994
    endloop
  endfacet
  facet normal 0 -1 0
    outer loop
      vertex 2.154166557030422 11 35.4010906447863
      vertex 2.1874551687562303 11 35.00466714056956
      vertex 2.399999998593323 11 35.599999999999994
    endloop
  endfacet
  facet normal 0 -1 0
    outer loop
      vertex 2.1874551687562303 11 35.00466714056956
      vertex 2.253798896514418 11 34.61241946861564
      vertex 2.399999998593323 11 35.599999999999994
    endloop
  endfacet
  facet normal 0 -1 0
    outer loop
      vertex 2.253798896514418 11 34.61241946861564
      vertex 2.3527323867226784 11 34.22709896451376
      vertex 2.399999998593323 11 35.599999999999994
    endloop
  endfacet
  facet normal 0 -1 0
    outer loop
      vertex 2.3527323867226784 11 34.22709896451376
      vertex 2.399999998593323 11 34.09136487237983
      vertex 2.399999998593323 11 35.599999999999994
    endloop
  endfacet
  facet normal 0.9685831611286294 0 0.24868988716486168
    outer loop
      vertex 2.253798896514418 2.75 34.61241946861564
      vertex 2.3527323867226784 11 34.22709896451376
      vertex 2.253798896514418 11 34.61241946861564
    endloop
  endfacet
  facet normal 0.9443763702374768 2.648886372849243e-19 0.32886664673859556
    outer loop
      vertex 2.3527323867226784 11 34.22709896451376
      vertex 2.399999998593323 2.75 34.09136487237983
      vertex 2.399999998593323 11 34.09136487237983
    endloop
  endfacet
  facet normal 0 1 0
    outer loop
      vertex 84.67664108143512 2.75 35.2025302441715
      vertex 84.44330000140667 2.75 35.599999999999994
      vertex 84.6933 2.75 35.599999999999994
    endloop
  endfacet
  facet normal 0 1 0
    outer loop
      vertex 84.67664108143512 2.75 35.2025302441715
      vertex 84.62678117608488 2.75 34.807848453098515
      vertex 84.44330000140667 2.75 35.599999999999994
    endloop
  endfacet
  facet normal 0 1 0
    outer loop
      vertex 84.62678117608488 2.75 34.807848453098515
      vertex 84.54407001536099 2.75 34.41872303596694
      vertex 84.44330000140667 2.75 35.599999999999994
    endloop
  endfacet
  facet normal 0 1 0
    outer loop
      vertex 84.54407001536099 2.75 34.41872303596694
      vertex 84.44330000140667 2.75 34.08495664713054
      vertex 84.44330000140667 2.75 35.599999999999994
    endloop
  endfacet
  facet normal -0.9991228300988564 -1.1603264286899395e-19 0.041875653729243546
    outer loop
      vertex 84.67664108143512 2.75 35.2025302441715
      vertex 84.6933 2.75 35.599999999999994
      vertex 84.6933 10.999999999999925 35.599999999999994
    endloop
  endfacet
  facet normal -0.9921147013144781 0 0.12533323356430243
    outer loop
      vertex 84.67664108143512 2.75 35.2025302441715
      vertex 84.67664108143512 11 35.2025302441715
      vertex 84.62678117608488 2.75 34.807848453098515
    endloop
  endfacet
  facet normal -0.9781476007338114 0 0.207911690817732
    outer loop
      vertex 84.62678117608488 2.75 34.807848453098515
      vertex 84.62678117608488 11 34.807848453098515
      vertex 84.54407001536099 2.75 34.41872303596694
    endloop
  endfacet
  facet normal -0.957319497532072 3.3319966150954636e-19 0.2890317969444555
    outer loop
      vertex 84.54407001536099 2.75 34.41872303596694
      vertex 84.44330000140667 11 34.08495664713054
      vertex 84.44330000140667 2.75 34.08495664713054
    endloop
  endfacet
  facet normal -0.9991228300988566 0 0.04187565372924355
    outer loop
      vertex 84.67664108143512 2.75 35.2025302441715
      vertex 84.6933 10.999999999999925 35.599999999999994
      vertex 84.67664108143512 11 35.2025302441715
    endloop
  endfacet
  facet normal -0.9921147013144781 0 0.12533323356430243
    outer loop
      vertex 84.62678117608488 2.75 34.807848453098515
      vertex 84.67664108143512 11 35.2025302441715
      vertex 84.62678117608488 11 34.807848453098515
    endloop
  endfacet
  facet normal -0.9781476007338114 0 0.207911690817732
    outer loop
      vertex 84.54407001536099 2.75 34.41872303596694
      vertex 84.62678117608488 11 34.807848453098515
      vertex 84.54407001536099 11 34.41872303596694
    endloop
  endfacet
  facet normal -2.9842795069840746e-13 -1 -2.5457695080724052e-14
    outer loop
      vertex 84.54407001536099 11 34.41872303596694
      vertex 84.6933 10.999999999999925 35.599999999999994
      vertex 84.44330000140667 11 35.599999999999994
    endloop
  endfacet
  facet normal 2.22354387999113e-12 -1 -2.8089891630692305e-13
    outer loop
      vertex 84.67664108143512 11 35.2025302441715
      vertex 84.6933 10.999999999999925 35.599999999999994
      vertex 84.62678117608488 11 34.807848453098515
    endloop
  endfacet
  facet normal 7.324594198956729e-13 -1 -1.5568905585582186e-13
    outer loop
      vertex 84.62678117608488 11 34.807848453098515
      vertex 84.6933 10.999999999999925 35.599999999999994
      vertex 84.54407001536099 11 34.41872303596694
    endloop
  endfacet
  facet normal 0 -1 0
    outer loop
      vertex 84.54407001536099 11 34.41872303596694
      vertex 84.44330000140667 11 35.599999999999994
      vertex 84.44330000140667 11 34.08495664713054
    endloop
  endfacet
  facet normal -0.957319497532072 0 0.2890317969444555
    outer loop
      vertex 84.54407001536099 2.75 34.41872303596694
      vertex 84.54407001536099 11 34.41872303596694
      vertex 84.44330000140667 11 34.08495664713054
    endloop
  endfacet
endsolid OpenSCAD_Model
