solid OpenSCAD_Model
  facet normal 0 0 -1
    outer loop
      vertex 107.099450002861 13.75312000066042 2.980000000000004
      vertex 107.099450002861 12.263959999382497 2.980000000000004
      vertex 106.58136999930142 12.263959999382497 2.980000000000004
    endloop
  endfacet
  facet normal 0 0 -1
    outer loop
      vertex 110.80496999944447 13.850760000944138 2.980000000000004
      vertex 110.80496999944447 12.263959999382497 2.980000000000004
      vertex 110.28689000333546 12.263959999382497 2.980000000000004
    endloop
  endfacet
  facet normal 0 0 -1
    outer loop
      vertex 112.50029000217913 13.910440000891686 2.980000000000004
      vertex 113.5852900030732 12.263959999382497 2.980000000000004
      vertex 112.98852999831436 12.263959999382497 2.980000000000004
    endloop
  endfacet
  facet normal 0 0 -1
    outer loop
      vertex 114.81701000357864 12.687120001018048 2.980000000000004
      vertex 117.30976999874113 12.263959999382497 2.980000000000004
      vertex 114.29893000001906 12.263959999382497 2.980000000000004
    endloop
  endfacet
  facet normal 0 0 -1
    outer loop
      vertex 114.81701000357864 12.687120001018048 2.980000000000004
      vertex 117.30976999874113 12.687120001018048 2.980000000000004
      vertex 117.30976999874113 12.263959999382497 2.980000000000004
    endloop
  endfacet
  facet normal 0 0 -1
    outer loop
      vertex 119.66988999719618 12.263959999382497 2.980000000000004
      vertex 119.1328500020027 12.263959999382497 2.980000000000004
      vertex 119.40408999795912 12.719679999351502 2.980000000000004
    endloop
  endfacet
  facet normal 0 0 -1
    outer loop
      vertex 114.81701000357864 14.018960002064706 2.980000000000004
      vertex 114.81701000357864 12.687120001018048 2.980000000000004
      vertex 114.29893000001906 12.263959999382497 2.980000000000004
    endloop
  endfacet
  facet normal 0 0 -1
    outer loop
      vertex 119.1328500020027 12.263959999382497 2.980000000000004
      vertex 119.17624999905823 13.395080003142358 2.980000000000004
      vertex 119.40408999795912 12.719679999351502 2.980000000000004
    endloop
  endfacet
  facet normal 0 -1 0
    outer loop
      vertex 107.099450002861 12.263959999382497 2.980000000000004
      vertex 106.58136999930142 12.263959999382497 3.6000000000000085
      vertex 106.58136999930142 12.263959999382497 2.980000000000004
    endloop
  endfacet
  facet normal 0 -1 0
    outer loop
      vertex 110.80496999944447 12.263959999382497 2.980000000000004
      vertex 110.28689000333546 12.263959999382497 3.6000000000000085
      vertex 110.28689000333546 12.263959999382497 2.980000000000004
    endloop
  endfacet
  facet normal 0 -1 0
    outer loop
      vertex 113.5852900030732 12.263959999382497 2.980000000000004
      vertex 112.98852999831436 12.263959999382497 3.6000000000000085
      vertex 112.98852999831436 12.263959999382497 2.980000000000004
    endloop
  endfacet
  facet normal 1 0 0
    outer loop
      vertex 107.099450002861 13.75312000066042 2.980000000000004
      vertex 107.099450002861 12.263959999382497 3.6000000000000085
      vertex 107.099450002861 12.263959999382497 2.980000000000004
    endloop
  endfacet
  facet normal 1 0 0
    outer loop
      vertex 110.80496999944447 13.850760000944138 2.980000000000004
      vertex 110.80496999944447 12.263959999382497 3.6000000000000085
      vertex 110.80496999944447 12.263959999382497 2.980000000000004
    endloop
  endfacet
  facet normal 0.8350001469438405 0.5502497202214325 4.5406563711905916e-17
    outer loop
      vertex 112.50029000217913 13.910440000891686 2.980000000000004
      vertex 113.5852900030732 12.263959999382497 3.6000000000000085
      vertex 113.5852900030732 12.263959999382497 2.980000000000004
    endloop
  endfacet
  facet normal 0 -1 0
    outer loop
      vertex 117.30976999874113 12.263959999382497 2.980000000000004
      vertex 114.29893000001906 12.263959999382497 3.6000000000000085
      vertex 114.29893000001906 12.263959999382497 2.980000000000004
    endloop
  endfacet
  facet normal 1 0 0
    outer loop
      vertex 117.30976999874113 12.687120001018048 2.980000000000004
      vertex 117.30976999874113 12.263959999382497 3.6000000000000085
      vertex 117.30976999874113 12.263959999382497 2.980000000000004
    endloop
  endfacet
  facet normal 0 1 0
    outer loop
      vertex 114.81701000357864 12.687120001018048 2.980000000000004
      vertex 117.30976999874113 12.687120001018048 3.6000000000000085
      vertex 117.30976999874113 12.687120001018048 2.980000000000004
    endloop
  endfacet
  facet normal 0 -1 0
    outer loop
      vertex 119.66988999719618 12.263959999382497 2.980000000000004
      vertex 119.1328500020027 12.263959999382497 3.6000000000000085
      vertex 119.1328500020027 12.263959999382497 2.980000000000004
    endloop
  endfacet
  facet normal 1 0 0
    outer loop
      vertex 114.81701000357864 14.018960002064706 2.980000000000004
      vertex 114.81701000357864 12.687120001018048 3.6000000000000085
      vertex 114.81701000357864 12.687120001018048 2.980000000000004
    endloop
  endfacet
  facet normal 0.9475379653748163 0.3196432451552098 0
    outer loop
      vertex 119.17624999905823 13.395080003142358 2.980000000000004
      vertex 119.40408999795912 12.719679999351502 3.6000000000000085
      vertex 119.40408999795912 12.719679999351502 2.980000000000004
    endloop
  endfacet
  facet normal -0.9475379653748163 0.3196432451552098 0
    outer loop
      vertex 119.40408999795912 12.719679999351502 2.980000000000004
      vertex 119.63192999686001 13.395080003142358 3.6000000000000085
      vertex 119.63192999686001 13.395080003142358 2.980000000000004
    endloop
  endfacet
  facet normal 0 0 -1
    outer loop
      vertex 112.50029000217913 13.910440000891686 2.980000000000004
      vertex 112.98852999831436 12.263959999382497 2.980000000000004
      vertex 111.99573000098465 13.850760000944138 2.980000000000004
    endloop
  endfacet
  facet normal 0 0 -1
    outer loop
      vertex 108.14916999961136 14.162719997763634 2.980000000000004
      vertex 108.22240999664066 13.75312000066042 2.980000000000004
      vertex 107.099450002861 13.75312000066042 2.980000000000004
    endloop
  endfacet
  facet normal 0 0 -1
    outer loop
      vertex 108.35260749931334 14.174714374542237 2.980000000000004
      vertex 108.3703468772292 13.758121247589589 2.980000000000004
      vertex 108.22240999664066 13.75312000066042 2.980000000000004
    endloop
  endfacet
  facet normal 0 0 -1
    outer loop
      vertex 108.35260749931334 14.174714374542237 2.980000000000004
      vertex 108.51035750235317 13.773125003278256 2.980000000000004
      vertex 108.3703468772292 13.758121247589589 2.980000000000004
    endloop
  endfacet
  facet normal 0 0 -1
    outer loop
      vertex 108.52891999806164 14.210697497427464 2.980000000000004
      vertex 108.6424418720126 13.79813125282526 2.980000000000004
      vertex 108.51035750235317 13.773125003278256 2.980000000000004
    endloop
  endfacet
  facet normal 0 0 -1
    outer loop
      vertex 107.099450002861 13.75312000066042 2.980000000000004
      vertex 106.58136999930142 12.263959999382497 2.980000000000004
      vertex 106.58136999930142 16.085879999399186 2.980000000000004
    endloop
  endfacet
  facet normal 0 0 -1
    outer loop
      vertex 107.099450002861 14.162719997763634 2.980000000000004
      vertex 108.14916999961136 14.162719997763634 2.980000000000004
      vertex 107.099450002861 13.75312000066042 2.980000000000004
    endloop
  endfacet
  facet normal 0 0 -1
    outer loop
      vertex 108.14916999961136 14.162719997763634 2.980000000000004
      vertex 108.35260749931334 14.174714374542237 2.980000000000004
      vertex 108.22240999664066 13.75312000066042 2.980000000000004
    endloop
  endfacet
  facet normal 0 0 -1
    outer loop
      vertex 108.52891999806164 14.210697497427464 2.980000000000004
      vertex 108.76660000110863 13.833140003681184 2.980000000000004
      vertex 108.6424418720126 13.79813125282526 2.980000000000004
    endloop
  endfacet
  facet normal 0 0 -1
    outer loop
      vertex 108.67810750330685 14.270669373869897 2.980000000000004
      vertex 108.8828318747401 13.878151248395444 2.980000000000004
      vertex 108.76660000110863 13.833140003681184 2.980000000000004
    endloop
  endfacet
  facet normal 0 0 -1
    outer loop
      vertex 108.35260749931334 14.174714374542237 2.980000000000004
      vertex 108.52891999806164 14.210697497427464 2.980000000000004
      vertex 108.51035750235317 13.773125003278256 2.980000000000004
    endloop
  endfacet
  facet normal 0 0 -1
    outer loop
      vertex 108.67810750330685 14.270669373869897 2.980000000000004
      vertex 108.99113750035761 13.933165001869202 2.980000000000004
      vertex 108.8828318747401 13.878151248395444 2.980000000000004
    endloop
  endfacet
  facet normal 0 0 -1
    outer loop
      vertex 108.52891999806164 14.210697497427464 2.980000000000004
      vertex 108.67810750330685 14.270669373869897 2.980000000000004
      vertex 108.76660000110863 13.833140003681184 2.980000000000004
    endloop
  endfacet
  facet normal 0 0 -1
    outer loop
      vertex 108.8001700001478 14.354629996418954 2.980000000000004
      vertex 109.09151687796114 13.998181249201298 2.980000000000004
      vertex 108.99113750035761 13.933165001869202 2.980000000000004
    endloop
  endfacet
  facet normal 0 0 -1
    outer loop
      vertex 108.8001700001478 14.354629996418954 2.980000000000004
      vertex 109.18397000010012 14.073199997842313 2.980000000000004
      vertex 109.09151687796114 13.998181249201298 2.980000000000004
    endloop
  endfacet
  facet normal 0 0 -1
    outer loop
      vertex 110.80496999944447 14.260359998047353 2.980000000000004
      vertex 111.99573000098465 13.850760000944138 2.980000000000004
      vertex 110.80496999944447 13.850760000944138 2.980000000000004
    endloop
  endfacet
  facet normal 0 0 -1
    outer loop
      vertex 110.80496999944447 13.850760000944138 2.980000000000004
      vertex 110.28689000333546 12.263959999382497 2.980000000000004
      vertex 110.28689000333546 16.085879999399186 2.980000000000004
    endloop
  endfacet
  facet normal 0 0 -1
    outer loop
      vertex 110.80496999944447 14.260359998047353 2.980000000000004
      vertex 112.0554100009322 14.260359998047353 2.980000000000004
      vertex 111.99573000098465 13.850760000944138 2.980000000000004
    endloop
  endfacet
  facet normal 0 0 -1
    outer loop
      vertex 112.24859500254391 14.272312502563 2.980000000000004
      vertex 112.50029000217913 13.910440000891686 2.980000000000004
      vertex 111.99573000098465 13.850760000944138 2.980000000000004
    endloop
  endfacet
  facet normal 0 0 -1
    outer loop
      vertex 112.41855000282524 14.308170001208783 2.980000000000004
      vertex 112.60651500101088 13.932778123021127 2.980000000000004
      vertex 112.50029000217913 13.910440000891686 2.980000000000004
    endloop
  endfacet
  facet normal 0 0 -1
    outer loop
      vertex 112.49481624687908 14.33506312519312 2.980000000000004
      vertex 112.70685000295637 13.961812499165536 2.980000000000004
      vertex 112.60651500101088 13.932778123021127 2.980000000000004
    endloop
  endfacet
  facet normal 0 0 -1
    outer loop
      vertex 112.5652750017762 14.36793250143528 2.980000000000004
      vertex 112.80129500056503 13.997543121874333 2.980000000000004
      vertex 112.70685000295637 13.961812499165536 2.980000000000004
    endloop
  endfacet
  facet normal 0 0 -1
    outer loop
      vertex 112.0554100009322 14.260359998047353 2.980000000000004
      vertex 112.15490624631641 14.263348127901555 2.980000000000004
      vertex 111.99573000098465 13.850760000944138 2.980000000000004
    endloop
  endfacet
  facet normal 0 0 -1
    outer loop
      vertex 112.15490624631641 14.263348127901555 2.980000000000004
      vertex 112.24859500254391 14.272312502563 2.980000000000004
      vertex 111.99573000098465 13.850760000944138 2.980000000000004
    endloop
  endfacet
  facet normal 0 0 -1
    outer loop
      vertex 112.24859500254391 14.272312502563 2.980000000000004
      vertex 112.33647624726294 14.28725312203169 2.980000000000004
      vertex 112.50029000217913 13.910440000891686 2.980000000000004
    endloop
  endfacet
  facet normal 0 0 -1
    outer loop
      vertex 112.33647624726294 14.28725312203169 2.980000000000004
      vertex 112.41855000282524 14.308170001208783 2.980000000000004
      vertex 112.50029000217913 13.910440000891686 2.980000000000004
    endloop
  endfacet
  facet normal 0 0 -1
    outer loop
      vertex 112.62992625261543 14.406778122484685 2.980000000000004
      vertex 112.88985000128744 14.0399699985981 2.980000000000004
      vertex 112.80129500056503 13.997543121874333 2.980000000000004
    endloop
  endfacet
  facet normal 0 0 -1
    outer loop
      vertex 114.81701000357864 14.018960002064706 2.980000000000004
      vertex 114.29893000001906 12.263959999382497 2.980000000000004
      vertex 114.81701000357864 14.436679999530316 2.980000000000004
    endloop
  endfacet
  facet normal 0 0 -1
    outer loop
      vertex 121.22960999931095 16.085879999399186 2.980000000000004
      vertex 119.66988999719618 12.263959999382497 2.980000000000004
      vertex 119.40408999795912 12.719679999351502 2.980000000000004
    endloop
  endfacet
  facet normal 0 0 -1
    outer loop
      vertex 117.03580999697445 14.436679999530316 2.980000000000004
      vertex 117.03580999697445 14.018960002064706 2.980000000000004
      vertex 114.81701000357864 14.018960002064706 2.980000000000004
    endloop
  endfacet
  facet normal 0 0 -1
    outer loop
      vertex 119.1328500020027 12.263959999382497 2.980000000000004
      vertex 117.57312999988793 16.085879999399186 2.980000000000004
      vertex 119.17624999905823 13.395080003142358 2.980000000000004
    endloop
  endfacet
  facet normal 0 0 -1
    outer loop
      vertex 119.63192999686001 13.395080003142358 2.980000000000004
      vertex 121.22960999931095 16.085879999399186 2.980000000000004
      vertex 119.40408999795912 12.719679999351502 2.980000000000004
    endloop
  endfacet
  facet normal -0.8477460914971865 -0.5304022665404475 0
    outer loop
      vertex 112.98852999831436 12.263959999382497 2.980000000000004
      vertex 111.99573000098465 13.850760000944138 3.6000000000000085
      vertex 111.99573000098465 13.850760000944138 2.980000000000004
    endloop
  endfacet
  facet normal 0 -1 0
    outer loop
      vertex 108.22240999664066 13.75312000066042 2.980000000000004
      vertex 107.099450002861 13.75312000066042 3.6000000000000085
      vertex 107.099450002861 13.75312000066042 2.980000000000004
    endloop
  endfacet
  facet normal 0.03378732486494857 -0.999429045344626 0
    outer loop
      vertex 108.3703468772292 13.758121247589589 2.980000000000004
      vertex 108.22240999664066 13.75312000066042 3.6000000000000085
      vertex 108.22240999664066 13.75312000066042 2.980000000000004
    endloop
  endfacet
  facet normal 0.10655149970416451 -0.994307184883421 0
    outer loop
      vertex 108.51035750235317 13.773125003278256 2.980000000000004
      vertex 108.3703468772292 13.758121247589589 3.6000000000000085
      vertex 108.3703468772292 13.758121247589589 2.980000000000004
    endloop
  endfacet
  facet normal 0.1860160164288992 -0.9825467121882416 0
    outer loop
      vertex 108.6424418720126 13.79813125282526 2.980000000000004
      vertex 108.51035750235317 13.773125003278256 3.6000000000000085
      vertex 108.51035750235317 13.773125003278256 2.980000000000004
    endloop
  endfacet
  facet normal 0.2713868588561449 -0.9624703490706584 0
    outer loop
      vertex 108.76660000110863 13.833140003681184 2.980000000000004
      vertex 108.6424418720126 13.79813125282526 3.6000000000000085
      vertex 108.6424418720126 13.79813125282526 2.980000000000004
    endloop
  endfacet
  facet normal 0.3611215160428887 -0.9325187669161868 0
    outer loop
      vertex 108.8828318747401 13.878151248395444 2.980000000000004
      vertex 108.76660000110863 13.833140003681184 3.6000000000000085
      vertex 108.76660000110863 13.833140003681184 2.980000000000004
    endloop
  endfacet
  facet normal 0.4528744361570937 -0.8915743070969432 0
    outer loop
      vertex 108.99113750035761 13.933165001869202 2.980000000000004
      vertex 108.8828318747401 13.878151248395444 3.6000000000000085
      vertex 108.8828318747401 13.878151248395444 2.980000000000004
    endloop
  endfacet
  facet normal 0 1 0
    outer loop
      vertex 107.099450002861 14.162719997763634 2.980000000000004
      vertex 107.099450002861 14.162719997763634 3.6000000000000085
      vertex 108.14916999961136 14.162719997763634 2.980000000000004
    endloop
  endfacet
  facet normal -0.058856327420704416 0.9982664637873732 0
    outer loop
      vertex 108.14916999961136 14.162719997763634 2.980000000000004
      vertex 108.14916999961136 14.162719997763634 3.6000000000000085
      vertex 108.35260749931334 14.174714374542237 2.980000000000004
    endloop
  endfacet
  facet normal 0.5436336457554906 -0.8393226192606713 0
    outer loop
      vertex 109.09151687796114 13.998181249201298 2.980000000000004
      vertex 108.99113750035761 13.933165001869202 3.6000000000000085
      vertex 108.99113750035761 13.933165001869202 2.980000000000004
    endloop
  endfacet
  facet normal 0.6300895400432093 -0.7765224861703215 0
    outer loop
      vertex 109.18397000010012 14.073199997842313 2.980000000000004
      vertex 109.09151687796114 13.998181249201298 3.6000000000000085
      vertex 109.09151687796114 13.998181249201298 2.980000000000004
    endloop
  endfacet
  facet normal 0.7093386453881037 -0.7048678501385703 0
    outer loop
      vertex 109.26693874920605 14.156694996356965 2.980000000000004
      vertex 109.18397000010012 14.073199997842313 3.6000000000000085
      vertex 109.18397000010012 14.073199997842313 2.980000000000004
    endloop
  endfacet
  facet normal 0 -1 0
    outer loop
      vertex 111.99573000098465 13.850760000944138 2.980000000000004
      vertex 110.80496999944447 13.850760000944138 3.6000000000000085
      vertex 110.80496999944447 13.850760000944138 2.980000000000004
    endloop
  endfacet
  facet normal 0.2057896248533543 -0.9785962550013747 0
    outer loop
      vertex 112.60651500101088 13.932778123021127 2.980000000000004
      vertex 112.50029000217913 13.910440000891686 3.6000000000000085
      vertex 112.50029000217913 13.910440000891686 2.980000000000004
    endloop
  endfacet
  facet normal 0.27797003496398975 -0.9605897457614869 0
    outer loop
      vertex 112.70685000295637 13.961812499165536 2.980000000000004
      vertex 112.60651500101088 13.932778123021127 3.6000000000000085
      vertex 112.60651500101088 13.932778123021127 2.980000000000004
    endloop
  endfacet
  facet normal 0.35384599020648166 -0.9353037021282415 0
    outer loop
      vertex 112.80129500056503 13.997543121874333 2.980000000000004
      vertex 112.70685000295637 13.961812499165536 3.6000000000000085
      vertex 112.70685000295637 13.961812499165536 2.980000000000004
    endloop
  endfacet
  facet normal 0.4320727404836575 -0.9018387588316118 0
    outer loop
      vertex 112.88985000128744 14.0399699985981 2.980000000000004
      vertex 112.80129500056503 13.997543121874333 3.6000000000000085
      vertex 112.80129500056503 13.997543121874333 2.980000000000004
    endloop
  endfacet
  facet normal 0.5108522831341492 -0.8596685086803093 0
    outer loop
      vertex 112.97251499767302 14.089093121886254 2.980000000000004
      vertex 112.88985000128744 14.0399699985981 3.6000000000000085
      vertex 112.88985000128744 14.0399699985981 2.980000000000004
    endloop
  endfacet
  facet normal 0.5880546508795672 -0.8088211962967528 0
    outer loop
      vertex 113.04928999717234 14.144912499189378 2.980000000000004
      vertex 112.97251499767302 14.089093121886254 3.6000000000000085
      vertex 112.97251499767302 14.089093121886254 2.980000000000004
    endloop
  endfacet
  facet normal 0.6614433487669139 -0.7499951308988685 0
    outer loop
      vertex 113.1201749997854 14.20742812305689 2.980000000000004
      vertex 113.04928999717234 14.144912499189378 3.6000000000000085
      vertex 113.04928999717234 14.144912499189378 2.980000000000004
    endloop
  endfacet
  facet normal 0.9258686067252486 -0.377845633930904 -1.5182886702099279e-16
    outer loop
      vertex 121.22960999931095 16.085879999399186 2.980000000000004
      vertex 119.66988999719618 12.263959999382497 3.6000000000000085
      vertex 119.66988999719618 12.263959999382497 2.980000000000004
    endloop
  endfacet
  facet normal 0 -1 0
    outer loop
      vertex 117.03580999697445 14.018960002064706 2.980000000000004
      vertex 114.81701000357864 14.018960002064706 3.6000000000000085
      vertex 114.81701000357864 14.018960002064706 2.980000000000004
    endloop
  endfacet
  facet normal 1 0 0
    outer loop
      vertex 117.03580999697445 14.436679999530316 2.980000000000004
      vertex 117.03580999697445 14.018960002064706 3.6000000000000085
      vertex 117.03580999697445 14.018960002064706 2.980000000000004
    endloop
  endfacet
  facet normal 0 -1 0
    outer loop
      vertex 107.099450002861 12.263959999382497 2.980000000000004
      vertex 107.099450002861 12.263959999382497 3.6000000000000085
      vertex 106.58136999930142 12.263959999382497 3.6000000000000085
    endloop
  endfacet
  facet normal 0 -1 0
    outer loop
      vertex 110.80496999944447 12.263959999382497 2.980000000000004
      vertex 110.80496999944447 12.263959999382497 3.6000000000000085
      vertex 110.28689000333546 12.263959999382497 3.6000000000000085
    endloop
  endfacet
  facet normal 0 -1 0
    outer loop
      vertex 113.5852900030732 12.263959999382497 2.980000000000004
      vertex 113.5852900030732 12.263959999382497 3.6000000000000085
      vertex 112.98852999831436 12.263959999382497 3.6000000000000085
    endloop
  endfacet
  facet normal -0.8477460914971865 -0.5304022665404475 0
    outer loop
      vertex 112.98852999831436 12.263959999382497 2.980000000000004
      vertex 112.98852999831436 12.263959999382497 3.6000000000000085
      vertex 111.99573000098465 13.850760000944138 3.6000000000000085
    endloop
  endfacet
  facet normal 0 -1 0
    outer loop
      vertex 117.30976999874113 12.263959999382497 2.980000000000004
      vertex 117.30976999874113 12.263959999382497 3.6000000000000085
      vertex 114.29893000001906 12.263959999382497 3.6000000000000085
    endloop
  endfacet
  facet normal 0 1 0
    outer loop
      vertex 114.81701000357864 12.687120001018048 2.980000000000004
      vertex 114.81701000357864 12.687120001018048 3.6000000000000085
      vertex 117.30976999874113 12.687120001018048 3.6000000000000085
    endloop
  endfacet
  facet normal 1 0 0
    outer loop
      vertex 117.30976999874113 12.687120001018048 2.980000000000004
      vertex 117.30976999874113 12.687120001018048 3.6000000000000085
      vertex 117.30976999874113 12.263959999382497 3.6000000000000085
    endloop
  endfacet
  facet normal 0 -1 0
    outer loop
      vertex 119.66988999719618 12.263959999382497 2.980000000000004
      vertex 119.66988999719618 12.263959999382497 3.6000000000000085
      vertex 119.1328500020027 12.263959999382497 3.6000000000000085
    endloop
  endfacet
  facet normal -0.9475379653748163 0.3196432451552098 0
    outer loop
      vertex 119.40408999795912 12.719679999351502 2.980000000000004
      vertex 119.40408999795912 12.719679999351502 3.6000000000000085
      vertex 119.63192999686001 13.395080003142358 3.6000000000000085
    endloop
  endfacet
  facet normal 0.9475379653748163 0.3196432451552098 0
    outer loop
      vertex 119.17624999905823 13.395080003142358 2.980000000000004
      vertex 119.17624999905823 13.395080003142358 3.6000000000000085
      vertex 119.40408999795912 12.719679999351502 3.6000000000000085
    endloop
  endfacet
  facet normal 0 0 1
    outer loop
      vertex 106.58136999930142 12.263959999382497 3.6000000000000085
      vertex 107.099450002861 12.263959999382497 3.6000000000000085
      vertex 107.099450002861 13.75312000066042 3.6000000000000085
    endloop
  endfacet
  facet normal 0 0 1
    outer loop
      vertex 110.28689000333546 12.263959999382497 3.6000000000000085
      vertex 110.80496999944447 12.263959999382497 3.6000000000000085
      vertex 110.80496999944447 13.850760000944138 3.6000000000000085
    endloop
  endfacet
  facet normal 0 0 1
    outer loop
      vertex 112.98852999831436 12.263959999382497 3.6000000000000085
      vertex 113.5852900030732 12.263959999382497 3.6000000000000085
      vertex 112.50029000217913 13.910440000891686 3.6000000000000085
    endloop
  endfacet
  facet normal 0 0 1
    outer loop
      vertex 114.29893000001906 12.263959999382497 3.6000000000000085
      vertex 117.30976999874113 12.263959999382497 3.6000000000000085
      vertex 114.81701000357864 12.687120001018048 3.6000000000000085
    endloop
  endfacet
  facet normal 0 0 1
    outer loop
      vertex 117.30976999874113 12.263959999382497 3.6000000000000085
      vertex 117.30976999874113 12.687120001018048 3.6000000000000085
      vertex 114.81701000357864 12.687120001018048 3.6000000000000085
    endloop
  endfacet
  facet normal 0 0 1
    outer loop
      vertex 119.40408999795912 12.719679999351502 3.6000000000000085
      vertex 119.1328500020027 12.263959999382497 3.6000000000000085
      vertex 119.66988999719618 12.263959999382497 3.6000000000000085
    endloop
  endfacet
  facet normal 0 0 1
    outer loop
      vertex 114.29893000001906 12.263959999382497 3.6000000000000085
      vertex 114.81701000357864 12.687120001018048 3.6000000000000085
      vertex 114.81701000357864 14.018960002064706 3.6000000000000085
    endloop
  endfacet
  facet normal 0 0 1
    outer loop
      vertex 119.40408999795912 12.719679999351502 3.6000000000000085
      vertex 119.17624999905823 13.395080003142358 3.6000000000000085
      vertex 119.1328500020027 12.263959999382497 3.6000000000000085
    endloop
  endfacet
  facet normal 1 0 0
    outer loop
      vertex 107.099450002861 13.75312000066042 2.980000000000004
      vertex 107.099450002861 13.75312000066042 3.6000000000000085
      vertex 107.099450002861 12.263959999382497 3.6000000000000085
    endloop
  endfacet
  facet normal -1 0 0
    outer loop
      vertex 106.58136999930142 12.263959999382497 2.980000000000004
      vertex 106.58136999930142 12.263959999382497 3.6000000000000085
      vertex 106.58136999930142 16.085879999399186 3.6000000000000085
    endloop
  endfacet
  facet normal 1 0 0
    outer loop
      vertex 110.80496999944447 13.850760000944138 2.980000000000004
      vertex 110.80496999944447 13.850760000944138 3.6000000000000085
      vertex 110.80496999944447 12.263959999382497 3.6000000000000085
    endloop
  endfacet
  facet normal 0.8350001469438405 0.5502497202214325 0
    outer loop
      vertex 112.50029000217913 13.910440000891686 2.980000000000004
      vertex 112.50029000217913 13.910440000891686 3.6000000000000085
      vertex 113.5852900030732 12.263959999382497 3.6000000000000085
    endloop
  endfacet
  facet normal -1 0 0
    outer loop
      vertex 110.28689000333546 12.263959999382497 2.980000000000004
      vertex 110.28689000333546 12.263959999382497 3.6000000000000085
      vertex 110.28689000333546 16.085879999399186 3.6000000000000085
    endloop
  endfacet
  facet normal 0 -1 0
    outer loop
      vertex 108.22240999664066 13.75312000066042 2.980000000000004
      vertex 108.22240999664066 13.75312000066042 3.6000000000000085
      vertex 107.099450002861 13.75312000066042 3.6000000000000085
    endloop
  endfacet
  facet normal 0.03378732486494857 -0.999429045344626 0
    outer loop
      vertex 108.3703468772292 13.758121247589589 2.980000000000004
      vertex 108.3703468772292 13.758121247589589 3.6000000000000085
      vertex 108.22240999664066 13.75312000066042 3.6000000000000085
    endloop
  endfacet
  facet normal 0.10655149970416451 -0.994307184883421 0
    outer loop
      vertex 108.51035750235317 13.773125003278256 2.980000000000004
      vertex 108.51035750235317 13.773125003278256 3.6000000000000085
      vertex 108.3703468772292 13.758121247589589 3.6000000000000085
    endloop
  endfacet
  facet normal 0.1860160164288992 -0.9825467121882416 0
    outer loop
      vertex 108.6424418720126 13.79813125282526 2.980000000000004
      vertex 108.6424418720126 13.79813125282526 3.6000000000000085
      vertex 108.51035750235317 13.773125003278256 3.6000000000000085
    endloop
  endfacet
  facet normal 0.2713868588561449 -0.9624703490706584 0
    outer loop
      vertex 108.76660000110863 13.833140003681184 2.980000000000004
      vertex 108.76660000110863 13.833140003681184 3.6000000000000085
      vertex 108.6424418720126 13.79813125282526 3.6000000000000085
    endloop
  endfacet
  facet normal 0.3611215160428887 -0.9325187669161868 0
    outer loop
      vertex 108.8828318747401 13.878151248395444 2.980000000000004
      vertex 108.8828318747401 13.878151248395444 3.6000000000000085
      vertex 108.76660000110863 13.833140003681184 3.6000000000000085
    endloop
  endfacet
  facet normal 0.4528744361570937 -0.8915743070969432 0
    outer loop
      vertex 108.99113750035761 13.933165001869202 2.980000000000004
      vertex 108.99113750035761 13.933165001869202 3.6000000000000085
      vertex 108.8828318747401 13.878151248395444 3.6000000000000085
    endloop
  endfacet
  facet normal 0 1 0
    outer loop
      vertex 108.14916999961136 14.162719997763634 3.6000000000000085
      vertex 108.14916999961136 14.162719997763634 2.980000000000004
      vertex 107.099450002861 14.162719997763634 3.6000000000000085
    endloop
  endfacet
  facet normal -0.058856327420704416 0.9982664637873732 0
    outer loop
      vertex 108.35260749931334 14.174714374542237 3.6000000000000085
      vertex 108.35260749931334 14.174714374542237 2.980000000000004
      vertex 108.14916999961136 14.162719997763634 3.6000000000000085
    endloop
  endfacet
  facet normal 0.5436336457554906 -0.8393226192606713 0
    outer loop
      vertex 109.09151687796114 13.998181249201298 2.980000000000004
      vertex 109.09151687796114 13.998181249201298 3.6000000000000085
      vertex 108.99113750035761 13.933165001869202 3.6000000000000085
    endloop
  endfacet
  facet normal 0.6300895400432093 -0.7765224861703215 0
    outer loop
      vertex 109.18397000010012 14.073199997842313 2.980000000000004
      vertex 109.18397000010012 14.073199997842313 3.6000000000000085
      vertex 109.09151687796114 13.998181249201298 3.6000000000000085
    endloop
  endfacet
  facet normal 0.7093386453881037 -0.7048678501385703 0
    outer loop
      vertex 109.26693874920605 14.156694996356965 2.980000000000004
      vertex 109.26693874920605 14.156694996356965 3.6000000000000085
      vertex 109.18397000010012 14.073199997842313 3.6000000000000085
    endloop
  endfacet
  facet normal 0 -1 0
    outer loop
      vertex 111.99573000098465 13.850760000944138 2.980000000000004
      vertex 111.99573000098465 13.850760000944138 3.6000000000000085
      vertex 110.80496999944447 13.850760000944138 3.6000000000000085
    endloop
  endfacet
  facet normal 0.2057896248533543 -0.9785962550013747 0
    outer loop
      vertex 112.60651500101088 13.932778123021127 2.980000000000004
      vertex 112.60651500101088 13.932778123021127 3.6000000000000085
      vertex 112.50029000217913 13.910440000891686 3.6000000000000085
    endloop
  endfacet
  facet normal 0.27797003496398975 -0.9605897457614869 0
    outer loop
      vertex 112.70685000295637 13.961812499165536 2.980000000000004
      vertex 112.70685000295637 13.961812499165536 3.6000000000000085
      vertex 112.60651500101088 13.932778123021127 3.6000000000000085
    endloop
  endfacet
  facet normal 0.35384599020648166 -0.9353037021282415 0
    outer loop
      vertex 112.80129500056503 13.997543121874333 2.980000000000004
      vertex 112.80129500056503 13.997543121874333 3.6000000000000085
      vertex 112.70685000295637 13.961812499165536 3.6000000000000085
    endloop
  endfacet
  facet normal 0.4320727404836575 -0.9018387588316118 0
    outer loop
      vertex 112.88985000128744 14.0399699985981 2.980000000000004
      vertex 112.88985000128744 14.0399699985981 3.6000000000000085
      vertex 112.80129500056503 13.997543121874333 3.6000000000000085
    endloop
  endfacet
  facet normal 0.5108522831341492 -0.8596685086803093 0
    outer loop
      vertex 112.97251499767302 14.089093121886254 2.980000000000004
      vertex 112.97251499767302 14.089093121886254 3.6000000000000085
      vertex 112.88985000128744 14.0399699985981 3.6000000000000085
    endloop
  endfacet
  facet normal 0.5880546508795672 -0.8088211962967528 0
    outer loop
      vertex 113.04928999717234 14.144912499189378 2.980000000000004
      vertex 113.04928999717234 14.144912499189378 3.6000000000000085
      vertex 112.97251499767302 14.089093121886254 3.6000000000000085
    endloop
  endfacet
  facet normal -1 0 0
    outer loop
      vertex 114.29893000001906 12.263959999382497 2.980000000000004
      vertex 114.29893000001906 12.263959999382497 3.6000000000000085
      vertex 114.29893000001906 16.085879999399186 3.6000000000000085
    endloop
  endfacet
  facet normal 1 0 0
    outer loop
      vertex 114.81701000357864 14.018960002064706 2.980000000000004
      vertex 114.81701000357864 14.018960002064706 3.6000000000000085
      vertex 114.81701000357864 12.687120001018048 3.6000000000000085
    endloop
  endfacet
  facet normal -0.9258686067252486 -0.377845633930904 0
    outer loop
      vertex 119.1328500020027 12.263959999382497 2.980000000000004
      vertex 119.1328500020027 12.263959999382497 3.6000000000000085
      vertex 117.57312999988793 16.085879999399186 3.6000000000000085
    endloop
  endfacet
  facet normal 0 -1 0
    outer loop
      vertex 117.03580999697445 14.018960002064706 2.980000000000004
      vertex 117.03580999697445 14.018960002064706 3.6000000000000085
      vertex 114.81701000357864 14.018960002064706 3.6000000000000085
    endloop
  endfacet
  facet normal 0 0 1
    outer loop
      vertex 111.99573000098465 13.850760000944138 3.6000000000000085
      vertex 112.98852999831436 12.263959999382497 3.6000000000000085
      vertex 112.50029000217913 13.910440000891686 3.6000000000000085
    endloop
  endfacet
  facet normal 0 0 1
    outer loop
      vertex 107.099450002861 13.75312000066042 3.6000000000000085
      vertex 108.22240999664066 13.75312000066042 3.6000000000000085
      vertex 108.14916999961136 14.162719997763634 3.6000000000000085
    endloop
  endfacet
  facet normal 0 0 1
    outer loop
      vertex 108.22240999664066 13.75312000066042 3.6000000000000085
      vertex 108.3703468772292 13.758121247589589 3.6000000000000085
      vertex 108.35260749931334 14.174714374542237 3.6000000000000085
    endloop
  endfacet
  facet normal 0 0 1
    outer loop
      vertex 108.3703468772292 13.758121247589589 3.6000000000000085
      vertex 108.51035750235317 13.773125003278256 3.6000000000000085
      vertex 108.35260749931334 14.174714374542237 3.6000000000000085
    endloop
  endfacet
  facet normal 0 0 1
    outer loop
      vertex 108.51035750235317 13.773125003278256 3.6000000000000085
      vertex 108.6424418720126 13.79813125282526 3.6000000000000085
      vertex 108.52891999806164 14.210697497427464 3.6000000000000085
    endloop
  endfacet
  facet normal 0 0 1
    outer loop
      vertex 106.58136999930142 16.085879999399186 3.6000000000000085
      vertex 106.58136999930142 12.263959999382497 3.6000000000000085
      vertex 107.099450002861 13.75312000066042 3.6000000000000085
    endloop
  endfacet
  facet normal 0 0 1
    outer loop
      vertex 107.099450002861 13.75312000066042 3.6000000000000085
      vertex 108.14916999961136 14.162719997763634 3.6000000000000085
      vertex 107.099450002861 14.162719997763634 3.6000000000000085
    endloop
  endfacet
  facet normal 0 0 1
    outer loop
      vertex 108.22240999664066 13.75312000066042 3.6000000000000085
      vertex 108.35260749931334 14.174714374542237 3.6000000000000085
      vertex 108.14916999961136 14.162719997763634 3.6000000000000085
    endloop
  endfacet
  facet normal 0 0 1
    outer loop
      vertex 108.6424418720126 13.79813125282526 3.6000000000000085
      vertex 108.76660000110863 13.833140003681184 3.6000000000000085
      vertex 108.52891999806164 14.210697497427464 3.6000000000000085
    endloop
  endfacet
  facet normal 0 0 1
    outer loop
      vertex 108.76660000110863 13.833140003681184 3.6000000000000085
      vertex 108.8828318747401 13.878151248395444 3.6000000000000085
      vertex 108.67810750330685 14.270669373869897 3.6000000000000085
    endloop
  endfacet
  facet normal 0 0 1
    outer loop
      vertex 108.51035750235317 13.773125003278256 3.6000000000000085
      vertex 108.52891999806164 14.210697497427464 3.6000000000000085
      vertex 108.35260749931334 14.174714374542237 3.6000000000000085
    endloop
  endfacet
  facet normal 0 0 1
    outer loop
      vertex 108.8828318747401 13.878151248395444 3.6000000000000085
      vertex 108.99113750035761 13.933165001869202 3.6000000000000085
      vertex 108.67810750330685 14.270669373869897 3.6000000000000085
    endloop
  endfacet
  facet normal 0 0 1
    outer loop
      vertex 108.76660000110863 13.833140003681184 3.6000000000000085
      vertex 108.67810750330685 14.270669373869897 3.6000000000000085
      vertex 108.52891999806164 14.210697497427464 3.6000000000000085
    endloop
  endfacet
  facet normal 0 0 1
    outer loop
      vertex 108.99113750035761 13.933165001869202 3.6000000000000085
      vertex 109.09151687796114 13.998181249201298 3.6000000000000085
      vertex 108.8001700001478 14.354629996418954 3.6000000000000085
    endloop
  endfacet
  facet normal 0 0 1
    outer loop
      vertex 109.09151687796114 13.998181249201298 3.6000000000000085
      vertex 109.18397000010012 14.073199997842313 3.6000000000000085
      vertex 108.8001700001478 14.354629996418954 3.6000000000000085
    endloop
  endfacet
  facet normal 0 0 1
    outer loop
      vertex 110.80496999944447 13.850760000944138 3.6000000000000085
      vertex 111.99573000098465 13.850760000944138 3.6000000000000085
      vertex 110.80496999944447 14.260359998047353 3.6000000000000085
    endloop
  endfacet
  facet normal 0 0 1
    outer loop
      vertex 110.28689000333546 16.085879999399186 3.6000000000000085
      vertex 110.28689000333546 12.263959999382497 3.6000000000000085
      vertex 110.80496999944447 13.850760000944138 3.6000000000000085
    endloop
  endfacet
  facet normal 0 0 1
    outer loop
      vertex 111.99573000098465 13.850760000944138 3.6000000000000085
      vertex 112.0554100009322 14.260359998047353 3.6000000000000085
      vertex 110.80496999944447 14.260359998047353 3.6000000000000085
    endloop
  endfacet
  facet normal 0 0 1
    outer loop
      vertex 111.99573000098465 13.850760000944138 3.6000000000000085
      vertex 112.50029000217913 13.910440000891686 3.6000000000000085
      vertex 112.24859500254391 14.272312502563 3.6000000000000085
    endloop
  endfacet
  facet normal 0 0 1
    outer loop
      vertex 112.50029000217913 13.910440000891686 3.6000000000000085
      vertex 112.60651500101088 13.932778123021127 3.6000000000000085
      vertex 112.41855000282524 14.308170001208783 3.6000000000000085
    endloop
  endfacet
  facet normal 0 0 1
    outer loop
      vertex 112.60651500101088 13.932778123021127 3.6000000000000085
      vertex 112.70685000295637 13.961812499165536 3.6000000000000085
      vertex 112.49481624687908 14.33506312519312 3.6000000000000085
    endloop
  endfacet
  facet normal 0 0 1
    outer loop
      vertex 112.70685000295637 13.961812499165536 3.6000000000000085
      vertex 112.80129500056503 13.997543121874333 3.6000000000000085
      vertex 112.5652750017762 14.36793250143528 3.6000000000000085
    endloop
  endfacet
  facet normal 0 0 1
    outer loop
      vertex 111.99573000098465 13.850760000944138 3.6000000000000085
      vertex 112.15490624631641 14.263348127901555 3.6000000000000085
      vertex 112.0554100009322 14.260359998047353 3.6000000000000085
    endloop
  endfacet
  facet normal 0 0 1
    outer loop
      vertex 111.99573000098465 13.850760000944138 3.6000000000000085
      vertex 112.24859500254391 14.272312502563 3.6000000000000085
      vertex 112.15490624631641 14.263348127901555 3.6000000000000085
    endloop
  endfacet
  facet normal 0 0 1
    outer loop
      vertex 112.50029000217913 13.910440000891686 3.6000000000000085
      vertex 112.33647624726294 14.28725312203169 3.6000000000000085
      vertex 112.24859500254391 14.272312502563 3.6000000000000085
    endloop
  endfacet
  facet normal 0 0 1
    outer loop
      vertex 112.50029000217913 13.910440000891686 3.6000000000000085
      vertex 112.41855000282524 14.308170001208783 3.6000000000000085
      vertex 112.33647624726294 14.28725312203169 3.6000000000000085
    endloop
  endfacet
  facet normal 0 0 1
    outer loop
      vertex 112.80129500056503 13.997543121874333 3.6000000000000085
      vertex 112.88985000128744 14.0399699985981 3.6000000000000085
      vertex 112.62992625261543 14.406778122484685 3.6000000000000085
    endloop
  endfacet
  facet normal 0 0 1
    outer loop
      vertex 114.81701000357864 14.436679999530316 3.6000000000000085
      vertex 114.29893000001906 12.263959999382497 3.6000000000000085
      vertex 114.81701000357864 14.018960002064706 3.6000000000000085
    endloop
  endfacet
  facet normal 0 0 1
    outer loop
      vertex 119.40408999795912 12.719679999351502 3.6000000000000085
      vertex 119.66988999719618 12.263959999382497 3.6000000000000085
      vertex 121.22960999931095 16.085879999399186 3.6000000000000085
    endloop
  endfacet
  facet normal 0 0 1
    outer loop
      vertex 114.81701000357864 14.018960002064706 3.6000000000000085
      vertex 117.03580999697445 14.018960002064706 3.6000000000000085
      vertex 117.03580999697445 14.436679999530316 3.6000000000000085
    endloop
  endfacet
  facet normal 0 0 1
    outer loop
      vertex 119.17624999905823 13.395080003142358 3.6000000000000085
      vertex 117.57312999988793 16.085879999399186 3.6000000000000085
      vertex 119.1328500020027 12.263959999382497 3.6000000000000085
    endloop
  endfacet
  facet normal 0 0 1
    outer loop
      vertex 119.40408999795912 12.719679999351502 3.6000000000000085
      vertex 121.22960999931095 16.085879999399186 3.6000000000000085
      vertex 119.63192999686001 13.395080003142358 3.6000000000000085
    endloop
  endfacet
  facet normal 0 0 -1
    outer loop
      vertex 108.67810750330685 14.270669373869897 2.980000000000004
      vertex 108.8001700001478 14.354629996418954 2.980000000000004
      vertex 108.99113750035761 13.933165001869202 2.980000000000004
    endloop
  endfacet
  facet normal 0 0 -1
    outer loop
      vertex 108.89510750348566 14.462579372525216 2.980000000000004
      vertex 109.26693874920605 14.156694996356965 2.980000000000004
      vertex 109.18397000010012 14.073199997842313 2.980000000000004
    endloop
  endfacet
  facet normal 0 0 -1
    outer loop
      vertex 108.89510750348566 14.462579372525216 2.980000000000004
      vertex 109.33884500290154 14.247140000760556 2.980000000000004
      vertex 109.26693874920605 14.156694996356965 2.980000000000004
    endloop
  endfacet
  facet normal 0 0 -1
    outer loop
      vertex 108.8001700001478 14.354629996418954 2.980000000000004
      vertex 108.89510750348566 14.462579372525216 2.980000000000004
      vertex 109.18397000010012 14.073199997842313 2.980000000000004
    endloop
  endfacet
  facet normal 0 0 -1
    outer loop
      vertex 108.96291999841927 14.594517502188683 2.980000000000004
      vertex 109.39968874628542 14.344535003602505 2.980000000000004
      vertex 109.33884500290154 14.247140000760556 2.980000000000004
    endloop
  endfacet
  facet normal 0 0 -1
    outer loop
      vertex 108.89510750348566 14.462579372525216 2.980000000000004
      vertex 108.96291999841927 14.594517502188683 2.980000000000004
      vertex 109.33884500290154 14.247140000760556 2.980000000000004
    endloop
  endfacet
  facet normal 0 0 -1
    outer loop
      vertex 108.96291999841927 14.594517502188683 2.980000000000004
      vertex 109.44947000170944 14.448879997432233 2.980000000000004
      vertex 109.39968874628542 14.344535003602505 2.980000000000004
    endloop
  endfacet
  facet normal 0 0 -1
    outer loop
      vertex 108.96291999841927 14.594517502188683 2.980000000000004
      vertex 109.48818874682186 14.560174997150899 2.980000000000004
      vertex 109.44947000170944 14.448879997432233 2.980000000000004
    endloop
  endfacet
  facet normal 0 0 -1
    outer loop
      vertex 108.96291999841927 14.594517502188683 2.980000000000004
      vertex 109.00360749984978 14.750444377958775 2.980000000000004
      vertex 109.48818874682186 14.560174997150899 2.980000000000004
    endloop
  endfacet
  facet normal 0 0 -1
    outer loop
      vertex 112.41855000282524 14.308170001208783 2.980000000000004
      vertex 112.49481624687908 14.33506312519312 2.980000000000004
      vertex 112.60651500101088 13.932778123021127 2.980000000000004
    endloop
  endfacet
  facet normal 0 0 -1
    outer loop
      vertex 112.68876999939678 14.451600003242493 2.980000000000004
      vertex 112.97251499767302 14.089093121886254 2.980000000000004
      vertex 112.88985000128744 14.0399699985981 2.980000000000004
    endloop
  endfacet
  facet normal 0 0 -1
    outer loop
      vertex 112.49481624687908 14.33506312519312 2.980000000000004
      vertex 112.5652750017762 14.36793250143528 2.980000000000004
      vertex 112.70685000295637 13.961812499165536 2.980000000000004
    endloop
  endfacet
  facet normal 0 0 -1
    outer loop
      vertex 112.68876999939678 14.451600003242493 2.980000000000004
      vertex 113.04928999717234 14.144912499189378 2.980000000000004
      vertex 112.97251499767302 14.089093121886254 2.980000000000004
    endloop
  endfacet
  facet normal 0 0 -1
    outer loop
      vertex 112.5652750017762 14.36793250143528 2.980000000000004
      vertex 112.62992625261543 14.406778122484685 2.980000000000004
      vertex 112.80129500056503 13.997543121874333 2.980000000000004
    endloop
  endfacet
  facet normal 0 0 -1
    outer loop
      vertex 112.74122312242983 14.501804377138615 2.980000000000004
      vertex 113.1201749997854 14.20742812305689 2.980000000000004
      vertex 113.04928999717234 14.144912499189378 2.980000000000004
    endloop
  endfacet
  facet normal 0 0 -1
    outer loop
      vertex 112.62992625261543 14.406778122484685 2.980000000000004
      vertex 112.68876999939678 14.451600003242493 2.980000000000004
      vertex 112.88985000128744 14.0399699985981 2.980000000000004
    endloop
  endfacet
  facet normal 0 0 -1
    outer loop
      vertex 112.68876999939678 14.451600003242493 2.980000000000004
      vertex 112.74122312242983 14.501804377138615 2.980000000000004
      vertex 113.04928999717234 14.144912499189378 2.980000000000004
    endloop
  endfacet
  facet normal 0 0 -1
    outer loop
      vertex 112.78668249721525 14.556797499954701 2.980000000000004
      vertex 113.18516999806164 14.27664000093937 2.980000000000004
      vertex 113.1201749997854 14.20742812305689 2.980000000000004
    endloop
  endfacet
  facet normal 0 0 -1
    outer loop
      vertex 112.74122312242983 14.501804377138615 2.980000000000004
      vertex 112.78668249721525 14.556797499954701 2.980000000000004
      vertex 113.1201749997854 14.20742812305689 2.980000000000004
    endloop
  endfacet
  facet normal 0 0 -1
    outer loop
      vertex 112.78668249721525 14.556797499954701 2.980000000000004
      vertex 112.82514812375305 14.61657937169075 2.980000000000004
      vertex 113.18516999806164 14.27664000093937 2.980000000000004
    endloop
  endfacet
  facet normal 0 0 -1
    outer loop
      vertex 112.82514812375305 14.61657937169075 2.980000000000004
      vertex 113.2433418738365 14.351318749785424 2.980000000000004
      vertex 113.18516999806164 14.27664000093937 2.980000000000004
    endloop
  endfacet
  facet normal 0 0 -1
    outer loop
      vertex 112.82514812375305 14.61657937169075 2.980000000000004
      vertex 113.29375750149487 14.430235001444817 2.980000000000004
      vertex 113.2433418738365 14.351318749785424 2.980000000000004
    endloop
  endfacet
  facet normal 0 0 -1
    outer loop
      vertex 112.85662000204323 14.681149999797345 2.980000000000004
      vertex 113.33641687358616 14.51338874846697 2.980000000000004
      vertex 113.29375750149487 14.430235001444817 2.980000000000004
    endloop
  endfacet
  facet normal 0 0 -1
    outer loop
      vertex 112.82514812375305 14.61657937169075 2.980000000000004
      vertex 112.85662000204323 14.681149999797345 2.980000000000004
      vertex 113.29375750149487 14.430235001444817 2.980000000000004
    endloop
  endfacet
  facet normal 0 0 -1
    outer loop
      vertex 112.8810981246352 14.750509376823903 2.980000000000004
      vertex 113.37131999756096 14.60077999830246 2.980000000000004
      vertex 113.33641687358616 14.51338874846697 2.980000000000004
    endloop
  endfacet
  facet normal 0 0 -1
    outer loop
      vertex 112.85662000204323 14.681149999797345 2.980000000000004
      vertex 112.8810981246352 14.750509376823903 2.980000000000004
      vertex 113.33641687358616 14.51338874846697 2.980000000000004
    endloop
  endfacet
  facet normal 0 0 -1
    outer loop
      vertex 107.099450002861 13.75312000066042 2.980000000000004
      vertex 106.58136999930142 16.085879999399186 2.980000000000004
      vertex 107.099450002861 14.162719997763634 2.980000000000004
    endloop
  endfacet
  facet normal 0 0 -1
    outer loop
      vertex 109.00360749984978 14.750444377958775 2.980000000000004
      vertex 109.51584499652384 14.678420002758504 2.980000000000004
      vertex 109.48818874682186 14.560174997150899 2.980000000000004
    endloop
  endfacet
  facet normal 0 0 -1
    outer loop
      vertex 109.00360749984978 14.750444377958775 2.980000000000004
      vertex 109.53243875081537 14.803614999353886 2.980000000000004
      vertex 109.51584499652384 14.678420002758504 2.980000000000004
    endloop
  endfacet
  facet normal 0 0 -1
    outer loop
      vertex 109.00360749984978 14.750444377958775 2.980000000000004
      vertex 109.01717000032662 14.930359999835492 2.980000000000004
      vertex 109.53243875081537 14.803614999353886 2.980000000000004
    endloop
  endfacet
  facet normal 0 0 -1
    outer loop
      vertex 109.01717000032662 14.930359999835492 2.980000000000004
      vertex 109.53797000224588 14.935760001838208 2.980000000000004
      vertex 109.53243875081537 14.803614999353886 2.980000000000004
    endloop
  endfacet
  facet normal 0 0 -1
    outer loop
      vertex 109.53245999987124 15.068883123993874 2.980000000000004
      vertex 109.53797000224588 14.935760001838208 2.980000000000004
      vertex 109.01717000032662 14.930359999835492 2.980000000000004
    endloop
  endfacet
  facet normal 0 0 -1
    outer loop
      vertex 109.53245999987124 15.068883123993874 2.980000000000004
      vertex 109.01717000032662 14.930359999835492 2.980000000000004
      vertex 109.00326875175236 15.10391937494278 2.980000000000004
    endloop
  endfacet
  facet normal 0 0 -1
    outer loop
      vertex 109.51593000019787 15.194292503595353 2.980000000000004
      vertex 109.53245999987124 15.068883123993874 2.980000000000004
      vertex 109.00326875175236 15.10391937494278 2.980000000000004
    endloop
  endfacet
  facet normal 0 0 -1
    outer loop
      vertex 110.80496999944447 13.850760000944138 2.980000000000004
      vertex 110.28689000333546 16.085879999399186 2.980000000000004
      vertex 110.80496999944447 14.260359998047353 2.980000000000004
    endloop
  endfacet
  facet normal 0 0 -1
    outer loop
      vertex 112.8810981246352 14.750509376823903 2.980000000000004
      vertex 113.39846687341927 14.69240875095129 2.980000000000004
      vertex 113.37131999756096 14.60077999830246 2.980000000000004
    endloop
  endfacet
  facet normal 0 0 -1
    outer loop
      vertex 112.8810981246352 14.750509376823903 2.980000000000004
      vertex 112.89858249897955 14.824657502770425 2.980000000000004
      vertex 113.39846687341927 14.69240875095129 2.980000000000004
    endloop
  endfacet
  facet normal 0 0 -1
    outer loop
      vertex 112.89858249897955 14.824657502770425 2.980000000000004
      vertex 113.41785750116108 14.78827499896288 2.980000000000004
      vertex 113.39846687341927 14.69240875095129 2.980000000000004
    endloop
  endfacet
  facet normal 0 0 -1
    outer loop
      vertex 112.89858249897955 14.824657502770425 2.980000000000004
      vertex 112.90907312507628 14.90359437763691 2.980000000000004
      vertex 113.41785750116108 14.78827499896288 2.980000000000004
    endloop
  endfacet
  facet normal 0 0 -1
    outer loop
      vertex 112.90907312507628 14.90359437763691 2.980000000000004
      vertex 113.42949187333582 14.888378749787808 2.980000000000004
      vertex 113.41785750116108 14.78827499896288 2.980000000000004
    endloop
  endfacet
  facet normal 0 0 -1
    outer loop
      vertex 112.90907312507628 14.90359437763691 2.980000000000004
      vertex 112.91257000292538 14.98732000142336 2.980000000000004
      vertex 113.42949187333582 14.888378749787808 2.980000000000004
    endloop
  endfacet
  facet normal 0 0 -1
    outer loop
      vertex 112.91257000292538 14.98732000142336 2.980000000000004
      vertex 113.43336999739407 14.992720003426076 2.980000000000004
      vertex 113.42949187333582 14.888378749787808 2.980000000000004
    endloop
  endfacet
  facet normal 0 0 -1
    outer loop
      vertex 113.42788125152586 15.118030625581742 2.980000000000004
      vertex 113.43336999739407 14.992720003426076 2.980000000000004
      vertex 112.91257000292538 14.98732000142336 2.980000000000004
    endloop
  endfacet
  facet normal 0 0 -1
    outer loop
      vertex 113.42788125152586 15.118030625581742 2.980000000000004
      vertex 112.91257000292538 14.98732000142336 2.980000000000004
      vertex 112.90903062696455 15.06825062185526 2.980000000000004
    endloop
  endfacet
  facet normal 0 0 -1
    outer loop
      vertex 114.29893000001906 12.263959999382497 2.980000000000004
      vertex 114.29893000001906 16.085879999399186 2.980000000000004
      vertex 114.81701000357864 14.436679999530316 2.980000000000004
    endloop
  endfacet
  facet normal 0 0 -1
    outer loop
      vertex 114.81701000357864 14.436679999530316 2.980000000000004
      vertex 117.03580999697445 14.436679999530316 2.980000000000004
      vertex 114.81701000357864 14.018960002064706 2.980000000000004
    endloop
  endfacet
  facet normal -0.19996524180225092 0.9798029914584704 0
    outer loop
      vertex 108.35260749931334 14.174714374542237 2.980000000000004
      vertex 108.35260749931334 14.174714374542237 3.6000000000000085
      vertex 108.52891999806164 14.210697497427464 2.980000000000004
    endloop
  endfacet
  facet normal -0.3729818067144872 0.9278386561574145 0
    outer loop
      vertex 108.52891999806164 14.210697497427464 2.980000000000004
      vertex 108.52891999806164 14.210697497427464 3.6000000000000085
      vertex 108.67810750330685 14.270669373869897 2.980000000000004
    endloop
  endfacet
  facet normal 0.7827639331721012 -0.6223187486529247 0
    outer loop
      vertex 109.33884500290154 14.247140000760556 2.980000000000004
      vertex 109.26693874920605 14.156694996356965 3.6000000000000085
      vertex 109.26693874920605 14.156694996356965 2.980000000000004
    endloop
  endfacet
  facet normal 0.8481083906379383 -0.529822760675234 0
    outer loop
      vertex 109.39968874628542 14.344535003602505 2.980000000000004
      vertex 109.33884500290154 14.247140000760556 3.6000000000000085
      vertex 109.33884500290154 14.247140000760556 2.980000000000004
    endloop
  endfacet
  facet normal -0.5667243194941053 0.8239074861256834 0
    outer loop
      vertex 108.67810750330685 14.270669373869897 2.980000000000004
      vertex 108.67810750330685 14.270669373869897 3.6000000000000085
      vertex 108.8001700001478 14.354629996418954 2.980000000000004
    endloop
  endfacet
  facet normal -0.7509133934985891 0.6604006931132287 0
    outer loop
      vertex 108.8001700001478 14.354629996418954 2.980000000000004
      vertex 108.8001700001478 14.354629996418954 3.6000000000000085
      vertex 108.89510750348566 14.462579372525216 2.980000000000004
    endloop
  endfacet
  facet normal 0.9025474814745679 -0.43059034323114415 0
    outer loop
      vertex 109.44947000170944 14.448879997432233 2.980000000000004
      vertex 109.39968874628542 14.344535003602505 3.6000000000000085
      vertex 109.39968874628542 14.344535003602505 2.980000000000004
    endloop
  endfacet
  facet normal -0.8894012813112142 0.45712729168358623 0
    outer loop
      vertex 108.89510750348566 14.462579372525216 2.980000000000004
      vertex 108.89510750348566 14.462579372525216 3.6000000000000085
      vertex 108.96291999841927 14.594517502188683 2.980000000000004
    endloop
  endfacet
  facet normal 0.9444772019680125 -0.32857695439983936 0
    outer loop
      vertex 109.48818874682186 14.560174997150899 2.980000000000004
      vertex 109.44947000170944 14.448879997432233 3.6000000000000085
      vertex 109.44947000170944 14.448879997432233 2.980000000000004
    endloop
  endfacet
  facet normal -0.9676007113586342 0.25248537260258297 0
    outer loop
      vertex 108.96291999841927 14.594517502188683 2.980000000000004
      vertex 108.96291999841927 14.594517502188683 3.6000000000000085
      vertex 109.00360749984978 14.750444377958775 2.980000000000004
    endloop
  endfacet
  facet normal 0.9737212652013904 -0.22774305191290398 0
    outer loop
      vertex 109.51584499652384 14.678420002758504 2.980000000000004
      vertex 109.48818874682186 14.560174997150899 3.6000000000000085
      vertex 109.48818874682186 14.560174997150899 2.980000000000004
    endloop
  endfacet
  facet normal 0 1 0
    outer loop
      vertex 110.80496999944447 14.260359998047353 2.980000000000004
      vertex 110.80496999944447 14.260359998047353 3.6000000000000085
      vertex 112.0554100009322 14.260359998047353 2.980000000000004
    endloop
  endfacet
  facet normal -0.030019054207964673 0.9995493266389904 0
    outer loop
      vertex 112.0554100009322 14.260359998047353 2.980000000000004
      vertex 112.0554100009322 14.260359998047353 3.6000000000000085
      vertex 112.15490624631641 14.263348127901555 2.980000000000004
    endloop
  endfacet
  facet normal -0.09524749384199398 0.9954536226850648 0
    outer loop
      vertex 112.15490624631641 14.263348127901555 2.980000000000004
      vertex 112.15490624631641 14.263348127901555 3.6000000000000085
      vertex 112.24859500254391 14.272312502563 2.980000000000004
    endloop
  endfacet
  facet normal -0.16760430204194987 0.9858543492509585 0
    outer loop
      vertex 112.24859500254391 14.272312502563 2.980000000000004
      vertex 112.24859500254391 14.272312502563 3.6000000000000085
      vertex 112.33647624726294 14.28725312203169 2.980000000000004
    endloop
  endfacet
  facet normal -0.24696066684650148 0.9690255048401623 0
    outer loop
      vertex 112.33647624726294 14.28725312203169 2.980000000000004
      vertex 112.33647624726294 14.28725312203169 3.6000000000000085
      vertex 112.41855000282524 14.308170001208783 2.980000000000004
    endloop
  endfacet
  facet normal 0.7289648495495769 -0.6845511289313333 0
    outer loop
      vertex 113.18516999806164 14.27664000093937 2.980000000000004
      vertex 113.1201749997854 14.20742812305689 3.6000000000000085
      vertex 113.1201749997854 14.20742812305689 2.980000000000004
    endloop
  endfacet
  facet normal -0.33255208982551876 0.9430848888369913 0
    outer loop
      vertex 112.41855000282524 14.308170001208783 2.980000000000004
      vertex 112.41855000282524 14.308170001208783 3.6000000000000085
      vertex 112.49481624687908 14.33506312519312 2.980000000000004
    endloop
  endfacet
  facet normal -0.42276530959639086 0.9062392029711955 0
    outer loop
      vertex 112.49481624687908 14.33506312519312 2.980000000000004
      vertex 112.49481624687908 14.33506312519312 3.6000000000000085
      vertex 112.5652750017762 14.36793250143528 2.980000000000004
    endloop
  endfacet
  facet normal -0.515030578375442 0.8571718050299239 0
    outer loop
      vertex 112.5652750017762 14.36793250143528 2.980000000000004
      vertex 112.5652750017762 14.36793250143528 3.6000000000000085
      vertex 112.62992625261543 14.406778122484685 2.980000000000004
    endloop
  endfacet
  facet normal 0.7888994223044727 -0.6145223360364286 0
    outer loop
      vertex 113.2433418738365 14.351318749785424 2.980000000000004
      vertex 113.18516999806164 14.27664000093937 3.6000000000000085
      vertex 113.18516999806164 14.27664000093937 2.980000000000004
    endloop
  endfacet
  facet normal 0.8427112236573395 -0.5383658547140127 0
    outer loop
      vertex 113.29375750149487 14.430235001444817 2.980000000000004
      vertex 113.2433418738365 14.351318749785424 3.6000000000000085
      vertex 113.2433418738365 14.351318749785424 2.980000000000004
    endloop
  endfacet
  facet normal -0.6059452708501168 0.7955063348172524 0
    outer loop
      vertex 112.62992625261543 14.406778122484685 2.980000000000004
      vertex 112.62992625261543 14.406778122484685 3.6000000000000085
      vertex 112.68876999939678 14.451600003242493 2.980000000000004
    endloop
  endfacet
  facet normal -0.6914514798253323 0.7224229031857711 0
    outer loop
      vertex 112.68876999939678 14.451600003242493 2.980000000000004
      vertex 112.68876999939678 14.451600003242493 3.6000000000000085
      vertex 112.74122312242983 14.501804377138615 2.980000000000004
    endloop
  endfacet
  facet normal -0.7707533770948231 0.6371336058449008 0
    outer loop
      vertex 112.74122312242983 14.501804377138615 2.980000000000004
      vertex 112.74122312242983 14.501804377138615 3.6000000000000085
      vertex 112.78668249721525 14.556797499954701 2.980000000000004
    endloop
  endfacet
  facet normal 0.8897460920296218 -0.4564557938267577 0
    outer loop
      vertex 113.33641687358616 14.51338874846697 2.980000000000004
      vertex 113.29375750149487 14.430235001444817 3.6000000000000085
      vertex 113.29375750149487 14.430235001444817 2.980000000000004
    endloop
  endfacet
  facet normal -0.8409581393824599 0.5411001827817018 0
    outer loop
      vertex 112.78668249721525 14.556797499954701 2.980000000000004
      vertex 112.78668249721525 14.556797499954701 3.6000000000000085
      vertex 112.82514812375305 14.61657937169075 2.980000000000004
    endloop
  endfacet
  facet normal -0.8989109635879214 0.4381313496446408 0
    outer loop
      vertex 112.82514812375305 14.61657937169075 2.980000000000004
      vertex 112.82514812375305 14.61657937169075 3.6000000000000085
      vertex 112.85662000204323 14.681149999797345 2.980000000000004
    endloop
  endfacet
  facet normal 0.928672150113253 -0.3709016548952399 0
    outer loop
      vertex 113.37131999756096 14.60077999830246 2.980000000000004
      vertex 113.33641687358616 14.51338874846697 3.6000000000000085
      vertex 113.33641687358616 14.51338874846697 2.980000000000004
    endloop
  endfacet
  facet normal 0.9588049078983524 -0.28406539491819854 0
    outer loop
      vertex 113.39846687341927 14.69240875095129 2.980000000000004
      vertex 113.37131999756096 14.60077999830246 3.6000000000000085
      vertex 113.37131999756096 14.60077999830246 2.980000000000004
    endloop
  endfacet
  facet normal -1 0 0
    outer loop
      vertex 106.58136999930142 12.263959999382497 2.980000000000004
      vertex 106.58136999930142 16.085879999399186 3.6000000000000085
      vertex 106.58136999930142 16.085879999399186 2.980000000000004
    endloop
  endfacet
  facet normal 0.9913302063227698 -0.13139414763243704 0
    outer loop
      vertex 109.53243875081537 14.803614999353886 2.980000000000004
      vertex 109.51584499652384 14.678420002758504 3.6000000000000085
      vertex 109.51584499652384 14.678420002758504 2.980000000000004
    endloop
  endfacet
  facet normal -0.9971707868157773 0.07516928841756824 0
    outer loop
      vertex 109.00360749984978 14.750444377958775 2.980000000000004
      vertex 109.00360749984978 14.750444377958775 3.6000000000000085
      vertex 109.01717000032662 14.930359999835492 2.980000000000004
    endloop
  endfacet
  facet normal 0.9991251268297079 -0.04182081942669352 0
    outer loop
      vertex 109.53797000224588 14.935760001838208 2.980000000000004
      vertex 109.53243875081537 14.803614999353886 3.6000000000000085
      vertex 109.53243875081537 14.803614999353886 2.980000000000004
    endloop
  endfacet
  facet normal -0.9968077417675464 -0.07983937595124725 0
    outer loop
      vertex 109.01717000032662 14.930359999835492 2.980000000000004
      vertex 109.01717000032662 14.930359999835492 3.6000000000000085
      vertex 109.00326875175236 15.10391937494278 2.980000000000004
    endloop
  endfacet
  facet normal 0.9991445216668828 0.04135486456338179 0
    outer loop
      vertex 109.53245999987124 15.068883123993874 2.980000000000004
      vertex 109.53797000224588 14.935760001838208 3.6000000000000085
      vertex 109.53797000224588 14.935760001838208 2.980000000000004
    endloop
  endfacet
  facet normal 0.9914248577206486 0.13067804518583695 0
    outer loop
      vertex 109.51593000019787 15.194292503595353 2.980000000000004
      vertex 109.53245999987124 15.068883123993874 3.6000000000000085
      vertex 109.53245999987124 15.068883123993874 2.980000000000004
    endloop
  endfacet
  facet normal -1 0 0
    outer loop
      vertex 110.28689000333546 12.263959999382497 2.980000000000004
      vertex 110.28689000333546 16.085879999399186 3.6000000000000085
      vertex 110.28689000333546 16.085879999399186 2.980000000000004
    endloop
  endfacet
  facet normal -0.9429974060635832 0.3328000783613994 0
    outer loop
      vertex 112.85662000204323 14.681149999797345 2.980000000000004
      vertex 112.85662000204323 14.681149999797345 3.6000000000000085
      vertex 112.8810981246352 14.750509376823903 2.980000000000004
    endloop
  endfacet
  facet normal 0.980150941873576 -0.19825269517548022 0
    outer loop
      vertex 113.41785750116108 14.78827499896288 2.980000000000004
      vertex 113.39846687341927 14.69240875095129 3.6000000000000085
      vertex 113.39846687341927 14.69240875095129 2.980000000000004
    endloop
  endfacet
  facet normal -0.9733065581836304 0.22950891877383578 0
    outer loop
      vertex 112.8810981246352 14.750509376823903 2.980000000000004
      vertex 112.8810981246352 14.750509376823903 3.6000000000000085
      vertex 112.89858249897955 14.824657502770425 2.980000000000004
    endloop
  endfacet
  facet normal -0.9912842232967848 0.13174061121343797 0
    outer loop
      vertex 112.89858249897955 14.824657502770425 2.980000000000004
      vertex 112.89858249897955 14.824657502770425 3.6000000000000085
      vertex 112.90907312507628 14.90359437763691 2.980000000000004
    endloop
  endfacet
  facet normal 0.9933137526692168 -0.11544604262683905 0
    outer loop
      vertex 113.42949187333582 14.888378749787808 2.980000000000004
      vertex 113.41785750116108 14.78827499896288 3.6000000000000085
      vertex 113.41785750116108 14.78827499896288 2.980000000000004
    endloop
  endfacet
  facet normal -0.99912894332425 0.041729541236009714 0
    outer loop
      vertex 112.90907312507628 14.90359437763691 2.980000000000004
      vertex 112.90907312507628 14.90359437763691 3.6000000000000085
      vertex 112.91257000292538 14.98732000142336 2.980000000000004
    endloop
  endfacet
  facet normal 0.9993099959805863 -0.037142050741446185 0
    outer loop
      vertex 113.43336999739407 14.992720003426076 2.980000000000004
      vertex 113.42949187333582 14.888378749787808 3.6000000000000085
      vertex 113.42949187333582 14.888378749787808 2.980000000000004
    endloop
  endfacet
  facet normal -0.9990450618910748 -0.043691696133918434 0
    outer loop
      vertex 112.91257000292538 14.98732000142336 2.980000000000004
      vertex 112.91257000292538 14.98732000142336 3.6000000000000085
      vertex 112.90903062696455 15.06825062185526 2.980000000000004
    endloop
  endfacet
  facet normal -0.9903738234794291 -0.1384185311536598 0
    outer loop
      vertex 112.90903062696455 15.06825062185526 2.980000000000004
      vertex 112.90903062696455 15.06825062185526 3.6000000000000085
      vertex 112.89841249908207 15.144222500920296 2.980000000000004
    endloop
  endfacet
  facet normal 0.9990421089418968 0.04375916545053012 0
    outer loop
      vertex 113.42788125152586 15.118030625581742 2.980000000000004
      vertex 113.43336999739407 14.992720003426076 3.6000000000000085
      vertex 113.43336999739407 14.992720003426076 2.980000000000004
    endloop
  endfacet
  facet normal 0 1 0
    outer loop
      vertex 114.81701000357864 14.436679999530316 2.980000000000004
      vertex 117.03580999697445 14.436679999530316 3.6000000000000085
      vertex 117.03580999697445 14.436679999530316 2.980000000000004
    endloop
  endfacet
  facet normal 0.9306596505818051 0.3658860680306812 1.238676797885813e-16
    outer loop
      vertex 118.11836999977825 16.085879999399186 2.980000000000004
      vertex 119.17624999905823 13.395080003142358 3.6000000000000085
      vertex 119.17624999905823 13.395080003142358 2.980000000000004
    endloop
  endfacet
  facet normal -1 0 0
    outer loop
      vertex 114.29893000001906 12.263959999382497 2.980000000000004
      vertex 114.29893000001906 16.085879999399186 3.6000000000000085
      vertex 114.29893000001906 16.085879999399186 2.980000000000004
    endloop
  endfacet
  facet normal 1 0 0
    outer loop
      vertex 114.81701000357864 15.662719997763634 2.980000000000004
      vertex 114.81701000357864 14.436679999530316 3.6000000000000085
      vertex 114.81701000357864 14.436679999530316 2.980000000000004
    endloop
  endfacet
  facet normal -0.9258686067252486 -0.377845633930904 1.5182886702099279e-16
    outer loop
      vertex 119.1328500020027 12.263959999382497 2.980000000000004
      vertex 117.57312999988793 16.085879999399186 3.6000000000000085
      vertex 117.57312999988793 16.085879999399186 2.980000000000004
    endloop
  endfacet
  facet normal 0 0 -1
    outer loop
      vertex 106.58136999930142 16.085879999399186 2.980000000000004
      vertex 107.099450002861 15.670880000293256 2.980000000000004
      vertex 107.099450002861 14.162719997763634 2.980000000000004
    endloop
  endfacet
  facet normal 0 0 -1
    outer loop
      vertex 109.48838000322579 15.311988125741482 2.980000000000004
      vertex 109.00326875175236 15.10391937494278 2.980000000000004
      vertex 108.96156499857901 15.254337500035763 2.980000000000004
    endloop
  endfacet
  facet normal 0 0 -1
    outer loop
      vertex 109.48838000322579 15.311988125741482 2.980000000000004
      vertex 109.51593000019787 15.194292503595353 2.980000000000004
      vertex 109.00326875175236 15.10391937494278 2.980000000000004
    endloop
  endfacet
  facet normal 0 0 -1
    outer loop
      vertex 109.4498100015044 15.421969997882844 2.980000000000004
      vertex 109.48838000322579 15.311988125741482 2.980000000000004
      vertex 108.96156499857901 15.254337500035763 2.980000000000004
    endloop
  endfacet
  facet normal 0 0 -1
    outer loop
      vertex 109.3396099987149 15.618792499601842 2.980000000000004
      vertex 108.96156499857901 15.254337500035763 2.980000000000004
      vertex 108.89205874825714 15.381614375114442 2.980000000000004
    endloop
  endfacet
  facet normal 0 0 -1
    outer loop
      vertex 109.4002200024843 15.524238127470017 2.980000000000004
      vertex 109.4498100015044 15.421969997882844 2.980000000000004
      vertex 108.96156499857901 15.254337500035763 2.980000000000004
    endloop
  endfacet
  facet normal 0 0 -1
    outer loop
      vertex 109.3396099987149 15.618792499601842 2.980000000000004
      vertex 109.4002200024843 15.524238127470017 2.980000000000004
      vertex 108.96156499857901 15.254337500035763 2.980000000000004
    endloop
  endfacet
  facet normal 0 0 -1
    outer loop
      vertex 109.18532999927996 15.784760001301766 2.980000000000004
      vertex 108.89205874825714 15.381614375114442 2.980000000000004
      vertex 108.79475000078676 15.485750000178815 2.980000000000004
    endloop
  endfacet
  facet normal 0 0 -1
    outer loop
      vertex 109.26797999764679 15.705633121728898 2.980000000000004
      vertex 109.3396099987149 15.618792499601842 2.980000000000004
      vertex 108.89205874825714 15.381614375114442 2.980000000000004
    endloop
  endfacet
  facet normal 0 0 -1
    outer loop
      vertex 110.28689000333546 16.085879999399186 2.980000000000004
      vertex 110.80496999944447 15.670880000293256 2.980000000000004
      vertex 110.80496999944447 14.260359998047353 2.980000000000004
    endloop
  endfacet
  facet normal 0 0 -1
    outer loop
      vertex 113.41141499902008 15.236262503266335 2.980000000000004
      vertex 112.90903062696455 15.06825062185526 2.980000000000004
      vertex 112.89841249908207 15.144222500920296 2.980000000000004
    endloop
  endfacet
  facet normal 0 0 -1
    outer loop
      vertex 113.41141499902008 15.236262503266335 2.980000000000004
      vertex 113.42788125152586 15.118030625581742 2.980000000000004
      vertex 112.90903062696455 15.06825062185526 2.980000000000004
    endloop
  endfacet
  facet normal 0 0 -1
    outer loop
      vertex 113.38397124732731 15.347415621578694 2.980000000000004
      vertex 112.89841249908207 15.144222500920296 2.980000000000004
      vertex 112.88071562672852 15.215235623717309 2.980000000000004
    endloop
  endfacet
  facet normal 0 0 -1
    outer loop
      vertex 113.38397124732731 15.347415621578694 2.980000000000004
      vertex 113.41141499902008 15.236262503266335 2.980000000000004
      vertex 112.89841249908207 15.144222500920296 2.980000000000004
    endloop
  endfacet
  facet normal 0 0 -1
    outer loop
      vertex 113.34554999644755 15.45149000287056 2.980000000000004
      vertex 112.88071562672852 15.215235623717309 2.980000000000004
      vertex 112.85594000245331 15.281289997696877 2.980000000000004
    endloop
  endfacet
  facet normal 0 0 -1
    outer loop
      vertex 113.34554999644755 15.45149000287056 2.980000000000004
      vertex 113.38397124732731 15.347415621578694 2.980000000000004
      vertex 112.88071562672852 15.215235623717309 2.980000000000004
    endloop
  endfacet
  facet normal 0 0 -1
    outer loop
      vertex 113.23577499712704 15.638402502238751 2.980000000000004
      vertex 112.82408562625645 15.342385622859002 2.980000000000004
      vertex 112.78515249813793 15.398522499203683 2.980000000000004
    endloop
  endfacet
  facet normal 0 0 -1
    outer loop
      vertex 113.29615124638079 15.548485624790192 2.980000000000004
      vertex 112.85594000245331 15.281289997696877 2.980000000000004
      vertex 112.82408562625645 15.342385622859002 2.980000000000004
    endloop
  endfacet
  facet normal 0 0 -1
    outer loop
      vertex 113.29615124638079 15.548485624790192 2.980000000000004
      vertex 113.34554999644755 15.45149000287056 2.980000000000004
      vertex 112.85594000245331 15.281289997696877 2.980000000000004
    endloop
  endfacet
  facet normal 0 0 -1
    outer loop
      vertex 113.1644212486863 15.721240627765656 2.980000000000004
      vertex 112.78515249813793 15.398522499203683 2.980000000000004
      vertex 112.73914062554834 15.44970062673092 2.980000000000004
    endloop
  endfacet
  facet normal 0 0 -1
    outer loop
      vertex 112.98968062127827 15.8647062510252 2.980000000000004
      vertex 112.73914062554834 15.44970062673092 2.980000000000004
      vertex 112.6860500010371 15.495919997990132 2.980000000000004
    endloop
  endfacet
  facet normal 0 0 -1
    outer loop
      vertex 113.23577499712704 15.638402502238751 2.980000000000004
      vertex 113.29615124638079 15.548485624790192 2.980000000000004
      vertex 112.82408562625645 15.342385622859002 2.980000000000004
    endloop
  endfacet
  facet normal 0 0 -1
    outer loop
      vertex 113.1644212486863 15.721240627765656 2.980000000000004
      vertex 113.23577499712704 15.638402502238751 2.980000000000004
      vertex 112.78515249813793 15.398522499203683 2.980000000000004
    endloop
  endfacet
  facet normal 0 0 -1
    outer loop
      vertex 108.18984999830721 16.085879999399186 2.980000000000004
      vertex 108.1274900021672 15.670880000293256 2.980000000000004
      vertex 107.099450002861 15.670880000293256 2.980000000000004
    endloop
  endfacet
  facet normal 0 0 -1
    outer loop
      vertex 108.18984999830721 16.085879999399186 2.980000000000004
      vertex 108.3360087531328 15.659309375286103 2.980000000000004
      vertex 108.1274900021672 15.670880000293256 2.980000000000004
    endloop
  endfacet
  facet normal 0 0 -1
    outer loop
      vertex 108.99088750357626 15.91649999767542 2.980000000000004
      vertex 108.79475000078676 15.485750000178815 2.980000000000004
      vertex 108.66963874871729 15.566744375228883 2.980000000000004
    endloop
  endfacet
  facet normal 0 0 -1
    outer loop
      vertex 109.18532999927996 15.784760001301766 2.980000000000004
      vertex 109.26797999764679 15.705633121728898 2.980000000000004
      vertex 108.89205874825714 15.381614375114442 2.980000000000004
    endloop
  endfacet
  facet normal 0 0 -1
    outer loop
      vertex 109.09264437432287 15.855335000157357 2.980000000000004
      vertex 109.18532999927996 15.784760001301766 2.980000000000004
      vertex 108.79475000078676 15.485750000178815 2.980000000000004
    endloop
  endfacet
  facet normal 0 0 -1
    outer loop
      vertex 108.76016000236271 16.01060000360012 2.980000000000004
      vertex 108.66963874871729 15.566744375228883 2.980000000000004
      vertex 108.5167249994993 15.624597500264645 2.980000000000004
    endloop
  endfacet
  facet normal 0 0 -1
    outer loop
      vertex 108.49314750308989 16.06705999672413 2.980000000000004
      vertex 108.5167249994993 15.624597500264645 2.980000000000004
      vertex 108.3360087531328 15.659309375286103 2.980000000000004
    endloop
  endfacet
  facet normal 0 0 -1
    outer loop
      vertex 108.99088750357626 15.91649999767542 2.980000000000004
      vertex 109.09264437432287 15.855335000157357 2.980000000000004
      vertex 108.79475000078676 15.485750000178815 2.980000000000004
    endloop
  endfacet
  facet normal 0 0 -1
    outer loop
      vertex 108.88005937213896 15.968255001306535 2.980000000000004
      vertex 108.99088750357626 15.91649999767542 2.980000000000004
      vertex 108.66963874871729 15.566744375228883 2.980000000000004
    endloop
  endfacet
  facet normal 0 0 -1
    outer loop
      vertex 106.58136999930142 16.085879999399186 2.980000000000004
      vertex 108.18984999830721 16.085879999399186 2.980000000000004
      vertex 107.099450002861 15.670880000293256 2.980000000000004
    endloop
  endfacet
  facet normal 0 0 -1
    outer loop
      vertex 108.34603437359331 16.081175002455712 2.980000000000004
      vertex 108.49314750308989 16.06705999672413 2.980000000000004
      vertex 108.3360087531328 15.659309375286103 2.980000000000004
    endloop
  endfacet
  facet normal 0 0 -1
    outer loop
      vertex 108.18984999830721 16.085879999399186 2.980000000000004
      vertex 108.34603437359331 16.081175002455712 2.980000000000004
      vertex 108.3360087531328 15.659309375286103 2.980000000000004
    endloop
  endfacet
  facet normal 0 0 -1
    outer loop
      vertex 108.76016000236271 16.01060000360012 2.980000000000004
      vertex 108.88005937213896 15.968255001306535 2.980000000000004
      vertex 108.66963874871729 15.566744375228883 2.980000000000004
    endloop
  endfacet
  facet normal 0 0 -1
    outer loop
      vertex 108.63118937189577 16.0435349971056 2.980000000000004
      vertex 108.76016000236271 16.01060000360012 2.980000000000004
      vertex 108.5167249994993 15.624597500264645 2.980000000000004
    endloop
  endfacet
  facet normal 0 0 -1
    outer loop
      vertex 108.49314750308989 16.06705999672413 2.980000000000004
      vertex 108.63118937189577 16.0435349971056 2.980000000000004
      vertex 108.5167249994993 15.624597500264645 2.980000000000004
    endloop
  endfacet
  facet normal 0 0 -1
    outer loop
      vertex 112.08525000090597 16.085879999399186 2.980000000000004
      vertex 112.03373000348805 15.670880000293256 2.980000000000004
      vertex 110.80496999944447 15.670880000293256 2.980000000000004
    endloop
  endfacet
  facet normal 0 0 -1
    outer loop
      vertex 112.88807250137327 15.92338499724865 2.980000000000004
      vertex 112.6860500010371 15.495919997990132 2.980000000000004
      vertex 112.62631500090359 15.536926250159741 2.980000000000004
    endloop
  endfacet
  facet normal 0 0 -1
    outer loop
      vertex 112.77726562644241 15.973036247491837 2.980000000000004
      vertex 112.62631500090359 15.536926250159741 2.980000000000004
      vertex 112.56034999663828 15.572464998066426 2.980000000000004
    endloop
  endfacet
  facet normal 0 0 -1
    outer loop
      vertex 112.98968062127827 15.8647062510252 2.980000000000004
      vertex 113.08209000105856 15.797000001370908 2.980000000000004
      vertex 112.73914062554834 15.44970062673092 2.980000000000004
    endloop
  endfacet
  facet normal 0 0 -1
    outer loop
      vertex 113.08209000105856 15.797000001370908 2.980000000000004
      vertex 113.1644212486863 15.721240627765656 2.980000000000004
      vertex 112.73914062554834 15.44970062673092 2.980000000000004
    endloop
  endfacet
  facet normal 0 0 -1
    outer loop
      vertex 112.52805562640427 16.045256252586842 2.980000000000004
      vertex 112.48815500314234 15.602536249160767 2.980000000000004
      vertex 112.40972999806402 15.627140003442765 2.980000000000004
    endloop
  endfacet
  facet normal 0 0 -1
    outer loop
      vertex 112.38965250129698 16.06782499998808 2.980000000000004
      vertex 112.40972999806402 15.627140003442765 2.980000000000004
      vertex 112.3250749963045 15.646276253461838 2.980000000000004
    endloop
  endfacet
  facet normal 0 0 -1
    outer loop
      vertex 112.65725999648569 16.01366000175476 2.980000000000004
      vertex 112.56034999663828 15.572464998066426 2.980000000000004
      vertex 112.48815500314234 15.602536249160767 2.980000000000004
    endloop
  endfacet
  facet normal 0 0 -1
    outer loop
      vertex 112.88807250137327 15.92338499724865 2.980000000000004
      vertex 112.98968062127827 15.8647062510252 2.980000000000004
      vertex 112.6860500010371 15.495919997990132 2.980000000000004
    endloop
  endfacet
  facet normal 0 0 -1
    outer loop
      vertex 112.08525000090597 16.085879999399186 2.980000000000004
      vertex 112.1370750027418 15.668146248161793 2.980000000000004
      vertex 112.03373000348805 15.670880000293256 2.980000000000004
    endloop
  endfacet
  facet normal 0 0 -1
    outer loop
      vertex 112.24205062861441 16.081366251409055 2.980000000000004
      vertex 112.23418999786375 15.659944999217988 2.980000000000004
      vertex 112.1370750027418 15.668146248161793 2.980000000000004
    endloop
  endfacet
  facet normal 0 0 -1
    outer loop
      vertex 112.38965250129698 16.06782499998808 2.980000000000004
      vertex 112.3250749963045 15.646276253461838 2.980000000000004
      vertex 112.23418999786375 15.659944999217988 2.980000000000004
    endloop
  endfacet
  facet normal 0 0 -1
    outer loop
      vertex 112.77726562644241 15.973036247491837 2.980000000000004
      vertex 112.88807250137327 15.92338499724865 2.980000000000004
      vertex 112.62631500090359 15.536926250159741 2.980000000000004
    endloop
  endfacet
  facet normal 0 0 -1
    outer loop
      vertex 110.28689000333546 16.085879999399186 2.980000000000004
      vertex 112.08525000090597 16.085879999399186 2.980000000000004
      vertex 110.80496999944447 15.670880000293256 2.980000000000004
    endloop
  endfacet
  facet normal 0 0 -1
    outer loop
      vertex 112.65725999648569 16.01366000175476 2.980000000000004
      vertex 112.77726562644241 15.973036247491837 2.980000000000004
      vertex 112.56034999663828 15.572464998066426 2.980000000000004
    endloop
  endfacet
  facet normal 0 0 -1
    outer loop
      vertex 112.52805562640427 16.045256252586842 2.980000000000004
      vertex 112.65725999648569 16.01366000175476 2.980000000000004
      vertex 112.48815500314234 15.602536249160767 2.980000000000004
    endloop
  endfacet
  facet normal 0 0 -1
    outer loop
      vertex 112.38965250129698 16.06782499998808 2.980000000000004
      vertex 112.52805562640427 16.045256252586842 2.980000000000004
      vertex 112.40972999806402 15.627140003442765 2.980000000000004
    endloop
  endfacet
  facet normal 0 0 -1
    outer loop
      vertex 112.24205062861441 16.081366251409055 2.980000000000004
      vertex 112.38965250129698 16.06782499998808 2.980000000000004
      vertex 112.23418999786375 15.659944999217988 2.980000000000004
    endloop
  endfacet
  facet normal 0 0 -1
    outer loop
      vertex 112.08525000090597 16.085879999399186 2.980000000000004
      vertex 112.24205062861441 16.081366251409055 2.980000000000004
      vertex 112.1370750027418 15.668146248161793 2.980000000000004
    endloop
  endfacet
  facet normal 0 0 -1
    outer loop
      vertex 114.29893000001906 16.085879999399186 2.980000000000004
      vertex 114.81701000357864 15.662719997763634 2.980000000000004
      vertex 114.81701000357864 14.436679999530316 2.980000000000004
    endloop
  endfacet
  facet normal 0 0 -1
    outer loop
      vertex 117.57312999988793 16.085879999399186 2.980000000000004
      vertex 118.11836999977825 16.085879999399186 2.980000000000004
      vertex 119.17624999905823 13.395080003142358 2.980000000000004
    endloop
  endfacet
  facet normal 0 0 -1
    outer loop
      vertex 119.63192999686001 13.395080003142358 2.980000000000004
      vertex 120.68436999942062 16.085879999399186 2.980000000000004
      vertex 121.22960999931095 16.085879999399186 2.980000000000004
    endloop
  endfacet
  facet normal 0 0 -1
    outer loop
      vertex 117.19857000137566 16.085879999399186 2.980000000000004
      vertex 117.19857000137566 15.662719997763634 2.980000000000004
      vertex 114.81701000357864 15.662719997763634 2.980000000000004
    endloop
  endfacet
  facet normal 0 0 -1
    outer loop
      vertex 114.29893000001906 16.085879999399186 2.980000000000004
      vertex 117.19857000137566 16.085879999399186 2.980000000000004
      vertex 114.81701000357864 15.662719997763634 2.980000000000004
    endloop
  endfacet
  facet normal 1 0 0
    outer loop
      vertex 107.099450002861 15.670880000293256 2.980000000000004
      vertex 107.099450002861 15.670880000293256 3.6000000000000085
      vertex 107.099450002861 14.162719997763634 2.980000000000004
    endloop
  endfacet
  facet normal -0.9636484086080171 -0.2671736225513969 0
    outer loop
      vertex 109.00326875175236 15.10391937494278 2.980000000000004
      vertex 109.00326875175236 15.10391937494278 3.6000000000000085
      vertex 108.96156499857901 15.254337500035763 2.980000000000004
    endloop
  endfacet
  facet normal 0.9736804445062406 0.22791751136349725 0
    outer loop
      vertex 109.48838000322579 15.311988125741482 2.980000000000004
      vertex 109.51593000019787 15.194292503595353 3.6000000000000085
      vertex 109.51593000019787 15.194292503595353 2.980000000000004
    endloop
  endfacet
  facet normal -0.8776563110652094 -0.47929051695960834 0
    outer loop
      vertex 108.96156499857901 15.254337500035763 2.980000000000004
      vertex 108.96156499857901 15.254337500035763 3.6000000000000085
      vertex 108.89205874825714 15.381614375114442 2.980000000000004
    endloop
  endfacet
  facet normal 0.9436539258445615 0.33093393334341975 0
    outer loop
      vertex 109.4498100015044 15.421969997882844 2.980000000000004
      vertex 109.48838000322579 15.311988125741482 3.6000000000000085
      vertex 109.48838000322579 15.311988125741482 2.980000000000004
    endloop
  endfacet
  facet normal -0.7306509178571419 -0.6827512257290471 0
    outer loop
      vertex 108.89205874825714 15.381614375114442 2.980000000000004
      vertex 108.89205874825714 15.381614375114442 3.6000000000000085
      vertex 108.79475000078676 15.485750000178815 2.980000000000004
    endloop
  endfacet
  facet normal 0.8997952777411922 0.43631234013565434 0
    outer loop
      vertex 109.4002200024843 15.524238127470017 2.980000000000004
      vertex 109.4498100015044 15.421969997882844 3.6000000000000085
      vertex 109.4498100015044 15.421969997882844 2.980000000000004
    endloop
  endfacet
  facet normal -0.5434406103743414 -0.83944761777967 0
    outer loop
      vertex 108.79475000078676 15.485750000178815 2.980000000000004
      vertex 108.79475000078676 15.485750000178815 3.6000000000000085
      vertex 108.66963874871729 15.566744375228883 2.980000000000004
    endloop
  endfacet
  facet normal -0.3538592911201611 -0.9352986699915364 0
    outer loop
      vertex 108.66963874871729 15.566744375228883 2.980000000000004
      vertex 108.66963874871729 15.566744375228883 3.6000000000000085
      vertex 108.5167249994993 15.624597500264645 2.980000000000004
    endloop
  endfacet
  facet normal 0.8418863121038045 0.5396549244584503 0
    outer loop
      vertex 109.3396099987149 15.618792499601842 2.980000000000004
      vertex 109.4002200024843 15.524238127470017 3.6000000000000085
      vertex 109.4002200024843 15.524238127470017 2.980000000000004
    endloop
  endfacet
  facet normal 1 0 0
    outer loop
      vertex 110.80496999944447 15.670880000293256 2.980000000000004
      vertex 110.80496999944447 15.670880000293256 3.6000000000000085
      vertex 110.80496999944447 14.260359998047353 2.980000000000004
    endloop
  endfacet
  facet normal -0.9703235851278175 -0.24181013242769409 0
    outer loop
      vertex 112.89841249908207 15.144222500920296 2.980000000000004
      vertex 112.89841249908207 15.144222500920296 3.6000000000000085
      vertex 112.88071562672852 15.215235623717309 2.980000000000004
    endloop
  endfacet
  facet normal -0.9363047836986319 -0.3511884850376762 0
    outer loop
      vertex 112.88071562672852 15.215235623717309 2.980000000000004
      vertex 112.88071562672852 15.215235623717309 3.6000000000000085
      vertex 112.85594000245331 15.281289997696877 2.980000000000004
    endloop
  endfacet
  facet normal 0.990440656817684 0.13793949877593 0
    outer loop
      vertex 113.41141499902008 15.236262503266335 2.980000000000004
      vertex 113.42788125152586 15.118030625581742 3.6000000000000085
      vertex 113.42788125152586 15.118030625581742 2.980000000000004
    endloop
  endfacet
  facet normal -0.8867133891608564 -0.46231954910307205 0
    outer loop
      vertex 112.85594000245331 15.281289997696877 2.980000000000004
      vertex 112.85594000245331 15.281289997696877 3.6000000000000085
      vertex 112.82408562625645 15.342385622859002 2.980000000000004
    endloop
  endfacet
  facet normal -0.821718287223178 -0.5698938992856537 0
    outer loop
      vertex 112.82408562625645 15.342385622859002 2.980000000000004
      vertex 112.82408562625645 15.342385622859002 3.6000000000000085
      vertex 112.78515249813793 15.398522499203683 2.980000000000004
    endloop
  endfacet
  facet normal 0.9708464166721111 0.23970238888029782 0
    outer loop
      vertex 113.38397124732731 15.347415621578694 2.980000000000004
      vertex 113.41141499902008 15.236262503266335 3.6000000000000085
      vertex 113.41141499902008 15.236262503266335 2.980000000000004
    endloop
  endfacet
  facet normal -0.7436440447768282 -0.6685757508823952 0
    outer loop
      vertex 112.78515249813793 15.398522499203683 2.980000000000004
      vertex 112.78515249813793 15.398522499203683 3.6000000000000085
      vertex 112.73914062554834 15.44970062673092 2.980000000000004
    endloop
  endfacet
  facet normal -0.6566122944915669 -0.7542282775940715 0
    outer loop
      vertex 112.73914062554834 15.44970062673092 2.980000000000004
      vertex 112.73914062554834 15.44970062673092 3.6000000000000085
      vertex 112.6860500010371 15.495919997990132 2.980000000000004
    endloop
  endfacet
  facet normal 0.9381146700656721 0.3463247981412467 0
    outer loop
      vertex 113.34554999644755 15.45149000287056 2.980000000000004
      vertex 113.38397124732731 15.347415621578694 3.6000000000000085
      vertex 113.38397124732731 15.347415621578694 2.980000000000004
    endloop
  endfacet
  facet normal 0.8910919354361371 0.45382283173136967 0
    outer loop
      vertex 113.29615124638079 15.548485624790192 2.980000000000004
      vertex 113.34554999644755 15.45149000287056 3.6000000000000085
      vertex 113.34554999644755 15.45149000287056 2.980000000000004
    endloop
  endfacet
  facet normal -0.5659517455226648 -0.8244383674598417 0
    outer loop
      vertex 112.6860500010371 15.495919997990132 2.980000000000004
      vertex 112.6860500010371 15.495919997990132 3.6000000000000085
      vertex 112.62631500090359 15.536926250159741 2.980000000000004
    endloop
  endfacet
  facet normal -0.4742977354055607 -0.8803645030265342 0
    outer loop
      vertex 112.62631500090359 15.536926250159741 2.980000000000004
      vertex 112.62631500090359 15.536926250159741 3.6000000000000085
      vertex 112.56034999663828 15.572464998066426 2.980000000000004
    endloop
  endfacet
  facet normal -0.3845064732085429 -0.9231222952895938 0
    outer loop
      vertex 112.56034999663828 15.572464998066426 2.980000000000004
      vertex 112.56034999663828 15.572464998066426 3.6000000000000085
      vertex 112.48815500314234 15.602536249160767 2.980000000000004
    endloop
  endfacet
  facet normal 0.8302062234851266 0.557456389762073 0
    outer loop
      vertex 113.23577499712704 15.638402502238751 2.980000000000004
      vertex 113.29615124638079 15.548485624790192 3.6000000000000085
      vertex 113.29615124638079 15.548485624790192 2.980000000000004
    endloop
  endfacet
  facet normal -0.05540438183951212 -0.998463997584781 0
    outer loop
      vertex 108.3360087531328 15.659309375286103 2.980000000000004
      vertex 108.3360087531328 15.659309375286103 3.6000000000000085
      vertex 108.1274900021672 15.670880000293256 2.980000000000004
    endloop
  endfacet
  facet normal 0 -1 0
    outer loop
      vertex 108.1274900021672 15.670880000293256 2.980000000000004
      vertex 108.1274900021672 15.670880000293256 3.6000000000000085
      vertex 107.099450002861 15.670880000293256 2.980000000000004
    endloop
  endfacet
  facet normal -0.18863122647098166 -0.9820479929209434 0
    outer loop
      vertex 108.5167249994993 15.624597500264645 2.980000000000004
      vertex 108.5167249994993 15.624597500264645 3.6000000000000085
      vertex 108.3360087531328 15.659309375286103 2.980000000000004
    endloop
  endfacet
  facet normal 0.7714321980642238 0.6363115304548551 0
    outer loop
      vertex 109.26797999764679 15.705633121728898 2.980000000000004
      vertex 109.3396099987149 15.618792499601842 3.6000000000000085
      vertex 109.3396099987149 15.618792499601842 2.980000000000004
    endloop
  endfacet
  facet normal 0.6915436951792845 0.7223346299726885 0
    outer loop
      vertex 109.18532999927996 15.784760001301766 2.980000000000004
      vertex 109.26797999764679 15.705633121728898 3.6000000000000085
      vertex 109.26797999764679 15.705633121728898 2.980000000000004
    endloop
  endfacet
  facet normal 0.6058117126966691 0.7956080497075984 0
    outer loop
      vertex 109.09264437432287 15.855335000157357 2.980000000000004
      vertex 109.18532999927996 15.784760001301766 3.6000000000000085
      vertex 109.18532999927996 15.784760001301766 2.980000000000004
    endloop
  endfacet
  facet normal 0 1 0
    outer loop
      vertex 106.58136999930142 16.085879999399186 2.980000000000004
      vertex 108.18984999830721 16.085879999399186 3.6000000000000085
      vertex 108.18984999830721 16.085879999399186 2.980000000000004
    endloop
  endfacet
  facet normal 0.030110973071002734 0.9995465618472794 0
    outer loop
      vertex 108.18984999830721 16.085879999399186 2.980000000000004
      vertex 108.34603437359331 16.081175002455712 3.6000000000000085
      vertex 108.34603437359331 16.081175002455712 2.980000000000004
    endloop
  endfacet
  facet normal 0.5151822681600087 0.8570806441482091 0
    outer loop
      vertex 108.99088750357626 15.91649999767542 2.980000000000004
      vertex 109.09264437432287 15.855335000157357 3.6000000000000085
      vertex 109.09264437432287 15.855335000157357 2.980000000000004
    endloop
  endfacet
  facet normal 0.4231218241474166 0.906072801672229 0
    outer loop
      vertex 108.88005937213896 15.968255001306535 2.980000000000004
      vertex 108.99088750357626 15.91649999767542 3.6000000000000085
      vertex 108.99088750357626 15.91649999767542 2.980000000000004
    endloop
  endfacet
  facet normal 0.3330129658100211 0.9429222473790793 0
    outer loop
      vertex 108.76016000236271 16.01060000360012 2.980000000000004
      vertex 108.88005937213896 15.968255001306535 3.6000000000000085
      vertex 108.88005937213896 15.968255001306535 2.980000000000004
    endloop
  endfacet
  facet normal 0.24742783240568622 0.9689063255810768 0
    outer loop
      vertex 108.63118937189577 16.0435349971056 2.980000000000004
      vertex 108.76016000236271 16.01060000360012 3.6000000000000085
      vertex 108.76016000236271 16.01060000360012 2.980000000000004
    endloop
  endfacet
  facet normal 0.16799721739248022 0.9857874694620458 0
    outer loop
      vertex 108.49314750308989 16.06705999672413 2.980000000000004
      vertex 108.63118937189577 16.0435349971056 3.6000000000000085
      vertex 108.63118937189577 16.0435349971056 2.980000000000004
    endloop
  endfacet
  facet normal 0.09550800338969602 0.9954286620790632 0
    outer loop
      vertex 108.34603437359331 16.081175002455712 2.980000000000004
      vertex 108.49314750308989 16.06705999672413 3.6000000000000085
      vertex 108.49314750308989 16.06705999672413 2.980000000000004
    endloop
  endfacet
  facet normal 0 -1 0
    outer loop
      vertex 112.03373000348805 15.670880000293256 2.980000000000004
      vertex 112.03373000348805 15.670880000293256 3.6000000000000085
      vertex 110.80496999944447 15.670880000293256 2.980000000000004
    endloop
  endfacet
  facet normal -0.29933820398962263 -0.9541470744242039 0
    outer loop
      vertex 112.48815500314234 15.602536249160767 2.980000000000004
      vertex 112.48815500314234 15.602536249160767 3.6000000000000085
      vertex 112.40972999806402 15.627140003442765 2.980000000000004
    endloop
  endfacet
  facet normal -0.22048675132486795 -0.9753899694430971 0
    outer loop
      vertex 112.40972999806402 15.627140003442765 2.980000000000004
      vertex 112.40972999806402 15.627140003442765 3.6000000000000085
      vertex 112.3250749963045 15.646276253461838 2.980000000000004
    endloop
  endfacet
  facet normal -0.0841493158206446 -0.9964531562732477 0
    outer loop
      vertex 112.23418999786375 15.659944999217988 2.980000000000004
      vertex 112.23418999786375 15.659944999217988 3.6000000000000085
      vertex 112.1370750027418 15.668146248161793 2.980000000000004
    endloop
  endfacet
  facet normal -0.14872347964239935 -0.9888788230127374 0
    outer loop
      vertex 112.3250749963045 15.646276253461838 2.980000000000004
      vertex 112.3250749963045 15.646276253461838 3.6000000000000085
      vertex 112.23418999786375 15.659944999217988 2.980000000000004
    endloop
  endfacet
  facet normal -0.02644342918573671 -0.9996503113853858 0
    outer loop
      vertex 112.1370750027418 15.668146248161793 2.980000000000004
      vertex 112.1370750027418 15.668146248161793 3.6000000000000085
      vertex 112.03373000348805 15.670880000293256 2.980000000000004
    endloop
  endfacet
  facet normal 0.7576741907946865 0.6526329907410574 0
    outer loop
      vertex 113.1644212486863 15.721240627765656 2.980000000000004
      vertex 113.23577499712704 15.638402502238751 3.6000000000000085
      vertex 113.23577499712704 15.638402502238751 2.980000000000004
    endloop
  endfacet
  facet normal 0.6771273267394378 0.7358658732287445 0
    outer loop
      vertex 113.08209000105856 15.797000001370908 2.980000000000004
      vertex 113.1644212486863 15.721240627765656 3.6000000000000085
      vertex 113.1644212486863 15.721240627765656 2.980000000000004
    endloop
  endfacet
  facet normal 0.5910194510536165 0.8066573054750585 0
    outer loop
      vertex 112.98968062127827 15.8647062510252 2.980000000000004
      vertex 113.08209000105856 15.797000001370908 3.6000000000000085
      vertex 113.08209000105856 15.797000001370908 2.980000000000004
    endloop
  endfacet
  facet normal 0 1 0
    outer loop
      vertex 110.28689000333546 16.085879999399186 2.980000000000004
      vertex 112.08525000090597 16.085879999399186 3.6000000000000085
      vertex 112.08525000090597 16.085879999399186 2.980000000000004
    endloop
  endfacet
  facet normal 0.5000976077130089 0.8659690426104882 0
    outer loop
      vertex 112.88807250137327 15.92338499724865 2.980000000000004
      vertex 112.98968062127827 15.8647062510252 3.6000000000000085
      vertex 112.98968062127827 15.8647062510252 2.980000000000004
    endloop
  endfacet
  facet normal 0.40891327948327855 0.9125732462998409 0
    outer loop
      vertex 112.77726562644241 15.973036247491837 2.980000000000004
      vertex 112.88807250137327 15.92338499724865 3.6000000000000085
      vertex 112.88807250137327 15.92338499724865 2.980000000000004
    endloop
  endfacet
  facet normal 0.32064195101010695 0.9472004746897208 0
    outer loop
      vertex 112.65725999648569 16.01366000175476 2.980000000000004
      vertex 112.77726562644241 15.973036247491837 3.6000000000000085
      vertex 112.77726562644241 15.973036247491837 2.980000000000004
    endloop
  endfacet
  facet normal 0.23754503333755891 0.971376526964008 0
    outer loop
      vertex 112.52805562640427 16.045256252586842 2.980000000000004
      vertex 112.65725999648569 16.01366000175476 3.6000000000000085
      vertex 112.65725999648569 16.01366000175476 2.980000000000004
    endloop
  endfacet
  facet normal 0.16093962409238904 0.9869642533531802 0
    outer loop
      vertex 112.38965250129698 16.06782499998808 2.980000000000004
      vertex 112.52805562640427 16.045256252586842 3.6000000000000085
      vertex 112.52805562640427 16.045256252586842 2.980000000000004
    endloop
  endfacet
  facet normal 0.028774623067451807 0.9995859248045292 0
    outer loop
      vertex 112.08525000090597 16.085879999399186 2.980000000000004
      vertex 112.24205062861441 16.081366251409055 3.6000000000000085
      vertex 112.24205062861441 16.081366251409055 2.980000000000004
    endloop
  endfacet
  facet normal 0.0913580776948544 0.9958181067041817 0
    outer loop
      vertex 112.24205062861441 16.081366251409055 2.980000000000004
      vertex 112.38965250129698 16.06782499998808 3.6000000000000085
      vertex 112.38965250129698 16.06782499998808 2.980000000000004
    endloop
  endfacet
  facet normal -0.9312993476654899 0.3642547529378757 -1.2395282132606392e-16
    outer loop
      vertex 119.63192999686001 13.395080003142358 2.980000000000004
      vertex 120.68436999942062 16.085879999399186 3.6000000000000085
      vertex 120.68436999942062 16.085879999399186 2.980000000000004
    endloop
  endfacet
  facet normal 0 -1 0
    outer loop
      vertex 117.19857000137566 15.662719997763634 2.980000000000004
      vertex 114.81701000357864 15.662719997763634 3.6000000000000085
      vertex 114.81701000357864 15.662719997763634 2.980000000000004
    endloop
  endfacet
  facet normal 1 0 0
    outer loop
      vertex 117.19857000137566 16.085879999399186 2.980000000000004
      vertex 117.19857000137566 15.662719997763634 3.6000000000000085
      vertex 117.19857000137566 15.662719997763634 2.980000000000004
    endloop
  endfacet
  facet normal 0 1 0
    outer loop
      vertex 114.29893000001906 16.085879999399186 2.980000000000004
      vertex 117.19857000137566 16.085879999399186 3.6000000000000085
      vertex 117.19857000137566 16.085879999399186 2.980000000000004
    endloop
  endfacet
  facet normal 0 1 0
    outer loop
      vertex 117.57312999988793 16.085879999399186 2.980000000000004
      vertex 118.11836999977825 16.085879999399186 3.6000000000000085
      vertex 118.11836999977825 16.085879999399186 2.980000000000004
    endloop
  endfacet
  facet normal 0 1 0
    outer loop
      vertex 120.68436999942062 16.085879999399186 2.980000000000004
      vertex 121.22960999931095 16.085879999399186 3.6000000000000085
      vertex 121.22960999931095 16.085879999399186 2.980000000000004
    endloop
  endfacet
  facet normal -0.19996524180225092 0.9798029914584704 0
    outer loop
      vertex 108.52891999806164 14.210697497427464 3.6000000000000085
      vertex 108.52891999806164 14.210697497427464 2.980000000000004
      vertex 108.35260749931334 14.174714374542237 3.6000000000000085
    endloop
  endfacet
  facet normal 0.7827639331721012 -0.6223187486529247 0
    outer loop
      vertex 109.33884500290154 14.247140000760556 2.980000000000004
      vertex 109.33884500290154 14.247140000760556 3.6000000000000085
      vertex 109.26693874920605 14.156694996356965 3.6000000000000085
    endloop
  endfacet
  facet normal -0.3729818067144872 0.9278386561574145 0
    outer loop
      vertex 108.67810750330685 14.270669373869897 3.6000000000000085
      vertex 108.67810750330685 14.270669373869897 2.980000000000004
      vertex 108.52891999806164 14.210697497427464 3.6000000000000085
    endloop
  endfacet
  facet normal -0.5667243194941053 0.8239074861256834 0
    outer loop
      vertex 108.8001700001478 14.354629996418954 3.6000000000000085
      vertex 108.8001700001478 14.354629996418954 2.980000000000004
      vertex 108.67810750330685 14.270669373869897 3.6000000000000085
    endloop
  endfacet
  facet normal 0.8481083906379383 -0.529822760675234 0
    outer loop
      vertex 109.39968874628542 14.344535003602505 2.980000000000004
      vertex 109.39968874628542 14.344535003602505 3.6000000000000085
      vertex 109.33884500290154 14.247140000760556 3.6000000000000085
    endloop
  endfacet
  facet normal -0.7509133934985891 0.6604006931132287 0
    outer loop
      vertex 108.89510750348566 14.462579372525216 3.6000000000000085
      vertex 108.89510750348566 14.462579372525216 2.980000000000004
      vertex 108.8001700001478 14.354629996418954 3.6000000000000085
    endloop
  endfacet
  facet normal 0.9025474814745679 -0.43059034323114415 0
    outer loop
      vertex 109.44947000170944 14.448879997432233 2.980000000000004
      vertex 109.44947000170944 14.448879997432233 3.6000000000000085
      vertex 109.39968874628542 14.344535003602505 3.6000000000000085
    endloop
  endfacet
  facet normal 0.9444772019680125 -0.32857695439983936 0
    outer loop
      vertex 109.48818874682186 14.560174997150899 2.980000000000004
      vertex 109.48818874682186 14.560174997150899 3.6000000000000085
      vertex 109.44947000170944 14.448879997432233 3.6000000000000085
    endloop
  endfacet
  facet normal -0.8894012813112142 0.45712729168358623 0
    outer loop
      vertex 108.96291999841927 14.594517502188683 3.6000000000000085
      vertex 108.96291999841927 14.594517502188683 2.980000000000004
      vertex 108.89510750348566 14.462579372525216 3.6000000000000085
    endloop
  endfacet
  facet normal 0.9737212652013904 -0.22774305191290398 0
    outer loop
      vertex 109.51584499652384 14.678420002758504 2.980000000000004
      vertex 109.51584499652384 14.678420002758504 3.6000000000000085
      vertex 109.48818874682186 14.560174997150899 3.6000000000000085
    endloop
  endfacet
  facet normal 0 1 0
    outer loop
      vertex 112.0554100009322 14.260359998047353 3.6000000000000085
      vertex 112.0554100009322 14.260359998047353 2.980000000000004
      vertex 110.80496999944447 14.260359998047353 3.6000000000000085
    endloop
  endfacet
  facet normal -0.030019054207964673 0.9995493266389904 0
    outer loop
      vertex 112.15490624631641 14.263348127901555 3.6000000000000085
      vertex 112.15490624631641 14.263348127901555 2.980000000000004
      vertex 112.0554100009322 14.260359998047353 3.6000000000000085
    endloop
  endfacet
  facet normal -0.09524749384199398 0.9954536226850648 0
    outer loop
      vertex 112.24859500254391 14.272312502563 3.6000000000000085
      vertex 112.24859500254391 14.272312502563 2.980000000000004
      vertex 112.15490624631641 14.263348127901555 3.6000000000000085
    endloop
  endfacet
  facet normal -0.16760430204194987 0.9858543492509585 0
    outer loop
      vertex 112.33647624726294 14.28725312203169 3.6000000000000085
      vertex 112.33647624726294 14.28725312203169 2.980000000000004
      vertex 112.24859500254391 14.272312502563 3.6000000000000085
    endloop
  endfacet
  facet normal 0.6614433487669139 -0.7499951308988685 0
    outer loop
      vertex 113.1201749997854 14.20742812305689 2.980000000000004
      vertex 113.1201749997854 14.20742812305689 3.6000000000000085
      vertex 113.04928999717234 14.144912499189378 3.6000000000000085
    endloop
  endfacet
  facet normal 0.7289648495495769 -0.6845511289313333 0
    outer loop
      vertex 113.18516999806164 14.27664000093937 2.980000000000004
      vertex 113.18516999806164 14.27664000093937 3.6000000000000085
      vertex 113.1201749997854 14.20742812305689 3.6000000000000085
    endloop
  endfacet
  facet normal -0.24696066684650148 0.9690255048401623 0
    outer loop
      vertex 112.41855000282524 14.308170001208783 3.6000000000000085
      vertex 112.41855000282524 14.308170001208783 2.980000000000004
      vertex 112.33647624726294 14.28725312203169 3.6000000000000085
    endloop
  endfacet
  facet normal -0.33255208982551876 0.9430848888369913 0
    outer loop
      vertex 112.49481624687908 14.33506312519312 3.6000000000000085
      vertex 112.49481624687908 14.33506312519312 2.980000000000004
      vertex 112.41855000282524 14.308170001208783 3.6000000000000085
    endloop
  endfacet
  facet normal -0.42276530959639086 0.9062392029711955 0
    outer loop
      vertex 112.5652750017762 14.36793250143528 3.6000000000000085
      vertex 112.5652750017762 14.36793250143528 2.980000000000004
      vertex 112.49481624687908 14.33506312519312 3.6000000000000085
    endloop
  endfacet
  facet normal -0.515030578375442 0.8571718050299239 0
    outer loop
      vertex 112.62992625261543 14.406778122484685 3.6000000000000085
      vertex 112.62992625261543 14.406778122484685 2.980000000000004
      vertex 112.5652750017762 14.36793250143528 3.6000000000000085
    endloop
  endfacet
  facet normal 0.7888994223044727 -0.6145223360364286 0
    outer loop
      vertex 113.2433418738365 14.351318749785424 2.980000000000004
      vertex 113.2433418738365 14.351318749785424 3.6000000000000085
      vertex 113.18516999806164 14.27664000093937 3.6000000000000085
    endloop
  endfacet
  facet normal 0.8427112236573395 -0.5383658547140127 0
    outer loop
      vertex 113.29375750149487 14.430235001444817 2.980000000000004
      vertex 113.29375750149487 14.430235001444817 3.6000000000000085
      vertex 113.2433418738365 14.351318749785424 3.6000000000000085
    endloop
  endfacet
  facet normal -0.6059452708501168 0.7955063348172524 0
    outer loop
      vertex 112.68876999939678 14.451600003242493 3.6000000000000085
      vertex 112.68876999939678 14.451600003242493 2.980000000000004
      vertex 112.62992625261543 14.406778122484685 3.6000000000000085
    endloop
  endfacet
  facet normal -0.6914514798253323 0.7224229031857711 0
    outer loop
      vertex 112.74122312242983 14.501804377138615 3.6000000000000085
      vertex 112.74122312242983 14.501804377138615 2.980000000000004
      vertex 112.68876999939678 14.451600003242493 3.6000000000000085
    endloop
  endfacet
  facet normal 0.8897460920296218 -0.4564557938267577 0
    outer loop
      vertex 113.33641687358616 14.51338874846697 2.980000000000004
      vertex 113.33641687358616 14.51338874846697 3.6000000000000085
      vertex 113.29375750149487 14.430235001444817 3.6000000000000085
    endloop
  endfacet
  facet normal -0.7707533770948231 0.6371336058449008 0
    outer loop
      vertex 112.78668249721525 14.556797499954701 3.6000000000000085
      vertex 112.78668249721525 14.556797499954701 2.980000000000004
      vertex 112.74122312242983 14.501804377138615 3.6000000000000085
    endloop
  endfacet
  facet normal -0.8409581393824599 0.5411001827817018 0
    outer loop
      vertex 112.82514812375305 14.61657937169075 3.6000000000000085
      vertex 112.82514812375305 14.61657937169075 2.980000000000004
      vertex 112.78668249721525 14.556797499954701 3.6000000000000085
    endloop
  endfacet
  facet normal 0.928672150113253 -0.3709016548952399 0
    outer loop
      vertex 113.37131999756096 14.60077999830246 2.980000000000004
      vertex 113.37131999756096 14.60077999830246 3.6000000000000085
      vertex 113.33641687358616 14.51338874846697 3.6000000000000085
    endloop
  endfacet
  facet normal 1 0 0
    outer loop
      vertex 107.099450002861 14.162719997763634 3.6000000000000085
      vertex 107.099450002861 14.162719997763634 2.980000000000004
      vertex 107.099450002861 15.670880000293256 3.6000000000000085
    endloop
  endfacet
  facet normal -0.9676007113586342 0.25248537260258297 0
    outer loop
      vertex 109.00360749984978 14.750444377958775 3.6000000000000085
      vertex 109.00360749984978 14.750444377958775 2.980000000000004
      vertex 108.96291999841927 14.594517502188683 3.6000000000000085
    endloop
  endfacet
  facet normal 0.9913302063227698 -0.13139414763243704 0
    outer loop
      vertex 109.53243875081537 14.803614999353886 2.980000000000004
      vertex 109.53243875081537 14.803614999353886 3.6000000000000085
      vertex 109.51584499652384 14.678420002758504 3.6000000000000085
    endloop
  endfacet
  facet normal -0.9971707868157773 0.07516928841756824 0
    outer loop
      vertex 109.01717000032662 14.930359999835492 3.6000000000000085
      vertex 109.01717000032662 14.930359999835492 2.980000000000004
      vertex 109.00360749984978 14.750444377958775 3.6000000000000085
    endloop
  endfacet
  facet normal 0.9991251268297079 -0.04182081942669352 0
    outer loop
      vertex 109.53797000224588 14.935760001838208 2.980000000000004
      vertex 109.53797000224588 14.935760001838208 3.6000000000000085
      vertex 109.53243875081537 14.803614999353886 3.6000000000000085
    endloop
  endfacet
  facet normal -0.9968077417675464 -0.07983937595124725 0
    outer loop
      vertex 109.00326875175236 15.10391937494278 3.6000000000000085
      vertex 109.00326875175236 15.10391937494278 2.980000000000004
      vertex 109.01717000032662 14.930359999835492 3.6000000000000085
    endloop
  endfacet
  facet normal 0.9991445216668828 0.04135486456338179 0
    outer loop
      vertex 109.53245999987124 15.068883123993874 2.980000000000004
      vertex 109.53245999987124 15.068883123993874 3.6000000000000085
      vertex 109.53797000224588 14.935760001838208 3.6000000000000085
    endloop
  endfacet
  facet normal 1 0 0
    outer loop
      vertex 110.80496999944447 14.260359998047353 3.6000000000000085
      vertex 110.80496999944447 14.260359998047353 2.980000000000004
      vertex 110.80496999944447 15.670880000293256 3.6000000000000085
    endloop
  endfacet
  facet normal -0.8989109635879214 0.4381313496446408 0
    outer loop
      vertex 112.85662000204323 14.681149999797345 3.6000000000000085
      vertex 112.85662000204323 14.681149999797345 2.980000000000004
      vertex 112.82514812375305 14.61657937169075 3.6000000000000085
    endloop
  endfacet
  facet normal -0.9429974060635832 0.3328000783613994 0
    outer loop
      vertex 112.8810981246352 14.750509376823903 3.6000000000000085
      vertex 112.8810981246352 14.750509376823903 2.980000000000004
      vertex 112.85662000204323 14.681149999797345 3.6000000000000085
    endloop
  endfacet
  facet normal 0.9588049078983524 -0.28406539491819854 0
    outer loop
      vertex 113.39846687341927 14.69240875095129 2.980000000000004
      vertex 113.39846687341927 14.69240875095129 3.6000000000000085
      vertex 113.37131999756096 14.60077999830246 3.6000000000000085
    endloop
  endfacet
  facet normal 0.980150941873576 -0.19825269517548022 0
    outer loop
      vertex 113.41785750116108 14.78827499896288 2.980000000000004
      vertex 113.41785750116108 14.78827499896288 3.6000000000000085
      vertex 113.39846687341927 14.69240875095129 3.6000000000000085
    endloop
  endfacet
  facet normal -0.9733065581836304 0.22950891877383578 0
    outer loop
      vertex 112.89858249897955 14.824657502770425 3.6000000000000085
      vertex 112.89858249897955 14.824657502770425 2.980000000000004
      vertex 112.8810981246352 14.750509376823903 3.6000000000000085
    endloop
  endfacet
  facet normal -0.9912842232967848 0.13174061121343797 0
    outer loop
      vertex 112.90907312507628 14.90359437763691 3.6000000000000085
      vertex 112.90907312507628 14.90359437763691 2.980000000000004
      vertex 112.89858249897955 14.824657502770425 3.6000000000000085
    endloop
  endfacet
  facet normal 0.9933137526692168 -0.11544604262683905 0
    outer loop
      vertex 113.42949187333582 14.888378749787808 2.980000000000004
      vertex 113.42949187333582 14.888378749787808 3.6000000000000085
      vertex 113.41785750116108 14.78827499896288 3.6000000000000085
    endloop
  endfacet
  facet normal -0.99912894332425 0.041729541236009714 0
    outer loop
      vertex 112.91257000292538 14.98732000142336 3.6000000000000085
      vertex 112.91257000292538 14.98732000142336 2.980000000000004
      vertex 112.90907312507628 14.90359437763691 3.6000000000000085
    endloop
  endfacet
  facet normal 0.9993099959805863 -0.037142050741446185 0
    outer loop
      vertex 113.43336999739407 14.992720003426076 2.980000000000004
      vertex 113.43336999739407 14.992720003426076 3.6000000000000085
      vertex 113.42949187333582 14.888378749787808 3.6000000000000085
    endloop
  endfacet
  facet normal -0.9990450618910748 -0.043691696133918434 0
    outer loop
      vertex 112.90903062696455 15.06825062185526 3.6000000000000085
      vertex 112.90903062696455 15.06825062185526 2.980000000000004
      vertex 112.91257000292538 14.98732000142336 3.6000000000000085
    endloop
  endfacet
  facet normal -0.9903738234794291 -0.1384185311536598 0
    outer loop
      vertex 112.89841249908207 15.144222500920296 3.6000000000000085
      vertex 112.89841249908207 15.144222500920296 2.980000000000004
      vertex 112.90903062696455 15.06825062185526 3.6000000000000085
    endloop
  endfacet
  facet normal 0.9990421089418968 0.04375916545053012 0
    outer loop
      vertex 113.42788125152586 15.118030625581742 2.980000000000004
      vertex 113.42788125152586 15.118030625581742 3.6000000000000085
      vertex 113.43336999739407 14.992720003426076 3.6000000000000085
    endloop
  endfacet
  facet normal 1 0 0
    outer loop
      vertex 117.03580999697445 14.436679999530316 2.980000000000004
      vertex 117.03580999697445 14.436679999530316 3.6000000000000085
      vertex 117.03580999697445 14.018960002064706 3.6000000000000085
    endloop
  endfacet
  facet normal 0 1 0
    outer loop
      vertex 114.81701000357864 14.436679999530316 2.980000000000004
      vertex 114.81701000357864 14.436679999530316 3.6000000000000085
      vertex 117.03580999697445 14.436679999530316 3.6000000000000085
    endloop
  endfacet
  facet normal -0.9312993476654899 0.3642547529378757 0
    outer loop
      vertex 119.63192999686001 13.395080003142358 2.980000000000004
      vertex 119.63192999686001 13.395080003142358 3.6000000000000085
      vertex 120.68436999942062 16.085879999399186 3.6000000000000085
    endloop
  endfacet
  facet normal 0.9258686067252486 -0.377845633930904 0
    outer loop
      vertex 121.22960999931095 16.085879999399186 2.980000000000004
      vertex 121.22960999931095 16.085879999399186 3.6000000000000085
      vertex 119.66988999719618 12.263959999382497 3.6000000000000085
    endloop
  endfacet
  facet normal 0 0 1
    outer loop
      vertex 108.99113750035761 13.933165001869202 3.6000000000000085
      vertex 108.8001700001478 14.354629996418954 3.6000000000000085
      vertex 108.67810750330685 14.270669373869897 3.6000000000000085
    endloop
  endfacet
  facet normal 0 0 1
    outer loop
      vertex 109.18397000010012 14.073199997842313 3.6000000000000085
      vertex 109.26693874920605 14.156694996356965 3.6000000000000085
      vertex 108.89510750348566 14.462579372525216 3.6000000000000085
    endloop
  endfacet
  facet normal 0 0 1
    outer loop
      vertex 109.26693874920605 14.156694996356965 3.6000000000000085
      vertex 109.33884500290154 14.247140000760556 3.6000000000000085
      vertex 108.89510750348566 14.462579372525216 3.6000000000000085
    endloop
  endfacet
  facet normal 0 0 1
    outer loop
      vertex 109.18397000010012 14.073199997842313 3.6000000000000085
      vertex 108.89510750348566 14.462579372525216 3.6000000000000085
      vertex 108.8001700001478 14.354629996418954 3.6000000000000085
    endloop
  endfacet
  facet normal 0 0 1
    outer loop
      vertex 109.33884500290154 14.247140000760556 3.6000000000000085
      vertex 109.39968874628542 14.344535003602505 3.6000000000000085
      vertex 108.96291999841927 14.594517502188683 3.6000000000000085
    endloop
  endfacet
  facet normal 0 0 1
    outer loop
      vertex 109.33884500290154 14.247140000760556 3.6000000000000085
      vertex 108.96291999841927 14.594517502188683 3.6000000000000085
      vertex 108.89510750348566 14.462579372525216 3.6000000000000085
    endloop
  endfacet
  facet normal 0 0 1
    outer loop
      vertex 109.39968874628542 14.344535003602505 3.6000000000000085
      vertex 109.44947000170944 14.448879997432233 3.6000000000000085
      vertex 108.96291999841927 14.594517502188683 3.6000000000000085
    endloop
  endfacet
  facet normal 0 0 1
    outer loop
      vertex 109.44947000170944 14.448879997432233 3.6000000000000085
      vertex 109.48818874682186 14.560174997150899 3.6000000000000085
      vertex 108.96291999841927 14.594517502188683 3.6000000000000085
    endloop
  endfacet
  facet normal 0 0 1
    outer loop
      vertex 109.48818874682186 14.560174997150899 3.6000000000000085
      vertex 109.00360749984978 14.750444377958775 3.6000000000000085
      vertex 108.96291999841927 14.594517502188683 3.6000000000000085
    endloop
  endfacet
  facet normal 0 0 1
    outer loop
      vertex 112.60651500101088 13.932778123021127 3.6000000000000085
      vertex 112.49481624687908 14.33506312519312 3.6000000000000085
      vertex 112.41855000282524 14.308170001208783 3.6000000000000085
    endloop
  endfacet
  facet normal 0 0 1
    outer loop
      vertex 112.88985000128744 14.0399699985981 3.6000000000000085
      vertex 112.97251499767302 14.089093121886254 3.6000000000000085
      vertex 112.68876999939678 14.451600003242493 3.6000000000000085
    endloop
  endfacet
  facet normal 0 0 1
    outer loop
      vertex 112.70685000295637 13.961812499165536 3.6000000000000085
      vertex 112.5652750017762 14.36793250143528 3.6000000000000085
      vertex 112.49481624687908 14.33506312519312 3.6000000000000085
    endloop
  endfacet
  facet normal 0 0 1
    outer loop
      vertex 112.97251499767302 14.089093121886254 3.6000000000000085
      vertex 113.04928999717234 14.144912499189378 3.6000000000000085
      vertex 112.68876999939678 14.451600003242493 3.6000000000000085
    endloop
  endfacet
  facet normal 0 0 1
    outer loop
      vertex 112.80129500056503 13.997543121874333 3.6000000000000085
      vertex 112.62992625261543 14.406778122484685 3.6000000000000085
      vertex 112.5652750017762 14.36793250143528 3.6000000000000085
    endloop
  endfacet
  facet normal 0 0 1
    outer loop
      vertex 113.04928999717234 14.144912499189378 3.6000000000000085
      vertex 113.1201749997854 14.20742812305689 3.6000000000000085
      vertex 112.74122312242983 14.501804377138615 3.6000000000000085
    endloop
  endfacet
  facet normal 0 0 1
    outer loop
      vertex 112.88985000128744 14.0399699985981 3.6000000000000085
      vertex 112.68876999939678 14.451600003242493 3.6000000000000085
      vertex 112.62992625261543 14.406778122484685 3.6000000000000085
    endloop
  endfacet
  facet normal 0 0 1
    outer loop
      vertex 113.04928999717234 14.144912499189378 3.6000000000000085
      vertex 112.74122312242983 14.501804377138615 3.6000000000000085
      vertex 112.68876999939678 14.451600003242493 3.6000000000000085
    endloop
  endfacet
  facet normal 0 0 1
    outer loop
      vertex 113.1201749997854 14.20742812305689 3.6000000000000085
      vertex 113.18516999806164 14.27664000093937 3.6000000000000085
      vertex 112.78668249721525 14.556797499954701 3.6000000000000085
    endloop
  endfacet
  facet normal 0 0 1
    outer loop
      vertex 113.1201749997854 14.20742812305689 3.6000000000000085
      vertex 112.78668249721525 14.556797499954701 3.6000000000000085
      vertex 112.74122312242983 14.501804377138615 3.6000000000000085
    endloop
  endfacet
  facet normal 0 0 1
    outer loop
      vertex 113.18516999806164 14.27664000093937 3.6000000000000085
      vertex 112.82514812375305 14.61657937169075 3.6000000000000085
      vertex 112.78668249721525 14.556797499954701 3.6000000000000085
    endloop
  endfacet
  facet normal 0 0 1
    outer loop
      vertex 113.18516999806164 14.27664000093937 3.6000000000000085
      vertex 113.2433418738365 14.351318749785424 3.6000000000000085
      vertex 112.82514812375305 14.61657937169075 3.6000000000000085
    endloop
  endfacet
  facet normal 0 0 1
    outer loop
      vertex 113.2433418738365 14.351318749785424 3.6000000000000085
      vertex 113.29375750149487 14.430235001444817 3.6000000000000085
      vertex 112.82514812375305 14.61657937169075 3.6000000000000085
    endloop
  endfacet
  facet normal 0 0 1
    outer loop
      vertex 113.29375750149487 14.430235001444817 3.6000000000000085
      vertex 113.33641687358616 14.51338874846697 3.6000000000000085
      vertex 112.85662000204323 14.681149999797345 3.6000000000000085
    endloop
  endfacet
  facet normal 0 0 1
    outer loop
      vertex 113.29375750149487 14.430235001444817 3.6000000000000085
      vertex 112.85662000204323 14.681149999797345 3.6000000000000085
      vertex 112.82514812375305 14.61657937169075 3.6000000000000085
    endloop
  endfacet
  facet normal 0 0 1
    outer loop
      vertex 113.33641687358616 14.51338874846697 3.6000000000000085
      vertex 113.37131999756096 14.60077999830246 3.6000000000000085
      vertex 112.8810981246352 14.750509376823903 3.6000000000000085
    endloop
  endfacet
  facet normal 0 0 1
    outer loop
      vertex 113.33641687358616 14.51338874846697 3.6000000000000085
      vertex 112.8810981246352 14.750509376823903 3.6000000000000085
      vertex 112.85662000204323 14.681149999797345 3.6000000000000085
    endloop
  endfacet
  facet normal 0 0 1
    outer loop
      vertex 107.099450002861 14.162719997763634 3.6000000000000085
      vertex 106.58136999930142 16.085879999399186 3.6000000000000085
      vertex 107.099450002861 13.75312000066042 3.6000000000000085
    endloop
  endfacet
  facet normal 0 0 1
    outer loop
      vertex 109.48818874682186 14.560174997150899 3.6000000000000085
      vertex 109.51584499652384 14.678420002758504 3.6000000000000085
      vertex 109.00360749984978 14.750444377958775 3.6000000000000085
    endloop
  endfacet
  facet normal 0 0 1
    outer loop
      vertex 109.51584499652384 14.678420002758504 3.6000000000000085
      vertex 109.53243875081537 14.803614999353886 3.6000000000000085
      vertex 109.00360749984978 14.750444377958775 3.6000000000000085
    endloop
  endfacet
  facet normal 0 0 1
    outer loop
      vertex 109.53243875081537 14.803614999353886 3.6000000000000085
      vertex 109.01717000032662 14.930359999835492 3.6000000000000085
      vertex 109.00360749984978 14.750444377958775 3.6000000000000085
    endloop
  endfacet
  facet normal 0 0 1
    outer loop
      vertex 109.53243875081537 14.803614999353886 3.6000000000000085
      vertex 109.53797000224588 14.935760001838208 3.6000000000000085
      vertex 109.01717000032662 14.930359999835492 3.6000000000000085
    endloop
  endfacet
  facet normal 0 0 1
    outer loop
      vertex 109.01717000032662 14.930359999835492 3.6000000000000085
      vertex 109.53797000224588 14.935760001838208 3.6000000000000085
      vertex 109.53245999987124 15.068883123993874 3.6000000000000085
    endloop
  endfacet
  facet normal 0 0 1
    outer loop
      vertex 109.00326875175236 15.10391937494278 3.6000000000000085
      vertex 109.01717000032662 14.930359999835492 3.6000000000000085
      vertex 109.53245999987124 15.068883123993874 3.6000000000000085
    endloop
  endfacet
  facet normal 0 0 1
    outer loop
      vertex 109.00326875175236 15.10391937494278 3.6000000000000085
      vertex 109.53245999987124 15.068883123993874 3.6000000000000085
      vertex 109.51593000019787 15.194292503595353 3.6000000000000085
    endloop
  endfacet
  facet normal 0 0 1
    outer loop
      vertex 110.80496999944447 14.260359998047353 3.6000000000000085
      vertex 110.28689000333546 16.085879999399186 3.6000000000000085
      vertex 110.80496999944447 13.850760000944138 3.6000000000000085
    endloop
  endfacet
  facet normal 0 0 1
    outer loop
      vertex 113.37131999756096 14.60077999830246 3.6000000000000085
      vertex 113.39846687341927 14.69240875095129 3.6000000000000085
      vertex 112.8810981246352 14.750509376823903 3.6000000000000085
    endloop
  endfacet
  facet normal 0 0 1
    outer loop
      vertex 113.39846687341927 14.69240875095129 3.6000000000000085
      vertex 112.89858249897955 14.824657502770425 3.6000000000000085
      vertex 112.8810981246352 14.750509376823903 3.6000000000000085
    endloop
  endfacet
  facet normal 0 0 1
    outer loop
      vertex 113.39846687341927 14.69240875095129 3.6000000000000085
      vertex 113.41785750116108 14.78827499896288 3.6000000000000085
      vertex 112.89858249897955 14.824657502770425 3.6000000000000085
    endloop
  endfacet
  facet normal 0 0 1
    outer loop
      vertex 113.41785750116108 14.78827499896288 3.6000000000000085
      vertex 112.90907312507628 14.90359437763691 3.6000000000000085
      vertex 112.89858249897955 14.824657502770425 3.6000000000000085
    endloop
  endfacet
  facet normal 0 0 1
    outer loop
      vertex 113.41785750116108 14.78827499896288 3.6000000000000085
      vertex 113.42949187333582 14.888378749787808 3.6000000000000085
      vertex 112.90907312507628 14.90359437763691 3.6000000000000085
    endloop
  endfacet
  facet normal 0 0 1
    outer loop
      vertex 113.42949187333582 14.888378749787808 3.6000000000000085
      vertex 112.91257000292538 14.98732000142336 3.6000000000000085
      vertex 112.90907312507628 14.90359437763691 3.6000000000000085
    endloop
  endfacet
  facet normal 0 0 1
    outer loop
      vertex 113.42949187333582 14.888378749787808 3.6000000000000085
      vertex 113.43336999739407 14.992720003426076 3.6000000000000085
      vertex 112.91257000292538 14.98732000142336 3.6000000000000085
    endloop
  endfacet
  facet normal 0 0 1
    outer loop
      vertex 112.91257000292538 14.98732000142336 3.6000000000000085
      vertex 113.43336999739407 14.992720003426076 3.6000000000000085
      vertex 113.42788125152586 15.118030625581742 3.6000000000000085
    endloop
  endfacet
  facet normal 0 0 1
    outer loop
      vertex 112.90903062696455 15.06825062185526 3.6000000000000085
      vertex 112.91257000292538 14.98732000142336 3.6000000000000085
      vertex 113.42788125152586 15.118030625581742 3.6000000000000085
    endloop
  endfacet
  facet normal 0 0 1
    outer loop
      vertex 114.81701000357864 14.436679999530316 3.6000000000000085
      vertex 114.29893000001906 16.085879999399186 3.6000000000000085
      vertex 114.29893000001906 12.263959999382497 3.6000000000000085
    endloop
  endfacet
  facet normal 0 0 1
    outer loop
      vertex 114.81701000357864 14.018960002064706 3.6000000000000085
      vertex 117.03580999697445 14.436679999530316 3.6000000000000085
      vertex 114.81701000357864 14.436679999530316 3.6000000000000085
    endloop
  endfacet
  facet normal -0.9636484086080171 -0.2671736225513969 0
    outer loop
      vertex 108.96156499857901 15.254337500035763 3.6000000000000085
      vertex 108.96156499857901 15.254337500035763 2.980000000000004
      vertex 109.00326875175236 15.10391937494278 3.6000000000000085
    endloop
  endfacet
  facet normal 0.9914248577206486 0.13067804518583695 0
    outer loop
      vertex 109.51593000019787 15.194292503595353 2.980000000000004
      vertex 109.51593000019787 15.194292503595353 3.6000000000000085
      vertex 109.53245999987124 15.068883123993874 3.6000000000000085
    endloop
  endfacet
  facet normal -0.8776563110652094 -0.47929051695960834 0
    outer loop
      vertex 108.89205874825714 15.381614375114442 3.6000000000000085
      vertex 108.89205874825714 15.381614375114442 2.980000000000004
      vertex 108.96156499857901 15.254337500035763 3.6000000000000085
    endloop
  endfacet
  facet normal 0.9736804445062406 0.22791751136349725 0
    outer loop
      vertex 109.48838000322579 15.311988125741482 2.980000000000004
      vertex 109.48838000322579 15.311988125741482 3.6000000000000085
      vertex 109.51593000019787 15.194292503595353 3.6000000000000085
    endloop
  endfacet
  facet normal -0.7306509178571419 -0.6827512257290471 0
    outer loop
      vertex 108.79475000078676 15.485750000178815 3.6000000000000085
      vertex 108.79475000078676 15.485750000178815 2.980000000000004
      vertex 108.89205874825714 15.381614375114442 3.6000000000000085
    endloop
  endfacet
  facet normal 0.9436539258445615 0.33093393334341975 0
    outer loop
      vertex 109.4498100015044 15.421969997882844 2.980000000000004
      vertex 109.4498100015044 15.421969997882844 3.6000000000000085
      vertex 109.48838000322579 15.311988125741482 3.6000000000000085
    endloop
  endfacet
  facet normal -0.5434406103743414 -0.83944761777967 0
    outer loop
      vertex 108.66963874871729 15.566744375228883 3.6000000000000085
      vertex 108.66963874871729 15.566744375228883 2.980000000000004
      vertex 108.79475000078676 15.485750000178815 3.6000000000000085
    endloop
  endfacet
  facet normal -0.3538592911201611 -0.9352986699915364 0
    outer loop
      vertex 108.5167249994993 15.624597500264645 3.6000000000000085
      vertex 108.5167249994993 15.624597500264645 2.980000000000004
      vertex 108.66963874871729 15.566744375228883 3.6000000000000085
    endloop
  endfacet
  facet normal 0.8997952777411922 0.43631234013565434 0
    outer loop
      vertex 109.4002200024843 15.524238127470017 2.980000000000004
      vertex 109.4002200024843 15.524238127470017 3.6000000000000085
      vertex 109.4498100015044 15.421969997882844 3.6000000000000085
    endloop
  endfacet
  facet normal 0.8418863121038045 0.5396549244584503 0
    outer loop
      vertex 109.3396099987149 15.618792499601842 2.980000000000004
      vertex 109.3396099987149 15.618792499601842 3.6000000000000085
      vertex 109.4002200024843 15.524238127470017 3.6000000000000085
    endloop
  endfacet
  facet normal -0.9703235851278175 -0.24181013242769409 0
    outer loop
      vertex 112.88071562672852 15.215235623717309 3.6000000000000085
      vertex 112.88071562672852 15.215235623717309 2.980000000000004
      vertex 112.89841249908207 15.144222500920296 3.6000000000000085
    endloop
  endfacet
  facet normal 0.990440656817684 0.13793949877593 0
    outer loop
      vertex 113.41141499902008 15.236262503266335 2.980000000000004
      vertex 113.41141499902008 15.236262503266335 3.6000000000000085
      vertex 113.42788125152586 15.118030625581742 3.6000000000000085
    endloop
  endfacet
  facet normal -0.9363047836986319 -0.3511884850376762 0
    outer loop
      vertex 112.85594000245331 15.281289997696877 3.6000000000000085
      vertex 112.85594000245331 15.281289997696877 2.980000000000004
      vertex 112.88071562672852 15.215235623717309 3.6000000000000085
    endloop
  endfacet
  facet normal -0.8867133891608564 -0.46231954910307205 0
    outer loop
      vertex 112.82408562625645 15.342385622859002 3.6000000000000085
      vertex 112.82408562625645 15.342385622859002 2.980000000000004
      vertex 112.85594000245331 15.281289997696877 3.6000000000000085
    endloop
  endfacet
  facet normal 0.9708464166721111 0.23970238888029782 0
    outer loop
      vertex 113.38397124732731 15.347415621578694 2.980000000000004
      vertex 113.38397124732731 15.347415621578694 3.6000000000000085
      vertex 113.41141499902008 15.236262503266335 3.6000000000000085
    endloop
  endfacet
  facet normal -0.821718287223178 -0.5698938992856537 0
    outer loop
      vertex 112.78515249813793 15.398522499203683 3.6000000000000085
      vertex 112.78515249813793 15.398522499203683 2.980000000000004
      vertex 112.82408562625645 15.342385622859002 3.6000000000000085
    endloop
  endfacet
  facet normal -0.7436440447768282 -0.6685757508823952 0
    outer loop
      vertex 112.73914062554834 15.44970062673092 3.6000000000000085
      vertex 112.73914062554834 15.44970062673092 2.980000000000004
      vertex 112.78515249813793 15.398522499203683 3.6000000000000085
    endloop
  endfacet
  facet normal -0.6566122944915669 -0.7542282775940715 0
    outer loop
      vertex 112.6860500010371 15.495919997990132 3.6000000000000085
      vertex 112.6860500010371 15.495919997990132 2.980000000000004
      vertex 112.73914062554834 15.44970062673092 3.6000000000000085
    endloop
  endfacet
  facet normal 0.9381146700656721 0.3463247981412467 0
    outer loop
      vertex 113.34554999644755 15.45149000287056 2.980000000000004
      vertex 113.34554999644755 15.45149000287056 3.6000000000000085
      vertex 113.38397124732731 15.347415621578694 3.6000000000000085
    endloop
  endfacet
  facet normal -0.5659517455226648 -0.8244383674598417 0
    outer loop
      vertex 112.62631500090359 15.536926250159741 3.6000000000000085
      vertex 112.62631500090359 15.536926250159741 2.980000000000004
      vertex 112.6860500010371 15.495919997990132 3.6000000000000085
    endloop
  endfacet
  facet normal -0.4742977354055607 -0.8803645030265342 0
    outer loop
      vertex 112.56034999663828 15.572464998066426 3.6000000000000085
      vertex 112.56034999663828 15.572464998066426 2.980000000000004
      vertex 112.62631500090359 15.536926250159741 3.6000000000000085
    endloop
  endfacet
  facet normal -0.3845064732085429 -0.9231222952895938 0
    outer loop
      vertex 112.48815500314234 15.602536249160767 3.6000000000000085
      vertex 112.48815500314234 15.602536249160767 2.980000000000004
      vertex 112.56034999663828 15.572464998066426 3.6000000000000085
    endloop
  endfacet
  facet normal 0.8910919354361371 0.45382283173136967 0
    outer loop
      vertex 113.29615124638079 15.548485624790192 2.980000000000004
      vertex 113.29615124638079 15.548485624790192 3.6000000000000085
      vertex 113.34554999644755 15.45149000287056 3.6000000000000085
    endloop
  endfacet
  facet normal 0 -1 0
    outer loop
      vertex 107.099450002861 15.670880000293256 3.6000000000000085
      vertex 107.099450002861 15.670880000293256 2.980000000000004
      vertex 108.1274900021672 15.670880000293256 3.6000000000000085
    endloop
  endfacet
  facet normal -0.18863122647098166 -0.9820479929209434 0
    outer loop
      vertex 108.3360087531328 15.659309375286103 3.6000000000000085
      vertex 108.3360087531328 15.659309375286103 2.980000000000004
      vertex 108.5167249994993 15.624597500264645 3.6000000000000085
    endloop
  endfacet
  facet normal -0.05540438183951212 -0.998463997584781 0
    outer loop
      vertex 108.1274900021672 15.670880000293256 3.6000000000000085
      vertex 108.1274900021672 15.670880000293256 2.980000000000004
      vertex 108.3360087531328 15.659309375286103 3.6000000000000085
    endloop
  endfacet
  facet normal 0.7714321980642238 0.6363115304548551 0
    outer loop
      vertex 109.26797999764679 15.705633121728898 2.980000000000004
      vertex 109.26797999764679 15.705633121728898 3.6000000000000085
      vertex 109.3396099987149 15.618792499601842 3.6000000000000085
    endloop
  endfacet
  facet normal 0.6915436951792845 0.7223346299726885 0
    outer loop
      vertex 109.18532999927996 15.784760001301766 2.980000000000004
      vertex 109.18532999927996 15.784760001301766 3.6000000000000085
      vertex 109.26797999764679 15.705633121728898 3.6000000000000085
    endloop
  endfacet
  facet normal 0.6058117126966691 0.7956080497075984 0
    outer loop
      vertex 109.09264437432287 15.855335000157357 2.980000000000004
      vertex 109.09264437432287 15.855335000157357 3.6000000000000085
      vertex 109.18532999927996 15.784760001301766 3.6000000000000085
    endloop
  endfacet
  facet normal 0 1 0
    outer loop
      vertex 106.58136999930142 16.085879999399186 2.980000000000004
      vertex 106.58136999930142 16.085879999399186 3.6000000000000085
      vertex 108.18984999830721 16.085879999399186 3.6000000000000085
    endloop
  endfacet
  facet normal 0.030110973071002734 0.9995465618472794 0
    outer loop
      vertex 108.18984999830721 16.085879999399186 2.980000000000004
      vertex 108.18984999830721 16.085879999399186 3.6000000000000085
      vertex 108.34603437359331 16.081175002455712 3.6000000000000085
    endloop
  endfacet
  facet normal 0.09550800338969602 0.9954286620790632 0
    outer loop
      vertex 108.34603437359331 16.081175002455712 2.980000000000004
      vertex 108.34603437359331 16.081175002455712 3.6000000000000085
      vertex 108.49314750308989 16.06705999672413 3.6000000000000085
    endloop
  endfacet
  facet normal 0.5151822681600087 0.8570806441482091 0
    outer loop
      vertex 108.99088750357626 15.91649999767542 2.980000000000004
      vertex 108.99088750357626 15.91649999767542 3.6000000000000085
      vertex 109.09264437432287 15.855335000157357 3.6000000000000085
    endloop
  endfacet
  facet normal 0.4231218241474166 0.906072801672229 0
    outer loop
      vertex 108.88005937213896 15.968255001306535 2.980000000000004
      vertex 108.88005937213896 15.968255001306535 3.6000000000000085
      vertex 108.99088750357626 15.91649999767542 3.6000000000000085
    endloop
  endfacet
  facet normal 0.3330129658100211 0.9429222473790793 0
    outer loop
      vertex 108.76016000236271 16.01060000360012 2.980000000000004
      vertex 108.76016000236271 16.01060000360012 3.6000000000000085
      vertex 108.88005937213896 15.968255001306535 3.6000000000000085
    endloop
  endfacet
  facet normal 0.24742783240568622 0.9689063255810768 0
    outer loop
      vertex 108.63118937189577 16.0435349971056 2.980000000000004
      vertex 108.63118937189577 16.0435349971056 3.6000000000000085
      vertex 108.76016000236271 16.01060000360012 3.6000000000000085
    endloop
  endfacet
  facet normal 0.16799721739248022 0.9857874694620458 0
    outer loop
      vertex 108.49314750308989 16.06705999672413 2.980000000000004
      vertex 108.49314750308989 16.06705999672413 3.6000000000000085
      vertex 108.63118937189577 16.0435349971056 3.6000000000000085
    endloop
  endfacet
  facet normal 0 -1 0
    outer loop
      vertex 110.80496999944447 15.670880000293256 3.6000000000000085
      vertex 110.80496999944447 15.670880000293256 2.980000000000004
      vertex 112.03373000348805 15.670880000293256 3.6000000000000085
    endloop
  endfacet
  facet normal -0.29933820398962263 -0.9541470744242039 0
    outer loop
      vertex 112.40972999806402 15.627140003442765 3.6000000000000085
      vertex 112.40972999806402 15.627140003442765 2.980000000000004
      vertex 112.48815500314234 15.602536249160767 3.6000000000000085
    endloop
  endfacet
  facet normal -0.14872347964239935 -0.9888788230127374 0
    outer loop
      vertex 112.23418999786375 15.659944999217988 3.6000000000000085
      vertex 112.23418999786375 15.659944999217988 2.980000000000004
      vertex 112.3250749963045 15.646276253461838 3.6000000000000085
    endloop
  endfacet
  facet normal -0.0841493158206446 -0.9964531562732477 0
    outer loop
      vertex 112.1370750027418 15.668146248161793 3.6000000000000085
      vertex 112.1370750027418 15.668146248161793 2.980000000000004
      vertex 112.23418999786375 15.659944999217988 3.6000000000000085
    endloop
  endfacet
  facet normal -0.22048675132486795 -0.9753899694430971 0
    outer loop
      vertex 112.3250749963045 15.646276253461838 3.6000000000000085
      vertex 112.3250749963045 15.646276253461838 2.980000000000004
      vertex 112.40972999806402 15.627140003442765 3.6000000000000085
    endloop
  endfacet
  facet normal -0.02644342918573671 -0.9996503113853858 0
    outer loop
      vertex 112.03373000348805 15.670880000293256 3.6000000000000085
      vertex 112.03373000348805 15.670880000293256 2.980000000000004
      vertex 112.1370750027418 15.668146248161793 3.6000000000000085
    endloop
  endfacet
  facet normal 0.8302062234851266 0.557456389762073 0
    outer loop
      vertex 113.23577499712704 15.638402502238751 2.980000000000004
      vertex 113.23577499712704 15.638402502238751 3.6000000000000085
      vertex 113.29615124638079 15.548485624790192 3.6000000000000085
    endloop
  endfacet
  facet normal 0.7576741907946865 0.6526329907410574 0
    outer loop
      vertex 113.1644212486863 15.721240627765656 2.980000000000004
      vertex 113.1644212486863 15.721240627765656 3.6000000000000085
      vertex 113.23577499712704 15.638402502238751 3.6000000000000085
    endloop
  endfacet
  facet normal 0.6771273267394378 0.7358658732287445 0
    outer loop
      vertex 113.08209000105856 15.797000001370908 2.980000000000004
      vertex 113.08209000105856 15.797000001370908 3.6000000000000085
      vertex 113.1644212486863 15.721240627765656 3.6000000000000085
    endloop
  endfacet
  facet normal 0.5910194510536165 0.8066573054750585 0
    outer loop
      vertex 112.98968062127827 15.8647062510252 2.980000000000004
      vertex 112.98968062127827 15.8647062510252 3.6000000000000085
      vertex 113.08209000105856 15.797000001370908 3.6000000000000085
    endloop
  endfacet
  facet normal 0 1 0
    outer loop
      vertex 110.28689000333546 16.085879999399186 2.980000000000004
      vertex 110.28689000333546 16.085879999399186 3.6000000000000085
      vertex 112.08525000090597 16.085879999399186 3.6000000000000085
    endloop
  endfacet
  facet normal 0.5000976077130089 0.8659690426104882 0
    outer loop
      vertex 112.88807250137327 15.92338499724865 2.980000000000004
      vertex 112.88807250137327 15.92338499724865 3.6000000000000085
      vertex 112.98968062127827 15.8647062510252 3.6000000000000085
    endloop
  endfacet
  facet normal 0.40891327948327855 0.9125732462998409 0
    outer loop
      vertex 112.77726562644241 15.973036247491837 2.980000000000004
      vertex 112.77726562644241 15.973036247491837 3.6000000000000085
      vertex 112.88807250137327 15.92338499724865 3.6000000000000085
    endloop
  endfacet
  facet normal 0.32064195101010695 0.9472004746897208 0
    outer loop
      vertex 112.65725999648569 16.01366000175476 2.980000000000004
      vertex 112.65725999648569 16.01366000175476 3.6000000000000085
      vertex 112.77726562644241 15.973036247491837 3.6000000000000085
    endloop
  endfacet
  facet normal 0.028774623067451807 0.9995859248045292 0
    outer loop
      vertex 112.08525000090597 16.085879999399186 2.980000000000004
      vertex 112.08525000090597 16.085879999399186 3.6000000000000085
      vertex 112.24205062861441 16.081366251409055 3.6000000000000085
    endloop
  endfacet
  facet normal 0.16093962409238904 0.9869642533531802 0
    outer loop
      vertex 112.38965250129698 16.06782499998808 2.980000000000004
      vertex 112.38965250129698 16.06782499998808 3.6000000000000085
      vertex 112.52805562640427 16.045256252586842 3.6000000000000085
    endloop
  endfacet
  facet normal 0.0913580776948544 0.9958181067041817 0
    outer loop
      vertex 112.24205062861441 16.081366251409055 2.980000000000004
      vertex 112.24205062861441 16.081366251409055 3.6000000000000085
      vertex 112.38965250129698 16.06782499998808 3.6000000000000085
    endloop
  endfacet
  facet normal 0.23754503333755891 0.971376526964008 0
    outer loop
      vertex 112.52805562640427 16.045256252586842 2.980000000000004
      vertex 112.52805562640427 16.045256252586842 3.6000000000000085
      vertex 112.65725999648569 16.01366000175476 3.6000000000000085
    endloop
  endfacet
  facet normal 1 0 0
    outer loop
      vertex 114.81701000357864 15.662719997763634 2.980000000000004
      vertex 114.81701000357864 15.662719997763634 3.6000000000000085
      vertex 114.81701000357864 14.436679999530316 3.6000000000000085
    endloop
  endfacet
  facet normal 0.9306596505818051 0.3658860680306812 0
    outer loop
      vertex 118.11836999977825 16.085879999399186 2.980000000000004
      vertex 118.11836999977825 16.085879999399186 3.6000000000000085
      vertex 119.17624999905823 13.395080003142358 3.6000000000000085
    endloop
  endfacet
  facet normal 0 -1 0
    outer loop
      vertex 117.19857000137566 15.662719997763634 2.980000000000004
      vertex 117.19857000137566 15.662719997763634 3.6000000000000085
      vertex 114.81701000357864 15.662719997763634 3.6000000000000085
    endloop
  endfacet
  facet normal 0 1 0
    outer loop
      vertex 114.29893000001906 16.085879999399186 2.980000000000004
      vertex 114.29893000001906 16.085879999399186 3.6000000000000085
      vertex 117.19857000137566 16.085879999399186 3.6000000000000085
    endloop
  endfacet
  facet normal 1 0 0
    outer loop
      vertex 117.19857000137566 16.085879999399186 2.980000000000004
      vertex 117.19857000137566 16.085879999399186 3.6000000000000085
      vertex 117.19857000137566 15.662719997763634 3.6000000000000085
    endloop
  endfacet
  facet normal 0 1 0
    outer loop
      vertex 117.57312999988793 16.085879999399186 2.980000000000004
      vertex 117.57312999988793 16.085879999399186 3.6000000000000085
      vertex 118.11836999977825 16.085879999399186 3.6000000000000085
    endloop
  endfacet
  facet normal 0 1 0
    outer loop
      vertex 120.68436999942062 16.085879999399186 2.980000000000004
      vertex 120.68436999942062 16.085879999399186 3.6000000000000085
      vertex 121.22960999931095 16.085879999399186 3.6000000000000085
    endloop
  endfacet
  facet normal 0 0 1
    outer loop
      vertex 107.099450002861 14.162719997763634 3.6000000000000085
      vertex 107.099450002861 15.670880000293256 3.6000000000000085
      vertex 106.58136999930142 16.085879999399186 3.6000000000000085
    endloop
  endfacet
  facet normal 0 0 1
    outer loop
      vertex 108.96156499857901 15.254337500035763 3.6000000000000085
      vertex 109.00326875175236 15.10391937494278 3.6000000000000085
      vertex 109.48838000322579 15.311988125741482 3.6000000000000085
    endloop
  endfacet
  facet normal 0 0 1
    outer loop
      vertex 109.00326875175236 15.10391937494278 3.6000000000000085
      vertex 109.51593000019787 15.194292503595353 3.6000000000000085
      vertex 109.48838000322579 15.311988125741482 3.6000000000000085
    endloop
  endfacet
  facet normal 0 0 1
    outer loop
      vertex 108.96156499857901 15.254337500035763 3.6000000000000085
      vertex 109.48838000322579 15.311988125741482 3.6000000000000085
      vertex 109.4498100015044 15.421969997882844 3.6000000000000085
    endloop
  endfacet
  facet normal 0 0 1
    outer loop
      vertex 108.89205874825714 15.381614375114442 3.6000000000000085
      vertex 108.96156499857901 15.254337500035763 3.6000000000000085
      vertex 109.3396099987149 15.618792499601842 3.6000000000000085
    endloop
  endfacet
  facet normal 0 0 1
    outer loop
      vertex 108.96156499857901 15.254337500035763 3.6000000000000085
      vertex 109.4498100015044 15.421969997882844 3.6000000000000085
      vertex 109.4002200024843 15.524238127470017 3.6000000000000085
    endloop
  endfacet
  facet normal 0 0 1
    outer loop
      vertex 108.96156499857901 15.254337500035763 3.6000000000000085
      vertex 109.4002200024843 15.524238127470017 3.6000000000000085
      vertex 109.3396099987149 15.618792499601842 3.6000000000000085
    endloop
  endfacet
  facet normal 0 0 1
    outer loop
      vertex 108.79475000078676 15.485750000178815 3.6000000000000085
      vertex 108.89205874825714 15.381614375114442 3.6000000000000085
      vertex 109.18532999927996 15.784760001301766 3.6000000000000085
    endloop
  endfacet
  facet normal 0 0 1
    outer loop
      vertex 108.89205874825714 15.381614375114442 3.6000000000000085
      vertex 109.3396099987149 15.618792499601842 3.6000000000000085
      vertex 109.26797999764679 15.705633121728898 3.6000000000000085
    endloop
  endfacet
  facet normal 0 0 1
    outer loop
      vertex 110.80496999944447 14.260359998047353 3.6000000000000085
      vertex 110.80496999944447 15.670880000293256 3.6000000000000085
      vertex 110.28689000333546 16.085879999399186 3.6000000000000085
    endloop
  endfacet
  facet normal 0 0 1
    outer loop
      vertex 112.89841249908207 15.144222500920296 3.6000000000000085
      vertex 112.90903062696455 15.06825062185526 3.6000000000000085
      vertex 113.41141499902008 15.236262503266335 3.6000000000000085
    endloop
  endfacet
  facet normal 0 0 1
    outer loop
      vertex 112.90903062696455 15.06825062185526 3.6000000000000085
      vertex 113.42788125152586 15.118030625581742 3.6000000000000085
      vertex 113.41141499902008 15.236262503266335 3.6000000000000085
    endloop
  endfacet
  facet normal 0 0 1
    outer loop
      vertex 112.88071562672852 15.215235623717309 3.6000000000000085
      vertex 112.89841249908207 15.144222500920296 3.6000000000000085
      vertex 113.38397124732731 15.347415621578694 3.6000000000000085
    endloop
  endfacet
  facet normal 0 0 1
    outer loop
      vertex 112.89841249908207 15.144222500920296 3.6000000000000085
      vertex 113.41141499902008 15.236262503266335 3.6000000000000085
      vertex 113.38397124732731 15.347415621578694 3.6000000000000085
    endloop
  endfacet
  facet normal 0 0 1
    outer loop
      vertex 112.85594000245331 15.281289997696877 3.6000000000000085
      vertex 112.88071562672852 15.215235623717309 3.6000000000000085
      vertex 113.34554999644755 15.45149000287056 3.6000000000000085
    endloop
  endfacet
  facet normal 0 0 1
    outer loop
      vertex 112.88071562672852 15.215235623717309 3.6000000000000085
      vertex 113.38397124732731 15.347415621578694 3.6000000000000085
      vertex 113.34554999644755 15.45149000287056 3.6000000000000085
    endloop
  endfacet
  facet normal 0 0 1
    outer loop
      vertex 112.78515249813793 15.398522499203683 3.6000000000000085
      vertex 112.82408562625645 15.342385622859002 3.6000000000000085
      vertex 113.23577499712704 15.638402502238751 3.6000000000000085
    endloop
  endfacet
  facet normal 0 0 1
    outer loop
      vertex 112.82408562625645 15.342385622859002 3.6000000000000085
      vertex 112.85594000245331 15.281289997696877 3.6000000000000085
      vertex 113.29615124638079 15.548485624790192 3.6000000000000085
    endloop
  endfacet
  facet normal 0 0 1
    outer loop
      vertex 112.85594000245331 15.281289997696877 3.6000000000000085
      vertex 113.34554999644755 15.45149000287056 3.6000000000000085
      vertex 113.29615124638079 15.548485624790192 3.6000000000000085
    endloop
  endfacet
  facet normal 0 0 1
    outer loop
      vertex 112.73914062554834 15.44970062673092 3.6000000000000085
      vertex 112.78515249813793 15.398522499203683 3.6000000000000085
      vertex 113.1644212486863 15.721240627765656 3.6000000000000085
    endloop
  endfacet
  facet normal 0 0 1
    outer loop
      vertex 112.6860500010371 15.495919997990132 3.6000000000000085
      vertex 112.73914062554834 15.44970062673092 3.6000000000000085
      vertex 112.98968062127827 15.8647062510252 3.6000000000000085
    endloop
  endfacet
  facet normal 0 0 1
    outer loop
      vertex 112.82408562625645 15.342385622859002 3.6000000000000085
      vertex 113.29615124638079 15.548485624790192 3.6000000000000085
      vertex 113.23577499712704 15.638402502238751 3.6000000000000085
    endloop
  endfacet
  facet normal 0 0 1
    outer loop
      vertex 112.78515249813793 15.398522499203683 3.6000000000000085
      vertex 113.23577499712704 15.638402502238751 3.6000000000000085
      vertex 113.1644212486863 15.721240627765656 3.6000000000000085
    endloop
  endfacet
  facet normal 0 0 1
    outer loop
      vertex 107.099450002861 15.670880000293256 3.6000000000000085
      vertex 108.1274900021672 15.670880000293256 3.6000000000000085
      vertex 108.18984999830721 16.085879999399186 3.6000000000000085
    endloop
  endfacet
  facet normal 0 0 1
    outer loop
      vertex 108.1274900021672 15.670880000293256 3.6000000000000085
      vertex 108.3360087531328 15.659309375286103 3.6000000000000085
      vertex 108.18984999830721 16.085879999399186 3.6000000000000085
    endloop
  endfacet
  facet normal 0 0 1
    outer loop
      vertex 108.66963874871729 15.566744375228883 3.6000000000000085
      vertex 108.79475000078676 15.485750000178815 3.6000000000000085
      vertex 108.99088750357626 15.91649999767542 3.6000000000000085
    endloop
  endfacet
  facet normal 0 0 1
    outer loop
      vertex 108.89205874825714 15.381614375114442 3.6000000000000085
      vertex 109.26797999764679 15.705633121728898 3.6000000000000085
      vertex 109.18532999927996 15.784760001301766 3.6000000000000085
    endloop
  endfacet
  facet normal 0 0 1
    outer loop
      vertex 108.79475000078676 15.485750000178815 3.6000000000000085
      vertex 109.18532999927996 15.784760001301766 3.6000000000000085
      vertex 109.09264437432287 15.855335000157357 3.6000000000000085
    endloop
  endfacet
  facet normal 0 0 1
    outer loop
      vertex 108.5167249994993 15.624597500264645 3.6000000000000085
      vertex 108.66963874871729 15.566744375228883 3.6000000000000085
      vertex 108.76016000236271 16.01060000360012 3.6000000000000085
    endloop
  endfacet
  facet normal 0 0 1
    outer loop
      vertex 108.3360087531328 15.659309375286103 3.6000000000000085
      vertex 108.5167249994993 15.624597500264645 3.6000000000000085
      vertex 108.49314750308989 16.06705999672413 3.6000000000000085
    endloop
  endfacet
  facet normal 0 0 1
    outer loop
      vertex 108.79475000078676 15.485750000178815 3.6000000000000085
      vertex 109.09264437432287 15.855335000157357 3.6000000000000085
      vertex 108.99088750357626 15.91649999767542 3.6000000000000085
    endloop
  endfacet
  facet normal 0 0 1
    outer loop
      vertex 108.66963874871729 15.566744375228883 3.6000000000000085
      vertex 108.99088750357626 15.91649999767542 3.6000000000000085
      vertex 108.88005937213896 15.968255001306535 3.6000000000000085
    endloop
  endfacet
  facet normal 0 0 1
    outer loop
      vertex 107.099450002861 15.670880000293256 3.6000000000000085
      vertex 108.18984999830721 16.085879999399186 3.6000000000000085
      vertex 106.58136999930142 16.085879999399186 3.6000000000000085
    endloop
  endfacet
  facet normal 0 0 1
    outer loop
      vertex 108.3360087531328 15.659309375286103 3.6000000000000085
      vertex 108.49314750308989 16.06705999672413 3.6000000000000085
      vertex 108.34603437359331 16.081175002455712 3.6000000000000085
    endloop
  endfacet
  facet normal 0 0 1
    outer loop
      vertex 108.3360087531328 15.659309375286103 3.6000000000000085
      vertex 108.34603437359331 16.081175002455712 3.6000000000000085
      vertex 108.18984999830721 16.085879999399186 3.6000000000000085
    endloop
  endfacet
  facet normal 0 0 1
    outer loop
      vertex 108.66963874871729 15.566744375228883 3.6000000000000085
      vertex 108.88005937213896 15.968255001306535 3.6000000000000085
      vertex 108.76016000236271 16.01060000360012 3.6000000000000085
    endloop
  endfacet
  facet normal 0 0 1
    outer loop
      vertex 108.5167249994993 15.624597500264645 3.6000000000000085
      vertex 108.76016000236271 16.01060000360012 3.6000000000000085
      vertex 108.63118937189577 16.0435349971056 3.6000000000000085
    endloop
  endfacet
  facet normal 0 0 1
    outer loop
      vertex 108.5167249994993 15.624597500264645 3.6000000000000085
      vertex 108.63118937189577 16.0435349971056 3.6000000000000085
      vertex 108.49314750308989 16.06705999672413 3.6000000000000085
    endloop
  endfacet
  facet normal 0 0 1
    outer loop
      vertex 110.80496999944447 15.670880000293256 3.6000000000000085
      vertex 112.03373000348805 15.670880000293256 3.6000000000000085
      vertex 112.08525000090597 16.085879999399186 3.6000000000000085
    endloop
  endfacet
  facet normal 0 0 1
    outer loop
      vertex 112.62631500090359 15.536926250159741 3.6000000000000085
      vertex 112.6860500010371 15.495919997990132 3.6000000000000085
      vertex 112.88807250137327 15.92338499724865 3.6000000000000085
    endloop
  endfacet
  facet normal 0 0 1
    outer loop
      vertex 112.56034999663828 15.572464998066426 3.6000000000000085
      vertex 112.62631500090359 15.536926250159741 3.6000000000000085
      vertex 112.77726562644241 15.973036247491837 3.6000000000000085
    endloop
  endfacet
  facet normal 0 0 1
    outer loop
      vertex 112.73914062554834 15.44970062673092 3.6000000000000085
      vertex 113.08209000105856 15.797000001370908 3.6000000000000085
      vertex 112.98968062127827 15.8647062510252 3.6000000000000085
    endloop
  endfacet
  facet normal 0 0 1
    outer loop
      vertex 112.73914062554834 15.44970062673092 3.6000000000000085
      vertex 113.1644212486863 15.721240627765656 3.6000000000000085
      vertex 113.08209000105856 15.797000001370908 3.6000000000000085
    endloop
  endfacet
  facet normal 0 0 1
    outer loop
      vertex 112.40972999806402 15.627140003442765 3.6000000000000085
      vertex 112.48815500314234 15.602536249160767 3.6000000000000085
      vertex 112.52805562640427 16.045256252586842 3.6000000000000085
    endloop
  endfacet
  facet normal 0 0 1
    outer loop
      vertex 112.3250749963045 15.646276253461838 3.6000000000000085
      vertex 112.40972999806402 15.627140003442765 3.6000000000000085
      vertex 112.38965250129698 16.06782499998808 3.6000000000000085
    endloop
  endfacet
  facet normal 0 0 1
    outer loop
      vertex 112.48815500314234 15.602536249160767 3.6000000000000085
      vertex 112.56034999663828 15.572464998066426 3.6000000000000085
      vertex 112.65725999648569 16.01366000175476 3.6000000000000085
    endloop
  endfacet
  facet normal 0 0 1
    outer loop
      vertex 112.6860500010371 15.495919997990132 3.6000000000000085
      vertex 112.98968062127827 15.8647062510252 3.6000000000000085
      vertex 112.88807250137327 15.92338499724865 3.6000000000000085
    endloop
  endfacet
  facet normal 0 0 1
    outer loop
      vertex 112.03373000348805 15.670880000293256 3.6000000000000085
      vertex 112.1370750027418 15.668146248161793 3.6000000000000085
      vertex 112.08525000090597 16.085879999399186 3.6000000000000085
    endloop
  endfacet
  facet normal 0 0 1
    outer loop
      vertex 112.1370750027418 15.668146248161793 3.6000000000000085
      vertex 112.23418999786375 15.659944999217988 3.6000000000000085
      vertex 112.24205062861441 16.081366251409055 3.6000000000000085
    endloop
  endfacet
  facet normal 0 0 1
    outer loop
      vertex 112.23418999786375 15.659944999217988 3.6000000000000085
      vertex 112.3250749963045 15.646276253461838 3.6000000000000085
      vertex 112.38965250129698 16.06782499998808 3.6000000000000085
    endloop
  endfacet
  facet normal 0 0 1
    outer loop
      vertex 112.62631500090359 15.536926250159741 3.6000000000000085
      vertex 112.88807250137327 15.92338499724865 3.6000000000000085
      vertex 112.77726562644241 15.973036247491837 3.6000000000000085
    endloop
  endfacet
  facet normal 0 0 1
    outer loop
      vertex 110.80496999944447 15.670880000293256 3.6000000000000085
      vertex 112.08525000090597 16.085879999399186 3.6000000000000085
      vertex 110.28689000333546 16.085879999399186 3.6000000000000085
    endloop
  endfacet
  facet normal 0 0 1
    outer loop
      vertex 112.56034999663828 15.572464998066426 3.6000000000000085
      vertex 112.77726562644241 15.973036247491837 3.6000000000000085
      vertex 112.65725999648569 16.01366000175476 3.6000000000000085
    endloop
  endfacet
  facet normal 0 0 1
    outer loop
      vertex 112.48815500314234 15.602536249160767 3.6000000000000085
      vertex 112.65725999648569 16.01366000175476 3.6000000000000085
      vertex 112.52805562640427 16.045256252586842 3.6000000000000085
    endloop
  endfacet
  facet normal 0 0 1
    outer loop
      vertex 112.40972999806402 15.627140003442765 3.6000000000000085
      vertex 112.52805562640427 16.045256252586842 3.6000000000000085
      vertex 112.38965250129698 16.06782499998808 3.6000000000000085
    endloop
  endfacet
  facet normal 0 0 1
    outer loop
      vertex 112.23418999786375 15.659944999217988 3.6000000000000085
      vertex 112.38965250129698 16.06782499998808 3.6000000000000085
      vertex 112.24205062861441 16.081366251409055 3.6000000000000085
    endloop
  endfacet
  facet normal 0 0 1
    outer loop
      vertex 112.1370750027418 15.668146248161793 3.6000000000000085
      vertex 112.24205062861441 16.081366251409055 3.6000000000000085
      vertex 112.08525000090597 16.085879999399186 3.6000000000000085
    endloop
  endfacet
  facet normal 0 0 1
    outer loop
      vertex 114.81701000357864 14.436679999530316 3.6000000000000085
      vertex 114.81701000357864 15.662719997763634 3.6000000000000085
      vertex 114.29893000001906 16.085879999399186 3.6000000000000085
    endloop
  endfacet
  facet normal 0 0 1
    outer loop
      vertex 119.17624999905823 13.395080003142358 3.6000000000000085
      vertex 118.11836999977825 16.085879999399186 3.6000000000000085
      vertex 117.57312999988793 16.085879999399186 3.6000000000000085
    endloop
  endfacet
  facet normal 0 0 1
    outer loop
      vertex 121.22960999931095 16.085879999399186 3.6000000000000085
      vertex 120.68436999942062 16.085879999399186 3.6000000000000085
      vertex 119.63192999686001 13.395080003142358 3.6000000000000085
    endloop
  endfacet
  facet normal 0 0 1
    outer loop
      vertex 114.81701000357864 15.662719997763634 3.6000000000000085
      vertex 117.19857000137566 15.662719997763634 3.6000000000000085
      vertex 117.19857000137566 16.085879999399186 3.6000000000000085
    endloop
  endfacet
  facet normal 0 0 1
    outer loop
      vertex 114.81701000357864 15.662719997763634 3.6000000000000085
      vertex 117.19857000137566 16.085879999399186 3.6000000000000085
      vertex 114.29893000001906 16.085879999399186 3.6000000000000085
    endloop
  endfacet
  facet normal 0 0 -1
    outer loop
      vertex 133.47228999758957 12.687120001018048 2.980000000000004
      vertex 135.40356999958752 12.263959999382497 2.980000000000004
      vertex 132.95421000148056 12.263959999382497 2.980000000000004
    endloop
  endfacet
  facet normal 0 0 -1
    outer loop
      vertex 133.47228999758957 12.687120001018048 2.980000000000004
      vertex 135.40356999958752 12.687120001018048 2.980000000000004
      vertex 135.40356999958752 12.263959999382497 2.980000000000004
    endloop
  endfacet
  facet normal 0 0 -1
    outer loop
      vertex 129.7667700010061 13.75312000066042 2.980000000000004
      vertex 129.7667700010061 12.263959999382497 2.980000000000004
      vertex 129.24868999744652 12.263959999382497 2.980000000000004
    endloop
  endfacet
  facet normal 0 -1 0
    outer loop
      vertex 129.7667700010061 12.263959999382497 2.980000000000004
      vertex 129.24868999744652 12.263959999382497 3.6000000000000085
      vertex 129.24868999744652 12.263959999382497 2.980000000000004
    endloop
  endfacet
  facet normal 0 -1 0
    outer loop
      vertex 135.40356999958752 12.263959999382497 2.980000000000004
      vertex 132.95421000148056 12.263959999382497 3.6000000000000085
      vertex 132.95421000148056 12.263959999382497 2.980000000000004
    endloop
  endfacet
  facet normal 1 0 0
    outer loop
      vertex 135.40356999958752 12.687120001018048 2.980000000000004
      vertex 135.40356999958752 12.263959999382497 3.6000000000000085
      vertex 135.40356999958752 12.263959999382497 2.980000000000004
    endloop
  endfacet
  facet normal 0 1 0
    outer loop
      vertex 133.47228999758957 12.687120001018048 2.980000000000004
      vertex 135.40356999958752 12.687120001018048 3.6000000000000085
      vertex 135.40356999958752 12.687120001018048 2.980000000000004
    endloop
  endfacet
  facet normal 1 0 0
    outer loop
      vertex 129.7667700010061 13.75312000066042 2.980000000000004
      vertex 129.7667700010061 12.263959999382497 3.6000000000000085
      vertex 129.7667700010061 12.263959999382497 2.980000000000004
    endloop
  endfacet
  facet normal 0 0 -1
    outer loop
      vertex 132.95421000148056 12.263959999382497 2.980000000000004
      vertex 132.95421000148056 16.085879999399186 2.980000000000004
      vertex 133.47228999758957 12.687120001018048 2.980000000000004
    endloop
  endfacet
  facet normal 0 0 -1
    outer loop
      vertex 130.81648999775646 14.162719997763634 2.980000000000004
      vertex 130.88973000223635 13.75312000066042 2.980000000000004
      vertex 129.7667700010061 13.75312000066042 2.980000000000004
    endloop
  endfacet
  facet normal 0 0 -1
    outer loop
      vertex 131.01992749745844 14.174714374542237 2.980000000000004
      vertex 131.0376668753743 13.758121247589589 2.980000000000004
      vertex 130.88973000223635 13.75312000066042 2.980000000000004
    endloop
  endfacet
  facet normal 0 0 -1
    outer loop
      vertex 131.01992749745844 14.174714374542237 2.980000000000004
      vertex 131.17767750049828 13.773125003278256 2.980000000000004
      vertex 131.0376668753743 13.758121247589589 2.980000000000004
    endloop
  endfacet
  facet normal 0 0 -1
    outer loop
      vertex 131.19624000365732 14.210697497427464 2.980000000000004
      vertex 131.30976187760828 13.79813125282526 2.980000000000004
      vertex 131.17767750049828 13.773125003278256 2.980000000000004
    endloop
  endfacet
  facet normal 0 0 -1
    outer loop
      vertex 129.7667700010061 13.75312000066042 2.980000000000004
      vertex 129.24868999744652 12.263959999382497 2.980000000000004
      vertex 129.24868999744652 16.085879999399186 2.980000000000004
    endloop
  endfacet
  facet normal 0 0 -1
    outer loop
      vertex 129.7667700010061 14.162719997763634 2.980000000000004
      vertex 130.81648999775646 14.162719997763634 2.980000000000004
      vertex 129.7667700010061 13.75312000066042 2.980000000000004
    endloop
  endfacet
  facet normal 0 0 -1
    outer loop
      vertex 130.81648999775646 14.162719997763634 2.980000000000004
      vertex 131.01992749745844 14.174714374542237 2.980000000000004
      vertex 130.88973000223635 13.75312000066042 2.980000000000004
    endloop
  endfacet
  facet normal 0 0 -1
    outer loop
      vertex 131.01992749745844 14.174714374542237 2.980000000000004
      vertex 131.19624000365732 14.210697497427464 2.980000000000004
      vertex 131.17767750049828 13.773125003278256 2.980000000000004
    endloop
  endfacet
  facet normal 0 0 -1
    outer loop
      vertex 131.19624000365732 14.210697497427464 2.980000000000004
      vertex 131.43391999925373 13.833140003681184 2.980000000000004
      vertex 131.30976187760828 13.79813125282526 2.980000000000004
    endloop
  endfacet
  facet normal 0 0 -1
    outer loop
      vertex 131.34542750145195 14.270669373869897 2.980000000000004
      vertex 131.5501518728852 13.878151248395444 2.980000000000004
      vertex 131.43391999925373 13.833140003681184 2.980000000000004
    endloop
  endfacet
  facet normal 0 0 -1
    outer loop
      vertex 131.34542750145195 14.270669373869897 2.980000000000004
      vertex 131.6584574985027 13.933165001869202 2.980000000000004
      vertex 131.5501518728852 13.878151248395444 2.980000000000004
    endloop
  endfacet
  facet normal 0 0 -1
    outer loop
      vertex 131.19624000365732 14.210697497427464 2.980000000000004
      vertex 131.34542750145195 14.270669373869897 2.980000000000004
      vertex 131.43391999925373 13.833140003681184 2.980000000000004
    endloop
  endfacet
  facet normal 0 0 -1
    outer loop
      vertex 131.4674899982929 14.354629996418954 2.980000000000004
      vertex 131.75883687610624 13.998181249201298 2.980000000000004
      vertex 131.6584574985027 13.933165001869202 2.980000000000004
    endloop
  endfacet
  facet normal 0 0 -1
    outer loop
      vertex 131.4674899982929 14.354629996418954 2.980000000000004
      vertex 131.85128999824522 14.073199997842313 2.980000000000004
      vertex 131.75883687610624 13.998181249201298 2.980000000000004
    endloop
  endfacet
  facet normal 0 -1 0
    outer loop
      vertex 130.88973000223635 13.75312000066042 2.980000000000004
      vertex 129.7667700010061 13.75312000066042 3.6000000000000085
      vertex 129.7667700010061 13.75312000066042 2.980000000000004
    endloop
  endfacet
  facet normal 0.03378732656464524 -0.999429045287165 0
    outer loop
      vertex 131.0376668753743 13.758121247589589 2.980000000000004
      vertex 130.88973000223635 13.75312000066042 3.6000000000000085
      vertex 130.88973000223635 13.75312000066042 2.980000000000004
    endloop
  endfacet
  facet normal 0.10655149970416451 -0.994307184883421 0
    outer loop
      vertex 131.17767750049828 13.773125003278256 2.980000000000004
      vertex 131.0376668753743 13.758121247589589 3.6000000000000085
      vertex 131.0376668753743 13.758121247589589 2.980000000000004
    endloop
  endfacet
  facet normal 0.18601600629922635 -0.9825467141059941 0
    outer loop
      vertex 131.30976187760828 13.79813125282526 2.980000000000004
      vertex 131.17767750049828 13.773125003278256 3.6000000000000085
      vertex 131.17767750049828 13.773125003278256 2.980000000000004
    endloop
  endfacet
  facet normal 0.271386873942298 -0.9624703448168297 0
    outer loop
      vertex 131.43391999925373 13.833140003681184 2.980000000000004
      vertex 131.30976187760828 13.79813125282526 3.6000000000000085
      vertex 131.30976187760828 13.79813125282526 2.980000000000004
    endloop
  endfacet
  facet normal 0.3611215160428887 -0.9325187669161868 0
    outer loop
      vertex 131.5501518728852 13.878151248395444 2.980000000000004
      vertex 131.43391999925373 13.833140003681184 3.6000000000000085
      vertex 131.43391999925373 13.833140003681184 2.980000000000004
    endloop
  endfacet
  facet normal 0.4528744361570937 -0.8915743070969432 0
    outer loop
      vertex 131.6584574985027 13.933165001869202 2.980000000000004
      vertex 131.5501518728852 13.878151248395444 3.6000000000000085
      vertex 131.5501518728852 13.878151248395444 2.980000000000004
    endloop
  endfacet
  facet normal 0 1 0
    outer loop
      vertex 129.7667700010061 14.162719997763634 2.980000000000004
      vertex 129.7667700010061 14.162719997763634 3.6000000000000085
      vertex 130.81648999775646 14.162719997763634 2.980000000000004
    endloop
  endfacet
  facet normal 0.5436336457554906 -0.8393226192606713 0
    outer loop
      vertex 131.75883687610624 13.998181249201298 2.980000000000004
      vertex 131.6584574985027 13.933165001869202 3.6000000000000085
      vertex 131.6584574985027 13.933165001869202 2.980000000000004
    endloop
  endfacet
  facet normal 0.6300895400432093 -0.7765224861703215 0
    outer loop
      vertex 131.85128999824522 14.073199997842313 2.980000000000004
      vertex 131.75883687610624 13.998181249201298 3.6000000000000085
      vertex 131.75883687610624 13.998181249201298 2.980000000000004
    endloop
  endfacet
  facet normal -0.058856327420704416 0.9982664637873732 0
    outer loop
      vertex 130.81648999775646 14.162719997763634 2.980000000000004
      vertex 130.81648999775646 14.162719997763634 3.6000000000000085
      vertex 131.01992749745844 14.174714374542237 2.980000000000004
    endloop
  endfacet
  facet normal 0.7093386453881037 -0.7048678501385703 0
    outer loop
      vertex 131.93425874735115 14.156694996356965 2.980000000000004
      vertex 131.85128999824522 14.073199997842313 3.6000000000000085
      vertex 131.85128999824522 14.073199997842313 2.980000000000004
    endloop
  endfacet
  facet normal 1 0 0
    outer loop
      vertex 133.47228999758957 16.085879999399186 2.980000000000004
      vertex 133.47228999758957 12.687120001018048 3.6000000000000085
      vertex 133.47228999758957 12.687120001018048 2.980000000000004
    endloop
  endfacet
  facet normal 0 -1 0
    outer loop
      vertex 129.7667700010061 12.263959999382497 2.980000000000004
      vertex 129.7667700010061 12.263959999382497 3.6000000000000085
      vertex 129.24868999744652 12.263959999382497 3.6000000000000085
    endloop
  endfacet
  facet normal 0 -1 0
    outer loop
      vertex 135.40356999958752 12.263959999382497 2.980000000000004
      vertex 135.40356999958752 12.263959999382497 3.6000000000000085
      vertex 132.95421000148056 12.263959999382497 3.6000000000000085
    endloop
  endfacet
  facet normal 1 0 0
    outer loop
      vertex 135.40356999958752 12.687120001018048 2.980000000000004
      vertex 135.40356999958752 12.687120001018048 3.6000000000000085
      vertex 135.40356999958752 12.263959999382497 3.6000000000000085
    endloop
  endfacet
  facet normal 0 1 0
    outer loop
      vertex 133.47228999758957 12.687120001018048 2.980000000000004
      vertex 133.47228999758957 12.687120001018048 3.6000000000000085
      vertex 135.40356999958752 12.687120001018048 3.6000000000000085
    endloop
  endfacet
  facet normal 0 0 1
    outer loop
      vertex 132.95421000148056 12.263959999382497 3.6000000000000085
      vertex 135.40356999958752 12.263959999382497 3.6000000000000085
      vertex 133.47228999758957 12.687120001018048 3.6000000000000085
    endloop
  endfacet
  facet normal 0 0 1
    outer loop
      vertex 135.40356999958752 12.263959999382497 3.6000000000000085
      vertex 135.40356999958752 12.687120001018048 3.6000000000000085
      vertex 133.47228999758957 12.687120001018048 3.6000000000000085
    endloop
  endfacet
  facet normal 0 0 1
    outer loop
      vertex 129.24868999744652 12.263959999382497 3.6000000000000085
      vertex 129.7667700010061 12.263959999382497 3.6000000000000085
      vertex 129.7667700010061 13.75312000066042 3.6000000000000085
    endloop
  endfacet
  facet normal 1 0 0
    outer loop
      vertex 129.7667700010061 13.75312000066042 2.980000000000004
      vertex 129.7667700010061 13.75312000066042 3.6000000000000085
      vertex 129.7667700010061 12.263959999382497 3.6000000000000085
    endloop
  endfacet
  facet normal -1 0 0
    outer loop
      vertex 129.24868999744652 12.263959999382497 2.980000000000004
      vertex 129.24868999744652 12.263959999382497 3.6000000000000085
      vertex 129.24868999744652 16.085879999399186 3.6000000000000085
    endloop
  endfacet
  facet normal -1 0 0
    outer loop
      vertex 132.95421000148056 12.263959999382497 2.980000000000004
      vertex 132.95421000148056 12.263959999382497 3.6000000000000085
      vertex 132.95421000148056 16.085879999399186 3.6000000000000085
    endloop
  endfacet
  facet normal 0 -1 0
    outer loop
      vertex 130.88973000223635 13.75312000066042 2.980000000000004
      vertex 130.88973000223635 13.75312000066042 3.6000000000000085
      vertex 129.7667700010061 13.75312000066042 3.6000000000000085
    endloop
  endfacet
  facet normal 0.03378732656464524 -0.999429045287165 0
    outer loop
      vertex 131.0376668753743 13.758121247589589 2.980000000000004
      vertex 131.0376668753743 13.758121247589589 3.6000000000000085
      vertex 130.88973000223635 13.75312000066042 3.6000000000000085
    endloop
  endfacet
  facet normal 0.10655149970416451 -0.994307184883421 0
    outer loop
      vertex 131.17767750049828 13.773125003278256 2.980000000000004
      vertex 131.17767750049828 13.773125003278256 3.6000000000000085
      vertex 131.0376668753743 13.758121247589589 3.6000000000000085
    endloop
  endfacet
  facet normal 0.18601600629922635 -0.9825467141059941 0
    outer loop
      vertex 131.30976187760828 13.79813125282526 2.980000000000004
      vertex 131.30976187760828 13.79813125282526 3.6000000000000085
      vertex 131.17767750049828 13.773125003278256 3.6000000000000085
    endloop
  endfacet
  facet normal 0.271386873942298 -0.9624703448168297 0
    outer loop
      vertex 131.43391999925373 13.833140003681184 2.980000000000004
      vertex 131.43391999925373 13.833140003681184 3.6000000000000085
      vertex 131.30976187760828 13.79813125282526 3.6000000000000085
    endloop
  endfacet
  facet normal 0.3611215160428887 -0.9325187669161868 0
    outer loop
      vertex 131.5501518728852 13.878151248395444 2.980000000000004
      vertex 131.5501518728852 13.878151248395444 3.6000000000000085
      vertex 131.43391999925373 13.833140003681184 3.6000000000000085
    endloop
  endfacet
  facet normal 0.4528744361570937 -0.8915743070969432 0
    outer loop
      vertex 131.6584574985027 13.933165001869202 2.980000000000004
      vertex 131.6584574985027 13.933165001869202 3.6000000000000085
      vertex 131.5501518728852 13.878151248395444 3.6000000000000085
    endloop
  endfacet
  facet normal 0.5436336457554906 -0.8393226192606713 0
    outer loop
      vertex 131.75883687610624 13.998181249201298 2.980000000000004
      vertex 131.75883687610624 13.998181249201298 3.6000000000000085
      vertex 131.6584574985027 13.933165001869202 3.6000000000000085
    endloop
  endfacet
  facet normal 0.6300895400432093 -0.7765224861703215 0
    outer loop
      vertex 131.85128999824522 14.073199997842313 2.980000000000004
      vertex 131.85128999824522 14.073199997842313 3.6000000000000085
      vertex 131.75883687610624 13.998181249201298 3.6000000000000085
    endloop
  endfacet
  facet normal 0 1 0
    outer loop
      vertex 130.81648999775646 14.162719997763634 3.6000000000000085
      vertex 130.81648999775646 14.162719997763634 2.980000000000004
      vertex 129.7667700010061 14.162719997763634 3.6000000000000085
    endloop
  endfacet
  facet normal -0.058856327420704416 0.9982664637873732 0
    outer loop
      vertex 131.01992749745844 14.174714374542237 3.6000000000000085
      vertex 131.01992749745844 14.174714374542237 2.980000000000004
      vertex 130.81648999775646 14.162719997763634 3.6000000000000085
    endloop
  endfacet
  facet normal 0.7093386453881037 -0.7048678501385703 0
    outer loop
      vertex 131.93425874735115 14.156694996356965 2.980000000000004
      vertex 131.93425874735115 14.156694996356965 3.6000000000000085
      vertex 131.85128999824522 14.073199997842313 3.6000000000000085
    endloop
  endfacet
  facet normal 0 0 1
    outer loop
      vertex 133.47228999758957 12.687120001018048 3.6000000000000085
      vertex 132.95421000148056 16.085879999399186 3.6000000000000085
      vertex 132.95421000148056 12.263959999382497 3.6000000000000085
    endloop
  endfacet
  facet normal 0 0 1
    outer loop
      vertex 129.7667700010061 13.75312000066042 3.6000000000000085
      vertex 130.88973000223635 13.75312000066042 3.6000000000000085
      vertex 130.81648999775646 14.162719997763634 3.6000000000000085
    endloop
  endfacet
  facet normal 0 0 1
    outer loop
      vertex 130.88973000223635 13.75312000066042 3.6000000000000085
      vertex 131.0376668753743 13.758121247589589 3.6000000000000085
      vertex 131.01992749745844 14.174714374542237 3.6000000000000085
    endloop
  endfacet
  facet normal 0 0 1
    outer loop
      vertex 131.0376668753743 13.758121247589589 3.6000000000000085
      vertex 131.17767750049828 13.773125003278256 3.6000000000000085
      vertex 131.01992749745844 14.174714374542237 3.6000000000000085
    endloop
  endfacet
  facet normal 0 0 1
    outer loop
      vertex 131.17767750049828 13.773125003278256 3.6000000000000085
      vertex 131.30976187760828 13.79813125282526 3.6000000000000085
      vertex 131.19624000365732 14.210697497427464 3.6000000000000085
    endloop
  endfacet
  facet normal 0 0 1
    outer loop
      vertex 129.24868999744652 16.085879999399186 3.6000000000000085
      vertex 129.24868999744652 12.263959999382497 3.6000000000000085
      vertex 129.7667700010061 13.75312000066042 3.6000000000000085
    endloop
  endfacet
  facet normal 0 0 1
    outer loop
      vertex 129.7667700010061 13.75312000066042 3.6000000000000085
      vertex 130.81648999775646 14.162719997763634 3.6000000000000085
      vertex 129.7667700010061 14.162719997763634 3.6000000000000085
    endloop
  endfacet
  facet normal 0 0 1
    outer loop
      vertex 130.88973000223635 13.75312000066042 3.6000000000000085
      vertex 131.01992749745844 14.174714374542237 3.6000000000000085
      vertex 130.81648999775646 14.162719997763634 3.6000000000000085
    endloop
  endfacet
  facet normal 0 0 1
    outer loop
      vertex 131.17767750049828 13.773125003278256 3.6000000000000085
      vertex 131.19624000365732 14.210697497427464 3.6000000000000085
      vertex 131.01992749745844 14.174714374542237 3.6000000000000085
    endloop
  endfacet
  facet normal 0 0 1
    outer loop
      vertex 131.30976187760828 13.79813125282526 3.6000000000000085
      vertex 131.43391999925373 13.833140003681184 3.6000000000000085
      vertex 131.19624000365732 14.210697497427464 3.6000000000000085
    endloop
  endfacet
  facet normal 0 0 1
    outer loop
      vertex 131.43391999925373 13.833140003681184 3.6000000000000085
      vertex 131.5501518728852 13.878151248395444 3.6000000000000085
      vertex 131.34542750145195 14.270669373869897 3.6000000000000085
    endloop
  endfacet
  facet normal 0 0 1
    outer loop
      vertex 131.5501518728852 13.878151248395444 3.6000000000000085
      vertex 131.6584574985027 13.933165001869202 3.6000000000000085
      vertex 131.34542750145195 14.270669373869897 3.6000000000000085
    endloop
  endfacet
  facet normal 0 0 1
    outer loop
      vertex 131.43391999925373 13.833140003681184 3.6000000000000085
      vertex 131.34542750145195 14.270669373869897 3.6000000000000085
      vertex 131.19624000365732 14.210697497427464 3.6000000000000085
    endloop
  endfacet
  facet normal 0 0 1
    outer loop
      vertex 131.6584574985027 13.933165001869202 3.6000000000000085
      vertex 131.75883687610624 13.998181249201298 3.6000000000000085
      vertex 131.4674899982929 14.354629996418954 3.6000000000000085
    endloop
  endfacet
  facet normal 0 0 1
    outer loop
      vertex 131.75883687610624 13.998181249201298 3.6000000000000085
      vertex 131.85128999824522 14.073199997842313 3.6000000000000085
      vertex 131.4674899982929 14.354629996418954 3.6000000000000085
    endloop
  endfacet
  facet normal 0 0 -1
    outer loop
      vertex 131.34542750145195 14.270669373869897 2.980000000000004
      vertex 131.4674899982929 14.354629996418954 2.980000000000004
      vertex 131.6584574985027 13.933165001869202 2.980000000000004
    endloop
  endfacet
  facet normal 0 0 -1
    outer loop
      vertex 131.56242750163076 14.462579372525216 2.980000000000004
      vertex 131.93425874735115 14.156694996356965 2.980000000000004
      vertex 131.85128999824522 14.073199997842313 2.980000000000004
    endloop
  endfacet
  facet normal 0 0 -1
    outer loop
      vertex 131.56242750163076 14.462579372525216 2.980000000000004
      vertex 132.00616500104664 14.247140000760556 2.980000000000004
      vertex 131.93425874735115 14.156694996356965 2.980000000000004
    endloop
  endfacet
  facet normal 0 0 -1
    outer loop
      vertex 131.4674899982929 14.354629996418954 2.980000000000004
      vertex 131.56242750163076 14.462579372525216 2.980000000000004
      vertex 131.85128999824522 14.073199997842313 2.980000000000004
    endloop
  endfacet
  facet normal 0 0 -1
    outer loop
      vertex 131.63023999656437 14.594517502188683 2.980000000000004
      vertex 132.0670087518811 14.344535003602505 2.980000000000004
      vertex 132.00616500104664 14.247140000760556 2.980000000000004
    endloop
  endfacet
  facet normal 0 0 -1
    outer loop
      vertex 131.56242750163076 14.462579372525216 2.980000000000004
      vertex 131.63023999656437 14.594517502188683 2.980000000000004
      vertex 132.00616500104664 14.247140000760556 2.980000000000004
    endloop
  endfacet
  facet normal 0 0 -1
    outer loop
      vertex 131.63023999656437 14.594517502188683 2.980000000000004
      vertex 132.11678999985455 14.448879997432233 2.980000000000004
      vertex 132.0670087518811 14.344535003602505 2.980000000000004
    endloop
  endfacet
  facet normal 0 0 -1
    outer loop
      vertex 131.63023999656437 14.594517502188683 2.980000000000004
      vertex 132.15550875241755 14.560174997150899 2.980000000000004
      vertex 132.11678999985455 14.448879997432233 2.980000000000004
    endloop
  endfacet
  facet normal 0 0 -1
    outer loop
      vertex 131.63023999656437 14.594517502188683 2.980000000000004
      vertex 131.67092749799488 14.750444377958775 2.980000000000004
      vertex 132.15550875241755 14.560174997150899 2.980000000000004
    endloop
  endfacet
  facet normal 0 0 -1
    outer loop
      vertex 129.7667700010061 13.75312000066042 2.980000000000004
      vertex 129.24868999744652 16.085879999399186 2.980000000000004
      vertex 129.7667700010061 14.162719997763634 2.980000000000004
    endloop
  endfacet
  facet normal 0 0 -1
    outer loop
      vertex 131.67092749799488 14.750444377958775 2.980000000000004
      vertex 132.18316500211952 14.678420002758504 2.980000000000004
      vertex 132.15550875241755 14.560174997150899 2.980000000000004
    endloop
  endfacet
  facet normal 0 0 -1
    outer loop
      vertex 131.67092749799488 14.750444377958775 2.980000000000004
      vertex 132.19975874896048 14.803614999353886 2.980000000000004
      vertex 132.18316500211952 14.678420002758504 2.980000000000004
    endloop
  endfacet
  facet normal 0 0 -1
    outer loop
      vertex 131.67092749799488 14.750444377958775 2.980000000000004
      vertex 131.68448999847172 14.930359999835492 2.980000000000004
      vertex 132.19975874896048 14.803614999353886 2.980000000000004
    endloop
  endfacet
  facet normal 0 0 -1
    outer loop
      vertex 131.68448999847172 14.930359999835492 2.980000000000004
      vertex 132.205290000391 14.935760001838208 2.980000000000004
      vertex 132.19975874896048 14.803614999353886 2.980000000000004
    endloop
  endfacet
  facet normal 0 0 -1
    outer loop
      vertex 132.19977999801634 15.068883123993874 2.980000000000004
      vertex 132.205290000391 14.935760001838208 2.980000000000004
      vertex 131.68448999847172 14.930359999835492 2.980000000000004
    endloop
  endfacet
  facet normal 0 0 -1
    outer loop
      vertex 132.19977999801634 15.068883123993874 2.980000000000004
      vertex 131.68448999847172 14.930359999835492 2.980000000000004
      vertex 131.67058874989746 15.10391937494278 2.980000000000004
    endloop
  endfacet
  facet normal 0 0 -1
    outer loop
      vertex 132.18324999834297 15.194292503595353 2.980000000000004
      vertex 132.19977999801634 15.068883123993874 2.980000000000004
      vertex 131.67058874989746 15.10391937494278 2.980000000000004
    endloop
  endfacet
  facet normal 0 0 -1
    outer loop
      vertex 132.95421000148056 16.085879999399186 2.980000000000004
      vertex 133.47228999758957 16.085879999399186 2.980000000000004
      vertex 133.47228999758957 12.687120001018048 2.980000000000004
    endloop
  endfacet
  facet normal -0.1999652336900437 0.9798029931140679 0
    outer loop
      vertex 131.01992749745844 14.174714374542237 2.980000000000004
      vertex 131.01992749745844 14.174714374542237 3.6000000000000085
      vertex 131.19624000365732 14.210697497427464 2.980000000000004
    endloop
  endfacet
  facet normal -0.37298182275027336 0.9278386497111897 0
    outer loop
      vertex 131.19624000365732 14.210697497427464 2.980000000000004
      vertex 131.19624000365732 14.210697497427464 3.6000000000000085
      vertex 131.34542750145195 14.270669373869897 2.980000000000004
    endloop
  endfacet
  facet normal 0.7827639331721012 -0.6223187486529247 0
    outer loop
      vertex 132.00616500104664 14.247140000760556 2.980000000000004
      vertex 131.93425874735115 14.156694996356965 3.6000000000000085
      vertex 131.93425874735115 14.156694996356965 2.980000000000004
    endloop
  endfacet
  facet normal 0.8481083614847016 -0.5298228073419778 0
    outer loop
      vertex 132.0670087518811 14.344535003602505 2.980000000000004
      vertex 132.00616500104664 14.247140000760556 3.6000000000000085
      vertex 132.00616500104664 14.247140000760556 2.980000000000004
    endloop
  endfacet
  facet normal -0.5667243194941053 0.8239074861256834 0
    outer loop
      vertex 131.34542750145195 14.270669373869897 2.980000000000004
      vertex 131.34542750145195 14.270669373869897 3.6000000000000085
      vertex 131.4674899982929 14.354629996418954 2.980000000000004
    endloop
  endfacet
  facet normal -0.7509133934985891 0.6604006931132287 0
    outer loop
      vertex 131.4674899982929 14.354629996418954 2.980000000000004
      vertex 131.4674899982929 14.354629996418954 3.6000000000000085
      vertex 131.56242750163076 14.462579372525216 2.980000000000004
    endloop
  endfacet
  facet normal 0.9025475065196747 -0.43059029073484434 0
    outer loop
      vertex 132.11678999985455 14.448879997432233 2.980000000000004
      vertex 132.0670087518811 14.344535003602505 3.6000000000000085
      vertex 132.0670087518811 14.344535003602505 2.980000000000004
    endloop
  endfacet
  facet normal -0.8894012813112142 0.45712729168358623 0
    outer loop
      vertex 131.56242750163076 14.462579372525216 2.980000000000004
      vertex 131.56242750163076 14.462579372525216 3.6000000000000085
      vertex 131.63023999656437 14.594517502188683 2.980000000000004
    endloop
  endfacet
  facet normal -0.9676007113586342 0.25248537260258297 0
    outer loop
      vertex 131.63023999656437 14.594517502188683 2.980000000000004
      vertex 131.63023999656437 14.594517502188683 3.6000000000000085
      vertex 131.67092749799488 14.750444377958775 2.980000000000004
    endloop
  endfacet
  facet normal 0.9444771823464065 -0.32857701080111007 0
    outer loop
      vertex 132.15550875241755 14.560174997150899 2.980000000000004
      vertex 132.11678999985455 14.448879997432233 3.6000000000000085
      vertex 132.11678999985455 14.448879997432233 2.980000000000004
    endloop
  endfacet
  facet normal 0.9737212652013904 -0.22774305191290398 0
    outer loop
      vertex 132.18316500211952 14.678420002758504 2.980000000000004
      vertex 132.15550875241755 14.560174997150899 3.6000000000000085
      vertex 132.15550875241755 14.560174997150899 2.980000000000004
    endloop
  endfacet
  facet normal -1 0 0
    outer loop
      vertex 129.24868999744652 12.263959999382497 2.980000000000004
      vertex 129.24868999744652 16.085879999399186 3.6000000000000085
      vertex 129.24868999744652 16.085879999399186 2.980000000000004
    endloop
  endfacet
  facet normal -0.9971707868157773 0.07516928841756824 0
    outer loop
      vertex 131.67092749799488 14.750444377958775 2.980000000000004
      vertex 131.67092749799488 14.750444377958775 3.6000000000000085
      vertex 131.68448999847172 14.930359999835492 2.980000000000004
    endloop
  endfacet
  facet normal -0.9968077417675464 -0.07983937595124725 0
    outer loop
      vertex 131.68448999847172 14.930359999835492 2.980000000000004
      vertex 131.68448999847172 14.930359999835492 3.6000000000000085
      vertex 131.67058874989746 15.10391937494278 2.980000000000004
    endloop
  endfacet
  facet normal 0.9913302140072723 -0.1313940896551128 0
    outer loop
      vertex 132.19975874896048 14.803614999353886 2.980000000000004
      vertex 132.18316500211952 14.678420002758504 3.6000000000000085
      vertex 132.18316500211952 14.678420002758504 2.980000000000004
    endloop
  endfacet
  facet normal -1 0 0
    outer loop
      vertex 132.95421000148056 12.263959999382497 2.980000000000004
      vertex 132.95421000148056 16.085879999399186 3.6000000000000085
      vertex 132.95421000148056 16.085879999399186 2.980000000000004
    endloop
  endfacet
  facet normal 0.9991251268297079 -0.04182081942669352 0
    outer loop
      vertex 132.205290000391 14.935760001838208 2.980000000000004
      vertex 132.19975874896048 14.803614999353886 3.6000000000000085
      vertex 132.19975874896048 14.803614999353886 2.980000000000004
    endloop
  endfacet
  facet normal 0.9991445216668828 0.04135486456338179 0
    outer loop
      vertex 132.19977999801634 15.068883123993874 2.980000000000004
      vertex 132.205290000391 14.935760001838208 3.6000000000000085
      vertex 132.205290000391 14.935760001838208 2.980000000000004
    endloop
  endfacet
  facet normal 0.9914248577206486 0.13067804518583695 0
    outer loop
      vertex 132.18324999834297 15.194292503595353 2.980000000000004
      vertex 132.19977999801634 15.068883123993874 3.6000000000000085
      vertex 132.19977999801634 15.068883123993874 2.980000000000004
    endloop
  endfacet
  facet normal 0 0 -1
    outer loop
      vertex 129.24868999744652 16.085879999399186 2.980000000000004
      vertex 129.7667700010061 15.670880000293256 2.980000000000004
      vertex 129.7667700010061 14.162719997763634 2.980000000000004
    endloop
  endfacet
  facet normal 0 0 -1
    outer loop
      vertex 132.1557000013709 15.311988125741482 2.980000000000004
      vertex 132.18324999834297 15.194292503595353 2.980000000000004
      vertex 131.67058874989746 15.10391937494278 2.980000000000004
    endloop
  endfacet
  facet normal 0 0 -1
    outer loop
      vertex 132.1557000013709 15.311988125741482 2.980000000000004
      vertex 131.67058874989746 15.10391937494278 2.980000000000004
      vertex 131.6288849967241 15.254337500035763 2.980000000000004
    endloop
  endfacet
  facet normal 0 0 -1
    outer loop
      vertex 132.1171299996495 15.421969997882844 2.980000000000004
      vertex 132.1557000013709 15.311988125741482 2.980000000000004
      vertex 131.6288849967241 15.254337500035763 2.980000000000004
    endloop
  endfacet
  facet normal 0 0 -1
    outer loop
      vertex 132.00692999686 15.618792499601842 2.980000000000004
      vertex 131.6288849967241 15.254337500035763 2.980000000000004
      vertex 131.55937874640225 15.381614375114442 2.980000000000004
    endloop
  endfacet
  facet normal 0 0 -1
    outer loop
      vertex 132.0675400006294 15.524238127470017 2.980000000000004
      vertex 132.1171299996495 15.421969997882844 2.980000000000004
      vertex 131.6288849967241 15.254337500035763 2.980000000000004
    endloop
  endfacet
  facet normal 0 0 -1
    outer loop
      vertex 132.00692999686 15.618792499601842 2.980000000000004
      vertex 132.0675400006294 15.524238127470017 2.980000000000004
      vertex 131.6288849967241 15.254337500035763 2.980000000000004
    endloop
  endfacet
  facet normal 0 0 -1
    outer loop
      vertex 131.85264999742506 15.784760001301766 2.980000000000004
      vertex 131.55937874640225 15.381614375114442 2.980000000000004
      vertex 131.46206999893187 15.485750000178815 2.980000000000004
    endloop
  endfacet
  facet normal 0 0 -1
    outer loop
      vertex 131.93530000324247 15.705633121728898 2.980000000000004
      vertex 132.00692999686 15.618792499601842 2.980000000000004
      vertex 131.55937874640225 15.381614375114442 2.980000000000004
    endloop
  endfacet
  facet normal 0 0 -1
    outer loop
      vertex 131.65820750172136 15.91649999767542 2.980000000000004
      vertex 131.46206999893187 15.485750000178815 2.980000000000004
      vertex 131.3369587468624 15.566744375228883 2.980000000000004
    endloop
  endfacet
  facet normal 0 0 -1
    outer loop
      vertex 131.85264999742506 15.784760001301766 2.980000000000004
      vertex 131.93530000324247 15.705633121728898 2.980000000000004
      vertex 131.55937874640225 15.381614375114442 2.980000000000004
    endloop
  endfacet
  facet normal 0 0 -1
    outer loop
      vertex 131.75996437246798 15.855335000157357 2.980000000000004
      vertex 131.85264999742506 15.784760001301766 2.980000000000004
      vertex 131.46206999893187 15.485750000178815 2.980000000000004
    endloop
  endfacet
  facet normal 0 0 -1
    outer loop
      vertex 131.160467501235 16.06705999672413 2.980000000000004
      vertex 131.1840449976444 15.624597500264645 2.980000000000004
      vertex 131.0033287512779 15.659309375286103 2.980000000000004
    endloop
  endfacet
  facet normal 0 0 -1
    outer loop
      vertex 130.8571699964523 16.085879999399186 2.980000000000004
      vertex 130.7948100003123 15.670880000293256 2.980000000000004
      vertex 129.7667700010061 15.670880000293256 2.980000000000004
    endloop
  endfacet
  facet normal 0 0 -1
    outer loop
      vertex 130.8571699964523 16.085879999399186 2.980000000000004
      vertex 131.0033287512779 15.659309375286103 2.980000000000004
      vertex 130.7948100003123 15.670880000293256 2.980000000000004
    endloop
  endfacet
  facet normal 0 0 -1
    outer loop
      vertex 131.4274800005078 16.01060000360012 2.980000000000004
      vertex 131.3369587468624 15.566744375228883 2.980000000000004
      vertex 131.1840449976444 15.624597500264645 2.980000000000004
    endloop
  endfacet
  facet normal 0 0 -1
    outer loop
      vertex 131.65820750172136 15.91649999767542 2.980000000000004
      vertex 131.75996437246798 15.855335000157357 2.980000000000004
      vertex 131.46206999893187 15.485750000178815 2.980000000000004
    endloop
  endfacet
  facet normal 0 0 -1
    outer loop
      vertex 131.54737937773464 15.968255001306535 2.980000000000004
      vertex 131.65820750172136 15.91649999767542 2.980000000000004
      vertex 131.3369587468624 15.566744375228883 2.980000000000004
    endloop
  endfacet
  facet normal 0 0 -1
    outer loop
      vertex 129.24868999744652 16.085879999399186 2.980000000000004
      vertex 130.8571699964523 16.085879999399186 2.980000000000004
      vertex 129.7667700010061 15.670880000293256 2.980000000000004
    endloop
  endfacet
  facet normal 0 0 -1
    outer loop
      vertex 131.01335437173842 16.081175002455712 2.980000000000004
      vertex 131.160467501235 16.06705999672413 2.980000000000004
      vertex 131.0033287512779 15.659309375286103 2.980000000000004
    endloop
  endfacet
  facet normal 0 0 -1
    outer loop
      vertex 130.8571699964523 16.085879999399186 2.980000000000004
      vertex 131.01335437173842 16.081175002455712 2.980000000000004
      vertex 131.0033287512779 15.659309375286103 2.980000000000004
    endloop
  endfacet
  facet normal 0 0 -1
    outer loop
      vertex 131.4274800005078 16.01060000360012 2.980000000000004
      vertex 131.54737937773464 15.968255001306535 2.980000000000004
      vertex 131.3369587468624 15.566744375228883 2.980000000000004
    endloop
  endfacet
  facet normal 0 0 -1
    outer loop
      vertex 131.29850937749146 16.0435349971056 2.980000000000004
      vertex 131.4274800005078 16.01060000360012 2.980000000000004
      vertex 131.1840449976444 15.624597500264645 2.980000000000004
    endloop
  endfacet
  facet normal 0 0 -1
    outer loop
      vertex 131.160467501235 16.06705999672413 2.980000000000004
      vertex 131.29850937749146 16.0435349971056 2.980000000000004
      vertex 131.1840449976444 15.624597500264645 2.980000000000004
    endloop
  endfacet
  facet normal 1 0 0
    outer loop
      vertex 129.7667700010061 15.670880000293256 2.980000000000004
      vertex 129.7667700010061 15.670880000293256 3.6000000000000085
      vertex 129.7667700010061 14.162719997763634 2.980000000000004
    endloop
  endfacet
  facet normal -0.9636484086080171 -0.2671736225513969 0
    outer loop
      vertex 131.67058874989746 15.10391937494278 2.980000000000004
      vertex 131.67058874989746 15.10391937494278 3.6000000000000085
      vertex 131.6288849967241 15.254337500035763 2.980000000000004
    endloop
  endfacet
  facet normal -0.8776563110652094 -0.47929051695960834 0
    outer loop
      vertex 131.6288849967241 15.254337500035763 2.980000000000004
      vertex 131.6288849967241 15.254337500035763 3.6000000000000085
      vertex 131.55937874640225 15.381614375114442 2.980000000000004
    endloop
  endfacet
  facet normal -0.7306509178571419 -0.6827512257290471 0
    outer loop
      vertex 131.55937874640225 15.381614375114442 2.980000000000004
      vertex 131.55937874640225 15.381614375114442 3.6000000000000085
      vertex 131.46206999893187 15.485750000178815 2.980000000000004
    endloop
  endfacet
  facet normal 0.8997952777411922 0.43631234013565434 0
    outer loop
      vertex 132.0675400006294 15.524238127470017 2.980000000000004
      vertex 132.1171299996495 15.421969997882844 3.6000000000000085
      vertex 132.1171299996495 15.421969997882844 2.980000000000004
    endloop
  endfacet
  facet normal -0.5434406103743414 -0.83944761777967 0
    outer loop
      vertex 131.46206999893187 15.485750000178815 2.980000000000004
      vertex 131.46206999893187 15.485750000178815 3.6000000000000085
      vertex 131.3369587468624 15.566744375228883 2.980000000000004
    endloop
  endfacet
  facet normal -0.3538592911201611 -0.9352986699915364 0
    outer loop
      vertex 131.3369587468624 15.566744375228883 2.980000000000004
      vertex 131.3369587468624 15.566744375228883 3.6000000000000085
      vertex 131.1840449976444 15.624597500264645 2.980000000000004
    endloop
  endfacet
  facet normal 0.8418863121038045 0.5396549244584503 0
    outer loop
      vertex 132.00692999686 15.618792499601842 2.980000000000004
      vertex 132.0675400006294 15.524238127470017 3.6000000000000085
      vertex 132.0675400006294 15.524238127470017 2.980000000000004
    endloop
  endfacet
  facet normal 0.9736804445062406 0.22791751136349725 0
    outer loop
      vertex 132.1557000013709 15.311988125741482 2.980000000000004
      vertex 132.18324999834297 15.194292503595353 3.6000000000000085
      vertex 132.18324999834297 15.194292503595353 2.980000000000004
    endloop
  endfacet
  facet normal 0.9436539258445615 0.33093393334341975 0
    outer loop
      vertex 132.1171299996495 15.421969997882844 2.980000000000004
      vertex 132.1557000013709 15.311988125741482 3.6000000000000085
      vertex 132.1557000013709 15.311988125741482 2.980000000000004
    endloop
  endfacet
  facet normal -0.18863122647098166 -0.9820479929209434 0
    outer loop
      vertex 131.1840449976444 15.624597500264645 2.980000000000004
      vertex 131.1840449976444 15.624597500264645 3.6000000000000085
      vertex 131.0033287512779 15.659309375286103 2.980000000000004
    endloop
  endfacet
  facet normal -0.05540438183951212 -0.998463997584781 0
    outer loop
      vertex 131.0033287512779 15.659309375286103 2.980000000000004
      vertex 131.0033287512779 15.659309375286103 3.6000000000000085
      vertex 130.7948100003123 15.670880000293256 2.980000000000004
    endloop
  endfacet
  facet normal 0 -1 0
    outer loop
      vertex 130.7948100003123 15.670880000293256 2.980000000000004
      vertex 130.7948100003123 15.670880000293256 3.6000000000000085
      vertex 129.7667700010061 15.670880000293256 2.980000000000004
    endloop
  endfacet
  facet normal 0.7714322305529372 0.6363114910671659 0
    outer loop
      vertex 131.93530000324247 15.705633121728898 2.980000000000004
      vertex 132.00692999686 15.618792499601842 3.6000000000000085
      vertex 132.00692999686 15.618792499601842 2.980000000000004
    endloop
  endfacet
  facet normal 0.6915436626523036 0.7223346611131415 0
    outer loop
      vertex 131.85264999742506 15.784760001301766 2.980000000000004
      vertex 131.93530000324247 15.705633121728898 3.6000000000000085
      vertex 131.93530000324247 15.705633121728898 2.980000000000004
    endloop
  endfacet
  facet normal 0.6058117126966691 0.7956080497075984 0
    outer loop
      vertex 131.75996437246798 15.855335000157357 2.980000000000004
      vertex 131.85264999742506 15.784760001301766 3.6000000000000085
      vertex 131.85264999742506 15.784760001301766 2.980000000000004
    endloop
  endfacet
  facet normal 0.5151822681600087 0.8570806441482091 0
    outer loop
      vertex 131.65820750172136 15.91649999767542 2.980000000000004
      vertex 131.75996437246798 15.855335000157357 3.6000000000000085
      vertex 131.75996437246798 15.855335000157357 2.980000000000004
    endloop
  endfacet
  facet normal 0.42312184749982856 0.9060727907670179 0
    outer loop
      vertex 131.54737937773464 15.968255001306535 2.980000000000004
      vertex 131.65820750172136 15.91649999767542 3.6000000000000085
      vertex 131.65820750172136 15.91649999767542 2.980000000000004
    endloop
  endfacet
  facet normal 0 1 0
    outer loop
      vertex 129.24868999744652 16.085879999399186 2.980000000000004
      vertex 130.8571699964523 16.085879999399186 3.6000000000000085
      vertex 130.8571699964523 16.085879999399186 2.980000000000004
    endloop
  endfacet
  facet normal 0.030110973071002734 0.9995465618472794 0
    outer loop
      vertex 130.8571699964523 16.085879999399186 2.980000000000004
      vertex 131.01335437173842 16.081175002455712 3.6000000000000085
      vertex 131.01335437173842 16.081175002455712 2.980000000000004
    endloop
  endfacet
  facet normal 0.09550800338969602 0.9954286620790632 0
    outer loop
      vertex 131.01335437173842 16.081175002455712 2.980000000000004
      vertex 131.160467501235 16.06705999672413 3.6000000000000085
      vertex 131.160467501235 16.06705999672413 2.980000000000004
    endloop
  endfacet
  facet normal 0.333012947411365 0.9429222538769543 0
    outer loop
      vertex 131.4274800005078 16.01060000360012 2.980000000000004
      vertex 131.54737937773464 15.968255001306535 3.6000000000000085
      vertex 131.54737937773464 15.968255001306535 2.980000000000004
    endloop
  endfacet
  facet normal 0.2474278458244173 0.96890632215436 0
    outer loop
      vertex 131.29850937749146 16.0435349971056 2.980000000000004
      vertex 131.4274800005078 16.01060000360012 3.6000000000000085
      vertex 131.4274800005078 16.01060000360012 2.980000000000004
    endloop
  endfacet
  facet normal 0.16799720858101888 0.9857874709636888 0
    outer loop
      vertex 131.160467501235 16.06705999672413 2.980000000000004
      vertex 131.29850937749146 16.0435349971056 3.6000000000000085
      vertex 131.29850937749146 16.0435349971056 2.980000000000004
    endloop
  endfacet
  facet normal 0 1 0
    outer loop
      vertex 132.95421000148056 16.085879999399186 2.980000000000004
      vertex 133.47228999758957 16.085879999399186 3.6000000000000085
      vertex 133.47228999758957 16.085879999399186 2.980000000000004
    endloop
  endfacet
  facet normal -0.1999652336900437 0.9798029931140679 0
    outer loop
      vertex 131.19624000365732 14.210697497427464 3.6000000000000085
      vertex 131.19624000365732 14.210697497427464 2.980000000000004
      vertex 131.01992749745844 14.174714374542237 3.6000000000000085
    endloop
  endfacet
  facet normal 0.7827639331721012 -0.6223187486529247 0
    outer loop
      vertex 132.00616500104664 14.247140000760556 2.980000000000004
      vertex 132.00616500104664 14.247140000760556 3.6000000000000085
      vertex 131.93425874735115 14.156694996356965 3.6000000000000085
    endloop
  endfacet
  facet normal -0.37298182275027336 0.9278386497111897 0
    outer loop
      vertex 131.34542750145195 14.270669373869897 3.6000000000000085
      vertex 131.34542750145195 14.270669373869897 2.980000000000004
      vertex 131.19624000365732 14.210697497427464 3.6000000000000085
    endloop
  endfacet
  facet normal -0.5667243194941053 0.8239074861256834 0
    outer loop
      vertex 131.4674899982929 14.354629996418954 3.6000000000000085
      vertex 131.4674899982929 14.354629996418954 2.980000000000004
      vertex 131.34542750145195 14.270669373869897 3.6000000000000085
    endloop
  endfacet
  facet normal 0.8481083614847016 -0.5298228073419778 0
    outer loop
      vertex 132.0670087518811 14.344535003602505 2.980000000000004
      vertex 132.0670087518811 14.344535003602505 3.6000000000000085
      vertex 132.00616500104664 14.247140000760556 3.6000000000000085
    endloop
  endfacet
  facet normal -0.7509133934985891 0.6604006931132287 0
    outer loop
      vertex 131.56242750163076 14.462579372525216 3.6000000000000085
      vertex 131.56242750163076 14.462579372525216 2.980000000000004
      vertex 131.4674899982929 14.354629996418954 3.6000000000000085
    endloop
  endfacet
  facet normal 0.9025475065196747 -0.43059029073484434 0
    outer loop
      vertex 132.11678999985455 14.448879997432233 2.980000000000004
      vertex 132.11678999985455 14.448879997432233 3.6000000000000085
      vertex 132.0670087518811 14.344535003602505 3.6000000000000085
    endloop
  endfacet
  facet normal -0.8894012813112142 0.45712729168358623 0
    outer loop
      vertex 131.63023999656437 14.594517502188683 3.6000000000000085
      vertex 131.63023999656437 14.594517502188683 2.980000000000004
      vertex 131.56242750163076 14.462579372525216 3.6000000000000085
    endloop
  endfacet
  facet normal 0.9444771823464065 -0.32857701080111007 0
    outer loop
      vertex 132.15550875241755 14.560174997150899 2.980000000000004
      vertex 132.15550875241755 14.560174997150899 3.6000000000000085
      vertex 132.11678999985455 14.448879997432233 3.6000000000000085
    endloop
  endfacet
  facet normal 0.9737212652013904 -0.22774305191290398 0
    outer loop
      vertex 132.18316500211952 14.678420002758504 2.980000000000004
      vertex 132.18316500211952 14.678420002758504 3.6000000000000085
      vertex 132.15550875241755 14.560174997150899 3.6000000000000085
    endloop
  endfacet
  facet normal 1 0 0
    outer loop
      vertex 129.7667700010061 14.162719997763634 3.6000000000000085
      vertex 129.7667700010061 14.162719997763634 2.980000000000004
      vertex 129.7667700010061 15.670880000293256 3.6000000000000085
    endloop
  endfacet
  facet normal -0.9676007113586342 0.25248537260258297 0
    outer loop
      vertex 131.67092749799488 14.750444377958775 3.6000000000000085
      vertex 131.67092749799488 14.750444377958775 2.980000000000004
      vertex 131.63023999656437 14.594517502188683 3.6000000000000085
    endloop
  endfacet
  facet normal -0.9971707868157773 0.07516928841756824 0
    outer loop
      vertex 131.68448999847172 14.930359999835492 3.6000000000000085
      vertex 131.68448999847172 14.930359999835492 2.980000000000004
      vertex 131.67092749799488 14.750444377958775 3.6000000000000085
    endloop
  endfacet
  facet normal -0.9968077417675464 -0.07983937595124725 0
    outer loop
      vertex 131.67058874989746 15.10391937494278 3.6000000000000085
      vertex 131.67058874989746 15.10391937494278 2.980000000000004
      vertex 131.68448999847172 14.930359999835492 3.6000000000000085
    endloop
  endfacet
  facet normal 0.9913302140072723 -0.1313940896551128 0
    outer loop
      vertex 132.19975874896048 14.803614999353886 2.980000000000004
      vertex 132.19975874896048 14.803614999353886 3.6000000000000085
      vertex 132.18316500211952 14.678420002758504 3.6000000000000085
    endloop
  endfacet
  facet normal 0.9991251268297079 -0.04182081942669352 0
    outer loop
      vertex 132.205290000391 14.935760001838208 2.980000000000004
      vertex 132.205290000391 14.935760001838208 3.6000000000000085
      vertex 132.19975874896048 14.803614999353886 3.6000000000000085
    endloop
  endfacet
  facet normal 1 0 0
    outer loop
      vertex 133.47228999758957 16.085879999399186 2.980000000000004
      vertex 133.47228999758957 16.085879999399186 3.6000000000000085
      vertex 133.47228999758957 12.687120001018048 3.6000000000000085
    endloop
  endfacet
  facet normal 0.9991445216668828 0.04135486456338179 0
    outer loop
      vertex 132.19977999801634 15.068883123993874 2.980000000000004
      vertex 132.19977999801634 15.068883123993874 3.6000000000000085
      vertex 132.205290000391 14.935760001838208 3.6000000000000085
    endloop
  endfacet
  facet normal 0 0 1
    outer loop
      vertex 131.6584574985027 13.933165001869202 3.6000000000000085
      vertex 131.4674899982929 14.354629996418954 3.6000000000000085
      vertex 131.34542750145195 14.270669373869897 3.6000000000000085
    endloop
  endfacet
  facet normal 0 0 1
    outer loop
      vertex 131.85128999824522 14.073199997842313 3.6000000000000085
      vertex 131.93425874735115 14.156694996356965 3.6000000000000085
      vertex 131.56242750163076 14.462579372525216 3.6000000000000085
    endloop
  endfacet
  facet normal 0 0 1
    outer loop
      vertex 131.93425874735115 14.156694996356965 3.6000000000000085
      vertex 132.00616500104664 14.247140000760556 3.6000000000000085
      vertex 131.56242750163076 14.462579372525216 3.6000000000000085
    endloop
  endfacet
  facet normal 0 0 1
    outer loop
      vertex 131.85128999824522 14.073199997842313 3.6000000000000085
      vertex 131.56242750163076 14.462579372525216 3.6000000000000085
      vertex 131.4674899982929 14.354629996418954 3.6000000000000085
    endloop
  endfacet
  facet normal 0 0 1
    outer loop
      vertex 132.00616500104664 14.247140000760556 3.6000000000000085
      vertex 132.0670087518811 14.344535003602505 3.6000000000000085
      vertex 131.63023999656437 14.594517502188683 3.6000000000000085
    endloop
  endfacet
  facet normal 0 0 1
    outer loop
      vertex 132.00616500104664 14.247140000760556 3.6000000000000085
      vertex 131.63023999656437 14.594517502188683 3.6000000000000085
      vertex 131.56242750163076 14.462579372525216 3.6000000000000085
    endloop
  endfacet
  facet normal 0 0 1
    outer loop
      vertex 132.0670087518811 14.344535003602505 3.6000000000000085
      vertex 132.11678999985455 14.448879997432233 3.6000000000000085
      vertex 131.63023999656437 14.594517502188683 3.6000000000000085
    endloop
  endfacet
  facet normal 0 0 1
    outer loop
      vertex 132.11678999985455 14.448879997432233 3.6000000000000085
      vertex 132.15550875241755 14.560174997150899 3.6000000000000085
      vertex 131.63023999656437 14.594517502188683 3.6000000000000085
    endloop
  endfacet
  facet normal 0 0 1
    outer loop
      vertex 132.15550875241755 14.560174997150899 3.6000000000000085
      vertex 131.67092749799488 14.750444377958775 3.6000000000000085
      vertex 131.63023999656437 14.594517502188683 3.6000000000000085
    endloop
  endfacet
  facet normal 0 0 1
    outer loop
      vertex 129.7667700010061 14.162719997763634 3.6000000000000085
      vertex 129.24868999744652 16.085879999399186 3.6000000000000085
      vertex 129.7667700010061 13.75312000066042 3.6000000000000085
    endloop
  endfacet
  facet normal 0 0 1
    outer loop
      vertex 132.15550875241755 14.560174997150899 3.6000000000000085
      vertex 132.18316500211952 14.678420002758504 3.6000000000000085
      vertex 131.67092749799488 14.750444377958775 3.6000000000000085
    endloop
  endfacet
  facet normal 0 0 1
    outer loop
      vertex 132.18316500211952 14.678420002758504 3.6000000000000085
      vertex 132.19975874896048 14.803614999353886 3.6000000000000085
      vertex 131.67092749799488 14.750444377958775 3.6000000000000085
    endloop
  endfacet
  facet normal 0 0 1
    outer loop
      vertex 132.19975874896048 14.803614999353886 3.6000000000000085
      vertex 131.68448999847172 14.930359999835492 3.6000000000000085
      vertex 131.67092749799488 14.750444377958775 3.6000000000000085
    endloop
  endfacet
  facet normal 0 0 1
    outer loop
      vertex 132.19975874896048 14.803614999353886 3.6000000000000085
      vertex 132.205290000391 14.935760001838208 3.6000000000000085
      vertex 131.68448999847172 14.930359999835492 3.6000000000000085
    endloop
  endfacet
  facet normal 0 0 1
    outer loop
      vertex 131.68448999847172 14.930359999835492 3.6000000000000085
      vertex 132.205290000391 14.935760001838208 3.6000000000000085
      vertex 132.19977999801634 15.068883123993874 3.6000000000000085
    endloop
  endfacet
  facet normal 0 0 1
    outer loop
      vertex 131.67058874989746 15.10391937494278 3.6000000000000085
      vertex 131.68448999847172 14.930359999835492 3.6000000000000085
      vertex 132.19977999801634 15.068883123993874 3.6000000000000085
    endloop
  endfacet
  facet normal 0 0 1
    outer loop
      vertex 131.67058874989746 15.10391937494278 3.6000000000000085
      vertex 132.19977999801634 15.068883123993874 3.6000000000000085
      vertex 132.18324999834297 15.194292503595353 3.6000000000000085
    endloop
  endfacet
  facet normal 0 0 1
    outer loop
      vertex 133.47228999758957 12.687120001018048 3.6000000000000085
      vertex 133.47228999758957 16.085879999399186 3.6000000000000085
      vertex 132.95421000148056 16.085879999399186 3.6000000000000085
    endloop
  endfacet
  facet normal -0.9636484086080171 -0.2671736225513969 0
    outer loop
      vertex 131.6288849967241 15.254337500035763 3.6000000000000085
      vertex 131.6288849967241 15.254337500035763 2.980000000000004
      vertex 131.67058874989746 15.10391937494278 3.6000000000000085
    endloop
  endfacet
  facet normal -0.8776563110652094 -0.47929051695960834 0
    outer loop
      vertex 131.55937874640225 15.381614375114442 3.6000000000000085
      vertex 131.55937874640225 15.381614375114442 2.980000000000004
      vertex 131.6288849967241 15.254337500035763 3.6000000000000085
    endloop
  endfacet
  facet normal -0.7306509178571419 -0.6827512257290471 0
    outer loop
      vertex 131.46206999893187 15.485750000178815 3.6000000000000085
      vertex 131.46206999893187 15.485750000178815 2.980000000000004
      vertex 131.55937874640225 15.381614375114442 3.6000000000000085
    endloop
  endfacet
  facet normal -0.5434406103743414 -0.83944761777967 0
    outer loop
      vertex 131.3369587468624 15.566744375228883 3.6000000000000085
      vertex 131.3369587468624 15.566744375228883 2.980000000000004
      vertex 131.46206999893187 15.485750000178815 3.6000000000000085
    endloop
  endfacet
  facet normal 0.8997952777411922 0.43631234013565434 0
    outer loop
      vertex 132.0675400006294 15.524238127470017 2.980000000000004
      vertex 132.0675400006294 15.524238127470017 3.6000000000000085
      vertex 132.1171299996495 15.421969997882844 3.6000000000000085
    endloop
  endfacet
  facet normal -0.3538592911201611 -0.9352986699915364 0
    outer loop
      vertex 131.1840449976444 15.624597500264645 3.6000000000000085
      vertex 131.1840449976444 15.624597500264645 2.980000000000004
      vertex 131.3369587468624 15.566744375228883 3.6000000000000085
    endloop
  endfacet
  facet normal 0.8418863121038045 0.5396549244584503 0
    outer loop
      vertex 132.00692999686 15.618792499601842 2.980000000000004
      vertex 132.00692999686 15.618792499601842 3.6000000000000085
      vertex 132.0675400006294 15.524238127470017 3.6000000000000085
    endloop
  endfacet
  facet normal 0.9914248577206486 0.13067804518583695 0
    outer loop
      vertex 132.18324999834297 15.194292503595353 2.980000000000004
      vertex 132.18324999834297 15.194292503595353 3.6000000000000085
      vertex 132.19977999801634 15.068883123993874 3.6000000000000085
    endloop
  endfacet
  facet normal 0.9736804445062406 0.22791751136349725 0
    outer loop
      vertex 132.1557000013709 15.311988125741482 2.980000000000004
      vertex 132.1557000013709 15.311988125741482 3.6000000000000085
      vertex 132.18324999834297 15.194292503595353 3.6000000000000085
    endloop
  endfacet
  facet normal 0.9436539258445615 0.33093393334341975 0
    outer loop
      vertex 132.1171299996495 15.421969997882844 2.980000000000004
      vertex 132.1171299996495 15.421969997882844 3.6000000000000085
      vertex 132.1557000013709 15.311988125741482 3.6000000000000085
    endloop
  endfacet
  facet normal 0 -1 0
    outer loop
      vertex 129.7667700010061 15.670880000293256 3.6000000000000085
      vertex 129.7667700010061 15.670880000293256 2.980000000000004
      vertex 130.7948100003123 15.670880000293256 3.6000000000000085
    endloop
  endfacet
  facet normal -0.05540438183951212 -0.998463997584781 0
    outer loop
      vertex 130.7948100003123 15.670880000293256 3.6000000000000085
      vertex 130.7948100003123 15.670880000293256 2.980000000000004
      vertex 131.0033287512779 15.659309375286103 3.6000000000000085
    endloop
  endfacet
  facet normal -0.18863122647098166 -0.9820479929209434 0
    outer loop
      vertex 131.0033287512779 15.659309375286103 3.6000000000000085
      vertex 131.0033287512779 15.659309375286103 2.980000000000004
      vertex 131.1840449976444 15.624597500264645 3.6000000000000085
    endloop
  endfacet
  facet normal 0.7714322305529372 0.6363114910671659 0
    outer loop
      vertex 131.93530000324247 15.705633121728898 2.980000000000004
      vertex 131.93530000324247 15.705633121728898 3.6000000000000085
      vertex 132.00692999686 15.618792499601842 3.6000000000000085
    endloop
  endfacet
  facet normal 0.6915436626523036 0.7223346611131415 0
    outer loop
      vertex 131.85264999742506 15.784760001301766 2.980000000000004
      vertex 131.85264999742506 15.784760001301766 3.6000000000000085
      vertex 131.93530000324247 15.705633121728898 3.6000000000000085
    endloop
  endfacet
  facet normal 0.6058117126966691 0.7956080497075984 0
    outer loop
      vertex 131.75996437246798 15.855335000157357 2.980000000000004
      vertex 131.75996437246798 15.855335000157357 3.6000000000000085
      vertex 131.85264999742506 15.784760001301766 3.6000000000000085
    endloop
  endfacet
  facet normal 0 1 0
    outer loop
      vertex 129.24868999744652 16.085879999399186 2.980000000000004
      vertex 129.24868999744652 16.085879999399186 3.6000000000000085
      vertex 130.8571699964523 16.085879999399186 3.6000000000000085
    endloop
  endfacet
  facet normal 0.5151822681600087 0.8570806441482091 0
    outer loop
      vertex 131.65820750172136 15.91649999767542 2.980000000000004
      vertex 131.65820750172136 15.91649999767542 3.6000000000000085
      vertex 131.75996437246798 15.855335000157357 3.6000000000000085
    endloop
  endfacet
  facet normal 0.42312184749982856 0.9060727907670179 0
    outer loop
      vertex 131.54737937773464 15.968255001306535 2.980000000000004
      vertex 131.54737937773464 15.968255001306535 3.6000000000000085
      vertex 131.65820750172136 15.91649999767542 3.6000000000000085
    endloop
  endfacet
  facet normal 0.030110973071002734 0.9995465618472794 0
    outer loop
      vertex 130.8571699964523 16.085879999399186 2.980000000000004
      vertex 130.8571699964523 16.085879999399186 3.6000000000000085
      vertex 131.01335437173842 16.081175002455712 3.6000000000000085
    endloop
  endfacet
  facet normal 0.16799720858101888 0.9857874709636888 0
    outer loop
      vertex 131.160467501235 16.06705999672413 2.980000000000004
      vertex 131.160467501235 16.06705999672413 3.6000000000000085
      vertex 131.29850937749146 16.0435349971056 3.6000000000000085
    endloop
  endfacet
  facet normal 0.09550800338969602 0.9954286620790632 0
    outer loop
      vertex 131.01335437173842 16.081175002455712 2.980000000000004
      vertex 131.01335437173842 16.081175002455712 3.6000000000000085
      vertex 131.160467501235 16.06705999672413 3.6000000000000085
    endloop
  endfacet
  facet normal 0.333012947411365 0.9429222538769543 0
    outer loop
      vertex 131.4274800005078 16.01060000360012 2.980000000000004
      vertex 131.4274800005078 16.01060000360012 3.6000000000000085
      vertex 131.54737937773464 15.968255001306535 3.6000000000000085
    endloop
  endfacet
  facet normal 0.2474278458244173 0.96890632215436 0
    outer loop
      vertex 131.29850937749146 16.0435349971056 2.980000000000004
      vertex 131.29850937749146 16.0435349971056 3.6000000000000085
      vertex 131.4274800005078 16.01060000360012 3.6000000000000085
    endloop
  endfacet
  facet normal 0 1 0
    outer loop
      vertex 132.95421000148056 16.085879999399186 2.980000000000004
      vertex 132.95421000148056 16.085879999399186 3.6000000000000085
      vertex 133.47228999758957 16.085879999399186 3.6000000000000085
    endloop
  endfacet
  facet normal 0 0 1
    outer loop
      vertex 129.7667700010061 14.162719997763634 3.6000000000000085
      vertex 129.7667700010061 15.670880000293256 3.6000000000000085
      vertex 129.24868999744652 16.085879999399186 3.6000000000000085
    endloop
  endfacet
  facet normal 0 0 1
    outer loop
      vertex 131.67058874989746 15.10391937494278 3.6000000000000085
      vertex 132.18324999834297 15.194292503595353 3.6000000000000085
      vertex 132.1557000013709 15.311988125741482 3.6000000000000085
    endloop
  endfacet
  facet normal 0 0 1
    outer loop
      vertex 131.6288849967241 15.254337500035763 3.6000000000000085
      vertex 131.67058874989746 15.10391937494278 3.6000000000000085
      vertex 132.1557000013709 15.311988125741482 3.6000000000000085
    endloop
  endfacet
  facet normal 0 0 1
    outer loop
      vertex 131.6288849967241 15.254337500035763 3.6000000000000085
      vertex 132.1557000013709 15.311988125741482 3.6000000000000085
      vertex 132.1171299996495 15.421969997882844 3.6000000000000085
    endloop
  endfacet
  facet normal 0 0 1
    outer loop
      vertex 131.55937874640225 15.381614375114442 3.6000000000000085
      vertex 131.6288849967241 15.254337500035763 3.6000000000000085
      vertex 132.00692999686 15.618792499601842 3.6000000000000085
    endloop
  endfacet
  facet normal 0 0 1
    outer loop
      vertex 131.6288849967241 15.254337500035763 3.6000000000000085
      vertex 132.1171299996495 15.421969997882844 3.6000000000000085
      vertex 132.0675400006294 15.524238127470017 3.6000000000000085
    endloop
  endfacet
  facet normal 0 0 1
    outer loop
      vertex 131.6288849967241 15.254337500035763 3.6000000000000085
      vertex 132.0675400006294 15.524238127470017 3.6000000000000085
      vertex 132.00692999686 15.618792499601842 3.6000000000000085
    endloop
  endfacet
  facet normal 0 0 1
    outer loop
      vertex 131.46206999893187 15.485750000178815 3.6000000000000085
      vertex 131.55937874640225 15.381614375114442 3.6000000000000085
      vertex 131.85264999742506 15.784760001301766 3.6000000000000085
    endloop
  endfacet
  facet normal 0 0 1
    outer loop
      vertex 131.55937874640225 15.381614375114442 3.6000000000000085
      vertex 132.00692999686 15.618792499601842 3.6000000000000085
      vertex 131.93530000324247 15.705633121728898 3.6000000000000085
    endloop
  endfacet
  facet normal 0 0 1
    outer loop
      vertex 131.3369587468624 15.566744375228883 3.6000000000000085
      vertex 131.46206999893187 15.485750000178815 3.6000000000000085
      vertex 131.65820750172136 15.91649999767542 3.6000000000000085
    endloop
  endfacet
  facet normal 0 0 1
    outer loop
      vertex 131.55937874640225 15.381614375114442 3.6000000000000085
      vertex 131.93530000324247 15.705633121728898 3.6000000000000085
      vertex 131.85264999742506 15.784760001301766 3.6000000000000085
    endloop
  endfacet
  facet normal 0 0 1
    outer loop
      vertex 131.46206999893187 15.485750000178815 3.6000000000000085
      vertex 131.85264999742506 15.784760001301766 3.6000000000000085
      vertex 131.75996437246798 15.855335000157357 3.6000000000000085
    endloop
  endfacet
  facet normal 0 0 1
    outer loop
      vertex 131.0033287512779 15.659309375286103 3.6000000000000085
      vertex 131.1840449976444 15.624597500264645 3.6000000000000085
      vertex 131.160467501235 16.06705999672413 3.6000000000000085
    endloop
  endfacet
  facet normal 0 0 1
    outer loop
      vertex 129.7667700010061 15.670880000293256 3.6000000000000085
      vertex 130.7948100003123 15.670880000293256 3.6000000000000085
      vertex 130.8571699964523 16.085879999399186 3.6000000000000085
    endloop
  endfacet
  facet normal 0 0 1
    outer loop
      vertex 130.7948100003123 15.670880000293256 3.6000000000000085
      vertex 131.0033287512779 15.659309375286103 3.6000000000000085
      vertex 130.8571699964523 16.085879999399186 3.6000000000000085
    endloop
  endfacet
  facet normal 0 0 1
    outer loop
      vertex 131.1840449976444 15.624597500264645 3.6000000000000085
      vertex 131.3369587468624 15.566744375228883 3.6000000000000085
      vertex 131.4274800005078 16.01060000360012 3.6000000000000085
    endloop
  endfacet
  facet normal 0 0 1
    outer loop
      vertex 131.46206999893187 15.485750000178815 3.6000000000000085
      vertex 131.75996437246798 15.855335000157357 3.6000000000000085
      vertex 131.65820750172136 15.91649999767542 3.6000000000000085
    endloop
  endfacet
  facet normal 0 0 1
    outer loop
      vertex 131.3369587468624 15.566744375228883 3.6000000000000085
      vertex 131.65820750172136 15.91649999767542 3.6000000000000085
      vertex 131.54737937773464 15.968255001306535 3.6000000000000085
    endloop
  endfacet
  facet normal 0 0 1
    outer loop
      vertex 129.7667700010061 15.670880000293256 3.6000000000000085
      vertex 130.8571699964523 16.085879999399186 3.6000000000000085
      vertex 129.24868999744652 16.085879999399186 3.6000000000000085
    endloop
  endfacet
  facet normal 0 0 1
    outer loop
      vertex 131.0033287512779 15.659309375286103 3.6000000000000085
      vertex 131.160467501235 16.06705999672413 3.6000000000000085
      vertex 131.01335437173842 16.081175002455712 3.6000000000000085
    endloop
  endfacet
  facet normal 0 0 1
    outer loop
      vertex 131.0033287512779 15.659309375286103 3.6000000000000085
      vertex 131.01335437173842 16.081175002455712 3.6000000000000085
      vertex 130.8571699964523 16.085879999399186 3.6000000000000085
    endloop
  endfacet
  facet normal 0 0 1
    outer loop
      vertex 131.3369587468624 15.566744375228883 3.6000000000000085
      vertex 131.54737937773464 15.968255001306535 3.6000000000000085
      vertex 131.4274800005078 16.01060000360012 3.6000000000000085
    endloop
  endfacet
  facet normal 0 0 1
    outer loop
      vertex 131.1840449976444 15.624597500264645 3.6000000000000085
      vertex 131.4274800005078 16.01060000360012 3.6000000000000085
      vertex 131.29850937749146 16.0435349971056 3.6000000000000085
    endloop
  endfacet
  facet normal 0 0 1
    outer loop
      vertex 131.1840449976444 15.624597500264645 3.6000000000000085
      vertex 131.29850937749146 16.0435349971056 3.6000000000000085
      vertex 131.160467501235 16.06705999672413 3.6000000000000085
    endloop
  endfacet
  facet normal 0 0 -1
    outer loop
      vertex 136.5755699979782 13.38151999861002 2.980000000000004
      vertex 136.1361300009012 12.263959999382497 2.980000000000004
      vertex 135.5990500035405 12.263959999382497 2.980000000000004
    endloop
  endfacet
  facet normal 0 0 -1
    outer loop
      vertex 139.28264999712704 12.263959999382497 2.980000000000004
      vertex 138.75369000012873 12.263959999382497 2.980000000000004
      vertex 138.31697000141142 13.38151999861002 2.980000000000004
    endloop
  endfacet
  facet normal 0 0 -1
    outer loop
      vertex 138.16236999953983 13.785679998993874 2.980000000000004
      vertex 139.28264999712704 12.263959999382497 2.980000000000004
      vertex 138.31697000141142 13.38151999861002 2.980000000000004
    endloop
  endfacet
  facet normal 0 0 -1
    outer loop
      vertex 140.98901000196932 12.263959999382497 2.980000000000004
      vertex 140.4736499967694 12.263959999382497 2.980000000000004
      vertex 140.4736499967694 13.848079997301102 2.980000000000004
    endloop
  endfacet
  facet normal 0 -1 0
    outer loop
      vertex 136.1361300009012 12.263959999382497 2.980000000000004
      vertex 135.5990500035405 12.263959999382497 3.6000000000000085
      vertex 135.5990500035405 12.263959999382497 2.980000000000004
    endloop
  endfacet
  facet normal 0 -1 0
    outer loop
      vertex 139.28264999712704 12.263959999382497 2.980000000000004
      vertex 138.75369000012873 12.263959999382497 3.6000000000000085
      vertex 138.75369000012873 12.263959999382497 2.980000000000004
    endloop
  endfacet
  facet normal 0.9306384913889796 -0.36593988351263984 0
    outer loop
      vertex 136.5755699979782 13.38151999861002 2.980000000000004
      vertex 136.1361300009012 12.263959999382497 3.6000000000000085
      vertex 136.1361300009012 12.263959999382497 2.980000000000004
    endloop
  endfacet
  facet normal 0 -1 0
    outer loop
      vertex 140.98901000196932 12.263959999382497 2.980000000000004
      vertex 140.4736499967694 12.263959999382497 3.6000000000000085
      vertex 140.4736499967694 12.263959999382497 2.980000000000004
    endloop
  endfacet
  facet normal -0.9314084406429524 -0.36397570894094516 0
    outer loop
      vertex 138.75369000012873 12.263959999382497 2.980000000000004
      vertex 138.31697000141142 13.38151999861002 3.6000000000000085
      vertex 138.31697000141142 13.38151999861002 2.980000000000004
    endloop
  endfacet
  facet normal 1 0 0
    outer loop
      vertex 140.98901000196932 13.848079997301102 2.980000000000004
      vertex 140.98901000196932 12.263959999382497 3.6000000000000085
      vertex 140.98901000196932 12.263959999382497 2.980000000000004
    endloop
  endfacet
  facet normal 0 0 -1
    outer loop
      vertex 136.73288999820946 13.785679998993874 2.980000000000004
      vertex 138.16236999953983 13.785679998993874 2.980000000000004
      vertex 136.5755699979782 13.38151999861002 2.980000000000004
    endloop
  endfacet
  facet normal 0 0 -1
    outer loop
      vertex 138.16236999953983 13.785679998993874 2.980000000000004
      vertex 138.31697000141142 13.38151999861002 2.980000000000004
      vertex 136.5755699979782 13.38151999861002 2.980000000000004
    endloop
  endfacet
  facet normal 0 0 -1
    outer loop
      vertex 140.98901000196932 13.848079997301102 2.980000000000004
      vertex 140.98901000196932 12.263959999382497 2.980000000000004
      vertex 140.4736499967694 13.848079997301102 2.980000000000004
    endloop
  endfacet
  facet normal 0 0 -1
    outer loop
      vertex 136.5755699979782 13.38151999861002 2.980000000000004
      vertex 135.5990500035405 12.263959999382497 2.980000000000004
      vertex 137.15873000348805 16.085879999399186 2.980000000000004
    endloop
  endfacet
  facet normal 0 0 -1
    outer loop
      vertex 137.7473700004339 16.085879999399186 2.980000000000004
      vertex 139.28264999712704 12.263959999382497 2.980000000000004
      vertex 138.16236999953983 13.785679998993874 2.980000000000004
    endloop
  endfacet
  facet normal 0 0 -1
    outer loop
      vertex 140.98901000196932 13.848079997301102 2.980000000000004
      vertex 140.4736499967694 13.848079997301102 2.980000000000004
      vertex 140.73676999981402 14.265800002217293 2.980000000000004
    endloop
  endfacet
  facet normal 0 -1 0
    outer loop
      vertex 138.31697000141142 13.38151999861002 2.980000000000004
      vertex 136.5755699979782 13.38151999861002 3.6000000000000085
      vertex 136.5755699979782 13.38151999861002 2.980000000000004
    endloop
  endfacet
  facet normal 0.9279304977756198 0.37275325793061886 1.0869070492920098e-16
    outer loop
      vertex 137.7473700004339 16.085879999399186 2.980000000000004
      vertex 139.28264999712704 12.263959999382497 3.6000000000000085
      vertex 139.28264999712704 12.263959999382497 2.980000000000004
    endloop
  endfacet
  facet normal -1 0 0
    outer loop
      vertex 140.4736499967694 12.263959999382497 2.980000000000004
      vertex 140.4736499967694 13.848079997301102 3.6000000000000085
      vertex 140.4736499967694 13.848079997301102 2.980000000000004
    endloop
  endfacet
  facet normal 0 1 0
    outer loop
      vertex 136.73288999820946 13.785679998993874 2.980000000000004
      vertex 136.73288999820946 13.785679998993874 3.6000000000000085
      vertex 138.16236999953983 13.785679998993874 2.980000000000004
    endloop
  endfacet
  facet normal 0 -1 0
    outer loop
      vertex 136.1361300009012 12.263959999382497 2.980000000000004
      vertex 136.1361300009012 12.263959999382497 3.6000000000000085
      vertex 135.5990500035405 12.263959999382497 3.6000000000000085
    endloop
  endfacet
  facet normal 0 -1 0
    outer loop
      vertex 139.28264999712704 12.263959999382497 2.980000000000004
      vertex 139.28264999712704 12.263959999382497 3.6000000000000085
      vertex 138.75369000012873 12.263959999382497 3.6000000000000085
    endloop
  endfacet
  facet normal -0.9314084406429524 -0.36397570894094516 0
    outer loop
      vertex 138.75369000012873 12.263959999382497 2.980000000000004
      vertex 138.75369000012873 12.263959999382497 3.6000000000000085
      vertex 138.31697000141142 13.38151999861002 3.6000000000000085
    endloop
  endfacet
  facet normal 0 -1 0
    outer loop
      vertex 140.98901000196932 12.263959999382497 2.980000000000004
      vertex 140.98901000196932 12.263959999382497 3.6000000000000085
      vertex 140.4736499967694 12.263959999382497 3.6000000000000085
    endloop
  endfacet
  facet normal 0.9306384913889796 -0.36593988351263984 0
    outer loop
      vertex 136.5755699979782 13.38151999861002 2.980000000000004
      vertex 136.5755699979782 13.38151999861002 3.6000000000000085
      vertex 136.1361300009012 12.263959999382497 3.6000000000000085
    endloop
  endfacet
  facet normal -1 0 0
    outer loop
      vertex 140.4736499967694 12.263959999382497 2.980000000000004
      vertex 140.4736499967694 12.263959999382497 3.6000000000000085
      vertex 140.4736499967694 13.848079997301102 3.6000000000000085
    endloop
  endfacet
  facet normal 0 0 1
    outer loop
      vertex 135.5990500035405 12.263959999382497 3.6000000000000085
      vertex 136.1361300009012 12.263959999382497 3.6000000000000085
      vertex 136.5755699979782 13.38151999861002 3.6000000000000085
    endloop
  endfacet
  facet normal 0 0 1
    outer loop
      vertex 138.31697000141142 13.38151999861002 3.6000000000000085
      vertex 138.75369000012873 12.263959999382497 3.6000000000000085
      vertex 139.28264999712704 12.263959999382497 3.6000000000000085
    endloop
  endfacet
  facet normal 0 0 1
    outer loop
      vertex 138.31697000141142 13.38151999861002 3.6000000000000085
      vertex 139.28264999712704 12.263959999382497 3.6000000000000085
      vertex 138.16236999953983 13.785679998993874 3.6000000000000085
    endloop
  endfacet
  facet normal 0 0 1
    outer loop
      vertex 140.4736499967694 13.848079997301102 3.6000000000000085
      vertex 140.4736499967694 12.263959999382497 3.6000000000000085
      vertex 140.98901000196932 12.263959999382497 3.6000000000000085
    endloop
  endfacet
  facet normal 0 -1 0
    outer loop
      vertex 138.31697000141142 13.38151999861002 2.980000000000004
      vertex 138.31697000141142 13.38151999861002 3.6000000000000085
      vertex 136.5755699979782 13.38151999861002 3.6000000000000085
    endloop
  endfacet
  facet normal -0.9258719968202657 0.37783732677443854 0
    outer loop
      vertex 135.5990500035405 12.263959999382497 2.980000000000004
      vertex 135.5990500035405 12.263959999382497 3.6000000000000085
      vertex 137.15873000348805 16.085879999399186 3.6000000000000085
    endloop
  endfacet
  facet normal 1 0 0
    outer loop
      vertex 140.98901000196932 13.848079997301102 2.980000000000004
      vertex 140.98901000196932 13.848079997301102 3.6000000000000085
      vertex 140.98901000196932 12.263959999382497 3.6000000000000085
    endloop
  endfacet
  facet normal 0 1 0
    outer loop
      vertex 138.16236999953983 13.785679998993874 3.6000000000000085
      vertex 138.16236999953983 13.785679998993874 2.980000000000004
      vertex 136.73288999820946 13.785679998993874 3.6000000000000085
    endloop
  endfacet
  facet normal 0 0 1
    outer loop
      vertex 136.5755699979782 13.38151999861002 3.6000000000000085
      vertex 138.16236999953983 13.785679998993874 3.6000000000000085
      vertex 136.73288999820946 13.785679998993874 3.6000000000000085
    endloop
  endfacet
  facet normal 0 0 1
    outer loop
      vertex 136.5755699979782 13.38151999861002 3.6000000000000085
      vertex 138.31697000141142 13.38151999861002 3.6000000000000085
      vertex 138.16236999953983 13.785679998993874 3.6000000000000085
    endloop
  endfacet
  facet normal 0 0 1
    outer loop
      vertex 140.4736499967694 13.848079997301102 3.6000000000000085
      vertex 140.98901000196932 12.263959999382497 3.6000000000000085
      vertex 140.98901000196932 13.848079997301102 3.6000000000000085
    endloop
  endfacet
  facet normal 0 0 1
    outer loop
      vertex 137.15873000348805 16.085879999399186 3.6000000000000085
      vertex 135.5990500035405 12.263959999382497 3.6000000000000085
      vertex 136.5755699979782 13.38151999861002 3.6000000000000085
    endloop
  endfacet
  facet normal 0 0 1
    outer loop
      vertex 138.16236999953983 13.785679998993874 3.6000000000000085
      vertex 139.28264999712704 12.263959999382497 3.6000000000000085
      vertex 137.7473700004339 16.085879999399186 3.6000000000000085
    endloop
  endfacet
  facet normal 0 0 1
    outer loop
      vertex 140.73676999981402 14.265800002217293 3.6000000000000085
      vertex 140.4736499967694 13.848079997301102 3.6000000000000085
      vertex 140.98901000196932 13.848079997301102 3.6000000000000085
    endloop
  endfacet
  facet normal 0 0 -1
    outer loop
      vertex 136.73288999820946 13.785679998993874 2.980000000000004
      vertex 136.5755699979782 13.38151999861002 2.980000000000004
      vertex 137.3377700033307 15.36232000142336 2.980000000000004
    endloop
  endfacet
  facet normal 0 0 -1
    outer loop
      vertex 137.22113000179527 15.041559997200967 2.980000000000004
      vertex 136.73288999820946 13.785679998993874 2.980000000000004
      vertex 137.2533424975991 15.127727496623994 2.980000000000004
    endloop
  endfacet
  facet normal 0 0 -1
    outer loop
      vertex 136.73288999820946 13.785679998993874 2.980000000000004
      vertex 137.28352000142334 15.209910000860692 2.980000000000004
      vertex 137.2533424975991 15.127727496623994 2.980000000000004
    endloop
  endfacet
  facet normal 0 0 -1
    outer loop
      vertex 136.5755699979782 13.38151999861002 2.980000000000004
      vertex 137.3618425014138 15.43254749774933 2.980000000000004
      vertex 137.3377700033307 15.36232000142336 2.980000000000004
    endloop
  endfacet
  facet normal 0 0 -1
    outer loop
      vertex 136.73288999820946 13.785679998993874 2.980000000000004
      vertex 137.31166249836681 15.28810750246048 2.980000000000004
      vertex 137.28352000142334 15.209910000860692 2.980000000000004
    endloop
  endfacet
  facet normal 0 0 -1
    outer loop
      vertex 136.5755699979782 13.38151999861002 2.980000000000004
      vertex 137.38388000006674 15.49878999888897 2.980000000000004
      vertex 137.3618425014138 15.43254749774933 2.980000000000004
    endloop
  endfacet
  facet normal 0 0 -1
    outer loop
      vertex 136.73288999820946 13.785679998993874 2.980000000000004
      vertex 137.3377700033307 15.36232000142336 2.980000000000004
      vertex 137.31166249836681 15.28810750246048 2.980000000000004
    endloop
  endfacet
  facet normal 0 0 -1
    outer loop
      vertex 136.5755699979782 13.38151999861002 2.980000000000004
      vertex 137.4038824992895 15.561047497391701 2.980000000000004
      vertex 137.38388000006674 15.49878999888897 2.980000000000004
    endloop
  endfacet
  facet normal 0 0 -1
    outer loop
      vertex 136.5755699979782 13.38151999861002 2.980000000000004
      vertex 137.15873000348805 16.085879999399186 2.980000000000004
      vertex 137.4038824992895 15.561047497391701 2.980000000000004
    endloop
  endfacet
  facet normal 0 0 -1
    outer loop
      vertex 137.7473700004339 16.085879999399186 2.980000000000004
      vertex 138.16236999953983 13.785679998993874 2.980000000000004
      vertex 137.67140999759434 15.047000001370908 2.980000000000004
    endloop
  endfacet
  facet normal 0 0 -1
    outer loop
      vertex 140.4736499967694 13.848079997301102 2.980000000000004
      vertex 139.5730899977207 16.085879999399186 2.980000000000004
      vertex 140.73676999981402 14.265800002217293 2.980000000000004
    endloop
  endfacet
  facet normal 0 0 -1
    outer loop
      vertex 140.73676999981402 14.265800002217293 2.980000000000004
      vertex 141.8950099977374 16.085879999399186 2.980000000000004
      vertex 140.98901000196932 13.848079997301102 2.980000000000004
    endloop
  endfacet
  facet normal -0.9318931499924068 -0.3627329003512494 0
    outer loop
      vertex 138.16236999953983 13.785679998993874 2.980000000000004
      vertex 138.16236999953983 13.785679998993874 3.6000000000000085
      vertex 137.67140999759434 15.047000001370908 2.980000000000004
    endloop
  endfacet
  facet normal 0.9320442194199238 -0.36234455018104633 0
    outer loop
      vertex 137.22113000179527 15.041559997200967 2.980000000000004
      vertex 137.22113000179527 15.041559997200967 3.6000000000000085
      vertex 136.73288999820946 13.785679998993874 2.980000000000004
    endloop
  endfacet
  facet normal 0.8348405310778202 -0.5504918597669752 0
    outer loop
      vertex 142.4646099987149 16.085879999399186 2.980000000000004
      vertex 140.98901000196932 13.848079997301102 3.6000000000000085
      vertex 140.98901000196932 13.848079997301102 2.980000000000004
    endloop
  endfacet
  facet normal -0.9258719968202657 0.37783732677443854 1.3013950538300195e-16
    outer loop
      vertex 135.5990500035405 12.263959999382497 2.980000000000004
      vertex 137.15873000348805 16.085879999399186 3.6000000000000085
      vertex 137.15873000348805 16.085879999399186 2.980000000000004
    endloop
  endfacet
  facet normal 0.9366872081364226 -0.35016720879259094 0
    outer loop
      vertex 137.2533424975991 15.127727496623994 2.980000000000004
      vertex 137.2533424975991 15.127727496623994 3.6000000000000085
      vertex 137.22113000179527 15.041559997200967 2.980000000000004
    endloop
  endfacet
  facet normal -0.9286895420579042 -0.3708581055771603 0
    outer loop
      vertex 137.67140999759434 15.047000001370908 2.980000000000004
      vertex 137.67140999759434 15.047000001370908 3.6000000000000085
      vertex 137.65242062832115 15.094552497565747 2.980000000000004
    endloop
  endfacet
  facet normal -0.9326296168722752 -0.36083513927093225 0
    outer loop
      vertex 137.65242062832115 15.094552497565747 2.980000000000004
      vertex 137.65242062832115 15.094552497565747 3.6000000000000085
      vertex 137.63343250329493 15.143630000948907 2.980000000000004
    endloop
  endfacet
  facet normal 0.8425174641495173 0.5386690288136742 1.6578184595853982e-16
    outer loop
      vertex 139.5730899977207 16.085879999399186 2.980000000000004
      vertex 140.73676999981402 14.265800002217293 3.6000000000000085
      vertex 140.73676999981402 14.265800002217293 2.980000000000004
    endloop
  endfacet
  facet normal 0 0 -1
    outer loop
      vertex 137.7473700004339 16.085879999399186 2.980000000000004
      vertex 137.67140999759434 15.047000001370908 2.980000000000004
      vertex 137.65242062832115 15.094552497565747 2.980000000000004
    endloop
  endfacet
  facet normal 0 0 -1
    outer loop
      vertex 137.7473700004339 16.085879999399186 2.980000000000004
      vertex 137.65242062832115 15.094552497565747 2.980000000000004
      vertex 137.63343250329493 15.143630000948907 2.980000000000004
    endloop
  endfacet
  facet normal 0 0 -1
    outer loop
      vertex 137.7473700004339 16.085879999399186 2.980000000000004
      vertex 137.63343250329493 15.143630000948907 2.980000000000004
      vertex 137.61444562251566 15.194232496619225 2.980000000000004
    endloop
  endfacet
  facet normal 0 0 -1
    outer loop
      vertex 137.7473700004339 16.085879999399186 2.980000000000004
      vertex 137.61444562251566 15.194232496619225 2.980000000000004
      vertex 137.59546000088451 15.246359999477864 2.980000000000004
    endloop
  endfacet
  facet normal 0 0 -1
    outer loop
      vertex 137.7473700004339 16.085879999399186 2.980000000000004
      vertex 137.59546000088451 15.246359999477864 2.980000000000004
      vertex 137.57647562350033 15.300012502074242 2.980000000000004
    endloop
  endfacet
  facet normal 0 0 -1
    outer loop
      vertex 137.7473700004339 16.085879999399186 2.980000000000004
      vertex 137.57647562350033 15.300012502074242 2.980000000000004
      vertex 137.55749249781368 15.35518999695778 2.980000000000004
    endloop
  endfacet
  facet normal 0 0 -1
    outer loop
      vertex 140.4736499967694 13.848079997301102 2.980000000000004
      vertex 139.00348999674318 16.085879999399186 2.980000000000004
      vertex 139.5730899977207 16.085879999399186 2.980000000000004
    endloop
  endfacet
  facet normal 0 0 -1
    outer loop
      vertex 141.8950099977374 16.085879999399186 2.980000000000004
      vertex 142.4646099987149 16.085879999399186 2.980000000000004
      vertex 140.98901000196932 13.848079997301102 2.980000000000004
    endloop
  endfacet
  facet normal 0 0 -1
    outer loop
      vertex 137.15873000348805 16.085879999399186 2.980000000000004
      vertex 137.42184999908207 15.619320000708104 2.980000000000004
      vertex 137.4038824992895 15.561047497391701 2.980000000000004
    endloop
  endfacet
  facet normal 0 0 -1
    outer loop
      vertex 137.7473700004339 16.085879999399186 2.980000000000004
      vertex 137.519530001533 15.470120000839234 2.980000000000004
      vertex 137.44628999705313 15.69528000354767 2.980000000000004
    endloop
  endfacet
  facet normal 0 0 -1
    outer loop
      vertex 137.15873000348805 16.085879999399186 2.980000000000004
      vertex 137.44628999705313 15.69528000354767 2.980000000000004
      vertex 137.42184999908207 15.619320000708104 2.980000000000004
    endloop
  endfacet
  facet normal 0 0 -1
    outer loop
      vertex 137.7473700004339 16.085879999399186 2.980000000000004
      vertex 137.55749249781368 15.35518999695778 2.980000000000004
      vertex 137.53851062382458 15.411892499029637 2.980000000000004
    endloop
  endfacet
  facet normal 0 0 -1
    outer loop
      vertex 137.7473700004339 16.085879999399186 2.980000000000004
      vertex 137.53851062382458 15.411892499029637 2.980000000000004
      vertex 137.519530001533 15.470120000839234 2.980000000000004
    endloop
  endfacet
  facet normal 0 0 -1
    outer loop
      vertex 137.15873000348805 16.085879999399186 2.980000000000004
      vertex 137.7473700004339 16.085879999399186 2.980000000000004
      vertex 137.44628999705313 15.69528000354767 2.980000000000004
    endloop
  endfacet
  facet normal 0.9387140703266653 -0.34469681485436504 0
    outer loop
      vertex 137.28352000142334 15.209910000860692 2.980000000000004
      vertex 137.28352000142334 15.209910000860692 3.6000000000000085
      vertex 137.2533424975991 15.127727496623994 2.980000000000004
    endloop
  endfacet
  facet normal 0.9409204002431963 -0.33862781989402946 0
    outer loop
      vertex 137.31166249836681 15.28810750246048 2.980000000000004
      vertex 137.31166249836681 15.28810750246048 3.6000000000000085
      vertex 137.28352000142334 15.209910000860692 2.980000000000004
    endloop
  endfacet
  facet normal -0.9427242306916502 -0.33357311772209125 0
    outer loop
      vertex 137.59546000088451 15.246359999477864 2.980000000000004
      vertex 137.59546000088451 15.246359999477864 3.6000000000000085
      vertex 137.57647562350033 15.300012502074242 2.980000000000004
    endloop
  endfacet
  facet normal 0.9433295034695898 -0.3318575716837228 0
    outer loop
      vertex 137.3377700033307 15.36232000142336 2.980000000000004
      vertex 137.3377700033307 15.36232000142336 3.6000000000000085
      vertex 137.31166249836681 15.28810750246048 2.980000000000004
    endloop
  endfacet
  facet normal -0.9456030006234045 -0.32532286303303914 0
    outer loop
      vertex 137.57647562350033 15.300012502074242 2.980000000000004
      vertex 137.57647562350033 15.300012502074242 3.6000000000000085
      vertex 137.55749249781368 15.35518999695778 2.980000000000004
    endloop
  endfacet
  facet normal -0.9362625834606635 -0.3513009746806349 0
    outer loop
      vertex 137.63343250329493 15.143630000948907 2.980000000000004
      vertex 137.63343250329493 15.143630000948907 3.6000000000000085
      vertex 137.61444562251566 15.194232496619225 2.980000000000004
    endloop
  endfacet
  facet normal -0.9396186642013721 -0.34222326905753936 0
    outer loop
      vertex 137.61444562251566 15.194232496619225 2.980000000000004
      vertex 137.61444562251566 15.194232496619225 3.6000000000000085
      vertex 137.59546000088451 15.246359999477864 2.980000000000004
    endloop
  endfacet
  facet normal -0.9482759273581951 -0.3174472642707055 0
    outer loop
      vertex 137.55749249781368 15.35518999695778 2.980000000000004
      vertex 137.55749249781368 15.35518999695778 3.6000000000000085
      vertex 137.53851062382458 15.411892499029637 2.980000000000004
    endloop
  endfacet
  facet normal 0.9459686752218847 -0.32425802302942724 0
    outer loop
      vertex 137.3618425014138 15.43254749774933 2.980000000000004
      vertex 137.3618425014138 15.43254749774933 3.6000000000000085
      vertex 137.3377700033307 15.36232000142336 2.980000000000004
    endloop
  endfacet
  facet normal -0.9507616300436538 -0.30992309180945926 0
    outer loop
      vertex 137.53851062382458 15.411892499029637 2.980000000000004
      vertex 137.53851062382458 15.411892499029637 3.6000000000000085
      vertex 137.519530001533 15.470120000839234 2.980000000000004
    endloop
  endfacet
  facet normal 0.948869355286538 -0.3156690459929665 0
    outer loop
      vertex 137.38388000006674 15.49878999888897 2.980000000000004
      vertex 137.38388000006674 15.49878999888897 3.6000000000000085
      vertex 137.3618425014138 15.43254749774933 2.980000000000004
    endloop
  endfacet
  facet normal 0.9520679349164243 -0.3058866576102583 0
    outer loop
      vertex 137.4038824992895 15.561047497391701 2.980000000000004
      vertex 137.4038824992895 15.561047497391701 3.6000000000000085
      vertex 137.38388000006674 15.49878999888897 2.980000000000004
    endloop
  endfacet
  facet normal -0.9509558196906217 -0.30932673501742125 0
    outer loop
      vertex 137.519530001533 15.470120000839234 2.980000000000004
      vertex 137.519530001533 15.470120000839234 3.6000000000000085
      vertex 137.44628999705313 15.69528000354767 2.980000000000004
    endloop
  endfacet
  facet normal 0.9556059958382928 -0.2946475533886291 0
    outer loop
      vertex 137.42184999908207 15.619320000708104 2.980000000000004
      vertex 137.42184999908207 15.619320000708104 3.6000000000000085
      vertex 137.4038824992895 15.561047497391701 2.980000000000004
    endloop
  endfacet
  facet normal -0.8357730576885373 -0.549075036804582 0
    outer loop
      vertex 140.4736499967694 13.848079997301102 2.980000000000004
      vertex 139.00348999674318 16.085879999399186 3.6000000000000085
      vertex 139.00348999674318 16.085879999399186 2.980000000000004
    endloop
  endfacet
  facet normal -0.8436599608689321 0.5368778915420451 8.300332730511814e-17
    outer loop
      vertex 140.73676999981402 14.265800002217293 2.980000000000004
      vertex 141.8950099977374 16.085879999399186 3.6000000000000085
      vertex 141.8950099977374 16.085879999399186 2.980000000000004
    endloop
  endfacet
  facet normal 0.9519398655111951 -0.3062849856759679 0
    outer loop
      vertex 137.44628999705313 15.69528000354767 2.980000000000004
      vertex 137.44628999705313 15.69528000354767 3.6000000000000085
      vertex 137.42184999908207 15.619320000708104 2.980000000000004
    endloop
  endfacet
  facet normal 0 1 0
    outer loop
      vertex 137.15873000348805 16.085879999399186 2.980000000000004
      vertex 137.7473700004339 16.085879999399186 3.6000000000000085
      vertex 137.7473700004339 16.085879999399186 2.980000000000004
    endloop
  endfacet
  facet normal 0 1 0
    outer loop
      vertex 139.00348999674318 16.085879999399186 2.980000000000004
      vertex 139.5730899977207 16.085879999399186 3.6000000000000085
      vertex 139.5730899977207 16.085879999399186 2.980000000000004
    endloop
  endfacet
  facet normal 0 1 0
    outer loop
      vertex 141.8950099977374 16.085879999399186 2.980000000000004
      vertex 142.4646099987149 16.085879999399186 3.6000000000000085
      vertex 142.4646099987149 16.085879999399186 2.980000000000004
    endloop
  endfacet
  facet normal 0.9320442194199238 -0.36234455018104633 0
    outer loop
      vertex 136.73288999820946 13.785679998993874 3.6000000000000085
      vertex 136.73288999820946 13.785679998993874 2.980000000000004
      vertex 137.22113000179527 15.041559997200967 3.6000000000000085
    endloop
  endfacet
  facet normal -0.9318931499924068 -0.3627329003512494 0
    outer loop
      vertex 137.67140999759434 15.047000001370908 3.6000000000000085
      vertex 137.67140999759434 15.047000001370908 2.980000000000004
      vertex 138.16236999953983 13.785679998993874 3.6000000000000085
    endloop
  endfacet
  facet normal -0.8357730576885373 -0.549075036804582 0
    outer loop
      vertex 140.4736499967694 13.848079997301102 2.980000000000004
      vertex 140.4736499967694 13.848079997301102 3.6000000000000085
      vertex 139.00348999674318 16.085879999399186 3.6000000000000085
    endloop
  endfacet
  facet normal 0.9279304977756198 0.37275325793061886 0
    outer loop
      vertex 137.7473700004339 16.085879999399186 2.980000000000004
      vertex 137.7473700004339 16.085879999399186 3.6000000000000085
      vertex 139.28264999712704 12.263959999382497 3.6000000000000085
    endloop
  endfacet
  facet normal 0.9366872081364226 -0.35016720879259094 0
    outer loop
      vertex 137.22113000179527 15.041559997200967 3.6000000000000085
      vertex 137.22113000179527 15.041559997200967 2.980000000000004
      vertex 137.2533424975991 15.127727496623994 3.6000000000000085
    endloop
  endfacet
  facet normal -0.9286895420579042 -0.3708581055771603 0
    outer loop
      vertex 137.65242062832115 15.094552497565747 3.6000000000000085
      vertex 137.65242062832115 15.094552497565747 2.980000000000004
      vertex 137.67140999759434 15.047000001370908 3.6000000000000085
    endloop
  endfacet
  facet normal -0.9326296168722752 -0.36083513927093225 0
    outer loop
      vertex 137.63343250329493 15.143630000948907 3.6000000000000085
      vertex 137.63343250329493 15.143630000948907 2.980000000000004
      vertex 137.65242062832115 15.094552497565747 3.6000000000000085
    endloop
  endfacet
  facet normal -0.8436599608689321 0.5368778915420451 0
    outer loop
      vertex 140.73676999981402 14.265800002217293 2.980000000000004
      vertex 140.73676999981402 14.265800002217293 3.6000000000000085
      vertex 141.8950099977374 16.085879999399186 3.6000000000000085
    endloop
  endfacet
  facet normal 0 0 1
    outer loop
      vertex 137.3377700033307 15.36232000142336 3.6000000000000085
      vertex 136.5755699979782 13.38151999861002 3.6000000000000085
      vertex 136.73288999820946 13.785679998993874 3.6000000000000085
    endloop
  endfacet
  facet normal 0 0 1
    outer loop
      vertex 137.2533424975991 15.127727496623994 3.6000000000000085
      vertex 136.73288999820946 13.785679998993874 3.6000000000000085
      vertex 137.22113000179527 15.041559997200967 3.6000000000000085
    endloop
  endfacet
  facet normal 0 0 1
    outer loop
      vertex 137.2533424975991 15.127727496623994 3.6000000000000085
      vertex 137.28352000142334 15.209910000860692 3.6000000000000085
      vertex 136.73288999820946 13.785679998993874 3.6000000000000085
    endloop
  endfacet
  facet normal 0 0 1
    outer loop
      vertex 137.3377700033307 15.36232000142336 3.6000000000000085
      vertex 137.3618425014138 15.43254749774933 3.6000000000000085
      vertex 136.5755699979782 13.38151999861002 3.6000000000000085
    endloop
  endfacet
  facet normal 0 0 1
    outer loop
      vertex 137.28352000142334 15.209910000860692 3.6000000000000085
      vertex 137.31166249836681 15.28810750246048 3.6000000000000085
      vertex 136.73288999820946 13.785679998993874 3.6000000000000085
    endloop
  endfacet
  facet normal 0 0 1
    outer loop
      vertex 137.3618425014138 15.43254749774933 3.6000000000000085
      vertex 137.38388000006674 15.49878999888897 3.6000000000000085
      vertex 136.5755699979782 13.38151999861002 3.6000000000000085
    endloop
  endfacet
  facet normal 0 0 1
    outer loop
      vertex 137.31166249836681 15.28810750246048 3.6000000000000085
      vertex 137.3377700033307 15.36232000142336 3.6000000000000085
      vertex 136.73288999820946 13.785679998993874 3.6000000000000085
    endloop
  endfacet
  facet normal 0 0 1
    outer loop
      vertex 137.38388000006674 15.49878999888897 3.6000000000000085
      vertex 137.4038824992895 15.561047497391701 3.6000000000000085
      vertex 136.5755699979782 13.38151999861002 3.6000000000000085
    endloop
  endfacet
  facet normal 0 0 1
    outer loop
      vertex 137.4038824992895 15.561047497391701 3.6000000000000085
      vertex 137.15873000348805 16.085879999399186 3.6000000000000085
      vertex 136.5755699979782 13.38151999861002 3.6000000000000085
    endloop
  endfacet
  facet normal 0 0 1
    outer loop
      vertex 137.67140999759434 15.047000001370908 3.6000000000000085
      vertex 138.16236999953983 13.785679998993874 3.6000000000000085
      vertex 137.7473700004339 16.085879999399186 3.6000000000000085
    endloop
  endfacet
  facet normal 0 0 1
    outer loop
      vertex 140.73676999981402 14.265800002217293 3.6000000000000085
      vertex 139.5730899977207 16.085879999399186 3.6000000000000085
      vertex 140.4736499967694 13.848079997301102 3.6000000000000085
    endloop
  endfacet
  facet normal 0 0 1
    outer loop
      vertex 140.98901000196932 13.848079997301102 3.6000000000000085
      vertex 141.8950099977374 16.085879999399186 3.6000000000000085
      vertex 140.73676999981402 14.265800002217293 3.6000000000000085
    endloop
  endfacet
  facet normal 0.9387140703266653 -0.34469681485436504 0
    outer loop
      vertex 137.2533424975991 15.127727496623994 3.6000000000000085
      vertex 137.2533424975991 15.127727496623994 2.980000000000004
      vertex 137.28352000142334 15.209910000860692 3.6000000000000085
    endloop
  endfacet
  facet normal 0.9409204002431963 -0.33862781989402946 0
    outer loop
      vertex 137.28352000142334 15.209910000860692 3.6000000000000085
      vertex 137.28352000142334 15.209910000860692 2.980000000000004
      vertex 137.31166249836681 15.28810750246048 3.6000000000000085
    endloop
  endfacet
  facet normal -0.9427242306916502 -0.33357311772209125 0
    outer loop
      vertex 137.57647562350033 15.300012502074242 3.6000000000000085
      vertex 137.57647562350033 15.300012502074242 2.980000000000004
      vertex 137.59546000088451 15.246359999477864 3.6000000000000085
    endloop
  endfacet
  facet normal 0.9433295034695898 -0.3318575716837228 0
    outer loop
      vertex 137.31166249836681 15.28810750246048 3.6000000000000085
      vertex 137.31166249836681 15.28810750246048 2.980000000000004
      vertex 137.3377700033307 15.36232000142336 3.6000000000000085
    endloop
  endfacet
  facet normal -0.9456030006234045 -0.32532286303303914 0
    outer loop
      vertex 137.55749249781368 15.35518999695778 3.6000000000000085
      vertex 137.55749249781368 15.35518999695778 2.980000000000004
      vertex 137.57647562350033 15.300012502074242 3.6000000000000085
    endloop
  endfacet
  facet normal -0.9362625834606635 -0.3513009746806349 0
    outer loop
      vertex 137.61444562251566 15.194232496619225 3.6000000000000085
      vertex 137.61444562251566 15.194232496619225 2.980000000000004
      vertex 137.63343250329493 15.143630000948907 3.6000000000000085
    endloop
  endfacet
  facet normal -0.9396186642013721 -0.34222326905753936 0
    outer loop
      vertex 137.59546000088451 15.246359999477864 3.6000000000000085
      vertex 137.59546000088451 15.246359999477864 2.980000000000004
      vertex 137.61444562251566 15.194232496619225 3.6000000000000085
    endloop
  endfacet
  facet normal 0.9459686752218847 -0.32425802302942724 0
    outer loop
      vertex 137.3377700033307 15.36232000142336 3.6000000000000085
      vertex 137.3377700033307 15.36232000142336 2.980000000000004
      vertex 137.3618425014138 15.43254749774933 3.6000000000000085
    endloop
  endfacet
  facet normal -0.9482759273581951 -0.3174472642707055 0
    outer loop
      vertex 137.53851062382458 15.411892499029637 3.6000000000000085
      vertex 137.53851062382458 15.411892499029637 2.980000000000004
      vertex 137.55749249781368 15.35518999695778 3.6000000000000085
    endloop
  endfacet
  facet normal 0.948869355286538 -0.3156690459929665 0
    outer loop
      vertex 137.3618425014138 15.43254749774933 3.6000000000000085
      vertex 137.3618425014138 15.43254749774933 2.980000000000004
      vertex 137.38388000006674 15.49878999888897 3.6000000000000085
    endloop
  endfacet
  facet normal -0.9507616300436538 -0.30992309180945926 0
    outer loop
      vertex 137.519530001533 15.470120000839234 3.6000000000000085
      vertex 137.519530001533 15.470120000839234 2.980000000000004
      vertex 137.53851062382458 15.411892499029637 3.6000000000000085
    endloop
  endfacet
  facet normal 0.9520679349164243 -0.3058866576102583 0
    outer loop
      vertex 137.38388000006674 15.49878999888897 3.6000000000000085
      vertex 137.38388000006674 15.49878999888897 2.980000000000004
      vertex 137.4038824992895 15.561047497391701 3.6000000000000085
    endloop
  endfacet
  facet normal 0.9556059958382928 -0.2946475533886291 0
    outer loop
      vertex 137.4038824992895 15.561047497391701 3.6000000000000085
      vertex 137.4038824992895 15.561047497391701 2.980000000000004
      vertex 137.42184999908207 15.619320000708104 3.6000000000000085
    endloop
  endfacet
  facet normal 0.8348405310778202 -0.5504918597669752 0
    outer loop
      vertex 142.4646099987149 16.085879999399186 2.980000000000004
      vertex 142.4646099987149 16.085879999399186 3.6000000000000085
      vertex 140.98901000196932 13.848079997301102 3.6000000000000085
    endloop
  endfacet
  facet normal 0.8425174641495173 0.5386690288136742 0
    outer loop
      vertex 139.5730899977207 16.085879999399186 2.980000000000004
      vertex 139.5730899977207 16.085879999399186 3.6000000000000085
      vertex 140.73676999981402 14.265800002217293 3.6000000000000085
    endloop
  endfacet
  facet normal -0.9509558196906217 -0.30932673501742125 0
    outer loop
      vertex 137.44628999705313 15.69528000354767 3.6000000000000085
      vertex 137.44628999705313 15.69528000354767 2.980000000000004
      vertex 137.519530001533 15.470120000839234 3.6000000000000085
    endloop
  endfacet
  facet normal 0.9519398655111951 -0.3062849856759679 0
    outer loop
      vertex 137.42184999908207 15.619320000708104 3.6000000000000085
      vertex 137.42184999908207 15.619320000708104 2.980000000000004
      vertex 137.44628999705313 15.69528000354767 3.6000000000000085
    endloop
  endfacet
  facet normal 0 1 0
    outer loop
      vertex 137.15873000348805 16.085879999399186 2.980000000000004
      vertex 137.15873000348805 16.085879999399186 3.6000000000000085
      vertex 137.7473700004339 16.085879999399186 3.6000000000000085
    endloop
  endfacet
  facet normal 0 1 0
    outer loop
      vertex 139.00348999674318 16.085879999399186 2.980000000000004
      vertex 139.00348999674318 16.085879999399186 3.6000000000000085
      vertex 139.5730899977207 16.085879999399186 3.6000000000000085
    endloop
  endfacet
  facet normal 0 1 0
    outer loop
      vertex 141.8950099977374 16.085879999399186 2.980000000000004
      vertex 141.8950099977374 16.085879999399186 3.6000000000000085
      vertex 142.4646099987149 16.085879999399186 3.6000000000000085
    endloop
  endfacet
  facet normal 0 0 1
    outer loop
      vertex 137.65242062832115 15.094552497565747 3.6000000000000085
      vertex 137.67140999759434 15.047000001370908 3.6000000000000085
      vertex 137.7473700004339 16.085879999399186 3.6000000000000085
    endloop
  endfacet
  facet normal 0 0 1
    outer loop
      vertex 137.63343250329493 15.143630000948907 3.6000000000000085
      vertex 137.65242062832115 15.094552497565747 3.6000000000000085
      vertex 137.7473700004339 16.085879999399186 3.6000000000000085
    endloop
  endfacet
  facet normal 0 0 1
    outer loop
      vertex 137.61444562251566 15.194232496619225 3.6000000000000085
      vertex 137.63343250329493 15.143630000948907 3.6000000000000085
      vertex 137.7473700004339 16.085879999399186 3.6000000000000085
    endloop
  endfacet
  facet normal 0 0 1
    outer loop
      vertex 137.59546000088451 15.246359999477864 3.6000000000000085
      vertex 137.61444562251566 15.194232496619225 3.6000000000000085
      vertex 137.7473700004339 16.085879999399186 3.6000000000000085
    endloop
  endfacet
  facet normal 0 0 1
    outer loop
      vertex 137.57647562350033 15.300012502074242 3.6000000000000085
      vertex 137.59546000088451 15.246359999477864 3.6000000000000085
      vertex 137.7473700004339 16.085879999399186 3.6000000000000085
    endloop
  endfacet
  facet normal 0 0 1
    outer loop
      vertex 137.55749249781368 15.35518999695778 3.6000000000000085
      vertex 137.57647562350033 15.300012502074242 3.6000000000000085
      vertex 137.7473700004339 16.085879999399186 3.6000000000000085
    endloop
  endfacet
  facet normal 0 0 1
    outer loop
      vertex 139.5730899977207 16.085879999399186 3.6000000000000085
      vertex 139.00348999674318 16.085879999399186 3.6000000000000085
      vertex 140.4736499967694 13.848079997301102 3.6000000000000085
    endloop
  endfacet
  facet normal 0 0 1
    outer loop
      vertex 140.98901000196932 13.848079997301102 3.6000000000000085
      vertex 142.4646099987149 16.085879999399186 3.6000000000000085
      vertex 141.8950099977374 16.085879999399186 3.6000000000000085
    endloop
  endfacet
  facet normal 0 0 1
    outer loop
      vertex 137.4038824992895 15.561047497391701 3.6000000000000085
      vertex 137.42184999908207 15.619320000708104 3.6000000000000085
      vertex 137.15873000348805 16.085879999399186 3.6000000000000085
    endloop
  endfacet
  facet normal 0 0 1
    outer loop
      vertex 137.44628999705313 15.69528000354767 3.6000000000000085
      vertex 137.519530001533 15.470120000839234 3.6000000000000085
      vertex 137.7473700004339 16.085879999399186 3.6000000000000085
    endloop
  endfacet
  facet normal 0 0 1
    outer loop
      vertex 137.42184999908207 15.619320000708104 3.6000000000000085
      vertex 137.44628999705313 15.69528000354767 3.6000000000000085
      vertex 137.15873000348805 16.085879999399186 3.6000000000000085
    endloop
  endfacet
  facet normal 0 0 1
    outer loop
      vertex 137.53851062382458 15.411892499029637 3.6000000000000085
      vertex 137.55749249781368 15.35518999695778 3.6000000000000085
      vertex 137.7473700004339 16.085879999399186 3.6000000000000085
    endloop
  endfacet
  facet normal 0 0 1
    outer loop
      vertex 137.519530001533 15.470120000839234 3.6000000000000085
      vertex 137.53851062382458 15.411892499029637 3.6000000000000085
      vertex 137.7473700004339 16.085879999399186 3.6000000000000085
    endloop
  endfacet
  facet normal 0 0 1
    outer loop
      vertex 137.44628999705313 15.69528000354767 3.6000000000000085
      vertex 137.7473700004339 16.085879999399186 3.6000000000000085
      vertex 137.15873000348805 16.085879999399186 3.6000000000000085
    endloop
  endfacet
  facet normal 0 0 -1
    outer loop
      vertex 155.26746999795435 12.687120001018048 2.980000000000004
      vertex 157.76023000056742 12.263959999382497 2.980000000000004
      vertex 154.74939000184534 12.263959999382497 2.980000000000004
    endloop
  endfacet
  facet normal 0 0 -1
    outer loop
      vertex 155.26746999795435 12.687120001018048 2.980000000000004
      vertex 157.76023000056742 12.687120001018048 2.980000000000004
      vertex 157.76023000056742 12.263959999382497 2.980000000000004
    endloop
  endfacet
  facet normal 0 0 -1
    outer loop
      vertex 151.19846999968289 14.802879999578 2.980000000000004
      vertex 151.19846999968289 12.263959999382497 2.980000000000004
      vertex 150.73734999771116 12.263959999382497 2.980000000000004
    endloop
  endfacet
  facet normal 0 0 -1
    outer loop
      vertex 155.26746999795435 14.018960002064706 2.980000000000004
      vertex 155.26746999795435 12.687120001018048 2.980000000000004
      vertex 154.74939000184534 12.263959999382497 2.980000000000004
    endloop
  endfacet
  facet normal 0 0 -1
    outer loop
      vertex 158.69631000186203 12.263959999382497 2.980000000000004
      vertex 158.1239500003576 12.263959999382497 2.980000000000004
      vertex 159.57786999965904 14.249519999325276 2.980000000000004
    endloop
  endfacet
  facet normal 0 0 -1
    outer loop
      vertex 160.16919000024794 14.268479998409749 2.980000000000004
      vertex 161.58783000285624 12.263959999382497 2.980000000000004
      vertex 161.01551000351904 12.263959999382497 2.980000000000004
    endloop
  endfacet
  facet normal 0 -1 0
    outer loop
      vertex 151.19846999968289 12.263959999382497 2.980000000000004
      vertex 150.73734999771116 12.263959999382497 3.6000000000000085
      vertex 150.73734999771116 12.263959999382497 2.980000000000004
    endloop
  endfacet
  facet normal 0 -1 0
    outer loop
      vertex 153.84043000216482 12.263959999382497 2.980000000000004
      vertex 153.21655000324247 12.263959999382497 3.6000000000000085
      vertex 153.21655000324247 12.263959999382497 2.980000000000004
    endloop
  endfacet
  facet normal 0 -1 0
    outer loop
      vertex 157.76023000056742 12.263959999382497 2.980000000000004
      vertex 154.74939000184534 12.263959999382497 3.6000000000000085
      vertex 154.74939000184534 12.263959999382497 2.980000000000004
    endloop
  endfacet
  facet normal 0 1 0
    outer loop
      vertex 155.26746999795435 12.687120001018048 2.980000000000004
      vertex 157.76023000056742 12.687120001018048 3.6000000000000085
      vertex 157.76023000056742 12.687120001018048 2.980000000000004
    endloop
  endfacet
  facet normal -0.9982369085656689 -0.05935549155096412 0
    outer loop
      vertex 153.4064300018072 12.8091599971056 2.980000000000004
      vertex 153.39879875208138 12.937501873075963 3.6000000000000085
      vertex 153.39879875208138 12.937501873075963 2.980000000000004
    endloop
  endfacet
  facet normal 1 0 0
    outer loop
      vertex 151.19846999968289 14.802879999578 2.980000000000004
      vertex 151.19846999968289 12.263959999382497 3.6000000000000085
      vertex 151.19846999968289 12.263959999382497 2.980000000000004
    endloop
  endfacet
  facet normal -0.9984639098447726 -0.05540596301382932 0
    outer loop
      vertex 153.39879875208138 12.937501873075963 2.980000000000004
      vertex 153.39218499834536 13.056687499582768 3.6000000000000085
      vertex 153.39218499834536 13.056687499582768 2.980000000000004
    endloop
  endfacet
  facet normal -0.9987090620973866 -0.050795760497881495 0
    outer loop
      vertex 153.39218499834536 13.056687499582768 2.980000000000004
      vertex 153.38658874804972 13.166716876626015 3.6000000000000085
      vertex 153.38658874804972 13.166716876626015 2.980000000000004
    endloop
  endfacet
  facet normal 1 0 0
    outer loop
      vertex 155.26746999795435 14.018960002064706 2.980000000000004
      vertex 155.26746999795435 12.687120001018048 3.6000000000000085
      vertex 155.26746999795435 12.687120001018048 2.980000000000004
    endloop
  endfacet
  facet normal 0 -1 0
    outer loop
      vertex 158.69631000186203 12.263959999382497 2.980000000000004
      vertex 158.1239500003576 12.263959999382497 3.6000000000000085
      vertex 158.1239500003576 12.263959999382497 2.980000000000004
    endloop
  endfacet
  facet normal 1 0 0
    outer loop
      vertex 157.76023000056742 12.687120001018048 2.980000000000004
      vertex 157.76023000056742 12.263959999382497 3.6000000000000085
      vertex 157.76023000056742 12.263959999382497 2.980000000000004
    endloop
  endfacet
  facet normal 0 -1 0
    outer loop
      vertex 161.58783000285624 12.263959999382497 2.980000000000004
      vertex 161.01551000351904 12.263959999382497 3.6000000000000085
      vertex 161.01551000351904 12.263959999382497 2.980000000000004
    endloop
  endfacet
  facet normal 0 -1 0
    outer loop
      vertex 163.65770999665259 12.263959999382497 2.980000000000004
      vertex 163.14234999890326 12.263959999382497 3.6000000000000085
      vertex 163.14234999890326 12.263959999382497 2.980000000000004
    endloop
  endfacet
  facet normal 0.8187353100759962 -0.5741711347975986 -8.77417726030325e-17
    outer loop
      vertex 159.86810999686716 13.934879998862744 2.980000000000004
      vertex 158.69631000186203 12.263959999382497 3.6000000000000085
      vertex 158.69631000186203 12.263959999382497 2.980000000000004
    endloop
  endfacet
  facet normal 0.8162603400098508 0.5776842193854724 0
    outer loop
      vertex 160.16919000024794 14.268479998409749 2.980000000000004
      vertex 161.58783000285624 12.263959999382497 3.6000000000000085
      vertex 161.58783000285624 12.263959999382497 2.980000000000004
    endloop
  endfacet
  facet normal 0 0 -1
    outer loop
      vertex 153.84043000216482 12.263959999382497 2.980000000000004
      vertex 153.21655000324247 12.263959999382497 2.980000000000004
      vertex 151.1713499980688 15.518960002064706 2.980000000000004
    endloop
  endfacet
  facet normal 0 0 -1
    outer loop
      vertex 153.84043000216482 12.263959999382497 2.980000000000004
      vertex 151.1713499980688 15.518960002064706 2.980000000000004
      vertex 153.4064300018072 12.8091599971056 2.980000000000004
    endloop
  endfacet
  facet normal 0 0 -1
    outer loop
      vertex 155.26746999795435 14.018960002064706 2.980000000000004
      vertex 154.74939000184534 12.263959999382497 2.980000000000004
      vertex 155.26746999795435 14.436679999530316 2.980000000000004
    endloop
  endfacet
  facet normal 0 0 -1
    outer loop
      vertex 153.84043000216482 16.085879999399186 2.980000000000004
      vertex 153.84043000216482 12.263959999382497 2.980000000000004
      vertex 153.4064300018072 12.8091599971056 2.980000000000004
    endloop
  endfacet
  facet normal 0 0 -1
    outer loop
      vertex 153.84043000216482 16.085879999399186 2.980000000000004
      vertex 153.4064300018072 12.8091599971056 2.980000000000004
      vertex 153.39879875208138 12.937501873075963 2.980000000000004
    endloop
  endfacet
  facet normal 0 0 -1
    outer loop
      vertex 153.84043000216482 16.085879999399186 2.980000000000004
      vertex 153.39879875208138 12.937501873075963 2.980000000000004
      vertex 153.39218499834536 13.056687499582768 2.980000000000004
    endloop
  endfacet
  facet normal 0 0 -1
    outer loop
      vertex 153.84043000216482 16.085879999399186 2.980000000000004
      vertex 153.39218499834536 13.056687499582768 2.980000000000004
      vertex 153.38658874804972 13.166716876626015 2.980000000000004
    endloop
  endfacet
  facet normal 0 0 -1
    outer loop
      vertex 153.84043000216482 16.085879999399186 2.980000000000004
      vertex 153.38658874804972 13.166716876626015 2.980000000000004
      vertex 153.38201000119446 13.267589996755124 2.980000000000004
    endloop
  endfacet
  facet normal 0 0 -1
    outer loop
      vertex 157.48626999880074 14.436679999530316 2.980000000000004
      vertex 157.48626999880074 14.018960002064706 2.980000000000004
      vertex 155.26746999795435 14.018960002064706 2.980000000000004
    endloop
  endfacet
  facet normal 0 0 -1
    outer loop
      vertex 159.86810999686716 13.934879998862744 2.980000000000004
      vertex 158.69631000186203 12.263959999382497 2.980000000000004
      vertex 159.57786999965904 14.249519999325276 2.980000000000004
    endloop
  endfacet
  facet normal 0 0 -1
    outer loop
      vertex 160.16919000024794 14.268479998409749 2.980000000000004
      vertex 161.01551000351904 12.263959999382497 2.980000000000004
      vertex 159.86810999686716 13.934879998862744 2.980000000000004
    endloop
  endfacet
  facet normal 0 0 -1
    outer loop
      vertex 163.65770999665259 12.263959999382497 2.980000000000004
      vertex 163.14234999890326 12.263959999382497 2.980000000000004
      vertex 163.14234999890326 15.662719997763634 2.980000000000004
    endloop
  endfacet
  facet normal 0 0 -1
    outer loop
      vertex 160.16919000024794 14.268479998409749 2.980000000000004
      vertex 159.86810999686716 13.934879998862744 2.980000000000004
      vertex 159.57786999965904 14.249519999325276 2.980000000000004
    endloop
  endfacet
  facet normal -0.9989714109554285 -0.045344460452411944 0
    outer loop
      vertex 153.38658874804972 13.166716876626015 2.980000000000004
      vertex 153.38201000119446 13.267589996755124 3.6000000000000085
      vertex 153.38201000119446 13.267589996755124 2.980000000000004
    endloop
  endfacet
  facet normal -0.9992470157857201 -0.03879950313255148 0
    outer loop
      vertex 153.38201000119446 13.267589996755124 2.980000000000004
      vertex 153.378448750329 13.359306874871255 3.6000000000000085
      vertex 153.378448750329 13.359306874871255 2.980000000000004
    endloop
  endfacet
  facet normal -0.9995256892972694 -0.03079604576595433 0
    outer loop
      vertex 153.378448750329 13.359306874871255 2.980000000000004
      vertex 153.37590500290392 13.441867503523827 3.6000000000000085
      vertex 153.37590500290392 13.441867503523827 2.980000000000004
    endloop
  endfacet
  facet normal -0.9997839085744761 -0.020787884826109486 0
    outer loop
      vertex 153.37590500290392 13.441867503523827 2.980000000000004
      vertex 153.37437875146864 13.515271875262261 3.6000000000000085
      vertex 153.37437875146864 13.515271875262261 2.980000000000004
    endloop
  endfacet
  facet normal -0.9999686502469805 -0.007918239907451757 0
    outer loop
      vertex 153.37437875146864 13.515271875262261 2.980000000000004
      vertex 153.37387000347374 13.579519997537137 3.6000000000000085
      vertex 153.37387000347374 13.579519997537137 2.980000000000004
    endloop
  endfacet
  facet normal 1 0 0
    outer loop
      vertex 153.84043000216482 16.085879999399186 2.980000000000004
      vertex 153.84043000216482 12.263959999382497 3.6000000000000085
      vertex 153.84043000216482 12.263959999382497 2.980000000000004
    endloop
  endfacet
  facet normal 0.8457902940891008 0.5335154903324478 4.622127329162945e-17
    outer loop
      vertex 151.33950999702213 16.085879999399186 2.980000000000004
      vertex 153.4064300018072 12.8091599971056 3.6000000000000085
      vertex 153.4064300018072 12.8091599971056 2.980000000000004
    endloop
  endfacet
  facet normal 0 -1 0
    outer loop
      vertex 157.48626999880074 14.018960002064706 2.980000000000004
      vertex 155.26746999795435 14.018960002064706 3.6000000000000085
      vertex 155.26746999795435 14.018960002064706 2.980000000000004
    endloop
  endfacet
  facet normal 1 0 0
    outer loop
      vertex 157.48626999880074 14.436679999530316 2.980000000000004
      vertex 157.48626999880074 14.018960002064706 3.6000000000000085
      vertex 157.48626999880074 14.018960002064706 2.980000000000004
    endloop
  endfacet
  facet normal -0.8243544550534467 -0.566073963748144 0
    outer loop
      vertex 161.01551000351904 12.263959999382497 2.980000000000004
      vertex 159.86810999686716 13.934879998862744 3.6000000000000085
      vertex 159.86810999686716 13.934879998862744 2.980000000000004
    endloop
  endfacet
  facet normal -0.806822836828826 0.5907934579626669 0
    outer loop
      vertex 158.1239500003576 12.263959999382497 2.980000000000004
      vertex 159.57786999965904 14.249519999325276 3.6000000000000085
      vertex 159.57786999965904 14.249519999325276 2.980000000000004
    endloop
  endfacet
  facet normal 1 0 0
    outer loop
      vertex 163.65770999665259 15.662719997763634 2.980000000000004
      vertex 163.65770999665259 12.263959999382497 3.6000000000000085
      vertex 163.65770999665259 12.263959999382497 2.980000000000004
    endloop
  endfacet
  facet normal 0 -1 0
    outer loop
      vertex 151.19846999968289 12.263959999382497 2.980000000000004
      vertex 151.19846999968289 12.263959999382497 3.6000000000000085
      vertex 150.73734999771116 12.263959999382497 3.6000000000000085
    endloop
  endfacet
  facet normal 0 -1 0
    outer loop
      vertex 153.84043000216482 12.263959999382497 2.980000000000004
      vertex 153.84043000216482 12.263959999382497 3.6000000000000085
      vertex 153.21655000324247 12.263959999382497 3.6000000000000085
    endloop
  endfacet
  facet normal 0 -1 0
    outer loop
      vertex 157.76023000056742 12.263959999382497 2.980000000000004
      vertex 157.76023000056742 12.263959999382497 3.6000000000000085
      vertex 154.74939000184534 12.263959999382497 3.6000000000000085
    endloop
  endfacet
  facet normal 0 1 0
    outer loop
      vertex 155.26746999795435 12.687120001018048 2.980000000000004
      vertex 155.26746999795435 12.687120001018048 3.6000000000000085
      vertex 157.76023000056742 12.687120001018048 3.6000000000000085
    endloop
  endfacet
  facet normal -0.9982369085656689 -0.05935549155096412 0
    outer loop
      vertex 153.4064300018072 12.8091599971056 2.980000000000004
      vertex 153.4064300018072 12.8091599971056 3.6000000000000085
      vertex 153.39879875208138 12.937501873075963 3.6000000000000085
    endloop
  endfacet
  facet normal -0.9984639098447726 -0.05540596301382932 0
    outer loop
      vertex 153.39879875208138 12.937501873075963 2.980000000000004
      vertex 153.39879875208138 12.937501873075963 3.6000000000000085
      vertex 153.39218499834536 13.056687499582768 3.6000000000000085
    endloop
  endfacet
  facet normal -0.9987090620973866 -0.050795760497881495 0
    outer loop
      vertex 153.39218499834536 13.056687499582768 2.980000000000004
      vertex 153.39218499834536 13.056687499582768 3.6000000000000085
      vertex 153.38658874804972 13.166716876626015 3.6000000000000085
    endloop
  endfacet
  facet normal -0.9989714109554285 -0.045344460452411944 0
    outer loop
      vertex 153.38658874804972 13.166716876626015 2.980000000000004
      vertex 153.38658874804972 13.166716876626015 3.6000000000000085
      vertex 153.38201000119446 13.267589996755124 3.6000000000000085
    endloop
  endfacet
  facet normal 0 -1 0
    outer loop
      vertex 158.69631000186203 12.263959999382497 2.980000000000004
      vertex 158.69631000186203 12.263959999382497 3.6000000000000085
      vertex 158.1239500003576 12.263959999382497 3.6000000000000085
    endloop
  endfacet
  facet normal 1 0 0
    outer loop
      vertex 157.76023000056742 12.687120001018048 2.980000000000004
      vertex 157.76023000056742 12.687120001018048 3.6000000000000085
      vertex 157.76023000056742 12.263959999382497 3.6000000000000085
    endloop
  endfacet
  facet normal 0 -1 0
    outer loop
      vertex 161.58783000285624 12.263959999382497 2.980000000000004
      vertex 161.58783000285624 12.263959999382497 3.6000000000000085
      vertex 161.01551000351904 12.263959999382497 3.6000000000000085
    endloop
  endfacet
  facet normal 0 -1 0
    outer loop
      vertex 163.65770999665259 12.263959999382497 2.980000000000004
      vertex 163.65770999665259 12.263959999382497 3.6000000000000085
      vertex 163.14234999890326 12.263959999382497 3.6000000000000085
    endloop
  endfacet
  facet normal -0.806822836828826 0.5907934579626669 0
    outer loop
      vertex 158.1239500003576 12.263959999382497 2.980000000000004
      vertex 158.1239500003576 12.263959999382497 3.6000000000000085
      vertex 159.57786999965904 14.249519999325276 3.6000000000000085
    endloop
  endfacet
  facet normal -0.8243544550534467 -0.566073963748144 0
    outer loop
      vertex 161.01551000351904 12.263959999382497 2.980000000000004
      vertex 161.01551000351904 12.263959999382497 3.6000000000000085
      vertex 159.86810999686716 13.934879998862744 3.6000000000000085
    endloop
  endfacet
  facet normal 0 0 1
    outer loop
      vertex 154.74939000184534 12.263959999382497 3.6000000000000085
      vertex 157.76023000056742 12.263959999382497 3.6000000000000085
      vertex 155.26746999795435 12.687120001018048 3.6000000000000085
    endloop
  endfacet
  facet normal 0 0 1
    outer loop
      vertex 157.76023000056742 12.263959999382497 3.6000000000000085
      vertex 157.76023000056742 12.687120001018048 3.6000000000000085
      vertex 155.26746999795435 12.687120001018048 3.6000000000000085
    endloop
  endfacet
  facet normal 0 0 1
    outer loop
      vertex 150.73734999771116 12.263959999382497 3.6000000000000085
      vertex 151.19846999968289 12.263959999382497 3.6000000000000085
      vertex 151.19846999968289 14.802879999578 3.6000000000000085
    endloop
  endfacet
  facet normal 0 0 1
    outer loop
      vertex 154.74939000184534 12.263959999382497 3.6000000000000085
      vertex 155.26746999795435 12.687120001018048 3.6000000000000085
      vertex 155.26746999795435 14.018960002064706 3.6000000000000085
    endloop
  endfacet
  facet normal 0 0 1
    outer loop
      vertex 159.57786999965904 14.249519999325276 3.6000000000000085
      vertex 158.1239500003576 12.263959999382497 3.6000000000000085
      vertex 158.69631000186203 12.263959999382497 3.6000000000000085
    endloop
  endfacet
  facet normal 0 0 1
    outer loop
      vertex 161.01551000351904 12.263959999382497 3.6000000000000085
      vertex 161.58783000285624 12.263959999382497 3.6000000000000085
      vertex 160.16919000024794 14.268479998409749 3.6000000000000085
    endloop
  endfacet
  facet normal -0.9992470157857201 -0.03879950313255148 0
    outer loop
      vertex 153.38201000119446 13.267589996755124 2.980000000000004
      vertex 153.38201000119446 13.267589996755124 3.6000000000000085
      vertex 153.378448750329 13.359306874871255 3.6000000000000085
    endloop
  endfacet
  facet normal -0.8467302989338671 -0.5320223687659797 0
    outer loop
      vertex 153.21655000324247 12.263959999382497 2.980000000000004
      vertex 153.21655000324247 12.263959999382497 3.6000000000000085
      vertex 151.1713499980688 15.518960002064706 3.6000000000000085
    endloop
  endfacet
  facet normal -0.9995256892972694 -0.03079604576595433 0
    outer loop
      vertex 153.378448750329 13.359306874871255 2.980000000000004
      vertex 153.378448750329 13.359306874871255 3.6000000000000085
      vertex 153.37590500290392 13.441867503523827 3.6000000000000085
    endloop
  endfacet
  facet normal -1 0 0
    outer loop
      vertex 150.73734999771116 12.263959999382497 2.980000000000004
      vertex 150.73734999771116 12.263959999382497 3.6000000000000085
      vertex 150.73734999771116 16.085879999399186 3.6000000000000085
    endloop
  endfacet
  facet normal -0.9997839085744761 -0.020787884826109486 0
    outer loop
      vertex 153.37590500290392 13.441867503523827 2.980000000000004
      vertex 153.37590500290392 13.441867503523827 3.6000000000000085
      vertex 153.37437875146864 13.515271875262261 3.6000000000000085
    endloop
  endfacet
  facet normal -0.9999686502469805 -0.007918239907451757 0
    outer loop
      vertex 153.37437875146864 13.515271875262261 2.980000000000004
      vertex 153.37437875146864 13.515271875262261 3.6000000000000085
      vertex 153.37387000347374 13.579519997537137 3.6000000000000085
    endloop
  endfacet
  facet normal -1 0 0
    outer loop
      vertex 154.74939000184534 12.263959999382497 2.980000000000004
      vertex 154.74939000184534 12.263959999382497 3.6000000000000085
      vertex 154.74939000184534 16.085879999399186 3.6000000000000085
    endloop
  endfacet
  facet normal 1 0 0
    outer loop
      vertex 155.26746999795435 14.018960002064706 2.980000000000004
      vertex 155.26746999795435 14.018960002064706 3.6000000000000085
      vertex 155.26746999795435 12.687120001018048 3.6000000000000085
    endloop
  endfacet
  facet normal 1 0 0
    outer loop
      vertex 151.19846999968289 14.802879999578 2.980000000000004
      vertex 151.19846999968289 14.802879999578 3.6000000000000085
      vertex 151.19846999968289 12.263959999382497 3.6000000000000085
    endloop
  endfacet
  facet normal 0 -1 0
    outer loop
      vertex 157.48626999880074 14.018960002064706 2.980000000000004
      vertex 157.48626999880074 14.018960002064706 3.6000000000000085
      vertex 155.26746999795435 14.018960002064706 3.6000000000000085
    endloop
  endfacet
  facet normal 0.8187353100759962 -0.5741711347975986 0
    outer loop
      vertex 159.86810999686716 13.934879998862744 2.980000000000004
      vertex 159.86810999686716 13.934879998862744 3.6000000000000085
      vertex 158.69631000186203 12.263959999382497 3.6000000000000085
    endloop
  endfacet
  facet normal 0.8162603400098508 0.5776842193854724 0
    outer loop
      vertex 160.16919000024794 14.268479998409749 2.980000000000004
      vertex 160.16919000024794 14.268479998409749 3.6000000000000085
      vertex 161.58783000285624 12.263959999382497 3.6000000000000085
    endloop
  endfacet
  facet normal -1 0 0
    outer loop
      vertex 163.14234999890326 12.263959999382497 2.980000000000004
      vertex 163.14234999890326 12.263959999382497 3.6000000000000085
      vertex 163.14234999890326 15.662719997763634 3.6000000000000085
    endloop
  endfacet
  facet normal 0 0 1
    outer loop
      vertex 151.1713499980688 15.518960002064706 3.6000000000000085
      vertex 153.21655000324247 12.263959999382497 3.6000000000000085
      vertex 153.84043000216482 12.263959999382497 3.6000000000000085
    endloop
  endfacet
  facet normal 0 0 1
    outer loop
      vertex 153.4064300018072 12.8091599971056 3.6000000000000085
      vertex 151.1713499980688 15.518960002064706 3.6000000000000085
      vertex 153.84043000216482 12.263959999382497 3.6000000000000085
    endloop
  endfacet
  facet normal 0 0 1
    outer loop
      vertex 155.26746999795435 14.436679999530316 3.6000000000000085
      vertex 154.74939000184534 12.263959999382497 3.6000000000000085
      vertex 155.26746999795435 14.018960002064706 3.6000000000000085
    endloop
  endfacet
  facet normal 0 0 1
    outer loop
      vertex 153.4064300018072 12.8091599971056 3.6000000000000085
      vertex 153.84043000216482 12.263959999382497 3.6000000000000085
      vertex 153.84043000216482 16.085879999399186 3.6000000000000085
    endloop
  endfacet
  facet normal 0 0 1
    outer loop
      vertex 153.39879875208138 12.937501873075963 3.6000000000000085
      vertex 153.4064300018072 12.8091599971056 3.6000000000000085
      vertex 153.84043000216482 16.085879999399186 3.6000000000000085
    endloop
  endfacet
  facet normal 0 0 1
    outer loop
      vertex 153.39218499834536 13.056687499582768 3.6000000000000085
      vertex 153.39879875208138 12.937501873075963 3.6000000000000085
      vertex 153.84043000216482 16.085879999399186 3.6000000000000085
    endloop
  endfacet
  facet normal 0 0 1
    outer loop
      vertex 153.38658874804972 13.166716876626015 3.6000000000000085
      vertex 153.39218499834536 13.056687499582768 3.6000000000000085
      vertex 153.84043000216482 16.085879999399186 3.6000000000000085
    endloop
  endfacet
  facet normal 0 0 1
    outer loop
      vertex 153.38201000119446 13.267589996755124 3.6000000000000085
      vertex 153.38658874804972 13.166716876626015 3.6000000000000085
      vertex 153.84043000216482 16.085879999399186 3.6000000000000085
    endloop
  endfacet
  facet normal 0 0 1
    outer loop
      vertex 155.26746999795435 14.018960002064706 3.6000000000000085
      vertex 157.48626999880074 14.018960002064706 3.6000000000000085
      vertex 157.48626999880074 14.436679999530316 3.6000000000000085
    endloop
  endfacet
  facet normal 0 0 1
    outer loop
      vertex 159.57786999965904 14.249519999325276 3.6000000000000085
      vertex 158.69631000186203 12.263959999382497 3.6000000000000085
      vertex 159.86810999686716 13.934879998862744 3.6000000000000085
    endloop
  endfacet
  facet normal 0 0 1
    outer loop
      vertex 159.86810999686716 13.934879998862744 3.6000000000000085
      vertex 161.01551000351904 12.263959999382497 3.6000000000000085
      vertex 160.16919000024794 14.268479998409749 3.6000000000000085
    endloop
  endfacet
  facet normal 0 0 1
    outer loop
      vertex 163.14234999890326 15.662719997763634 3.6000000000000085
      vertex 163.14234999890326 12.263959999382497 3.6000000000000085
      vertex 163.65770999665259 12.263959999382497 3.6000000000000085
    endloop
  endfacet
  facet normal 0 0 1
    outer loop
      vertex 159.57786999965904 14.249519999325276 3.6000000000000085
      vertex 159.86810999686716 13.934879998862744 3.6000000000000085
      vertex 160.16919000024794 14.268479998409749 3.6000000000000085
    endloop
  endfacet
  facet normal 0 0 -1
    outer loop
      vertex 151.19846999968289 14.802879999578 2.980000000000004
      vertex 150.73734999771116 12.263959999382497 2.980000000000004
      vertex 150.73734999771116 16.085879999399186 2.980000000000004
    endloop
  endfacet
  facet normal 0 0 -1
    outer loop
      vertex 153.84043000216482 16.085879999399186 2.980000000000004
      vertex 153.38201000119446 13.267589996755124 2.980000000000004
      vertex 153.378448750329 13.359306874871255 2.980000000000004
    endloop
  endfacet
  facet normal 0 0 -1
    outer loop
      vertex 153.84043000216482 16.085879999399186 2.980000000000004
      vertex 153.378448750329 13.359306874871255 2.980000000000004
      vertex 153.37590500290392 13.441867503523827 2.980000000000004
    endloop
  endfacet
  facet normal 0 0 -1
    outer loop
      vertex 153.84043000216482 16.085879999399186 2.980000000000004
      vertex 153.37590500290392 13.441867503523827 2.980000000000004
      vertex 153.37437875146864 13.515271875262261 2.980000000000004
    endloop
  endfacet
  facet normal 0 0 -1
    outer loop
      vertex 153.37387000347374 13.579519997537137 2.980000000000004
      vertex 153.84043000216482 16.085879999399186 2.980000000000004
      vertex 153.37437875146864 13.515271875262261 2.980000000000004
    endloop
  endfacet
  facet normal 0 0 -1
    outer loop
      vertex 154.74939000184534 12.263959999382497 2.980000000000004
      vertex 154.74939000184534 16.085879999399186 2.980000000000004
      vertex 155.26746999795435 14.436679999530316 2.980000000000004
    endloop
  endfacet
  facet normal 0 0 -1
    outer loop
      vertex 155.26746999795435 14.436679999530316 2.980000000000004
      vertex 157.48626999880074 14.436679999530316 2.980000000000004
      vertex 155.26746999795435 14.018960002064706 2.980000000000004
    endloop
  endfacet
  facet normal 0 0 -1
    outer loop
      vertex 151.1713499980688 15.518960002064706 2.980000000000004
      vertex 150.73734999771116 16.085879999399186 2.980000000000004
      vertex 153.4064300018072 12.8091599971056 2.980000000000004
    endloop
  endfacet
  facet normal 0 0 -1
    outer loop
      vertex 150.73734999771116 16.085879999399186 2.980000000000004
      vertex 151.33950999702213 16.085879999399186 2.980000000000004
      vertex 153.4064300018072 12.8091599971056 2.980000000000004
    endloop
  endfacet
  facet normal 0 0 -1
    outer loop
      vertex 159.87083000267742 14.585879999399186 2.980000000000004
      vertex 160.16919000024794 14.268479998409749 2.980000000000004
      vertex 159.57786999965904 14.249519999325276 2.980000000000004
    endloop
  endfacet
  facet normal 0 0 -1
    outer loop
      vertex 163.65770999665259 15.662719997763634 2.980000000000004
      vertex 163.65770999665259 12.263959999382497 2.980000000000004
      vertex 163.14234999890326 15.662719997763634 2.980000000000004
    endloop
  endfacet
  facet normal 0 0 -1
    outer loop
      vertex 159.57786999965904 14.249519999325276 2.980000000000004
      vertex 158.8075099992275 16.085879999399186 2.980000000000004
      vertex 159.87083000267742 14.585879999399186 2.980000000000004
    endloop
  endfacet
  facet normal 0 0 -1
    outer loop
      vertex 159.87083000267742 14.585879999399186 2.980000000000004
      vertex 160.90426999653576 16.085879999399186 2.980000000000004
      vertex 160.16919000024794 14.268479998409749 2.980000000000004
    endloop
  endfacet
  facet normal -0.8467302989338671 -0.5320223687659797 -4.65814118601397e-17
    outer loop
      vertex 153.21655000324247 12.263959999382497 2.980000000000004
      vertex 151.1713499980688 15.518960002064706 3.6000000000000085
      vertex 151.1713499980688 15.518960002064706 2.980000000000004
    endloop
  endfacet
  facet normal 0 1 0
    outer loop
      vertex 155.26746999795435 14.436679999530316 2.980000000000004
      vertex 157.48626999880074 14.436679999530316 3.6000000000000085
      vertex 157.48626999880074 14.436679999530316 2.980000000000004
    endloop
  endfacet
  facet normal -1 0 0
    outer loop
      vertex 150.73734999771116 12.263959999382497 2.980000000000004
      vertex 150.73734999771116 16.085879999399186 3.6000000000000085
      vertex 150.73734999771116 16.085879999399186 2.980000000000004
    endloop
  endfacet
  facet normal 0.9995522065817414 0.029923006492859866 0
    outer loop
      vertex 151.18491000260113 15.2558399990201 2.980000000000004
      vertex 151.19846999968289 14.802879999578 3.6000000000000085
      vertex 151.19846999968289 14.802879999578 2.980000000000004
    endloop
  endfacet
  facet normal -1 0 0
    outer loop
      vertex 154.74939000184534 12.263959999382497 2.980000000000004
      vertex 154.74939000184534 16.085879999399186 3.6000000000000085
      vertex 154.74939000184534 16.085879999399186 2.980000000000004
    endloop
  endfacet
  facet normal 1 0 0
    outer loop
      vertex 155.26746999795435 15.662719997763634 2.980000000000004
      vertex 155.26746999795435 14.436679999530316 3.6000000000000085
      vertex 155.26746999795435 14.436679999530316 2.980000000000004
    endloop
  endfacet
  facet normal -1 0 0
    outer loop
      vertex 163.14234999890326 12.263959999382497 2.980000000000004
      vertex 163.14234999890326 15.662719997763634 3.6000000000000085
      vertex 163.14234999890326 15.662719997763634 2.980000000000004
    endloop
  endfacet
  facet normal 0.8117647173544149 -0.5839846262175975 -7.998309169910757e-17
    outer loop
      vertex 161.47662999804018 16.085879999399186 2.980000000000004
      vertex 160.16919000024794 14.268479998409749 3.6000000000000085
      vertex 160.16919000024794 14.268479998409749 2.980000000000004
    endloop
  endfacet
  facet normal 0.8158140687553563 0.578314278935624 0
    outer loop
      vertex 158.8075099992275 16.085879999399186 2.980000000000004
      vertex 159.87083000267742 14.585879999399186 3.6000000000000085
      vertex 159.87083000267742 14.585879999399186 2.980000000000004
    endloop
  endfacet
  facet normal 0 0 -1
    outer loop
      vertex 153.37387000347374 13.579519997537137 2.980000000000004
      vertex 153.37387000347374 16.085879999399186 2.980000000000004
      vertex 153.84043000216482 16.085879999399186 2.980000000000004
    endloop
  endfacet
  facet normal 0 0 -1
    outer loop
      vertex 151.18491000260113 15.2558399990201 2.980000000000004
      vertex 151.19846999968289 14.802879999578 2.980000000000004
      vertex 150.73734999771116 16.085879999399186 2.980000000000004
    endloop
  endfacet
  facet normal 0 0 -1
    outer loop
      vertex 154.74939000184534 16.085879999399186 2.980000000000004
      vertex 155.26746999795435 15.662719997763634 2.980000000000004
      vertex 155.26746999795435 14.436679999530316 2.980000000000004
    endloop
  endfacet
  facet normal 0 0 -1
    outer loop
      vertex 151.1713499980688 15.518960002064706 2.980000000000004
      vertex 151.18491000260113 15.2558399990201 2.980000000000004
      vertex 150.73734999771116 16.085879999399186 2.980000000000004
    endloop
  endfacet
  facet normal 0 0 -1
    outer loop
      vertex 157.64903000320194 16.085879999399186 2.980000000000004
      vertex 157.64903000320194 15.662719997763634 2.980000000000004
      vertex 155.26746999795435 15.662719997763634 2.980000000000004
    endloop
  endfacet
  facet normal 0 0 -1
    outer loop
      vertex 154.74939000184534 16.085879999399186 2.980000000000004
      vertex 157.64903000320194 16.085879999399186 2.980000000000004
      vertex 155.26746999795435 15.662719997763634 2.980000000000004
    endloop
  endfacet
  facet normal 0 0 -1
    outer loop
      vertex 159.57786999965904 14.249519999325276 2.980000000000004
      vertex 158.2351899998903 16.085879999399186 2.980000000000004
      vertex 158.8075099992275 16.085879999399186 2.980000000000004
    endloop
  endfacet
  facet normal 0 0 -1
    outer loop
      vertex 160.90426999653576 16.085879999399186 2.980000000000004
      vertex 161.47662999804018 16.085879999399186 2.980000000000004
      vertex 160.16919000024794 14.268479998409749 2.980000000000004
    endloop
  endfacet
  facet normal 0 0 -1
    outer loop
      vertex 163.14234999890326 15.662719997763634 2.980000000000004
      vertex 161.82946999694107 15.662719997763634 2.980000000000004
      vertex 161.82946999694107 16.085879999399186 2.980000000000004
    endloop
  endfacet
  facet normal 0 0 -1
    outer loop
      vertex 163.14234999890326 15.662719997763634 2.980000000000004
      vertex 161.82946999694107 16.085879999399186 2.980000000000004
      vertex 163.65770999665259 15.662719997763634 2.980000000000004
    endloop
  endfacet
  facet normal 0 0 -1
    outer loop
      vertex 164.97054999644755 16.085879999399186 2.980000000000004
      vertex 164.97054999644755 15.662719997763634 2.980000000000004
      vertex 163.65770999665259 15.662719997763634 2.980000000000004
    endloop
  endfacet
  facet normal 0 0 -1
    outer loop
      vertex 161.82946999694107 16.085879999399186 2.980000000000004
      vertex 164.97054999644755 16.085879999399186 2.980000000000004
      vertex 163.65770999665259 15.662719997763634 2.980000000000004
    endloop
  endfacet
  facet normal 0.9986746886676086 0.05146713723003225 0
    outer loop
      vertex 151.1713499980688 15.518960002064706 2.980000000000004
      vertex 151.18491000260113 15.2558399990201 3.6000000000000085
      vertex 151.18491000260113 15.2558399990201 2.980000000000004
    endloop
  endfacet
  facet normal -1 0 0
    outer loop
      vertex 153.37387000347374 13.579519997537137 2.980000000000004
      vertex 153.37387000347374 16.085879999399186 3.6000000000000085
      vertex 153.37387000347374 16.085879999399186 2.980000000000004
    endloop
  endfacet
  facet normal 0 1 0
    outer loop
      vertex 150.73734999771116 16.085879999399186 2.980000000000004
      vertex 151.33950999702213 16.085879999399186 3.6000000000000085
      vertex 151.33950999702213 16.085879999399186 2.980000000000004
    endloop
  endfacet
  facet normal 0 1 0
    outer loop
      vertex 153.37387000347374 16.085879999399186 2.980000000000004
      vertex 153.84043000216482 16.085879999399186 3.6000000000000085
      vertex 153.84043000216482 16.085879999399186 2.980000000000004
    endloop
  endfacet
  facet normal 0 -1 0
    outer loop
      vertex 157.64903000320194 15.662719997763634 2.980000000000004
      vertex 155.26746999795435 15.662719997763634 3.6000000000000085
      vertex 155.26746999795435 15.662719997763634 2.980000000000004
    endloop
  endfacet
  facet normal 1 0 0
    outer loop
      vertex 157.64903000320194 16.085879999399186 2.980000000000004
      vertex 157.64903000320194 15.662719997763634 3.6000000000000085
      vertex 157.64903000320194 15.662719997763634 2.980000000000004
    endloop
  endfacet
  facet normal 0 1 0
    outer loop
      vertex 154.74939000184534 16.085879999399186 2.980000000000004
      vertex 157.64903000320194 16.085879999399186 3.6000000000000085
      vertex 157.64903000320194 16.085879999399186 2.980000000000004
    endloop
  endfacet
  facet normal -0.8072393555587516 -0.5902242140382682 -3.9358002352867324e-17
    outer loop
      vertex 159.57786999965904 14.249519999325276 2.980000000000004
      vertex 158.2351899998903 16.085879999399186 3.6000000000000085
      vertex 158.2351899998903 16.085879999399186 2.980000000000004
    endloop
  endfacet
  facet normal -0.8234802442133231 0.5673449456815193 0
    outer loop
      vertex 159.87083000267742 14.585879999399186 2.980000000000004
      vertex 160.90426999653576 16.085879999399186 3.6000000000000085
      vertex 160.90426999653576 16.085879999399186 2.980000000000004
    endloop
  endfacet
  facet normal 0 1 0
    outer loop
      vertex 158.2351899998903 16.085879999399186 2.980000000000004
      vertex 158.8075099992275 16.085879999399186 3.6000000000000085
      vertex 158.8075099992275 16.085879999399186 2.980000000000004
    endloop
  endfacet
  facet normal 0 1 0
    outer loop
      vertex 160.90426999653576 16.085879999399186 2.980000000000004
      vertex 161.47662999804018 16.085879999399186 3.6000000000000085
      vertex 161.47662999804018 16.085879999399186 2.980000000000004
    endloop
  endfacet
  facet normal 0 -1 0
    outer loop
      vertex 163.14234999890326 15.662719997763634 2.980000000000004
      vertex 161.82946999694107 15.662719997763634 3.6000000000000085
      vertex 161.82946999694107 15.662719997763634 2.980000000000004
    endloop
  endfacet
  facet normal 0 -1 0
    outer loop
      vertex 164.97054999644755 15.662719997763634 2.980000000000004
      vertex 163.65770999665259 15.662719997763634 3.6000000000000085
      vertex 163.65770999665259 15.662719997763634 2.980000000000004
    endloop
  endfacet
  facet normal 1 0 0
    outer loop
      vertex 164.97054999644755 16.085879999399186 2.980000000000004
      vertex 164.97054999644755 15.662719997763634 3.6000000000000085
      vertex 164.97054999644755 15.662719997763634 2.980000000000004
    endloop
  endfacet
  facet normal -1 0 0
    outer loop
      vertex 161.82946999694107 15.662719997763634 2.980000000000004
      vertex 161.82946999694107 16.085879999399186 3.6000000000000085
      vertex 161.82946999694107 16.085879999399186 2.980000000000004
    endloop
  endfacet
  facet normal 0 1 0
    outer loop
      vertex 161.82946999694107 16.085879999399186 2.980000000000004
      vertex 164.97054999644755 16.085879999399186 3.6000000000000085
      vertex 164.97054999644755 16.085879999399186 2.980000000000004
    endloop
  endfacet
  facet normal -1 0 0
    outer loop
      vertex 153.37387000347374 13.579519997537137 2.980000000000004
      vertex 153.37387000347374 13.579519997537137 3.6000000000000085
      vertex 153.37387000347374 16.085879999399186 3.6000000000000085
    endloop
  endfacet
  facet normal 1 0 0
    outer loop
      vertex 157.48626999880074 14.436679999530316 2.980000000000004
      vertex 157.48626999880074 14.436679999530316 3.6000000000000085
      vertex 157.48626999880074 14.018960002064706 3.6000000000000085
    endloop
  endfacet
  facet normal 0 1 0
    outer loop
      vertex 155.26746999795435 14.436679999530316 2.980000000000004
      vertex 155.26746999795435 14.436679999530316 3.6000000000000085
      vertex 157.48626999880074 14.436679999530316 3.6000000000000085
    endloop
  endfacet
  facet normal 1 0 0
    outer loop
      vertex 153.84043000216482 16.085879999399186 2.980000000000004
      vertex 153.84043000216482 16.085879999399186 3.6000000000000085
      vertex 153.84043000216482 12.263959999382497 3.6000000000000085
    endloop
  endfacet
  facet normal 0.8457902940891008 0.5335154903324478 0
    outer loop
      vertex 151.33950999702213 16.085879999399186 2.980000000000004
      vertex 151.33950999702213 16.085879999399186 3.6000000000000085
      vertex 153.4064300018072 12.8091599971056 3.6000000000000085
    endloop
  endfacet
  facet normal 0.9995522065817414 0.029923006492859866 0
    outer loop
      vertex 151.18491000260113 15.2558399990201 2.980000000000004
      vertex 151.18491000260113 15.2558399990201 3.6000000000000085
      vertex 151.19846999968289 14.802879999578 3.6000000000000085
    endloop
  endfacet
  facet normal 1 0 0
    outer loop
      vertex 163.65770999665259 15.662719997763634 2.980000000000004
      vertex 163.65770999665259 15.662719997763634 3.6000000000000085
      vertex 163.65770999665259 12.263959999382497 3.6000000000000085
    endloop
  endfacet
  facet normal -0.8072393555587516 -0.5902242140382682 0
    outer loop
      vertex 159.57786999965904 14.249519999325276 2.980000000000004
      vertex 159.57786999965904 14.249519999325276 3.6000000000000085
      vertex 158.2351899998903 16.085879999399186 3.6000000000000085
    endloop
  endfacet
  facet normal -0.8234802442133231 0.5673449456815193 0
    outer loop
      vertex 159.87083000267742 14.585879999399186 2.980000000000004
      vertex 159.87083000267742 14.585879999399186 3.6000000000000085
      vertex 160.90426999653576 16.085879999399186 3.6000000000000085
    endloop
  endfacet
  facet normal 0 0 1
    outer loop
      vertex 150.73734999771116 16.085879999399186 3.6000000000000085
      vertex 150.73734999771116 12.263959999382497 3.6000000000000085
      vertex 151.19846999968289 14.802879999578 3.6000000000000085
    endloop
  endfacet
  facet normal 0 0 1
    outer loop
      vertex 153.378448750329 13.359306874871255 3.6000000000000085
      vertex 153.38201000119446 13.267589996755124 3.6000000000000085
      vertex 153.84043000216482 16.085879999399186 3.6000000000000085
    endloop
  endfacet
  facet normal 0 0 1
    outer loop
      vertex 153.37590500290392 13.441867503523827 3.6000000000000085
      vertex 153.378448750329 13.359306874871255 3.6000000000000085
      vertex 153.84043000216482 16.085879999399186 3.6000000000000085
    endloop
  endfacet
  facet normal 0 0 1
    outer loop
      vertex 153.37437875146864 13.515271875262261 3.6000000000000085
      vertex 153.37590500290392 13.441867503523827 3.6000000000000085
      vertex 153.84043000216482 16.085879999399186 3.6000000000000085
    endloop
  endfacet
  facet normal 0 0 1
    outer loop
      vertex 153.37437875146864 13.515271875262261 3.6000000000000085
      vertex 153.84043000216482 16.085879999399186 3.6000000000000085
      vertex 153.37387000347374 13.579519997537137 3.6000000000000085
    endloop
  endfacet
  facet normal 0 0 1
    outer loop
      vertex 155.26746999795435 14.436679999530316 3.6000000000000085
      vertex 154.74939000184534 16.085879999399186 3.6000000000000085
      vertex 154.74939000184534 12.263959999382497 3.6000000000000085
    endloop
  endfacet
  facet normal 0 0 1
    outer loop
      vertex 155.26746999795435 14.018960002064706 3.6000000000000085
      vertex 157.48626999880074 14.436679999530316 3.6000000000000085
      vertex 155.26746999795435 14.436679999530316 3.6000000000000085
    endloop
  endfacet
  facet normal 0 0 1
    outer loop
      vertex 153.4064300018072 12.8091599971056 3.6000000000000085
      vertex 150.73734999771116 16.085879999399186 3.6000000000000085
      vertex 151.1713499980688 15.518960002064706 3.6000000000000085
    endloop
  endfacet
  facet normal 0 0 1
    outer loop
      vertex 153.4064300018072 12.8091599971056 3.6000000000000085
      vertex 151.33950999702213 16.085879999399186 3.6000000000000085
      vertex 150.73734999771116 16.085879999399186 3.6000000000000085
    endloop
  endfacet
  facet normal 0 0 1
    outer loop
      vertex 159.57786999965904 14.249519999325276 3.6000000000000085
      vertex 160.16919000024794 14.268479998409749 3.6000000000000085
      vertex 159.87083000267742 14.585879999399186 3.6000000000000085
    endloop
  endfacet
  facet normal 0 0 1
    outer loop
      vertex 163.14234999890326 15.662719997763634 3.6000000000000085
      vertex 163.65770999665259 12.263959999382497 3.6000000000000085
      vertex 163.65770999665259 15.662719997763634 3.6000000000000085
    endloop
  endfacet
  facet normal 0 0 1
    outer loop
      vertex 159.87083000267742 14.585879999399186 3.6000000000000085
      vertex 158.8075099992275 16.085879999399186 3.6000000000000085
      vertex 159.57786999965904 14.249519999325276 3.6000000000000085
    endloop
  endfacet
  facet normal 0 0 1
    outer loop
      vertex 160.16919000024794 14.268479998409749 3.6000000000000085
      vertex 160.90426999653576 16.085879999399186 3.6000000000000085
      vertex 159.87083000267742 14.585879999399186 3.6000000000000085
    endloop
  endfacet
  facet normal 0.9986746886676086 0.05146713723003225 0
    outer loop
      vertex 151.1713499980688 15.518960002064706 2.980000000000004
      vertex 151.1713499980688 15.518960002064706 3.6000000000000085
      vertex 151.18491000260113 15.2558399990201 3.6000000000000085
    endloop
  endfacet
  facet normal 1 0 0
    outer loop
      vertex 155.26746999795435 15.662719997763634 2.980000000000004
      vertex 155.26746999795435 15.662719997763634 3.6000000000000085
      vertex 155.26746999795435 14.436679999530316 3.6000000000000085
    endloop
  endfacet
  facet normal 0 1 0
    outer loop
      vertex 150.73734999771116 16.085879999399186 2.980000000000004
      vertex 150.73734999771116 16.085879999399186 3.6000000000000085
      vertex 151.33950999702213 16.085879999399186 3.6000000000000085
    endloop
  endfacet
  facet normal 0 1 0
    outer loop
      vertex 153.37387000347374 16.085879999399186 2.980000000000004
      vertex 153.37387000347374 16.085879999399186 3.6000000000000085
      vertex 153.84043000216482 16.085879999399186 3.6000000000000085
    endloop
  endfacet
  facet normal 0 -1 0
    outer loop
      vertex 157.64903000320194 15.662719997763634 2.980000000000004
      vertex 157.64903000320194 15.662719997763634 3.6000000000000085
      vertex 155.26746999795435 15.662719997763634 3.6000000000000085
    endloop
  endfacet
  facet normal 0 1 0
    outer loop
      vertex 154.74939000184534 16.085879999399186 2.980000000000004
      vertex 154.74939000184534 16.085879999399186 3.6000000000000085
      vertex 157.64903000320194 16.085879999399186 3.6000000000000085
    endloop
  endfacet
  facet normal 1 0 0
    outer loop
      vertex 157.64903000320194 16.085879999399186 2.980000000000004
      vertex 157.64903000320194 16.085879999399186 3.6000000000000085
      vertex 157.64903000320194 15.662719997763634 3.6000000000000085
    endloop
  endfacet
  facet normal 0.8158140687553563 0.578314278935624 0
    outer loop
      vertex 158.8075099992275 16.085879999399186 2.980000000000004
      vertex 158.8075099992275 16.085879999399186 3.6000000000000085
      vertex 159.87083000267742 14.585879999399186 3.6000000000000085
    endloop
  endfacet
  facet normal 0.8117647173544149 -0.5839846262175975 0
    outer loop
      vertex 161.47662999804018 16.085879999399186 2.980000000000004
      vertex 161.47662999804018 16.085879999399186 3.6000000000000085
      vertex 160.16919000024794 14.268479998409749 3.6000000000000085
    endloop
  endfacet
  facet normal 0 1 0
    outer loop
      vertex 158.2351899998903 16.085879999399186 2.980000000000004
      vertex 158.2351899998903 16.085879999399186 3.6000000000000085
      vertex 158.8075099992275 16.085879999399186 3.6000000000000085
    endloop
  endfacet
  facet normal 0 1 0
    outer loop
      vertex 160.90426999653576 16.085879999399186 2.980000000000004
      vertex 160.90426999653576 16.085879999399186 3.6000000000000085
      vertex 161.47662999804018 16.085879999399186 3.6000000000000085
    endloop
  endfacet
  facet normal 0 -1 0
    outer loop
      vertex 163.14234999890326 15.662719997763634 2.980000000000004
      vertex 163.14234999890326 15.662719997763634 3.6000000000000085
      vertex 161.82946999694107 15.662719997763634 3.6000000000000085
    endloop
  endfacet
  facet normal -1 0 0
    outer loop
      vertex 161.82946999694107 15.662719997763634 2.980000000000004
      vertex 161.82946999694107 15.662719997763634 3.6000000000000085
      vertex 161.82946999694107 16.085879999399186 3.6000000000000085
    endloop
  endfacet
  facet normal 0 -1 0
    outer loop
      vertex 164.97054999644755 15.662719997763634 2.980000000000004
      vertex 164.97054999644755 15.662719997763634 3.6000000000000085
      vertex 163.65770999665259 15.662719997763634 3.6000000000000085
    endloop
  endfacet
  facet normal 0 1 0
    outer loop
      vertex 161.82946999694107 16.085879999399186 2.980000000000004
      vertex 161.82946999694107 16.085879999399186 3.6000000000000085
      vertex 164.97054999644755 16.085879999399186 3.6000000000000085
    endloop
  endfacet
  facet normal 1 0 0
    outer loop
      vertex 164.97054999644755 16.085879999399186 2.980000000000004
      vertex 164.97054999644755 16.085879999399186 3.6000000000000085
      vertex 164.97054999644755 15.662719997763634 3.6000000000000085
    endloop
  endfacet
  facet normal 0 0 1
    outer loop
      vertex 153.84043000216482 16.085879999399186 3.6000000000000085
      vertex 153.37387000347374 16.085879999399186 3.6000000000000085
      vertex 153.37387000347374 13.579519997537137 3.6000000000000085
    endloop
  endfacet
  facet normal 0 0 1
    outer loop
      vertex 150.73734999771116 16.085879999399186 3.6000000000000085
      vertex 151.19846999968289 14.802879999578 3.6000000000000085
      vertex 151.18491000260113 15.2558399990201 3.6000000000000085
    endloop
  endfacet
  facet normal 0 0 1
    outer loop
      vertex 155.26746999795435 14.436679999530316 3.6000000000000085
      vertex 155.26746999795435 15.662719997763634 3.6000000000000085
      vertex 154.74939000184534 16.085879999399186 3.6000000000000085
    endloop
  endfacet
  facet normal 0 0 1
    outer loop
      vertex 150.73734999771116 16.085879999399186 3.6000000000000085
      vertex 151.18491000260113 15.2558399990201 3.6000000000000085
      vertex 151.1713499980688 15.518960002064706 3.6000000000000085
    endloop
  endfacet
  facet normal 0 0 1
    outer loop
      vertex 155.26746999795435 15.662719997763634 3.6000000000000085
      vertex 157.64903000320194 15.662719997763634 3.6000000000000085
      vertex 157.64903000320194 16.085879999399186 3.6000000000000085
    endloop
  endfacet
  facet normal 0 0 1
    outer loop
      vertex 155.26746999795435 15.662719997763634 3.6000000000000085
      vertex 157.64903000320194 16.085879999399186 3.6000000000000085
      vertex 154.74939000184534 16.085879999399186 3.6000000000000085
    endloop
  endfacet
  facet normal 0 0 1
    outer loop
      vertex 158.8075099992275 16.085879999399186 3.6000000000000085
      vertex 158.2351899998903 16.085879999399186 3.6000000000000085
      vertex 159.57786999965904 14.249519999325276 3.6000000000000085
    endloop
  endfacet
  facet normal 0 0 1
    outer loop
      vertex 160.16919000024794 14.268479998409749 3.6000000000000085
      vertex 161.47662999804018 16.085879999399186 3.6000000000000085
      vertex 160.90426999653576 16.085879999399186 3.6000000000000085
    endloop
  endfacet
  facet normal 0 0 1
    outer loop
      vertex 161.82946999694107 16.085879999399186 3.6000000000000085
      vertex 161.82946999694107 15.662719997763634 3.6000000000000085
      vertex 163.14234999890326 15.662719997763634 3.6000000000000085
    endloop
  endfacet
  facet normal 0 0 1
    outer loop
      vertex 163.65770999665259 15.662719997763634 3.6000000000000085
      vertex 161.82946999694107 16.085879999399186 3.6000000000000085
      vertex 163.14234999890326 15.662719997763634 3.6000000000000085
    endloop
  endfacet
  facet normal 0 0 1
    outer loop
      vertex 163.65770999665259 15.662719997763634 3.6000000000000085
      vertex 164.97054999644755 15.662719997763634 3.6000000000000085
      vertex 164.97054999644755 16.085879999399186 3.6000000000000085
    endloop
  endfacet
  facet normal 0 0 1
    outer loop
      vertex 163.65770999665259 15.662719997763634 3.6000000000000085
      vertex 164.97054999644755 16.085879999399186 3.6000000000000085
      vertex 161.82946999694107 16.085879999399186 3.6000000000000085
    endloop
  endfacet
endsolid OpenSCAD_Model
