solid OpenSCAD_Model
  facet normal 0.07845909677882489 -0.9969173336504141 8.395390645044939e-19
    outer loop
      vertex 128.53141812996864 90.86708219051361 0
      vertex 126.93954666720627 90.74179918766022 3
      vertex 126.93954666720627 90.74179918766022 0
    endloop
  endfacet
  facet normal 0.07845909677882489 -0.9969173336504141 0
    outer loop
      vertex 128.53141812996864 90.86708219051361 0
      vertex 128.53141812996864 90.86708219051361 3
      vertex 126.93954666720627 90.74179918766022 3
    endloop
  endfacet
  facet normal 0.1305261921284875 -0.9914448613858651 0
    outer loop
      vertex 130.11455118672848 91.07550561130047 0
      vertex 128.53141812996864 90.86708219051361 3
      vertex 128.53141812996864 90.86708219051361 0
    endloop
  endfacet
  facet normal 0.1305261921284875 -0.9914448613858651 0
    outer loop
      vertex 130.11455118672848 91.07550561130047 0
      vertex 130.11455118672848 91.07550561130047 3
      vertex 128.53141812996864 90.86708219051361 3
    endloop
  endfacet
  facet normal 0.1822355259452183 -0.9832549074799828 0
    outer loop
      vertex 131.68460656719208 91.36649817675352 0
      vertex 130.11455118672848 91.07550561130047 3
      vertex 130.11455118672848 91.07550561130047 0
    endloop
  endfacet
  facet normal 0.1822355259452183 -0.9832549074799828 0
    outer loop
      vertex 131.68460656719208 91.36649817675352 0
      vertex 131.68460656719208 91.36649817675352 3
      vertex 130.11455118672848 91.07550561130047 3
    endloop
  endfacet
  facet normal 0.23344536195808252 -0.9723699208533036 0
    outer loop
      vertex 133.2372808756113 91.73926229476929 0
      vertex 131.68460656719208 91.36649817675352 3
      vertex 131.68460656719208 91.36649817675352 0
    endloop
  endfacet
  facet normal 0.23344536195808252 -0.9723699208533036 0
    outer loop
      vertex 133.2372808756113 91.73926229476929 0
      vertex 133.2372808756113 91.73926229476929 3
      vertex 131.68460656719208 91.36649817675352 3
    endloop
  endfacet
  facet normal 0.28401534679160345 -0.9588197342497938 0
    outer loop
      vertex 134.76831832544804 92.19277625232935 0
      vertex 133.2372808756113 91.73926229476929 3
      vertex 133.2372808756113 91.73926229476929 0
    endloop
  endfacet
  facet normal 0.28401534679160345 -0.9588197342497938 0
    outer loop
      vertex 134.76831832544804 92.19277625232935 0
      vertex 134.76831832544804 92.19277625232935 3
      vertex 133.2372808756113 91.73926229476929 3
    endloop
  endfacet
  facet normal 0.33380686092999606 -0.9426414904915137 -1.1588043810658823e-17
    outer loop
      vertex 136.27352245913744 92.72579699456692 0
      vertex 134.76831832544804 92.19277625232935 3
      vertex 134.76831832544804 92.19277625232935 0
    endloop
  endfacet
  facet normal 0.33380686092999606 -0.9426414904915137 0
    outer loop
      vertex 136.27352245913744 92.72579699456692 0
      vertex 136.27352245913744 92.72579699456692 3
      vertex 134.76831832544804 92.19277625232935 3
    endloop
  endfacet
  facet normal 0.38268343173805713 -0.9238795327710121 0
    outer loop
      vertex 137.74876761453152 93.33686354458332 0
      vertex 136.27352245913744 92.72579699456692 3
      vertex 136.27352245913744 92.72579699456692 0
    endloop
  endfacet
  facet normal 0.38268343173805713 -0.9238795327710121 0
    outer loop
      vertex 137.74876761453152 93.33686354458332 0
      vertex 137.74876761453152 93.33686354458332 3
      vertex 136.27352245913744 92.72579699456692 3
    endloop
  endfacet
  facet normal 0.43051109534665716 -0.9025852850470263 1.158804383821932e-17
    outer loop
      vertex 139.19001024233103 94.02430101186037 0
      vertex 137.74876761453152 93.33686354458332 3
      vertex 137.74876761453152 93.33686354458332 0
    endloop
  endfacet
  facet normal 0.43051109534665716 -0.9025852850470263 0
    outer loop
      vertex 139.19001024233103 94.02430101186037 0
      vertex 139.19001024233103 94.02430101186037 3
      vertex 137.74876761453152 93.33686354458332 3
    endloop
  endfacet
  facet normal 0.477158759189263 -0.8788171132431155 1.1588043835625268e-17
    outer loop
      vertex 140.5933 94.78622518181801 0
      vertex 139.19001024233103 94.02430101186037 3
      vertex 139.19001024233103 94.02430101186037 0
    endloop
  endfacet
  facet normal 0.477158759189263 -0.8788171132431155 0
    outer loop
      vertex 140.5933 94.78622518181801 0
      vertex 140.5933 94.78622518181801 3
      vertex 139.19001024233103 94.02430101186037 3
    endloop
  endfacet
  facet normal 0.5224985660372748 -0.8526401635443825 2.317608759447242e-17
    outer loop
      vertex 141.95479057000875 95.62054767906666 0
      vertex 140.5933 94.78622518181801 3
      vertex 140.5933 94.78622518181801 0
    endloop
  endfacet
  facet normal 0.5224985660372748 -0.8526401635443825 0
    outer loop
      vertex 141.95479057000875 95.62054767906666 0
      vertex 141.95479057000875 95.62054767906666 3
      vertex 140.5933 94.78622518181801 3
    endloop
  endfacet
  facet normal 0.5664062388577372 -0.8241261872935675 0
    outer loop
      vertex 143.0798501895547 96.39377973675728 0
      vertex 141.95479057000875 95.62054767906666 3
      vertex 141.95479057000875 95.62054767906666 0
    endloop
  endfacet
  facet normal 0.5664062388577372 -0.8241261872935675 0
    outer loop
      vertex 143.0798501895547 96.39377973675728 0
      vertex 143.0798501895547 96.39377973675728 3
      vertex 141.95479057000875 95.62054767906666 3
    endloop
  endfacet
  facet normal -0.7071067811865476 -0.7071067811865476 -1.938420796116345e-17
    outer loop
      vertex 145.77980137633085 93.69382854998112 0
      vertex 143.0798501895547 96.39377973675728 3
      vertex 143.0798501895547 96.39377973675728 0
    endloop
  endfacet
  facet normal -0.7071067811865476 -0.7071067811865476 0
    outer loop
      vertex 145.77980137633085 93.69382854998112 0
      vertex 145.77980137633085 93.69382854998112 3
      vertex 143.0798501895547 96.39377973675728 3
    endloop
  endfacet
  facet normal -0.6929081727356692 -0.7210258415314363 0
    outer loop
      vertex 146.0664561243534 93.41835240721703 0
      vertex 145.77980137633085 93.69382854998112 3
      vertex 145.77980137633085 93.69382854998112 0
    endloop
  endfacet
  facet normal -0.6929081727356692 -0.7210258415314363 0
    outer loop
      vertex 146.0664561243534 93.41835240721703 0
      vertex 146.0664561243534 93.41835240721703 3
      vertex 145.77980137633085 93.69382854998112 3
    endloop
  endfacet
  facet normal -0.6334321616958646 -0.7737982272720092 0
    outer loop
      vertex 146.3740913273573 93.16652185916901 0
      vertex 146.0664561243534 93.41835240721703 3
      vertex 146.0664561243534 93.41835240721703 0
    endloop
  endfacet
  facet normal -0.6334321616958646 -0.7737982272720092 0
    outer loop
      vertex 146.3740913273573 93.16652185916901 0
      vertex 146.3740913273573 93.16652185916901 3
      vertex 146.0664561243534 93.41835240721703 3
    endloop
  endfacet
  facet normal -0.5699513824900472 -0.8216784173858311 0
    outer loop
      vertex 146.70076203362942 92.93992905020714 0
      vertex 146.3740913273573 93.16652185916901 3
      vertex 146.3740913273573 93.16652185916901 0
    endloop
  endfacet
  facet normal -0.5699513824900472 -0.8216784173858311 0
    outer loop
      vertex 146.70076203362942 92.93992905020714 0
      vertex 146.70076203362942 92.93992905020714 3
      vertex 146.3740913273573 93.16652185916901 3
    endloop
  endfacet
  facet normal -0.5028671879449845 -0.8643636915606207 0
    outer loop
      vertex 147.04440291987657 92.7400065779686 0
      vertex 146.70076203362942 92.93992905020714 3
      vertex 146.70076203362942 92.93992905020714 0
    endloop
  endfacet
  facet normal -0.5028671879449845 -0.8643636915606207 0
    outer loop
      vertex 147.04440291987657 92.7400065779686 0
      vertex 147.04440291987657 92.7400065779686 3
      vertex 146.70076203362942 92.93992905020714 3
    endloop
  endfacet
  facet normal -0.4326036977419745 -0.901584183922927 0
    outer loop
      vertex 147.40284136699438 92.56801842600107 0
      vertex 147.04440291987657 92.7400065779686 3
      vertex 147.04440291987657 92.7400065779686 0
    endloop
  endfacet
  facet normal -0.4326036977419745 -0.901584183922927 0
    outer loop
      vertex 147.40284136699438 92.56801842600107 0
      vertex 147.40284136699438 92.56801842600107 3
      vertex 147.04440291987657 92.7400065779686 3
    endloop
  endfacet
  facet normal -0.3596051547020128 -0.9331045668689771 0
    outer loop
      vertex 147.77381122874021 92.42505194693804 0
      vertex 147.40284136699438 92.56801842600107 3
      vertex 147.40284136699438 92.56801842600107 0
    endloop
  endfacet
  facet normal -0.3596051547020128 -0.9331045668689771 0
    outer loop
      vertex 147.77381122874021 92.42505194693804 0
      vertex 147.77381122874021 92.42505194693804 3
      vertex 147.40284136699438 92.56801842600107 3
    endloop
  endfacet
  facet normal -0.2843330812704968 -0.958725559738148 0
    outer loop
      vertex 148.15496709959507 92.31201102286578 0
      vertex 147.77381122874021 92.42505194693804 3
      vertex 147.77381122874021 92.42505194693804 0
    endloop
  endfacet
  facet normal -0.2843330812704968 -0.958725559738148 0
    outer loop
      vertex 148.15496709959507 92.31201102286578 0
      vertex 148.15496709959507 92.31201102286578 3
      vertex 147.77381122874021 92.42505194693804 3
    endloop
  endfacet
  facet normal -0.2072633348273738 -0.9782851884988527 0
    outer loop
      vertex 148.54389920102358 92.22961034327746 0
      vertex 148.15496709959507 92.31201102286578 3
      vertex 148.15496709959507 92.31201102286578 0
    endloop
  endfacet
  facet normal -0.2072633348273738 -0.9782851884988527 0
    outer loop
      vertex 148.54389920102358 92.22961034327746 0
      vertex 148.54389920102358 92.22961034327746 3
      vertex 148.15496709959507 92.31201102286578 3
    endloop
  endfacet
  facet normal -0.1288832369427113 -0.9916597759489739 0
    outer loop
      vertex 148.93814856575727 92.178370860219 0
      vertex 148.54389920102358 92.22961034327746 3
      vertex 148.54389920102358 92.22961034327746 0
    endloop
  endfacet
  facet normal -0.1288832369427113 -0.9916597759489739 0
    outer loop
      vertex 148.93814856575727 92.178370860219 0
      vertex 148.93814856575727 92.178370860219 3
      vertex 148.54389920102358 92.22961034327746 3
    endloop
  endfacet
  facet normal -0.04968827851131292 -0.9987647745983947 0
    outer loop
      vertex 149.33522263185978 92.15861653238535 0
      vertex 148.93814856575727 92.178370860219 3
      vertex 148.93814856575727 92.178370860219 0
    endloop
  endfacet
  facet normal -0.04968827851131292 -0.9987647745983947 0
    outer loop
      vertex 149.33522263185978 92.15861653238535 0
      vertex 149.33522263185978 92.15861653238535 3
      vertex 148.93814856575727 92.178370860219 3
    endloop
  endfacet
  facet normal 0.02982082662936691 -0.9995552602528494 0
    outer loop
      vertex 149.73261097090244 92.17047225385905 0
      vertex 149.33522263185978 92.15861653238535 3
      vertex 149.33522263185978 92.15861653238535 0
    endloop
  endfacet
  facet normal 0.02982082662936691 -0.9995552602528494 0
    outer loop
      vertex 149.73261097090244 92.17047225385905 0
      vertex 149.73261097090244 92.17047225385905 3
      vertex 149.33522263185978 92.15861653238535 3
    endloop
  endfacet
  facet normal 0.10914138223502717 -0.9940262364162366 0
    outer loop
      vertex 150.1278011651516 92.2138630643487 0
      vertex 149.73261097090244 92.17047225385905 3
      vertex 149.73261097090244 92.17047225385905 0
    endloop
  endfacet
  facet normal 0.10914138223502717 -0.9940262364162366 0
    outer loop
      vertex 150.1278011651516 92.2138630643487 0
      vertex 150.1278011651516 92.2138630643487 3
      vertex 149.73261097090244 92.17047225385905 3
    endloop
  endfacet
  facet normal 0.1877719337152499 -0.982212655644813 0
    outer loop
      vertex 150.5182946847558 92.28851464092732 0
      vertex 150.1278011651516 92.2138630643487 3
      vertex 150.1278011651516 92.2138630643487 0
    endloop
  endfacet
  facet normal 0.1877719337152499 -0.982212655644813 0
    outer loop
      vertex 150.5182946847558 92.28851464092732 0
      vertex 150.5182946847558 92.28851464092732 3
      vertex 150.1278011651516 92.2138630643487 3
    endloop
  endfacet
  facet normal 0.26521530317305525 -0.9641892153321485 0
    outer loop
      vertex 150.90162272022962 92.39395500421524 0
      vertex 150.5182946847558 92.28851464092732 3
      vertex 150.5182946847558 92.28851464092732 0
    endloop
  endfacet
  facet normal 0.26521530317305525 -0.9641892153321485 0
    outer loop
      vertex 150.90162272022962 92.39395500421524 0
      vertex 150.90162272022962 92.39395500421524 3
      vertex 150.5182946847558 92.28851464092732 3
    endloop
  endfacet
  facet normal 0.3409819118911415 -0.9400698568527033 0
    outer loop
      vertex 151.27536173181534 92.52951752841473 0
      vertex 150.90162272022962 92.39395500421524 3
      vertex 150.90162272022962 92.39395500421524 0
    endloop
  endfacet
  facet normal 0.3409819118911415 -0.9400698568527033 0
    outer loop
      vertex 151.27536173181534 92.52951752841473 0
      vertex 151.27536173181534 92.52951752841473 3
      vertex 150.90162272022962 92.39395500421524 3
    endloop
  endfacet
  facet normal 0.4145927349939746 -0.9100070681539876 0
    outer loop
      vertex 151.63714882748127 92.69434515088797 0
      vertex 151.27536173181534 92.52951752841473 3
      vertex 151.27536173181534 92.52951752841473 0
    endloop
  endfacet
  facet normal 0.4145927349939746 -0.9100070681539876 0
    outer loop
      vertex 151.63714882748127 92.69434515088797 0
      vertex 151.63714882748127 92.69434515088797 3
      vertex 151.27536173181534 92.52951752841473 3
    endloop
  endfacet
  facet normal 0.4855823379974177 -0.8741909362518931 0
    outer loop
      vertex 151.98469667898416 92.88739576637745 0
      vertex 151.63714882748127 92.69434515088797 3
      vertex 151.63714882748127 92.69434515088797 0
    endloop
  endfacet
  facet normal 0.4855823379974177 -0.8741909362518931 0
    outer loop
      vertex 151.98469667898416 92.88739576637745 0
      vertex 151.98469667898416 92.88739576637745 3
      vertex 151.63714882748127 92.69434515088797 3
    endloop
  endfacet
  facet normal 0.5535019548558396 -0.8328478768483258 0
    outer loop
      vertex 152.31580797599554 93.10744885802269 0
      vertex 151.98469667898416 92.88739576637745 3
      vertex 151.98469667898416 92.88739576637745 0
    endloop
  endfacet
  facet normal 0.5535019548558396 -0.8328478768483258 0
    outer loop
      vertex 152.31580797599554 93.10744885802269 0
      vertex 152.31580797599554 93.10744885802269 3
      vertex 151.98469667898416 92.88739576637745 3
    endloop
  endfacet
  facet normal 0.6179221428362437 -0.7862392927046223 0
    outer loop
      vertex 152.62838931398392 93.35311316400767 0
      vertex 152.31580797599554 93.10744885802269 3
      vertex 152.31580797599554 93.10744885802269 0
    endloop
  endfacet
  facet normal 0.6179221428362437 -0.7862392927046223 0
    outer loop
      vertex 152.62838931398392 93.35311316400767 0
      vertex 152.62838931398392 93.35311316400767 3
      vertex 152.31580797599554 93.10744885802269 3
    endloop
  endfacet
  facet normal 0.6784356475609926 -0.7346598342896505 0
    outer loop
      vertex 152.92046446369886 93.62283553630114 0
      vertex 152.62838931398392 93.35311316400767 3
      vertex 152.62838931398392 93.35311316400767 0
    endloop
  endfacet
  facet normal 0.6784356475609926 -0.7346598342896505 0
    outer loop
      vertex 152.92046446369886 93.62283553630114 0
      vertex 152.92046446369886 93.62283553630114 3
      vertex 152.62838931398392 93.35311316400767 3
    endloop
  endfacet
  facet normal 0.7346598342896505 -0.6784356475609926 0
    outer loop
      vertex 153.19018683599234 93.91491068601609 0
      vertex 152.92046446369886 93.62283553630114 3
      vertex 152.92046446369886 93.62283553630114 0
    endloop
  endfacet
  facet normal 0.7346598342896505 -0.6784356475609926 0
    outer loop
      vertex 153.19018683599234 93.91491068601609 0
      vertex 153.19018683599234 93.91491068601609 3
      vertex 152.92046446369886 93.62283553630114 3
    endloop
  endfacet
  facet normal 0.7862392927046223 -0.6179221428362437 0
    outer loop
      vertex 153.4358511419773 94.22749202400446 0
      vertex 153.19018683599234 93.91491068601609 3
      vertex 153.19018683599234 93.91491068601609 0
    endloop
  endfacet
  facet normal 0.7862392927046223 -0.6179221428362437 0
    outer loop
      vertex 153.4358511419773 94.22749202400446 0
      vertex 153.4358511419773 94.22749202400446 3
      vertex 153.19018683599234 93.91491068601609 3
    endloop
  endfacet
  facet normal 0.8328478768483258 -0.5535019548558396 0
    outer loop
      vertex 153.65590423362255 94.55860332101584 0
      vertex 153.4358511419773 94.22749202400446 3
      vertex 153.4358511419773 94.22749202400446 0
    endloop
  endfacet
  facet normal 0.8328478768483258 -0.5535019548558396 0
    outer loop
      vertex 153.65590423362255 94.55860332101584 0
      vertex 153.65590423362255 94.55860332101584 3
      vertex 153.4358511419773 94.22749202400446 3
    endloop
  endfacet
  facet normal 0.8741909362518931 -0.4855823379974177 0
    outer loop
      vertex 153.84895484911203 94.90615117251873 0
      vertex 153.65590423362255 94.55860332101584 3
      vertex 153.65590423362255 94.55860332101584 0
    endloop
  endfacet
  facet normal 0.8741909362518931 -0.4855823379974177 0
    outer loop
      vertex 153.84895484911203 94.90615117251873 0
      vertex 153.84895484911203 94.90615117251873 3
      vertex 153.65590423362255 94.55860332101584 3
    endloop
  endfacet
  facet normal 0.9100070681539876 -0.4145927349939746 0
    outer loop
      vertex 154.01378247158527 95.26793826818466 0
      vertex 153.84895484911203 94.90615117251873 3
      vertex 153.84895484911203 94.90615117251873 0
    endloop
  endfacet
  facet normal 0.9100070681539876 -0.4145927349939746 0
    outer loop
      vertex 154.01378247158527 95.26793826818466 0
      vertex 154.01378247158527 95.26793826818466 3
      vertex 153.84895484911203 94.90615117251873 3
    endloop
  endfacet
  facet normal 0.9400698568527033 -0.3409819118911415 0
    outer loop
      vertex 154.14934499578476 95.64167727977038 0
      vertex 154.01378247158527 95.26793826818466 3
      vertex 154.01378247158527 95.26793826818466 0
    endloop
  endfacet
  facet normal 0.9400698568527033 -0.3409819118911415 0
    outer loop
      vertex 154.14934499578476 95.64167727977038 0
      vertex 154.14934499578476 95.64167727977038 3
      vertex 154.01378247158527 95.26793826818466 3
    endloop
  endfacet
  facet normal 0.9641892153321485 -0.26521530317305525 0
    outer loop
      vertex 154.25478535907268 96.0250053152442 0
      vertex 154.14934499578476 95.64167727977038 3
      vertex 154.14934499578476 95.64167727977038 0
    endloop
  endfacet
  facet normal 0.9641892153321485 -0.26521530317305525 0
    outer loop
      vertex 154.25478535907268 96.0250053152442 0
      vertex 154.25478535907268 96.0250053152442 3
      vertex 154.14934499578476 95.64167727977038 3
    endloop
  endfacet
  facet normal 0.982212655644813 -0.1877719337152499 0
    outer loop
      vertex 154.3294369356513 96.4154988348484 0
      vertex 154.25478535907268 96.0250053152442 3
      vertex 154.25478535907268 96.0250053152442 0
    endloop
  endfacet
  facet normal 0.982212655644813 -0.1877719337152499 0
    outer loop
      vertex 154.3294369356513 96.4154988348484 0
      vertex 154.3294369356513 96.4154988348484 3
      vertex 154.25478535907268 96.0250053152442 3
    endloop
  endfacet
  facet normal 0.9940262364162366 -0.10914138223502717 0
    outer loop
      vertex 154.37282774614096 96.81068902909756 0
      vertex 154.3294369356513 96.4154988348484 3
      vertex 154.3294369356513 96.4154988348484 0
    endloop
  endfacet
  facet normal 0.9940262364162366 -0.10914138223502717 0
    outer loop
      vertex 154.37282774614096 96.81068902909756 0
      vertex 154.37282774614096 96.81068902909756 3
      vertex 154.3294369356513 96.4154988348484 3
    endloop
  endfacet
  facet normal 0.9995552602528494 -0.02982082662936691 0
    outer loop
      vertex 154.38468346761465 97.20807736814022 0
      vertex 154.37282774614096 96.81068902909756 3
      vertex 154.37282774614096 96.81068902909756 0
    endloop
  endfacet
  facet normal 0.9995552602528494 -0.02982082662936691 0
    outer loop
      vertex 154.38468346761465 97.20807736814022 0
      vertex 154.38468346761465 97.20807736814022 3
      vertex 154.37282774614096 96.81068902909756 3
    endloop
  endfacet
  facet normal 0.9987647745983947 0.04968827851131292 0
    outer loop
      vertex 154.364929139781 97.60515143424273 0
      vertex 154.38468346761465 97.20807736814022 3
      vertex 154.38468346761465 97.20807736814022 0
    endloop
  endfacet
  facet normal 0.9987647745983947 0.04968827851131292 0
    outer loop
      vertex 154.364929139781 97.60515143424273 0
      vertex 154.364929139781 97.60515143424273 3
      vertex 154.38468346761465 97.20807736814022 3
    endloop
  endfacet
  facet normal 0.9916597759489739 0.1288832369427113 0
    outer loop
      vertex 154.31368965672254 97.99940079897642 0
      vertex 154.364929139781 97.60515143424273 3
      vertex 154.364929139781 97.60515143424273 0
    endloop
  endfacet
  facet normal 0.9916597759489739 0.1288832369427113 0
    outer loop
      vertex 154.31368965672254 97.99940079897642 0
      vertex 154.31368965672254 97.99940079897642 3
      vertex 154.364929139781 97.60515143424273 3
    endloop
  endfacet
  facet normal 0.9782851884988527 0.2072633348273738 0
    outer loop
      vertex 154.23128897713423 98.38833290040493 0
      vertex 154.31368965672254 97.99940079897642 3
      vertex 154.31368965672254 97.99940079897642 0
    endloop
  endfacet
  facet normal 0.9782851884988527 0.2072633348273738 0
    outer loop
      vertex 154.23128897713423 98.38833290040493 0
      vertex 154.23128897713423 98.38833290040493 3
      vertex 154.31368965672254 97.99940079897642 3
    endloop
  endfacet
  facet normal 0.958725559738148 0.2843330812704968 0
    outer loop
      vertex 154.11824805306196 98.76948877125979 0
      vertex 154.23128897713423 98.38833290040493 3
      vertex 154.23128897713423 98.38833290040493 0
    endloop
  endfacet
  facet normal 0.958725559738148 0.2843330812704968 0
    outer loop
      vertex 154.11824805306196 98.76948877125979 0
      vertex 154.11824805306196 98.76948877125979 3
      vertex 154.23128897713423 98.38833290040493 3
    endloop
  endfacet
  facet normal 0.9331045668689771 0.3596051547020128 0
    outer loop
      vertex 153.97528157399893 99.14045863300562 0
      vertex 154.11824805306196 98.76948877125979 3
      vertex 154.11824805306196 98.76948877125979 0
    endloop
  endfacet
  facet normal 0.9331045668689771 0.3596051547020128 0
    outer loop
      vertex 153.97528157399893 99.14045863300562 0
      vertex 153.97528157399893 99.14045863300562 3
      vertex 154.11824805306196 98.76948877125979 3
    endloop
  endfacet
  facet normal 0.901584183922927 0.4326036977419745 0
    outer loop
      vertex 153.8032934220314 99.49889708012343 0
      vertex 153.97528157399893 99.14045863300562 3
      vertex 153.97528157399893 99.14045863300562 0
    endloop
  endfacet
  facet normal 0.901584183922927 0.4326036977419745 0
    outer loop
      vertex 153.8032934220314 99.49889708012343 0
      vertex 153.8032934220314 99.49889708012343 3
      vertex 153.97528157399893 99.14045863300562 3
    endloop
  endfacet
  facet normal 0.8643636915606207 0.5028671879449845 0
    outer loop
      vertex 153.60337094979286 99.84253796637059 0
      vertex 153.8032934220314 99.49889708012343 3
      vertex 153.8032934220314 99.49889708012343 0
    endloop
  endfacet
  facet normal 0.8643636915606207 0.5028671879449845 0
    outer loop
      vertex 153.60337094979286 99.84253796637059 0
      vertex 153.60337094979286 99.84253796637059 3
      vertex 153.8032934220314 99.49889708012343 3
    endloop
  endfacet
  facet normal 0.8216784173858311 0.5699513824900472 0
    outer loop
      vertex 153.376778140831 100.16920867264271 0
      vertex 153.60337094979286 99.84253796637059 3
      vertex 153.60337094979286 99.84253796637059 0
    endloop
  endfacet
  facet normal 0.8216784173858311 0.5699513824900472 0
    outer loop
      vertex 153.376778140831 100.16920867264271 0
      vertex 153.376778140831 100.16920867264271 3
      vertex 153.60337094979286 99.84253796637059 3
    endloop
  endfacet
  facet normal 0.7737982272720092 0.6334321616958646 0
    outer loop
      vertex 153.12494759278297 100.4768438756466 0
      vertex 153.376778140831 100.16920867264271 3
      vertex 153.376778140831 100.16920867264271 0
    endloop
  endfacet
  facet normal 0.7737982272720092 0.6334321616958646 0
    outer loop
      vertex 153.12494759278297 100.4768438756466 0
      vertex 153.12494759278297 100.4768438756466 3
      vertex 153.376778140831 100.16920867264271 3
    endloop
  endfacet
  facet normal 0.7210258415314363 0.6929081727356692 0
    outer loop
      vertex 152.84947145001888 100.76349862366915 0
      vertex 153.12494759278297 100.4768438756466 3
      vertex 153.12494759278297 100.4768438756466 0
    endloop
  endfacet
  facet normal 0.7210258415314363 0.6929081727356692 0
    outer loop
      vertex 152.84947145001888 100.76349862366915 0
      vertex 152.84947145001888 100.76349862366915 3
      vertex 153.12494759278297 100.4768438756466 3
    endloop
  endfacet
  facet normal 0.7071067811865476 0.7071067811865476 -1.938420796116345e-17
    outer loop
      vertex 150.14952026324272 103.46344981044531 0
      vertex 152.84947145001888 100.76349862366915 3
      vertex 152.84947145001888 100.76349862366915 0
    endloop
  endfacet
  facet normal 0.7071067811865476 0.7071067811865476 0
    outer loop
      vertex 150.14952026324272 103.46344981044531 0
      vertex 150.14952026324272 103.46344981044531 3
      vertex 152.84947145001888 100.76349862366915 3
    endloop
  endfacet
  facet normal 0.8241261872935675 -0.5664062388577372 0
    outer loop
      vertex 150.92275232093334 104.58850942999125 0
      vertex 150.14952026324272 103.46344981044531 3
      vertex 150.14952026324272 103.46344981044531 0
    endloop
  endfacet
  facet normal 0.8241261872935675 -0.5664062388577372 0
    outer loop
      vertex 150.92275232093334 104.58850942999125 0
      vertex 150.92275232093334 104.58850942999125 3
      vertex 150.14952026324272 103.46344981044531 3
    endloop
  endfacet
  facet normal 0.8526401635443825 -0.5224985660372748 2.317608759447242e-17
    outer loop
      vertex 151.757074818182 105.95 0
      vertex 150.92275232093334 104.58850942999125 3
      vertex 150.92275232093334 104.58850942999125 0
    endloop
  endfacet
  facet normal 0.8526401635443825 -0.5224985660372748 0
    outer loop
      vertex 151.757074818182 105.95 0
      vertex 151.757074818182 105.95 3
      vertex 150.92275232093334 104.58850942999125 3
    endloop
  endfacet
  facet normal 0.8788171132431155 -0.477158759189263 1.1588043835625268e-17
    outer loop
      vertex 152.51899898813963 107.35328975766897 0
      vertex 151.757074818182 105.95 3
      vertex 151.757074818182 105.95 0
    endloop
  endfacet
  facet normal 0.8788171132431155 -0.477158759189263 0
    outer loop
      vertex 152.51899898813963 107.35328975766897 0
      vertex 152.51899898813963 107.35328975766897 3
      vertex 151.757074818182 105.95 3
    endloop
  endfacet
  facet normal 0.9025852850470263 -0.43051109534665716 1.158804383821932e-17
    outer loop
      vertex 153.20643645541668 108.79453238546849 0
      vertex 152.51899898813963 107.35328975766897 3
      vertex 152.51899898813963 107.35328975766897 0
    endloop
  endfacet
  facet normal 0.9025852850470263 -0.43051109534665716 0
    outer loop
      vertex 153.20643645541668 108.79453238546849 0
      vertex 153.20643645541668 108.79453238546849 3
      vertex 152.51899898813963 107.35328975766897 3
    endloop
  endfacet
  facet normal 0.9238795327710121 -0.38268343173805713 0
    outer loop
      vertex 153.81750300543308 110.26977754086256 0
      vertex 153.20643645541668 108.79453238546849 3
      vertex 153.20643645541668 108.79453238546849 0
    endloop
  endfacet
  facet normal 0.9238795327710121 -0.38268343173805713 0
    outer loop
      vertex 153.81750300543308 110.26977754086256 0
      vertex 153.81750300543308 110.26977754086256 3
      vertex 153.20643645541668 108.79453238546849 3
    endloop
  endfacet
  facet normal 0.9426414904915137 -0.33380686092999606 -1.1588043810658823e-17
    outer loop
      vertex 154.35052374767065 111.77498167455197 0
      vertex 153.81750300543308 110.26977754086256 3
      vertex 153.81750300543308 110.26977754086256 0
    endloop
  endfacet
  facet normal 0.9426414904915137 -0.33380686092999606 0
    outer loop
      vertex 154.35052374767065 111.77498167455197 0
      vertex 154.35052374767065 111.77498167455197 3
      vertex 153.81750300543308 110.26977754086256 3
    endloop
  endfacet
  facet normal 0.9588197342497938 -0.28401534679160345 0
    outer loop
      vertex 154.8040377052307 113.3060191243887 0
      vertex 154.35052374767065 111.77498167455197 3
      vertex 154.35052374767065 111.77498167455197 0
    endloop
  endfacet
  facet normal 0.9588197342497938 -0.28401534679160345 0
    outer loop
      vertex 154.8040377052307 113.3060191243887 0
      vertex 154.8040377052307 113.3060191243887 3
      vertex 154.35052374767065 111.77498167455197 3
    endloop
  endfacet
  facet normal 0.9723699208533036 -0.23344536195808252 0
    outer loop
      vertex 155.17680182324648 114.85869343280793 0
      vertex 154.8040377052307 113.3060191243887 3
      vertex 154.8040377052307 113.3060191243887 0
    endloop
  endfacet
  facet normal 0.9723699208533036 -0.23344536195808252 0
    outer loop
      vertex 155.17680182324648 114.85869343280793 0
      vertex 155.17680182324648 114.85869343280793 3
      vertex 154.8040377052307 113.3060191243887 3
    endloop
  endfacet
  facet normal 0.9832549074799828 -0.1822355259452183 0
    outer loop
      vertex 155.46779438869953 116.42874881327153 0
      vertex 155.17680182324648 114.85869343280793 3
      vertex 155.17680182324648 114.85869343280793 0
    endloop
  endfacet
  facet normal 0.9832549074799828 -0.1822355259452183 0
    outer loop
      vertex 155.46779438869953 116.42874881327153 0
      vertex 155.46779438869953 116.42874881327153 3
      vertex 155.17680182324648 114.85869343280793 3
    endloop
  endfacet
  facet normal 0.9914448613858651 -0.1305261921284875 0
    outer loop
      vertex 155.6762178094864 118.01188187003136 0
      vertex 155.46779438869953 116.42874881327153 3
      vertex 155.46779438869953 116.42874881327153 0
    endloop
  endfacet
  facet normal 0.9914448613858651 -0.1305261921284875 0
    outer loop
      vertex 155.6762178094864 118.01188187003136 0
      vertex 155.6762178094864 118.01188187003136 3
      vertex 155.46779438869953 116.42874881327153 3
    endloop
  endfacet
  facet normal 0.9969173336504139 -0.07845909677882558 0
    outer loop
      vertex 155.80150081233978 119.60375333279372 0
      vertex 155.6762178094864 118.01188187003136 3
      vertex 155.6762178094864 118.01188187003136 0
    endloop
  endfacet
  facet normal 0.9969173336504139 -0.07845909677882558 0
    outer loop
      vertex 155.80150081233978 119.60375333279372 0
      vertex 155.80150081233978 119.60375333279372 3
      vertex 155.6762178094864 118.01188187003136 3
    endloop
  endfacet
  facet normal 0.9996573250144345 -0.026176946823212505 0
    outer loop
      vertex 155.8433 121.2 0
      vertex 155.80150081233978 119.60375333279372 3
      vertex 155.80150081233978 119.60375333279372 0
    endloop
  endfacet
  facet normal 0.9996573250144345 -0.026176946823212505 0
    outer loop
      vertex 155.8433 121.2 0
      vertex 155.8433 121.2 3
      vertex 155.80150081233978 119.60375333279372 3
    endloop
  endfacet
  facet normal 0.9996573250144345 0.026176946823212505 0
    outer loop
      vertex 155.80150081233978 122.79624666720629 0
      vertex 155.8433 121.2 3
      vertex 155.8433 121.2 0
    endloop
  endfacet
  facet normal 0.9996573250144345 0.026176946823212505 0
    outer loop
      vertex 155.80150081233978 122.79624666720629 0
      vertex 155.80150081233978 122.79624666720629 3
      vertex 155.8433 121.2 3
    endloop
  endfacet
  facet normal 0.9969173336504139 0.07845909677882558 0
    outer loop
      vertex 155.6762178094864 124.38811812996865 0
      vertex 155.80150081233978 122.79624666720629 3
      vertex 155.80150081233978 122.79624666720629 0
    endloop
  endfacet
  facet normal 0.9969173336504139 0.07845909677882558 0
    outer loop
      vertex 155.6762178094864 124.38811812996865 0
      vertex 155.6762178094864 124.38811812996865 3
      vertex 155.80150081233978 122.79624666720629 3
    endloop
  endfacet
  facet normal 0.9914448613858651 0.1305261921284875 0
    outer loop
      vertex 155.46779438869953 125.97125118672848 0
      vertex 155.6762178094864 124.38811812996865 3
      vertex 155.6762178094864 124.38811812996865 0
    endloop
  endfacet
  facet normal 0.9914448613858651 0.1305261921284875 0
    outer loop
      vertex 155.46779438869953 125.97125118672848 0
      vertex 155.46779438869953 125.97125118672848 3
      vertex 155.6762178094864 124.38811812996865 3
    endloop
  endfacet
  facet normal 0.9832549074799828 0.1822355259452183 0
    outer loop
      vertex 155.17680182324648 127.54130656719208 0
      vertex 155.46779438869953 125.97125118672848 3
      vertex 155.46779438869953 125.97125118672848 0
    endloop
  endfacet
  facet normal 0.9832549074799828 0.1822355259452183 0
    outer loop
      vertex 155.17680182324648 127.54130656719208 0
      vertex 155.17680182324648 127.54130656719208 3
      vertex 155.46779438869953 125.97125118672848 3
    endloop
  endfacet
  facet normal 0.972369920853303 0.23344536195808452 -6.632831587557582e-18
    outer loop
      vertex 154.8040377052307 129.0939808756113 0
      vertex 155.17680182324648 127.54130656719208 3
      vertex 155.17680182324648 127.54130656719208 0
    endloop
  endfacet
  facet normal 0.972369920853303 0.23344536195808452 0
    outer loop
      vertex 154.8040377052307 129.0939808756113 0
      vertex 154.8040377052307 129.0939808756113 3
      vertex 155.17680182324648 127.54130656719208 3
    endloop
  endfacet
  facet normal 0.9588197342497938 0.28401534679160345 0
    outer loop
      vertex 154.35052374767065 130.62501832544802 0
      vertex 154.8040377052307 129.0939808756113 3
      vertex 154.8040377052307 129.0939808756113 0
    endloop
  endfacet
  facet normal 0.9588197342497938 0.28401534679160345 0
    outer loop
      vertex 154.35052374767065 130.62501832544802 0
      vertex 154.35052374767065 130.62501832544802 3
      vertex 154.8040377052307 129.0939808756113 3
    endloop
  endfacet
  facet normal 0.9426414904915137 0.33380686092999606 1.1588043810658823e-17
    outer loop
      vertex 153.81750300543308 132.13022245913743 0
      vertex 154.35052374767065 130.62501832544802 3
      vertex 154.35052374767065 130.62501832544802 0
    endloop
  endfacet
  facet normal 0.9426414904915137 0.33380686092999606 0
    outer loop
      vertex 153.81750300543308 132.13022245913743 0
      vertex 153.81750300543308 132.13022245913743 3
      vertex 154.35052374767065 130.62501832544802 3
    endloop
  endfacet
  facet normal 0.9238795327710121 0.38268343173805713 0
    outer loop
      vertex 153.20643645541668 133.6054676145315 0
      vertex 153.81750300543308 132.13022245913743 3
      vertex 153.81750300543308 132.13022245913743 0
    endloop
  endfacet
  facet normal 0.9238795327710121 0.38268343173805713 0
    outer loop
      vertex 153.20643645541668 133.6054676145315 0
      vertex 153.20643645541668 133.6054676145315 3
      vertex 153.81750300543308 132.13022245913743 3
    endloop
  endfacet
  facet normal 0.9025852850470263 0.43051109534665716 -1.158804383821932e-17
    outer loop
      vertex 152.51899898813963 135.04671024233102 0
      vertex 153.20643645541668 133.6054676145315 3
      vertex 153.20643645541668 133.6054676145315 0
    endloop
  endfacet
  facet normal 0.9025852850470263 0.43051109534665716 0
    outer loop
      vertex 152.51899898813963 135.04671024233102 0
      vertex 152.51899898813963 135.04671024233102 3
      vertex 153.20643645541668 133.6054676145315 3
    endloop
  endfacet
  facet normal 0.8788171132431155 0.477158759189263 -1.1588043835625268e-17
    outer loop
      vertex 151.757074818182 136.45 0
      vertex 152.51899898813963 135.04671024233102 3
      vertex 152.51899898813963 135.04671024233102 0
    endloop
  endfacet
  facet normal 0.8788171132431155 0.477158759189263 0
    outer loop
      vertex 151.757074818182 136.45 0
      vertex 151.757074818182 136.45 3
      vertex 152.51899898813963 135.04671024233102 3
    endloop
  endfacet
  facet normal 0.8526401635443825 0.5224985660372748 -2.317608759447242e-17
    outer loop
      vertex 150.92275232093334 137.81149057000874 0
      vertex 151.757074818182 136.45 3
      vertex 151.757074818182 136.45 0
    endloop
  endfacet
  facet normal 0.8526401635443825 0.5224985660372748 0
    outer loop
      vertex 150.92275232093334 137.81149057000874 0
      vertex 150.92275232093334 137.81149057000874 3
      vertex 151.757074818182 136.45 3
    endloop
  endfacet
  facet normal 0.8241261872935675 0.5664062388577372 0
    outer loop
      vertex 150.14952026324272 138.93655018955468 0
      vertex 150.92275232093334 137.81149057000874 3
      vertex 150.92275232093334 137.81149057000874 0
    endloop
  endfacet
  facet normal 0.8241261872935675 0.5664062388577372 0
    outer loop
      vertex 150.14952026324272 138.93655018955468 0
      vertex 150.14952026324272 138.93655018955468 3
      vertex 150.92275232093334 137.81149057000874 3
    endloop
  endfacet
  facet normal 0.7071067811865476 -0.7071067811865476 1.938420796116345e-17
    outer loop
      vertex 152.84947145001888 141.63650137633084 0
      vertex 150.14952026324272 138.93655018955468 3
      vertex 150.14952026324272 138.93655018955468 0
    endloop
  endfacet
  facet normal 0.7071067811865476 -0.7071067811865476 0
    outer loop
      vertex 152.84947145001888 141.63650137633084 0
      vertex 152.84947145001888 141.63650137633084 3
      vertex 150.14952026324272 138.93655018955468 3
    endloop
  endfacet
  facet normal 0.7210258415314363 -0.6929081727356692 0
    outer loop
      vertex 153.12494759278297 141.9231561243534 0
      vertex 152.84947145001888 141.63650137633084 3
      vertex 152.84947145001888 141.63650137633084 0
    endloop
  endfacet
  facet normal 0.7210258415314363 -0.6929081727356692 0
    outer loop
      vertex 153.12494759278297 141.9231561243534 0
      vertex 153.12494759278297 141.9231561243534 3
      vertex 152.84947145001888 141.63650137633084 3
    endloop
  endfacet
  facet normal 0.7737982272720092 -0.6334321616958646 0
    outer loop
      vertex 153.376778140831 142.23079132735728 0
      vertex 153.12494759278297 141.9231561243534 3
      vertex 153.12494759278297 141.9231561243534 0
    endloop
  endfacet
  facet normal 0.7737982272720092 -0.6334321616958646 0
    outer loop
      vertex 153.376778140831 142.23079132735728 0
      vertex 153.376778140831 142.23079132735728 3
      vertex 153.12494759278297 141.9231561243534 3
    endloop
  endfacet
  facet normal 0.8216784173858311 -0.5699513824900472 0
    outer loop
      vertex 153.60337094979286 142.5574620336294 0
      vertex 153.376778140831 142.23079132735728 3
      vertex 153.376778140831 142.23079132735728 0
    endloop
  endfacet
  facet normal 0.8216784173858311 -0.5699513824900472 0
    outer loop
      vertex 153.60337094979286 142.5574620336294 0
      vertex 153.60337094979286 142.5574620336294 3
      vertex 153.376778140831 142.23079132735728 3
    endloop
  endfacet
  facet normal 0.8643636915606207 -0.5028671879449845 0
    outer loop
      vertex 153.8032934220314 142.90110291987656 0
      vertex 153.60337094979286 142.5574620336294 3
      vertex 153.60337094979286 142.5574620336294 0
    endloop
  endfacet
  facet normal 0.8643636915606207 -0.5028671879449845 0
    outer loop
      vertex 153.8032934220314 142.90110291987656 0
      vertex 153.8032934220314 142.90110291987656 3
      vertex 153.60337094979286 142.5574620336294 3
    endloop
  endfacet
  facet normal 0.901584183922927 -0.4326036977419745 0
    outer loop
      vertex 153.97528157399893 143.25954136699437 0
      vertex 153.8032934220314 142.90110291987656 3
      vertex 153.8032934220314 142.90110291987656 0
    endloop
  endfacet
  facet normal 0.901584183922927 -0.4326036977419745 0
    outer loop
      vertex 153.97528157399893 143.25954136699437 0
      vertex 153.97528157399893 143.25954136699437 3
      vertex 153.8032934220314 142.90110291987656 3
    endloop
  endfacet
  facet normal 0.9331045668689771 -0.3596051547020128 0
    outer loop
      vertex 154.11824805306196 143.6305112287402 0
      vertex 153.97528157399893 143.25954136699437 3
      vertex 153.97528157399893 143.25954136699437 0
    endloop
  endfacet
  facet normal 0.9331045668689771 -0.3596051547020128 0
    outer loop
      vertex 154.11824805306196 143.6305112287402 0
      vertex 154.11824805306196 143.6305112287402 3
      vertex 153.97528157399893 143.25954136699437 3
    endloop
  endfacet
  facet normal 0.958725559738148 -0.2843330812704968 0
    outer loop
      vertex 154.23128897713423 144.01166709959506 0
      vertex 154.11824805306196 143.6305112287402 3
      vertex 154.11824805306196 143.6305112287402 0
    endloop
  endfacet
  facet normal 0.958725559738148 -0.2843330812704968 0
    outer loop
      vertex 154.23128897713423 144.01166709959506 0
      vertex 154.23128897713423 144.01166709959506 3
      vertex 154.11824805306196 143.6305112287402 3
    endloop
  endfacet
  facet normal 0.9782851884988527 -0.2072633348273738 0
    outer loop
      vertex 154.31368965672254 144.40059920102357 0
      vertex 154.23128897713423 144.01166709959506 3
      vertex 154.23128897713423 144.01166709959506 0
    endloop
  endfacet
  facet normal 0.9782851884988527 -0.2072633348273738 0
    outer loop
      vertex 154.31368965672254 144.40059920102357 0
      vertex 154.31368965672254 144.40059920102357 3
      vertex 154.23128897713423 144.01166709959506 3
    endloop
  endfacet
  facet normal 0.9916597759489739 -0.1288832369427113 0
    outer loop
      vertex 154.364929139781 144.79484856575726 0
      vertex 154.31368965672254 144.40059920102357 3
      vertex 154.31368965672254 144.40059920102357 0
    endloop
  endfacet
  facet normal 0.9916597759489739 -0.1288832369427113 0
    outer loop
      vertex 154.364929139781 144.79484856575726 0
      vertex 154.364929139781 144.79484856575726 3
      vertex 154.31368965672254 144.40059920102357 3
    endloop
  endfacet
  facet normal 0.9987647745983947 -0.04968827851131292 0
    outer loop
      vertex 154.38468346761465 145.19192263185977 0
      vertex 154.364929139781 144.79484856575726 3
      vertex 154.364929139781 144.79484856575726 0
    endloop
  endfacet
  facet normal 0.9987647745983947 -0.04968827851131292 0
    outer loop
      vertex 154.38468346761465 145.19192263185977 0
      vertex 154.38468346761465 145.19192263185977 3
      vertex 154.364929139781 144.79484856575726 3
    endloop
  endfacet
  facet normal 0.9995552602528494 0.02982082662936691 0
    outer loop
      vertex 154.37282774614096 145.58931097090243 0
      vertex 154.38468346761465 145.19192263185977 3
      vertex 154.38468346761465 145.19192263185977 0
    endloop
  endfacet
  facet normal 0.9995552602528494 0.02982082662936691 0
    outer loop
      vertex 154.37282774614096 145.58931097090243 0
      vertex 154.37282774614096 145.58931097090243 3
      vertex 154.38468346761465 145.19192263185977 3
    endloop
  endfacet
  facet normal 0.9940262364162366 0.10914138223502717 0
    outer loop
      vertex 154.3294369356513 145.98450116515158 0
      vertex 154.37282774614096 145.58931097090243 3
      vertex 154.37282774614096 145.58931097090243 0
    endloop
  endfacet
  facet normal 0.9940262364162366 0.10914138223502717 0
    outer loop
      vertex 154.3294369356513 145.98450116515158 0
      vertex 154.3294369356513 145.98450116515158 3
      vertex 154.37282774614096 145.58931097090243 3
    endloop
  endfacet
  facet normal 0.982212655644813 0.1877719337152499 0
    outer loop
      vertex 154.25478535907268 146.3749946847558 0
      vertex 154.3294369356513 145.98450116515158 3
      vertex 154.3294369356513 145.98450116515158 0
    endloop
  endfacet
  facet normal 0.982212655644813 0.1877719337152499 0
    outer loop
      vertex 154.25478535907268 146.3749946847558 0
      vertex 154.25478535907268 146.3749946847558 3
      vertex 154.3294369356513 145.98450116515158 3
    endloop
  endfacet
  facet normal 0.9641892153321485 0.26521530317305525 0
    outer loop
      vertex 154.14934499578476 146.75832272022961 0
      vertex 154.25478535907268 146.3749946847558 3
      vertex 154.25478535907268 146.3749946847558 0
    endloop
  endfacet
  facet normal 0.9641892153321485 0.26521530317305525 0
    outer loop
      vertex 154.14934499578476 146.75832272022961 0
      vertex 154.14934499578476 146.75832272022961 3
      vertex 154.25478535907268 146.3749946847558 3
    endloop
  endfacet
  facet normal 0.9400698568527033 0.3409819118911415 0
    outer loop
      vertex 154.01378247158527 147.13206173181533 0
      vertex 154.14934499578476 146.75832272022961 3
      vertex 154.14934499578476 146.75832272022961 0
    endloop
  endfacet
  facet normal 0.9400698568527033 0.3409819118911415 0
    outer loop
      vertex 154.01378247158527 147.13206173181533 0
      vertex 154.01378247158527 147.13206173181533 3
      vertex 154.14934499578476 146.75832272022961 3
    endloop
  endfacet
  facet normal 0.9100070681539876 0.4145927349939746 0
    outer loop
      vertex 153.84895484911203 147.49384882748126 0
      vertex 154.01378247158527 147.13206173181533 3
      vertex 154.01378247158527 147.13206173181533 0
    endloop
  endfacet
  facet normal 0.9100070681539876 0.4145927349939746 0
    outer loop
      vertex 153.84895484911203 147.49384882748126 0
      vertex 153.84895484911203 147.49384882748126 3
      vertex 154.01378247158527 147.13206173181533 3
    endloop
  endfacet
  facet normal 0.8741909362518931 0.4855823379974177 0
    outer loop
      vertex 153.65590423362255 147.84139667898415 0
      vertex 153.84895484911203 147.49384882748126 3
      vertex 153.84895484911203 147.49384882748126 0
    endloop
  endfacet
  facet normal 0.8741909362518931 0.4855823379974177 0
    outer loop
      vertex 153.65590423362255 147.84139667898415 0
      vertex 153.65590423362255 147.84139667898415 3
      vertex 153.84895484911203 147.49384882748126 3
    endloop
  endfacet
  facet normal 0.8328478768483258 0.5535019548558396 0
    outer loop
      vertex 153.4358511419773 148.17250797599553 0
      vertex 153.65590423362255 147.84139667898415 3
      vertex 153.65590423362255 147.84139667898415 0
    endloop
  endfacet
  facet normal 0.8328478768483258 0.5535019548558396 0
    outer loop
      vertex 153.4358511419773 148.17250797599553 0
      vertex 153.4358511419773 148.17250797599553 3
      vertex 153.65590423362255 147.84139667898415 3
    endloop
  endfacet
  facet normal 0.7862392927046223 0.6179221428362437 0
    outer loop
      vertex 153.19018683599234 148.4850893139839 0
      vertex 153.4358511419773 148.17250797599553 3
      vertex 153.4358511419773 148.17250797599553 0
    endloop
  endfacet
  facet normal 0.7862392927046223 0.6179221428362437 0
    outer loop
      vertex 153.19018683599234 148.4850893139839 0
      vertex 153.19018683599234 148.4850893139839 3
      vertex 153.4358511419773 148.17250797599553 3
    endloop
  endfacet
  facet normal 0.7346598342896505 0.6784356475609926 0
    outer loop
      vertex 152.92046446369886 148.77716446369885 0
      vertex 153.19018683599234 148.4850893139839 3
      vertex 153.19018683599234 148.4850893139839 0
    endloop
  endfacet
  facet normal 0.7346598342896505 0.6784356475609926 0
    outer loop
      vertex 152.92046446369886 148.77716446369885 0
      vertex 152.92046446369886 148.77716446369885 3
      vertex 153.19018683599234 148.4850893139839 3
    endloop
  endfacet
  facet normal 0.6784356475609926 0.7346598342896505 0
    outer loop
      vertex 152.62838931398392 149.04688683599232 0
      vertex 152.92046446369886 148.77716446369885 3
      vertex 152.92046446369886 148.77716446369885 0
    endloop
  endfacet
  facet normal 0.6784356475609926 0.7346598342896505 0
    outer loop
      vertex 152.62838931398392 149.04688683599232 0
      vertex 152.62838931398392 149.04688683599232 3
      vertex 152.92046446369886 148.77716446369885 3
    endloop
  endfacet
  facet normal 0.6179221428362437 0.7862392927046223 0
    outer loop
      vertex 152.31580797599554 149.2925511419773 0
      vertex 152.62838931398392 149.04688683599232 3
      vertex 152.62838931398392 149.04688683599232 0
    endloop
  endfacet
  facet normal 0.6179221428362437 0.7862392927046223 0
    outer loop
      vertex 152.31580797599554 149.2925511419773 0
      vertex 152.31580797599554 149.2925511419773 3
      vertex 152.62838931398392 149.04688683599232 3
    endloop
  endfacet
  facet normal 0.5535019548558396 0.8328478768483258 0
    outer loop
      vertex 151.98469667898416 149.51260423362254 0
      vertex 152.31580797599554 149.2925511419773 3
      vertex 152.31580797599554 149.2925511419773 0
    endloop
  endfacet
  facet normal 0.5535019548558396 0.8328478768483258 0
    outer loop
      vertex 151.98469667898416 149.51260423362254 0
      vertex 151.98469667898416 149.51260423362254 3
      vertex 152.31580797599554 149.2925511419773 3
    endloop
  endfacet
  facet normal 0.4855823379974177 0.8741909362518931 0
    outer loop
      vertex 151.63714882748127 149.70565484911202 0
      vertex 151.98469667898416 149.51260423362254 3
      vertex 151.98469667898416 149.51260423362254 0
    endloop
  endfacet
  facet normal 0.4855823379974177 0.8741909362518931 0
    outer loop
      vertex 151.63714882748127 149.70565484911202 0
      vertex 151.63714882748127 149.70565484911202 3
      vertex 151.98469667898416 149.51260423362254 3
    endloop
  endfacet
  facet normal 0.4145927349939746 0.9100070681539876 0
    outer loop
      vertex 151.27536173181534 149.87048247158526 0
      vertex 151.63714882748127 149.70565484911202 3
      vertex 151.63714882748127 149.70565484911202 0
    endloop
  endfacet
  facet normal 0.4145927349939746 0.9100070681539876 0
    outer loop
      vertex 151.27536173181534 149.87048247158526 0
      vertex 151.27536173181534 149.87048247158526 3
      vertex 151.63714882748127 149.70565484911202 3
    endloop
  endfacet
  facet normal 0.3409819118911415 0.9400698568527033 0
    outer loop
      vertex 150.90162272022962 150.00604499578475 0
      vertex 151.27536173181534 149.87048247158526 3
      vertex 151.27536173181534 149.87048247158526 0
    endloop
  endfacet
  facet normal 0.3409819118911415 0.9400698568527033 0
    outer loop
      vertex 150.90162272022962 150.00604499578475 0
      vertex 150.90162272022962 150.00604499578475 3
      vertex 151.27536173181534 149.87048247158526 3
    endloop
  endfacet
  facet normal 0.26521530317305525 0.9641892153321485 0
    outer loop
      vertex 150.5182946847558 150.11148535907267 0
      vertex 150.90162272022962 150.00604499578475 3
      vertex 150.90162272022962 150.00604499578475 0
    endloop
  endfacet
  facet normal 0.26521530317305525 0.9641892153321485 0
    outer loop
      vertex 150.5182946847558 150.11148535907267 0
      vertex 150.5182946847558 150.11148535907267 3
      vertex 150.90162272022962 150.00604499578475 3
    endloop
  endfacet
  facet normal 0.1877719337152499 0.982212655644813 0
    outer loop
      vertex 150.1278011651516 150.1861369356513 0
      vertex 150.5182946847558 150.11148535907267 3
      vertex 150.5182946847558 150.11148535907267 0
    endloop
  endfacet
  facet normal 0.1877719337152499 0.982212655644813 0
    outer loop
      vertex 150.1278011651516 150.1861369356513 0
      vertex 150.1278011651516 150.1861369356513 3
      vertex 150.5182946847558 150.11148535907267 3
    endloop
  endfacet
  facet normal 0.10914138223502717 0.9940262364162366 0
    outer loop
      vertex 149.73261097090244 150.22952774614095 0
      vertex 150.1278011651516 150.1861369356513 3
      vertex 150.1278011651516 150.1861369356513 0
    endloop
  endfacet
  facet normal 0.10914138223502717 0.9940262364162366 0
    outer loop
      vertex 149.73261097090244 150.22952774614095 0
      vertex 149.73261097090244 150.22952774614095 3
      vertex 150.1278011651516 150.1861369356513 3
    endloop
  endfacet
  facet normal 0.02982082662936691 0.9995552602528494 0
    outer loop
      vertex 149.33522263185978 150.24138346761464 0
      vertex 149.73261097090244 150.22952774614095 3
      vertex 149.73261097090244 150.22952774614095 0
    endloop
  endfacet
  facet normal 0.02982082662936691 0.9995552602528494 0
    outer loop
      vertex 149.33522263185978 150.24138346761464 0
      vertex 149.33522263185978 150.24138346761464 3
      vertex 149.73261097090244 150.22952774614095 3
    endloop
  endfacet
  facet normal -0.04968827851131292 0.9987647745983947 0
    outer loop
      vertex 148.93814856575727 150.221629139781 0
      vertex 149.33522263185978 150.24138346761464 3
      vertex 149.33522263185978 150.24138346761464 0
    endloop
  endfacet
  facet normal -0.04968827851131292 0.9987647745983947 0
    outer loop
      vertex 148.93814856575727 150.221629139781 0
      vertex 148.93814856575727 150.221629139781 3
      vertex 149.33522263185978 150.24138346761464 3
    endloop
  endfacet
  facet normal -0.1288832369427113 0.9916597759489739 0
    outer loop
      vertex 148.54389920102358 150.17038965672253 0
      vertex 148.93814856575727 150.221629139781 3
      vertex 148.93814856575727 150.221629139781 0
    endloop
  endfacet
  facet normal -0.1288832369427113 0.9916597759489739 0
    outer loop
      vertex 148.54389920102358 150.17038965672253 0
      vertex 148.54389920102358 150.17038965672253 3
      vertex 148.93814856575727 150.221629139781 3
    endloop
  endfacet
  facet normal -0.2072633348273738 0.9782851884988527 0
    outer loop
      vertex 148.15496709959507 150.08798897713422 0
      vertex 148.54389920102358 150.17038965672253 3
      vertex 148.54389920102358 150.17038965672253 0
    endloop
  endfacet
  facet normal -0.2072633348273738 0.9782851884988527 0
    outer loop
      vertex 148.15496709959507 150.08798897713422 0
      vertex 148.15496709959507 150.08798897713422 3
      vertex 148.54389920102358 150.17038965672253 3
    endloop
  endfacet
  facet normal -0.2843330812704968 0.958725559738148 0
    outer loop
      vertex 147.77381122874021 149.97494805306195 0
      vertex 148.15496709959507 150.08798897713422 3
      vertex 148.15496709959507 150.08798897713422 0
    endloop
  endfacet
  facet normal -0.2843330812704968 0.958725559738148 0
    outer loop
      vertex 147.77381122874021 149.97494805306195 0
      vertex 147.77381122874021 149.97494805306195 3
      vertex 148.15496709959507 150.08798897713422 3
    endloop
  endfacet
  facet normal -0.3596051547020128 0.9331045668689771 0
    outer loop
      vertex 147.40284136699438 149.83198157399892 0
      vertex 147.77381122874021 149.97494805306195 3
      vertex 147.77381122874021 149.97494805306195 0
    endloop
  endfacet
  facet normal -0.3596051547020128 0.9331045668689771 0
    outer loop
      vertex 147.40284136699438 149.83198157399892 0
      vertex 147.40284136699438 149.83198157399892 3
      vertex 147.77381122874021 149.97494805306195 3
    endloop
  endfacet
  facet normal -0.4326036977419745 0.901584183922927 0
    outer loop
      vertex 147.04440291987657 149.6599934220314 0
      vertex 147.40284136699438 149.83198157399892 3
      vertex 147.40284136699438 149.83198157399892 0
    endloop
  endfacet
  facet normal -0.4326036977419745 0.901584183922927 0
    outer loop
      vertex 147.04440291987657 149.6599934220314 0
      vertex 147.04440291987657 149.6599934220314 3
      vertex 147.40284136699438 149.83198157399892 3
    endloop
  endfacet
  facet normal -0.5028671879449845 0.8643636915606207 0
    outer loop
      vertex 146.70076203362942 149.46007094979285 0
      vertex 147.04440291987657 149.6599934220314 3
      vertex 147.04440291987657 149.6599934220314 0
    endloop
  endfacet
  facet normal -0.5028671879449845 0.8643636915606207 0
    outer loop
      vertex 146.70076203362942 149.46007094979285 0
      vertex 146.70076203362942 149.46007094979285 3
      vertex 147.04440291987657 149.6599934220314 3
    endloop
  endfacet
  facet normal -0.5699513824900472 0.8216784173858311 0
    outer loop
      vertex 146.3740913273573 149.23347814083098 0
      vertex 146.70076203362942 149.46007094979285 3
      vertex 146.70076203362942 149.46007094979285 0
    endloop
  endfacet
  facet normal -0.5699513824900472 0.8216784173858311 0
    outer loop
      vertex 146.3740913273573 149.23347814083098 0
      vertex 146.3740913273573 149.23347814083098 3
      vertex 146.70076203362942 149.46007094979285 3
    endloop
  endfacet
  facet normal -0.6334321616958646 0.7737982272720092 0
    outer loop
      vertex 146.0664561243534 148.98164759278296 0
      vertex 146.3740913273573 149.23347814083098 3
      vertex 146.3740913273573 149.23347814083098 0
    endloop
  endfacet
  facet normal -0.6334321616958646 0.7737982272720092 0
    outer loop
      vertex 146.0664561243534 148.98164759278296 0
      vertex 146.0664561243534 148.98164759278296 3
      vertex 146.3740913273573 149.23347814083098 3
    endloop
  endfacet
  facet normal -0.6929081727356692 0.7210258415314363 0
    outer loop
      vertex 145.77980137633085 148.70617145001887 0
      vertex 146.0664561243534 148.98164759278296 3
      vertex 146.0664561243534 148.98164759278296 0
    endloop
  endfacet
  facet normal -0.6929081727356692 0.7210258415314363 0
    outer loop
      vertex 145.77980137633085 148.70617145001887 0
      vertex 145.77980137633085 148.70617145001887 3
      vertex 146.0664561243534 148.98164759278296 3
    endloop
  endfacet
  facet normal -0.7071067811865476 0.7071067811865476 1.938420796116345e-17
    outer loop
      vertex 143.0798501895547 146.0062202632427 0
      vertex 145.77980137633085 148.70617145001887 3
      vertex 145.77980137633085 148.70617145001887 0
    endloop
  endfacet
  facet normal -0.7071067811865476 0.7071067811865476 0
    outer loop
      vertex 143.0798501895547 146.0062202632427 0
      vertex 143.0798501895547 146.0062202632427 3
      vertex 145.77980137633085 148.70617145001887 3
    endloop
  endfacet
  facet normal 0.5664062388577372 0.8241261872935675 0
    outer loop
      vertex 141.95479057000875 146.77945232093333 0
      vertex 143.0798501895547 146.0062202632427 3
      vertex 143.0798501895547 146.0062202632427 0
    endloop
  endfacet
  facet normal 0.5664062388577372 0.8241261872935675 0
    outer loop
      vertex 141.95479057000875 146.77945232093333 0
      vertex 141.95479057000875 146.77945232093333 3
      vertex 143.0798501895547 146.0062202632427 3
    endloop
  endfacet
  facet normal 0.5224985660372748 0.8526401635443825 -2.317608759447242e-17
    outer loop
      vertex 140.5933 147.61377481818198 0
      vertex 141.95479057000875 146.77945232093333 3
      vertex 141.95479057000875 146.77945232093333 0
    endloop
  endfacet
  facet normal 0.5224985660372748 0.8526401635443825 0
    outer loop
      vertex 140.5933 147.61377481818198 0
      vertex 140.5933 147.61377481818198 3
      vertex 141.95479057000875 146.77945232093333 3
    endloop
  endfacet
  facet normal 0.477158759189263 0.8788171132431155 -1.1588043835625268e-17
    outer loop
      vertex 139.19001024233103 148.37569898813962 0
      vertex 140.5933 147.61377481818198 3
      vertex 140.5933 147.61377481818198 0
    endloop
  endfacet
  facet normal 0.477158759189263 0.8788171132431155 0
    outer loop
      vertex 139.19001024233103 148.37569898813962 0
      vertex 139.19001024233103 148.37569898813962 3
      vertex 140.5933 147.61377481818198 3
    endloop
  endfacet
  facet normal 0.43051109534665716 0.9025852850470263 -1.158804383821932e-17
    outer loop
      vertex 137.74876761453152 149.06313645541667 0
      vertex 139.19001024233103 148.37569898813962 3
      vertex 139.19001024233103 148.37569898813962 0
    endloop
  endfacet
  facet normal 0.43051109534665716 0.9025852850470263 0
    outer loop
      vertex 137.74876761453152 149.06313645541667 0
      vertex 137.74876761453152 149.06313645541667 3
      vertex 139.19001024233103 148.37569898813962 3
    endloop
  endfacet
  facet normal 0.38268343173805713 0.9238795327710121 0
    outer loop
      vertex 136.27352245913744 149.67420300543307 0
      vertex 137.74876761453152 149.06313645541667 3
      vertex 137.74876761453152 149.06313645541667 0
    endloop
  endfacet
  facet normal 0.38268343173805713 0.9238795327710121 0
    outer loop
      vertex 136.27352245913744 149.67420300543307 0
      vertex 136.27352245913744 149.67420300543307 3
      vertex 137.74876761453152 149.06313645541667 3
    endloop
  endfacet
  facet normal 0.33380686092999606 0.9426414904915137 1.1588043810658823e-17
    outer loop
      vertex 134.76831832544804 150.20722374767064 0
      vertex 136.27352245913744 149.67420300543307 3
      vertex 136.27352245913744 149.67420300543307 0
    endloop
  endfacet
  facet normal 0.33380686092999606 0.9426414904915137 0
    outer loop
      vertex 134.76831832544804 150.20722374767064 0
      vertex 134.76831832544804 150.20722374767064 3
      vertex 136.27352245913744 149.67420300543307 3
    endloop
  endfacet
  facet normal 0.28401534679160345 0.9588197342497938 0
    outer loop
      vertex 133.2372808756113 150.6607377052307 0
      vertex 134.76831832544804 150.20722374767064 3
      vertex 134.76831832544804 150.20722374767064 0
    endloop
  endfacet
  facet normal 0.28401534679160345 0.9588197342497938 0
    outer loop
      vertex 133.2372808756113 150.6607377052307 0
      vertex 133.2372808756113 150.6607377052307 3
      vertex 134.76831832544804 150.20722374767064 3
    endloop
  endfacet
  facet normal 0.23344536195808252 0.9723699208533036 0
    outer loop
      vertex 131.68460656719208 151.03350182324647 0
      vertex 133.2372808756113 150.6607377052307 3
      vertex 133.2372808756113 150.6607377052307 0
    endloop
  endfacet
  facet normal 0.23344536195808252 0.9723699208533036 0
    outer loop
      vertex 131.68460656719208 151.03350182324647 0
      vertex 131.68460656719208 151.03350182324647 3
      vertex 133.2372808756113 150.6607377052307 3
    endloop
  endfacet
  facet normal 0.1822355259452183 0.9832549074799828 0
    outer loop
      vertex 130.11455118672848 151.32449438869952 0
      vertex 131.68460656719208 151.03350182324647 3
      vertex 131.68460656719208 151.03350182324647 0
    endloop
  endfacet
  facet normal 0.1822355259452183 0.9832549074799828 0
    outer loop
      vertex 130.11455118672848 151.32449438869952 0
      vertex 130.11455118672848 151.32449438869952 3
      vertex 131.68460656719208 151.03350182324647 3
    endloop
  endfacet
  facet normal 0.1305261921284875 0.9914448613858651 0
    outer loop
      vertex 128.53141812996864 151.53291780948638 0
      vertex 130.11455118672848 151.32449438869952 3
      vertex 130.11455118672848 151.32449438869952 0
    endloop
  endfacet
  facet normal 0.1305261921284875 0.9914448613858651 0
    outer loop
      vertex 128.53141812996864 151.53291780948638 0
      vertex 128.53141812996864 151.53291780948638 3
      vertex 130.11455118672848 151.32449438869952 3
    endloop
  endfacet
  facet normal 0.07845909677882489 0.9969173336504141 -8.395390645044939e-19
    outer loop
      vertex 126.93954666720627 151.65820081233977 0
      vertex 128.53141812996864 151.53291780948638 3
      vertex 128.53141812996864 151.53291780948638 0
    endloop
  endfacet
  facet normal 0.07845909677882489 0.9969173336504141 0
    outer loop
      vertex 126.93954666720627 151.65820081233977 0
      vertex 126.93954666720627 151.65820081233977 3
      vertex 128.53141812996864 151.53291780948638 3
    endloop
  endfacet
  facet normal 0.026176946823212505 0.9996573250144345 0
    outer loop
      vertex 125.34329999999999 151.7 0
      vertex 126.93954666720627 151.65820081233977 3
      vertex 126.93954666720627 151.65820081233977 0
    endloop
  endfacet
  facet normal 0.026176946823212505 0.9996573250144345 0
    outer loop
      vertex 125.34329999999999 151.7 0
      vertex 125.34329999999999 151.7 3
      vertex 126.93954666720627 151.65820081233977 3
    endloop
  endfacet
  facet normal -0.026176946823212505 0.9996573250144345 0
    outer loop
      vertex 123.7470533327937 151.65820081233977 0
      vertex 125.34329999999999 151.7 3
      vertex 125.34329999999999 151.7 0
    endloop
  endfacet
  facet normal -0.026176946823212505 0.9996573250144345 0
    outer loop
      vertex 123.7470533327937 151.65820081233977 0
      vertex 123.7470533327937 151.65820081233977 3
      vertex 125.34329999999999 151.7 3
    endloop
  endfacet
  facet normal -0.07845909677882558 0.9969173336504139 0
    outer loop
      vertex 122.15518187003134 151.53291780948638 0
      vertex 123.7470533327937 151.65820081233977 3
      vertex 123.7470533327937 151.65820081233977 0
    endloop
  endfacet
  facet normal -0.07845909677882558 0.9969173336504139 0
    outer loop
      vertex 122.15518187003134 151.53291780948638 0
      vertex 122.15518187003134 151.53291780948638 3
      vertex 123.7470533327937 151.65820081233977 3
    endloop
  endfacet
  facet normal -0.1305261921284875 0.9914448613858651 0
    outer loop
      vertex 120.57204881327151 151.32449438869952 0
      vertex 122.15518187003134 151.53291780948638 3
      vertex 122.15518187003134 151.53291780948638 0
    endloop
  endfacet
  facet normal -0.1305261921284875 0.9914448613858651 0
    outer loop
      vertex 120.57204881327151 151.32449438869952 0
      vertex 120.57204881327151 151.32449438869952 3
      vertex 122.15518187003134 151.53291780948638 3
    endloop
  endfacet
  facet normal -0.1822355259452183 0.9832549074799828 0
    outer loop
      vertex 119.00199343280791 151.03350182324647 0
      vertex 120.57204881327151 151.32449438869952 3
      vertex 120.57204881327151 151.32449438869952 0
    endloop
  endfacet
  facet normal -0.1822355259452183 0.9832549074799828 0
    outer loop
      vertex 119.00199343280791 151.03350182324647 0
      vertex 119.00199343280791 151.03350182324647 3
      vertex 120.57204881327151 151.32449438869952 3
    endloop
  endfacet
  facet normal -0.23344536195808252 0.9723699208533036 0
    outer loop
      vertex 117.44931912438868 150.6607377052307 0
      vertex 119.00199343280791 151.03350182324647 3
      vertex 119.00199343280791 151.03350182324647 0
    endloop
  endfacet
  facet normal -0.23344536195808252 0.9723699208533036 0
    outer loop
      vertex 117.44931912438868 150.6607377052307 0
      vertex 117.44931912438868 150.6607377052307 3
      vertex 119.00199343280791 151.03350182324647 3
    endloop
  endfacet
  facet normal -0.28401534679160345 0.9588197342497938 0
    outer loop
      vertex 115.91828167455195 150.20722374767064 0
      vertex 117.44931912438868 150.6607377052307 3
      vertex 117.44931912438868 150.6607377052307 0
    endloop
  endfacet
  facet normal -0.28401534679160345 0.9588197342497938 0
    outer loop
      vertex 115.91828167455195 150.20722374767064 0
      vertex 115.91828167455195 150.20722374767064 3
      vertex 117.44931912438868 150.6607377052307 3
    endloop
  endfacet
  facet normal -0.33380686092999606 0.9426414904915137 -1.1588043810658823e-17
    outer loop
      vertex 114.41307754086255 149.67420300543307 0
      vertex 115.91828167455195 150.20722374767064 3
      vertex 115.91828167455195 150.20722374767064 0
    endloop
  endfacet
  facet normal -0.33380686092999606 0.9426414904915137 0
    outer loop
      vertex 114.41307754086255 149.67420300543307 0
      vertex 114.41307754086255 149.67420300543307 3
      vertex 115.91828167455195 150.20722374767064 3
    endloop
  endfacet
  facet normal -0.38268343173805713 0.9238795327710121 0
    outer loop
      vertex 112.93783238546847 149.06313645541667 0
      vertex 114.41307754086255 149.67420300543307 3
      vertex 114.41307754086255 149.67420300543307 0
    endloop
  endfacet
  facet normal -0.38268343173805713 0.9238795327710121 0
    outer loop
      vertex 112.93783238546847 149.06313645541667 0
      vertex 112.93783238546847 149.06313645541667 3
      vertex 114.41307754086255 149.67420300543307 3
    endloop
  endfacet
  facet normal -0.43051109534665716 0.9025852850470263 1.158804383821932e-17
    outer loop
      vertex 111.49658975766896 148.37569898813962 0
      vertex 112.93783238546847 149.06313645541667 3
      vertex 112.93783238546847 149.06313645541667 0
    endloop
  endfacet
  facet normal -0.43051109534665716 0.9025852850470263 0
    outer loop
      vertex 111.49658975766896 148.37569898813962 0
      vertex 111.49658975766896 148.37569898813962 3
      vertex 112.93783238546847 149.06313645541667 3
    endloop
  endfacet
  facet normal -0.477158759189263 0.8788171132431155 1.1588043835625268e-17
    outer loop
      vertex 110.09329999999999 147.61377481818198 0
      vertex 111.49658975766896 148.37569898813962 3
      vertex 111.49658975766896 148.37569898813962 0
    endloop
  endfacet
  facet normal -0.477158759189263 0.8788171132431155 0
    outer loop
      vertex 110.09329999999999 147.61377481818198 0
      vertex 110.09329999999999 147.61377481818198 3
      vertex 111.49658975766896 148.37569898813962 3
    endloop
  endfacet
  facet normal -0.5224985660372748 0.8526401635443825 2.317608759447242e-17
    outer loop
      vertex 108.73180942999123 146.77945232093333 0
      vertex 110.09329999999999 147.61377481818198 3
      vertex 110.09329999999999 147.61377481818198 0
    endloop
  endfacet
  facet normal -0.5224985660372748 0.8526401635443825 0
    outer loop
      vertex 108.73180942999123 146.77945232093333 0
      vertex 108.73180942999123 146.77945232093333 3
      vertex 110.09329999999999 147.61377481818198 3
    endloop
  endfacet
  facet normal -0.5664062388577372 0.8241261872935675 0
    outer loop
      vertex 107.6067498104453 146.0062202632427 0
      vertex 108.73180942999123 146.77945232093333 3
      vertex 108.73180942999123 146.77945232093333 0
    endloop
  endfacet
  facet normal -0.5664062388577372 0.8241261872935675 0
    outer loop
      vertex 107.6067498104453 146.0062202632427 0
      vertex 107.6067498104453 146.0062202632427 3
      vertex 108.73180942999123 146.77945232093333 3
    endloop
  endfacet
  facet normal 0.7071067811865476 0.7071067811865476 -1.938420796116345e-17
    outer loop
      vertex 104.90679862366913 148.70617145001887 0
      vertex 107.6067498104453 146.0062202632427 3
      vertex 107.6067498104453 146.0062202632427 0
    endloop
  endfacet
  facet normal 0.7071067811865476 0.7071067811865476 0
    outer loop
      vertex 104.90679862366913 148.70617145001887 0
      vertex 104.90679862366913 148.70617145001887 3
      vertex 107.6067498104453 146.0062202632427 3
    endloop
  endfacet
  facet normal 0.6929081727356692 0.7210258415314363 0
    outer loop
      vertex 104.62014387564658 148.98164759278296 0
      vertex 104.90679862366913 148.70617145001887 3
      vertex 104.90679862366913 148.70617145001887 0
    endloop
  endfacet
  facet normal 0.6929081727356692 0.7210258415314363 0
    outer loop
      vertex 104.62014387564658 148.98164759278296 0
      vertex 104.62014387564658 148.98164759278296 3
      vertex 104.90679862366913 148.70617145001887 3
    endloop
  endfacet
  facet normal 0.6334321616958646 0.7737982272720092 0
    outer loop
      vertex 104.31250867264269 149.23347814083098 0
      vertex 104.62014387564658 148.98164759278296 3
      vertex 104.62014387564658 148.98164759278296 0
    endloop
  endfacet
  facet normal 0.6334321616958646 0.7737982272720092 0
    outer loop
      vertex 104.31250867264269 149.23347814083098 0
      vertex 104.31250867264269 149.23347814083098 3
      vertex 104.62014387564658 148.98164759278296 3
    endloop
  endfacet
  facet normal 0.5699513824900472 0.8216784173858311 0
    outer loop
      vertex 103.98583796637057 149.46007094979285 0
      vertex 104.31250867264269 149.23347814083098 3
      vertex 104.31250867264269 149.23347814083098 0
    endloop
  endfacet
  facet normal 0.5699513824900472 0.8216784173858311 0
    outer loop
      vertex 103.98583796637057 149.46007094979285 0
      vertex 103.98583796637057 149.46007094979285 3
      vertex 104.31250867264269 149.23347814083098 3
    endloop
  endfacet
  facet normal 0.5028671879449845 0.8643636915606207 0
    outer loop
      vertex 103.64219708012341 149.6599934220314 0
      vertex 103.98583796637057 149.46007094979285 3
      vertex 103.98583796637057 149.46007094979285 0
    endloop
  endfacet
  facet normal 0.5028671879449845 0.8643636915606207 0
    outer loop
      vertex 103.64219708012341 149.6599934220314 0
      vertex 103.64219708012341 149.6599934220314 3
      vertex 103.98583796637057 149.46007094979285 3
    endloop
  endfacet
  facet normal 0.4326036977419745 0.901584183922927 0
    outer loop
      vertex 103.2837586330056 149.83198157399892 0
      vertex 103.64219708012341 149.6599934220314 3
      vertex 103.64219708012341 149.6599934220314 0
    endloop
  endfacet
  facet normal 0.4326036977419745 0.901584183922927 0
    outer loop
      vertex 103.2837586330056 149.83198157399892 0
      vertex 103.2837586330056 149.83198157399892 3
      vertex 103.64219708012341 149.6599934220314 3
    endloop
  endfacet
  facet normal 0.3596051547020128 0.9331045668689771 0
    outer loop
      vertex 102.91278877125977 149.97494805306195 0
      vertex 103.2837586330056 149.83198157399892 3
      vertex 103.2837586330056 149.83198157399892 0
    endloop
  endfacet
  facet normal 0.3596051547020128 0.9331045668689771 0
    outer loop
      vertex 102.91278877125977 149.97494805306195 0
      vertex 102.91278877125977 149.97494805306195 3
      vertex 103.2837586330056 149.83198157399892 3
    endloop
  endfacet
  facet normal 0.2843330812704968 0.958725559738148 0
    outer loop
      vertex 102.53163290040492 150.08798897713422 0
      vertex 102.91278877125977 149.97494805306195 3
      vertex 102.91278877125977 149.97494805306195 0
    endloop
  endfacet
  facet normal 0.2843330812704968 0.958725559738148 0
    outer loop
      vertex 102.53163290040492 150.08798897713422 0
      vertex 102.53163290040492 150.08798897713422 3
      vertex 102.91278877125977 149.97494805306195 3
    endloop
  endfacet
  facet normal 0.2072633348273738 0.9782851884988527 0
    outer loop
      vertex 102.1427007989764 150.17038965672253 0
      vertex 102.53163290040492 150.08798897713422 3
      vertex 102.53163290040492 150.08798897713422 0
    endloop
  endfacet
  facet normal 0.2072633348273738 0.9782851884988527 0
    outer loop
      vertex 102.1427007989764 150.17038965672253 0
      vertex 102.1427007989764 150.17038965672253 3
      vertex 102.53163290040492 150.08798897713422 3
    endloop
  endfacet
  facet normal 0.1288832369427113 0.9916597759489739 0
    outer loop
      vertex 101.74845143424271 150.221629139781 0
      vertex 102.1427007989764 150.17038965672253 3
      vertex 102.1427007989764 150.17038965672253 0
    endloop
  endfacet
  facet normal 0.1288832369427113 0.9916597759489739 0
    outer loop
      vertex 101.74845143424271 150.221629139781 0
      vertex 101.74845143424271 150.221629139781 3
      vertex 102.1427007989764 150.17038965672253 3
    endloop
  endfacet
  facet normal 0.04968827851131292 0.9987647745983947 0
    outer loop
      vertex 101.3513773681402 150.24138346761464 0
      vertex 101.74845143424271 150.221629139781 3
      vertex 101.74845143424271 150.221629139781 0
    endloop
  endfacet
  facet normal 0.04968827851131292 0.9987647745983947 0
    outer loop
      vertex 101.3513773681402 150.24138346761464 0
      vertex 101.3513773681402 150.24138346761464 3
      vertex 101.74845143424271 150.221629139781 3
    endloop
  endfacet
  facet normal -0.02982082662936691 0.9995552602528494 0
    outer loop
      vertex 100.95398902909754 150.22952774614095 0
      vertex 101.3513773681402 150.24138346761464 3
      vertex 101.3513773681402 150.24138346761464 0
    endloop
  endfacet
  facet normal -0.02982082662936691 0.9995552602528494 0
    outer loop
      vertex 100.95398902909754 150.22952774614095 0
      vertex 100.95398902909754 150.22952774614095 3
      vertex 101.3513773681402 150.24138346761464 3
    endloop
  endfacet
  facet normal -0.10914138223502717 0.9940262364162366 0
    outer loop
      vertex 100.55879883484839 150.1861369356513 0
      vertex 100.95398902909754 150.22952774614095 3
      vertex 100.95398902909754 150.22952774614095 0
    endloop
  endfacet
  facet normal -0.10914138223502717 0.9940262364162366 0
    outer loop
      vertex 100.55879883484839 150.1861369356513 0
      vertex 100.55879883484839 150.1861369356513 3
      vertex 100.95398902909754 150.22952774614095 3
    endloop
  endfacet
  facet normal -0.1877719337152499 0.982212655644813 0
    outer loop
      vertex 100.16830531524418 150.11148535907267 0
      vertex 100.55879883484839 150.1861369356513 3
      vertex 100.55879883484839 150.1861369356513 0
    endloop
  endfacet
  facet normal -0.1877719337152499 0.982212655644813 0
    outer loop
      vertex 100.16830531524418 150.11148535907267 0
      vertex 100.16830531524418 150.11148535907267 3
      vertex 100.55879883484839 150.1861369356513 3
    endloop
  endfacet
  facet normal -0.26521530317305525 0.9641892153321485 0
    outer loop
      vertex 99.78497727977036 150.00604499578475 0
      vertex 100.16830531524418 150.11148535907267 3
      vertex 100.16830531524418 150.11148535907267 0
    endloop
  endfacet
  facet normal -0.26521530317305525 0.9641892153321485 0
    outer loop
      vertex 99.78497727977036 150.00604499578475 0
      vertex 99.78497727977036 150.00604499578475 3
      vertex 100.16830531524418 150.11148535907267 3
    endloop
  endfacet
  facet normal -0.3409819118911415 0.9400698568527033 0
    outer loop
      vertex 99.41123826818465 149.87048247158526 0
      vertex 99.78497727977036 150.00604499578475 3
      vertex 99.78497727977036 150.00604499578475 0
    endloop
  endfacet
  facet normal -0.3409819118911415 0.9400698568527033 0
    outer loop
      vertex 99.41123826818465 149.87048247158526 0
      vertex 99.41123826818465 149.87048247158526 3
      vertex 99.78497727977036 150.00604499578475 3
    endloop
  endfacet
  facet normal -0.4145927349939746 0.9100070681539876 0
    outer loop
      vertex 99.04945117251872 149.70565484911202 0
      vertex 99.41123826818465 149.87048247158526 3
      vertex 99.41123826818465 149.87048247158526 0
    endloop
  endfacet
  facet normal -0.4145927349939746 0.9100070681539876 0
    outer loop
      vertex 99.04945117251872 149.70565484911202 0
      vertex 99.04945117251872 149.70565484911202 3
      vertex 99.41123826818465 149.87048247158526 3
    endloop
  endfacet
  facet normal -0.4855823379974177 0.8741909362518931 0
    outer loop
      vertex 98.70190332101582 149.51260423362254 0
      vertex 99.04945117251872 149.70565484911202 3
      vertex 99.04945117251872 149.70565484911202 0
    endloop
  endfacet
  facet normal -0.4855823379974177 0.8741909362518931 0
    outer loop
      vertex 98.70190332101582 149.51260423362254 0
      vertex 98.70190332101582 149.51260423362254 3
      vertex 99.04945117251872 149.70565484911202 3
    endloop
  endfacet
  facet normal -0.5535019548558396 0.8328478768483258 0
    outer loop
      vertex 98.37079202400444 149.2925511419773 0
      vertex 98.70190332101582 149.51260423362254 3
      vertex 98.70190332101582 149.51260423362254 0
    endloop
  endfacet
  facet normal -0.5535019548558396 0.8328478768483258 0
    outer loop
      vertex 98.37079202400444 149.2925511419773 0
      vertex 98.37079202400444 149.2925511419773 3
      vertex 98.70190332101582 149.51260423362254 3
    endloop
  endfacet
  facet normal -0.6179221428362437 0.7862392927046223 0
    outer loop
      vertex 98.05821068601607 149.04688683599232 0
      vertex 98.37079202400444 149.2925511419773 3
      vertex 98.37079202400444 149.2925511419773 0
    endloop
  endfacet
  facet normal -0.6179221428362437 0.7862392927046223 0
    outer loop
      vertex 98.05821068601607 149.04688683599232 0
      vertex 98.05821068601607 149.04688683599232 3
      vertex 98.37079202400444 149.2925511419773 3
    endloop
  endfacet
  facet normal -0.6784356475609926 0.7346598342896505 0
    outer loop
      vertex 97.76613553630112 148.77716446369885 0
      vertex 98.05821068601607 149.04688683599232 3
      vertex 98.05821068601607 149.04688683599232 0
    endloop
  endfacet
  facet normal -0.6784356475609926 0.7346598342896505 0
    outer loop
      vertex 97.76613553630112 148.77716446369885 0
      vertex 97.76613553630112 148.77716446369885 3
      vertex 98.05821068601607 149.04688683599232 3
    endloop
  endfacet
  facet normal -0.7346598342896505 0.6784356475609926 0
    outer loop
      vertex 97.49641316400765 148.4850893139839 0
      vertex 97.76613553630112 148.77716446369885 3
      vertex 97.76613553630112 148.77716446369885 0
    endloop
  endfacet
  facet normal -0.7346598342896505 0.6784356475609926 0
    outer loop
      vertex 97.49641316400765 148.4850893139839 0
      vertex 97.49641316400765 148.4850893139839 3
      vertex 97.76613553630112 148.77716446369885 3
    endloop
  endfacet
  facet normal -0.7862392927046223 0.6179221428362437 0
    outer loop
      vertex 97.25074885802267 148.17250797599553 0
      vertex 97.49641316400765 148.4850893139839 3
      vertex 97.49641316400765 148.4850893139839 0
    endloop
  endfacet
  facet normal -0.7862392927046223 0.6179221428362437 0
    outer loop
      vertex 97.25074885802267 148.17250797599553 0
      vertex 97.25074885802267 148.17250797599553 3
      vertex 97.49641316400765 148.4850893139839 3
    endloop
  endfacet
  facet normal -0.8328478768483258 0.5535019548558396 0
    outer loop
      vertex 97.03069576637743 147.84139667898415 0
      vertex 97.25074885802267 148.17250797599553 3
      vertex 97.25074885802267 148.17250797599553 0
    endloop
  endfacet
  facet normal -0.8328478768483258 0.5535019548558396 0
    outer loop
      vertex 97.03069576637743 147.84139667898415 0
      vertex 97.03069576637743 147.84139667898415 3
      vertex 97.25074885802267 148.17250797599553 3
    endloop
  endfacet
  facet normal -0.8741909362518931 0.4855823379974177 0
    outer loop
      vertex 96.83764515088795 147.49384882748126 0
      vertex 97.03069576637743 147.84139667898415 3
      vertex 97.03069576637743 147.84139667898415 0
    endloop
  endfacet
  facet normal -0.8741909362518931 0.4855823379974177 0
    outer loop
      vertex 96.83764515088795 147.49384882748126 0
      vertex 96.83764515088795 147.49384882748126 3
      vertex 97.03069576637743 147.84139667898415 3
    endloop
  endfacet
  facet normal -0.9100070681539876 0.4145927349939746 0
    outer loop
      vertex 96.67281752841471 147.13206173181533 0
      vertex 96.83764515088795 147.49384882748126 3
      vertex 96.83764515088795 147.49384882748126 0
    endloop
  endfacet
  facet normal -0.9100070681539876 0.4145927349939746 0
    outer loop
      vertex 96.67281752841471 147.13206173181533 0
      vertex 96.67281752841471 147.13206173181533 3
      vertex 96.83764515088795 147.49384882748126 3
    endloop
  endfacet
  facet normal -0.9400698568527033 0.3409819118911415 0
    outer loop
      vertex 96.53725500421523 146.75832272022961 0
      vertex 96.67281752841471 147.13206173181533 3
      vertex 96.67281752841471 147.13206173181533 0
    endloop
  endfacet
  facet normal -0.9400698568527033 0.3409819118911415 0
    outer loop
      vertex 96.53725500421523 146.75832272022961 0
      vertex 96.53725500421523 146.75832272022961 3
      vertex 96.67281752841471 147.13206173181533 3
    endloop
  endfacet
  facet normal -0.9641892153321485 0.26521530317305525 0
    outer loop
      vertex 96.4318146409273 146.3749946847558 0
      vertex 96.53725500421523 146.75832272022961 3
      vertex 96.53725500421523 146.75832272022961 0
    endloop
  endfacet
  facet normal -0.9641892153321485 0.26521530317305525 0
    outer loop
      vertex 96.4318146409273 146.3749946847558 0
      vertex 96.4318146409273 146.3749946847558 3
      vertex 96.53725500421523 146.75832272022961 3
    endloop
  endfacet
  facet normal -0.982212655644813 0.1877719337152499 0
    outer loop
      vertex 96.35716306434868 145.98450116515158 0
      vertex 96.4318146409273 146.3749946847558 3
      vertex 96.4318146409273 146.3749946847558 0
    endloop
  endfacet
  facet normal -0.982212655644813 0.1877719337152499 0
    outer loop
      vertex 96.35716306434868 145.98450116515158 0
      vertex 96.35716306434868 145.98450116515158 3
      vertex 96.4318146409273 146.3749946847558 3
    endloop
  endfacet
  facet normal -0.9940262364162366 0.10914138223502717 0
    outer loop
      vertex 96.31377225385903 145.58931097090243 0
      vertex 96.35716306434868 145.98450116515158 3
      vertex 96.35716306434868 145.98450116515158 0
    endloop
  endfacet
  facet normal -0.9940262364162366 0.10914138223502717 0
    outer loop
      vertex 96.31377225385903 145.58931097090243 0
      vertex 96.31377225385903 145.58931097090243 3
      vertex 96.35716306434868 145.98450116515158 3
    endloop
  endfacet
  facet normal -0.9995552602528494 0.02982082662936691 0
    outer loop
      vertex 96.30191653238533 145.19192263185977 0
      vertex 96.31377225385903 145.58931097090243 3
      vertex 96.31377225385903 145.58931097090243 0
    endloop
  endfacet
  facet normal -0.9995552602528494 0.02982082662936691 0
    outer loop
      vertex 96.30191653238533 145.19192263185977 0
      vertex 96.30191653238533 145.19192263185977 3
      vertex 96.31377225385903 145.58931097090243 3
    endloop
  endfacet
  facet normal -0.9987647745983947 -0.04968827851131292 0
    outer loop
      vertex 96.32167086021899 144.79484856575726 0
      vertex 96.30191653238533 145.19192263185977 3
      vertex 96.30191653238533 145.19192263185977 0
    endloop
  endfacet
  facet normal -0.9987647745983947 -0.04968827851131292 0
    outer loop
      vertex 96.32167086021899 144.79484856575726 0
      vertex 96.32167086021899 144.79484856575726 3
      vertex 96.30191653238533 145.19192263185977 3
    endloop
  endfacet
  facet normal -0.9916597759489739 -0.1288832369427113 0
    outer loop
      vertex 96.37291034327744 144.40059920102357 0
      vertex 96.32167086021899 144.79484856575726 3
      vertex 96.32167086021899 144.79484856575726 0
    endloop
  endfacet
  facet normal -0.9916597759489739 -0.1288832369427113 0
    outer loop
      vertex 96.37291034327744 144.40059920102357 0
      vertex 96.37291034327744 144.40059920102357 3
      vertex 96.32167086021899 144.79484856575726 3
    endloop
  endfacet
  facet normal -0.9782851884988527 -0.2072633348273738 0
    outer loop
      vertex 96.45531102286576 144.01166709959506 0
      vertex 96.37291034327744 144.40059920102357 3
      vertex 96.37291034327744 144.40059920102357 0
    endloop
  endfacet
  facet normal -0.9782851884988527 -0.2072633348273738 0
    outer loop
      vertex 96.45531102286576 144.01166709959506 0
      vertex 96.45531102286576 144.01166709959506 3
      vertex 96.37291034327744 144.40059920102357 3
    endloop
  endfacet
  facet normal -0.958725559738148 -0.2843330812704968 0
    outer loop
      vertex 96.56835194693802 143.6305112287402 0
      vertex 96.45531102286576 144.01166709959506 3
      vertex 96.45531102286576 144.01166709959506 0
    endloop
  endfacet
  facet normal -0.958725559738148 -0.2843330812704968 0
    outer loop
      vertex 96.56835194693802 143.6305112287402 0
      vertex 96.56835194693802 143.6305112287402 3
      vertex 96.45531102286576 144.01166709959506 3
    endloop
  endfacet
  facet normal -0.9331045668689771 -0.3596051547020128 0
    outer loop
      vertex 96.71131842600106 143.25954136699437 0
      vertex 96.56835194693802 143.6305112287402 3
      vertex 96.56835194693802 143.6305112287402 0
    endloop
  endfacet
  facet normal -0.9331045668689771 -0.3596051547020128 0
    outer loop
      vertex 96.71131842600106 143.25954136699437 0
      vertex 96.71131842600106 143.25954136699437 3
      vertex 96.56835194693802 143.6305112287402 3
    endloop
  endfacet
  facet normal -0.901584183922927 -0.4326036977419745 0
    outer loop
      vertex 96.88330657796858 142.90110291987656 0
      vertex 96.71131842600106 143.25954136699437 3
      vertex 96.71131842600106 143.25954136699437 0
    endloop
  endfacet
  facet normal -0.901584183922927 -0.4326036977419745 0
    outer loop
      vertex 96.88330657796858 142.90110291987656 0
      vertex 96.88330657796858 142.90110291987656 3
      vertex 96.71131842600106 143.25954136699437 3
    endloop
  endfacet
  facet normal -0.8643636915606207 -0.5028671879449845 0
    outer loop
      vertex 97.08322905020712 142.5574620336294 0
      vertex 96.88330657796858 142.90110291987656 3
      vertex 96.88330657796858 142.90110291987656 0
    endloop
  endfacet
  facet normal -0.8643636915606207 -0.5028671879449845 0
    outer loop
      vertex 97.08322905020712 142.5574620336294 0
      vertex 97.08322905020712 142.5574620336294 3
      vertex 96.88330657796858 142.90110291987656 3
    endloop
  endfacet
  facet normal -0.8216784173858311 -0.5699513824900472 0
    outer loop
      vertex 97.30982185916899 142.23079132735728 0
      vertex 97.08322905020712 142.5574620336294 3
      vertex 97.08322905020712 142.5574620336294 0
    endloop
  endfacet
  facet normal -0.8216784173858311 -0.5699513824900472 0
    outer loop
      vertex 97.30982185916899 142.23079132735728 0
      vertex 97.30982185916899 142.23079132735728 3
      vertex 97.08322905020712 142.5574620336294 3
    endloop
  endfacet
  facet normal -0.7737982272720092 -0.6334321616958646 0
    outer loop
      vertex 97.56165240721701 141.9231561243534 0
      vertex 97.30982185916899 142.23079132735728 3
      vertex 97.30982185916899 142.23079132735728 0
    endloop
  endfacet
  facet normal -0.7737982272720092 -0.6334321616958646 0
    outer loop
      vertex 97.56165240721701 141.9231561243534 0
      vertex 97.56165240721701 141.9231561243534 3
      vertex 97.30982185916899 142.23079132735728 3
    endloop
  endfacet
  facet normal -0.7210258415314363 -0.6929081727356692 0
    outer loop
      vertex 97.8371285499811 141.63650137633084 0
      vertex 97.56165240721701 141.9231561243534 3
      vertex 97.56165240721701 141.9231561243534 0
    endloop
  endfacet
  facet normal -0.7210258415314363 -0.6929081727356692 0
    outer loop
      vertex 97.8371285499811 141.63650137633084 0
      vertex 97.8371285499811 141.63650137633084 3
      vertex 97.56165240721701 141.9231561243534 3
    endloop
  endfacet
  facet normal -0.7071067811865476 -0.7071067811865476 -1.938420796116345e-17
    outer loop
      vertex 100.53707973675726 138.93655018955468 0
      vertex 97.8371285499811 141.63650137633084 3
      vertex 97.8371285499811 141.63650137633084 0
    endloop
  endfacet
  facet normal -0.7071067811865476 -0.7071067811865476 0
    outer loop
      vertex 100.53707973675726 138.93655018955468 0
      vertex 100.53707973675726 138.93655018955468 3
      vertex 97.8371285499811 141.63650137633084 3
    endloop
  endfacet
  facet normal -0.8241261872935675 0.5664062388577372 0
    outer loop
      vertex 99.76384767906664 137.81149057000874 0
      vertex 100.53707973675726 138.93655018955468 3
      vertex 100.53707973675726 138.93655018955468 0
    endloop
  endfacet
  facet normal -0.8241261872935675 0.5664062388577372 0
    outer loop
      vertex 99.76384767906664 137.81149057000874 0
      vertex 99.76384767906664 137.81149057000874 3
      vertex 100.53707973675726 138.93655018955468 3
    endloop
  endfacet
  facet normal -0.8526401635443825 0.5224985660372748 2.317608759447242e-17
    outer loop
      vertex 98.929525181818 136.45 0
      vertex 99.76384767906664 137.81149057000874 3
      vertex 99.76384767906664 137.81149057000874 0
    endloop
  endfacet
  facet normal -0.8526401635443825 0.5224985660372748 0
    outer loop
      vertex 98.929525181818 136.45 0
      vertex 98.929525181818 136.45 3
      vertex 99.76384767906664 137.81149057000874 3
    endloop
  endfacet
  facet normal -0.8788171132431155 0.477158759189263 1.1588043835625268e-17
    outer loop
      vertex 98.16760101186036 135.04671024233102 0
      vertex 98.929525181818 136.45 3
      vertex 98.929525181818 136.45 0
    endloop
  endfacet
  facet normal -0.8788171132431155 0.477158759189263 0
    outer loop
      vertex 98.16760101186036 135.04671024233102 0
      vertex 98.16760101186036 135.04671024233102 3
      vertex 98.929525181818 136.45 3
    endloop
  endfacet
  facet normal -0.9025852850470263 0.43051109534665716 1.158804383821932e-17
    outer loop
      vertex 97.4801635445833 133.6054676145315 0
      vertex 98.16760101186036 135.04671024233102 3
      vertex 98.16760101186036 135.04671024233102 0
    endloop
  endfacet
  facet normal -0.9025852850470263 0.43051109534665716 0
    outer loop
      vertex 97.4801635445833 133.6054676145315 0
      vertex 97.4801635445833 133.6054676145315 3
      vertex 98.16760101186036 135.04671024233102 3
    endloop
  endfacet
  facet normal -0.9238795327710121 0.38268343173805713 0
    outer loop
      vertex 96.8690969945669 132.13022245913743 0
      vertex 97.4801635445833 133.6054676145315 3
      vertex 97.4801635445833 133.6054676145315 0
    endloop
  endfacet
  facet normal -0.9238795327710121 0.38268343173805713 0
    outer loop
      vertex 96.8690969945669 132.13022245913743 0
      vertex 96.8690969945669 132.13022245913743 3
      vertex 97.4801635445833 133.6054676145315 3
    endloop
  endfacet
  facet normal -0.9426414904915137 0.33380686092999606 -1.1588043810658823e-17
    outer loop
      vertex 96.33607625232933 130.62501832544802 0
      vertex 96.8690969945669 132.13022245913743 3
      vertex 96.8690969945669 132.13022245913743 0
    endloop
  endfacet
  facet normal -0.9426414904915137 0.33380686092999606 0
    outer loop
      vertex 96.33607625232933 130.62501832544802 0
      vertex 96.33607625232933 130.62501832544802 3
      vertex 96.8690969945669 132.13022245913743 3
    endloop
  endfacet
  facet normal -0.9588197342497938 0.28401534679160345 0
    outer loop
      vertex 95.88256229476927 129.0939808756113 0
      vertex 96.33607625232933 130.62501832544802 3
      vertex 96.33607625232933 130.62501832544802 0
    endloop
  endfacet
  facet normal -0.9588197342497938 0.28401534679160345 0
    outer loop
      vertex 95.88256229476927 129.0939808756113 0
      vertex 95.88256229476927 129.0939808756113 3
      vertex 96.33607625232933 130.62501832544802 3
    endloop
  endfacet
  facet normal -0.972369920853303 0.23344536195808452 6.632831587557582e-18
    outer loop
      vertex 95.5097981767535 127.54130656719208 0
      vertex 95.88256229476927 129.0939808756113 3
      vertex 95.88256229476927 129.0939808756113 0
    endloop
  endfacet
  facet normal -0.972369920853303 0.23344536195808452 0
    outer loop
      vertex 95.5097981767535 127.54130656719208 0
      vertex 95.5097981767535 127.54130656719208 3
      vertex 95.88256229476927 129.0939808756113 3
    endloop
  endfacet
  facet normal -0.9832549074799828 0.1822355259452183 0
    outer loop
      vertex 95.21880561130045 125.97125118672848 0
      vertex 95.5097981767535 127.54130656719208 3
      vertex 95.5097981767535 127.54130656719208 0
    endloop
  endfacet
  facet normal -0.9832549074799828 0.1822355259452183 0
    outer loop
      vertex 95.21880561130045 125.97125118672848 0
      vertex 95.21880561130045 125.97125118672848 3
      vertex 95.5097981767535 127.54130656719208 3
    endloop
  endfacet
  facet normal -0.9914448613858651 0.1305261921284875 0
    outer loop
      vertex 95.0103821905136 124.38811812996865 0
      vertex 95.21880561130045 125.97125118672848 3
      vertex 95.21880561130045 125.97125118672848 0
    endloop
  endfacet
  facet normal -0.9914448613858651 0.1305261921284875 0
    outer loop
      vertex 95.0103821905136 124.38811812996865 0
      vertex 95.0103821905136 124.38811812996865 3
      vertex 95.21880561130045 125.97125118672848 3
    endloop
  endfacet
  facet normal -0.9969173336504139 0.07845909677882558 0
    outer loop
      vertex 94.8850991876602 122.79624666720629 0
      vertex 95.0103821905136 124.38811812996865 3
      vertex 95.0103821905136 124.38811812996865 0
    endloop
  endfacet
  facet normal -0.9969173336504139 0.07845909677882558 0
    outer loop
      vertex 94.8850991876602 122.79624666720629 0
      vertex 94.8850991876602 122.79624666720629 3
      vertex 95.0103821905136 124.38811812996865 3
    endloop
  endfacet
  facet normal -0.9996573250144345 0.026176946823212505 0
    outer loop
      vertex 94.84329999999999 121.2 0
      vertex 94.8850991876602 122.79624666720629 3
      vertex 94.8850991876602 122.79624666720629 0
    endloop
  endfacet
  facet normal -0.9996573250144345 0.026176946823212505 0
    outer loop
      vertex 94.84329999999999 121.2 0
      vertex 94.84329999999999 121.2 3
      vertex 94.8850991876602 122.79624666720629 3
    endloop
  endfacet
  facet normal -0.9996573250144345 -0.026176946823212505 0
    outer loop
      vertex 94.8850991876602 119.60375333279372 0
      vertex 94.84329999999999 121.2 3
      vertex 94.84329999999999 121.2 0
    endloop
  endfacet
  facet normal -0.9996573250144345 -0.026176946823212505 0
    outer loop
      vertex 94.8850991876602 119.60375333279372 0
      vertex 94.8850991876602 119.60375333279372 3
      vertex 94.84329999999999 121.2 3
    endloop
  endfacet
  facet normal -0.9969173336504139 -0.07845909677882558 0
    outer loop
      vertex 95.0103821905136 118.01188187003136 0
      vertex 94.8850991876602 119.60375333279372 3
      vertex 94.8850991876602 119.60375333279372 0
    endloop
  endfacet
  facet normal -0.9969173336504139 -0.07845909677882558 0
    outer loop
      vertex 95.0103821905136 118.01188187003136 0
      vertex 95.0103821905136 118.01188187003136 3
      vertex 94.8850991876602 119.60375333279372 3
    endloop
  endfacet
  facet normal -0.9914448613858651 -0.1305261921284875 0
    outer loop
      vertex 95.21880561130045 116.42874881327153 0
      vertex 95.0103821905136 118.01188187003136 3
      vertex 95.0103821905136 118.01188187003136 0
    endloop
  endfacet
  facet normal -0.9914448613858651 -0.1305261921284875 0
    outer loop
      vertex 95.21880561130045 116.42874881327153 0
      vertex 95.21880561130045 116.42874881327153 3
      vertex 95.0103821905136 118.01188187003136 3
    endloop
  endfacet
  facet normal -0.9832549074799828 -0.1822355259452183 0
    outer loop
      vertex 95.5097981767535 114.85869343280793 0
      vertex 95.21880561130045 116.42874881327153 3
      vertex 95.21880561130045 116.42874881327153 0
    endloop
  endfacet
  facet normal -0.9832549074799828 -0.1822355259452183 0
    outer loop
      vertex 95.5097981767535 114.85869343280793 0
      vertex 95.5097981767535 114.85869343280793 3
      vertex 95.21880561130045 116.42874881327153 3
    endloop
  endfacet
  facet normal -0.9723699208533036 -0.23344536195808252 0
    outer loop
      vertex 95.88256229476927 113.3060191243887 0
      vertex 95.5097981767535 114.85869343280793 3
      vertex 95.5097981767535 114.85869343280793 0
    endloop
  endfacet
  facet normal -0.9723699208533036 -0.23344536195808252 0
    outer loop
      vertex 95.88256229476927 113.3060191243887 0
      vertex 95.88256229476927 113.3060191243887 3
      vertex 95.5097981767535 114.85869343280793 3
    endloop
  endfacet
  facet normal -0.9588197342497938 -0.28401534679160345 0
    outer loop
      vertex 96.33607625232933 111.77498167455197 0
      vertex 95.88256229476927 113.3060191243887 3
      vertex 95.88256229476927 113.3060191243887 0
    endloop
  endfacet
  facet normal -0.9588197342497938 -0.28401534679160345 0
    outer loop
      vertex 96.33607625232933 111.77498167455197 0
      vertex 96.33607625232933 111.77498167455197 3
      vertex 95.88256229476927 113.3060191243887 3
    endloop
  endfacet
  facet normal -0.9426414904915137 -0.33380686092999606 1.1588043810658823e-17
    outer loop
      vertex 96.8690969945669 110.26977754086256 0
      vertex 96.33607625232933 111.77498167455197 3
      vertex 96.33607625232933 111.77498167455197 0
    endloop
  endfacet
  facet normal -0.9426414904915137 -0.33380686092999606 0
    outer loop
      vertex 96.8690969945669 110.26977754086256 0
      vertex 96.8690969945669 110.26977754086256 3
      vertex 96.33607625232933 111.77498167455197 3
    endloop
  endfacet
  facet normal -0.9238795327710121 -0.38268343173805713 0
    outer loop
      vertex 97.4801635445833 108.79453238546849 0
      vertex 96.8690969945669 110.26977754086256 3
      vertex 96.8690969945669 110.26977754086256 0
    endloop
  endfacet
  facet normal -0.9238795327710121 -0.38268343173805713 0
    outer loop
      vertex 97.4801635445833 108.79453238546849 0
      vertex 97.4801635445833 108.79453238546849 3
      vertex 96.8690969945669 110.26977754086256 3
    endloop
  endfacet
  facet normal -0.9025852850470263 -0.43051109534665716 -1.158804383821932e-17
    outer loop
      vertex 98.16760101186036 107.35328975766897 0
      vertex 97.4801635445833 108.79453238546849 3
      vertex 97.4801635445833 108.79453238546849 0
    endloop
  endfacet
  facet normal -0.9025852850470263 -0.43051109534665716 0
    outer loop
      vertex 98.16760101186036 107.35328975766897 0
      vertex 98.16760101186036 107.35328975766897 3
      vertex 97.4801635445833 108.79453238546849 3
    endloop
  endfacet
  facet normal -0.8788171132431155 -0.477158759189263 -1.1588043835625268e-17
    outer loop
      vertex 98.929525181818 105.95 0
      vertex 98.16760101186036 107.35328975766897 3
      vertex 98.16760101186036 107.35328975766897 0
    endloop
  endfacet
  facet normal -0.8788171132431155 -0.477158759189263 0
    outer loop
      vertex 98.929525181818 105.95 0
      vertex 98.929525181818 105.95 3
      vertex 98.16760101186036 107.35328975766897 3
    endloop
  endfacet
  facet normal -0.8526401635443825 -0.5224985660372748 -2.317608759447242e-17
    outer loop
      vertex 99.76384767906664 104.58850942999125 0
      vertex 98.929525181818 105.95 3
      vertex 98.929525181818 105.95 0
    endloop
  endfacet
  facet normal -0.8526401635443825 -0.5224985660372748 0
    outer loop
      vertex 99.76384767906664 104.58850942999125 0
      vertex 99.76384767906664 104.58850942999125 3
      vertex 98.929525181818 105.95 3
    endloop
  endfacet
  facet normal -0.8241261872935675 -0.5664062388577372 0
    outer loop
      vertex 100.53707973675726 103.46344981044531 0
      vertex 99.76384767906664 104.58850942999125 3
      vertex 99.76384767906664 104.58850942999125 0
    endloop
  endfacet
  facet normal -0.8241261872935675 -0.5664062388577372 0
    outer loop
      vertex 100.53707973675726 103.46344981044531 0
      vertex 100.53707973675726 103.46344981044531 3
      vertex 99.76384767906664 104.58850942999125 3
    endloop
  endfacet
  facet normal -0.7071067811865476 0.7071067811865476 1.938420796116345e-17
    outer loop
      vertex 97.8371285499811 100.76349862366915 0
      vertex 100.53707973675726 103.46344981044531 3
      vertex 100.53707973675726 103.46344981044531 0
    endloop
  endfacet
  facet normal -0.7071067811865476 0.7071067811865476 0
    outer loop
      vertex 97.8371285499811 100.76349862366915 0
      vertex 97.8371285499811 100.76349862366915 3
      vertex 100.53707973675726 103.46344981044531 3
    endloop
  endfacet
  facet normal -0.7210258415314363 0.6929081727356692 0
    outer loop
      vertex 97.56165240721701 100.4768438756466 0
      vertex 97.8371285499811 100.76349862366915 3
      vertex 97.8371285499811 100.76349862366915 0
    endloop
  endfacet
  facet normal -0.7210258415314363 0.6929081727356692 0
    outer loop
      vertex 97.56165240721701 100.4768438756466 0
      vertex 97.56165240721701 100.4768438756466 3
      vertex 97.8371285499811 100.76349862366915 3
    endloop
  endfacet
  facet normal -0.7737982272720092 0.6334321616958646 0
    outer loop
      vertex 97.30982185916899 100.16920867264271 0
      vertex 97.56165240721701 100.4768438756466 3
      vertex 97.56165240721701 100.4768438756466 0
    endloop
  endfacet
  facet normal -0.7737982272720092 0.6334321616958646 0
    outer loop
      vertex 97.30982185916899 100.16920867264271 0
      vertex 97.30982185916899 100.16920867264271 3
      vertex 97.56165240721701 100.4768438756466 3
    endloop
  endfacet
  facet normal -0.8216784173858311 0.5699513824900472 0
    outer loop
      vertex 97.08322905020712 99.84253796637059 0
      vertex 97.30982185916899 100.16920867264271 3
      vertex 97.30982185916899 100.16920867264271 0
    endloop
  endfacet
  facet normal -0.8216784173858311 0.5699513824900472 0
    outer loop
      vertex 97.08322905020712 99.84253796637059 0
      vertex 97.08322905020712 99.84253796637059 3
      vertex 97.30982185916899 100.16920867264271 3
    endloop
  endfacet
  facet normal -0.8643636915606207 0.5028671879449845 0
    outer loop
      vertex 96.88330657796858 99.49889708012343 0
      vertex 97.08322905020712 99.84253796637059 3
      vertex 97.08322905020712 99.84253796637059 0
    endloop
  endfacet
  facet normal -0.8643636915606207 0.5028671879449845 0
    outer loop
      vertex 96.88330657796858 99.49889708012343 0
      vertex 96.88330657796858 99.49889708012343 3
      vertex 97.08322905020712 99.84253796637059 3
    endloop
  endfacet
  facet normal -0.901584183922927 0.4326036977419745 0
    outer loop
      vertex 96.71131842600106 99.14045863300562 0
      vertex 96.88330657796858 99.49889708012343 3
      vertex 96.88330657796858 99.49889708012343 0
    endloop
  endfacet
  facet normal -0.901584183922927 0.4326036977419745 0
    outer loop
      vertex 96.71131842600106 99.14045863300562 0
      vertex 96.71131842600106 99.14045863300562 3
      vertex 96.88330657796858 99.49889708012343 3
    endloop
  endfacet
  facet normal -0.9331045668689771 0.3596051547020128 0
    outer loop
      vertex 96.56835194693802 98.76948877125979 0
      vertex 96.71131842600106 99.14045863300562 3
      vertex 96.71131842600106 99.14045863300562 0
    endloop
  endfacet
  facet normal -0.9331045668689771 0.3596051547020128 0
    outer loop
      vertex 96.56835194693802 98.76948877125979 0
      vertex 96.56835194693802 98.76948877125979 3
      vertex 96.71131842600106 99.14045863300562 3
    endloop
  endfacet
  facet normal -0.958725559738148 0.2843330812704968 0
    outer loop
      vertex 96.45531102286576 98.38833290040493 0
      vertex 96.56835194693802 98.76948877125979 3
      vertex 96.56835194693802 98.76948877125979 0
    endloop
  endfacet
  facet normal -0.958725559738148 0.2843330812704968 0
    outer loop
      vertex 96.45531102286576 98.38833290040493 0
      vertex 96.45531102286576 98.38833290040493 3
      vertex 96.56835194693802 98.76948877125979 3
    endloop
  endfacet
  facet normal -0.9782851884988527 0.2072633348273738 0
    outer loop
      vertex 96.37291034327744 97.99940079897642 0
      vertex 96.45531102286576 98.38833290040493 3
      vertex 96.45531102286576 98.38833290040493 0
    endloop
  endfacet
  facet normal -0.9782851884988527 0.2072633348273738 0
    outer loop
      vertex 96.37291034327744 97.99940079897642 0
      vertex 96.37291034327744 97.99940079897642 3
      vertex 96.45531102286576 98.38833290040493 3
    endloop
  endfacet
  facet normal -0.9916597759489739 0.1288832369427113 0
    outer loop
      vertex 96.32167086021899 97.60515143424273 0
      vertex 96.37291034327744 97.99940079897642 3
      vertex 96.37291034327744 97.99940079897642 0
    endloop
  endfacet
  facet normal -0.9916597759489739 0.1288832369427113 0
    outer loop
      vertex 96.32167086021899 97.60515143424273 0
      vertex 96.32167086021899 97.60515143424273 3
      vertex 96.37291034327744 97.99940079897642 3
    endloop
  endfacet
  facet normal -0.9987647745983947 0.04968827851131292 0
    outer loop
      vertex 96.30191653238533 97.20807736814022 0
      vertex 96.32167086021899 97.60515143424273 3
      vertex 96.32167086021899 97.60515143424273 0
    endloop
  endfacet
  facet normal -0.9987647745983947 0.04968827851131292 0
    outer loop
      vertex 96.30191653238533 97.20807736814022 0
      vertex 96.30191653238533 97.20807736814022 3
      vertex 96.32167086021899 97.60515143424273 3
    endloop
  endfacet
  facet normal -0.9995552602528494 -0.02982082662936691 0
    outer loop
      vertex 96.31377225385903 96.81068902909756 0
      vertex 96.30191653238533 97.20807736814022 3
      vertex 96.30191653238533 97.20807736814022 0
    endloop
  endfacet
  facet normal -0.9995552602528494 -0.02982082662936691 0
    outer loop
      vertex 96.31377225385903 96.81068902909756 0
      vertex 96.31377225385903 96.81068902909756 3
      vertex 96.30191653238533 97.20807736814022 3
    endloop
  endfacet
  facet normal -0.9940262364162366 -0.10914138223502717 0
    outer loop
      vertex 96.35716306434868 96.4154988348484 0
      vertex 96.31377225385903 96.81068902909756 3
      vertex 96.31377225385903 96.81068902909756 0
    endloop
  endfacet
  facet normal -0.9940262364162366 -0.10914138223502717 0
    outer loop
      vertex 96.35716306434868 96.4154988348484 0
      vertex 96.35716306434868 96.4154988348484 3
      vertex 96.31377225385903 96.81068902909756 3
    endloop
  endfacet
  facet normal -0.982212655644813 -0.1877719337152499 0
    outer loop
      vertex 96.4318146409273 96.0250053152442 0
      vertex 96.35716306434868 96.4154988348484 3
      vertex 96.35716306434868 96.4154988348484 0
    endloop
  endfacet
  facet normal -0.982212655644813 -0.1877719337152499 0
    outer loop
      vertex 96.4318146409273 96.0250053152442 0
      vertex 96.4318146409273 96.0250053152442 3
      vertex 96.35716306434868 96.4154988348484 3
    endloop
  endfacet
  facet normal -0.9641892153321485 -0.26521530317305525 0
    outer loop
      vertex 96.53725500421523 95.64167727977038 0
      vertex 96.4318146409273 96.0250053152442 3
      vertex 96.4318146409273 96.0250053152442 0
    endloop
  endfacet
  facet normal -0.9641892153321485 -0.26521530317305525 0
    outer loop
      vertex 96.53725500421523 95.64167727977038 0
      vertex 96.53725500421523 95.64167727977038 3
      vertex 96.4318146409273 96.0250053152442 3
    endloop
  endfacet
  facet normal -0.9400698568527033 -0.3409819118911415 0
    outer loop
      vertex 96.67281752841471 95.26793826818466 0
      vertex 96.53725500421523 95.64167727977038 3
      vertex 96.53725500421523 95.64167727977038 0
    endloop
  endfacet
  facet normal -0.9400698568527033 -0.3409819118911415 0
    outer loop
      vertex 96.67281752841471 95.26793826818466 0
      vertex 96.67281752841471 95.26793826818466 3
      vertex 96.53725500421523 95.64167727977038 3
    endloop
  endfacet
  facet normal -0.9100070681539876 -0.4145927349939746 0
    outer loop
      vertex 96.83764515088795 94.90615117251873 0
      vertex 96.67281752841471 95.26793826818466 3
      vertex 96.67281752841471 95.26793826818466 0
    endloop
  endfacet
  facet normal -0.9100070681539876 -0.4145927349939746 0
    outer loop
      vertex 96.83764515088795 94.90615117251873 0
      vertex 96.83764515088795 94.90615117251873 3
      vertex 96.67281752841471 95.26793826818466 3
    endloop
  endfacet
  facet normal -0.8741909362518931 -0.4855823379974177 0
    outer loop
      vertex 97.03069576637743 94.55860332101584 0
      vertex 96.83764515088795 94.90615117251873 3
      vertex 96.83764515088795 94.90615117251873 0
    endloop
  endfacet
  facet normal -0.8741909362518931 -0.4855823379974177 0
    outer loop
      vertex 97.03069576637743 94.55860332101584 0
      vertex 97.03069576637743 94.55860332101584 3
      vertex 96.83764515088795 94.90615117251873 3
    endloop
  endfacet
  facet normal -0.8328478768483258 -0.5535019548558396 0
    outer loop
      vertex 97.25074885802267 94.22749202400446 0
      vertex 97.03069576637743 94.55860332101584 3
      vertex 97.03069576637743 94.55860332101584 0
    endloop
  endfacet
  facet normal -0.8328478768483258 -0.5535019548558396 0
    outer loop
      vertex 97.25074885802267 94.22749202400446 0
      vertex 97.25074885802267 94.22749202400446 3
      vertex 97.03069576637743 94.55860332101584 3
    endloop
  endfacet
  facet normal -0.7862392927046223 -0.6179221428362437 0
    outer loop
      vertex 97.49641316400765 93.91491068601609 0
      vertex 97.25074885802267 94.22749202400446 3
      vertex 97.25074885802267 94.22749202400446 0
    endloop
  endfacet
  facet normal -0.7862392927046223 -0.6179221428362437 0
    outer loop
      vertex 97.49641316400765 93.91491068601609 0
      vertex 97.49641316400765 93.91491068601609 3
      vertex 97.25074885802267 94.22749202400446 3
    endloop
  endfacet
  facet normal -0.7346598342896505 -0.6784356475609926 0
    outer loop
      vertex 97.76613553630112 93.62283553630114 0
      vertex 97.49641316400765 93.91491068601609 3
      vertex 97.49641316400765 93.91491068601609 0
    endloop
  endfacet
  facet normal -0.7346598342896505 -0.6784356475609926 0
    outer loop
      vertex 97.76613553630112 93.62283553630114 0
      vertex 97.76613553630112 93.62283553630114 3
      vertex 97.49641316400765 93.91491068601609 3
    endloop
  endfacet
  facet normal -0.6784356475609926 -0.7346598342896505 0
    outer loop
      vertex 98.05821068601607 93.35311316400767 0
      vertex 97.76613553630112 93.62283553630114 3
      vertex 97.76613553630112 93.62283553630114 0
    endloop
  endfacet
  facet normal -0.6784356475609926 -0.7346598342896505 0
    outer loop
      vertex 98.05821068601607 93.35311316400767 0
      vertex 98.05821068601607 93.35311316400767 3
      vertex 97.76613553630112 93.62283553630114 3
    endloop
  endfacet
  facet normal -0.6179221428362437 -0.7862392927046223 0
    outer loop
      vertex 98.37079202400444 93.10744885802269 0
      vertex 98.05821068601607 93.35311316400767 3
      vertex 98.05821068601607 93.35311316400767 0
    endloop
  endfacet
  facet normal -0.6179221428362437 -0.7862392927046223 0
    outer loop
      vertex 98.37079202400444 93.10744885802269 0
      vertex 98.37079202400444 93.10744885802269 3
      vertex 98.05821068601607 93.35311316400767 3
    endloop
  endfacet
  facet normal -0.5535019548558396 -0.8328478768483258 0
    outer loop
      vertex 98.70190332101582 92.88739576637745 0
      vertex 98.37079202400444 93.10744885802269 3
      vertex 98.37079202400444 93.10744885802269 0
    endloop
  endfacet
  facet normal -0.5535019548558396 -0.8328478768483258 0
    outer loop
      vertex 98.70190332101582 92.88739576637745 0
      vertex 98.70190332101582 92.88739576637745 3
      vertex 98.37079202400444 93.10744885802269 3
    endloop
  endfacet
  facet normal -0.4855823379974177 -0.8741909362518931 0
    outer loop
      vertex 99.04945117251872 92.69434515088797 0
      vertex 98.70190332101582 92.88739576637745 3
      vertex 98.70190332101582 92.88739576637745 0
    endloop
  endfacet
  facet normal -0.4855823379974177 -0.8741909362518931 0
    outer loop
      vertex 99.04945117251872 92.69434515088797 0
      vertex 99.04945117251872 92.69434515088797 3
      vertex 98.70190332101582 92.88739576637745 3
    endloop
  endfacet
  facet normal -0.4145927349939746 -0.9100070681539876 0
    outer loop
      vertex 99.41123826818465 92.52951752841473 0
      vertex 99.04945117251872 92.69434515088797 3
      vertex 99.04945117251872 92.69434515088797 0
    endloop
  endfacet
  facet normal -0.4145927349939746 -0.9100070681539876 0
    outer loop
      vertex 99.41123826818465 92.52951752841473 0
      vertex 99.41123826818465 92.52951752841473 3
      vertex 99.04945117251872 92.69434515088797 3
    endloop
  endfacet
  facet normal -0.3409819118911415 -0.9400698568527033 0
    outer loop
      vertex 99.78497727977036 92.39395500421524 0
      vertex 99.41123826818465 92.52951752841473 3
      vertex 99.41123826818465 92.52951752841473 0
    endloop
  endfacet
  facet normal -0.3409819118911415 -0.9400698568527033 0
    outer loop
      vertex 99.78497727977036 92.39395500421524 0
      vertex 99.78497727977036 92.39395500421524 3
      vertex 99.41123826818465 92.52951752841473 3
    endloop
  endfacet
  facet normal -0.26521530317305525 -0.9641892153321485 0
    outer loop
      vertex 100.16830531524418 92.28851464092732 0
      vertex 99.78497727977036 92.39395500421524 3
      vertex 99.78497727977036 92.39395500421524 0
    endloop
  endfacet
  facet normal -0.26521530317305525 -0.9641892153321485 0
    outer loop
      vertex 100.16830531524418 92.28851464092732 0
      vertex 100.16830531524418 92.28851464092732 3
      vertex 99.78497727977036 92.39395500421524 3
    endloop
  endfacet
  facet normal -0.1877719337152499 -0.982212655644813 0
    outer loop
      vertex 100.55879883484839 92.2138630643487 0
      vertex 100.16830531524418 92.28851464092732 3
      vertex 100.16830531524418 92.28851464092732 0
    endloop
  endfacet
  facet normal -0.1877719337152499 -0.982212655644813 0
    outer loop
      vertex 100.55879883484839 92.2138630643487 0
      vertex 100.55879883484839 92.2138630643487 3
      vertex 100.16830531524418 92.28851464092732 3
    endloop
  endfacet
  facet normal -0.10914138223502717 -0.9940262364162366 0
    outer loop
      vertex 100.95398902909754 92.17047225385905 0
      vertex 100.55879883484839 92.2138630643487 3
      vertex 100.55879883484839 92.2138630643487 0
    endloop
  endfacet
  facet normal -0.10914138223502717 -0.9940262364162366 0
    outer loop
      vertex 100.95398902909754 92.17047225385905 0
      vertex 100.95398902909754 92.17047225385905 3
      vertex 100.55879883484839 92.2138630643487 3
    endloop
  endfacet
  facet normal -0.02982082662936691 -0.9995552602528494 0
    outer loop
      vertex 101.3513773681402 92.15861653238535 0
      vertex 100.95398902909754 92.17047225385905 3
      vertex 100.95398902909754 92.17047225385905 0
    endloop
  endfacet
  facet normal -0.02982082662936691 -0.9995552602528494 0
    outer loop
      vertex 101.3513773681402 92.15861653238535 0
      vertex 101.3513773681402 92.15861653238535 3
      vertex 100.95398902909754 92.17047225385905 3
    endloop
  endfacet
  facet normal 0.04968827851131292 -0.9987647745983947 0
    outer loop
      vertex 101.74845143424271 92.178370860219 0
      vertex 101.3513773681402 92.15861653238535 3
      vertex 101.3513773681402 92.15861653238535 0
    endloop
  endfacet
  facet normal 0.04968827851131292 -0.9987647745983947 0
    outer loop
      vertex 101.74845143424271 92.178370860219 0
      vertex 101.74845143424271 92.178370860219 3
      vertex 101.3513773681402 92.15861653238535 3
    endloop
  endfacet
  facet normal 0.1288832369427113 -0.9916597759489739 0
    outer loop
      vertex 102.1427007989764 92.22961034327746 0
      vertex 101.74845143424271 92.178370860219 3
      vertex 101.74845143424271 92.178370860219 0
    endloop
  endfacet
  facet normal 0.1288832369427113 -0.9916597759489739 0
    outer loop
      vertex 102.1427007989764 92.22961034327746 0
      vertex 102.1427007989764 92.22961034327746 3
      vertex 101.74845143424271 92.178370860219 3
    endloop
  endfacet
  facet normal 0.2072633348273738 -0.9782851884988527 0
    outer loop
      vertex 102.53163290040492 92.31201102286578 0
      vertex 102.1427007989764 92.22961034327746 3
      vertex 102.1427007989764 92.22961034327746 0
    endloop
  endfacet
  facet normal 0.2072633348273738 -0.9782851884988527 0
    outer loop
      vertex 102.53163290040492 92.31201102286578 0
      vertex 102.53163290040492 92.31201102286578 3
      vertex 102.1427007989764 92.22961034327746 3
    endloop
  endfacet
  facet normal 0.2843330812704968 -0.958725559738148 0
    outer loop
      vertex 102.91278877125977 92.42505194693804 0
      vertex 102.53163290040492 92.31201102286578 3
      vertex 102.53163290040492 92.31201102286578 0
    endloop
  endfacet
  facet normal 0.2843330812704968 -0.958725559738148 0
    outer loop
      vertex 102.91278877125977 92.42505194693804 0
      vertex 102.91278877125977 92.42505194693804 3
      vertex 102.53163290040492 92.31201102286578 3
    endloop
  endfacet
  facet normal 0.3596051547020128 -0.9331045668689771 0
    outer loop
      vertex 103.2837586330056 92.56801842600107 0
      vertex 102.91278877125977 92.42505194693804 3
      vertex 102.91278877125977 92.42505194693804 0
    endloop
  endfacet
  facet normal 0.3596051547020128 -0.9331045668689771 0
    outer loop
      vertex 103.2837586330056 92.56801842600107 0
      vertex 103.2837586330056 92.56801842600107 3
      vertex 102.91278877125977 92.42505194693804 3
    endloop
  endfacet
  facet normal 0.4326036977419745 -0.901584183922927 0
    outer loop
      vertex 103.64219708012341 92.7400065779686 0
      vertex 103.2837586330056 92.56801842600107 3
      vertex 103.2837586330056 92.56801842600107 0
    endloop
  endfacet
  facet normal 0.4326036977419745 -0.901584183922927 0
    outer loop
      vertex 103.64219708012341 92.7400065779686 0
      vertex 103.64219708012341 92.7400065779686 3
      vertex 103.2837586330056 92.56801842600107 3
    endloop
  endfacet
  facet normal 0.5028671879449845 -0.8643636915606207 0
    outer loop
      vertex 103.98583796637057 92.93992905020714 0
      vertex 103.64219708012341 92.7400065779686 3
      vertex 103.64219708012341 92.7400065779686 0
    endloop
  endfacet
  facet normal 0.5028671879449845 -0.8643636915606207 0
    outer loop
      vertex 103.98583796637057 92.93992905020714 0
      vertex 103.98583796637057 92.93992905020714 3
      vertex 103.64219708012341 92.7400065779686 3
    endloop
  endfacet
  facet normal 0.5699513824900472 -0.8216784173858311 0
    outer loop
      vertex 104.31250867264269 93.16652185916901 0
      vertex 103.98583796637057 92.93992905020714 3
      vertex 103.98583796637057 92.93992905020714 0
    endloop
  endfacet
  facet normal 0.5699513824900472 -0.8216784173858311 0
    outer loop
      vertex 104.31250867264269 93.16652185916901 0
      vertex 104.31250867264269 93.16652185916901 3
      vertex 103.98583796637057 92.93992905020714 3
    endloop
  endfacet
  facet normal 0.6334321616958646 -0.7737982272720092 0
    outer loop
      vertex 104.62014387564658 93.41835240721703 0
      vertex 104.31250867264269 93.16652185916901 3
      vertex 104.31250867264269 93.16652185916901 0
    endloop
  endfacet
  facet normal 0.6334321616958646 -0.7737982272720092 0
    outer loop
      vertex 104.62014387564658 93.41835240721703 0
      vertex 104.62014387564658 93.41835240721703 3
      vertex 104.31250867264269 93.16652185916901 3
    endloop
  endfacet
  facet normal 0.6929081727356692 -0.7210258415314363 0
    outer loop
      vertex 104.90679862366913 93.69382854998112 0
      vertex 104.62014387564658 93.41835240721703 3
      vertex 104.62014387564658 93.41835240721703 0
    endloop
  endfacet
  facet normal 0.6929081727356692 -0.7210258415314363 0
    outer loop
      vertex 104.90679862366913 93.69382854998112 0
      vertex 104.90679862366913 93.69382854998112 3
      vertex 104.62014387564658 93.41835240721703 3
    endloop
  endfacet
  facet normal 0.7071067811865476 -0.7071067811865476 1.938420796116345e-17
    outer loop
      vertex 107.6067498104453 96.39377973675728 0
      vertex 104.90679862366913 93.69382854998112 3
      vertex 104.90679862366913 93.69382854998112 0
    endloop
  endfacet
  facet normal 0.7071067811865476 -0.7071067811865476 0
    outer loop
      vertex 107.6067498104453 96.39377973675728 0
      vertex 107.6067498104453 96.39377973675728 3
      vertex 104.90679862366913 93.69382854998112 3
    endloop
  endfacet
  facet normal -0.5664062388577372 -0.8241261872935675 0
    outer loop
      vertex 108.73180942999123 95.62054767906666 0
      vertex 107.6067498104453 96.39377973675728 3
      vertex 107.6067498104453 96.39377973675728 0
    endloop
  endfacet
  facet normal -0.5664062388577372 -0.8241261872935675 0
    outer loop
      vertex 108.73180942999123 95.62054767906666 0
      vertex 108.73180942999123 95.62054767906666 3
      vertex 107.6067498104453 96.39377973675728 3
    endloop
  endfacet
  facet normal -0.5224985660372748 -0.8526401635443825 -2.317608759447242e-17
    outer loop
      vertex 110.09329999999999 94.78622518181801 0
      vertex 108.73180942999123 95.62054767906666 3
      vertex 108.73180942999123 95.62054767906666 0
    endloop
  endfacet
  facet normal -0.5224985660372748 -0.8526401635443825 0
    outer loop
      vertex 110.09329999999999 94.78622518181801 0
      vertex 110.09329999999999 94.78622518181801 3
      vertex 108.73180942999123 95.62054767906666 3
    endloop
  endfacet
  facet normal -0.477158759189263 -0.8788171132431155 -1.1588043835625268e-17
    outer loop
      vertex 111.49658975766896 94.02430101186037 0
      vertex 110.09329999999999 94.78622518181801 3
      vertex 110.09329999999999 94.78622518181801 0
    endloop
  endfacet
  facet normal -0.477158759189263 -0.8788171132431155 0
    outer loop
      vertex 111.49658975766896 94.02430101186037 0
      vertex 111.49658975766896 94.02430101186037 3
      vertex 110.09329999999999 94.78622518181801 3
    endloop
  endfacet
  facet normal -0.43051109534665716 -0.9025852850470263 -1.158804383821932e-17
    outer loop
      vertex 112.93783238546847 93.33686354458332 0
      vertex 111.49658975766896 94.02430101186037 3
      vertex 111.49658975766896 94.02430101186037 0
    endloop
  endfacet
  facet normal -0.43051109534665716 -0.9025852850470263 0
    outer loop
      vertex 112.93783238546847 93.33686354458332 0
      vertex 112.93783238546847 93.33686354458332 3
      vertex 111.49658975766896 94.02430101186037 3
    endloop
  endfacet
  facet normal -0.38268343173805713 -0.9238795327710121 0
    outer loop
      vertex 114.41307754086255 92.72579699456692 0
      vertex 112.93783238546847 93.33686354458332 3
      vertex 112.93783238546847 93.33686354458332 0
    endloop
  endfacet
  facet normal -0.38268343173805713 -0.9238795327710121 0
    outer loop
      vertex 114.41307754086255 92.72579699456692 0
      vertex 114.41307754086255 92.72579699456692 3
      vertex 112.93783238546847 93.33686354458332 3
    endloop
  endfacet
  facet normal -0.33380686092999606 -0.9426414904915137 1.1588043810658823e-17
    outer loop
      vertex 115.91828167455195 92.19277625232935 0
      vertex 114.41307754086255 92.72579699456692 3
      vertex 114.41307754086255 92.72579699456692 0
    endloop
  endfacet
  facet normal -0.33380686092999606 -0.9426414904915137 0
    outer loop
      vertex 115.91828167455195 92.19277625232935 0
      vertex 115.91828167455195 92.19277625232935 3
      vertex 114.41307754086255 92.72579699456692 3
    endloop
  endfacet
  facet normal -0.28401534679160345 -0.9588197342497938 0
    outer loop
      vertex 117.44931912438868 91.73926229476929 0
      vertex 115.91828167455195 92.19277625232935 3
      vertex 115.91828167455195 92.19277625232935 0
    endloop
  endfacet
  facet normal -0.28401534679160345 -0.9588197342497938 0
    outer loop
      vertex 117.44931912438868 91.73926229476929 0
      vertex 117.44931912438868 91.73926229476929 3
      vertex 115.91828167455195 92.19277625232935 3
    endloop
  endfacet
  facet normal -0.23344536195808252 -0.9723699208533036 0
    outer loop
      vertex 119.00199343280791 91.36649817675352 0
      vertex 117.44931912438868 91.73926229476929 3
      vertex 117.44931912438868 91.73926229476929 0
    endloop
  endfacet
  facet normal -0.23344536195808252 -0.9723699208533036 0
    outer loop
      vertex 119.00199343280791 91.36649817675352 0
      vertex 119.00199343280791 91.36649817675352 3
      vertex 117.44931912438868 91.73926229476929 3
    endloop
  endfacet
  facet normal -0.1822355259452183 -0.9832549074799828 0
    outer loop
      vertex 120.57204881327151 91.07550561130047 0
      vertex 119.00199343280791 91.36649817675352 3
      vertex 119.00199343280791 91.36649817675352 0
    endloop
  endfacet
  facet normal -0.1822355259452183 -0.9832549074799828 0
    outer loop
      vertex 120.57204881327151 91.07550561130047 0
      vertex 120.57204881327151 91.07550561130047 3
      vertex 119.00199343280791 91.36649817675352 3
    endloop
  endfacet
  facet normal -0.1305261921284875 -0.9914448613858651 0
    outer loop
      vertex 122.15518187003134 90.86708219051361 0
      vertex 120.57204881327151 91.07550561130047 3
      vertex 120.57204881327151 91.07550561130047 0
    endloop
  endfacet
  facet normal -0.1305261921284875 -0.9914448613858651 0
    outer loop
      vertex 122.15518187003134 90.86708219051361 0
      vertex 122.15518187003134 90.86708219051361 3
      vertex 120.57204881327151 91.07550561130047 3
    endloop
  endfacet
  facet normal -0.07845909677882558 -0.9969173336504139 0
    outer loop
      vertex 123.7470533327937 90.74179918766022 0
      vertex 122.15518187003134 90.86708219051361 3
      vertex 122.15518187003134 90.86708219051361 0
    endloop
  endfacet
  facet normal -0.07845909677882558 -0.9969173336504139 0
    outer loop
      vertex 123.7470533327937 90.74179918766022 0
      vertex 123.7470533327937 90.74179918766022 3
      vertex 122.15518187003134 90.86708219051361 3
    endloop
  endfacet
  facet normal -0.026176946823212505 -0.9996573250144345 0
    outer loop
      vertex 125.34329999999999 90.7 0
      vertex 123.7470533327937 90.74179918766022 3
      vertex 123.7470533327937 90.74179918766022 0
    endloop
  endfacet
  facet normal -0.026176946823212505 -0.9996573250144345 0
    outer loop
      vertex 125.34329999999999 90.7 0
      vertex 125.34329999999999 90.7 3
      vertex 123.7470533327937 90.74179918766022 3
    endloop
  endfacet
  facet normal 0.026176946823212505 -0.9996573250144345 0
    outer loop
      vertex 126.93954666720627 90.74179918766022 0
      vertex 125.34329999999999 90.7 3
      vertex 125.34329999999999 90.7 0
    endloop
  endfacet
  facet normal 0.026176946823212505 -0.9996573250144345 0
    outer loop
      vertex 126.93954666720627 90.74179918766022 0
      vertex 126.93954666720627 90.74179918766022 3
      vertex 125.34329999999999 90.7 3
    endloop
  endfacet
  facet normal 0.22252092707881072 0.974927913751569 0
    outer loop
      vertex 100.72368107752798 143.58983473181723 0
      vertex 100.72368107752798 143.58983473181723 3
      vertex 101.10573160665034 143.50263419449328 0
    endloop
  endfacet
  facet normal 0.22252092707881072 0.974927913751569 0
    outer loop
      vertex 101.10573160665034 143.50263419449328 3
      vertex 101.10573160665034 143.50263419449328 0
      vertex 100.72368107752798 143.58983473181723 3
    endloop
  endfacet
  facet normal 0.43388374091371634 0.900968867037435 0
    outer loop
      vertex 100.37061330692767 143.75986320972441 0
      vertex 100.37061330692767 143.75986320972441 3
      vertex 100.72368107752798 143.58983473181723 0
    endloop
  endfacet
  facet normal 0.43388374091371634 0.900968867037435 0
    outer loop
      vertex 100.72368107752798 143.58983473181723 3
      vertex 100.72368107752798 143.58983473181723 0
      vertex 100.37061330692767 143.75986320972441 3
    endloop
  endfacet
  facet normal 0.6234897996516217 0.7818314842281427 0
    outer loop
      vertex 100.06423257308005 144.00419369041919 0
      vertex 100.06423257308005 144.00419369041919 3
      vertex 100.37061330692767 143.75986320972441 0
    endloop
  endfacet
  facet normal 0.6234897996516217 0.7818314842281427 0
    outer loop
      vertex 100.37061330692767 143.75986320972441 3
      vertex 100.37061330692767 143.75986320972441 0
      vertex 100.06423257308005 144.00419369041919 3
    endloop
  endfacet
  facet normal 0.7818314842281427 0.6234897996516217 0
    outer loop
      vertex 99.81990209238528 144.3105744242668 0
      vertex 99.81990209238528 144.3105744242668 3
      vertex 100.06423257308005 144.00419369041919 0
    endloop
  endfacet
  facet normal 0.7818314842281427 0.6234897996516217 0
    outer loop
      vertex 100.06423257308005 144.00419369041919 3
      vertex 100.06423257308005 144.00419369041919 0
      vertex 99.81990209238528 144.3105744242668 3
    endloop
  endfacet
  facet normal 0.9009688706166563 0.4338837334813864 0
    outer loop
      vertex 99.6498736144781 144.6636422023177 0
      vertex 99.6498736144781 144.6636422023177 3
      vertex 99.81990209238528 144.3105744242668 0
    endloop
  endfacet
  facet normal 0.9009688706166563 0.4338837334813864 0
    outer loop
      vertex 99.81990209238528 144.3105744242668 3
      vertex 99.81990209238528 144.3105744242668 0
      vertex 99.6498736144781 144.6636422023177 3
    endloop
  endfacet
  facet normal 0.9749279086855167 0.22252094927463587 0
    outer loop
      vertex 99.56267306970356 145.04569272398948 0
      vertex 99.56267306970356 145.04569272398948 3
      vertex 99.6498736144781 144.6636422023177 0
    endloop
  endfacet
  facet normal 0.9749279086855167 0.22252094927463587 0
    outer loop
      vertex 99.6498736144781 144.6636422023177 3
      vertex 99.6498736144781 144.6636422023177 0
      vertex 99.56267306970356 145.04569272398948 3
    endloop
  endfacet
  facet normal 1 0 0
    outer loop
      vertex 99.56267306970356 145.43756839334964 0
      vertex 99.56267306970356 145.43756839334964 3
      vertex 99.56267306970356 145.04569272398948 0
    endloop
  endfacet
  facet normal 1 0 0
    outer loop
      vertex 99.56267306970356 145.04569272398948 3
      vertex 99.56267306970356 145.04569272398948 0
      vertex 99.56267306970356 145.43756839334964 3
    endloop
  endfacet
  facet normal 0.974927909626937 -0.22252094515000373 0
    outer loop
      vertex 99.6498736144781 145.819618922472 0
      vertex 99.6498736144781 145.819618922472 3
      vertex 99.56267306970356 145.43756839334964 0
    endloop
  endfacet
  facet normal 0.974927909626937 -0.22252094515000373 0
    outer loop
      vertex 99.56267306970356 145.43756839334964 3
      vertex 99.56267306970356 145.43756839334964 0
      vertex 99.6498736144781 145.819618922472 3
    endloop
  endfacet
  facet normal 0.900968867037435 -0.43388374091371634 0
    outer loop
      vertex 99.81990209238528 146.1726866930723 0
      vertex 99.81990209238528 146.1726866930723 3
      vertex 99.6498736144781 145.819618922472 0
    endloop
  endfacet
  facet normal 0.900968867037435 -0.43388374091371634 0
    outer loop
      vertex 99.6498736144781 145.819618922472 3
      vertex 99.6498736144781 145.819618922472 0
      vertex 99.81990209238528 146.1726866930723 3
    endloop
  endfacet
  facet normal 0.7818314842281427 -0.6234897996516217 0
    outer loop
      vertex 100.06423257308005 146.47906742691993 0
      vertex 100.06423257308005 146.47906742691993 3
      vertex 99.81990209238528 146.1726866930723 0
    endloop
  endfacet
  facet normal 0.7818314842281427 -0.6234897996516217 0
    outer loop
      vertex 99.81990209238528 146.1726866930723 3
      vertex 99.81990209238528 146.1726866930723 0
      vertex 100.06423257308005 146.47906742691993 3
    endloop
  endfacet
  facet normal 0.6234897996516217 -0.7818314842281427 0
    outer loop
      vertex 100.37061330692767 146.7233979076147 0
      vertex 100.37061330692767 146.7233979076147 3
      vertex 100.06423257308005 146.47906742691993 0
    endloop
  endfacet
  facet normal 0.6234897996516217 -0.7818314842281427 0
    outer loop
      vertex 100.06423257308005 146.47906742691993 3
      vertex 100.06423257308005 146.47906742691993 0
      vertex 100.37061330692767 146.7233979076147 3
    endloop
  endfacet
  facet normal 0.43388374091371634 -0.900968867037435 0
    outer loop
      vertex 100.72368107752798 146.89342638552188 0
      vertex 100.72368107752798 146.89342638552188 3
      vertex 100.37061330692767 146.7233979076147 0
    endloop
  endfacet
  facet normal 0.43388374091371634 -0.900968867037435 0
    outer loop
      vertex 100.37061330692767 146.7233979076147 3
      vertex 100.37061330692767 146.7233979076147 0
      vertex 100.72368107752798 146.89342638552188 3
    endloop
  endfacet
  facet normal 0.22252094515000373 -0.974927909626937 0
    outer loop
      vertex 101.10573160665034 146.9806269302964 0
      vertex 101.10573160665034 146.9806269302964 3
      vertex 100.72368107752798 146.89342638552188 0
    endloop
  endfacet
  facet normal 0.22252094515000373 -0.974927909626937 0
    outer loop
      vertex 100.72368107752798 146.89342638552188 3
      vertex 100.72368107752798 146.89342638552188 0
      vertex 101.10573160665034 146.9806269302964 3
    endloop
  endfacet
  facet normal 0 -1 0
    outer loop
      vertex 101.4976072760105 146.9806269302964 0
      vertex 101.4976072760105 146.9806269302964 3
      vertex 101.10573160665034 146.9806269302964 0
    endloop
  endfacet
  facet normal 0 -1 0
    outer loop
      vertex 101.10573160665034 146.9806269302964 3
      vertex 101.10573160665034 146.9806269302964 0
      vertex 101.4976072760105 146.9806269302964 3
    endloop
  endfacet
  facet normal -0.22252094927463587 -0.9749279086855167 0
    outer loop
      vertex 101.87965779768227 146.89342638552188 0
      vertex 101.87965779768227 146.89342638552188 3
      vertex 101.4976072760105 146.9806269302964 0
    endloop
  endfacet
  facet normal -0.22252094927463587 -0.9749279086855167 0
    outer loop
      vertex 101.4976072760105 146.9806269302964 3
      vertex 101.4976072760105 146.9806269302964 0
      vertex 101.87965779768227 146.89342638552188 3
    endloop
  endfacet
  facet normal -0.4338837334813864 -0.9009688706166563 0
    outer loop
      vertex 102.23272557573317 146.7233979076147 0
      vertex 102.23272557573317 146.7233979076147 3
      vertex 101.87965779768227 146.89342638552188 0
    endloop
  endfacet
  facet normal -0.4338837334813864 -0.9009688706166563 0
    outer loop
      vertex 101.87965779768227 146.89342638552188 3
      vertex 101.87965779768227 146.89342638552188 0
      vertex 102.23272557573317 146.7233979076147 3
    endloop
  endfacet
  facet normal -0.6234897996516217 -0.7818314842281427 0
    outer loop
      vertex 102.53910630958079 146.47906742691993 0
      vertex 102.53910630958079 146.47906742691993 3
      vertex 102.23272557573317 146.7233979076147 0
    endloop
  endfacet
  facet normal -0.6234897996516217 -0.7818314842281427 0
    outer loop
      vertex 102.23272557573317 146.7233979076147 3
      vertex 102.23272557573317 146.7233979076147 0
      vertex 102.53910630958079 146.47906742691993 3
    endloop
  endfacet
  facet normal -0.7818314842281427 -0.6234897996516217 0
    outer loop
      vertex 102.78343679027556 146.1726866930723 0
      vertex 102.78343679027556 146.1726866930723 3
      vertex 102.53910630958079 146.47906742691993 0
    endloop
  endfacet
  facet normal -0.7818314842281427 -0.6234897996516217 0
    outer loop
      vertex 102.53910630958079 146.47906742691993 3
      vertex 102.53910630958079 146.47906742691993 0
      vertex 102.78343679027556 146.1726866930723 3
    endloop
  endfacet
  facet normal -0.900968867037435 -0.43388374091371634 0
    outer loop
      vertex 102.95346526818274 145.819618922472 0
      vertex 102.95346526818274 145.819618922472 3
      vertex 102.78343679027556 146.1726866930723 0
    endloop
  endfacet
  facet normal -0.900968867037435 -0.43388374091371634 0
    outer loop
      vertex 102.78343679027556 146.1726866930723 3
      vertex 102.78343679027556 146.1726866930723 0
      vertex 102.95346526818274 145.819618922472 3
    endloop
  endfacet
  facet normal -0.974927913751569 -0.22252092707881072 0
    outer loop
      vertex 103.04066580550669 145.43756839334964 0
      vertex 103.04066580550669 145.43756839334964 3
      vertex 102.95346526818274 145.819618922472 0
    endloop
  endfacet
  facet normal -0.974927913751569 -0.22252092707881072 0
    outer loop
      vertex 102.95346526818274 145.819618922472 3
      vertex 102.95346526818274 145.819618922472 0
      vertex 103.04066580550669 145.43756839334964 3
    endloop
  endfacet
  facet normal -1 0 0
    outer loop
      vertex 103.04066580550669 145.04569272398948 0
      vertex 103.04066580550669 145.04569272398948 3
      vertex 103.04066580550669 145.43756839334964 0
    endloop
  endfacet
  facet normal -1 0 0
    outer loop
      vertex 103.04066580550669 145.43756839334964 3
      vertex 103.04066580550669 145.43756839334964 0
      vertex 103.04066580550669 145.04569272398948 3
    endloop
  endfacet
  facet normal -0.9749279128101487 0.22252093120344257 0
    outer loop
      vertex 102.95346526818274 144.6636422023177 0
      vertex 102.95346526818274 144.6636422023177 3
      vertex 103.04066580550669 145.04569272398948 0
    endloop
  endfacet
  facet normal -0.9749279128101487 0.22252093120344257 0
    outer loop
      vertex 103.04066580550669 145.04569272398948 3
      vertex 103.04066580550669 145.04569272398948 0
      vertex 102.95346526818274 144.6636422023177 3
    endloop
  endfacet
  facet normal -0.9009688706166563 0.4338837334813864 0
    outer loop
      vertex 102.78343679027556 144.3105744242668 0
      vertex 102.78343679027556 144.3105744242668 3
      vertex 102.95346526818274 144.6636422023177 0
    endloop
  endfacet
  facet normal -0.9009688706166563 0.4338837334813864 0
    outer loop
      vertex 102.95346526818274 144.6636422023177 3
      vertex 102.95346526818274 144.6636422023177 0
      vertex 102.78343679027556 144.3105744242668 3
    endloop
  endfacet
  facet normal -0.7818314842281427 0.6234897996516217 0
    outer loop
      vertex 102.53910630958079 144.00419369041919 0
      vertex 102.53910630958079 144.00419369041919 3
      vertex 102.78343679027556 144.3105744242668 0
    endloop
  endfacet
  facet normal -0.7818314842281427 0.6234897996516217 0
    outer loop
      vertex 102.78343679027556 144.3105744242668 3
      vertex 102.78343679027556 144.3105744242668 0
      vertex 102.53910630958079 144.00419369041919 3
    endloop
  endfacet
  facet normal -0.6234897996516217 0.7818314842281427 0
    outer loop
      vertex 102.23272557573317 143.75986320972441 0
      vertex 102.23272557573317 143.75986320972441 3
      vertex 102.53910630958079 144.00419369041919 0
    endloop
  endfacet
  facet normal -0.6234897996516217 0.7818314842281427 0
    outer loop
      vertex 102.53910630958079 144.00419369041919 3
      vertex 102.53910630958079 144.00419369041919 0
      vertex 102.23272557573317 143.75986320972441 3
    endloop
  endfacet
  facet normal -0.4338837334813864 0.9009688706166563 0
    outer loop
      vertex 101.87965779768227 143.58983473181723 0
      vertex 101.87965779768227 143.58983473181723 3
      vertex 102.23272557573317 143.75986320972441 0
    endloop
  endfacet
  facet normal -0.4338837334813864 0.9009688706166563 0
    outer loop
      vertex 102.23272557573317 143.75986320972441 3
      vertex 102.23272557573317 143.75986320972441 0
      vertex 101.87965779768227 143.58983473181723 3
    endloop
  endfacet
  facet normal -0.22252093120344257 0.9749279128101487 0
    outer loop
      vertex 101.4976072760105 143.50263419449328 0
      vertex 101.4976072760105 143.50263419449328 3
      vertex 101.87965779768227 143.58983473181723 0
    endloop
  endfacet
  facet normal -0.22252093120344257 0.9749279128101487 0
    outer loop
      vertex 101.87965779768227 143.58983473181723 3
      vertex 101.87965779768227 143.58983473181723 0
      vertex 101.4976072760105 143.50263419449328 3
    endloop
  endfacet
  facet normal 0 1 0
    outer loop
      vertex 101.10573160665034 143.50263419449328 0
      vertex 101.10573160665034 143.50263419449328 3
      vertex 101.4976072760105 143.50263419449328 0
    endloop
  endfacet
  facet normal 0 1 0
    outer loop
      vertex 101.4976072760105 143.50263419449328 3
      vertex 101.4976072760105 143.50263419449328 0
      vertex 101.10573160665034 143.50263419449328 3
    endloop
  endfacet
  facet normal 0.22252093120344257 0.9749279128101487 0
    outer loop
      vertex 148.8069422023177 143.58983473181723 0
      vertex 148.8069422023177 143.58983473181723 3
      vertex 149.1889927239895 143.50263419449328 0
    endloop
  endfacet
  facet normal 0.22252093120344257 0.9749279128101487 0
    outer loop
      vertex 149.1889927239895 143.50263419449328 3
      vertex 149.1889927239895 143.50263419449328 0
      vertex 148.8069422023177 143.58983473181723 3
    endloop
  endfacet
  facet normal 0.4338837334813864 0.9009688706166563 0
    outer loop
      vertex 148.45387442426681 143.75986320972441 0
      vertex 148.45387442426681 143.75986320972441 3
      vertex 148.8069422023177 143.58983473181723 0
    endloop
  endfacet
  facet normal 0.4338837334813864 0.9009688706166563 0
    outer loop
      vertex 148.8069422023177 143.58983473181723 3
      vertex 148.8069422023177 143.58983473181723 0
      vertex 148.45387442426681 143.75986320972441 3
    endloop
  endfacet
  facet normal 0.6234897996516217 0.7818314842281427 0
    outer loop
      vertex 148.1474936904192 144.00419369041919 0
      vertex 148.1474936904192 144.00419369041919 3
      vertex 148.45387442426681 143.75986320972441 0
    endloop
  endfacet
  facet normal 0.6234897996516217 0.7818314842281427 0
    outer loop
      vertex 148.45387442426681 143.75986320972441 3
      vertex 148.45387442426681 143.75986320972441 0
      vertex 148.1474936904192 144.00419369041919 3
    endloop
  endfacet
  facet normal 0.7818314842281427 0.6234897996516217 0
    outer loop
      vertex 147.90316320972443 144.3105744242668 0
      vertex 147.90316320972443 144.3105744242668 3
      vertex 148.1474936904192 144.00419369041919 0
    endloop
  endfacet
  facet normal 0.7818314842281427 0.6234897996516217 0
    outer loop
      vertex 148.1474936904192 144.00419369041919 3
      vertex 148.1474936904192 144.00419369041919 0
      vertex 147.90316320972443 144.3105744242668 3
    endloop
  endfacet
  facet normal 0.9009688706166563 0.4338837334813864 0
    outer loop
      vertex 147.73313473181724 144.6636422023177 0
      vertex 147.73313473181724 144.6636422023177 3
      vertex 147.90316320972443 144.3105744242668 0
    endloop
  endfacet
  facet normal 0.9009688706166563 0.4338837334813864 0
    outer loop
      vertex 147.90316320972443 144.3105744242668 3
      vertex 147.90316320972443 144.3105744242668 0
      vertex 147.73313473181724 144.6636422023177 3
    endloop
  endfacet
  facet normal 0.9749279128101487 0.22252093120344257 0
    outer loop
      vertex 147.6459341944933 145.04569272398948 0
      vertex 147.6459341944933 145.04569272398948 3
      vertex 147.73313473181724 144.6636422023177 0
    endloop
  endfacet
  facet normal 0.9749279128101487 0.22252093120344257 0
    outer loop
      vertex 147.73313473181724 144.6636422023177 3
      vertex 147.73313473181724 144.6636422023177 0
      vertex 147.6459341944933 145.04569272398948 3
    endloop
  endfacet
  facet normal 1 0 0
    outer loop
      vertex 147.6459341944933 145.43756839334964 0
      vertex 147.6459341944933 145.43756839334964 3
      vertex 147.6459341944933 145.04569272398948 0
    endloop
  endfacet
  facet normal 1 0 0
    outer loop
      vertex 147.6459341944933 145.04569272398948 3
      vertex 147.6459341944933 145.04569272398948 0
      vertex 147.6459341944933 145.43756839334964 3
    endloop
  endfacet
  facet normal 0.974927913751569 -0.22252092707881072 0
    outer loop
      vertex 147.73313473181724 145.819618922472 0
      vertex 147.73313473181724 145.819618922472 3
      vertex 147.6459341944933 145.43756839334964 0
    endloop
  endfacet
  facet normal 0.974927913751569 -0.22252092707881072 0
    outer loop
      vertex 147.6459341944933 145.43756839334964 3
      vertex 147.6459341944933 145.43756839334964 0
      vertex 147.73313473181724 145.819618922472 3
    endloop
  endfacet
  facet normal 0.900968867037435 -0.43388374091371634 0
    outer loop
      vertex 147.90316320972443 146.1726866930723 0
      vertex 147.90316320972443 146.1726866930723 3
      vertex 147.73313473181724 145.819618922472 0
    endloop
  endfacet
  facet normal 0.900968867037435 -0.43388374091371634 0
    outer loop
      vertex 147.73313473181724 145.819618922472 3
      vertex 147.73313473181724 145.819618922472 0
      vertex 147.90316320972443 146.1726866930723 3
    endloop
  endfacet
  facet normal 0.7818314842281427 -0.6234897996516217 0
    outer loop
      vertex 148.1474936904192 146.47906742691993 0
      vertex 148.1474936904192 146.47906742691993 3
      vertex 147.90316320972443 146.1726866930723 0
    endloop
  endfacet
  facet normal 0.7818314842281427 -0.6234897996516217 0
    outer loop
      vertex 147.90316320972443 146.1726866930723 3
      vertex 147.90316320972443 146.1726866930723 0
      vertex 148.1474936904192 146.47906742691993 3
    endloop
  endfacet
  facet normal 0.6234897996516217 -0.7818314842281427 0
    outer loop
      vertex 148.45387442426681 146.7233979076147 0
      vertex 148.45387442426681 146.7233979076147 3
      vertex 148.1474936904192 146.47906742691993 0
    endloop
  endfacet
  facet normal 0.6234897996516217 -0.7818314842281427 0
    outer loop
      vertex 148.1474936904192 146.47906742691993 3
      vertex 148.1474936904192 146.47906742691993 0
      vertex 148.45387442426681 146.7233979076147 3
    endloop
  endfacet
  facet normal 0.4338837334813864 -0.9009688706166563 0
    outer loop
      vertex 148.8069422023177 146.89342638552188 0
      vertex 148.8069422023177 146.89342638552188 3
      vertex 148.45387442426681 146.7233979076147 0
    endloop
  endfacet
  facet normal 0.4338837334813864 -0.9009688706166563 0
    outer loop
      vertex 148.45387442426681 146.7233979076147 3
      vertex 148.45387442426681 146.7233979076147 0
      vertex 148.8069422023177 146.89342638552188 3
    endloop
  endfacet
  facet normal 0.22252094927463587 -0.9749279086855167 0
    outer loop
      vertex 149.1889927239895 146.9806269302964 0
      vertex 149.1889927239895 146.9806269302964 3
      vertex 148.8069422023177 146.89342638552188 0
    endloop
  endfacet
  facet normal 0.22252094927463587 -0.9749279086855167 0
    outer loop
      vertex 148.8069422023177 146.89342638552188 3
      vertex 148.8069422023177 146.89342638552188 0
      vertex 149.1889927239895 146.9806269302964 3
    endloop
  endfacet
  facet normal 0 -1 0
    outer loop
      vertex 149.58086839334965 146.9806269302964 0
      vertex 149.58086839334965 146.9806269302964 3
      vertex 149.1889927239895 146.9806269302964 0
    endloop
  endfacet
  facet normal 0 -1 0
    outer loop
      vertex 149.1889927239895 146.9806269302964 3
      vertex 149.1889927239895 146.9806269302964 0
      vertex 149.58086839334965 146.9806269302964 3
    endloop
  endfacet
  facet normal -0.22252094515000373 -0.974927909626937 0
    outer loop
      vertex 149.962918922472 146.89342638552188 0
      vertex 149.962918922472 146.89342638552188 3
      vertex 149.58086839334965 146.9806269302964 0
    endloop
  endfacet
  facet normal -0.22252094515000373 -0.974927909626937 0
    outer loop
      vertex 149.58086839334965 146.9806269302964 3
      vertex 149.58086839334965 146.9806269302964 0
      vertex 149.962918922472 146.89342638552188 3
    endloop
  endfacet
  facet normal -0.43388374091371634 -0.900968867037435 0
    outer loop
      vertex 150.31598669307232 146.7233979076147 0
      vertex 150.31598669307232 146.7233979076147 3
      vertex 149.962918922472 146.89342638552188 0
    endloop
  endfacet
  facet normal -0.43388374091371634 -0.900968867037435 0
    outer loop
      vertex 149.962918922472 146.89342638552188 3
      vertex 149.962918922472 146.89342638552188 0
      vertex 150.31598669307232 146.7233979076147 3
    endloop
  endfacet
  facet normal -0.6234897996516217 -0.7818314842281427 0
    outer loop
      vertex 150.62236742691994 146.47906742691993 0
      vertex 150.62236742691994 146.47906742691993 3
      vertex 150.31598669307232 146.7233979076147 0
    endloop
  endfacet
  facet normal -0.6234897996516217 -0.7818314842281427 0
    outer loop
      vertex 150.31598669307232 146.7233979076147 3
      vertex 150.31598669307232 146.7233979076147 0
      vertex 150.62236742691994 146.47906742691993 3
    endloop
  endfacet
  facet normal -0.7818314842281427 -0.6234897996516217 0
    outer loop
      vertex 150.8666979076147 146.1726866930723 0
      vertex 150.8666979076147 146.1726866930723 3
      vertex 150.62236742691994 146.47906742691993 0
    endloop
  endfacet
  facet normal -0.7818314842281427 -0.6234897996516217 0
    outer loop
      vertex 150.62236742691994 146.47906742691993 3
      vertex 150.62236742691994 146.47906742691993 0
      vertex 150.8666979076147 146.1726866930723 3
    endloop
  endfacet
  facet normal -0.900968867037435 -0.43388374091371634 0
    outer loop
      vertex 151.0367263855219 145.819618922472 0
      vertex 151.0367263855219 145.819618922472 3
      vertex 150.8666979076147 146.1726866930723 0
    endloop
  endfacet
  facet normal -0.900968867037435 -0.43388374091371634 0
    outer loop
      vertex 150.8666979076147 146.1726866930723 3
      vertex 150.8666979076147 146.1726866930723 0
      vertex 151.0367263855219 145.819618922472 3
    endloop
  endfacet
  facet normal -0.974927909626937 -0.22252094515000373 0
    outer loop
      vertex 151.12392693029642 145.43756839334964 0
      vertex 151.12392693029642 145.43756839334964 3
      vertex 151.0367263855219 145.819618922472 0
    endloop
  endfacet
  facet normal -0.974927909626937 -0.22252094515000373 0
    outer loop
      vertex 151.0367263855219 145.819618922472 3
      vertex 151.0367263855219 145.819618922472 0
      vertex 151.12392693029642 145.43756839334964 3
    endloop
  endfacet
  facet normal -1 0 0
    outer loop
      vertex 151.12392693029642 145.04569272398948 0
      vertex 151.12392693029642 145.04569272398948 3
      vertex 151.12392693029642 145.43756839334964 0
    endloop
  endfacet
  facet normal -1 0 0
    outer loop
      vertex 151.12392693029642 145.43756839334964 3
      vertex 151.12392693029642 145.43756839334964 0
      vertex 151.12392693029642 145.04569272398948 3
    endloop
  endfacet
  facet normal -0.9749279086855167 0.22252094927463587 0
    outer loop
      vertex 151.0367263855219 144.6636422023177 0
      vertex 151.0367263855219 144.6636422023177 3
      vertex 151.12392693029642 145.04569272398948 0
    endloop
  endfacet
  facet normal -0.9749279086855167 0.22252094927463587 0
    outer loop
      vertex 151.12392693029642 145.04569272398948 3
      vertex 151.12392693029642 145.04569272398948 0
      vertex 151.0367263855219 144.6636422023177 3
    endloop
  endfacet
  facet normal -0.9009688706166563 0.4338837334813864 0
    outer loop
      vertex 150.8666979076147 144.3105744242668 0
      vertex 150.8666979076147 144.3105744242668 3
      vertex 151.0367263855219 144.6636422023177 0
    endloop
  endfacet
  facet normal -0.9009688706166563 0.4338837334813864 0
    outer loop
      vertex 151.0367263855219 144.6636422023177 3
      vertex 151.0367263855219 144.6636422023177 0
      vertex 150.8666979076147 144.3105744242668 3
    endloop
  endfacet
  facet normal -0.7818314842281427 0.6234897996516217 0
    outer loop
      vertex 150.62236742691994 144.00419369041919 0
      vertex 150.62236742691994 144.00419369041919 3
      vertex 150.8666979076147 144.3105744242668 0
    endloop
  endfacet
  facet normal -0.7818314842281427 0.6234897996516217 0
    outer loop
      vertex 150.8666979076147 144.3105744242668 3
      vertex 150.8666979076147 144.3105744242668 0
      vertex 150.62236742691994 144.00419369041919 3
    endloop
  endfacet
  facet normal -0.6234897996516217 0.7818314842281427 0
    outer loop
      vertex 150.31598669307232 143.75986320972441 0
      vertex 150.31598669307232 143.75986320972441 3
      vertex 150.62236742691994 144.00419369041919 0
    endloop
  endfacet
  facet normal -0.6234897996516217 0.7818314842281427 0
    outer loop
      vertex 150.62236742691994 144.00419369041919 3
      vertex 150.62236742691994 144.00419369041919 0
      vertex 150.31598669307232 143.75986320972441 3
    endloop
  endfacet
  facet normal -0.43388374091371634 0.900968867037435 0
    outer loop
      vertex 149.962918922472 143.58983473181723 0
      vertex 149.962918922472 143.58983473181723 3
      vertex 150.31598669307232 143.75986320972441 0
    endloop
  endfacet
  facet normal -0.43388374091371634 0.900968867037435 0
    outer loop
      vertex 150.31598669307232 143.75986320972441 3
      vertex 150.31598669307232 143.75986320972441 0
      vertex 149.962918922472 143.58983473181723 3
    endloop
  endfacet
  facet normal -0.22252092707881072 0.974927913751569 0
    outer loop
      vertex 149.58086839334965 143.50263419449328 0
      vertex 149.58086839334965 143.50263419449328 3
      vertex 149.962918922472 143.58983473181723 0
    endloop
  endfacet
  facet normal -0.22252092707881072 0.974927913751569 0
    outer loop
      vertex 149.962918922472 143.58983473181723 3
      vertex 149.962918922472 143.58983473181723 0
      vertex 149.58086839334965 143.50263419449328 3
    endloop
  endfacet
  facet normal 0 1 0
    outer loop
      vertex 149.1889927239895 143.50263419449328 0
      vertex 149.1889927239895 143.50263419449328 3
      vertex 149.58086839334965 143.50263419449328 0
    endloop
  endfacet
  facet normal 0 1 0
    outer loop
      vertex 149.58086839334965 143.50263419449328 3
      vertex 149.58086839334965 143.50263419449328 0
      vertex 149.1889927239895 143.50263419449328 3
    endloop
  endfacet
  facet normal 0.07845909191259202 0.9969173340333949 0
    outer loop
      vertex 122.6778241844654 95.83969166576863 0
      vertex 122.6778241844654 95.83969166576863 3
      vertex 124.00873311625718 95.73494686633349 0
    endloop
  endfacet
  facet normal 0.07845909191259202 0.9969173340333949 0
    outer loop
      vertex 124.00873311625718 95.73494686633349 3
      vertex 124.00873311625718 95.73494686633349 0
      vertex 122.6778241844654 95.83969166576863 3
    endloop
  endfacet
  facet normal 0.13052619261869755 0.9914448613213277 0
    outer loop
      vertex 121.35422114299534 96.01394731253386 0
      vertex 121.35422114299534 96.01394731253386 3
      vertex 122.6778241844654 95.83969166576863 0
    endloop
  endfacet
  facet normal 0.13052619261869755 0.9914448613213277 0
    outer loop
      vertex 122.6778241844654 95.83969166576863 3
      vertex 122.6778241844654 95.83969166576863 0
      vertex 121.35422114299534 96.01394731253386 3
    endloop
  endfacet
  facet normal 0.1822355253413516 0.983254907591903 0
    outer loop
      vertex 120.04155188070534 96.25723617970944 0
      vertex 120.04155188070534 96.25723617970944 3
      vertex 121.35422114299534 96.01394731253386 0
    endloop
  endfacet
  facet normal 0.1822355253413516 0.983254907591903 0
    outer loop
      vertex 121.35422114299534 96.01394731253386 3
      vertex 121.35422114299534 96.01394731253386 0
      vertex 120.04155188070534 96.25723617970944 3
    endloop
  endfacet
  facet normal 0.2334453678856354 0.9723699194302241 0
    outer loop
      vertex 118.74341435002087 96.56889143288136 0
      vertex 118.74341435002087 96.56889143288136 3
      vertex 120.04155188070534 96.25723617970944 0
    endloop
  endfacet
  facet normal 0.2334453678856354 0.9723699194302241 0
    outer loop
      vertex 120.04155188070534 96.25723617970944 3
      vertex 120.04155188070534 96.25723617970944 0
      vertex 118.74341435002087 96.56889143288136 3
    endloop
  endfacet
  facet normal 0.2840153414087839 0.9588197358442575 0
    outer loop
      vertex 117.46336664276122 96.94805883318186 0
      vertex 117.46336664276122 96.94805883318186 3
      vertex 118.74341435002087 96.56889143288136 0
    endloop
  endfacet
  facet normal 0.2840153414087839 0.9588197358442575 0
    outer loop
      vertex 118.74341435002087 96.56889143288136 3
      vertex 118.74341435002087 96.56889143288136 0
      vertex 117.46336664276122 96.94805883318186 3
    endloop
  endfacet
  facet normal 0.33380685903974494 0.9426414911608865 0
    outer loop
      vertex 116.20491728948353 97.39369912147522 0
      vertex 116.20491728948353 97.39369912147522 3
      vertex 117.46336664276122 96.94805883318186 0
    endloop
  endfacet
  facet normal 0.33380685903974494 0.9426414911608865 0
    outer loop
      vertex 117.46336664276122 96.94805883318186 3
      vertex 117.46336664276122 96.94805883318186 0
      vertex 116.20491728948353 97.39369912147522 3
    endloop
  endfacet
  facet normal 0.3826834320938677 0.9238795326236307 0
    outer loop
      vertex 114.97151560353039 97.90459082722664 0
      vertex 114.97151560353039 97.90459082722664 3
      vertex 116.20491728948353 97.39369912147522 0
    endloop
  endfacet
  facet normal 0.3826834320938677 0.9238795326236307 0
    outer loop
      vertex 116.20491728948353 97.39369912147522 3
      vertex 116.20491728948353 97.39369912147522 0
      vertex 114.97151560353039 97.90459082722664 3
    endloop
  endfacet
  facet normal 0.4305110996362141 0.9025852830010125 0
    outer loop
      vertex 113.76654225604533 98.47933363616467 0
      vertex 113.76654225604533 98.47933363616467 3
      vertex 114.97151560353039 97.90459082722664 0
    endloop
  endfacet
  facet normal 0.4305110996362141 0.9025852830010125 0
    outer loop
      vertex 114.97151560353039 97.90459082722664 3
      vertex 114.97151560353039 97.90459082722664 0
      vertex 113.76654225604533 98.47933363616467 3
    endloop
  endfacet
  facet normal 0.4771587595869936 0.8788171130271654 0
    outer loop
      vertex 112.59329999999999 99.11635220497847 0
      vertex 112.59329999999999 99.11635220497847 3
      vertex 113.76654225604533 98.47933363616467 0
    endloop
  endfacet
  facet normal 0.4771587595869936 0.8788171130271654 0
    outer loop
      vertex 113.76654225604533 98.47933363616467 3
      vertex 113.76654225604533 98.47933363616467 0
      vertex 112.59329999999999 99.11635220497847 3
    endloop
  endfacet
  facet normal 0.5224985663373809 0.8526401633604774 0
    outer loop
      vertex 111.45500461028813 99.81390051990748 0
      vertex 111.45500461028813 99.81390051990748 3
      vertex 112.59329999999999 99.11635220497847 0
    endloop
  endfacet
  facet normal 0.5224985663373809 0.8526401633604774 0
    outer loop
      vertex 112.59329999999999 99.11635220497847 3
      vertex 112.59329999999999 99.11635220497847 0
      vertex 111.45500461028813 99.81390051990748 3
    endloop
  endfacet
  facet normal 0.5664062352916583 0.8241261897444654 0
    outer loop
      vertex 110.35477606968878 100.57006664276123 0
      vertex 110.35477606968878 100.57006664276123 3
      vertex 111.45500461028813 99.81390051990748 0
    endloop
  endfacet
  facet normal 0.5664062352916583 0.8241261897444654 0
    outer loop
      vertex 111.45500461028813 99.81390051990748 3
      vertex 111.45500461028813 99.81390051990748 0
      vertex 110.35477606968878 100.57006664276123 3
    endloop
  endfacet
  facet normal 0.6087614304652037 0.7933533391736364 0
    outer loop
      vertex 109.29563003050087 101.38277798593045 0
      vertex 109.29563003050087 101.38277798593045 3
      vertex 110.35477606968878 100.57006664276123 0
    endloop
  endfacet
  facet normal 0.6087614304652037 0.7933533391736364 0
    outer loop
      vertex 110.35477606968878 100.57006664276123 3
      vertex 110.35477606968878 100.57006664276123 0
      vertex 109.29563003050087 101.38277798593045 3
    endloop
  endfacet
  facet normal 0.649448046752416 0.7604059669475719 0
    outer loop
      vertex 108.28046953694819 102.2498069524765 0
      vertex 108.28046953694819 102.2498069524765 3
      vertex 109.29563003050087 101.38277798593045 0
    endloop
  endfacet
  facet normal 0.649448046752416 0.7604059669475719 0
    outer loop
      vertex 109.29563003050087 101.38277798593045 3
      vertex 109.29563003050087 101.38277798593045 0
      vertex 108.28046953694819 102.2498069524765 3
    endloop
  endfacet
  facet normal 0.6883545775779302 0.7253743692242712 0
    outer loop
      vertex 107.31207708286045 103.16877708286047 0
      vertex 107.31207708286045 103.16877708286047 3
      vertex 108.28046953694819 102.2498069524765 0
    endloop
  endfacet
  facet normal 0.6883545775779302 0.7253743692242712 0
    outer loop
      vertex 108.28046953694819 102.2498069524765 3
      vertex 108.28046953694819 102.2498069524765 0
      vertex 107.31207708286045 103.16877708286047 3
    endloop
  endfacet
  facet normal 0.7253743692242712 0.6883545775779302 0
    outer loop
      vertex 106.39310695247649 104.1371695369482 0
      vertex 106.39310695247649 104.1371695369482 3
      vertex 107.31207708286045 103.16877708286047 0
    endloop
  endfacet
  facet normal 0.7253743692242712 0.6883545775779302 0
    outer loop
      vertex 107.31207708286045 103.16877708286047 3
      vertex 107.31207708286045 103.16877708286047 0
      vertex 106.39310695247649 104.1371695369482 3
    endloop
  endfacet
  facet normal 0.7604059669475719 0.649448046752416 0
    outer loop
      vertex 105.52607798593043 105.15233003050089 0
      vertex 105.52607798593043 105.15233003050089 3
      vertex 106.39310695247649 104.1371695369482 0
    endloop
  endfacet
  facet normal 0.7604059669475719 0.649448046752416 0
    outer loop
      vertex 106.39310695247649 104.1371695369482 3
      vertex 106.39310695247649 104.1371695369482 0
      vertex 105.52607798593043 105.15233003050089 3
    endloop
  endfacet
  facet normal 0.7933533391736364 0.6087614304652037 0
    outer loop
      vertex 104.71336664276122 106.2114760696888 0
      vertex 104.71336664276122 106.2114760696888 3
      vertex 105.52607798593043 105.15233003050089 0
    endloop
  endfacet
  facet normal 0.7933533391736364 0.6087614304652037 0
    outer loop
      vertex 105.52607798593043 105.15233003050089 3
      vertex 105.52607798593043 105.15233003050089 0
      vertex 104.71336664276122 106.2114760696888 3
    endloop
  endfacet
  facet normal 0.8241261897444654 0.5664062352916583 0
    outer loop
      vertex 103.95720051990746 107.31170461028815 0
      vertex 103.95720051990746 107.31170461028815 3
      vertex 104.71336664276122 106.2114760696888 0
    endloop
  endfacet
  facet normal 0.8241261897444654 0.5664062352916583 0
    outer loop
      vertex 104.71336664276122 106.2114760696888 3
      vertex 104.71336664276122 106.2114760696888 0
      vertex 103.95720051990746 107.31170461028815 3
    endloop
  endfacet
  facet normal 0.8526401633604774 0.5224985663373809 0
    outer loop
      vertex 103.25965220497845 108.45 0
      vertex 103.25965220497845 108.45 3
      vertex 103.95720051990746 107.31170461028815 0
    endloop
  endfacet
  facet normal 0.8526401633604774 0.5224985663373809 0
    outer loop
      vertex 103.95720051990746 107.31170461028815 3
      vertex 103.95720051990746 107.31170461028815 0
      vertex 103.25965220497845 108.45 3
    endloop
  endfacet
  facet normal 0.8788171130271654 0.4771587595869936 0
    outer loop
      vertex 102.62263363616465 109.62324225604534 0
      vertex 102.62263363616465 109.62324225604534 3
      vertex 103.25965220497845 108.45 0
    endloop
  endfacet
  facet normal 0.8788171130271654 0.4771587595869936 0
    outer loop
      vertex 103.25965220497845 108.45 3
      vertex 103.25965220497845 108.45 0
      vertex 102.62263363616465 109.62324225604534 3
    endloop
  endfacet
  facet normal 0.9025852830010125 0.4305110996362141 0
    outer loop
      vertex 102.04789082722662 110.82821560353041 0
      vertex 102.04789082722662 110.82821560353041 3
      vertex 102.62263363616465 109.62324225604534 0
    endloop
  endfacet
  facet normal 0.9025852830010125 0.4305110996362141 0
    outer loop
      vertex 102.62263363616465 109.62324225604534 3
      vertex 102.62263363616465 109.62324225604534 0
      vertex 102.04789082722662 110.82821560353041 3
    endloop
  endfacet
  facet normal 0.9238795326236307 0.3826834320938677 0
    outer loop
      vertex 101.5369991214752 112.06161728948355 0
      vertex 101.5369991214752 112.06161728948355 3
      vertex 102.04789082722662 110.82821560353041 0
    endloop
  endfacet
  facet normal 0.9238795326236307 0.3826834320938677 0
    outer loop
      vertex 102.04789082722662 110.82821560353041 3
      vertex 102.04789082722662 110.82821560353041 0
      vertex 101.5369991214752 112.06161728948355 3
    endloop
  endfacet
  facet normal 0.9426414911608865 0.33380685903974494 0
    outer loop
      vertex 101.09135883318184 113.32006664276123 0
      vertex 101.09135883318184 113.32006664276123 3
      vertex 101.5369991214752 112.06161728948355 0
    endloop
  endfacet
  facet normal 0.9426414911608865 0.33380685903974494 0
    outer loop
      vertex 101.5369991214752 112.06161728948355 3
      vertex 101.5369991214752 112.06161728948355 0
      vertex 101.09135883318184 113.32006664276123 3
    endloop
  endfacet
  facet normal 0.9588197358442575 0.2840153414087839 0
    outer loop
      vertex 100.71219143288134 114.60011435002089 0
      vertex 100.71219143288134 114.60011435002089 3
      vertex 101.09135883318184 113.32006664276123 0
    endloop
  endfacet
  facet normal 0.9588197358442575 0.2840153414087839 0
    outer loop
      vertex 101.09135883318184 113.32006664276123 3
      vertex 101.09135883318184 113.32006664276123 0
      vertex 100.71219143288134 114.60011435002089 3
    endloop
  endfacet
  facet normal 0.9723699194302241 0.2334453678856354 0
    outer loop
      vertex 100.40053617970942 115.89825188070536 0
      vertex 100.40053617970942 115.89825188070536 3
      vertex 100.71219143288134 114.60011435002089 0
    endloop
  endfacet
  facet normal 0.9723699194302241 0.2334453678856354 0
    outer loop
      vertex 100.71219143288134 114.60011435002089 3
      vertex 100.71219143288134 114.60011435002089 0
      vertex 100.40053617970942 115.89825188070536 3
    endloop
  endfacet
  facet normal 0.983254907591903 0.1822355253413516 0
    outer loop
      vertex 100.15724731253384 117.21092114299536 0
      vertex 100.15724731253384 117.21092114299536 3
      vertex 100.40053617970942 115.89825188070536 0
    endloop
  endfacet
  facet normal 0.983254907591903 0.1822355253413516 0
    outer loop
      vertex 100.40053617970942 115.89825188070536 3
      vertex 100.40053617970942 115.89825188070536 0
      vertex 100.15724731253384 117.21092114299536 3
    endloop
  endfacet
  facet normal 0.9914448613213277 0.13052619261869755 0
    outer loop
      vertex 99.98299166576861 118.53452418446541 0
      vertex 99.98299166576861 118.53452418446541 3
      vertex 100.15724731253384 117.21092114299536 0
    endloop
  endfacet
  facet normal 0.9914448613213277 0.13052619261869755 0
    outer loop
      vertex 100.15724731253384 117.21092114299536 3
      vertex 100.15724731253384 117.21092114299536 0
      vertex 99.98299166576861 118.53452418446541 3
    endloop
  endfacet
  facet normal 0.9969173340333949 0.07845909191259202 0
    outer loop
      vertex 99.87824686633347 119.8654331162572 0
      vertex 99.87824686633347 119.8654331162572 3
      vertex 99.98299166576861 118.53452418446541 0
    endloop
  endfacet
  facet normal 0.9969173340333949 0.07845909191259202 0
    outer loop
      vertex 99.98299166576861 118.53452418446541 3
      vertex 99.98299166576861 118.53452418446541 0
      vertex 99.87824686633347 119.8654331162572 3
    endloop
  endfacet
  facet normal 0.9996573249248498 0.026176950244308644 0
    outer loop
      vertex 99.84329999999999 121.2 0
      vertex 99.84329999999999 121.2 3
      vertex 99.87824686633347 119.8654331162572 0
    endloop
  endfacet
  facet normal 0.9996573249248498 0.026176950244308644 0
    outer loop
      vertex 99.87824686633347 119.8654331162572 3
      vertex 99.87824686633347 119.8654331162572 0
      vertex 99.84329999999999 121.2 3
    endloop
  endfacet
  facet normal 0.9996573249248498 -0.026176950244308644 0
    outer loop
      vertex 99.87824686633347 122.53456688374281 0
      vertex 99.87824686633347 122.53456688374281 3
      vertex 99.84329999999999 121.2 0
    endloop
  endfacet
  facet normal 0.9996573249248498 -0.026176950244308644 0
    outer loop
      vertex 99.84329999999999 121.2 3
      vertex 99.84329999999999 121.2 0
      vertex 99.87824686633347 122.53456688374281 3
    endloop
  endfacet
  facet normal 0.9969173340333949 -0.07845909191259202 0
    outer loop
      vertex 99.98299166576861 123.8654758155346 0
      vertex 99.98299166576861 123.8654758155346 3
      vertex 99.87824686633347 122.53456688374281 0
    endloop
  endfacet
  facet normal 0.9969173340333949 -0.07845909191259202 0
    outer loop
      vertex 99.87824686633347 122.53456688374281 3
      vertex 99.87824686633347 122.53456688374281 0
      vertex 99.98299166576861 123.8654758155346 3
    endloop
  endfacet
  facet normal 0.9914448613213277 -0.13052619261869755 0
    outer loop
      vertex 100.15724731253384 125.18907885700465 0
      vertex 100.15724731253384 125.18907885700465 3
      vertex 99.98299166576861 123.8654758155346 0
    endloop
  endfacet
  facet normal 0.9914448613213277 -0.13052619261869755 0
    outer loop
      vertex 99.98299166576861 123.8654758155346 3
      vertex 99.98299166576861 123.8654758155346 0
      vertex 100.15724731253384 125.18907885700465 3
    endloop
  endfacet
  facet normal 0.983254907591903 -0.1822355253413516 0
    outer loop
      vertex 100.40053617970942 126.50174811929465 0
      vertex 100.40053617970942 126.50174811929465 3
      vertex 100.15724731253384 125.18907885700465 0
    endloop
  endfacet
  facet normal 0.983254907591903 -0.1822355253413516 0
    outer loop
      vertex 100.15724731253384 125.18907885700465 3
      vertex 100.15724731253384 125.18907885700465 0
      vertex 100.40053617970942 126.50174811929465 3
    endloop
  endfacet
  facet normal 0.9723699194302241 -0.2334453678856354 0
    outer loop
      vertex 100.71219143288134 127.79988564997912 0
      vertex 100.71219143288134 127.79988564997912 3
      vertex 100.40053617970942 126.50174811929465 0
    endloop
  endfacet
  facet normal 0.9723699194302241 -0.2334453678856354 0
    outer loop
      vertex 100.40053617970942 126.50174811929465 3
      vertex 100.40053617970942 126.50174811929465 0
      vertex 100.71219143288134 127.79988564997912 3
    endloop
  endfacet
  facet normal 0.9588197358442566 -0.28401534140878676 0
    outer loop
      vertex 101.09135883318184 129.07993335723876 0
      vertex 101.09135883318184 129.07993335723876 3
      vertex 100.71219143288134 127.79988564997912 0
    endloop
  endfacet
  facet normal 0.9588197358442566 -0.28401534140878676 0
    outer loop
      vertex 100.71219143288134 127.79988564997912 3
      vertex 100.71219143288134 127.79988564997912 0
      vertex 101.09135883318184 129.07993335723876 3
    endloop
  endfacet
  facet normal 0.9426414911608865 -0.33380685903974494 0
    outer loop
      vertex 101.5369991214752 130.33838271051644 0
      vertex 101.5369991214752 130.33838271051644 3
      vertex 101.09135883318184 129.07993335723876 0
    endloop
  endfacet
  facet normal 0.9426414911608865 -0.33380685903974494 0
    outer loop
      vertex 101.09135883318184 129.07993335723876 3
      vertex 101.09135883318184 129.07993335723876 0
      vertex 101.5369991214752 130.33838271051644 3
    endloop
  endfacet
  facet normal 0.9238795326236307 -0.3826834320938677 0
    outer loop
      vertex 102.04789082722662 131.57178439646958 0
      vertex 102.04789082722662 131.57178439646958 3
      vertex 101.5369991214752 130.33838271051644 0
    endloop
  endfacet
  facet normal 0.9238795326236307 -0.3826834320938677 0
    outer loop
      vertex 101.5369991214752 130.33838271051644 3
      vertex 101.5369991214752 130.33838271051644 0
      vertex 102.04789082722662 131.57178439646958 3
    endloop
  endfacet
  facet normal 0.9025852830010125 -0.4305110996362141 0
    outer loop
      vertex 102.62263363616465 132.77675774395465 0
      vertex 102.62263363616465 132.77675774395465 3
      vertex 102.04789082722662 131.57178439646958 0
    endloop
  endfacet
  facet normal 0.9025852830010125 -0.4305110996362141 0
    outer loop
      vertex 102.04789082722662 131.57178439646958 3
      vertex 102.04789082722662 131.57178439646958 0
      vertex 102.62263363616465 132.77675774395465 3
    endloop
  endfacet
  facet normal 0.8788171130271654 -0.4771587595869936 0
    outer loop
      vertex 103.25965220497845 133.95 0
      vertex 103.25965220497845 133.95 3
      vertex 102.62263363616465 132.77675774395465 0
    endloop
  endfacet
  facet normal 0.8788171130271654 -0.4771587595869936 0
    outer loop
      vertex 102.62263363616465 132.77675774395465 3
      vertex 102.62263363616465 132.77675774395465 0
      vertex 103.25965220497845 133.95 3
    endloop
  endfacet
  facet normal 0.8526401633604774 -0.5224985663373809 0
    outer loop
      vertex 103.95720051990746 135.08829538971185 0
      vertex 103.95720051990746 135.08829538971185 3
      vertex 103.25965220497845 133.95 0
    endloop
  endfacet
  facet normal 0.8526401633604774 -0.5224985663373809 0
    outer loop
      vertex 103.25965220497845 133.95 3
      vertex 103.25965220497845 133.95 0
      vertex 103.95720051990746 135.08829538971185 3
    endloop
  endfacet
  facet normal 0.8241261897444654 -0.5664062352916583 0
    outer loop
      vertex 104.71336664276122 136.1885239303112 0
      vertex 104.71336664276122 136.1885239303112 3
      vertex 103.95720051990746 135.08829538971185 0
    endloop
  endfacet
  facet normal 0.8241261897444654 -0.5664062352916583 0
    outer loop
      vertex 103.95720051990746 135.08829538971185 3
      vertex 103.95720051990746 135.08829538971185 0
      vertex 104.71336664276122 136.1885239303112 3
    endloop
  endfacet
  facet normal 0.7933533391736364 -0.6087614304652037 0
    outer loop
      vertex 105.52607798593043 137.2476699694991 0
      vertex 105.52607798593043 137.2476699694991 3
      vertex 104.71336664276122 136.1885239303112 0
    endloop
  endfacet
  facet normal 0.7933533391736364 -0.6087614304652037 0
    outer loop
      vertex 104.71336664276122 136.1885239303112 3
      vertex 104.71336664276122 136.1885239303112 0
      vertex 105.52607798593043 137.2476699694991 3
    endloop
  endfacet
  facet normal 0.7604059669475719 -0.649448046752416 0
    outer loop
      vertex 106.39310695247649 138.26283046305178 0
      vertex 106.39310695247649 138.26283046305178 3
      vertex 105.52607798593043 137.2476699694991 0
    endloop
  endfacet
  facet normal 0.7604059669475719 -0.649448046752416 0
    outer loop
      vertex 105.52607798593043 137.2476699694991 3
      vertex 105.52607798593043 137.2476699694991 0
      vertex 106.39310695247649 138.26283046305178 3
    endloop
  endfacet
  facet normal 0.7253743692242712 -0.6883545775779302 0
    outer loop
      vertex 107.31207708286045 139.23122291713952 0
      vertex 107.31207708286045 139.23122291713952 3
      vertex 106.39310695247649 138.26283046305178 0
    endloop
  endfacet
  facet normal 0.7253743692242712 -0.6883545775779302 0
    outer loop
      vertex 106.39310695247649 138.26283046305178 3
      vertex 106.39310695247649 138.26283046305178 0
      vertex 107.31207708286045 139.23122291713952 3
    endloop
  endfacet
  facet normal 0.6883545775779302 -0.7253743692242712 0
    outer loop
      vertex 108.28046953694819 140.1501930475235 0
      vertex 108.28046953694819 140.1501930475235 3
      vertex 107.31207708286045 139.23122291713952 0
    endloop
  endfacet
  facet normal 0.6883545775779302 -0.7253743692242712 0
    outer loop
      vertex 107.31207708286045 139.23122291713952 3
      vertex 107.31207708286045 139.23122291713952 0
      vertex 108.28046953694819 140.1501930475235 3
    endloop
  endfacet
  facet normal 0.649448046752416 -0.7604059669475719 0
    outer loop
      vertex 109.29563003050087 141.01722201406955 0
      vertex 109.29563003050087 141.01722201406955 3
      vertex 108.28046953694819 140.1501930475235 0
    endloop
  endfacet
  facet normal 0.649448046752416 -0.7604059669475719 0
    outer loop
      vertex 108.28046953694819 140.1501930475235 3
      vertex 108.28046953694819 140.1501930475235 0
      vertex 109.29563003050087 141.01722201406955 3
    endloop
  endfacet
  facet normal 0.6087614304652037 -0.7933533391736364 0
    outer loop
      vertex 110.35477606968878 141.82993335723876 0
      vertex 110.35477606968878 141.82993335723876 3
      vertex 109.29563003050087 141.01722201406955 0
    endloop
  endfacet
  facet normal 0.6087614304652037 -0.7933533391736364 0
    outer loop
      vertex 109.29563003050087 141.01722201406955 3
      vertex 109.29563003050087 141.01722201406955 0
      vertex 110.35477606968878 141.82993335723876 3
    endloop
  endfacet
  facet normal 0.5664062352916583 -0.8241261897444654 0
    outer loop
      vertex 111.45500461028813 142.5860994800925 0
      vertex 111.45500461028813 142.5860994800925 3
      vertex 110.35477606968878 141.82993335723876 0
    endloop
  endfacet
  facet normal 0.5664062352916583 -0.8241261897444654 0
    outer loop
      vertex 110.35477606968878 141.82993335723876 3
      vertex 110.35477606968878 141.82993335723876 0
      vertex 111.45500461028813 142.5860994800925 3
    endloop
  endfacet
  facet normal 0.5224985663373809 -0.8526401633604774 0
    outer loop
      vertex 112.59329999999999 143.28364779502152 0
      vertex 112.59329999999999 143.28364779502152 3
      vertex 111.45500461028813 142.5860994800925 0
    endloop
  endfacet
  facet normal 0.5224985663373809 -0.8526401633604774 0
    outer loop
      vertex 111.45500461028813 142.5860994800925 3
      vertex 111.45500461028813 142.5860994800925 0
      vertex 112.59329999999999 143.28364779502152 3
    endloop
  endfacet
  facet normal 0.4771587595869936 -0.8788171130271654 0
    outer loop
      vertex 113.76654225604533 143.92066636383532 0
      vertex 113.76654225604533 143.92066636383532 3
      vertex 112.59329999999999 143.28364779502152 0
    endloop
  endfacet
  facet normal 0.4771587595869936 -0.8788171130271654 0
    outer loop
      vertex 112.59329999999999 143.28364779502152 3
      vertex 112.59329999999999 143.28364779502152 0
      vertex 113.76654225604533 143.92066636383532 3
    endloop
  endfacet
  facet normal 0.4305110996362141 -0.9025852830010125 0
    outer loop
      vertex 114.97151560353039 144.49540917277335 0
      vertex 114.97151560353039 144.49540917277335 3
      vertex 113.76654225604533 143.92066636383532 0
    endloop
  endfacet
  facet normal 0.4305110996362141 -0.9025852830010125 0
    outer loop
      vertex 113.76654225604533 143.92066636383532 3
      vertex 113.76654225604533 143.92066636383532 0
      vertex 114.97151560353039 144.49540917277335 3
    endloop
  endfacet
  facet normal 0.3826834320938677 -0.9238795326236307 0
    outer loop
      vertex 116.20491728948353 145.00630087852477 0
      vertex 116.20491728948353 145.00630087852477 3
      vertex 114.97151560353039 144.49540917277335 0
    endloop
  endfacet
  facet normal 0.3826834320938677 -0.9238795326236307 0
    outer loop
      vertex 114.97151560353039 144.49540917277335 3
      vertex 114.97151560353039 144.49540917277335 0
      vertex 116.20491728948353 145.00630087852477 3
    endloop
  endfacet
  facet normal 0.33380685903974494 -0.9426414911608865 0
    outer loop
      vertex 117.46336664276122 145.45194116681813 0
      vertex 117.46336664276122 145.45194116681813 3
      vertex 116.20491728948353 145.00630087852477 0
    endloop
  endfacet
  facet normal 0.33380685903974494 -0.9426414911608865 0
    outer loop
      vertex 116.20491728948353 145.00630087852477 3
      vertex 116.20491728948353 145.00630087852477 0
      vertex 117.46336664276122 145.45194116681813 3
    endloop
  endfacet
  facet normal 0.2840153414087839 -0.9588197358442575 0
    outer loop
      vertex 118.74341435002087 145.83110856711863 0
      vertex 118.74341435002087 145.83110856711863 3
      vertex 117.46336664276122 145.45194116681813 0
    endloop
  endfacet
  facet normal 0.2840153414087839 -0.9588197358442575 0
    outer loop
      vertex 117.46336664276122 145.45194116681813 3
      vertex 117.46336664276122 145.45194116681813 0
      vertex 118.74341435002087 145.83110856711863 3
    endloop
  endfacet
  facet normal 0.2334453678856354 -0.9723699194302241 0
    outer loop
      vertex 120.04155188070534 146.14276382029055 0
      vertex 120.04155188070534 146.14276382029055 3
      vertex 118.74341435002087 145.83110856711863 0
    endloop
  endfacet
  facet normal 0.2334453678856354 -0.9723699194302241 0
    outer loop
      vertex 118.74341435002087 145.83110856711863 3
      vertex 118.74341435002087 145.83110856711863 0
      vertex 120.04155188070534 146.14276382029055 3
    endloop
  endfacet
  facet normal 0.1822355253413516 -0.983254907591903 0
    outer loop
      vertex 121.35422114299534 146.38605268746613 0
      vertex 121.35422114299534 146.38605268746613 3
      vertex 120.04155188070534 146.14276382029055 0
    endloop
  endfacet
  facet normal 0.1822355253413516 -0.983254907591903 0
    outer loop
      vertex 120.04155188070534 146.14276382029055 3
      vertex 120.04155188070534 146.14276382029055 0
      vertex 121.35422114299534 146.38605268746613 3
    endloop
  endfacet
  facet normal 0.13052619261869755 -0.9914448613213277 0
    outer loop
      vertex 122.6778241844654 146.56030833423137 0
      vertex 122.6778241844654 146.56030833423137 3
      vertex 121.35422114299534 146.38605268746613 0
    endloop
  endfacet
  facet normal 0.13052619261869755 -0.9914448613213277 0
    outer loop
      vertex 121.35422114299534 146.38605268746613 3
      vertex 121.35422114299534 146.38605268746613 0
      vertex 122.6778241844654 146.56030833423137 3
    endloop
  endfacet
  facet normal 0.07845909191259202 -0.9969173340333949 0
    outer loop
      vertex 124.00873311625718 146.6650531336665 0
      vertex 124.00873311625718 146.6650531336665 3
      vertex 122.6778241844654 146.56030833423137 0
    endloop
  endfacet
  facet normal 0.07845909191259202 -0.9969173340333949 0
    outer loop
      vertex 122.6778241844654 146.56030833423137 3
      vertex 122.6778241844654 146.56030833423137 0
      vertex 124.00873311625718 146.6650531336665 3
    endloop
  endfacet
  facet normal 0.026176950244308644 -0.9996573249248498 0
    outer loop
      vertex 125.34329999999999 146.7 0
      vertex 125.34329999999999 146.7 3
      vertex 124.00873311625718 146.6650531336665 0
    endloop
  endfacet
  facet normal 0.026176950244308644 -0.9996573249248498 0
    outer loop
      vertex 124.00873311625718 146.6650531336665 3
      vertex 124.00873311625718 146.6650531336665 0
      vertex 125.34329999999999 146.7 3
    endloop
  endfacet
  facet normal -0.026176950244308644 -0.9996573249248498 0
    outer loop
      vertex 126.6778668837428 146.6650531336665 0
      vertex 126.6778668837428 146.6650531336665 3
      vertex 125.34329999999999 146.7 0
    endloop
  endfacet
  facet normal -0.026176950244308644 -0.9996573249248498 0
    outer loop
      vertex 125.34329999999999 146.7 3
      vertex 125.34329999999999 146.7 0
      vertex 126.6778668837428 146.6650531336665 3
    endloop
  endfacet
  facet normal -0.07845909191259119 -0.9969173340333949 0
    outer loop
      vertex 128.0087758155346 146.56030833423137 0
      vertex 128.0087758155346 146.56030833423137 3
      vertex 126.6778668837428 146.6650531336665 0
    endloop
  endfacet
  facet normal -0.07845909191259119 -0.9969173340333949 0
    outer loop
      vertex 126.6778668837428 146.6650531336665 3
      vertex 126.6778668837428 146.6650531336665 0
      vertex 128.0087758155346 146.56030833423137 3
    endloop
  endfacet
  facet normal -0.13052619261869755 -0.9914448613213277 0
    outer loop
      vertex 129.33237885700464 146.38605268746613 0
      vertex 129.33237885700464 146.38605268746613 3
      vertex 128.0087758155346 146.56030833423137 0
    endloop
  endfacet
  facet normal -0.13052619261869755 -0.9914448613213277 0
    outer loop
      vertex 128.0087758155346 146.56030833423137 3
      vertex 128.0087758155346 146.56030833423137 0
      vertex 129.33237885700464 146.38605268746613 3
    endloop
  endfacet
  facet normal -0.1822355253413516 -0.983254907591903 0
    outer loop
      vertex 130.64504811929464 146.14276382029055 0
      vertex 130.64504811929464 146.14276382029055 3
      vertex 129.33237885700464 146.38605268746613 0
    endloop
  endfacet
  facet normal -0.1822355253413516 -0.983254907591903 0
    outer loop
      vertex 129.33237885700464 146.38605268746613 3
      vertex 129.33237885700464 146.38605268746613 0
      vertex 130.64504811929464 146.14276382029055 3
    endloop
  endfacet
  facet normal -0.2334453678856354 -0.9723699194302241 0
    outer loop
      vertex 131.9431856499791 145.83110856711863 0
      vertex 131.9431856499791 145.83110856711863 3
      vertex 130.64504811929464 146.14276382029055 0
    endloop
  endfacet
  facet normal -0.2334453678856354 -0.9723699194302241 0
    outer loop
      vertex 130.64504811929464 146.14276382029055 3
      vertex 130.64504811929464 146.14276382029055 0
      vertex 131.9431856499791 145.83110856711863 3
    endloop
  endfacet
  facet normal -0.2840153414087839 -0.9588197358442575 0
    outer loop
      vertex 133.22323335723877 145.45194116681813 0
      vertex 133.22323335723877 145.45194116681813 3
      vertex 131.9431856499791 145.83110856711863 0
    endloop
  endfacet
  facet normal -0.2840153414087839 -0.9588197358442575 0
    outer loop
      vertex 131.9431856499791 145.83110856711863 3
      vertex 131.9431856499791 145.83110856711863 0
      vertex 133.22323335723877 145.45194116681813 3
    endloop
  endfacet
  facet normal -0.33380685903974494 -0.9426414911608865 0
    outer loop
      vertex 134.48168271051645 145.00630087852477 0
      vertex 134.48168271051645 145.00630087852477 3
      vertex 133.22323335723877 145.45194116681813 0
    endloop
  endfacet
  facet normal -0.33380685903974494 -0.9426414911608865 0
    outer loop
      vertex 133.22323335723877 145.45194116681813 3
      vertex 133.22323335723877 145.45194116681813 0
      vertex 134.48168271051645 145.00630087852477 3
    endloop
  endfacet
  facet normal -0.3826834320938677 -0.9238795326236307 0
    outer loop
      vertex 135.7150843964696 144.49540917277335 0
      vertex 135.7150843964696 144.49540917277335 3
      vertex 134.48168271051645 145.00630087852477 0
    endloop
  endfacet
  facet normal -0.3826834320938677 -0.9238795326236307 0
    outer loop
      vertex 134.48168271051645 145.00630087852477 3
      vertex 134.48168271051645 145.00630087852477 0
      vertex 135.7150843964696 144.49540917277335 3
    endloop
  endfacet
  facet normal -0.4305110996362141 -0.9025852830010125 0
    outer loop
      vertex 136.92005774395466 143.92066636383532 0
      vertex 136.92005774395466 143.92066636383532 3
      vertex 135.7150843964696 144.49540917277335 0
    endloop
  endfacet
  facet normal -0.4305110996362141 -0.9025852830010125 0
    outer loop
      vertex 135.7150843964696 144.49540917277335 3
      vertex 135.7150843964696 144.49540917277335 0
      vertex 136.92005774395466 143.92066636383532 3
    endloop
  endfacet
  facet normal -0.4771587595869936 -0.8788171130271654 0
    outer loop
      vertex 138.0933 143.28364779502152 0
      vertex 138.0933 143.28364779502152 3
      vertex 136.92005774395466 143.92066636383532 0
    endloop
  endfacet
  facet normal -0.4771587595869936 -0.8788171130271654 0
    outer loop
      vertex 136.92005774395466 143.92066636383532 3
      vertex 136.92005774395466 143.92066636383532 0
      vertex 138.0933 143.28364779502152 3
    endloop
  endfacet
  facet normal -0.5224985663373809 -0.8526401633604774 0
    outer loop
      vertex 139.23159538971186 142.5860994800925 0
      vertex 139.23159538971186 142.5860994800925 3
      vertex 138.0933 143.28364779502152 0
    endloop
  endfacet
  facet normal -0.5224985663373809 -0.8526401633604774 0
    outer loop
      vertex 138.0933 143.28364779502152 3
      vertex 138.0933 143.28364779502152 0
      vertex 139.23159538971186 142.5860994800925 3
    endloop
  endfacet
  facet normal -0.5664062352916583 -0.8241261897444654 0
    outer loop
      vertex 140.3318239303112 141.82993335723876 0
      vertex 140.3318239303112 141.82993335723876 3
      vertex 139.23159538971186 142.5860994800925 0
    endloop
  endfacet
  facet normal -0.5664062352916583 -0.8241261897444654 0
    outer loop
      vertex 139.23159538971186 142.5860994800925 3
      vertex 139.23159538971186 142.5860994800925 0
      vertex 140.3318239303112 141.82993335723876 3
    endloop
  endfacet
  facet normal -0.6087614304652037 -0.7933533391736364 0
    outer loop
      vertex 141.3909699694991 141.01722201406955 0
      vertex 141.3909699694991 141.01722201406955 3
      vertex 140.3318239303112 141.82993335723876 0
    endloop
  endfacet
  facet normal -0.6087614304652037 -0.7933533391736364 0
    outer loop
      vertex 140.3318239303112 141.82993335723876 3
      vertex 140.3318239303112 141.82993335723876 0
      vertex 141.3909699694991 141.01722201406955 3
    endloop
  endfacet
  facet normal -0.649448046752416 -0.7604059669475719 0
    outer loop
      vertex 142.4061304630518 140.1501930475235 0
      vertex 142.4061304630518 140.1501930475235 3
      vertex 141.3909699694991 141.01722201406955 0
    endloop
  endfacet
  facet normal -0.649448046752416 -0.7604059669475719 0
    outer loop
      vertex 141.3909699694991 141.01722201406955 3
      vertex 141.3909699694991 141.01722201406955 0
      vertex 142.4061304630518 140.1501930475235 3
    endloop
  endfacet
  facet normal -0.6883545775779302 -0.7253743692242712 0
    outer loop
      vertex 143.37452291713953 139.23122291713952 0
      vertex 143.37452291713953 139.23122291713952 3
      vertex 142.4061304630518 140.1501930475235 0
    endloop
  endfacet
  facet normal -0.6883545775779302 -0.7253743692242712 0
    outer loop
      vertex 142.4061304630518 140.1501930475235 3
      vertex 142.4061304630518 140.1501930475235 0
      vertex 143.37452291713953 139.23122291713952 3
    endloop
  endfacet
  facet normal -0.7253743692242712 -0.6883545775779302 0
    outer loop
      vertex 144.2934930475235 138.26283046305178 0
      vertex 144.2934930475235 138.26283046305178 3
      vertex 143.37452291713953 139.23122291713952 0
    endloop
  endfacet
  facet normal -0.7253743692242712 -0.6883545775779302 0
    outer loop
      vertex 143.37452291713953 139.23122291713952 3
      vertex 143.37452291713953 139.23122291713952 0
      vertex 144.2934930475235 138.26283046305178 3
    endloop
  endfacet
  facet normal -0.7604059669475719 -0.649448046752416 0
    outer loop
      vertex 145.16052201406956 137.2476699694991 0
      vertex 145.16052201406956 137.2476699694991 3
      vertex 144.2934930475235 138.26283046305178 0
    endloop
  endfacet
  facet normal -0.7604059669475719 -0.649448046752416 0
    outer loop
      vertex 144.2934930475235 138.26283046305178 3
      vertex 144.2934930475235 138.26283046305178 0
      vertex 145.16052201406956 137.2476699694991 3
    endloop
  endfacet
  facet normal -0.7933533391736364 -0.6087614304652037 0
    outer loop
      vertex 145.97323335723877 136.1885239303112 0
      vertex 145.97323335723877 136.1885239303112 3
      vertex 145.16052201406956 137.2476699694991 0
    endloop
  endfacet
  facet normal -0.7933533391736364 -0.6087614304652037 0
    outer loop
      vertex 145.16052201406956 137.2476699694991 3
      vertex 145.16052201406956 137.2476699694991 0
      vertex 145.97323335723877 136.1885239303112 3
    endloop
  endfacet
  facet normal -0.8241261897444654 -0.5664062352916583 0
    outer loop
      vertex 146.72939948009252 135.08829538971185 0
      vertex 146.72939948009252 135.08829538971185 3
      vertex 145.97323335723877 136.1885239303112 0
    endloop
  endfacet
  facet normal -0.8241261897444654 -0.5664062352916583 0
    outer loop
      vertex 145.97323335723877 136.1885239303112 3
      vertex 145.97323335723877 136.1885239303112 0
      vertex 146.72939948009252 135.08829538971185 3
    endloop
  endfacet
  facet normal -0.8526401633604774 -0.5224985663373809 0
    outer loop
      vertex 147.42694779502153 133.95 0
      vertex 147.42694779502153 133.95 3
      vertex 146.72939948009252 135.08829538971185 0
    endloop
  endfacet
  facet normal -0.8526401633604774 -0.5224985663373809 0
    outer loop
      vertex 146.72939948009252 135.08829538971185 3
      vertex 146.72939948009252 135.08829538971185 0
      vertex 147.42694779502153 133.95 3
    endloop
  endfacet
  facet normal -0.8788171130271654 -0.4771587595869936 0
    outer loop
      vertex 148.06396636383533 132.77675774395465 0
      vertex 148.06396636383533 132.77675774395465 3
      vertex 147.42694779502153 133.95 0
    endloop
  endfacet
  facet normal -0.8788171130271654 -0.4771587595869936 0
    outer loop
      vertex 147.42694779502153 133.95 3
      vertex 147.42694779502153 133.95 0
      vertex 148.06396636383533 132.77675774395465 3
    endloop
  endfacet
  facet normal -0.9025852830010125 -0.4305110996362141 0
    outer loop
      vertex 148.63870917277336 131.57178439646958 0
      vertex 148.63870917277336 131.57178439646958 3
      vertex 148.06396636383533 132.77675774395465 0
    endloop
  endfacet
  facet normal -0.9025852830010125 -0.4305110996362141 0
    outer loop
      vertex 148.06396636383533 132.77675774395465 3
      vertex 148.06396636383533 132.77675774395465 0
      vertex 148.63870917277336 131.57178439646958 3
    endloop
  endfacet
  facet normal -0.9238795326236307 -0.3826834320938677 0
    outer loop
      vertex 149.14960087852478 130.33838271051644 0
      vertex 149.14960087852478 130.33838271051644 3
      vertex 148.63870917277336 131.57178439646958 0
    endloop
  endfacet
  facet normal -0.9238795326236307 -0.3826834320938677 0
    outer loop
      vertex 148.63870917277336 131.57178439646958 3
      vertex 148.63870917277336 131.57178439646958 0
      vertex 149.14960087852478 130.33838271051644 3
    endloop
  endfacet
  facet normal -0.9426414911608865 -0.33380685903974494 0
    outer loop
      vertex 149.59524116681814 129.07993335723876 0
      vertex 149.59524116681814 129.07993335723876 3
      vertex 149.14960087852478 130.33838271051644 0
    endloop
  endfacet
  facet normal -0.9426414911608865 -0.33380685903974494 0
    outer loop
      vertex 149.14960087852478 130.33838271051644 3
      vertex 149.14960087852478 130.33838271051644 0
      vertex 149.59524116681814 129.07993335723876 3
    endloop
  endfacet
  facet normal -0.9588197358442566 -0.28401534140878676 0
    outer loop
      vertex 149.97440856711864 127.79988564997912 0
      vertex 149.97440856711864 127.79988564997912 3
      vertex 149.59524116681814 129.07993335723876 0
    endloop
  endfacet
  facet normal -0.9588197358442566 -0.28401534140878676 0
    outer loop
      vertex 149.59524116681814 129.07993335723876 3
      vertex 149.59524116681814 129.07993335723876 0
      vertex 149.97440856711864 127.79988564997912 3
    endloop
  endfacet
  facet normal -0.9723699194302241 -0.2334453678856354 0
    outer loop
      vertex 150.28606382029056 126.50174811929465 0
      vertex 150.28606382029056 126.50174811929465 3
      vertex 149.97440856711864 127.79988564997912 0
    endloop
  endfacet
  facet normal -0.9723699194302241 -0.2334453678856354 0
    outer loop
      vertex 149.97440856711864 127.79988564997912 3
      vertex 149.97440856711864 127.79988564997912 0
      vertex 150.28606382029056 126.50174811929465 3
    endloop
  endfacet
  facet normal -0.983254907591903 -0.1822355253413516 0
    outer loop
      vertex 150.52935268746614 125.18907885700465 0
      vertex 150.52935268746614 125.18907885700465 3
      vertex 150.28606382029056 126.50174811929465 0
    endloop
  endfacet
  facet normal -0.983254907591903 -0.1822355253413516 0
    outer loop
      vertex 150.28606382029056 126.50174811929465 3
      vertex 150.28606382029056 126.50174811929465 0
      vertex 150.52935268746614 125.18907885700465 3
    endloop
  endfacet
  facet normal -0.9914448613213277 -0.13052619261869755 0
    outer loop
      vertex 150.70360833423138 123.8654758155346 0
      vertex 150.70360833423138 123.8654758155346 3
      vertex 150.52935268746614 125.18907885700465 0
    endloop
  endfacet
  facet normal -0.9914448613213277 -0.13052619261869755 0
    outer loop
      vertex 150.52935268746614 125.18907885700465 3
      vertex 150.52935268746614 125.18907885700465 0
      vertex 150.70360833423138 123.8654758155346 3
    endloop
  endfacet
  facet normal -0.9969173340333949 -0.07845909191259202 0
    outer loop
      vertex 150.80835313366651 122.53456688374281 0
      vertex 150.80835313366651 122.53456688374281 3
      vertex 150.70360833423138 123.8654758155346 0
    endloop
  endfacet
  facet normal -0.9969173340333949 -0.07845909191259202 0
    outer loop
      vertex 150.70360833423138 123.8654758155346 3
      vertex 150.70360833423138 123.8654758155346 0
      vertex 150.80835313366651 122.53456688374281 3
    endloop
  endfacet
  facet normal -0.9996573249248498 -0.026176950244308644 0
    outer loop
      vertex 150.8433 121.2 0
      vertex 150.8433 121.2 3
      vertex 150.80835313366651 122.53456688374281 0
    endloop
  endfacet
  facet normal -0.9996573249248498 -0.026176950244308644 0
    outer loop
      vertex 150.80835313366651 122.53456688374281 3
      vertex 150.80835313366651 122.53456688374281 0
      vertex 150.8433 121.2 3
    endloop
  endfacet
  facet normal -0.9996573249248498 0.026176950244308644 0
    outer loop
      vertex 150.80835313366651 119.8654331162572 0
      vertex 150.80835313366651 119.8654331162572 3
      vertex 150.8433 121.2 0
    endloop
  endfacet
  facet normal -0.9996573249248498 0.026176950244308644 0
    outer loop
      vertex 150.8433 121.2 3
      vertex 150.8433 121.2 0
      vertex 150.80835313366651 119.8654331162572 3
    endloop
  endfacet
  facet normal -0.9969173340333949 0.07845909191259202 0
    outer loop
      vertex 150.70360833423138 118.53452418446541 0
      vertex 150.70360833423138 118.53452418446541 3
      vertex 150.80835313366651 119.8654331162572 0
    endloop
  endfacet
  facet normal -0.9969173340333949 0.07845909191259202 0
    outer loop
      vertex 150.80835313366651 119.8654331162572 3
      vertex 150.80835313366651 119.8654331162572 0
      vertex 150.70360833423138 118.53452418446541 3
    endloop
  endfacet
  facet normal -0.9914448613213277 0.13052619261869755 0
    outer loop
      vertex 150.52935268746614 117.21092114299536 0
      vertex 150.52935268746614 117.21092114299536 3
      vertex 150.70360833423138 118.53452418446541 0
    endloop
  endfacet
  facet normal -0.9914448613213277 0.13052619261869755 0
    outer loop
      vertex 150.70360833423138 118.53452418446541 3
      vertex 150.70360833423138 118.53452418446541 0
      vertex 150.52935268746614 117.21092114299536 3
    endloop
  endfacet
  facet normal -0.983254907591903 0.1822355253413516 0
    outer loop
      vertex 150.28606382029056 115.89825188070536 0
      vertex 150.28606382029056 115.89825188070536 3
      vertex 150.52935268746614 117.21092114299536 0
    endloop
  endfacet
  facet normal -0.983254907591903 0.1822355253413516 0
    outer loop
      vertex 150.52935268746614 117.21092114299536 3
      vertex 150.52935268746614 117.21092114299536 0
      vertex 150.28606382029056 115.89825188070536 3
    endloop
  endfacet
  facet normal -0.9723699194302241 0.2334453678856354 0
    outer loop
      vertex 149.97440856711864 114.60011435002089 0
      vertex 149.97440856711864 114.60011435002089 3
      vertex 150.28606382029056 115.89825188070536 0
    endloop
  endfacet
  facet normal -0.9723699194302241 0.2334453678856354 0
    outer loop
      vertex 150.28606382029056 115.89825188070536 3
      vertex 150.28606382029056 115.89825188070536 0
      vertex 149.97440856711864 114.60011435002089 3
    endloop
  endfacet
  facet normal -0.9588197358442575 0.2840153414087839 0
    outer loop
      vertex 149.59524116681814 113.32006664276123 0
      vertex 149.59524116681814 113.32006664276123 3
      vertex 149.97440856711864 114.60011435002089 0
    endloop
  endfacet
  facet normal -0.9588197358442575 0.2840153414087839 0
    outer loop
      vertex 149.97440856711864 114.60011435002089 3
      vertex 149.97440856711864 114.60011435002089 0
      vertex 149.59524116681814 113.32006664276123 3
    endloop
  endfacet
  facet normal -0.9426414911608865 0.33380685903974494 0
    outer loop
      vertex 149.14960087852478 112.06161728948355 0
      vertex 149.14960087852478 112.06161728948355 3
      vertex 149.59524116681814 113.32006664276123 0
    endloop
  endfacet
  facet normal -0.9426414911608865 0.33380685903974494 0
    outer loop
      vertex 149.59524116681814 113.32006664276123 3
      vertex 149.59524116681814 113.32006664276123 0
      vertex 149.14960087852478 112.06161728948355 3
    endloop
  endfacet
  facet normal -0.9238795326236307 0.3826834320938677 0
    outer loop
      vertex 148.63870917277336 110.82821560353041 0
      vertex 148.63870917277336 110.82821560353041 3
      vertex 149.14960087852478 112.06161728948355 0
    endloop
  endfacet
  facet normal -0.9238795326236307 0.3826834320938677 0
    outer loop
      vertex 149.14960087852478 112.06161728948355 3
      vertex 149.14960087852478 112.06161728948355 0
      vertex 148.63870917277336 110.82821560353041 3
    endloop
  endfacet
  facet normal -0.9025852830010125 0.4305110996362141 0
    outer loop
      vertex 148.06396636383533 109.62324225604534 0
      vertex 148.06396636383533 109.62324225604534 3
      vertex 148.63870917277336 110.82821560353041 0
    endloop
  endfacet
  facet normal -0.9025852830010125 0.4305110996362141 0
    outer loop
      vertex 148.63870917277336 110.82821560353041 3
      vertex 148.63870917277336 110.82821560353041 0
      vertex 148.06396636383533 109.62324225604534 3
    endloop
  endfacet
  facet normal -0.8788171130271654 0.4771587595869936 0
    outer loop
      vertex 147.42694779502153 108.45 0
      vertex 147.42694779502153 108.45 3
      vertex 148.06396636383533 109.62324225604534 0
    endloop
  endfacet
  facet normal -0.8788171130271654 0.4771587595869936 0
    outer loop
      vertex 148.06396636383533 109.62324225604534 3
      vertex 148.06396636383533 109.62324225604534 0
      vertex 147.42694779502153 108.45 3
    endloop
  endfacet
  facet normal -0.8526401633604774 0.5224985663373809 0
    outer loop
      vertex 146.72939948009252 107.31170461028815 0
      vertex 146.72939948009252 107.31170461028815 3
      vertex 147.42694779502153 108.45 0
    endloop
  endfacet
  facet normal -0.8526401633604774 0.5224985663373809 0
    outer loop
      vertex 147.42694779502153 108.45 3
      vertex 147.42694779502153 108.45 0
      vertex 146.72939948009252 107.31170461028815 3
    endloop
  endfacet
  facet normal -0.8241261897444654 0.5664062352916583 0
    outer loop
      vertex 145.97323335723877 106.2114760696888 0
      vertex 145.97323335723877 106.2114760696888 3
      vertex 146.72939948009252 107.31170461028815 0
    endloop
  endfacet
  facet normal -0.8241261897444654 0.5664062352916583 0
    outer loop
      vertex 146.72939948009252 107.31170461028815 3
      vertex 146.72939948009252 107.31170461028815 0
      vertex 145.97323335723877 106.2114760696888 3
    endloop
  endfacet
  facet normal -0.7933533391736364 0.6087614304652037 0
    outer loop
      vertex 145.16052201406956 105.15233003050089 0
      vertex 145.16052201406956 105.15233003050089 3
      vertex 145.97323335723877 106.2114760696888 0
    endloop
  endfacet
  facet normal -0.7933533391736364 0.6087614304652037 0
    outer loop
      vertex 145.97323335723877 106.2114760696888 3
      vertex 145.97323335723877 106.2114760696888 0
      vertex 145.16052201406956 105.15233003050089 3
    endloop
  endfacet
  facet normal -0.7604059669475719 0.649448046752416 0
    outer loop
      vertex 144.2934930475235 104.1371695369482 0
      vertex 144.2934930475235 104.1371695369482 3
      vertex 145.16052201406956 105.15233003050089 0
    endloop
  endfacet
  facet normal -0.7604059669475719 0.649448046752416 0
    outer loop
      vertex 145.16052201406956 105.15233003050089 3
      vertex 145.16052201406956 105.15233003050089 0
      vertex 144.2934930475235 104.1371695369482 3
    endloop
  endfacet
  facet normal -0.7253743692242712 0.6883545775779302 0
    outer loop
      vertex 143.37452291713953 103.16877708286047 0
      vertex 143.37452291713953 103.16877708286047 3
      vertex 144.2934930475235 104.1371695369482 0
    endloop
  endfacet
  facet normal -0.7253743692242712 0.6883545775779302 0
    outer loop
      vertex 144.2934930475235 104.1371695369482 3
      vertex 144.2934930475235 104.1371695369482 0
      vertex 143.37452291713953 103.16877708286047 3
    endloop
  endfacet
  facet normal -0.6883545775779302 0.7253743692242712 0
    outer loop
      vertex 142.4061304630518 102.2498069524765 0
      vertex 142.4061304630518 102.2498069524765 3
      vertex 143.37452291713953 103.16877708286047 0
    endloop
  endfacet
  facet normal -0.6883545775779302 0.7253743692242712 0
    outer loop
      vertex 143.37452291713953 103.16877708286047 3
      vertex 143.37452291713953 103.16877708286047 0
      vertex 142.4061304630518 102.2498069524765 3
    endloop
  endfacet
  facet normal -0.649448046752416 0.7604059669475719 0
    outer loop
      vertex 141.3909699694991 101.38277798593045 0
      vertex 141.3909699694991 101.38277798593045 3
      vertex 142.4061304630518 102.2498069524765 0
    endloop
  endfacet
  facet normal -0.649448046752416 0.7604059669475719 0
    outer loop
      vertex 142.4061304630518 102.2498069524765 3
      vertex 142.4061304630518 102.2498069524765 0
      vertex 141.3909699694991 101.38277798593045 3
    endloop
  endfacet
  facet normal -0.6087614304652037 0.7933533391736364 0
    outer loop
      vertex 140.3318239303112 100.57006664276123 0
      vertex 140.3318239303112 100.57006664276123 3
      vertex 141.3909699694991 101.38277798593045 0
    endloop
  endfacet
  facet normal -0.6087614304652037 0.7933533391736364 0
    outer loop
      vertex 141.3909699694991 101.38277798593045 3
      vertex 141.3909699694991 101.38277798593045 0
      vertex 140.3318239303112 100.57006664276123 3
    endloop
  endfacet
  facet normal -0.5664062352916583 0.8241261897444654 0
    outer loop
      vertex 139.23159538971186 99.81390051990748 0
      vertex 139.23159538971186 99.81390051990748 3
      vertex 140.3318239303112 100.57006664276123 0
    endloop
  endfacet
  facet normal -0.5664062352916583 0.8241261897444654 0
    outer loop
      vertex 140.3318239303112 100.57006664276123 3
      vertex 140.3318239303112 100.57006664276123 0
      vertex 139.23159538971186 99.81390051990748 3
    endloop
  endfacet
  facet normal -0.5224985663373809 0.8526401633604774 0
    outer loop
      vertex 138.0933 99.11635220497847 0
      vertex 138.0933 99.11635220497847 3
      vertex 139.23159538971186 99.81390051990748 0
    endloop
  endfacet
  facet normal -0.5224985663373809 0.8526401633604774 0
    outer loop
      vertex 139.23159538971186 99.81390051990748 3
      vertex 139.23159538971186 99.81390051990748 0
      vertex 138.0933 99.11635220497847 3
    endloop
  endfacet
  facet normal -0.4771587595869936 0.8788171130271654 0
    outer loop
      vertex 136.92005774395466 98.47933363616467 0
      vertex 136.92005774395466 98.47933363616467 3
      vertex 138.0933 99.11635220497847 0
    endloop
  endfacet
  facet normal -0.4771587595869936 0.8788171130271654 0
    outer loop
      vertex 138.0933 99.11635220497847 3
      vertex 138.0933 99.11635220497847 0
      vertex 136.92005774395466 98.47933363616467 3
    endloop
  endfacet
  facet normal -0.4305110996362141 0.9025852830010125 0
    outer loop
      vertex 135.7150843964696 97.90459082722664 0
      vertex 135.7150843964696 97.90459082722664 3
      vertex 136.92005774395466 98.47933363616467 0
    endloop
  endfacet
  facet normal -0.4305110996362141 0.9025852830010125 0
    outer loop
      vertex 136.92005774395466 98.47933363616467 3
      vertex 136.92005774395466 98.47933363616467 0
      vertex 135.7150843964696 97.90459082722664 3
    endloop
  endfacet
  facet normal -0.3826834320938677 0.9238795326236307 0
    outer loop
      vertex 134.48168271051645 97.39369912147522 0
      vertex 134.48168271051645 97.39369912147522 3
      vertex 135.7150843964696 97.90459082722664 0
    endloop
  endfacet
  facet normal -0.3826834320938677 0.9238795326236307 0
    outer loop
      vertex 135.7150843964696 97.90459082722664 3
      vertex 135.7150843964696 97.90459082722664 0
      vertex 134.48168271051645 97.39369912147522 3
    endloop
  endfacet
  facet normal -0.33380685903974494 0.9426414911608865 0
    outer loop
      vertex 133.22323335723877 96.94805883318186 0
      vertex 133.22323335723877 96.94805883318186 3
      vertex 134.48168271051645 97.39369912147522 0
    endloop
  endfacet
  facet normal -0.33380685903974494 0.9426414911608865 0
    outer loop
      vertex 134.48168271051645 97.39369912147522 3
      vertex 134.48168271051645 97.39369912147522 0
      vertex 133.22323335723877 96.94805883318186 3
    endloop
  endfacet
  facet normal -0.2840153414087839 0.9588197358442575 0
    outer loop
      vertex 131.9431856499791 96.56889143288136 0
      vertex 131.9431856499791 96.56889143288136 3
      vertex 133.22323335723877 96.94805883318186 0
    endloop
  endfacet
  facet normal -0.2840153414087839 0.9588197358442575 0
    outer loop
      vertex 133.22323335723877 96.94805883318186 3
      vertex 133.22323335723877 96.94805883318186 0
      vertex 131.9431856499791 96.56889143288136 3
    endloop
  endfacet
  facet normal -0.2334453678856354 0.9723699194302241 0
    outer loop
      vertex 130.64504811929464 96.25723617970944 0
      vertex 130.64504811929464 96.25723617970944 3
      vertex 131.9431856499791 96.56889143288136 0
    endloop
  endfacet
  facet normal -0.2334453678856354 0.9723699194302241 0
    outer loop
      vertex 131.9431856499791 96.56889143288136 3
      vertex 131.9431856499791 96.56889143288136 0
      vertex 130.64504811929464 96.25723617970944 3
    endloop
  endfacet
  facet normal -0.1822355253413516 0.983254907591903 0
    outer loop
      vertex 129.33237885700464 96.01394731253386 0
      vertex 129.33237885700464 96.01394731253386 3
      vertex 130.64504811929464 96.25723617970944 0
    endloop
  endfacet
  facet normal -0.1822355253413516 0.983254907591903 0
    outer loop
      vertex 130.64504811929464 96.25723617970944 3
      vertex 130.64504811929464 96.25723617970944 0
      vertex 129.33237885700464 96.01394731253386 3
    endloop
  endfacet
  facet normal -0.13052619261869755 0.9914448613213277 0
    outer loop
      vertex 128.0087758155346 95.83969166576863 0
      vertex 128.0087758155346 95.83969166576863 3
      vertex 129.33237885700464 96.01394731253386 0
    endloop
  endfacet
  facet normal -0.13052619261869755 0.9914448613213277 0
    outer loop
      vertex 129.33237885700464 96.01394731253386 3
      vertex 129.33237885700464 96.01394731253386 0
      vertex 128.0087758155346 95.83969166576863 3
    endloop
  endfacet
  facet normal -0.07845909191259119 0.9969173340333949 0
    outer loop
      vertex 126.6778668837428 95.73494686633349 0
      vertex 126.6778668837428 95.73494686633349 3
      vertex 128.0087758155346 95.83969166576863 0
    endloop
  endfacet
  facet normal -0.07845909191259119 0.9969173340333949 0
    outer loop
      vertex 128.0087758155346 95.83969166576863 3
      vertex 128.0087758155346 95.83969166576863 0
      vertex 126.6778668837428 95.73494686633349 3
    endloop
  endfacet
  facet normal -0.026176950244308644 0.9996573249248498 0
    outer loop
      vertex 125.34329999999999 95.7 0
      vertex 125.34329999999999 95.7 3
      vertex 126.6778668837428 95.73494686633349 0
    endloop
  endfacet
  facet normal -0.026176950244308644 0.9996573249248498 0
    outer loop
      vertex 126.6778668837428 95.73494686633349 3
      vertex 126.6778668837428 95.73494686633349 0
      vertex 125.34329999999999 95.7 3
    endloop
  endfacet
  facet normal 0.026176950244308644 0.9996573249248498 0
    outer loop
      vertex 124.00873311625718 95.73494686633349 0
      vertex 124.00873311625718 95.73494686633349 3
      vertex 125.34329999999999 95.7 0
    endloop
  endfacet
  facet normal 0.026176950244308644 0.9996573249248498 0
    outer loop
      vertex 125.34329999999999 95.7 3
      vertex 125.34329999999999 95.7 0
      vertex 124.00873311625718 95.73494686633349 3
    endloop
  endfacet
  facet normal 0.22252094515000373 0.974927909626937 0
    outer loop
      vertex 100.72368107752798 95.50657361447811 0
      vertex 100.72368107752798 95.50657361447811 3
      vertex 101.10573160665034 95.41937306970358 0
    endloop
  endfacet
  facet normal 0.22252094515000373 0.974927909626937 0
    outer loop
      vertex 101.10573160665034 95.41937306970358 3
      vertex 101.10573160665034 95.41937306970358 0
      vertex 100.72368107752798 95.50657361447811 3
    endloop
  endfacet
  facet normal 0.43388374091371634 0.900968867037435 0
    outer loop
      vertex 100.37061330692767 95.6766020923853 0
      vertex 100.37061330692767 95.6766020923853 3
      vertex 100.72368107752798 95.50657361447811 0
    endloop
  endfacet
  facet normal 0.43388374091371634 0.900968867037435 0
    outer loop
      vertex 100.72368107752798 95.50657361447811 3
      vertex 100.72368107752798 95.50657361447811 0
      vertex 100.37061330692767 95.6766020923853 3
    endloop
  endfacet
  facet normal 0.6234897996516217 0.7818314842281427 0
    outer loop
      vertex 100.06423257308005 95.92093257308007 0
      vertex 100.06423257308005 95.92093257308007 3
      vertex 100.37061330692767 95.6766020923853 0
    endloop
  endfacet
  facet normal 0.6234897996516217 0.7818314842281427 0
    outer loop
      vertex 100.37061330692767 95.6766020923853 3
      vertex 100.37061330692767 95.6766020923853 0
      vertex 100.06423257308005 95.92093257308007 3
    endloop
  endfacet
  facet normal 0.7818314842281427 0.6234897996516217 0
    outer loop
      vertex 99.81990209238528 96.22731330692768 0
      vertex 99.81990209238528 96.22731330692768 3
      vertex 100.06423257308005 95.92093257308007 0
    endloop
  endfacet
  facet normal 0.7818314842281427 0.6234897996516217 0
    outer loop
      vertex 100.06423257308005 95.92093257308007 3
      vertex 100.06423257308005 95.92093257308007 0
      vertex 99.81990209238528 96.22731330692768 3
    endloop
  endfacet
  facet normal 0.900968867037435 0.43388374091371634 0
    outer loop
      vertex 99.6498736144781 96.580381077528 0
      vertex 99.6498736144781 96.580381077528 3
      vertex 99.81990209238528 96.22731330692768 0
    endloop
  endfacet
  facet normal 0.900968867037435 0.43388374091371634 0
    outer loop
      vertex 99.81990209238528 96.22731330692768 3
      vertex 99.81990209238528 96.22731330692768 0
      vertex 99.6498736144781 96.580381077528 3
    endloop
  endfacet
  facet normal 0.974927909626937 0.22252094515000373 0
    outer loop
      vertex 99.56267306970356 96.96243160665036 0
      vertex 99.56267306970356 96.96243160665036 3
      vertex 99.6498736144781 96.580381077528 0
    endloop
  endfacet
  facet normal 0.974927909626937 0.22252094515000373 0
    outer loop
      vertex 99.6498736144781 96.580381077528 3
      vertex 99.6498736144781 96.580381077528 0
      vertex 99.56267306970356 96.96243160665036 3
    endloop
  endfacet
  facet normal 1 0 0
    outer loop
      vertex 99.56267306970356 97.35430727601052 0
      vertex 99.56267306970356 97.35430727601052 3
      vertex 99.56267306970356 96.96243160665036 0
    endloop
  endfacet
  facet normal 1 0 0
    outer loop
      vertex 99.56267306970356 96.96243160665036 3
      vertex 99.56267306970356 96.96243160665036 0
      vertex 99.56267306970356 97.35430727601052 3
    endloop
  endfacet
  facet normal 0.9749279086855167 -0.22252094927463587 0
    outer loop
      vertex 99.6498736144781 97.73635779768229 0
      vertex 99.6498736144781 97.73635779768229 3
      vertex 99.56267306970356 97.35430727601052 0
    endloop
  endfacet
  facet normal 0.9749279086855167 -0.22252094927463587 0
    outer loop
      vertex 99.56267306970356 97.35430727601052 3
      vertex 99.56267306970356 97.35430727601052 0
      vertex 99.6498736144781 97.73635779768229 3
    endloop
  endfacet
  facet normal 0.9009688706166563 -0.4338837334813864 0
    outer loop
      vertex 99.81990209238528 98.08942557573319 0
      vertex 99.81990209238528 98.08942557573319 3
      vertex 99.6498736144781 97.73635779768229 0
    endloop
  endfacet
  facet normal 0.9009688706166563 -0.4338837334813864 0
    outer loop
      vertex 99.6498736144781 97.73635779768229 3
      vertex 99.6498736144781 97.73635779768229 0
      vertex 99.81990209238528 98.08942557573319 3
    endloop
  endfacet
  facet normal 0.7818314842281427 -0.6234897996516217 0
    outer loop
      vertex 100.06423257308005 98.3958063095808 0
      vertex 100.06423257308005 98.3958063095808 3
      vertex 99.81990209238528 98.08942557573319 0
    endloop
  endfacet
  facet normal 0.7818314842281427 -0.6234897996516217 0
    outer loop
      vertex 99.81990209238528 98.08942557573319 3
      vertex 99.81990209238528 98.08942557573319 0
      vertex 100.06423257308005 98.3958063095808 3
    endloop
  endfacet
  facet normal 0.6234897996516217 -0.7818314842281427 0
    outer loop
      vertex 100.37061330692767 98.64013679027558 0
      vertex 100.37061330692767 98.64013679027558 3
      vertex 100.06423257308005 98.3958063095808 0
    endloop
  endfacet
  facet normal 0.6234897996516217 -0.7818314842281427 0
    outer loop
      vertex 100.06423257308005 98.3958063095808 3
      vertex 100.06423257308005 98.3958063095808 0
      vertex 100.37061330692767 98.64013679027558 3
    endloop
  endfacet
  facet normal 0.43388374091371634 -0.900968867037435 0
    outer loop
      vertex 100.72368107752798 98.81016526818276 0
      vertex 100.72368107752798 98.81016526818276 3
      vertex 100.37061330692767 98.64013679027558 0
    endloop
  endfacet
  facet normal 0.43388374091371634 -0.900968867037435 0
    outer loop
      vertex 100.37061330692767 98.64013679027558 3
      vertex 100.37061330692767 98.64013679027558 0
      vertex 100.72368107752798 98.81016526818276 3
    endloop
  endfacet
  facet normal 0.22252092707881072 -0.974927913751569 0
    outer loop
      vertex 101.10573160665034 98.89736580550671 0
      vertex 101.10573160665034 98.89736580550671 3
      vertex 100.72368107752798 98.81016526818276 0
    endloop
  endfacet
  facet normal 0.22252092707881072 -0.974927913751569 0
    outer loop
      vertex 100.72368107752798 98.81016526818276 3
      vertex 100.72368107752798 98.81016526818276 0
      vertex 101.10573160665034 98.89736580550671 3
    endloop
  endfacet
  facet normal 0 -1 0
    outer loop
      vertex 101.4976072760105 98.89736580550671 0
      vertex 101.4976072760105 98.89736580550671 3
      vertex 101.10573160665034 98.89736580550671 0
    endloop
  endfacet
  facet normal 0 -1 0
    outer loop
      vertex 101.10573160665034 98.89736580550671 3
      vertex 101.10573160665034 98.89736580550671 0
      vertex 101.4976072760105 98.89736580550671 3
    endloop
  endfacet
  facet normal -0.22252093120344257 -0.9749279128101487 0
    outer loop
      vertex 101.87965779768227 98.81016526818276 0
      vertex 101.87965779768227 98.81016526818276 3
      vertex 101.4976072760105 98.89736580550671 0
    endloop
  endfacet
  facet normal -0.22252093120344257 -0.9749279128101487 0
    outer loop
      vertex 101.4976072760105 98.89736580550671 3
      vertex 101.4976072760105 98.89736580550671 0
      vertex 101.87965779768227 98.81016526818276 3
    endloop
  endfacet
  facet normal -0.4338837334813864 -0.9009688706166563 0
    outer loop
      vertex 102.23272557573317 98.64013679027558 0
      vertex 102.23272557573317 98.64013679027558 3
      vertex 101.87965779768227 98.81016526818276 0
    endloop
  endfacet
  facet normal -0.4338837334813864 -0.9009688706166563 0
    outer loop
      vertex 101.87965779768227 98.81016526818276 3
      vertex 101.87965779768227 98.81016526818276 0
      vertex 102.23272557573317 98.64013679027558 3
    endloop
  endfacet
  facet normal -0.6234897996516217 -0.7818314842281427 0
    outer loop
      vertex 102.53910630958079 98.3958063095808 0
      vertex 102.53910630958079 98.3958063095808 3
      vertex 102.23272557573317 98.64013679027558 0
    endloop
  endfacet
  facet normal -0.6234897996516217 -0.7818314842281427 0
    outer loop
      vertex 102.23272557573317 98.64013679027558 3
      vertex 102.23272557573317 98.64013679027558 0
      vertex 102.53910630958079 98.3958063095808 3
    endloop
  endfacet
  facet normal -0.7818314842281427 -0.6234897996516217 0
    outer loop
      vertex 102.78343679027556 98.08942557573319 0
      vertex 102.78343679027556 98.08942557573319 3
      vertex 102.53910630958079 98.3958063095808 0
    endloop
  endfacet
  facet normal -0.7818314842281427 -0.6234897996516217 0
    outer loop
      vertex 102.53910630958079 98.3958063095808 3
      vertex 102.53910630958079 98.3958063095808 0
      vertex 102.78343679027556 98.08942557573319 3
    endloop
  endfacet
  facet normal -0.9009688706166563 -0.4338837334813864 0
    outer loop
      vertex 102.95346526818274 97.73635779768229 0
      vertex 102.95346526818274 97.73635779768229 3
      vertex 102.78343679027556 98.08942557573319 0
    endloop
  endfacet
  facet normal -0.9009688706166563 -0.4338837334813864 0
    outer loop
      vertex 102.78343679027556 98.08942557573319 3
      vertex 102.78343679027556 98.08942557573319 0
      vertex 102.95346526818274 97.73635779768229 3
    endloop
  endfacet
  facet normal -0.9749279128101487 -0.22252093120344257 0
    outer loop
      vertex 103.04066580550669 97.35430727601052 0
      vertex 103.04066580550669 97.35430727601052 3
      vertex 102.95346526818274 97.73635779768229 0
    endloop
  endfacet
  facet normal -0.9749279128101487 -0.22252093120344257 0
    outer loop
      vertex 102.95346526818274 97.73635779768229 3
      vertex 102.95346526818274 97.73635779768229 0
      vertex 103.04066580550669 97.35430727601052 3
    endloop
  endfacet
  facet normal -1 0 0
    outer loop
      vertex 103.04066580550669 96.96243160665036 0
      vertex 103.04066580550669 96.96243160665036 3
      vertex 103.04066580550669 97.35430727601052 0
    endloop
  endfacet
  facet normal -1 0 0
    outer loop
      vertex 103.04066580550669 97.35430727601052 3
      vertex 103.04066580550669 97.35430727601052 0
      vertex 103.04066580550669 96.96243160665036 3
    endloop
  endfacet
  facet normal -0.974927913751569 0.22252092707881072 0
    outer loop
      vertex 102.95346526818274 96.580381077528 0
      vertex 102.95346526818274 96.580381077528 3
      vertex 103.04066580550669 96.96243160665036 0
    endloop
  endfacet
  facet normal -0.974927913751569 0.22252092707881072 0
    outer loop
      vertex 103.04066580550669 96.96243160665036 3
      vertex 103.04066580550669 96.96243160665036 0
      vertex 102.95346526818274 96.580381077528 3
    endloop
  endfacet
  facet normal -0.900968867037435 0.43388374091371634 0
    outer loop
      vertex 102.78343679027556 96.22731330692768 0
      vertex 102.78343679027556 96.22731330692768 3
      vertex 102.95346526818274 96.580381077528 0
    endloop
  endfacet
  facet normal -0.900968867037435 0.43388374091371634 0
    outer loop
      vertex 102.95346526818274 96.580381077528 3
      vertex 102.95346526818274 96.580381077528 0
      vertex 102.78343679027556 96.22731330692768 3
    endloop
  endfacet
  facet normal -0.7818314842281427 0.6234897996516217 0
    outer loop
      vertex 102.53910630958079 95.92093257308007 0
      vertex 102.53910630958079 95.92093257308007 3
      vertex 102.78343679027556 96.22731330692768 0
    endloop
  endfacet
  facet normal -0.7818314842281427 0.6234897996516217 0
    outer loop
      vertex 102.78343679027556 96.22731330692768 3
      vertex 102.78343679027556 96.22731330692768 0
      vertex 102.53910630958079 95.92093257308007 3
    endloop
  endfacet
  facet normal -0.6234897996516217 0.7818314842281427 0
    outer loop
      vertex 102.23272557573317 95.6766020923853 0
      vertex 102.23272557573317 95.6766020923853 3
      vertex 102.53910630958079 95.92093257308007 0
    endloop
  endfacet
  facet normal -0.6234897996516217 0.7818314842281427 0
    outer loop
      vertex 102.53910630958079 95.92093257308007 3
      vertex 102.53910630958079 95.92093257308007 0
      vertex 102.23272557573317 95.6766020923853 3
    endloop
  endfacet
  facet normal -0.4338837334813864 0.9009688706166563 0
    outer loop
      vertex 101.87965779768227 95.50657361447811 0
      vertex 101.87965779768227 95.50657361447811 3
      vertex 102.23272557573317 95.6766020923853 0
    endloop
  endfacet
  facet normal -0.4338837334813864 0.9009688706166563 0
    outer loop
      vertex 102.23272557573317 95.6766020923853 3
      vertex 102.23272557573317 95.6766020923853 0
      vertex 101.87965779768227 95.50657361447811 3
    endloop
  endfacet
  facet normal -0.22252094927463587 0.9749279086855167 0
    outer loop
      vertex 101.4976072760105 95.41937306970358 0
      vertex 101.4976072760105 95.41937306970358 3
      vertex 101.87965779768227 95.50657361447811 0
    endloop
  endfacet
  facet normal -0.22252094927463587 0.9749279086855167 0
    outer loop
      vertex 101.87965779768227 95.50657361447811 3
      vertex 101.87965779768227 95.50657361447811 0
      vertex 101.4976072760105 95.41937306970358 3
    endloop
  endfacet
  facet normal 0 1 0
    outer loop
      vertex 101.10573160665034 95.41937306970358 0
      vertex 101.10573160665034 95.41937306970358 3
      vertex 101.4976072760105 95.41937306970358 0
    endloop
  endfacet
  facet normal 0 1 0
    outer loop
      vertex 101.4976072760105 95.41937306970358 3
      vertex 101.4976072760105 95.41937306970358 0
      vertex 101.10573160665034 95.41937306970358 3
    endloop
  endfacet
  facet normal 0.22252094927463587 0.9749279086855167 0
    outer loop
      vertex 148.8069422023177 95.50657361447811 0
      vertex 148.8069422023177 95.50657361447811 3
      vertex 149.1889927239895 95.41937306970358 0
    endloop
  endfacet
  facet normal 0.22252094927463587 0.9749279086855167 0
    outer loop
      vertex 149.1889927239895 95.41937306970358 3
      vertex 149.1889927239895 95.41937306970358 0
      vertex 148.8069422023177 95.50657361447811 3
    endloop
  endfacet
  facet normal 0.4338837334813864 0.9009688706166563 0
    outer loop
      vertex 148.45387442426681 95.6766020923853 0
      vertex 148.45387442426681 95.6766020923853 3
      vertex 148.8069422023177 95.50657361447811 0
    endloop
  endfacet
  facet normal 0.4338837334813864 0.9009688706166563 0
    outer loop
      vertex 148.8069422023177 95.50657361447811 3
      vertex 148.8069422023177 95.50657361447811 0
      vertex 148.45387442426681 95.6766020923853 3
    endloop
  endfacet
  facet normal 0.6234897996516217 0.7818314842281427 0
    outer loop
      vertex 148.1474936904192 95.92093257308007 0
      vertex 148.1474936904192 95.92093257308007 3
      vertex 148.45387442426681 95.6766020923853 0
    endloop
  endfacet
  facet normal 0.6234897996516217 0.7818314842281427 0
    outer loop
      vertex 148.45387442426681 95.6766020923853 3
      vertex 148.45387442426681 95.6766020923853 0
      vertex 148.1474936904192 95.92093257308007 3
    endloop
  endfacet
  facet normal 0.7818314842281427 0.6234897996516217 0
    outer loop
      vertex 147.90316320972443 96.22731330692768 0
      vertex 147.90316320972443 96.22731330692768 3
      vertex 148.1474936904192 95.92093257308007 0
    endloop
  endfacet
  facet normal 0.7818314842281427 0.6234897996516217 0
    outer loop
      vertex 148.1474936904192 95.92093257308007 3
      vertex 148.1474936904192 95.92093257308007 0
      vertex 147.90316320972443 96.22731330692768 3
    endloop
  endfacet
  facet normal 0.900968867037435 0.43388374091371634 0
    outer loop
      vertex 147.73313473181724 96.580381077528 0
      vertex 147.73313473181724 96.580381077528 3
      vertex 147.90316320972443 96.22731330692768 0
    endloop
  endfacet
  facet normal 0.900968867037435 0.43388374091371634 0
    outer loop
      vertex 147.90316320972443 96.22731330692768 3
      vertex 147.90316320972443 96.22731330692768 0
      vertex 147.73313473181724 96.580381077528 3
    endloop
  endfacet
  facet normal 0.974927913751569 0.22252092707881072 0
    outer loop
      vertex 147.6459341944933 96.96243160665036 0
      vertex 147.6459341944933 96.96243160665036 3
      vertex 147.73313473181724 96.580381077528 0
    endloop
  endfacet
  facet normal 0.974927913751569 0.22252092707881072 0
    outer loop
      vertex 147.73313473181724 96.580381077528 3
      vertex 147.73313473181724 96.580381077528 0
      vertex 147.6459341944933 96.96243160665036 3
    endloop
  endfacet
  facet normal 1 0 0
    outer loop
      vertex 147.6459341944933 97.35430727601052 0
      vertex 147.6459341944933 97.35430727601052 3
      vertex 147.6459341944933 96.96243160665036 0
    endloop
  endfacet
  facet normal 1 0 0
    outer loop
      vertex 147.6459341944933 96.96243160665036 3
      vertex 147.6459341944933 96.96243160665036 0
      vertex 147.6459341944933 97.35430727601052 3
    endloop
  endfacet
  facet normal 0.9749279128101487 -0.22252093120344257 0
    outer loop
      vertex 147.73313473181724 97.73635779768229 0
      vertex 147.73313473181724 97.73635779768229 3
      vertex 147.6459341944933 97.35430727601052 0
    endloop
  endfacet
  facet normal 0.9749279128101487 -0.22252093120344257 0
    outer loop
      vertex 147.6459341944933 97.35430727601052 3
      vertex 147.6459341944933 97.35430727601052 0
      vertex 147.73313473181724 97.73635779768229 3
    endloop
  endfacet
  facet normal 0.9009688706166563 -0.4338837334813864 0
    outer loop
      vertex 147.90316320972443 98.08942557573319 0
      vertex 147.90316320972443 98.08942557573319 3
      vertex 147.73313473181724 97.73635779768229 0
    endloop
  endfacet
  facet normal 0.9009688706166563 -0.4338837334813864 0
    outer loop
      vertex 147.73313473181724 97.73635779768229 3
      vertex 147.73313473181724 97.73635779768229 0
      vertex 147.90316320972443 98.08942557573319 3
    endloop
  endfacet
  facet normal 0.7818314842281427 -0.6234897996516217 0
    outer loop
      vertex 148.1474936904192 98.3958063095808 0
      vertex 148.1474936904192 98.3958063095808 3
      vertex 147.90316320972443 98.08942557573319 0
    endloop
  endfacet
  facet normal 0.7818314842281427 -0.6234897996516217 0
    outer loop
      vertex 147.90316320972443 98.08942557573319 3
      vertex 147.90316320972443 98.08942557573319 0
      vertex 148.1474936904192 98.3958063095808 3
    endloop
  endfacet
  facet normal 0.6234897996516217 -0.7818314842281427 0
    outer loop
      vertex 148.45387442426681 98.64013679027558 0
      vertex 148.45387442426681 98.64013679027558 3
      vertex 148.1474936904192 98.3958063095808 0
    endloop
  endfacet
  facet normal 0.6234897996516217 -0.7818314842281427 0
    outer loop
      vertex 148.1474936904192 98.3958063095808 3
      vertex 148.1474936904192 98.3958063095808 0
      vertex 148.45387442426681 98.64013679027558 3
    endloop
  endfacet
  facet normal 0.4338837334813864 -0.9009688706166563 0
    outer loop
      vertex 148.8069422023177 98.81016526818276 0
      vertex 148.8069422023177 98.81016526818276 3
      vertex 148.45387442426681 98.64013679027558 0
    endloop
  endfacet
  facet normal 0.4338837334813864 -0.9009688706166563 0
    outer loop
      vertex 148.45387442426681 98.64013679027558 3
      vertex 148.45387442426681 98.64013679027558 0
      vertex 148.8069422023177 98.81016526818276 3
    endloop
  endfacet
  facet normal 0.22252093120344257 -0.9749279128101487 0
    outer loop
      vertex 149.1889927239895 98.89736580550671 0
      vertex 149.1889927239895 98.89736580550671 3
      vertex 148.8069422023177 98.81016526818276 0
    endloop
  endfacet
  facet normal 0.22252093120344257 -0.9749279128101487 0
    outer loop
      vertex 148.8069422023177 98.81016526818276 3
      vertex 148.8069422023177 98.81016526818276 0
      vertex 149.1889927239895 98.89736580550671 3
    endloop
  endfacet
  facet normal 0 -1 0
    outer loop
      vertex 149.58086839334965 98.89736580550671 0
      vertex 149.58086839334965 98.89736580550671 3
      vertex 149.1889927239895 98.89736580550671 0
    endloop
  endfacet
  facet normal 0 -1 0
    outer loop
      vertex 149.1889927239895 98.89736580550671 3
      vertex 149.1889927239895 98.89736580550671 0
      vertex 149.58086839334965 98.89736580550671 3
    endloop
  endfacet
  facet normal -0.22252092707881072 -0.974927913751569 0
    outer loop
      vertex 149.962918922472 98.81016526818276 0
      vertex 149.962918922472 98.81016526818276 3
      vertex 149.58086839334965 98.89736580550671 0
    endloop
  endfacet
  facet normal -0.22252092707881072 -0.974927913751569 0
    outer loop
      vertex 149.58086839334965 98.89736580550671 3
      vertex 149.58086839334965 98.89736580550671 0
      vertex 149.962918922472 98.81016526818276 3
    endloop
  endfacet
  facet normal -0.43388374091371634 -0.900968867037435 0
    outer loop
      vertex 150.31598669307232 98.64013679027558 0
      vertex 150.31598669307232 98.64013679027558 3
      vertex 149.962918922472 98.81016526818276 0
    endloop
  endfacet
  facet normal -0.43388374091371634 -0.900968867037435 0
    outer loop
      vertex 149.962918922472 98.81016526818276 3
      vertex 149.962918922472 98.81016526818276 0
      vertex 150.31598669307232 98.64013679027558 3
    endloop
  endfacet
  facet normal -0.6234897996516217 -0.7818314842281427 0
    outer loop
      vertex 150.62236742691994 98.3958063095808 0
      vertex 150.62236742691994 98.3958063095808 3
      vertex 150.31598669307232 98.64013679027558 0
    endloop
  endfacet
  facet normal -0.6234897996516217 -0.7818314842281427 0
    outer loop
      vertex 150.31598669307232 98.64013679027558 3
      vertex 150.31598669307232 98.64013679027558 0
      vertex 150.62236742691994 98.3958063095808 3
    endloop
  endfacet
  facet normal -0.7818314842281427 -0.6234897996516217 0
    outer loop
      vertex 150.8666979076147 98.08942557573319 0
      vertex 150.8666979076147 98.08942557573319 3
      vertex 150.62236742691994 98.3958063095808 0
    endloop
  endfacet
  facet normal -0.7818314842281427 -0.6234897996516217 0
    outer loop
      vertex 150.62236742691994 98.3958063095808 3
      vertex 150.62236742691994 98.3958063095808 0
      vertex 150.8666979076147 98.08942557573319 3
    endloop
  endfacet
  facet normal -0.9009688706166563 -0.4338837334813864 0
    outer loop
      vertex 151.0367263855219 97.73635779768229 0
      vertex 151.0367263855219 97.73635779768229 3
      vertex 150.8666979076147 98.08942557573319 0
    endloop
  endfacet
  facet normal -0.9009688706166563 -0.4338837334813864 0
    outer loop
      vertex 150.8666979076147 98.08942557573319 3
      vertex 150.8666979076147 98.08942557573319 0
      vertex 151.0367263855219 97.73635779768229 3
    endloop
  endfacet
  facet normal -0.9749279086855167 -0.22252094927463587 0
    outer loop
      vertex 151.12392693029642 97.35430727601052 0
      vertex 151.12392693029642 97.35430727601052 3
      vertex 151.0367263855219 97.73635779768229 0
    endloop
  endfacet
  facet normal -0.9749279086855167 -0.22252094927463587 0
    outer loop
      vertex 151.0367263855219 97.73635779768229 3
      vertex 151.0367263855219 97.73635779768229 0
      vertex 151.12392693029642 97.35430727601052 3
    endloop
  endfacet
  facet normal -1 0 0
    outer loop
      vertex 151.12392693029642 96.96243160665036 0
      vertex 151.12392693029642 96.96243160665036 3
      vertex 151.12392693029642 97.35430727601052 0
    endloop
  endfacet
  facet normal -1 0 0
    outer loop
      vertex 151.12392693029642 97.35430727601052 3
      vertex 151.12392693029642 97.35430727601052 0
      vertex 151.12392693029642 96.96243160665036 3
    endloop
  endfacet
  facet normal -0.974927909626937 0.22252094515000373 0
    outer loop
      vertex 151.0367263855219 96.580381077528 0
      vertex 151.0367263855219 96.580381077528 3
      vertex 151.12392693029642 96.96243160665036 0
    endloop
  endfacet
  facet normal -0.974927909626937 0.22252094515000373 0
    outer loop
      vertex 151.12392693029642 96.96243160665036 3
      vertex 151.12392693029642 96.96243160665036 0
      vertex 151.0367263855219 96.580381077528 3
    endloop
  endfacet
  facet normal -0.900968867037435 0.43388374091371634 0
    outer loop
      vertex 150.8666979076147 96.22731330692768 0
      vertex 150.8666979076147 96.22731330692768 3
      vertex 151.0367263855219 96.580381077528 0
    endloop
  endfacet
  facet normal -0.900968867037435 0.43388374091371634 0
    outer loop
      vertex 151.0367263855219 96.580381077528 3
      vertex 151.0367263855219 96.580381077528 0
      vertex 150.8666979076147 96.22731330692768 3
    endloop
  endfacet
  facet normal -0.7818314842281427 0.6234897996516217 0
    outer loop
      vertex 150.62236742691994 95.92093257308007 0
      vertex 150.62236742691994 95.92093257308007 3
      vertex 150.8666979076147 96.22731330692768 0
    endloop
  endfacet
  facet normal -0.7818314842281427 0.6234897996516217 0
    outer loop
      vertex 150.8666979076147 96.22731330692768 3
      vertex 150.8666979076147 96.22731330692768 0
      vertex 150.62236742691994 95.92093257308007 3
    endloop
  endfacet
  facet normal -0.6234897996516217 0.7818314842281427 0
    outer loop
      vertex 150.31598669307232 95.6766020923853 0
      vertex 150.31598669307232 95.6766020923853 3
      vertex 150.62236742691994 95.92093257308007 0
    endloop
  endfacet
  facet normal -0.6234897996516217 0.7818314842281427 0
    outer loop
      vertex 150.62236742691994 95.92093257308007 3
      vertex 150.62236742691994 95.92093257308007 0
      vertex 150.31598669307232 95.6766020923853 3
    endloop
  endfacet
  facet normal -0.43388374091371634 0.900968867037435 0
    outer loop
      vertex 149.962918922472 95.50657361447811 0
      vertex 149.962918922472 95.50657361447811 3
      vertex 150.31598669307232 95.6766020923853 0
    endloop
  endfacet
  facet normal -0.43388374091371634 0.900968867037435 0
    outer loop
      vertex 150.31598669307232 95.6766020923853 3
      vertex 150.31598669307232 95.6766020923853 0
      vertex 149.962918922472 95.50657361447811 3
    endloop
  endfacet
  facet normal -0.22252094515000373 0.974927909626937 0
    outer loop
      vertex 149.58086839334965 95.41937306970358 0
      vertex 149.58086839334965 95.41937306970358 3
      vertex 149.962918922472 95.50657361447811 0
    endloop
  endfacet
  facet normal -0.22252094515000373 0.974927909626937 0
    outer loop
      vertex 149.962918922472 95.50657361447811 3
      vertex 149.962918922472 95.50657361447811 0
      vertex 149.58086839334965 95.41937306970358 3
    endloop
  endfacet
  facet normal 0 1 0
    outer loop
      vertex 149.1889927239895 95.41937306970358 0
      vertex 149.1889927239895 95.41937306970358 3
      vertex 149.58086839334965 95.41937306970358 0
    endloop
  endfacet
  facet normal 0 1 0
    outer loop
      vertex 149.58086839334965 95.41937306970358 3
      vertex 149.58086839334965 95.41937306970358 0
      vertex 149.1889927239895 95.41937306970358 3
    endloop
  endfacet
  facet normal 0 0 1
    outer loop
      vertex 151.12392693029642 145.43756839334964 3
      vertex 154.37282774614096 145.58931097090243 3
      vertex 154.3294369356513 145.98450116515158 3
    endloop
  endfacet
  facet normal 0 0 1
    outer loop
      vertex 151.12392693029642 97.35430727601052 3
      vertex 154.38468346761465 97.20807736814022 3
      vertex 154.364929139781 97.60515143424273 3
    endloop
  endfacet
  facet normal 0 0 1
    outer loop
      vertex 151.12392693029642 97.35430727601052 3
      vertex 154.364929139781 97.60515143424273 3
      vertex 154.31368965672254 97.99940079897642 3
    endloop
  endfacet
  facet normal 0 0 1
    outer loop
      vertex 151.12392693029642 145.43756839334964 3
      vertex 154.3294369356513 145.98450116515158 3
      vertex 154.25478535907268 146.3749946847558 3
    endloop
  endfacet
  facet normal 0 0 1
    outer loop
      vertex 154.38468346761465 145.19192263185977 3
      vertex 154.37282774614096 145.58931097090243 3
      vertex 151.12392693029642 145.43756839334964 3
    endloop
  endfacet
  facet normal 0 0 1
    outer loop
      vertex 154.38468346761465 145.19192263185977 3
      vertex 151.12392693029642 145.43756839334964 3
      vertex 151.12392693029642 145.04569272398948 3
    endloop
  endfacet
  facet normal 0 0 1
    outer loop
      vertex 154.364929139781 144.79484856575726 3
      vertex 154.38468346761465 145.19192263185977 3
      vertex 151.12392693029642 145.04569272398948 3
    endloop
  endfacet
  facet normal 0 0 1
    outer loop
      vertex 154.31368965672254 144.40059920102357 3
      vertex 154.364929139781 144.79484856575726 3
      vertex 151.12392693029642 145.04569272398948 3
    endloop
  endfacet
  facet normal 0 0 1
    outer loop
      vertex 151.0367263855219 145.819618922472 3
      vertex 151.12392693029642 145.43756839334964 3
      vertex 154.25478535907268 146.3749946847558 3
    endloop
  endfacet
  facet normal 0 0 1
    outer loop
      vertex 151.0367263855219 145.819618922472 3
      vertex 154.25478535907268 146.3749946847558 3
      vertex 154.14934499578476 146.75832272022961 3
    endloop
  endfacet
  facet normal 0 0 1
    outer loop
      vertex 151.0367263855219 145.819618922472 3
      vertex 154.14934499578476 146.75832272022961 3
      vertex 154.01378247158527 147.13206173181533 3
    endloop
  endfacet
  facet normal 0 0 1
    outer loop
      vertex 151.0367263855219 145.819618922472 3
      vertex 154.01378247158527 147.13206173181533 3
      vertex 153.84895484911203 147.49384882748126 3
    endloop
  endfacet
  facet normal 0 0 1
    outer loop
      vertex 150.8666979076147 146.1726866930723 3
      vertex 151.0367263855219 145.819618922472 3
      vertex 153.84895484911203 147.49384882748126 3
    endloop
  endfacet
  facet normal 0 0 1
    outer loop
      vertex 150.8666979076147 146.1726866930723 3
      vertex 153.84895484911203 147.49384882748126 3
      vertex 153.65590423362255 147.84139667898415 3
    endloop
  endfacet
  facet normal 0 0 1
    outer loop
      vertex 150.8666979076147 146.1726866930723 3
      vertex 153.65590423362255 147.84139667898415 3
      vertex 153.4358511419773 148.17250797599553 3
    endloop
  endfacet
  facet normal 0 0 1
    outer loop
      vertex 151.12392693029642 97.35430727601052 3
      vertex 154.31368965672254 97.99940079897642 3
      vertex 154.23128897713423 98.38833290040493 3
    endloop
  endfacet
  facet normal 0 0 1
    outer loop
      vertex 151.0367263855219 97.73635779768229 3
      vertex 151.12392693029642 97.35430727601052 3
      vertex 154.23128897713423 98.38833290040493 3
    endloop
  endfacet
  facet normal 0 0 1
    outer loop
      vertex 151.0367263855219 97.73635779768229 3
      vertex 154.23128897713423 98.38833290040493 3
      vertex 154.11824805306196 98.76948877125979 3
    endloop
  endfacet
  facet normal 0 0 1
    outer loop
      vertex 151.0367263855219 97.73635779768229 3
      vertex 154.11824805306196 98.76948877125979 3
      vertex 153.97528157399893 99.14045863300562 3
    endloop
  endfacet
  facet normal 0 0 1
    outer loop
      vertex 154.23128897713423 144.01166709959506 3
      vertex 154.31368965672254 144.40059920102357 3
      vertex 151.12392693029642 145.04569272398948 3
    endloop
  endfacet
  facet normal 0 0 1
    outer loop
      vertex 154.23128897713423 144.01166709959506 3
      vertex 151.12392693029642 145.04569272398948 3
      vertex 151.0367263855219 144.6636422023177 3
    endloop
  endfacet
  facet normal 0 0 1
    outer loop
      vertex 154.11824805306196 143.6305112287402 3
      vertex 154.23128897713423 144.01166709959506 3
      vertex 151.0367263855219 144.6636422023177 3
    endloop
  endfacet
  facet normal 0 0 1
    outer loop
      vertex 153.97528157399893 143.25954136699437 3
      vertex 154.11824805306196 143.6305112287402 3
      vertex 151.0367263855219 144.6636422023177 3
    endloop
  endfacet
  facet normal 0 0 1
    outer loop
      vertex 154.38468346761465 97.20807736814022 3
      vertex 151.12392693029642 97.35430727601052 3
      vertex 151.12392693029642 96.96243160665036 3
    endloop
  endfacet
  facet normal 0 0 1
    outer loop
      vertex 154.37282774614096 96.81068902909756 3
      vertex 154.38468346761465 97.20807736814022 3
      vertex 151.12392693029642 96.96243160665036 3
    endloop
  endfacet
  facet normal 0 0 1
    outer loop
      vertex 154.3294369356513 96.4154988348484 3
      vertex 154.37282774614096 96.81068902909756 3
      vertex 151.12392693029642 96.96243160665036 3
    endloop
  endfacet
  facet normal 0 0 1
    outer loop
      vertex 154.25478535907268 96.0250053152442 3
      vertex 154.3294369356513 96.4154988348484 3
      vertex 151.12392693029642 96.96243160665036 3
    endloop
  endfacet
  facet normal 0 0 1
    outer loop
      vertex 154.25478535907268 96.0250053152442 3
      vertex 151.12392693029642 96.96243160665036 3
      vertex 151.0367263855219 96.580381077528 3
    endloop
  endfacet
  facet normal 0 0 1
    outer loop
      vertex 154.14934499578476 95.64167727977038 3
      vertex 154.25478535907268 96.0250053152442 3
      vertex 151.0367263855219 96.580381077528 3
    endloop
  endfacet
  facet normal 0 0 1
    outer loop
      vertex 154.01378247158527 95.26793826818466 3
      vertex 154.14934499578476 95.64167727977038 3
      vertex 151.0367263855219 96.580381077528 3
    endloop
  endfacet
  facet normal 0 0 1
    outer loop
      vertex 153.84895484911203 94.90615117251873 3
      vertex 154.01378247158527 95.26793826818466 3
      vertex 151.0367263855219 96.580381077528 3
    endloop
  endfacet
  facet normal 0 0 1
    outer loop
      vertex 153.84895484911203 94.90615117251873 3
      vertex 151.0367263855219 96.580381077528 3
      vertex 150.8666979076147 96.22731330692768 3
    endloop
  endfacet
  facet normal 0 0 1
    outer loop
      vertex 153.65590423362255 94.55860332101584 3
      vertex 153.84895484911203 94.90615117251873 3
      vertex 150.8666979076147 96.22731330692768 3
    endloop
  endfacet
  facet normal 0 0 1
    outer loop
      vertex 153.4358511419773 94.22749202400446 3
      vertex 153.65590423362255 94.55860332101584 3
      vertex 150.8666979076147 96.22731330692768 3
    endloop
  endfacet
  facet normal 0 0 1
    outer loop
      vertex 150.8666979076147 146.1726866930723 3
      vertex 153.4358511419773 148.17250797599553 3
      vertex 153.19018683599234 148.4850893139839 3
    endloop
  endfacet
  facet normal 0 0 1
    outer loop
      vertex 150.62236742691994 146.47906742691993 3
      vertex 150.8666979076147 146.1726866930723 3
      vertex 153.19018683599234 148.4850893139839 3
    endloop
  endfacet
  facet normal 0 0 1
    outer loop
      vertex 150.62236742691994 146.47906742691993 3
      vertex 153.19018683599234 148.4850893139839 3
      vertex 152.92046446369886 148.77716446369885 3
    endloop
  endfacet
  facet normal 0 0 1
    outer loop
      vertex 150.62236742691994 146.47906742691993 3
      vertex 152.92046446369886 148.77716446369885 3
      vertex 152.62838931398392 149.04688683599232 3
    endloop
  endfacet
  facet normal 0 0 1
    outer loop
      vertex 153.19018683599234 93.91491068601609 3
      vertex 153.4358511419773 94.22749202400446 3
      vertex 150.8666979076147 96.22731330692768 3
    endloop
  endfacet
  facet normal 0 0 1
    outer loop
      vertex 153.19018683599234 93.91491068601609 3
      vertex 150.8666979076147 96.22731330692768 3
      vertex 150.62236742691994 95.92093257308007 3
    endloop
  endfacet
  facet normal 0 0 1
    outer loop
      vertex 152.92046446369886 93.62283553630114 3
      vertex 153.19018683599234 93.91491068601609 3
      vertex 150.62236742691994 95.92093257308007 3
    endloop
  endfacet
  facet normal 0 0 1
    outer loop
      vertex 152.62838931398392 93.35311316400767 3
      vertex 152.92046446369886 93.62283553630114 3
      vertex 150.62236742691994 95.92093257308007 3
    endloop
  endfacet
  facet normal 0 0 1
    outer loop
      vertex 150.31598669307232 146.7233979076147 3
      vertex 150.62236742691994 146.47906742691993 3
      vertex 152.62838931398392 149.04688683599232 3
    endloop
  endfacet
  facet normal 0 0 1
    outer loop
      vertex 150.31598669307232 146.7233979076147 3
      vertex 152.62838931398392 149.04688683599232 3
      vertex 152.31580797599554 149.2925511419773 3
    endloop
  endfacet
  facet normal 0 0 1
    outer loop
      vertex 150.31598669307232 146.7233979076147 3
      vertex 152.31580797599554 149.2925511419773 3
      vertex 151.98469667898416 149.51260423362254 3
    endloop
  endfacet
  facet normal 0 0 1
    outer loop
      vertex 150.31598669307232 146.7233979076147 3
      vertex 151.98469667898416 149.51260423362254 3
      vertex 151.63714882748127 149.70565484911202 3
    endloop
  endfacet
  facet normal 0 0 1
    outer loop
      vertex 149.962918922472 146.89342638552188 3
      vertex 150.31598669307232 146.7233979076147 3
      vertex 151.63714882748127 149.70565484911202 3
    endloop
  endfacet
  facet normal 0 0 1
    outer loop
      vertex 149.962918922472 146.89342638552188 3
      vertex 151.63714882748127 149.70565484911202 3
      vertex 151.27536173181534 149.87048247158526 3
    endloop
  endfacet
  facet normal 0 0 1
    outer loop
      vertex 149.962918922472 146.89342638552188 3
      vertex 151.27536173181534 149.87048247158526 3
      vertex 150.90162272022962 150.00604499578475 3
    endloop
  endfacet
  facet normal 0 0 1
    outer loop
      vertex 149.962918922472 146.89342638552188 3
      vertex 150.90162272022962 150.00604499578475 3
      vertex 150.5182946847558 150.11148535907267 3
    endloop
  endfacet
  facet normal 0 0 1
    outer loop
      vertex 149.58086839334965 146.9806269302964 3
      vertex 149.962918922472 146.89342638552188 3
      vertex 150.5182946847558 150.11148535907267 3
    endloop
  endfacet
  facet normal 0 0 1
    outer loop
      vertex 149.58086839334965 146.9806269302964 3
      vertex 150.5182946847558 150.11148535907267 3
      vertex 150.1278011651516 150.1861369356513 3
    endloop
  endfacet
  facet normal 0 0 1
    outer loop
      vertex 149.58086839334965 146.9806269302964 3
      vertex 150.1278011651516 150.1861369356513 3
      vertex 149.73261097090244 150.22952774614095 3
    endloop
  endfacet
  facet normal 0 0 1
    outer loop
      vertex 149.58086839334965 146.9806269302964 3
      vertex 149.73261097090244 150.22952774614095 3
      vertex 149.33522263185978 150.24138346761464 3
    endloop
  endfacet
  facet normal 0 0 1
    outer loop
      vertex 149.1889927239895 146.9806269302964 3
      vertex 149.58086839334965 146.9806269302964 3
      vertex 149.33522263185978 150.24138346761464 3
    endloop
  endfacet
  facet normal 0 0 1
    outer loop
      vertex 149.1889927239895 146.9806269302964 3
      vertex 149.33522263185978 150.24138346761464 3
      vertex 148.93814856575727 150.221629139781 3
    endloop
  endfacet
  facet normal 0 0 1
    outer loop
      vertex 149.1889927239895 146.9806269302964 3
      vertex 148.93814856575727 150.221629139781 3
      vertex 148.54389920102358 150.17038965672253 3
    endloop
  endfacet
  facet normal 0 0 1
    outer loop
      vertex 149.1889927239895 146.9806269302964 3
      vertex 148.54389920102358 150.17038965672253 3
      vertex 148.15496709959507 150.08798897713422 3
    endloop
  endfacet
  facet normal 0 0 1
    outer loop
      vertex 148.8069422023177 146.89342638552188 3
      vertex 149.1889927239895 146.9806269302964 3
      vertex 148.15496709959507 150.08798897713422 3
    endloop
  endfacet
  facet normal 0 0 1
    outer loop
      vertex 148.8069422023177 146.89342638552188 3
      vertex 148.15496709959507 150.08798897713422 3
      vertex 147.77381122874021 149.97494805306195 3
    endloop
  endfacet
  facet normal 0 0 1
    outer loop
      vertex 148.8069422023177 146.89342638552188 3
      vertex 147.77381122874021 149.97494805306195 3
      vertex 147.40284136699438 149.83198157399892 3
    endloop
  endfacet
  facet normal 0 0 1
    outer loop
      vertex 152.62838931398392 93.35311316400767 3
      vertex 150.62236742691994 95.92093257308007 3
      vertex 150.31598669307232 95.6766020923853 3
    endloop
  endfacet
  facet normal 0 0 1
    outer loop
      vertex 152.31580797599554 93.10744885802269 3
      vertex 152.62838931398392 93.35311316400767 3
      vertex 150.31598669307232 95.6766020923853 3
    endloop
  endfacet
  facet normal 0 0 1
    outer loop
      vertex 151.98469667898416 92.88739576637745 3
      vertex 152.31580797599554 93.10744885802269 3
      vertex 150.31598669307232 95.6766020923853 3
    endloop
  endfacet
  facet normal 0 0 1
    outer loop
      vertex 151.63714882748127 92.69434515088797 3
      vertex 151.98469667898416 92.88739576637745 3
      vertex 150.31598669307232 95.6766020923853 3
    endloop
  endfacet
  facet normal 0 0 1
    outer loop
      vertex 151.63714882748127 92.69434515088797 3
      vertex 150.31598669307232 95.6766020923853 3
      vertex 149.962918922472 95.50657361447811 3
    endloop
  endfacet
  facet normal 0 0 1
    outer loop
      vertex 151.27536173181534 92.52951752841473 3
      vertex 151.63714882748127 92.69434515088797 3
      vertex 149.962918922472 95.50657361447811 3
    endloop
  endfacet
  facet normal 0 0 1
    outer loop
      vertex 150.90162272022962 92.39395500421524 3
      vertex 151.27536173181534 92.52951752841473 3
      vertex 149.962918922472 95.50657361447811 3
    endloop
  endfacet
  facet normal 0 0 1
    outer loop
      vertex 150.5182946847558 92.28851464092732 3
      vertex 150.90162272022962 92.39395500421524 3
      vertex 149.962918922472 95.50657361447811 3
    endloop
  endfacet
  facet normal 0 0 1
    outer loop
      vertex 150.5182946847558 92.28851464092732 3
      vertex 149.962918922472 95.50657361447811 3
      vertex 149.58086839334965 95.41937306970358 3
    endloop
  endfacet
  facet normal 0 0 1
    outer loop
      vertex 150.1278011651516 92.2138630643487 3
      vertex 150.5182946847558 92.28851464092732 3
      vertex 149.58086839334965 95.41937306970358 3
    endloop
  endfacet
  facet normal 0 0 1
    outer loop
      vertex 149.73261097090244 92.17047225385905 3
      vertex 150.1278011651516 92.2138630643487 3
      vertex 149.58086839334965 95.41937306970358 3
    endloop
  endfacet
  facet normal 0 0 1
    outer loop
      vertex 149.33522263185978 92.15861653238535 3
      vertex 149.73261097090244 92.17047225385905 3
      vertex 149.58086839334965 95.41937306970358 3
    endloop
  endfacet
  facet normal 0 0 1
    outer loop
      vertex 149.33522263185978 92.15861653238535 3
      vertex 149.58086839334965 95.41937306970358 3
      vertex 149.1889927239895 95.41937306970358 3
    endloop
  endfacet
  facet normal 0 0 1
    outer loop
      vertex 148.93814856575727 92.178370860219 3
      vertex 149.33522263185978 92.15861653238535 3
      vertex 149.1889927239895 95.41937306970358 3
    endloop
  endfacet
  facet normal 0 0 1
    outer loop
      vertex 148.54389920102358 92.22961034327746 3
      vertex 148.93814856575727 92.178370860219 3
      vertex 149.1889927239895 95.41937306970358 3
    endloop
  endfacet
  facet normal 0 0 1
    outer loop
      vertex 148.15496709959507 92.31201102286578 3
      vertex 148.54389920102358 92.22961034327746 3
      vertex 149.1889927239895 95.41937306970358 3
    endloop
  endfacet
  facet normal 0 0 1
    outer loop
      vertex 148.15496709959507 92.31201102286578 3
      vertex 149.1889927239895 95.41937306970358 3
      vertex 148.8069422023177 95.50657361447811 3
    endloop
  endfacet
  facet normal 0 0 1
    outer loop
      vertex 147.77381122874021 92.42505194693804 3
      vertex 148.15496709959507 92.31201102286578 3
      vertex 148.8069422023177 95.50657361447811 3
    endloop
  endfacet
  facet normal 0 0 1
    outer loop
      vertex 147.40284136699438 92.56801842600107 3
      vertex 147.77381122874021 92.42505194693804 3
      vertex 148.8069422023177 95.50657361447811 3
    endloop
  endfacet
  facet normal 0 0 1
    outer loop
      vertex 151.0367263855219 97.73635779768229 3
      vertex 153.97528157399893 99.14045863300562 3
      vertex 153.8032934220314 99.49889708012343 3
    endloop
  endfacet
  facet normal 0 0 1
    outer loop
      vertex 150.8666979076147 98.08942557573319 3
      vertex 151.0367263855219 97.73635779768229 3
      vertex 153.8032934220314 99.49889708012343 3
    endloop
  endfacet
  facet normal 0 0 1
    outer loop
      vertex 150.8666979076147 98.08942557573319 3
      vertex 153.8032934220314 99.49889708012343 3
      vertex 153.60337094979286 99.84253796637059 3
    endloop
  endfacet
  facet normal 0 0 1
    outer loop
      vertex 150.8666979076147 98.08942557573319 3
      vertex 153.60337094979286 99.84253796637059 3
      vertex 153.376778140831 100.16920867264271 3
    endloop
  endfacet
  facet normal 0 0 1
    outer loop
      vertex 150.62236742691994 98.3958063095808 3
      vertex 150.8666979076147 98.08942557573319 3
      vertex 153.376778140831 100.16920867264271 3
    endloop
  endfacet
  facet normal 0 0 1
    outer loop
      vertex 150.62236742691994 98.3958063095808 3
      vertex 153.376778140831 100.16920867264271 3
      vertex 153.12494759278297 100.4768438756466 3
    endloop
  endfacet
  facet normal 0 0 1
    outer loop
      vertex 150.62236742691994 98.3958063095808 3
      vertex 153.12494759278297 100.4768438756466 3
      vertex 152.84947145001888 100.76349862366915 3
    endloop
  endfacet
  facet normal 0 0 1
    outer loop
      vertex 153.8032934220314 142.90110291987656 3
      vertex 153.97528157399893 143.25954136699437 3
      vertex 151.0367263855219 144.6636422023177 3
    endloop
  endfacet
  facet normal 0 0 1
    outer loop
      vertex 153.8032934220314 142.90110291987656 3
      vertex 151.0367263855219 144.6636422023177 3
      vertex 150.8666979076147 144.3105744242668 3
    endloop
  endfacet
  facet normal 0 0 1
    outer loop
      vertex 153.60337094979286 142.5574620336294 3
      vertex 153.8032934220314 142.90110291987656 3
      vertex 150.8666979076147 144.3105744242668 3
    endloop
  endfacet
  facet normal 0 0 1
    outer loop
      vertex 153.376778140831 142.23079132735728 3
      vertex 153.60337094979286 142.5574620336294 3
      vertex 150.8666979076147 144.3105744242668 3
    endloop
  endfacet
  facet normal 0 0 1
    outer loop
      vertex 153.376778140831 142.23079132735728 3
      vertex 150.8666979076147 144.3105744242668 3
      vertex 150.62236742691994 144.00419369041919 3
    endloop
  endfacet
  facet normal 0 0 1
    outer loop
      vertex 153.12494759278297 141.9231561243534 3
      vertex 153.376778140831 142.23079132735728 3
      vertex 150.62236742691994 144.00419369041919 3
    endloop
  endfacet
  facet normal 0 0 1
    outer loop
      vertex 152.84947145001888 141.63650137633084 3
      vertex 153.12494759278297 141.9231561243534 3
      vertex 150.62236742691994 144.00419369041919 3
    endloop
  endfacet
  facet normal 0 0 1
    outer loop
      vertex 148.8069422023177 146.89342638552188 3
      vertex 147.40284136699438 149.83198157399892 3
      vertex 147.04440291987657 149.6599934220314 3
    endloop
  endfacet
  facet normal 0 0 1
    outer loop
      vertex 148.45387442426681 146.7233979076147 3
      vertex 148.8069422023177 146.89342638552188 3
      vertex 147.04440291987657 149.6599934220314 3
    endloop
  endfacet
  facet normal 0 0 1
    outer loop
      vertex 148.45387442426681 146.7233979076147 3
      vertex 147.04440291987657 149.6599934220314 3
      vertex 146.70076203362942 149.46007094979285 3
    endloop
  endfacet
  facet normal 0 0 1
    outer loop
      vertex 148.45387442426681 146.7233979076147 3
      vertex 146.70076203362942 149.46007094979285 3
      vertex 146.3740913273573 149.23347814083098 3
    endloop
  endfacet
  facet normal 0 0 1
    outer loop
      vertex 148.1474936904192 146.47906742691993 3
      vertex 148.45387442426681 146.7233979076147 3
      vertex 146.3740913273573 149.23347814083098 3
    endloop
  endfacet
  facet normal 0 0 1
    outer loop
      vertex 148.1474936904192 146.47906742691993 3
      vertex 146.3740913273573 149.23347814083098 3
      vertex 146.0664561243534 148.98164759278296 3
    endloop
  endfacet
  facet normal 0 0 1
    outer loop
      vertex 148.1474936904192 146.47906742691993 3
      vertex 146.0664561243534 148.98164759278296 3
      vertex 145.77980137633085 148.70617145001887 3
    endloop
  endfacet
  facet normal 0 0 1
    outer loop
      vertex 147.04440291987657 92.7400065779686 3
      vertex 147.40284136699438 92.56801842600107 3
      vertex 148.8069422023177 95.50657361447811 3
    endloop
  endfacet
  facet normal 0 0 1
    outer loop
      vertex 147.04440291987657 92.7400065779686 3
      vertex 148.8069422023177 95.50657361447811 3
      vertex 148.45387442426681 95.6766020923853 3
    endloop
  endfacet
  facet normal 0 0 1
    outer loop
      vertex 146.70076203362942 92.93992905020714 3
      vertex 147.04440291987657 92.7400065779686 3
      vertex 148.45387442426681 95.6766020923853 3
    endloop
  endfacet
  facet normal 0 0 1
    outer loop
      vertex 146.3740913273573 93.16652185916901 3
      vertex 146.70076203362942 92.93992905020714 3
      vertex 148.45387442426681 95.6766020923853 3
    endloop
  endfacet
  facet normal 0 0 1
    outer loop
      vertex 146.3740913273573 93.16652185916901 3
      vertex 148.45387442426681 95.6766020923853 3
      vertex 148.1474936904192 95.92093257308007 3
    endloop
  endfacet
  facet normal 0 0 1
    outer loop
      vertex 146.0664561243534 93.41835240721703 3
      vertex 146.3740913273573 93.16652185916901 3
      vertex 148.1474936904192 95.92093257308007 3
    endloop
  endfacet
  facet normal 0 0 1
    outer loop
      vertex 145.77980137633085 93.69382854998112 3
      vertex 146.0664561243534 93.41835240721703 3
      vertex 148.1474936904192 95.92093257308007 3
    endloop
  endfacet
  facet normal 0 0 1
    outer loop
      vertex 155.80150081233978 119.60375333279372 3
      vertex 155.8433 121.2 3
      vertex 150.8433 121.2 3
    endloop
  endfacet
  facet normal 0 0 1
    outer loop
      vertex 155.80150081233978 119.60375333279372 3
      vertex 150.8433 121.2 3
      vertex 150.80835313366651 119.8654331162572 3
    endloop
  endfacet
  facet normal 0 0 1
    outer loop
      vertex 150.8433 121.2 3
      vertex 155.8433 121.2 3
      vertex 155.80150081233978 122.79624666720629 3
    endloop
  endfacet
  facet normal 0 0 1
    outer loop
      vertex 150.80835313366651 122.53456688374281 3
      vertex 150.8433 121.2 3
      vertex 155.80150081233978 122.79624666720629 3
    endloop
  endfacet
  facet normal 0 0 1
    outer loop
      vertex 155.6762178094864 118.01188187003136 3
      vertex 155.80150081233978 119.60375333279372 3
      vertex 150.80835313366651 119.8654331162572 3
    endloop
  endfacet
  facet normal 0 0 1
    outer loop
      vertex 155.6762178094864 118.01188187003136 3
      vertex 150.80835313366651 119.8654331162572 3
      vertex 150.70360833423138 118.53452418446541 3
    endloop
  endfacet
  facet normal 0 0 1
    outer loop
      vertex 155.46779438869953 116.42874881327153 3
      vertex 155.6762178094864 118.01188187003136 3
      vertex 150.70360833423138 118.53452418446541 3
    endloop
  endfacet
  facet normal 0 0 1
    outer loop
      vertex 155.46779438869953 116.42874881327153 3
      vertex 150.70360833423138 118.53452418446541 3
      vertex 150.52935268746614 117.21092114299536 3
    endloop
  endfacet
  facet normal 0 0 1
    outer loop
      vertex 155.17680182324648 114.85869343280793 3
      vertex 155.46779438869953 116.42874881327153 3
      vertex 150.52935268746614 117.21092114299536 3
    endloop
  endfacet
  facet normal 0 0 1
    outer loop
      vertex 155.17680182324648 114.85869343280793 3
      vertex 150.52935268746614 117.21092114299536 3
      vertex 150.28606382029056 115.89825188070536 3
    endloop
  endfacet
  facet normal 0 0 1
    outer loop
      vertex 154.8040377052307 113.3060191243887 3
      vertex 155.17680182324648 114.85869343280793 3
      vertex 150.28606382029056 115.89825188070536 3
    endloop
  endfacet
  facet normal 0 0 1
    outer loop
      vertex 154.8040377052307 113.3060191243887 3
      vertex 150.28606382029056 115.89825188070536 3
      vertex 149.97440856711864 114.60011435002089 3
    endloop
  endfacet
  facet normal 0 0 1
    outer loop
      vertex 154.35052374767065 111.77498167455197 3
      vertex 154.8040377052307 113.3060191243887 3
      vertex 149.97440856711864 114.60011435002089 3
    endloop
  endfacet
  facet normal 0 0 1
    outer loop
      vertex 154.35052374767065 111.77498167455197 3
      vertex 149.97440856711864 114.60011435002089 3
      vertex 149.59524116681814 113.32006664276123 3
    endloop
  endfacet
  facet normal 0 0 1
    outer loop
      vertex 153.81750300543308 110.26977754086256 3
      vertex 154.35052374767065 111.77498167455197 3
      vertex 149.59524116681814 113.32006664276123 3
    endloop
  endfacet
  facet normal 0 0 1
    outer loop
      vertex 153.81750300543308 110.26977754086256 3
      vertex 149.59524116681814 113.32006664276123 3
      vertex 149.14960087852478 112.06161728948355 3
    endloop
  endfacet
  facet normal 0 0 1
    outer loop
      vertex 153.20643645541668 108.79453238546849 3
      vertex 153.81750300543308 110.26977754086256 3
      vertex 149.14960087852478 112.06161728948355 3
    endloop
  endfacet
  facet normal 0 0 1
    outer loop
      vertex 153.20643645541668 108.79453238546849 3
      vertex 149.14960087852478 112.06161728948355 3
      vertex 148.63870917277336 110.82821560353041 3
    endloop
  endfacet
  facet normal 0 0 1
    outer loop
      vertex 152.51899898813963 107.35328975766897 3
      vertex 153.20643645541668 108.79453238546849 3
      vertex 148.63870917277336 110.82821560353041 3
    endloop
  endfacet
  facet normal 0 0 1
    outer loop
      vertex 152.51899898813963 107.35328975766897 3
      vertex 148.63870917277336 110.82821560353041 3
      vertex 148.06396636383533 109.62324225604534 3
    endloop
  endfacet
  facet normal 0 0 1
    outer loop
      vertex 151.757074818182 105.95 3
      vertex 152.51899898813963 107.35328975766897 3
      vertex 148.06396636383533 109.62324225604534 3
    endloop
  endfacet
  facet normal 0 0 1
    outer loop
      vertex 151.757074818182 105.95 3
      vertex 148.06396636383533 109.62324225604534 3
      vertex 147.42694779502153 108.45 3
    endloop
  endfacet
  facet normal 0 0 1
    outer loop
      vertex 150.92275232093334 104.58850942999125 3
      vertex 151.757074818182 105.95 3
      vertex 147.42694779502153 108.45 3
    endloop
  endfacet
  facet normal 0 0 1
    outer loop
      vertex 150.92275232093334 104.58850942999125 3
      vertex 147.42694779502153 108.45 3
      vertex 146.72939948009252 107.31170461028815 3
    endloop
  endfacet
  facet normal 0 0 1
    outer loop
      vertex 150.14952026324272 103.46344981044531 3
      vertex 150.92275232093334 104.58850942999125 3
      vertex 146.72939948009252 107.31170461028815 3
    endloop
  endfacet
  facet normal 0 0 1
    outer loop
      vertex 150.14952026324272 103.46344981044531 3
      vertex 146.72939948009252 107.31170461028815 3
      vertex 145.97323335723877 106.2114760696888 3
    endloop
  endfacet
  facet normal 0 0 1
    outer loop
      vertex 150.80835313366651 122.53456688374281 3
      vertex 155.80150081233978 122.79624666720629 3
      vertex 155.6762178094864 124.38811812996865 3
    endloop
  endfacet
  facet normal 0 0 1
    outer loop
      vertex 150.70360833423138 123.8654758155346 3
      vertex 150.80835313366651 122.53456688374281 3
      vertex 155.6762178094864 124.38811812996865 3
    endloop
  endfacet
  facet normal 0 0 1
    outer loop
      vertex 150.70360833423138 123.8654758155346 3
      vertex 155.6762178094864 124.38811812996865 3
      vertex 155.46779438869953 125.97125118672848 3
    endloop
  endfacet
  facet normal 0 0 1
    outer loop
      vertex 150.52935268746614 125.18907885700465 3
      vertex 150.70360833423138 123.8654758155346 3
      vertex 155.46779438869953 125.97125118672848 3
    endloop
  endfacet
  facet normal 0 0 1
    outer loop
      vertex 150.52935268746614 125.18907885700465 3
      vertex 155.46779438869953 125.97125118672848 3
      vertex 155.17680182324648 127.54130656719208 3
    endloop
  endfacet
  facet normal 0 0 1
    outer loop
      vertex 150.28606382029056 126.50174811929465 3
      vertex 150.52935268746614 125.18907885700465 3
      vertex 155.17680182324648 127.54130656719208 3
    endloop
  endfacet
  facet normal 0 0 1
    outer loop
      vertex 150.28606382029056 126.50174811929465 3
      vertex 155.17680182324648 127.54130656719208 3
      vertex 154.8040377052307 129.0939808756113 3
    endloop
  endfacet
  facet normal 0 0 1
    outer loop
      vertex 149.97440856711864 127.79988564997912 3
      vertex 150.28606382029056 126.50174811929465 3
      vertex 154.8040377052307 129.0939808756113 3
    endloop
  endfacet
  facet normal 0 0 1
    outer loop
      vertex 149.97440856711864 127.79988564997912 3
      vertex 154.8040377052307 129.0939808756113 3
      vertex 154.35052374767065 130.62501832544802 3
    endloop
  endfacet
  facet normal 0 0 1
    outer loop
      vertex 149.59524116681814 129.07993335723876 3
      vertex 149.97440856711864 127.79988564997912 3
      vertex 154.35052374767065 130.62501832544802 3
    endloop
  endfacet
  facet normal 0 0 1
    outer loop
      vertex 149.59524116681814 129.07993335723876 3
      vertex 154.35052374767065 130.62501832544802 3
      vertex 153.81750300543308 132.13022245913743 3
    endloop
  endfacet
  facet normal 0 0 1
    outer loop
      vertex 149.14960087852478 130.33838271051644 3
      vertex 149.59524116681814 129.07993335723876 3
      vertex 153.81750300543308 132.13022245913743 3
    endloop
  endfacet
  facet normal 0 0 1
    outer loop
      vertex 149.14960087852478 130.33838271051644 3
      vertex 153.81750300543308 132.13022245913743 3
      vertex 153.20643645541668 133.6054676145315 3
    endloop
  endfacet
  facet normal 0 0 1
    outer loop
      vertex 148.63870917277336 131.57178439646958 3
      vertex 149.14960087852478 130.33838271051644 3
      vertex 153.20643645541668 133.6054676145315 3
    endloop
  endfacet
  facet normal 0 0 1
    outer loop
      vertex 148.63870917277336 131.57178439646958 3
      vertex 153.20643645541668 133.6054676145315 3
      vertex 152.51899898813963 135.04671024233102 3
    endloop
  endfacet
  facet normal 0 0 1
    outer loop
      vertex 148.06396636383533 132.77675774395465 3
      vertex 148.63870917277336 131.57178439646958 3
      vertex 152.51899898813963 135.04671024233102 3
    endloop
  endfacet
  facet normal 0 0 1
    outer loop
      vertex 148.06396636383533 132.77675774395465 3
      vertex 152.51899898813963 135.04671024233102 3
      vertex 151.757074818182 136.45 3
    endloop
  endfacet
  facet normal 0 0 1
    outer loop
      vertex 147.42694779502153 133.95 3
      vertex 148.06396636383533 132.77675774395465 3
      vertex 151.757074818182 136.45 3
    endloop
  endfacet
  facet normal 0 0 1
    outer loop
      vertex 147.42694779502153 133.95 3
      vertex 151.757074818182 136.45 3
      vertex 150.92275232093334 137.81149057000874 3
    endloop
  endfacet
  facet normal 0 0 1
    outer loop
      vertex 146.72939948009252 135.08829538971185 3
      vertex 147.42694779502153 133.95 3
      vertex 150.92275232093334 137.81149057000874 3
    endloop
  endfacet
  facet normal 0 0 1
    outer loop
      vertex 146.72939948009252 135.08829538971185 3
      vertex 150.92275232093334 137.81149057000874 3
      vertex 150.14952026324272 138.93655018955468 3
    endloop
  endfacet
  facet normal 0 0 1
    outer loop
      vertex 145.97323335723877 136.1885239303112 3
      vertex 146.72939948009252 135.08829538971185 3
      vertex 150.14952026324272 138.93655018955468 3
    endloop
  endfacet
  facet normal 0 0 1
    outer loop
      vertex 150.14952026324272 103.46344981044531 3
      vertex 145.97323335723877 106.2114760696888 3
      vertex 145.16052201406956 105.15233003050089 3
    endloop
  endfacet
  facet normal 0 0 1
    outer loop
      vertex 145.16052201406956 137.2476699694991 3
      vertex 145.97323335723877 136.1885239303112 3
      vertex 150.14952026324272 138.93655018955468 3
    endloop
  endfacet
  facet normal 0 0 1
    outer loop
      vertex 150.31598669307232 98.64013679027558 3
      vertex 150.62236742691994 98.3958063095808 3
      vertex 152.84947145001888 100.76349862366915 3
    endloop
  endfacet
  facet normal 0 0 1
    outer loop
      vertex 152.84947145001888 141.63650137633084 3
      vertex 150.62236742691994 144.00419369041919 3
      vertex 150.31598669307232 143.75986320972441 3
    endloop
  endfacet
  facet normal 0 0 1
    outer loop
      vertex 147.90316320972443 146.1726866930723 3
      vertex 148.1474936904192 146.47906742691993 3
      vertex 145.77980137633085 148.70617145001887 3
    endloop
  endfacet
  facet normal 0 0 1
    outer loop
      vertex 145.77980137633085 93.69382854998112 3
      vertex 148.1474936904192 95.92093257308007 3
      vertex 147.90316320972443 96.22731330692768 3
    endloop
  endfacet
  facet normal 0 0 1
    outer loop
      vertex 150.31598669307232 98.64013679027558 3
      vertex 152.84947145001888 100.76349862366915 3
      vertex 150.14952026324272 103.46344981044531 3
    endloop
  endfacet
  facet normal 0 0 1
    outer loop
      vertex 149.962918922472 98.81016526818276 3
      vertex 150.31598669307232 98.64013679027558 3
      vertex 150.14952026324272 103.46344981044531 3
    endloop
  endfacet
  facet normal 0 0 1
    outer loop
      vertex 149.58086839334965 98.89736580550671 3
      vertex 149.962918922472 98.81016526818276 3
      vertex 150.14952026324272 103.46344981044531 3
    endloop
  endfacet
  facet normal 0 0 1
    outer loop
      vertex 149.1889927239895 98.89736580550671 3
      vertex 149.58086839334965 98.89736580550671 3
      vertex 150.14952026324272 103.46344981044531 3
    endloop
  endfacet
  facet normal 0 0 1
    outer loop
      vertex 149.1889927239895 98.89736580550671 3
      vertex 150.14952026324272 103.46344981044531 3
      vertex 145.16052201406956 105.15233003050089 3
    endloop
  endfacet
  facet normal 0 0 1
    outer loop
      vertex 148.8069422023177 98.81016526818276 3
      vertex 149.1889927239895 98.89736580550671 3
      vertex 145.16052201406956 105.15233003050089 3
    endloop
  endfacet
  facet normal 0 0 1
    outer loop
      vertex 148.8069422023177 98.81016526818276 3
      vertex 145.16052201406956 105.15233003050089 3
      vertex 144.2934930475235 104.1371695369482 3
    endloop
  endfacet
  facet normal 0 0 1
    outer loop
      vertex 148.45387442426681 98.64013679027558 3
      vertex 148.8069422023177 98.81016526818276 3
      vertex 144.2934930475235 104.1371695369482 3
    endloop
  endfacet
  facet normal 0 0 1
    outer loop
      vertex 148.1474936904192 98.3958063095808 3
      vertex 148.45387442426681 98.64013679027558 3
      vertex 144.2934930475235 104.1371695369482 3
    endloop
  endfacet
  facet normal 0 0 1
    outer loop
      vertex 148.1474936904192 98.3958063095808 3
      vertex 144.2934930475235 104.1371695369482 3
      vertex 143.37452291713953 103.16877708286047 3
    endloop
  endfacet
  facet normal 0 0 1
    outer loop
      vertex 148.1474936904192 98.3958063095808 3
      vertex 143.37452291713953 103.16877708286047 3
      vertex 142.4061304630518 102.2498069524765 3
    endloop
  endfacet
  facet normal 0 0 1
    outer loop
      vertex 147.90316320972443 98.08942557573319 3
      vertex 148.1474936904192 98.3958063095808 3
      vertex 142.4061304630518 102.2498069524765 3
    endloop
  endfacet
  facet normal 0 0 1
    outer loop
      vertex 150.14952026324272 138.93655018955468 3
      vertex 152.84947145001888 141.63650137633084 3
      vertex 150.31598669307232 143.75986320972441 3
    endloop
  endfacet
  facet normal 0 0 1
    outer loop
      vertex 150.14952026324272 138.93655018955468 3
      vertex 150.31598669307232 143.75986320972441 3
      vertex 149.962918922472 143.58983473181723 3
    endloop
  endfacet
  facet normal 0 0 1
    outer loop
      vertex 150.14952026324272 138.93655018955468 3
      vertex 149.962918922472 143.58983473181723 3
      vertex 149.58086839334965 143.50263419449328 3
    endloop
  endfacet
  facet normal 0 0 1
    outer loop
      vertex 150.14952026324272 138.93655018955468 3
      vertex 149.58086839334965 143.50263419449328 3
      vertex 149.1889927239895 143.50263419449328 3
    endloop
  endfacet
  facet normal 0 0 1
    outer loop
      vertex 145.16052201406956 137.2476699694991 3
      vertex 150.14952026324272 138.93655018955468 3
      vertex 149.1889927239895 143.50263419449328 3
    endloop
  endfacet
  facet normal 0 0 1
    outer loop
      vertex 145.16052201406956 137.2476699694991 3
      vertex 149.1889927239895 143.50263419449328 3
      vertex 148.8069422023177 143.58983473181723 3
    endloop
  endfacet
  facet normal 0 0 1
    outer loop
      vertex 144.2934930475235 138.26283046305178 3
      vertex 145.16052201406956 137.2476699694991 3
      vertex 148.8069422023177 143.58983473181723 3
    endloop
  endfacet
  facet normal 0 0 1
    outer loop
      vertex 144.2934930475235 138.26283046305178 3
      vertex 148.8069422023177 143.58983473181723 3
      vertex 148.45387442426681 143.75986320972441 3
    endloop
  endfacet
  facet normal 0 0 1
    outer loop
      vertex 144.2934930475235 138.26283046305178 3
      vertex 148.45387442426681 143.75986320972441 3
      vertex 148.1474936904192 144.00419369041919 3
    endloop
  endfacet
  facet normal 0 0 1
    outer loop
      vertex 143.37452291713953 139.23122291713952 3
      vertex 144.2934930475235 138.26283046305178 3
      vertex 148.1474936904192 144.00419369041919 3
    endloop
  endfacet
  facet normal 0 0 1
    outer loop
      vertex 142.4061304630518 140.1501930475235 3
      vertex 143.37452291713953 139.23122291713952 3
      vertex 148.1474936904192 144.00419369041919 3
    endloop
  endfacet
  facet normal 0 0 1
    outer loop
      vertex 142.4061304630518 140.1501930475235 3
      vertex 148.1474936904192 144.00419369041919 3
      vertex 147.90316320972443 144.3105744242668 3
    endloop
  endfacet
  facet normal 0 0 1
    outer loop
      vertex 147.90316320972443 146.1726866930723 3
      vertex 145.77980137633085 148.70617145001887 3
      vertex 143.0798501895547 146.0062202632427 3
    endloop
  endfacet
  facet normal 0 0 1
    outer loop
      vertex 147.73313473181724 145.819618922472 3
      vertex 147.90316320972443 146.1726866930723 3
      vertex 143.0798501895547 146.0062202632427 3
    endloop
  endfacet
  facet normal 0 0 1
    outer loop
      vertex 147.6459341944933 145.43756839334964 3
      vertex 147.73313473181724 145.819618922472 3
      vertex 143.0798501895547 146.0062202632427 3
    endloop
  endfacet
  facet normal 0 0 1
    outer loop
      vertex 147.6459341944933 145.04569272398948 3
      vertex 147.6459341944933 145.43756839334964 3
      vertex 143.0798501895547 146.0062202632427 3
    endloop
  endfacet
  facet normal 0 0 1
    outer loop
      vertex 143.0798501895547 96.39377973675728 3
      vertex 145.77980137633085 93.69382854998112 3
      vertex 147.90316320972443 96.22731330692768 3
    endloop
  endfacet
  facet normal 0 0 1
    outer loop
      vertex 143.0798501895547 96.39377973675728 3
      vertex 147.90316320972443 96.22731330692768 3
      vertex 147.73313473181724 96.580381077528 3
    endloop
  endfacet
  facet normal 0 0 1
    outer loop
      vertex 143.0798501895547 96.39377973675728 3
      vertex 147.73313473181724 96.580381077528 3
      vertex 147.6459341944933 96.96243160665036 3
    endloop
  endfacet
  facet normal 0 0 1
    outer loop
      vertex 143.0798501895547 96.39377973675728 3
      vertex 147.6459341944933 96.96243160665036 3
      vertex 147.6459341944933 97.35430727601052 3
    endloop
  endfacet
  facet normal 0 0 1
    outer loop
      vertex 147.73313473181724 97.73635779768229 3
      vertex 147.90316320972443 98.08942557573319 3
      vertex 142.4061304630518 102.2498069524765 3
    endloop
  endfacet
  facet normal 0 0 1
    outer loop
      vertex 147.73313473181724 97.73635779768229 3
      vertex 142.4061304630518 102.2498069524765 3
      vertex 141.3909699694991 101.38277798593045 3
    endloop
  endfacet
  facet normal 0 0 1
    outer loop
      vertex 142.4061304630518 140.1501930475235 3
      vertex 147.90316320972443 144.3105744242668 3
      vertex 147.73313473181724 144.6636422023177 3
    endloop
  endfacet
  facet normal 0 0 1
    outer loop
      vertex 141.3909699694991 141.01722201406955 3
      vertex 142.4061304630518 140.1501930475235 3
      vertex 147.73313473181724 144.6636422023177 3
    endloop
  endfacet
  facet normal 0 0 1
    outer loop
      vertex 147.6459341944933 97.35430727601052 3
      vertex 147.73313473181724 97.73635779768229 3
      vertex 141.3909699694991 101.38277798593045 3
    endloop
  endfacet
  facet normal 0 0 1
    outer loop
      vertex 143.0798501895547 96.39377973675728 3
      vertex 147.6459341944933 97.35430727601052 3
      vertex 141.3909699694991 101.38277798593045 3
    endloop
  endfacet
  facet normal 0 0 1
    outer loop
      vertex 143.0798501895547 96.39377973675728 3
      vertex 141.3909699694991 101.38277798593045 3
      vertex 140.3318239303112 100.57006664276123 3
    endloop
  endfacet
  facet normal 0 0 1
    outer loop
      vertex 143.0798501895547 96.39377973675728 3
      vertex 140.3318239303112 100.57006664276123 3
      vertex 139.23159538971186 99.81390051990748 3
    endloop
  endfacet
  facet normal 0 0 1
    outer loop
      vertex 141.95479057000875 95.62054767906666 3
      vertex 143.0798501895547 96.39377973675728 3
      vertex 139.23159538971186 99.81390051990748 3
    endloop
  endfacet
  facet normal 0 0 1
    outer loop
      vertex 140.5933 94.78622518181801 3
      vertex 141.95479057000875 95.62054767906666 3
      vertex 139.23159538971186 99.81390051990748 3
    endloop
  endfacet
  facet normal 0 0 1
    outer loop
      vertex 140.5933 94.78622518181801 3
      vertex 139.23159538971186 99.81390051990748 3
      vertex 138.0933 99.11635220497847 3
    endloop
  endfacet
  facet normal 0 0 1
    outer loop
      vertex 139.19001024233103 94.02430101186037 3
      vertex 140.5933 94.78622518181801 3
      vertex 138.0933 99.11635220497847 3
    endloop
  endfacet
  facet normal 0 0 1
    outer loop
      vertex 139.19001024233103 94.02430101186037 3
      vertex 138.0933 99.11635220497847 3
      vertex 136.92005774395466 98.47933363616467 3
    endloop
  endfacet
  facet normal 0 0 1
    outer loop
      vertex 137.74876761453152 93.33686354458332 3
      vertex 139.19001024233103 94.02430101186037 3
      vertex 136.92005774395466 98.47933363616467 3
    endloop
  endfacet
  facet normal 0 0 1
    outer loop
      vertex 137.74876761453152 93.33686354458332 3
      vertex 136.92005774395466 98.47933363616467 3
      vertex 135.7150843964696 97.90459082722664 3
    endloop
  endfacet
  facet normal 0 0 1
    outer loop
      vertex 136.27352245913744 92.72579699456692 3
      vertex 137.74876761453152 93.33686354458332 3
      vertex 135.7150843964696 97.90459082722664 3
    endloop
  endfacet
  facet normal 0 0 1
    outer loop
      vertex 136.27352245913744 92.72579699456692 3
      vertex 135.7150843964696 97.90459082722664 3
      vertex 134.48168271051645 97.39369912147522 3
    endloop
  endfacet
  facet normal 0 0 1
    outer loop
      vertex 134.76831832544804 92.19277625232935 3
      vertex 136.27352245913744 92.72579699456692 3
      vertex 134.48168271051645 97.39369912147522 3
    endloop
  endfacet
  facet normal 0 0 1
    outer loop
      vertex 134.76831832544804 92.19277625232935 3
      vertex 134.48168271051645 97.39369912147522 3
      vertex 133.22323335723877 96.94805883318186 3
    endloop
  endfacet
  facet normal 0 0 1
    outer loop
      vertex 133.2372808756113 91.73926229476929 3
      vertex 134.76831832544804 92.19277625232935 3
      vertex 133.22323335723877 96.94805883318186 3
    endloop
  endfacet
  facet normal 0 0 1
    outer loop
      vertex 133.2372808756113 91.73926229476929 3
      vertex 133.22323335723877 96.94805883318186 3
      vertex 131.9431856499791 96.56889143288136 3
    endloop
  endfacet
  facet normal 0 0 1
    outer loop
      vertex 131.68460656719208 91.36649817675352 3
      vertex 133.2372808756113 91.73926229476929 3
      vertex 131.9431856499791 96.56889143288136 3
    endloop
  endfacet
  facet normal 0 0 1
    outer loop
      vertex 131.68460656719208 91.36649817675352 3
      vertex 131.9431856499791 96.56889143288136 3
      vertex 130.64504811929464 96.25723617970944 3
    endloop
  endfacet
  facet normal 0 0 1
    outer loop
      vertex 130.11455118672848 91.07550561130047 3
      vertex 131.68460656719208 91.36649817675352 3
      vertex 130.64504811929464 96.25723617970944 3
    endloop
  endfacet
  facet normal 0 0 1
    outer loop
      vertex 130.11455118672848 91.07550561130047 3
      vertex 130.64504811929464 96.25723617970944 3
      vertex 129.33237885700464 96.01394731253386 3
    endloop
  endfacet
  facet normal 0 0 1
    outer loop
      vertex 128.53141812996864 90.86708219051361 3
      vertex 130.11455118672848 91.07550561130047 3
      vertex 129.33237885700464 96.01394731253386 3
    endloop
  endfacet
  facet normal 0 0 1
    outer loop
      vertex 128.53141812996864 90.86708219051361 3
      vertex 129.33237885700464 96.01394731253386 3
      vertex 128.0087758155346 95.83969166576863 3
    endloop
  endfacet
  facet normal 0 0 1
    outer loop
      vertex 126.93954666720627 90.74179918766022 3
      vertex 128.53141812996864 90.86708219051361 3
      vertex 128.0087758155346 95.83969166576863 3
    endloop
  endfacet
  facet normal 0 0 1
    outer loop
      vertex 126.93954666720627 90.74179918766022 3
      vertex 128.0087758155346 95.83969166576863 3
      vertex 126.6778668837428 95.73494686633349 3
    endloop
  endfacet
  facet normal 0 0 1
    outer loop
      vertex 125.34329999999999 90.7 3
      vertex 126.93954666720627 90.74179918766022 3
      vertex 126.6778668837428 95.73494686633349 3
    endloop
  endfacet
  facet normal 0 0 1
    outer loop
      vertex 125.34329999999999 90.7 3
      vertex 126.6778668837428 95.73494686633349 3
      vertex 125.34329999999999 95.7 3
    endloop
  endfacet
  facet normal 0 0 1
    outer loop
      vertex 123.7470533327937 90.74179918766022 3
      vertex 125.34329999999999 90.7 3
      vertex 125.34329999999999 95.7 3
    endloop
  endfacet
  facet normal 0 0 1
    outer loop
      vertex 123.7470533327937 90.74179918766022 3
      vertex 125.34329999999999 95.7 3
      vertex 124.00873311625718 95.73494686633349 3
    endloop
  endfacet
  facet normal 0 0 1
    outer loop
      vertex 122.15518187003134 90.86708219051361 3
      vertex 123.7470533327937 90.74179918766022 3
      vertex 124.00873311625718 95.73494686633349 3
    endloop
  endfacet
  facet normal 0 0 1
    outer loop
      vertex 122.15518187003134 90.86708219051361 3
      vertex 124.00873311625718 95.73494686633349 3
      vertex 122.6778241844654 95.83969166576863 3
    endloop
  endfacet
  facet normal 0 0 1
    outer loop
      vertex 120.57204881327151 91.07550561130047 3
      vertex 122.15518187003134 90.86708219051361 3
      vertex 122.6778241844654 95.83969166576863 3
    endloop
  endfacet
  facet normal 0 0 1
    outer loop
      vertex 120.57204881327151 91.07550561130047 3
      vertex 122.6778241844654 95.83969166576863 3
      vertex 121.35422114299534 96.01394731253386 3
    endloop
  endfacet
  facet normal 0 0 1
    outer loop
      vertex 119.00199343280791 91.36649817675352 3
      vertex 120.57204881327151 91.07550561130047 3
      vertex 121.35422114299534 96.01394731253386 3
    endloop
  endfacet
  facet normal 0 0 1
    outer loop
      vertex 119.00199343280791 91.36649817675352 3
      vertex 121.35422114299534 96.01394731253386 3
      vertex 120.04155188070534 96.25723617970944 3
    endloop
  endfacet
  facet normal 0 0 1
    outer loop
      vertex 117.44931912438868 91.73926229476929 3
      vertex 119.00199343280791 91.36649817675352 3
      vertex 120.04155188070534 96.25723617970944 3
    endloop
  endfacet
  facet normal 0 0 1
    outer loop
      vertex 117.44931912438868 91.73926229476929 3
      vertex 120.04155188070534 96.25723617970944 3
      vertex 118.74341435002087 96.56889143288136 3
    endloop
  endfacet
  facet normal 0 0 1
    outer loop
      vertex 115.91828167455195 92.19277625232935 3
      vertex 117.44931912438868 91.73926229476929 3
      vertex 118.74341435002087 96.56889143288136 3
    endloop
  endfacet
  facet normal 0 0 1
    outer loop
      vertex 115.91828167455195 92.19277625232935 3
      vertex 118.74341435002087 96.56889143288136 3
      vertex 117.46336664276122 96.94805883318186 3
    endloop
  endfacet
  facet normal 0 0 1
    outer loop
      vertex 114.41307754086255 92.72579699456692 3
      vertex 115.91828167455195 92.19277625232935 3
      vertex 117.46336664276122 96.94805883318186 3
    endloop
  endfacet
  facet normal 0 0 1
    outer loop
      vertex 114.41307754086255 92.72579699456692 3
      vertex 117.46336664276122 96.94805883318186 3
      vertex 116.20491728948353 97.39369912147522 3
    endloop
  endfacet
  facet normal 0 0 1
    outer loop
      vertex 112.93783238546847 93.33686354458332 3
      vertex 114.41307754086255 92.72579699456692 3
      vertex 116.20491728948353 97.39369912147522 3
    endloop
  endfacet
  facet normal 0 0 1
    outer loop
      vertex 111.49658975766896 94.02430101186037 3
      vertex 112.93783238546847 93.33686354458332 3
      vertex 116.20491728948353 97.39369912147522 3
    endloop
  endfacet
  facet normal 0 0 1
    outer loop
      vertex 141.3909699694991 141.01722201406955 3
      vertex 147.73313473181724 144.6636422023177 3
      vertex 147.6459341944933 145.04569272398948 3
    endloop
  endfacet
  facet normal 0 0 1
    outer loop
      vertex 141.3909699694991 141.01722201406955 3
      vertex 147.6459341944933 145.04569272398948 3
      vertex 143.0798501895547 146.0062202632427 3
    endloop
  endfacet
  facet normal 0 0 1
    outer loop
      vertex 140.3318239303112 141.82993335723876 3
      vertex 141.3909699694991 141.01722201406955 3
      vertex 143.0798501895547 146.0062202632427 3
    endloop
  endfacet
  facet normal 0 0 1
    outer loop
      vertex 139.23159538971186 142.5860994800925 3
      vertex 140.3318239303112 141.82993335723876 3
      vertex 143.0798501895547 146.0062202632427 3
    endloop
  endfacet
  facet normal 0 0 1
    outer loop
      vertex 139.23159538971186 142.5860994800925 3
      vertex 143.0798501895547 146.0062202632427 3
      vertex 141.95479057000875 146.77945232093333 3
    endloop
  endfacet
  facet normal 0 0 1
    outer loop
      vertex 139.23159538971186 142.5860994800925 3
      vertex 141.95479057000875 146.77945232093333 3
      vertex 140.5933 147.61377481818198 3
    endloop
  endfacet
  facet normal 0 0 1
    outer loop
      vertex 138.0933 143.28364779502152 3
      vertex 139.23159538971186 142.5860994800925 3
      vertex 140.5933 147.61377481818198 3
    endloop
  endfacet
  facet normal 0 0 1
    outer loop
      vertex 138.0933 143.28364779502152 3
      vertex 140.5933 147.61377481818198 3
      vertex 139.19001024233103 148.37569898813962 3
    endloop
  endfacet
  facet normal 0 0 1
    outer loop
      vertex 136.92005774395466 143.92066636383532 3
      vertex 138.0933 143.28364779502152 3
      vertex 139.19001024233103 148.37569898813962 3
    endloop
  endfacet
  facet normal 0 0 1
    outer loop
      vertex 136.92005774395466 143.92066636383532 3
      vertex 139.19001024233103 148.37569898813962 3
      vertex 137.74876761453152 149.06313645541667 3
    endloop
  endfacet
  facet normal 0 0 1
    outer loop
      vertex 135.7150843964696 144.49540917277335 3
      vertex 136.92005774395466 143.92066636383532 3
      vertex 137.74876761453152 149.06313645541667 3
    endloop
  endfacet
  facet normal 0 0 1
    outer loop
      vertex 135.7150843964696 144.49540917277335 3
      vertex 137.74876761453152 149.06313645541667 3
      vertex 136.27352245913744 149.67420300543307 3
    endloop
  endfacet
  facet normal 0 0 1
    outer loop
      vertex 134.48168271051645 145.00630087852477 3
      vertex 135.7150843964696 144.49540917277335 3
      vertex 136.27352245913744 149.67420300543307 3
    endloop
  endfacet
  facet normal 0 0 1
    outer loop
      vertex 134.48168271051645 145.00630087852477 3
      vertex 136.27352245913744 149.67420300543307 3
      vertex 134.76831832544804 150.20722374767064 3
    endloop
  endfacet
  facet normal 0 0 1
    outer loop
      vertex 133.22323335723877 145.45194116681813 3
      vertex 134.48168271051645 145.00630087852477 3
      vertex 134.76831832544804 150.20722374767064 3
    endloop
  endfacet
  facet normal 0 0 1
    outer loop
      vertex 133.22323335723877 145.45194116681813 3
      vertex 134.76831832544804 150.20722374767064 3
      vertex 133.2372808756113 150.6607377052307 3
    endloop
  endfacet
  facet normal 0 0 1
    outer loop
      vertex 131.9431856499791 145.83110856711863 3
      vertex 133.22323335723877 145.45194116681813 3
      vertex 133.2372808756113 150.6607377052307 3
    endloop
  endfacet
  facet normal 0 0 1
    outer loop
      vertex 131.9431856499791 145.83110856711863 3
      vertex 133.2372808756113 150.6607377052307 3
      vertex 131.68460656719208 151.03350182324647 3
    endloop
  endfacet
  facet normal 0 0 1
    outer loop
      vertex 130.64504811929464 146.14276382029055 3
      vertex 131.9431856499791 145.83110856711863 3
      vertex 131.68460656719208 151.03350182324647 3
    endloop
  endfacet
  facet normal 0 0 1
    outer loop
      vertex 130.64504811929464 146.14276382029055 3
      vertex 131.68460656719208 151.03350182324647 3
      vertex 130.11455118672848 151.32449438869952 3
    endloop
  endfacet
  facet normal 0 0 1
    outer loop
      vertex 129.33237885700464 146.38605268746613 3
      vertex 130.64504811929464 146.14276382029055 3
      vertex 130.11455118672848 151.32449438869952 3
    endloop
  endfacet
  facet normal 0 0 1
    outer loop
      vertex 129.33237885700464 146.38605268746613 3
      vertex 130.11455118672848 151.32449438869952 3
      vertex 128.53141812996864 151.53291780948638 3
    endloop
  endfacet
  facet normal 0 0 1
    outer loop
      vertex 128.0087758155346 146.56030833423137 3
      vertex 129.33237885700464 146.38605268746613 3
      vertex 128.53141812996864 151.53291780948638 3
    endloop
  endfacet
  facet normal 0 0 1
    outer loop
      vertex 128.0087758155346 146.56030833423137 3
      vertex 128.53141812996864 151.53291780948638 3
      vertex 126.93954666720627 151.65820081233977 3
    endloop
  endfacet
  facet normal 0 0 1
    outer loop
      vertex 126.6778668837428 146.6650531336665 3
      vertex 128.0087758155346 146.56030833423137 3
      vertex 126.93954666720627 151.65820081233977 3
    endloop
  endfacet
  facet normal 0 0 1
    outer loop
      vertex 126.6778668837428 146.6650531336665 3
      vertex 126.93954666720627 151.65820081233977 3
      vertex 125.34329999999999 151.7 3
    endloop
  endfacet
  facet normal 0 0 1
    outer loop
      vertex 125.34329999999999 146.7 3
      vertex 126.6778668837428 146.6650531336665 3
      vertex 125.34329999999999 151.7 3
    endloop
  endfacet
  facet normal 0 0 1
    outer loop
      vertex 125.34329999999999 146.7 3
      vertex 125.34329999999999 151.7 3
      vertex 123.7470533327937 151.65820081233977 3
    endloop
  endfacet
  facet normal 0 0 1
    outer loop
      vertex 124.00873311625718 146.6650531336665 3
      vertex 125.34329999999999 146.7 3
      vertex 123.7470533327937 151.65820081233977 3
    endloop
  endfacet
  facet normal 0 0 1
    outer loop
      vertex 124.00873311625718 146.6650531336665 3
      vertex 123.7470533327937 151.65820081233977 3
      vertex 122.15518187003134 151.53291780948638 3
    endloop
  endfacet
  facet normal 0 0 1
    outer loop
      vertex 122.6778241844654 146.56030833423137 3
      vertex 124.00873311625718 146.6650531336665 3
      vertex 122.15518187003134 151.53291780948638 3
    endloop
  endfacet
  facet normal 0 0 1
    outer loop
      vertex 122.6778241844654 146.56030833423137 3
      vertex 122.15518187003134 151.53291780948638 3
      vertex 120.57204881327151 151.32449438869952 3
    endloop
  endfacet
  facet normal 0 0 1
    outer loop
      vertex 121.35422114299534 146.38605268746613 3
      vertex 122.6778241844654 146.56030833423137 3
      vertex 120.57204881327151 151.32449438869952 3
    endloop
  endfacet
  facet normal 0 0 1
    outer loop
      vertex 121.35422114299534 146.38605268746613 3
      vertex 120.57204881327151 151.32449438869952 3
      vertex 119.00199343280791 151.03350182324647 3
    endloop
  endfacet
  facet normal 0 0 1
    outer loop
      vertex 120.04155188070534 146.14276382029055 3
      vertex 121.35422114299534 146.38605268746613 3
      vertex 119.00199343280791 151.03350182324647 3
    endloop
  endfacet
  facet normal 0 0 1
    outer loop
      vertex 120.04155188070534 146.14276382029055 3
      vertex 119.00199343280791 151.03350182324647 3
      vertex 117.44931912438868 150.6607377052307 3
    endloop
  endfacet
  facet normal 0 0 1
    outer loop
      vertex 118.74341435002087 145.83110856711863 3
      vertex 120.04155188070534 146.14276382029055 3
      vertex 117.44931912438868 150.6607377052307 3
    endloop
  endfacet
  facet normal 0 0 1
    outer loop
      vertex 118.74341435002087 145.83110856711863 3
      vertex 117.44931912438868 150.6607377052307 3
      vertex 115.91828167455195 150.20722374767064 3
    endloop
  endfacet
  facet normal 0 0 1
    outer loop
      vertex 117.46336664276122 145.45194116681813 3
      vertex 118.74341435002087 145.83110856711863 3
      vertex 115.91828167455195 150.20722374767064 3
    endloop
  endfacet
  facet normal 0 0 1
    outer loop
      vertex 117.46336664276122 145.45194116681813 3
      vertex 115.91828167455195 150.20722374767064 3
      vertex 114.41307754086255 149.67420300543307 3
    endloop
  endfacet
  facet normal 0 0 1
    outer loop
      vertex 117.46336664276122 145.45194116681813 3
      vertex 114.41307754086255 149.67420300543307 3
      vertex 112.93783238546847 149.06313645541667 3
    endloop
  endfacet
  facet normal 0 0 1
    outer loop
      vertex 110.09329999999999 94.78622518181801 3
      vertex 111.49658975766896 94.02430101186037 3
      vertex 116.20491728948353 97.39369912147522 3
    endloop
  endfacet
  facet normal 0 0 1
    outer loop
      vertex 117.46336664276122 145.45194116681813 3
      vertex 112.93783238546847 149.06313645541667 3
      vertex 111.49658975766896 148.37569898813962 3
    endloop
  endfacet
  facet normal 0 0 1
    outer loop
      vertex 108.73180942999123 95.62054767906666 3
      vertex 110.09329999999999 94.78622518181801 3
      vertex 116.20491728948353 97.39369912147522 3
    endloop
  endfacet
  facet normal 0 0 1
    outer loop
      vertex 117.46336664276122 145.45194116681813 3
      vertex 111.49658975766896 148.37569898813962 3
      vertex 110.09329999999999 147.61377481818198 3
    endloop
  endfacet
  facet normal 0 0 1
    outer loop
      vertex 107.6067498104453 96.39377973675728 3
      vertex 108.73180942999123 95.62054767906666 3
      vertex 116.20491728948353 97.39369912147522 3
    endloop
  endfacet
  facet normal 0 0 1
    outer loop
      vertex 107.6067498104453 96.39377973675728 3
      vertex 116.20491728948353 97.39369912147522 3
      vertex 103.04066580550669 97.35430727601052 3
    endloop
  endfacet
  facet normal 0 0 1
    outer loop
      vertex 107.6067498104453 96.39377973675728 3
      vertex 103.04066580550669 97.35430727601052 3
      vertex 103.04066580550669 96.96243160665036 3
    endloop
  endfacet
  facet normal 0 0 1
    outer loop
      vertex 107.6067498104453 96.39377973675728 3
      vertex 103.04066580550669 96.96243160665036 3
      vertex 102.95346526818274 96.580381077528 3
    endloop
  endfacet
  facet normal 0 0 1
    outer loop
      vertex 104.90679862366913 93.69382854998112 3
      vertex 107.6067498104453 96.39377973675728 3
      vertex 102.95346526818274 96.580381077528 3
    endloop
  endfacet
  facet normal 0 0 1
    outer loop
      vertex 104.90679862366913 93.69382854998112 3
      vertex 102.95346526818274 96.580381077528 3
      vertex 102.78343679027556 96.22731330692768 3
    endloop
  endfacet
  facet normal 0 0 1
    outer loop
      vertex 104.90679862366913 93.69382854998112 3
      vertex 102.78343679027556 96.22731330692768 3
      vertex 102.53910630958079 95.92093257308007 3
    endloop
  endfacet
  facet normal 0 0 1
    outer loop
      vertex 104.62014387564658 93.41835240721703 3
      vertex 104.90679862366913 93.69382854998112 3
      vertex 102.53910630958079 95.92093257308007 3
    endloop
  endfacet
  facet normal 0 0 1
    outer loop
      vertex 104.31250867264269 93.16652185916901 3
      vertex 104.62014387564658 93.41835240721703 3
      vertex 102.53910630958079 95.92093257308007 3
    endloop
  endfacet
  facet normal 0 0 1
    outer loop
      vertex 104.31250867264269 93.16652185916901 3
      vertex 102.53910630958079 95.92093257308007 3
      vertex 102.23272557573317 95.6766020923853 3
    endloop
  endfacet
  facet normal 0 0 1
    outer loop
      vertex 103.98583796637057 92.93992905020714 3
      vertex 104.31250867264269 93.16652185916901 3
      vertex 102.23272557573317 95.6766020923853 3
    endloop
  endfacet
  facet normal 0 0 1
    outer loop
      vertex 103.64219708012341 92.7400065779686 3
      vertex 103.98583796637057 92.93992905020714 3
      vertex 102.23272557573317 95.6766020923853 3
    endloop
  endfacet
  facet normal 0 0 1
    outer loop
      vertex 103.64219708012341 92.7400065779686 3
      vertex 102.23272557573317 95.6766020923853 3
      vertex 101.87965779768227 95.50657361447811 3
    endloop
  endfacet
  facet normal 0 0 1
    outer loop
      vertex 103.2837586330056 92.56801842600107 3
      vertex 103.64219708012341 92.7400065779686 3
      vertex 101.87965779768227 95.50657361447811 3
    endloop
  endfacet
  facet normal 0 0 1
    outer loop
      vertex 102.91278877125977 92.42505194693804 3
      vertex 103.2837586330056 92.56801842600107 3
      vertex 101.87965779768227 95.50657361447811 3
    endloop
  endfacet
  facet normal 0 0 1
    outer loop
      vertex 102.53163290040492 92.31201102286578 3
      vertex 102.91278877125977 92.42505194693804 3
      vertex 101.87965779768227 95.50657361447811 3
    endloop
  endfacet
  facet normal 0 0 1
    outer loop
      vertex 102.53163290040492 92.31201102286578 3
      vertex 101.87965779768227 95.50657361447811 3
      vertex 101.4976072760105 95.41937306970358 3
    endloop
  endfacet
  facet normal 0 0 1
    outer loop
      vertex 102.1427007989764 92.22961034327746 3
      vertex 102.53163290040492 92.31201102286578 3
      vertex 101.4976072760105 95.41937306970358 3
    endloop
  endfacet
  facet normal 0 0 1
    outer loop
      vertex 101.74845143424271 92.178370860219 3
      vertex 102.1427007989764 92.22961034327746 3
      vertex 101.4976072760105 95.41937306970358 3
    endloop
  endfacet
  facet normal 0 0 1
    outer loop
      vertex 101.3513773681402 92.15861653238535 3
      vertex 101.74845143424271 92.178370860219 3
      vertex 101.4976072760105 95.41937306970358 3
    endloop
  endfacet
  facet normal 0 0 1
    outer loop
      vertex 101.3513773681402 92.15861653238535 3
      vertex 101.4976072760105 95.41937306970358 3
      vertex 101.10573160665034 95.41937306970358 3
    endloop
  endfacet
  facet normal 0 0 1
    outer loop
      vertex 100.95398902909754 92.17047225385905 3
      vertex 101.3513773681402 92.15861653238535 3
      vertex 101.10573160665034 95.41937306970358 3
    endloop
  endfacet
  facet normal 0 0 1
    outer loop
      vertex 100.55879883484839 92.2138630643487 3
      vertex 100.95398902909754 92.17047225385905 3
      vertex 101.10573160665034 95.41937306970358 3
    endloop
  endfacet
  facet normal 0 0 1
    outer loop
      vertex 100.16830531524418 92.28851464092732 3
      vertex 100.55879883484839 92.2138630643487 3
      vertex 101.10573160665034 95.41937306970358 3
    endloop
  endfacet
  facet normal 0 0 1
    outer loop
      vertex 100.16830531524418 92.28851464092732 3
      vertex 101.10573160665034 95.41937306970358 3
      vertex 100.72368107752798 95.50657361447811 3
    endloop
  endfacet
  facet normal 0 0 1
    outer loop
      vertex 99.78497727977036 92.39395500421524 3
      vertex 100.16830531524418 92.28851464092732 3
      vertex 100.72368107752798 95.50657361447811 3
    endloop
  endfacet
  facet normal 0 0 1
    outer loop
      vertex 99.41123826818465 92.52951752841473 3
      vertex 99.78497727977036 92.39395500421524 3
      vertex 100.72368107752798 95.50657361447811 3
    endloop
  endfacet
  facet normal 0 0 1
    outer loop
      vertex 99.04945117251872 92.69434515088797 3
      vertex 99.41123826818465 92.52951752841473 3
      vertex 100.72368107752798 95.50657361447811 3
    endloop
  endfacet
  facet normal 0 0 1
    outer loop
      vertex 99.04945117251872 92.69434515088797 3
      vertex 100.72368107752798 95.50657361447811 3
      vertex 100.37061330692767 95.6766020923853 3
    endloop
  endfacet
  facet normal 0 0 1
    outer loop
      vertex 98.70190332101582 92.88739576637745 3
      vertex 99.04945117251872 92.69434515088797 3
      vertex 100.37061330692767 95.6766020923853 3
    endloop
  endfacet
  facet normal 0 0 1
    outer loop
      vertex 98.37079202400444 93.10744885802269 3
      vertex 98.70190332101582 92.88739576637745 3
      vertex 100.37061330692767 95.6766020923853 3
    endloop
  endfacet
  facet normal 0 0 1
    outer loop
      vertex 98.05821068601607 93.35311316400767 3
      vertex 98.37079202400444 93.10744885802269 3
      vertex 100.37061330692767 95.6766020923853 3
    endloop
  endfacet
  facet normal 0 0 1
    outer loop
      vertex 98.05821068601607 93.35311316400767 3
      vertex 100.37061330692767 95.6766020923853 3
      vertex 100.06423257308005 95.92093257308007 3
    endloop
  endfacet
  facet normal 0 0 1
    outer loop
      vertex 97.76613553630112 93.62283553630114 3
      vertex 98.05821068601607 93.35311316400767 3
      vertex 100.06423257308005 95.92093257308007 3
    endloop
  endfacet
  facet normal 0 0 1
    outer loop
      vertex 97.49641316400765 93.91491068601609 3
      vertex 97.76613553630112 93.62283553630114 3
      vertex 100.06423257308005 95.92093257308007 3
    endloop
  endfacet
  facet normal 0 0 1
    outer loop
      vertex 97.49641316400765 93.91491068601609 3
      vertex 100.06423257308005 95.92093257308007 3
      vertex 99.81990209238528 96.22731330692768 3
    endloop
  endfacet
  facet normal 0 0 1
    outer loop
      vertex 97.25074885802267 94.22749202400446 3
      vertex 97.49641316400765 93.91491068601609 3
      vertex 99.81990209238528 96.22731330692768 3
    endloop
  endfacet
  facet normal 0 0 1
    outer loop
      vertex 97.03069576637743 94.55860332101584 3
      vertex 97.25074885802267 94.22749202400446 3
      vertex 99.81990209238528 96.22731330692768 3
    endloop
  endfacet
  facet normal 0 0 1
    outer loop
      vertex 96.83764515088795 94.90615117251873 3
      vertex 97.03069576637743 94.55860332101584 3
      vertex 99.81990209238528 96.22731330692768 3
    endloop
  endfacet
  facet normal 0 0 1
    outer loop
      vertex 96.83764515088795 94.90615117251873 3
      vertex 99.81990209238528 96.22731330692768 3
      vertex 99.6498736144781 96.580381077528 3
    endloop
  endfacet
  facet normal 0 0 1
    outer loop
      vertex 96.67281752841471 95.26793826818466 3
      vertex 96.83764515088795 94.90615117251873 3
      vertex 99.6498736144781 96.580381077528 3
    endloop
  endfacet
  facet normal 0 0 1
    outer loop
      vertex 96.53725500421523 95.64167727977038 3
      vertex 96.67281752841471 95.26793826818466 3
      vertex 99.6498736144781 96.580381077528 3
    endloop
  endfacet
  facet normal 0 0 1
    outer loop
      vertex 96.4318146409273 96.0250053152442 3
      vertex 96.53725500421523 95.64167727977038 3
      vertex 99.6498736144781 96.580381077528 3
    endloop
  endfacet
  facet normal 0 0 1
    outer loop
      vertex 96.4318146409273 96.0250053152442 3
      vertex 99.6498736144781 96.580381077528 3
      vertex 99.56267306970356 96.96243160665036 3
    endloop
  endfacet
  facet normal 0 0 1
    outer loop
      vertex 96.35716306434868 96.4154988348484 3
      vertex 96.4318146409273 96.0250053152442 3
      vertex 99.56267306970356 96.96243160665036 3
    endloop
  endfacet
  facet normal 0 0 1
    outer loop
      vertex 96.31377225385903 96.81068902909756 3
      vertex 96.35716306434868 96.4154988348484 3
      vertex 99.56267306970356 96.96243160665036 3
    endloop
  endfacet
  facet normal 0 0 1
    outer loop
      vertex 96.30191653238533 97.20807736814022 3
      vertex 96.31377225385903 96.81068902909756 3
      vertex 99.56267306970356 96.96243160665036 3
    endloop
  endfacet
  facet normal 0 0 1
    outer loop
      vertex 96.30191653238533 97.20807736814022 3
      vertex 99.56267306970356 96.96243160665036 3
      vertex 99.56267306970356 97.35430727601052 3
    endloop
  endfacet
  facet normal 0 0 1
    outer loop
      vertex 96.32167086021899 97.60515143424273 3
      vertex 96.30191653238533 97.20807736814022 3
      vertex 99.56267306970356 97.35430727601052 3
    endloop
  endfacet
  facet normal 0 0 1
    outer loop
      vertex 96.37291034327744 97.99940079897642 3
      vertex 96.32167086021899 97.60515143424273 3
      vertex 99.56267306970356 97.35430727601052 3
    endloop
  endfacet
  facet normal 0 0 1
    outer loop
      vertex 96.45531102286576 98.38833290040493 3
      vertex 96.37291034327744 97.99940079897642 3
      vertex 99.56267306970356 97.35430727601052 3
    endloop
  endfacet
  facet normal 0 0 1
    outer loop
      vertex 96.45531102286576 98.38833290040493 3
      vertex 99.56267306970356 97.35430727601052 3
      vertex 99.6498736144781 97.73635779768229 3
    endloop
  endfacet
  facet normal 0 0 1
    outer loop
      vertex 96.56835194693802 98.76948877125979 3
      vertex 96.45531102286576 98.38833290040493 3
      vertex 99.6498736144781 97.73635779768229 3
    endloop
  endfacet
  facet normal 0 0 1
    outer loop
      vertex 96.71131842600106 99.14045863300562 3
      vertex 96.56835194693802 98.76948877125979 3
      vertex 99.6498736144781 97.73635779768229 3
    endloop
  endfacet
  facet normal 0 0 1
    outer loop
      vertex 96.88330657796858 99.49889708012343 3
      vertex 96.71131842600106 99.14045863300562 3
      vertex 99.6498736144781 97.73635779768229 3
    endloop
  endfacet
  facet normal 0 0 1
    outer loop
      vertex 96.88330657796858 99.49889708012343 3
      vertex 99.6498736144781 97.73635779768229 3
      vertex 99.81990209238528 98.08942557573319 3
    endloop
  endfacet
  facet normal 0 0 1
    outer loop
      vertex 97.08322905020712 99.84253796637059 3
      vertex 96.88330657796858 99.49889708012343 3
      vertex 99.81990209238528 98.08942557573319 3
    endloop
  endfacet
  facet normal 0 0 1
    outer loop
      vertex 97.30982185916899 100.16920867264271 3
      vertex 97.08322905020712 99.84253796637059 3
      vertex 99.81990209238528 98.08942557573319 3
    endloop
  endfacet
  facet normal 0 0 1
    outer loop
      vertex 97.30982185916899 100.16920867264271 3
      vertex 99.81990209238528 98.08942557573319 3
      vertex 100.06423257308005 98.3958063095808 3
    endloop
  endfacet
  facet normal 0 0 1
    outer loop
      vertex 97.56165240721701 100.4768438756466 3
      vertex 97.30982185916899 100.16920867264271 3
      vertex 100.06423257308005 98.3958063095808 3
    endloop
  endfacet
  facet normal 0 0 1
    outer loop
      vertex 97.8371285499811 100.76349862366915 3
      vertex 97.56165240721701 100.4768438756466 3
      vertex 100.06423257308005 98.3958063095808 3
    endloop
  endfacet
  facet normal 0 0 1
    outer loop
      vertex 97.8371285499811 100.76349862366915 3
      vertex 100.06423257308005 98.3958063095808 3
      vertex 100.37061330692767 98.64013679027558 3
    endloop
  endfacet
  facet normal 0 0 1
    outer loop
      vertex 100.53707973675726 103.46344981044531 3
      vertex 97.8371285499811 100.76349862366915 3
      vertex 100.37061330692767 98.64013679027558 3
    endloop
  endfacet
  facet normal 0 0 1
    outer loop
      vertex 100.53707973675726 103.46344981044531 3
      vertex 100.37061330692767 98.64013679027558 3
      vertex 100.72368107752798 98.81016526818276 3
    endloop
  endfacet
  facet normal 0 0 1
    outer loop
      vertex 100.53707973675726 103.46344981044531 3
      vertex 100.72368107752798 98.81016526818276 3
      vertex 101.10573160665034 98.89736580550671 3
    endloop
  endfacet
  facet normal 0 0 1
    outer loop
      vertex 100.53707973675726 103.46344981044531 3
      vertex 101.10573160665034 98.89736580550671 3
      vertex 101.4976072760105 98.89736580550671 3
    endloop
  endfacet
  facet normal 0 0 1
    outer loop
      vertex 100.53707973675726 103.46344981044531 3
      vertex 101.4976072760105 98.89736580550671 3
      vertex 101.87965779768227 98.81016526818276 3
    endloop
  endfacet
  facet normal 0 0 1
    outer loop
      vertex 100.53707973675726 103.46344981044531 3
      vertex 101.87965779768227 98.81016526818276 3
      vertex 102.23272557573317 98.64013679027558 3
    endloop
  endfacet
  facet normal 0 0 1
    outer loop
      vertex 117.46336664276122 145.45194116681813 3
      vertex 110.09329999999999 147.61377481818198 3
      vertex 108.73180942999123 146.77945232093333 3
    endloop
  endfacet
  facet normal 0 0 1
    outer loop
      vertex 117.46336664276122 145.45194116681813 3
      vertex 108.73180942999123 146.77945232093333 3
      vertex 107.6067498104453 146.0062202632427 3
    endloop
  endfacet
  facet normal 0 0 1
    outer loop
      vertex 103.04066580550669 145.43756839334964 3
      vertex 117.46336664276122 145.45194116681813 3
      vertex 107.6067498104453 146.0062202632427 3
    endloop
  endfacet
  facet normal 0 0 1
    outer loop
      vertex 102.95346526818274 145.819618922472 3
      vertex 103.04066580550669 145.43756839334964 3
      vertex 107.6067498104453 146.0062202632427 3
    endloop
  endfacet
  facet normal 0 0 1
    outer loop
      vertex 102.95346526818274 145.819618922472 3
      vertex 107.6067498104453 146.0062202632427 3
      vertex 104.90679862366913 148.70617145001887 3
    endloop
  endfacet
  facet normal 0 0 1
    outer loop
      vertex 102.78343679027556 146.1726866930723 3
      vertex 102.95346526818274 145.819618922472 3
      vertex 104.90679862366913 148.70617145001887 3
    endloop
  endfacet
  facet normal 0 0 1
    outer loop
      vertex 102.53910630958079 146.47906742691993 3
      vertex 102.78343679027556 146.1726866930723 3
      vertex 104.90679862366913 148.70617145001887 3
    endloop
  endfacet
  facet normal 0 0 1
    outer loop
      vertex 102.53910630958079 146.47906742691993 3
      vertex 104.90679862366913 148.70617145001887 3
      vertex 104.62014387564658 148.98164759278296 3
    endloop
  endfacet
  facet normal 0 0 1
    outer loop
      vertex 102.53910630958079 146.47906742691993 3
      vertex 104.62014387564658 148.98164759278296 3
      vertex 104.31250867264269 149.23347814083098 3
    endloop
  endfacet
  facet normal 0 0 1
    outer loop
      vertex 102.23272557573317 146.7233979076147 3
      vertex 102.53910630958079 146.47906742691993 3
      vertex 104.31250867264269 149.23347814083098 3
    endloop
  endfacet
  facet normal 0 0 1
    outer loop
      vertex 102.23272557573317 146.7233979076147 3
      vertex 104.31250867264269 149.23347814083098 3
      vertex 103.98583796637057 149.46007094979285 3
    endloop
  endfacet
  facet normal 0 0 1
    outer loop
      vertex 102.23272557573317 146.7233979076147 3
      vertex 103.98583796637057 149.46007094979285 3
      vertex 103.64219708012341 149.6599934220314 3
    endloop
  endfacet
  facet normal 0 0 1
    outer loop
      vertex 101.87965779768227 146.89342638552188 3
      vertex 102.23272557573317 146.7233979076147 3
      vertex 103.64219708012341 149.6599934220314 3
    endloop
  endfacet
  facet normal 0 0 1
    outer loop
      vertex 101.87965779768227 146.89342638552188 3
      vertex 103.64219708012341 149.6599934220314 3
      vertex 103.2837586330056 149.83198157399892 3
    endloop
  endfacet
  facet normal 0 0 1
    outer loop
      vertex 101.87965779768227 146.89342638552188 3
      vertex 103.2837586330056 149.83198157399892 3
      vertex 102.91278877125977 149.97494805306195 3
    endloop
  endfacet
  facet normal 0 0 1
    outer loop
      vertex 101.87965779768227 146.89342638552188 3
      vertex 102.91278877125977 149.97494805306195 3
      vertex 102.53163290040492 150.08798897713422 3
    endloop
  endfacet
  facet normal 0 0 1
    outer loop
      vertex 101.4976072760105 146.9806269302964 3
      vertex 101.87965779768227 146.89342638552188 3
      vertex 102.53163290040492 150.08798897713422 3
    endloop
  endfacet
  facet normal 0 0 1
    outer loop
      vertex 101.4976072760105 146.9806269302964 3
      vertex 102.53163290040492 150.08798897713422 3
      vertex 102.1427007989764 150.17038965672253 3
    endloop
  endfacet
  facet normal 0 0 1
    outer loop
      vertex 101.4976072760105 146.9806269302964 3
      vertex 102.1427007989764 150.17038965672253 3
      vertex 101.74845143424271 150.221629139781 3
    endloop
  endfacet
  facet normal 0 0 1
    outer loop
      vertex 101.4976072760105 146.9806269302964 3
      vertex 101.74845143424271 150.221629139781 3
      vertex 101.3513773681402 150.24138346761464 3
    endloop
  endfacet
  facet normal 0 0 1
    outer loop
      vertex 101.10573160665034 146.9806269302964 3
      vertex 101.4976072760105 146.9806269302964 3
      vertex 101.3513773681402 150.24138346761464 3
    endloop
  endfacet
  facet normal 0 0 1
    outer loop
      vertex 101.10573160665034 146.9806269302964 3
      vertex 101.3513773681402 150.24138346761464 3
      vertex 100.95398902909754 150.22952774614095 3
    endloop
  endfacet
  facet normal 0 0 1
    outer loop
      vertex 101.10573160665034 146.9806269302964 3
      vertex 100.95398902909754 150.22952774614095 3
      vertex 100.55879883484839 150.1861369356513 3
    endloop
  endfacet
  facet normal 0 0 1
    outer loop
      vertex 101.10573160665034 146.9806269302964 3
      vertex 100.55879883484839 150.1861369356513 3
      vertex 100.16830531524418 150.11148535907267 3
    endloop
  endfacet
  facet normal 0 0 1
    outer loop
      vertex 100.72368107752798 146.89342638552188 3
      vertex 101.10573160665034 146.9806269302964 3
      vertex 100.16830531524418 150.11148535907267 3
    endloop
  endfacet
  facet normal 0 0 1
    outer loop
      vertex 100.72368107752798 146.89342638552188 3
      vertex 100.16830531524418 150.11148535907267 3
      vertex 99.78497727977036 150.00604499578475 3
    endloop
  endfacet
  facet normal 0 0 1
    outer loop
      vertex 100.72368107752798 146.89342638552188 3
      vertex 99.78497727977036 150.00604499578475 3
      vertex 99.41123826818465 149.87048247158526 3
    endloop
  endfacet
  facet normal 0 0 1
    outer loop
      vertex 100.72368107752798 146.89342638552188 3
      vertex 99.41123826818465 149.87048247158526 3
      vertex 99.04945117251872 149.70565484911202 3
    endloop
  endfacet
  facet normal 0 0 1
    outer loop
      vertex 100.37061330692767 146.7233979076147 3
      vertex 100.72368107752798 146.89342638552188 3
      vertex 99.04945117251872 149.70565484911202 3
    endloop
  endfacet
  facet normal 0 0 1
    outer loop
      vertex 100.37061330692767 146.7233979076147 3
      vertex 99.04945117251872 149.70565484911202 3
      vertex 98.70190332101582 149.51260423362254 3
    endloop
  endfacet
  facet normal 0 0 1
    outer loop
      vertex 100.37061330692767 146.7233979076147 3
      vertex 98.70190332101582 149.51260423362254 3
      vertex 98.37079202400444 149.2925511419773 3
    endloop
  endfacet
  facet normal 0 0 1
    outer loop
      vertex 100.37061330692767 146.7233979076147 3
      vertex 98.37079202400444 149.2925511419773 3
      vertex 98.05821068601607 149.04688683599232 3
    endloop
  endfacet
  facet normal 0 0 1
    outer loop
      vertex 100.06423257308005 146.47906742691993 3
      vertex 100.37061330692767 146.7233979076147 3
      vertex 98.05821068601607 149.04688683599232 3
    endloop
  endfacet
  facet normal 0 0 1
    outer loop
      vertex 100.06423257308005 146.47906742691993 3
      vertex 98.05821068601607 149.04688683599232 3
      vertex 97.76613553630112 148.77716446369885 3
    endloop
  endfacet
  facet normal 0 0 1
    outer loop
      vertex 100.06423257308005 146.47906742691993 3
      vertex 97.76613553630112 148.77716446369885 3
      vertex 97.49641316400765 148.4850893139839 3
    endloop
  endfacet
  facet normal 0 0 1
    outer loop
      vertex 99.81990209238528 146.1726866930723 3
      vertex 100.06423257308005 146.47906742691993 3
      vertex 97.49641316400765 148.4850893139839 3
    endloop
  endfacet
  facet normal 0 0 1
    outer loop
      vertex 99.81990209238528 146.1726866930723 3
      vertex 97.49641316400765 148.4850893139839 3
      vertex 97.25074885802267 148.17250797599553 3
    endloop
  endfacet
  facet normal 0 0 1
    outer loop
      vertex 99.81990209238528 146.1726866930723 3
      vertex 97.25074885802267 148.17250797599553 3
      vertex 97.03069576637743 147.84139667898415 3
    endloop
  endfacet
  facet normal 0 0 1
    outer loop
      vertex 99.81990209238528 146.1726866930723 3
      vertex 97.03069576637743 147.84139667898415 3
      vertex 96.83764515088795 147.49384882748126 3
    endloop
  endfacet
  facet normal 0 0 1
    outer loop
      vertex 99.6498736144781 145.819618922472 3
      vertex 99.81990209238528 146.1726866930723 3
      vertex 96.83764515088795 147.49384882748126 3
    endloop
  endfacet
  facet normal 0 0 1
    outer loop
      vertex 99.6498736144781 145.819618922472 3
      vertex 96.83764515088795 147.49384882748126 3
      vertex 96.67281752841471 147.13206173181533 3
    endloop
  endfacet
  facet normal 0 0 1
    outer loop
      vertex 99.6498736144781 145.819618922472 3
      vertex 96.67281752841471 147.13206173181533 3
      vertex 96.53725500421523 146.75832272022961 3
    endloop
  endfacet
  facet normal 0 0 1
    outer loop
      vertex 99.6498736144781 145.819618922472 3
      vertex 96.53725500421523 146.75832272022961 3
      vertex 96.4318146409273 146.3749946847558 3
    endloop
  endfacet
  facet normal 0 0 1
    outer loop
      vertex 99.56267306970356 145.43756839334964 3
      vertex 99.6498736144781 145.819618922472 3
      vertex 96.4318146409273 146.3749946847558 3
    endloop
  endfacet
  facet normal 0 0 1
    outer loop
      vertex 99.56267306970356 145.43756839334964 3
      vertex 96.4318146409273 146.3749946847558 3
      vertex 96.35716306434868 145.98450116515158 3
    endloop
  endfacet
  facet normal 0 0 1
    outer loop
      vertex 99.56267306970356 145.43756839334964 3
      vertex 96.35716306434868 145.98450116515158 3
      vertex 96.31377225385903 145.58931097090243 3
    endloop
  endfacet
  facet normal 0 0 1
    outer loop
      vertex 99.56267306970356 145.43756839334964 3
      vertex 96.31377225385903 145.58931097090243 3
      vertex 96.30191653238533 145.19192263185977 3
    endloop
  endfacet
  facet normal 0 0 1
    outer loop
      vertex 99.56267306970356 145.04569272398948 3
      vertex 99.56267306970356 145.43756839334964 3
      vertex 96.30191653238533 145.19192263185977 3
    endloop
  endfacet
  facet normal 0 0 1
    outer loop
      vertex 99.56267306970356 145.04569272398948 3
      vertex 96.30191653238533 145.19192263185977 3
      vertex 96.32167086021899 144.79484856575726 3
    endloop
  endfacet
  facet normal 0 0 1
    outer loop
      vertex 99.56267306970356 145.04569272398948 3
      vertex 96.32167086021899 144.79484856575726 3
      vertex 96.37291034327744 144.40059920102357 3
    endloop
  endfacet
  facet normal 0 0 1
    outer loop
      vertex 99.56267306970356 145.04569272398948 3
      vertex 96.37291034327744 144.40059920102357 3
      vertex 96.45531102286576 144.01166709959506 3
    endloop
  endfacet
  facet normal 0 0 1
    outer loop
      vertex 99.6498736144781 144.6636422023177 3
      vertex 99.56267306970356 145.04569272398948 3
      vertex 96.45531102286576 144.01166709959506 3
    endloop
  endfacet
  facet normal 0 0 1
    outer loop
      vertex 99.6498736144781 144.6636422023177 3
      vertex 96.45531102286576 144.01166709959506 3
      vertex 96.56835194693802 143.6305112287402 3
    endloop
  endfacet
  facet normal 0 0 1
    outer loop
      vertex 99.6498736144781 144.6636422023177 3
      vertex 96.56835194693802 143.6305112287402 3
      vertex 96.71131842600106 143.25954136699437 3
    endloop
  endfacet
  facet normal 0 0 1
    outer loop
      vertex 99.6498736144781 144.6636422023177 3
      vertex 96.71131842600106 143.25954136699437 3
      vertex 96.88330657796858 142.90110291987656 3
    endloop
  endfacet
  facet normal 0 0 1
    outer loop
      vertex 99.81990209238528 144.3105744242668 3
      vertex 99.6498736144781 144.6636422023177 3
      vertex 96.88330657796858 142.90110291987656 3
    endloop
  endfacet
  facet normal 0 0 1
    outer loop
      vertex 99.81990209238528 144.3105744242668 3
      vertex 96.88330657796858 142.90110291987656 3
      vertex 97.08322905020712 142.5574620336294 3
    endloop
  endfacet
  facet normal 0 0 1
    outer loop
      vertex 99.81990209238528 144.3105744242668 3
      vertex 97.08322905020712 142.5574620336294 3
      vertex 97.30982185916899 142.23079132735728 3
    endloop
  endfacet
  facet normal 0 0 1
    outer loop
      vertex 100.06423257308005 144.00419369041919 3
      vertex 99.81990209238528 144.3105744242668 3
      vertex 97.30982185916899 142.23079132735728 3
    endloop
  endfacet
  facet normal 0 0 1
    outer loop
      vertex 100.06423257308005 144.00419369041919 3
      vertex 97.30982185916899 142.23079132735728 3
      vertex 97.56165240721701 141.9231561243534 3
    endloop
  endfacet
  facet normal 0 0 1
    outer loop
      vertex 100.06423257308005 144.00419369041919 3
      vertex 97.56165240721701 141.9231561243534 3
      vertex 97.8371285499811 141.63650137633084 3
    endloop
  endfacet
  facet normal 0 0 1
    outer loop
      vertex 100.37061330692767 143.75986320972441 3
      vertex 100.06423257308005 144.00419369041919 3
      vertex 97.8371285499811 141.63650137633084 3
    endloop
  endfacet
  facet normal 0 0 1
    outer loop
      vertex 100.37061330692767 143.75986320972441 3
      vertex 97.8371285499811 141.63650137633084 3
      vertex 100.53707973675726 138.93655018955468 3
    endloop
  endfacet
  facet normal 0 0 1
    outer loop
      vertex 100.72368107752798 143.58983473181723 3
      vertex 100.37061330692767 143.75986320972441 3
      vertex 100.53707973675726 138.93655018955468 3
    endloop
  endfacet
  facet normal 0 0 1
    outer loop
      vertex 101.10573160665034 143.50263419449328 3
      vertex 100.72368107752798 143.58983473181723 3
      vertex 100.53707973675726 138.93655018955468 3
    endloop
  endfacet
  facet normal 0 0 1
    outer loop
      vertex 101.4976072760105 143.50263419449328 3
      vertex 101.10573160665034 143.50263419449328 3
      vertex 100.53707973675726 138.93655018955468 3
    endloop
  endfacet
  facet normal 0 0 1
    outer loop
      vertex 101.87965779768227 143.58983473181723 3
      vertex 101.4976072760105 143.50263419449328 3
      vertex 100.53707973675726 138.93655018955468 3
    endloop
  endfacet
  facet normal 0 0 1
    outer loop
      vertex 102.23272557573317 143.75986320972441 3
      vertex 101.87965779768227 143.58983473181723 3
      vertex 100.53707973675726 138.93655018955468 3
    endloop
  endfacet
  facet normal 0 0 1
    outer loop
      vertex 100.53707973675726 103.46344981044531 3
      vertex 102.23272557573317 98.64013679027558 3
      vertex 102.53910630958079 98.3958063095808 3
    endloop
  endfacet
  facet normal 0 0 1
    outer loop
      vertex 102.53910630958079 144.00419369041919 3
      vertex 102.23272557573317 143.75986320972441 3
      vertex 100.53707973675726 138.93655018955468 3
    endloop
  endfacet
  facet normal 0 0 1
    outer loop
      vertex 102.95346526818274 97.73635779768229 3
      vertex 103.04066580550669 97.35430727601052 3
      vertex 116.20491728948353 97.39369912147522 3
    endloop
  endfacet
  facet normal 0 0 1
    outer loop
      vertex 102.95346526818274 97.73635779768229 3
      vertex 116.20491728948353 97.39369912147522 3
      vertex 114.97151560353039 97.90459082722664 3
    endloop
  endfacet
  facet normal 0 0 1
    outer loop
      vertex 102.95346526818274 97.73635779768229 3
      vertex 114.97151560353039 97.90459082722664 3
      vertex 113.76654225604533 98.47933363616467 3
    endloop
  endfacet
  facet normal 0 0 1
    outer loop
      vertex 102.95346526818274 97.73635779768229 3
      vertex 113.76654225604533 98.47933363616467 3
      vertex 112.59329999999999 99.11635220497847 3
    endloop
  endfacet
  facet normal 0 0 1
    outer loop
      vertex 102.95346526818274 97.73635779768229 3
      vertex 112.59329999999999 99.11635220497847 3
      vertex 111.45500461028813 99.81390051990748 3
    endloop
  endfacet
  facet normal 0 0 1
    outer loop
      vertex 102.95346526818274 97.73635779768229 3
      vertex 111.45500461028813 99.81390051990748 3
      vertex 110.35477606968878 100.57006664276123 3
    endloop
  endfacet
  facet normal 0 0 1
    outer loop
      vertex 102.95346526818274 97.73635779768229 3
      vertex 110.35477606968878 100.57006664276123 3
      vertex 109.29563003050087 101.38277798593045 3
    endloop
  endfacet
  facet normal 0 0 1
    outer loop
      vertex 102.95346526818274 97.73635779768229 3
      vertex 109.29563003050087 101.38277798593045 3
      vertex 108.28046953694819 102.2498069524765 3
    endloop
  endfacet
  facet normal 0 0 1
    outer loop
      vertex 102.78343679027556 98.08942557573319 3
      vertex 102.95346526818274 97.73635779768229 3
      vertex 108.28046953694819 102.2498069524765 3
    endloop
  endfacet
  facet normal 0 0 1
    outer loop
      vertex 102.53910630958079 98.3958063095808 3
      vertex 102.78343679027556 98.08942557573319 3
      vertex 108.28046953694819 102.2498069524765 3
    endloop
  endfacet
  facet normal 0 0 1
    outer loop
      vertex 102.53910630958079 98.3958063095808 3
      vertex 108.28046953694819 102.2498069524765 3
      vertex 107.31207708286045 103.16877708286047 3
    endloop
  endfacet
  facet normal 0 0 1
    outer loop
      vertex 102.53910630958079 98.3958063095808 3
      vertex 107.31207708286045 103.16877708286047 3
      vertex 106.39310695247649 104.1371695369482 3
    endloop
  endfacet
  facet normal 0 0 1
    outer loop
      vertex 102.53910630958079 98.3958063095808 3
      vertex 106.39310695247649 104.1371695369482 3
      vertex 105.52607798593043 105.15233003050089 3
    endloop
  endfacet
  facet normal 0 0 1
    outer loop
      vertex 100.53707973675726 103.46344981044531 3
      vertex 102.53910630958079 98.3958063095808 3
      vertex 105.52607798593043 105.15233003050089 3
    endloop
  endfacet
  facet normal 0 0 1
    outer loop
      vertex 100.53707973675726 103.46344981044531 3
      vertex 105.52607798593043 105.15233003050089 3
      vertex 104.71336664276122 106.2114760696888 3
    endloop
  endfacet
  facet normal 0 0 1
    outer loop
      vertex 100.53707973675726 103.46344981044531 3
      vertex 104.71336664276122 106.2114760696888 3
      vertex 103.95720051990746 107.31170461028815 3
    endloop
  endfacet
  facet normal 0 0 1
    outer loop
      vertex 99.76384767906664 104.58850942999125 3
      vertex 100.53707973675726 103.46344981044531 3
      vertex 103.95720051990746 107.31170461028815 3
    endloop
  endfacet
  facet normal 0 0 1
    outer loop
      vertex 98.929525181818 105.95 3
      vertex 99.76384767906664 104.58850942999125 3
      vertex 103.95720051990746 107.31170461028815 3
    endloop
  endfacet
  facet normal 0 0 1
    outer loop
      vertex 98.929525181818 105.95 3
      vertex 103.95720051990746 107.31170461028815 3
      vertex 103.25965220497845 108.45 3
    endloop
  endfacet
  facet normal 0 0 1
    outer loop
      vertex 98.16760101186036 107.35328975766897 3
      vertex 98.929525181818 105.95 3
      vertex 103.25965220497845 108.45 3
    endloop
  endfacet
  facet normal 0 0 1
    outer loop
      vertex 98.16760101186036 107.35328975766897 3
      vertex 103.25965220497845 108.45 3
      vertex 102.62263363616465 109.62324225604534 3
    endloop
  endfacet
  facet normal 0 0 1
    outer loop
      vertex 97.4801635445833 108.79453238546849 3
      vertex 98.16760101186036 107.35328975766897 3
      vertex 102.62263363616465 109.62324225604534 3
    endloop
  endfacet
  facet normal 0 0 1
    outer loop
      vertex 97.4801635445833 108.79453238546849 3
      vertex 102.62263363616465 109.62324225604534 3
      vertex 102.04789082722662 110.82821560353041 3
    endloop
  endfacet
  facet normal 0 0 1
    outer loop
      vertex 96.8690969945669 110.26977754086256 3
      vertex 97.4801635445833 108.79453238546849 3
      vertex 102.04789082722662 110.82821560353041 3
    endloop
  endfacet
  facet normal 0 0 1
    outer loop
      vertex 96.8690969945669 110.26977754086256 3
      vertex 102.04789082722662 110.82821560353041 3
      vertex 101.5369991214752 112.06161728948355 3
    endloop
  endfacet
  facet normal 0 0 1
    outer loop
      vertex 96.33607625232933 111.77498167455197 3
      vertex 96.8690969945669 110.26977754086256 3
      vertex 101.5369991214752 112.06161728948355 3
    endloop
  endfacet
  facet normal 0 0 1
    outer loop
      vertex 96.33607625232933 111.77498167455197 3
      vertex 101.5369991214752 112.06161728948355 3
      vertex 101.09135883318184 113.32006664276123 3
    endloop
  endfacet
  facet normal 0 0 1
    outer loop
      vertex 95.88256229476927 113.3060191243887 3
      vertex 96.33607625232933 111.77498167455197 3
      vertex 101.09135883318184 113.32006664276123 3
    endloop
  endfacet
  facet normal 0 0 1
    outer loop
      vertex 95.88256229476927 113.3060191243887 3
      vertex 101.09135883318184 113.32006664276123 3
      vertex 100.71219143288134 114.60011435002089 3
    endloop
  endfacet
  facet normal 0 0 1
    outer loop
      vertex 95.5097981767535 114.85869343280793 3
      vertex 95.88256229476927 113.3060191243887 3
      vertex 100.71219143288134 114.60011435002089 3
    endloop
  endfacet
  facet normal 0 0 1
    outer loop
      vertex 95.5097981767535 114.85869343280793 3
      vertex 100.71219143288134 114.60011435002089 3
      vertex 100.40053617970942 115.89825188070536 3
    endloop
  endfacet
  facet normal 0 0 1
    outer loop
      vertex 95.21880561130045 116.42874881327153 3
      vertex 95.5097981767535 114.85869343280793 3
      vertex 100.40053617970942 115.89825188070536 3
    endloop
  endfacet
  facet normal 0 0 1
    outer loop
      vertex 95.21880561130045 116.42874881327153 3
      vertex 100.40053617970942 115.89825188070536 3
      vertex 100.15724731253384 117.21092114299536 3
    endloop
  endfacet
  facet normal 0 0 1
    outer loop
      vertex 95.0103821905136 118.01188187003136 3
      vertex 95.21880561130045 116.42874881327153 3
      vertex 100.15724731253384 117.21092114299536 3
    endloop
  endfacet
  facet normal 0 0 1
    outer loop
      vertex 95.0103821905136 118.01188187003136 3
      vertex 100.15724731253384 117.21092114299536 3
      vertex 99.98299166576861 118.53452418446541 3
    endloop
  endfacet
  facet normal 0 0 1
    outer loop
      vertex 94.8850991876602 119.60375333279372 3
      vertex 95.0103821905136 118.01188187003136 3
      vertex 99.98299166576861 118.53452418446541 3
    endloop
  endfacet
  facet normal 0 0 1
    outer loop
      vertex 94.8850991876602 119.60375333279372 3
      vertex 99.98299166576861 118.53452418446541 3
      vertex 99.87824686633347 119.8654331162572 3
    endloop
  endfacet
  facet normal 0 0 1
    outer loop
      vertex 94.84329999999999 121.2 3
      vertex 94.8850991876602 119.60375333279372 3
      vertex 99.87824686633347 119.8654331162572 3
    endloop
  endfacet
  facet normal 0 0 1
    outer loop
      vertex 94.84329999999999 121.2 3
      vertex 99.87824686633347 119.8654331162572 3
      vertex 99.84329999999999 121.2 3
    endloop
  endfacet
  facet normal 0 0 1
    outer loop
      vertex 94.8850991876602 122.79624666720629 3
      vertex 94.84329999999999 121.2 3
      vertex 99.84329999999999 121.2 3
    endloop
  endfacet
  facet normal 0 0 1
    outer loop
      vertex 94.8850991876602 122.79624666720629 3
      vertex 99.84329999999999 121.2 3
      vertex 99.87824686633347 122.53456688374281 3
    endloop
  endfacet
  facet normal 0 0 1
    outer loop
      vertex 95.0103821905136 124.38811812996865 3
      vertex 94.8850991876602 122.79624666720629 3
      vertex 99.87824686633347 122.53456688374281 3
    endloop
  endfacet
  facet normal 0 0 1
    outer loop
      vertex 95.0103821905136 124.38811812996865 3
      vertex 99.87824686633347 122.53456688374281 3
      vertex 99.98299166576861 123.8654758155346 3
    endloop
  endfacet
  facet normal 0 0 1
    outer loop
      vertex 95.21880561130045 125.97125118672848 3
      vertex 95.0103821905136 124.38811812996865 3
      vertex 99.98299166576861 123.8654758155346 3
    endloop
  endfacet
  facet normal 0 0 1
    outer loop
      vertex 95.21880561130045 125.97125118672848 3
      vertex 99.98299166576861 123.8654758155346 3
      vertex 100.15724731253384 125.18907885700465 3
    endloop
  endfacet
  facet normal 0 0 1
    outer loop
      vertex 95.5097981767535 127.54130656719208 3
      vertex 95.21880561130045 125.97125118672848 3
      vertex 100.15724731253384 125.18907885700465 3
    endloop
  endfacet
  facet normal 0 0 1
    outer loop
      vertex 95.5097981767535 127.54130656719208 3
      vertex 100.15724731253384 125.18907885700465 3
      vertex 100.40053617970942 126.50174811929465 3
    endloop
  endfacet
  facet normal 0 0 1
    outer loop
      vertex 95.88256229476927 129.0939808756113 3
      vertex 95.5097981767535 127.54130656719208 3
      vertex 100.40053617970942 126.50174811929465 3
    endloop
  endfacet
  facet normal 0 0 1
    outer loop
      vertex 95.88256229476927 129.0939808756113 3
      vertex 100.40053617970942 126.50174811929465 3
      vertex 100.71219143288134 127.79988564997912 3
    endloop
  endfacet
  facet normal 0 0 1
    outer loop
      vertex 96.33607625232933 130.62501832544802 3
      vertex 95.88256229476927 129.0939808756113 3
      vertex 100.71219143288134 127.79988564997912 3
    endloop
  endfacet
  facet normal 0 0 1
    outer loop
      vertex 96.33607625232933 130.62501832544802 3
      vertex 100.71219143288134 127.79988564997912 3
      vertex 101.09135883318184 129.07993335723876 3
    endloop
  endfacet
  facet normal 0 0 1
    outer loop
      vertex 96.8690969945669 132.13022245913743 3
      vertex 96.33607625232933 130.62501832544802 3
      vertex 101.09135883318184 129.07993335723876 3
    endloop
  endfacet
  facet normal 0 0 1
    outer loop
      vertex 96.8690969945669 132.13022245913743 3
      vertex 101.09135883318184 129.07993335723876 3
      vertex 101.5369991214752 130.33838271051644 3
    endloop
  endfacet
  facet normal 0 0 1
    outer loop
      vertex 97.4801635445833 133.6054676145315 3
      vertex 96.8690969945669 132.13022245913743 3
      vertex 101.5369991214752 130.33838271051644 3
    endloop
  endfacet
  facet normal 0 0 1
    outer loop
      vertex 97.4801635445833 133.6054676145315 3
      vertex 101.5369991214752 130.33838271051644 3
      vertex 102.04789082722662 131.57178439646958 3
    endloop
  endfacet
  facet normal 0 0 1
    outer loop
      vertex 98.16760101186036 135.04671024233102 3
      vertex 97.4801635445833 133.6054676145315 3
      vertex 102.04789082722662 131.57178439646958 3
    endloop
  endfacet
  facet normal 0 0 1
    outer loop
      vertex 98.16760101186036 135.04671024233102 3
      vertex 102.04789082722662 131.57178439646958 3
      vertex 102.62263363616465 132.77675774395465 3
    endloop
  endfacet
  facet normal 0 0 1
    outer loop
      vertex 98.929525181818 136.45 3
      vertex 98.16760101186036 135.04671024233102 3
      vertex 102.62263363616465 132.77675774395465 3
    endloop
  endfacet
  facet normal 0 0 1
    outer loop
      vertex 98.929525181818 136.45 3
      vertex 102.62263363616465 132.77675774395465 3
      vertex 103.25965220497845 133.95 3
    endloop
  endfacet
  facet normal 0 0 1
    outer loop
      vertex 99.76384767906664 137.81149057000874 3
      vertex 98.929525181818 136.45 3
      vertex 103.25965220497845 133.95 3
    endloop
  endfacet
  facet normal 0 0 1
    outer loop
      vertex 99.76384767906664 137.81149057000874 3
      vertex 103.25965220497845 133.95 3
      vertex 103.95720051990746 135.08829538971185 3
    endloop
  endfacet
  facet normal 0 0 1
    outer loop
      vertex 100.53707973675726 138.93655018955468 3
      vertex 99.76384767906664 137.81149057000874 3
      vertex 103.95720051990746 135.08829538971185 3
    endloop
  endfacet
  facet normal 0 0 1
    outer loop
      vertex 100.53707973675726 138.93655018955468 3
      vertex 103.95720051990746 135.08829538971185 3
      vertex 104.71336664276122 136.1885239303112 3
    endloop
  endfacet
  facet normal 0 0 1
    outer loop
      vertex 100.53707973675726 138.93655018955468 3
      vertex 104.71336664276122 136.1885239303112 3
      vertex 105.52607798593043 137.2476699694991 3
    endloop
  endfacet
  facet normal 0 0 1
    outer loop
      vertex 102.53910630958079 144.00419369041919 3
      vertex 100.53707973675726 138.93655018955468 3
      vertex 105.52607798593043 137.2476699694991 3
    endloop
  endfacet
  facet normal 0 0 1
    outer loop
      vertex 102.53910630958079 144.00419369041919 3
      vertex 105.52607798593043 137.2476699694991 3
      vertex 106.39310695247649 138.26283046305178 3
    endloop
  endfacet
  facet normal 0 0 1
    outer loop
      vertex 102.53910630958079 144.00419369041919 3
      vertex 106.39310695247649 138.26283046305178 3
      vertex 107.31207708286045 139.23122291713952 3
    endloop
  endfacet
  facet normal 0 0 1
    outer loop
      vertex 102.53910630958079 144.00419369041919 3
      vertex 107.31207708286045 139.23122291713952 3
      vertex 108.28046953694819 140.1501930475235 3
    endloop
  endfacet
  facet normal 0 0 1
    outer loop
      vertex 102.78343679027556 144.3105744242668 3
      vertex 102.53910630958079 144.00419369041919 3
      vertex 108.28046953694819 140.1501930475235 3
    endloop
  endfacet
  facet normal 0 0 1
    outer loop
      vertex 102.95346526818274 144.6636422023177 3
      vertex 102.78343679027556 144.3105744242668 3
      vertex 108.28046953694819 140.1501930475235 3
    endloop
  endfacet
  facet normal 0 0 1
    outer loop
      vertex 102.95346526818274 144.6636422023177 3
      vertex 108.28046953694819 140.1501930475235 3
      vertex 109.29563003050087 141.01722201406955 3
    endloop
  endfacet
  facet normal 0 0 1
    outer loop
      vertex 103.04066580550669 145.04569272398948 3
      vertex 102.95346526818274 144.6636422023177 3
      vertex 109.29563003050087 141.01722201406955 3
    endloop
  endfacet
  facet normal 0 0 1
    outer loop
      vertex 103.04066580550669 145.04569272398948 3
      vertex 109.29563003050087 141.01722201406955 3
      vertex 110.35477606968878 141.82993335723876 3
    endloop
  endfacet
  facet normal 0 0 1
    outer loop
      vertex 103.04066580550669 145.43756839334964 3
      vertex 103.04066580550669 145.04569272398948 3
      vertex 110.35477606968878 141.82993335723876 3
    endloop
  endfacet
  facet normal 0 0 1
    outer loop
      vertex 103.04066580550669 145.43756839334964 3
      vertex 110.35477606968878 141.82993335723876 3
      vertex 111.45500461028813 142.5860994800925 3
    endloop
  endfacet
  facet normal 0 0 1
    outer loop
      vertex 103.04066580550669 145.43756839334964 3
      vertex 111.45500461028813 142.5860994800925 3
      vertex 112.59329999999999 143.28364779502152 3
    endloop
  endfacet
  facet normal 0 0 1
    outer loop
      vertex 103.04066580550669 145.43756839334964 3
      vertex 112.59329999999999 143.28364779502152 3
      vertex 113.76654225604533 143.92066636383532 3
    endloop
  endfacet
  facet normal 0 0 1
    outer loop
      vertex 103.04066580550669 145.43756839334964 3
      vertex 113.76654225604533 143.92066636383532 3
      vertex 114.97151560353039 144.49540917277335 3
    endloop
  endfacet
  facet normal 0 0 1
    outer loop
      vertex 103.04066580550669 145.43756839334964 3
      vertex 114.97151560353039 144.49540917277335 3
      vertex 116.20491728948353 145.00630087852477 3
    endloop
  endfacet
  facet normal 0 0 1
    outer loop
      vertex 117.46336664276122 145.45194116681813 3
      vertex 103.04066580550669 145.43756839334964 3
      vertex 116.20491728948353 145.00630087852477 3
    endloop
  endfacet
  facet normal 0 0 -1
    outer loop
      vertex 154.3294369356513 145.98450116515158 0
      vertex 154.37282774614096 145.58931097090243 0
      vertex 151.12392693029642 145.43756839334964 0
    endloop
  endfacet
  facet normal 0 0 -1
    outer loop
      vertex 154.364929139781 97.60515143424273 0
      vertex 154.38468346761465 97.20807736814022 0
      vertex 151.12392693029642 97.35430727601052 0
    endloop
  endfacet
  facet normal 0 0 -1
    outer loop
      vertex 154.31368965672254 97.99940079897642 0
      vertex 154.364929139781 97.60515143424273 0
      vertex 151.12392693029642 97.35430727601052 0
    endloop
  endfacet
  facet normal 0 0 -1
    outer loop
      vertex 154.25478535907268 146.3749946847558 0
      vertex 154.3294369356513 145.98450116515158 0
      vertex 151.12392693029642 145.43756839334964 0
    endloop
  endfacet
  facet normal 0 0 -1
    outer loop
      vertex 151.12392693029642 145.43756839334964 0
      vertex 154.37282774614096 145.58931097090243 0
      vertex 154.38468346761465 145.19192263185977 0
    endloop
  endfacet
  facet normal 0 0 -1
    outer loop
      vertex 151.12392693029642 145.04569272398948 0
      vertex 151.12392693029642 145.43756839334964 0
      vertex 154.38468346761465 145.19192263185977 0
    endloop
  endfacet
  facet normal 0 0 -1
    outer loop
      vertex 151.12392693029642 145.04569272398948 0
      vertex 154.38468346761465 145.19192263185977 0
      vertex 154.364929139781 144.79484856575726 0
    endloop
  endfacet
  facet normal 0 0 -1
    outer loop
      vertex 151.12392693029642 145.04569272398948 0
      vertex 154.364929139781 144.79484856575726 0
      vertex 154.31368965672254 144.40059920102357 0
    endloop
  endfacet
  facet normal 0 0 -1
    outer loop
      vertex 154.25478535907268 146.3749946847558 0
      vertex 151.12392693029642 145.43756839334964 0
      vertex 151.0367263855219 145.819618922472 0
    endloop
  endfacet
  facet normal 0 0 -1
    outer loop
      vertex 154.14934499578476 146.75832272022961 0
      vertex 154.25478535907268 146.3749946847558 0
      vertex 151.0367263855219 145.819618922472 0
    endloop
  endfacet
  facet normal 0 0 -1
    outer loop
      vertex 154.01378247158527 147.13206173181533 0
      vertex 154.14934499578476 146.75832272022961 0
      vertex 151.0367263855219 145.819618922472 0
    endloop
  endfacet
  facet normal 0 0 -1
    outer loop
      vertex 153.84895484911203 147.49384882748126 0
      vertex 154.01378247158527 147.13206173181533 0
      vertex 151.0367263855219 145.819618922472 0
    endloop
  endfacet
  facet normal 0 0 -1
    outer loop
      vertex 153.84895484911203 147.49384882748126 0
      vertex 151.0367263855219 145.819618922472 0
      vertex 150.8666979076147 146.1726866930723 0
    endloop
  endfacet
  facet normal 0 0 -1
    outer loop
      vertex 153.65590423362255 147.84139667898415 0
      vertex 153.84895484911203 147.49384882748126 0
      vertex 150.8666979076147 146.1726866930723 0
    endloop
  endfacet
  facet normal 0 0 -1
    outer loop
      vertex 153.4358511419773 148.17250797599553 0
      vertex 153.65590423362255 147.84139667898415 0
      vertex 150.8666979076147 146.1726866930723 0
    endloop
  endfacet
  facet normal 0 0 -1
    outer loop
      vertex 154.23128897713423 98.38833290040493 0
      vertex 154.31368965672254 97.99940079897642 0
      vertex 151.12392693029642 97.35430727601052 0
    endloop
  endfacet
  facet normal 0 0 -1
    outer loop
      vertex 154.23128897713423 98.38833290040493 0
      vertex 151.12392693029642 97.35430727601052 0
      vertex 151.0367263855219 97.73635779768229 0
    endloop
  endfacet
  facet normal 0 0 -1
    outer loop
      vertex 154.11824805306196 98.76948877125979 0
      vertex 154.23128897713423 98.38833290040493 0
      vertex 151.0367263855219 97.73635779768229 0
    endloop
  endfacet
  facet normal 0 0 -1
    outer loop
      vertex 153.97528157399893 99.14045863300562 0
      vertex 154.11824805306196 98.76948877125979 0
      vertex 151.0367263855219 97.73635779768229 0
    endloop
  endfacet
  facet normal 0 0 -1
    outer loop
      vertex 151.12392693029642 145.04569272398948 0
      vertex 154.31368965672254 144.40059920102357 0
      vertex 154.23128897713423 144.01166709959506 0
    endloop
  endfacet
  facet normal 0 0 -1
    outer loop
      vertex 151.0367263855219 144.6636422023177 0
      vertex 151.12392693029642 145.04569272398948 0
      vertex 154.23128897713423 144.01166709959506 0
    endloop
  endfacet
  facet normal 0 0 -1
    outer loop
      vertex 151.0367263855219 144.6636422023177 0
      vertex 154.23128897713423 144.01166709959506 0
      vertex 154.11824805306196 143.6305112287402 0
    endloop
  endfacet
  facet normal 0 0 -1
    outer loop
      vertex 151.0367263855219 144.6636422023177 0
      vertex 154.11824805306196 143.6305112287402 0
      vertex 153.97528157399893 143.25954136699437 0
    endloop
  endfacet
  facet normal 0 0 -1
    outer loop
      vertex 151.12392693029642 96.96243160665036 0
      vertex 151.12392693029642 97.35430727601052 0
      vertex 154.38468346761465 97.20807736814022 0
    endloop
  endfacet
  facet normal 0 0 -1
    outer loop
      vertex 151.12392693029642 96.96243160665036 0
      vertex 154.38468346761465 97.20807736814022 0
      vertex 154.37282774614096 96.81068902909756 0
    endloop
  endfacet
  facet normal 0 0 -1
    outer loop
      vertex 151.12392693029642 96.96243160665036 0
      vertex 154.37282774614096 96.81068902909756 0
      vertex 154.3294369356513 96.4154988348484 0
    endloop
  endfacet
  facet normal 0 0 -1
    outer loop
      vertex 151.12392693029642 96.96243160665036 0
      vertex 154.3294369356513 96.4154988348484 0
      vertex 154.25478535907268 96.0250053152442 0
    endloop
  endfacet
  facet normal 0 0 -1
    outer loop
      vertex 151.0367263855219 96.580381077528 0
      vertex 151.12392693029642 96.96243160665036 0
      vertex 154.25478535907268 96.0250053152442 0
    endloop
  endfacet
  facet normal 0 0 -1
    outer loop
      vertex 151.0367263855219 96.580381077528 0
      vertex 154.25478535907268 96.0250053152442 0
      vertex 154.14934499578476 95.64167727977038 0
    endloop
  endfacet
  facet normal 0 0 -1
    outer loop
      vertex 151.0367263855219 96.580381077528 0
      vertex 154.14934499578476 95.64167727977038 0
      vertex 154.01378247158527 95.26793826818466 0
    endloop
  endfacet
  facet normal 0 0 -1
    outer loop
      vertex 151.0367263855219 96.580381077528 0
      vertex 154.01378247158527 95.26793826818466 0
      vertex 153.84895484911203 94.90615117251873 0
    endloop
  endfacet
  facet normal 0 0 -1
    outer loop
      vertex 150.8666979076147 96.22731330692768 0
      vertex 151.0367263855219 96.580381077528 0
      vertex 153.84895484911203 94.90615117251873 0
    endloop
  endfacet
  facet normal 0 0 -1
    outer loop
      vertex 150.8666979076147 96.22731330692768 0
      vertex 153.84895484911203 94.90615117251873 0
      vertex 153.65590423362255 94.55860332101584 0
    endloop
  endfacet
  facet normal 0 0 -1
    outer loop
      vertex 150.8666979076147 96.22731330692768 0
      vertex 153.65590423362255 94.55860332101584 0
      vertex 153.4358511419773 94.22749202400446 0
    endloop
  endfacet
  facet normal 0 0 -1
    outer loop
      vertex 153.19018683599234 148.4850893139839 0
      vertex 153.4358511419773 148.17250797599553 0
      vertex 150.8666979076147 146.1726866930723 0
    endloop
  endfacet
  facet normal 0 0 -1
    outer loop
      vertex 153.19018683599234 148.4850893139839 0
      vertex 150.8666979076147 146.1726866930723 0
      vertex 150.62236742691994 146.47906742691993 0
    endloop
  endfacet
  facet normal 0 0 -1
    outer loop
      vertex 152.92046446369886 148.77716446369885 0
      vertex 153.19018683599234 148.4850893139839 0
      vertex 150.62236742691994 146.47906742691993 0
    endloop
  endfacet
  facet normal 0 0 -1
    outer loop
      vertex 152.62838931398392 149.04688683599232 0
      vertex 152.92046446369886 148.77716446369885 0
      vertex 150.62236742691994 146.47906742691993 0
    endloop
  endfacet
  facet normal 0 0 -1
    outer loop
      vertex 150.8666979076147 96.22731330692768 0
      vertex 153.4358511419773 94.22749202400446 0
      vertex 153.19018683599234 93.91491068601609 0
    endloop
  endfacet
  facet normal 0 0 -1
    outer loop
      vertex 150.62236742691994 95.92093257308007 0
      vertex 150.8666979076147 96.22731330692768 0
      vertex 153.19018683599234 93.91491068601609 0
    endloop
  endfacet
  facet normal 0 0 -1
    outer loop
      vertex 150.62236742691994 95.92093257308007 0
      vertex 153.19018683599234 93.91491068601609 0
      vertex 152.92046446369886 93.62283553630114 0
    endloop
  endfacet
  facet normal 0 0 -1
    outer loop
      vertex 150.62236742691994 95.92093257308007 0
      vertex 152.92046446369886 93.62283553630114 0
      vertex 152.62838931398392 93.35311316400767 0
    endloop
  endfacet
  facet normal 0 0 -1
    outer loop
      vertex 152.62838931398392 149.04688683599232 0
      vertex 150.62236742691994 146.47906742691993 0
      vertex 150.31598669307232 146.7233979076147 0
    endloop
  endfacet
  facet normal 0 0 -1
    outer loop
      vertex 152.31580797599554 149.2925511419773 0
      vertex 152.62838931398392 149.04688683599232 0
      vertex 150.31598669307232 146.7233979076147 0
    endloop
  endfacet
  facet normal 0 0 -1
    outer loop
      vertex 151.98469667898416 149.51260423362254 0
      vertex 152.31580797599554 149.2925511419773 0
      vertex 150.31598669307232 146.7233979076147 0
    endloop
  endfacet
  facet normal 0 0 -1
    outer loop
      vertex 151.63714882748127 149.70565484911202 0
      vertex 151.98469667898416 149.51260423362254 0
      vertex 150.31598669307232 146.7233979076147 0
    endloop
  endfacet
  facet normal 0 0 -1
    outer loop
      vertex 151.63714882748127 149.70565484911202 0
      vertex 150.31598669307232 146.7233979076147 0
      vertex 149.962918922472 146.89342638552188 0
    endloop
  endfacet
  facet normal 0 0 -1
    outer loop
      vertex 151.27536173181534 149.87048247158526 0
      vertex 151.63714882748127 149.70565484911202 0
      vertex 149.962918922472 146.89342638552188 0
    endloop
  endfacet
  facet normal 0 0 -1
    outer loop
      vertex 150.90162272022962 150.00604499578475 0
      vertex 151.27536173181534 149.87048247158526 0
      vertex 149.962918922472 146.89342638552188 0
    endloop
  endfacet
  facet normal 0 0 -1
    outer loop
      vertex 150.5182946847558 150.11148535907267 0
      vertex 150.90162272022962 150.00604499578475 0
      vertex 149.962918922472 146.89342638552188 0
    endloop
  endfacet
  facet normal 0 0 -1
    outer loop
      vertex 150.5182946847558 150.11148535907267 0
      vertex 149.962918922472 146.89342638552188 0
      vertex 149.58086839334965 146.9806269302964 0
    endloop
  endfacet
  facet normal 0 0 -1
    outer loop
      vertex 150.1278011651516 150.1861369356513 0
      vertex 150.5182946847558 150.11148535907267 0
      vertex 149.58086839334965 146.9806269302964 0
    endloop
  endfacet
  facet normal 0 0 -1
    outer loop
      vertex 149.73261097090244 150.22952774614095 0
      vertex 150.1278011651516 150.1861369356513 0
      vertex 149.58086839334965 146.9806269302964 0
    endloop
  endfacet
  facet normal 0 0 -1
    outer loop
      vertex 149.33522263185978 150.24138346761464 0
      vertex 149.73261097090244 150.22952774614095 0
      vertex 149.58086839334965 146.9806269302964 0
    endloop
  endfacet
  facet normal 0 0 -1
    outer loop
      vertex 149.33522263185978 150.24138346761464 0
      vertex 149.58086839334965 146.9806269302964 0
      vertex 149.1889927239895 146.9806269302964 0
    endloop
  endfacet
  facet normal 0 0 -1
    outer loop
      vertex 148.93814856575727 150.221629139781 0
      vertex 149.33522263185978 150.24138346761464 0
      vertex 149.1889927239895 146.9806269302964 0
    endloop
  endfacet
  facet normal 0 0 -1
    outer loop
      vertex 148.54389920102358 150.17038965672253 0
      vertex 148.93814856575727 150.221629139781 0
      vertex 149.1889927239895 146.9806269302964 0
    endloop
  endfacet
  facet normal 0 0 -1
    outer loop
      vertex 148.15496709959507 150.08798897713422 0
      vertex 148.54389920102358 150.17038965672253 0
      vertex 149.1889927239895 146.9806269302964 0
    endloop
  endfacet
  facet normal 0 0 -1
    outer loop
      vertex 148.15496709959507 150.08798897713422 0
      vertex 149.1889927239895 146.9806269302964 0
      vertex 148.8069422023177 146.89342638552188 0
    endloop
  endfacet
  facet normal 0 0 -1
    outer loop
      vertex 147.77381122874021 149.97494805306195 0
      vertex 148.15496709959507 150.08798897713422 0
      vertex 148.8069422023177 146.89342638552188 0
    endloop
  endfacet
  facet normal 0 0 -1
    outer loop
      vertex 147.40284136699438 149.83198157399892 0
      vertex 147.77381122874021 149.97494805306195 0
      vertex 148.8069422023177 146.89342638552188 0
    endloop
  endfacet
  facet normal 0 0 -1
    outer loop
      vertex 150.31598669307232 95.6766020923853 0
      vertex 150.62236742691994 95.92093257308007 0
      vertex 152.62838931398392 93.35311316400767 0
    endloop
  endfacet
  facet normal 0 0 -1
    outer loop
      vertex 150.31598669307232 95.6766020923853 0
      vertex 152.62838931398392 93.35311316400767 0
      vertex 152.31580797599554 93.10744885802269 0
    endloop
  endfacet
  facet normal 0 0 -1
    outer loop
      vertex 150.31598669307232 95.6766020923853 0
      vertex 152.31580797599554 93.10744885802269 0
      vertex 151.98469667898416 92.88739576637745 0
    endloop
  endfacet
  facet normal 0 0 -1
    outer loop
      vertex 150.31598669307232 95.6766020923853 0
      vertex 151.98469667898416 92.88739576637745 0
      vertex 151.63714882748127 92.69434515088797 0
    endloop
  endfacet
  facet normal 0 0 -1
    outer loop
      vertex 149.962918922472 95.50657361447811 0
      vertex 150.31598669307232 95.6766020923853 0
      vertex 151.63714882748127 92.69434515088797 0
    endloop
  endfacet
  facet normal 0 0 -1
    outer loop
      vertex 149.962918922472 95.50657361447811 0
      vertex 151.63714882748127 92.69434515088797 0
      vertex 151.27536173181534 92.52951752841473 0
    endloop
  endfacet
  facet normal 0 0 -1
    outer loop
      vertex 149.962918922472 95.50657361447811 0
      vertex 151.27536173181534 92.52951752841473 0
      vertex 150.90162272022962 92.39395500421524 0
    endloop
  endfacet
  facet normal 0 0 -1
    outer loop
      vertex 149.962918922472 95.50657361447811 0
      vertex 150.90162272022962 92.39395500421524 0
      vertex 150.5182946847558 92.28851464092732 0
    endloop
  endfacet
  facet normal 0 0 -1
    outer loop
      vertex 149.58086839334965 95.41937306970358 0
      vertex 149.962918922472 95.50657361447811 0
      vertex 150.5182946847558 92.28851464092732 0
    endloop
  endfacet
  facet normal 0 0 -1
    outer loop
      vertex 149.58086839334965 95.41937306970358 0
      vertex 150.5182946847558 92.28851464092732 0
      vertex 150.1278011651516 92.2138630643487 0
    endloop
  endfacet
  facet normal 0 0 -1
    outer loop
      vertex 149.58086839334965 95.41937306970358 0
      vertex 150.1278011651516 92.2138630643487 0
      vertex 149.73261097090244 92.17047225385905 0
    endloop
  endfacet
  facet normal 0 0 -1
    outer loop
      vertex 149.58086839334965 95.41937306970358 0
      vertex 149.73261097090244 92.17047225385905 0
      vertex 149.33522263185978 92.15861653238535 0
    endloop
  endfacet
  facet normal 0 0 -1
    outer loop
      vertex 149.1889927239895 95.41937306970358 0
      vertex 149.58086839334965 95.41937306970358 0
      vertex 149.33522263185978 92.15861653238535 0
    endloop
  endfacet
  facet normal 0 0 -1
    outer loop
      vertex 149.1889927239895 95.41937306970358 0
      vertex 149.33522263185978 92.15861653238535 0
      vertex 148.93814856575727 92.178370860219 0
    endloop
  endfacet
  facet normal 0 0 -1
    outer loop
      vertex 149.1889927239895 95.41937306970358 0
      vertex 148.93814856575727 92.178370860219 0
      vertex 148.54389920102358 92.22961034327746 0
    endloop
  endfacet
  facet normal 0 0 -1
    outer loop
      vertex 149.1889927239895 95.41937306970358 0
      vertex 148.54389920102358 92.22961034327746 0
      vertex 148.15496709959507 92.31201102286578 0
    endloop
  endfacet
  facet normal 0 0 -1
    outer loop
      vertex 148.8069422023177 95.50657361447811 0
      vertex 149.1889927239895 95.41937306970358 0
      vertex 148.15496709959507 92.31201102286578 0
    endloop
  endfacet
  facet normal 0 0 -1
    outer loop
      vertex 148.8069422023177 95.50657361447811 0
      vertex 148.15496709959507 92.31201102286578 0
      vertex 147.77381122874021 92.42505194693804 0
    endloop
  endfacet
  facet normal 0 0 -1
    outer loop
      vertex 148.8069422023177 95.50657361447811 0
      vertex 147.77381122874021 92.42505194693804 0
      vertex 147.40284136699438 92.56801842600107 0
    endloop
  endfacet
  facet normal 0 0 -1
    outer loop
      vertex 153.8032934220314 99.49889708012343 0
      vertex 153.97528157399893 99.14045863300562 0
      vertex 151.0367263855219 97.73635779768229 0
    endloop
  endfacet
  facet normal 0 0 -1
    outer loop
      vertex 153.8032934220314 99.49889708012343 0
      vertex 151.0367263855219 97.73635779768229 0
      vertex 150.8666979076147 98.08942557573319 0
    endloop
  endfacet
  facet normal 0 0 -1
    outer loop
      vertex 153.60337094979286 99.84253796637059 0
      vertex 153.8032934220314 99.49889708012343 0
      vertex 150.8666979076147 98.08942557573319 0
    endloop
  endfacet
  facet normal 0 0 -1
    outer loop
      vertex 153.376778140831 100.16920867264271 0
      vertex 153.60337094979286 99.84253796637059 0
      vertex 150.8666979076147 98.08942557573319 0
    endloop
  endfacet
  facet normal 0 0 -1
    outer loop
      vertex 153.376778140831 100.16920867264271 0
      vertex 150.8666979076147 98.08942557573319 0
      vertex 150.62236742691994 98.3958063095808 0
    endloop
  endfacet
  facet normal 0 0 -1
    outer loop
      vertex 153.12494759278297 100.4768438756466 0
      vertex 153.376778140831 100.16920867264271 0
      vertex 150.62236742691994 98.3958063095808 0
    endloop
  endfacet
  facet normal 0 0 -1
    outer loop
      vertex 152.84947145001888 100.76349862366915 0
      vertex 153.12494759278297 100.4768438756466 0
      vertex 150.62236742691994 98.3958063095808 0
    endloop
  endfacet
  facet normal 0 0 -1
    outer loop
      vertex 151.0367263855219 144.6636422023177 0
      vertex 153.97528157399893 143.25954136699437 0
      vertex 153.8032934220314 142.90110291987656 0
    endloop
  endfacet
  facet normal 0 0 -1
    outer loop
      vertex 150.8666979076147 144.3105744242668 0
      vertex 151.0367263855219 144.6636422023177 0
      vertex 153.8032934220314 142.90110291987656 0
    endloop
  endfacet
  facet normal 0 0 -1
    outer loop
      vertex 150.8666979076147 144.3105744242668 0
      vertex 153.8032934220314 142.90110291987656 0
      vertex 153.60337094979286 142.5574620336294 0
    endloop
  endfacet
  facet normal 0 0 -1
    outer loop
      vertex 150.8666979076147 144.3105744242668 0
      vertex 153.60337094979286 142.5574620336294 0
      vertex 153.376778140831 142.23079132735728 0
    endloop
  endfacet
  facet normal 0 0 -1
    outer loop
      vertex 150.62236742691994 144.00419369041919 0
      vertex 150.8666979076147 144.3105744242668 0
      vertex 153.376778140831 142.23079132735728 0
    endloop
  endfacet
  facet normal 0 0 -1
    outer loop
      vertex 150.62236742691994 144.00419369041919 0
      vertex 153.376778140831 142.23079132735728 0
      vertex 153.12494759278297 141.9231561243534 0
    endloop
  endfacet
  facet normal 0 0 -1
    outer loop
      vertex 150.62236742691994 144.00419369041919 0
      vertex 153.12494759278297 141.9231561243534 0
      vertex 152.84947145001888 141.63650137633084 0
    endloop
  endfacet
  facet normal 0 0 -1
    outer loop
      vertex 147.04440291987657 149.6599934220314 0
      vertex 147.40284136699438 149.83198157399892 0
      vertex 148.8069422023177 146.89342638552188 0
    endloop
  endfacet
  facet normal 0 0 -1
    outer loop
      vertex 147.04440291987657 149.6599934220314 0
      vertex 148.8069422023177 146.89342638552188 0
      vertex 148.45387442426681 146.7233979076147 0
    endloop
  endfacet
  facet normal 0 0 -1
    outer loop
      vertex 146.70076203362942 149.46007094979285 0
      vertex 147.04440291987657 149.6599934220314 0
      vertex 148.45387442426681 146.7233979076147 0
    endloop
  endfacet
  facet normal 0 0 -1
    outer loop
      vertex 146.3740913273573 149.23347814083098 0
      vertex 146.70076203362942 149.46007094979285 0
      vertex 148.45387442426681 146.7233979076147 0
    endloop
  endfacet
  facet normal 0 0 -1
    outer loop
      vertex 146.3740913273573 149.23347814083098 0
      vertex 148.45387442426681 146.7233979076147 0
      vertex 148.1474936904192 146.47906742691993 0
    endloop
  endfacet
  facet normal 0 0 -1
    outer loop
      vertex 146.0664561243534 148.98164759278296 0
      vertex 146.3740913273573 149.23347814083098 0
      vertex 148.1474936904192 146.47906742691993 0
    endloop
  endfacet
  facet normal 0 0 -1
    outer loop
      vertex 145.77980137633085 148.70617145001887 0
      vertex 146.0664561243534 148.98164759278296 0
      vertex 148.1474936904192 146.47906742691993 0
    endloop
  endfacet
  facet normal 0 0 -1
    outer loop
      vertex 148.8069422023177 95.50657361447811 0
      vertex 147.40284136699438 92.56801842600107 0
      vertex 147.04440291987657 92.7400065779686 0
    endloop
  endfacet
  facet normal 0 0 -1
    outer loop
      vertex 148.45387442426681 95.6766020923853 0
      vertex 148.8069422023177 95.50657361447811 0
      vertex 147.04440291987657 92.7400065779686 0
    endloop
  endfacet
  facet normal 0 0 -1
    outer loop
      vertex 148.45387442426681 95.6766020923853 0
      vertex 147.04440291987657 92.7400065779686 0
      vertex 146.70076203362942 92.93992905020714 0
    endloop
  endfacet
  facet normal 0 0 -1
    outer loop
      vertex 148.45387442426681 95.6766020923853 0
      vertex 146.70076203362942 92.93992905020714 0
      vertex 146.3740913273573 93.16652185916901 0
    endloop
  endfacet
  facet normal 0 0 -1
    outer loop
      vertex 148.1474936904192 95.92093257308007 0
      vertex 148.45387442426681 95.6766020923853 0
      vertex 146.3740913273573 93.16652185916901 0
    endloop
  endfacet
  facet normal 0 0 -1
    outer loop
      vertex 148.1474936904192 95.92093257308007 0
      vertex 146.3740913273573 93.16652185916901 0
      vertex 146.0664561243534 93.41835240721703 0
    endloop
  endfacet
  facet normal 0 0 -1
    outer loop
      vertex 148.1474936904192 95.92093257308007 0
      vertex 146.0664561243534 93.41835240721703 0
      vertex 145.77980137633085 93.69382854998112 0
    endloop
  endfacet
  facet normal 0 0 -1
    outer loop
      vertex 150.8433 121.2 0
      vertex 155.8433 121.2 0
      vertex 155.80150081233978 119.60375333279372 0
    endloop
  endfacet
  facet normal 0 0 -1
    outer loop
      vertex 150.80835313366651 119.8654331162572 0
      vertex 150.8433 121.2 0
      vertex 155.80150081233978 119.60375333279372 0
    endloop
  endfacet
  facet normal 0 0 -1
    outer loop
      vertex 155.80150081233978 122.79624666720629 0
      vertex 155.8433 121.2 0
      vertex 150.8433 121.2 0
    endloop
  endfacet
  facet normal 0 0 -1
    outer loop
      vertex 155.80150081233978 122.79624666720629 0
      vertex 150.8433 121.2 0
      vertex 150.80835313366651 122.53456688374281 0
    endloop
  endfacet
  facet normal 0 0 -1
    outer loop
      vertex 150.80835313366651 119.8654331162572 0
      vertex 155.80150081233978 119.60375333279372 0
      vertex 155.6762178094864 118.01188187003136 0
    endloop
  endfacet
  facet normal 0 0 -1
    outer loop
      vertex 150.70360833423138 118.53452418446541 0
      vertex 150.80835313366651 119.8654331162572 0
      vertex 155.6762178094864 118.01188187003136 0
    endloop
  endfacet
  facet normal 0 0 -1
    outer loop
      vertex 150.70360833423138 118.53452418446541 0
      vertex 155.6762178094864 118.01188187003136 0
      vertex 155.46779438869953 116.42874881327153 0
    endloop
  endfacet
  facet normal 0 0 -1
    outer loop
      vertex 150.52935268746614 117.21092114299536 0
      vertex 150.70360833423138 118.53452418446541 0
      vertex 155.46779438869953 116.42874881327153 0
    endloop
  endfacet
  facet normal 0 0 -1
    outer loop
      vertex 150.52935268746614 117.21092114299536 0
      vertex 155.46779438869953 116.42874881327153 0
      vertex 155.17680182324648 114.85869343280793 0
    endloop
  endfacet
  facet normal 0 0 -1
    outer loop
      vertex 150.28606382029056 115.89825188070536 0
      vertex 150.52935268746614 117.21092114299536 0
      vertex 155.17680182324648 114.85869343280793 0
    endloop
  endfacet
  facet normal 0 0 -1
    outer loop
      vertex 150.28606382029056 115.89825188070536 0
      vertex 155.17680182324648 114.85869343280793 0
      vertex 154.8040377052307 113.3060191243887 0
    endloop
  endfacet
  facet normal 0 0 -1
    outer loop
      vertex 149.97440856711864 114.60011435002089 0
      vertex 150.28606382029056 115.89825188070536 0
      vertex 154.8040377052307 113.3060191243887 0
    endloop
  endfacet
  facet normal 0 0 -1
    outer loop
      vertex 149.97440856711864 114.60011435002089 0
      vertex 154.8040377052307 113.3060191243887 0
      vertex 154.35052374767065 111.77498167455197 0
    endloop
  endfacet
  facet normal 0 0 -1
    outer loop
      vertex 149.59524116681814 113.32006664276123 0
      vertex 149.97440856711864 114.60011435002089 0
      vertex 154.35052374767065 111.77498167455197 0
    endloop
  endfacet
  facet normal 0 0 -1
    outer loop
      vertex 149.59524116681814 113.32006664276123 0
      vertex 154.35052374767065 111.77498167455197 0
      vertex 153.81750300543308 110.26977754086256 0
    endloop
  endfacet
  facet normal 0 0 -1
    outer loop
      vertex 149.14960087852478 112.06161728948355 0
      vertex 149.59524116681814 113.32006664276123 0
      vertex 153.81750300543308 110.26977754086256 0
    endloop
  endfacet
  facet normal 0 0 -1
    outer loop
      vertex 149.14960087852478 112.06161728948355 0
      vertex 153.81750300543308 110.26977754086256 0
      vertex 153.20643645541668 108.79453238546849 0
    endloop
  endfacet
  facet normal 0 0 -1
    outer loop
      vertex 148.63870917277336 110.82821560353041 0
      vertex 149.14960087852478 112.06161728948355 0
      vertex 153.20643645541668 108.79453238546849 0
    endloop
  endfacet
  facet normal 0 0 -1
    outer loop
      vertex 148.63870917277336 110.82821560353041 0
      vertex 153.20643645541668 108.79453238546849 0
      vertex 152.51899898813963 107.35328975766897 0
    endloop
  endfacet
  facet normal 0 0 -1
    outer loop
      vertex 148.06396636383533 109.62324225604534 0
      vertex 148.63870917277336 110.82821560353041 0
      vertex 152.51899898813963 107.35328975766897 0
    endloop
  endfacet
  facet normal 0 0 -1
    outer loop
      vertex 148.06396636383533 109.62324225604534 0
      vertex 152.51899898813963 107.35328975766897 0
      vertex 151.757074818182 105.95 0
    endloop
  endfacet
  facet normal 0 0 -1
    outer loop
      vertex 147.42694779502153 108.45 0
      vertex 148.06396636383533 109.62324225604534 0
      vertex 151.757074818182 105.95 0
    endloop
  endfacet
  facet normal 0 0 -1
    outer loop
      vertex 147.42694779502153 108.45 0
      vertex 151.757074818182 105.95 0
      vertex 150.92275232093334 104.58850942999125 0
    endloop
  endfacet
  facet normal 0 0 -1
    outer loop
      vertex 146.72939948009252 107.31170461028815 0
      vertex 147.42694779502153 108.45 0
      vertex 150.92275232093334 104.58850942999125 0
    endloop
  endfacet
  facet normal 0 0 -1
    outer loop
      vertex 146.72939948009252 107.31170461028815 0
      vertex 150.92275232093334 104.58850942999125 0
      vertex 150.14952026324272 103.46344981044531 0
    endloop
  endfacet
  facet normal 0 0 -1
    outer loop
      vertex 145.97323335723877 106.2114760696888 0
      vertex 146.72939948009252 107.31170461028815 0
      vertex 150.14952026324272 103.46344981044531 0
    endloop
  endfacet
  facet normal 0 0 -1
    outer loop
      vertex 155.6762178094864 124.38811812996865 0
      vertex 155.80150081233978 122.79624666720629 0
      vertex 150.80835313366651 122.53456688374281 0
    endloop
  endfacet
  facet normal 0 0 -1
    outer loop
      vertex 155.6762178094864 124.38811812996865 0
      vertex 150.80835313366651 122.53456688374281 0
      vertex 150.70360833423138 123.8654758155346 0
    endloop
  endfacet
  facet normal 0 0 -1
    outer loop
      vertex 155.46779438869953 125.97125118672848 0
      vertex 155.6762178094864 124.38811812996865 0
      vertex 150.70360833423138 123.8654758155346 0
    endloop
  endfacet
  facet normal 0 0 -1
    outer loop
      vertex 155.46779438869953 125.97125118672848 0
      vertex 150.70360833423138 123.8654758155346 0
      vertex 150.52935268746614 125.18907885700465 0
    endloop
  endfacet
  facet normal 0 0 -1
    outer loop
      vertex 155.17680182324648 127.54130656719208 0
      vertex 155.46779438869953 125.97125118672848 0
      vertex 150.52935268746614 125.18907885700465 0
    endloop
  endfacet
  facet normal 0 0 -1
    outer loop
      vertex 155.17680182324648 127.54130656719208 0
      vertex 150.52935268746614 125.18907885700465 0
      vertex 150.28606382029056 126.50174811929465 0
    endloop
  endfacet
  facet normal 0 0 -1
    outer loop
      vertex 154.8040377052307 129.0939808756113 0
      vertex 155.17680182324648 127.54130656719208 0
      vertex 150.28606382029056 126.50174811929465 0
    endloop
  endfacet
  facet normal 0 0 -1
    outer loop
      vertex 154.8040377052307 129.0939808756113 0
      vertex 150.28606382029056 126.50174811929465 0
      vertex 149.97440856711864 127.79988564997912 0
    endloop
  endfacet
  facet normal 0 0 -1
    outer loop
      vertex 154.35052374767065 130.62501832544802 0
      vertex 154.8040377052307 129.0939808756113 0
      vertex 149.97440856711864 127.79988564997912 0
    endloop
  endfacet
  facet normal 0 0 -1
    outer loop
      vertex 154.35052374767065 130.62501832544802 0
      vertex 149.97440856711864 127.79988564997912 0
      vertex 149.59524116681814 129.07993335723876 0
    endloop
  endfacet
  facet normal 0 0 -1
    outer loop
      vertex 153.81750300543308 132.13022245913743 0
      vertex 154.35052374767065 130.62501832544802 0
      vertex 149.59524116681814 129.07993335723876 0
    endloop
  endfacet
  facet normal 0 0 -1
    outer loop
      vertex 153.81750300543308 132.13022245913743 0
      vertex 149.59524116681814 129.07993335723876 0
      vertex 149.14960087852478 130.33838271051644 0
    endloop
  endfacet
  facet normal 0 0 -1
    outer loop
      vertex 153.20643645541668 133.6054676145315 0
      vertex 153.81750300543308 132.13022245913743 0
      vertex 149.14960087852478 130.33838271051644 0
    endloop
  endfacet
  facet normal 0 0 -1
    outer loop
      vertex 153.20643645541668 133.6054676145315 0
      vertex 149.14960087852478 130.33838271051644 0
      vertex 148.63870917277336 131.57178439646958 0
    endloop
  endfacet
  facet normal 0 0 -1
    outer loop
      vertex 152.51899898813963 135.04671024233102 0
      vertex 153.20643645541668 133.6054676145315 0
      vertex 148.63870917277336 131.57178439646958 0
    endloop
  endfacet
  facet normal 0 0 -1
    outer loop
      vertex 152.51899898813963 135.04671024233102 0
      vertex 148.63870917277336 131.57178439646958 0
      vertex 148.06396636383533 132.77675774395465 0
    endloop
  endfacet
  facet normal 0 0 -1
    outer loop
      vertex 151.757074818182 136.45 0
      vertex 152.51899898813963 135.04671024233102 0
      vertex 148.06396636383533 132.77675774395465 0
    endloop
  endfacet
  facet normal 0 0 -1
    outer loop
      vertex 151.757074818182 136.45 0
      vertex 148.06396636383533 132.77675774395465 0
      vertex 147.42694779502153 133.95 0
    endloop
  endfacet
  facet normal 0 0 -1
    outer loop
      vertex 150.92275232093334 137.81149057000874 0
      vertex 151.757074818182 136.45 0
      vertex 147.42694779502153 133.95 0
    endloop
  endfacet
  facet normal 0 0 -1
    outer loop
      vertex 150.92275232093334 137.81149057000874 0
      vertex 147.42694779502153 133.95 0
      vertex 146.72939948009252 135.08829538971185 0
    endloop
  endfacet
  facet normal 0 0 -1
    outer loop
      vertex 150.14952026324272 138.93655018955468 0
      vertex 150.92275232093334 137.81149057000874 0
      vertex 146.72939948009252 135.08829538971185 0
    endloop
  endfacet
  facet normal 0 0 -1
    outer loop
      vertex 150.14952026324272 138.93655018955468 0
      vertex 146.72939948009252 135.08829538971185 0
      vertex 145.97323335723877 136.1885239303112 0
    endloop
  endfacet
  facet normal 0 0 -1
    outer loop
      vertex 145.16052201406956 105.15233003050089 0
      vertex 145.97323335723877 106.2114760696888 0
      vertex 150.14952026324272 103.46344981044531 0
    endloop
  endfacet
  facet normal 0 0 -1
    outer loop
      vertex 150.14952026324272 138.93655018955468 0
      vertex 145.97323335723877 136.1885239303112 0
      vertex 145.16052201406956 137.2476699694991 0
    endloop
  endfacet
  facet normal 0 0 -1
    outer loop
      vertex 152.84947145001888 100.76349862366915 0
      vertex 150.62236742691994 98.3958063095808 0
      vertex 150.31598669307232 98.64013679027558 0
    endloop
  endfacet
  facet normal 0 0 -1
    outer loop
      vertex 150.31598669307232 143.75986320972441 0
      vertex 150.62236742691994 144.00419369041919 0
      vertex 152.84947145001888 141.63650137633084 0
    endloop
  endfacet
  facet normal 0 0 -1
    outer loop
      vertex 145.77980137633085 148.70617145001887 0
      vertex 148.1474936904192 146.47906742691993 0
      vertex 147.90316320972443 146.1726866930723 0
    endloop
  endfacet
  facet normal 0 0 -1
    outer loop
      vertex 147.90316320972443 96.22731330692768 0
      vertex 148.1474936904192 95.92093257308007 0
      vertex 145.77980137633085 93.69382854998112 0
    endloop
  endfacet
  facet normal 0 0 -1
    outer loop
      vertex 150.14952026324272 103.46344981044531 0
      vertex 152.84947145001888 100.76349862366915 0
      vertex 150.31598669307232 98.64013679027558 0
    endloop
  endfacet
  facet normal 0 0 -1
    outer loop
      vertex 150.14952026324272 103.46344981044531 0
      vertex 150.31598669307232 98.64013679027558 0
      vertex 149.962918922472 98.81016526818276 0
    endloop
  endfacet
  facet normal 0 0 -1
    outer loop
      vertex 150.14952026324272 103.46344981044531 0
      vertex 149.962918922472 98.81016526818276 0
      vertex 149.58086839334965 98.89736580550671 0
    endloop
  endfacet
  facet normal 0 0 -1
    outer loop
      vertex 150.14952026324272 103.46344981044531 0
      vertex 149.58086839334965 98.89736580550671 0
      vertex 149.1889927239895 98.89736580550671 0
    endloop
  endfacet
  facet normal 0 0 -1
    outer loop
      vertex 145.16052201406956 105.15233003050089 0
      vertex 150.14952026324272 103.46344981044531 0
      vertex 149.1889927239895 98.89736580550671 0
    endloop
  endfacet
  facet normal 0 0 -1
    outer loop
      vertex 145.16052201406956 105.15233003050089 0
      vertex 149.1889927239895 98.89736580550671 0
      vertex 148.8069422023177 98.81016526818276 0
    endloop
  endfacet
  facet normal 0 0 -1
    outer loop
      vertex 144.2934930475235 104.1371695369482 0
      vertex 145.16052201406956 105.15233003050089 0
      vertex 148.8069422023177 98.81016526818276 0
    endloop
  endfacet
  facet normal 0 0 -1
    outer loop
      vertex 144.2934930475235 104.1371695369482 0
      vertex 148.8069422023177 98.81016526818276 0
      vertex 148.45387442426681 98.64013679027558 0
    endloop
  endfacet
  facet normal 0 0 -1
    outer loop
      vertex 144.2934930475235 104.1371695369482 0
      vertex 148.45387442426681 98.64013679027558 0
      vertex 148.1474936904192 98.3958063095808 0
    endloop
  endfacet
  facet normal 0 0 -1
    outer loop
      vertex 143.37452291713953 103.16877708286047 0
      vertex 144.2934930475235 104.1371695369482 0
      vertex 148.1474936904192 98.3958063095808 0
    endloop
  endfacet
  facet normal 0 0 -1
    outer loop
      vertex 142.4061304630518 102.2498069524765 0
      vertex 143.37452291713953 103.16877708286047 0
      vertex 148.1474936904192 98.3958063095808 0
    endloop
  endfacet
  facet normal 0 0 -1
    outer loop
      vertex 142.4061304630518 102.2498069524765 0
      vertex 148.1474936904192 98.3958063095808 0
      vertex 147.90316320972443 98.08942557573319 0
    endloop
  endfacet
  facet normal 0 0 -1
    outer loop
      vertex 150.31598669307232 143.75986320972441 0
      vertex 152.84947145001888 141.63650137633084 0
      vertex 150.14952026324272 138.93655018955468 0
    endloop
  endfacet
  facet normal 0 0 -1
    outer loop
      vertex 149.962918922472 143.58983473181723 0
      vertex 150.31598669307232 143.75986320972441 0
      vertex 150.14952026324272 138.93655018955468 0
    endloop
  endfacet
  facet normal 0 0 -1
    outer loop
      vertex 149.58086839334965 143.50263419449328 0
      vertex 149.962918922472 143.58983473181723 0
      vertex 150.14952026324272 138.93655018955468 0
    endloop
  endfacet
  facet normal 0 0 -1
    outer loop
      vertex 149.1889927239895 143.50263419449328 0
      vertex 149.58086839334965 143.50263419449328 0
      vertex 150.14952026324272 138.93655018955468 0
    endloop
  endfacet
  facet normal 0 0 -1
    outer loop
      vertex 149.1889927239895 143.50263419449328 0
      vertex 150.14952026324272 138.93655018955468 0
      vertex 145.16052201406956 137.2476699694991 0
    endloop
  endfacet
  facet normal 0 0 -1
    outer loop
      vertex 148.8069422023177 143.58983473181723 0
      vertex 149.1889927239895 143.50263419449328 0
      vertex 145.16052201406956 137.2476699694991 0
    endloop
  endfacet
  facet normal 0 0 -1
    outer loop
      vertex 148.8069422023177 143.58983473181723 0
      vertex 145.16052201406956 137.2476699694991 0
      vertex 144.2934930475235 138.26283046305178 0
    endloop
  endfacet
  facet normal 0 0 -1
    outer loop
      vertex 148.45387442426681 143.75986320972441 0
      vertex 148.8069422023177 143.58983473181723 0
      vertex 144.2934930475235 138.26283046305178 0
    endloop
  endfacet
  facet normal 0 0 -1
    outer loop
      vertex 148.1474936904192 144.00419369041919 0
      vertex 148.45387442426681 143.75986320972441 0
      vertex 144.2934930475235 138.26283046305178 0
    endloop
  endfacet
  facet normal 0 0 -1
    outer loop
      vertex 148.1474936904192 144.00419369041919 0
      vertex 144.2934930475235 138.26283046305178 0
      vertex 143.37452291713953 139.23122291713952 0
    endloop
  endfacet
  facet normal 0 0 -1
    outer loop
      vertex 148.1474936904192 144.00419369041919 0
      vertex 143.37452291713953 139.23122291713952 0
      vertex 142.4061304630518 140.1501930475235 0
    endloop
  endfacet
  facet normal 0 0 -1
    outer loop
      vertex 147.90316320972443 144.3105744242668 0
      vertex 148.1474936904192 144.00419369041919 0
      vertex 142.4061304630518 140.1501930475235 0
    endloop
  endfacet
  facet normal 0 0 -1
    outer loop
      vertex 143.0798501895547 146.0062202632427 0
      vertex 145.77980137633085 148.70617145001887 0
      vertex 147.90316320972443 146.1726866930723 0
    endloop
  endfacet
  facet normal 0 0 -1
    outer loop
      vertex 143.0798501895547 146.0062202632427 0
      vertex 147.90316320972443 146.1726866930723 0
      vertex 147.73313473181724 145.819618922472 0
    endloop
  endfacet
  facet normal 0 0 -1
    outer loop
      vertex 143.0798501895547 146.0062202632427 0
      vertex 147.73313473181724 145.819618922472 0
      vertex 147.6459341944933 145.43756839334964 0
    endloop
  endfacet
  facet normal 0 0 -1
    outer loop
      vertex 143.0798501895547 146.0062202632427 0
      vertex 147.6459341944933 145.43756839334964 0
      vertex 147.6459341944933 145.04569272398948 0
    endloop
  endfacet
  facet normal 0 0 -1
    outer loop
      vertex 147.90316320972443 96.22731330692768 0
      vertex 145.77980137633085 93.69382854998112 0
      vertex 143.0798501895547 96.39377973675728 0
    endloop
  endfacet
  facet normal 0 0 -1
    outer loop
      vertex 147.73313473181724 96.580381077528 0
      vertex 147.90316320972443 96.22731330692768 0
      vertex 143.0798501895547 96.39377973675728 0
    endloop
  endfacet
  facet normal 0 0 -1
    outer loop
      vertex 147.6459341944933 96.96243160665036 0
      vertex 147.73313473181724 96.580381077528 0
      vertex 143.0798501895547 96.39377973675728 0
    endloop
  endfacet
  facet normal 0 0 -1
    outer loop
      vertex 147.6459341944933 97.35430727601052 0
      vertex 147.6459341944933 96.96243160665036 0
      vertex 143.0798501895547 96.39377973675728 0
    endloop
  endfacet
  facet normal 0 0 -1
    outer loop
      vertex 142.4061304630518 102.2498069524765 0
      vertex 147.90316320972443 98.08942557573319 0
      vertex 147.73313473181724 97.73635779768229 0
    endloop
  endfacet
  facet normal 0 0 -1
    outer loop
      vertex 141.3909699694991 101.38277798593045 0
      vertex 142.4061304630518 102.2498069524765 0
      vertex 147.73313473181724 97.73635779768229 0
    endloop
  endfacet
  facet normal 0 0 -1
    outer loop
      vertex 147.73313473181724 144.6636422023177 0
      vertex 147.90316320972443 144.3105744242668 0
      vertex 142.4061304630518 140.1501930475235 0
    endloop
  endfacet
  facet normal 0 0 -1
    outer loop
      vertex 147.73313473181724 144.6636422023177 0
      vertex 142.4061304630518 140.1501930475235 0
      vertex 141.3909699694991 141.01722201406955 0
    endloop
  endfacet
  facet normal 0 0 -1
    outer loop
      vertex 141.3909699694991 101.38277798593045 0
      vertex 147.73313473181724 97.73635779768229 0
      vertex 147.6459341944933 97.35430727601052 0
    endloop
  endfacet
  facet normal 0 0 -1
    outer loop
      vertex 141.3909699694991 101.38277798593045 0
      vertex 147.6459341944933 97.35430727601052 0
      vertex 143.0798501895547 96.39377973675728 0
    endloop
  endfacet
  facet normal 0 0 -1
    outer loop
      vertex 140.3318239303112 100.57006664276123 0
      vertex 141.3909699694991 101.38277798593045 0
      vertex 143.0798501895547 96.39377973675728 0
    endloop
  endfacet
  facet normal 0 0 -1
    outer loop
      vertex 139.23159538971186 99.81390051990748 0
      vertex 140.3318239303112 100.57006664276123 0
      vertex 143.0798501895547 96.39377973675728 0
    endloop
  endfacet
  facet normal 0 0 -1
    outer loop
      vertex 139.23159538971186 99.81390051990748 0
      vertex 143.0798501895547 96.39377973675728 0
      vertex 141.95479057000875 95.62054767906666 0
    endloop
  endfacet
  facet normal 0 0 -1
    outer loop
      vertex 139.23159538971186 99.81390051990748 0
      vertex 141.95479057000875 95.62054767906666 0
      vertex 140.5933 94.78622518181801 0
    endloop
  endfacet
  facet normal 0 0 -1
    outer loop
      vertex 138.0933 99.11635220497847 0
      vertex 139.23159538971186 99.81390051990748 0
      vertex 140.5933 94.78622518181801 0
    endloop
  endfacet
  facet normal 0 0 -1
    outer loop
      vertex 138.0933 99.11635220497847 0
      vertex 140.5933 94.78622518181801 0
      vertex 139.19001024233103 94.02430101186037 0
    endloop
  endfacet
  facet normal 0 0 -1
    outer loop
      vertex 136.92005774395466 98.47933363616467 0
      vertex 138.0933 99.11635220497847 0
      vertex 139.19001024233103 94.02430101186037 0
    endloop
  endfacet
  facet normal 0 0 -1
    outer loop
      vertex 136.92005774395466 98.47933363616467 0
      vertex 139.19001024233103 94.02430101186037 0
      vertex 137.74876761453152 93.33686354458332 0
    endloop
  endfacet
  facet normal 0 0 -1
    outer loop
      vertex 135.7150843964696 97.90459082722664 0
      vertex 136.92005774395466 98.47933363616467 0
      vertex 137.74876761453152 93.33686354458332 0
    endloop
  endfacet
  facet normal 0 0 -1
    outer loop
      vertex 135.7150843964696 97.90459082722664 0
      vertex 137.74876761453152 93.33686354458332 0
      vertex 136.27352245913744 92.72579699456692 0
    endloop
  endfacet
  facet normal 0 0 -1
    outer loop
      vertex 134.48168271051645 97.39369912147522 0
      vertex 135.7150843964696 97.90459082722664 0
      vertex 136.27352245913744 92.72579699456692 0
    endloop
  endfacet
  facet normal 0 0 -1
    outer loop
      vertex 134.48168271051645 97.39369912147522 0
      vertex 136.27352245913744 92.72579699456692 0
      vertex 134.76831832544804 92.19277625232935 0
    endloop
  endfacet
  facet normal 0 0 -1
    outer loop
      vertex 133.22323335723877 96.94805883318186 0
      vertex 134.48168271051645 97.39369912147522 0
      vertex 134.76831832544804 92.19277625232935 0
    endloop
  endfacet
  facet normal 0 0 -1
    outer loop
      vertex 133.22323335723877 96.94805883318186 0
      vertex 134.76831832544804 92.19277625232935 0
      vertex 133.2372808756113 91.73926229476929 0
    endloop
  endfacet
  facet normal 0 0 -1
    outer loop
      vertex 131.9431856499791 96.56889143288136 0
      vertex 133.22323335723877 96.94805883318186 0
      vertex 133.2372808756113 91.73926229476929 0
    endloop
  endfacet
  facet normal 0 0 -1
    outer loop
      vertex 131.9431856499791 96.56889143288136 0
      vertex 133.2372808756113 91.73926229476929 0
      vertex 131.68460656719208 91.36649817675352 0
    endloop
  endfacet
  facet normal 0 0 -1
    outer loop
      vertex 130.64504811929464 96.25723617970944 0
      vertex 131.9431856499791 96.56889143288136 0
      vertex 131.68460656719208 91.36649817675352 0
    endloop
  endfacet
  facet normal 0 0 -1
    outer loop
      vertex 130.64504811929464 96.25723617970944 0
      vertex 131.68460656719208 91.36649817675352 0
      vertex 130.11455118672848 91.07550561130047 0
    endloop
  endfacet
  facet normal 0 0 -1
    outer loop
      vertex 129.33237885700464 96.01394731253386 0
      vertex 130.64504811929464 96.25723617970944 0
      vertex 130.11455118672848 91.07550561130047 0
    endloop
  endfacet
  facet normal 0 0 -1
    outer loop
      vertex 129.33237885700464 96.01394731253386 0
      vertex 130.11455118672848 91.07550561130047 0
      vertex 128.53141812996864 90.86708219051361 0
    endloop
  endfacet
  facet normal 0 0 -1
    outer loop
      vertex 128.0087758155346 95.83969166576863 0
      vertex 129.33237885700464 96.01394731253386 0
      vertex 128.53141812996864 90.86708219051361 0
    endloop
  endfacet
  facet normal 0 0 -1
    outer loop
      vertex 128.0087758155346 95.83969166576863 0
      vertex 128.53141812996864 90.86708219051361 0
      vertex 126.93954666720627 90.74179918766022 0
    endloop
  endfacet
  facet normal 0 0 -1
    outer loop
      vertex 126.6778668837428 95.73494686633349 0
      vertex 128.0087758155346 95.83969166576863 0
      vertex 126.93954666720627 90.74179918766022 0
    endloop
  endfacet
  facet normal 0 0 -1
    outer loop
      vertex 126.6778668837428 95.73494686633349 0
      vertex 126.93954666720627 90.74179918766022 0
      vertex 125.34329999999999 90.7 0
    endloop
  endfacet
  facet normal 0 0 -1
    outer loop
      vertex 125.34329999999999 95.7 0
      vertex 126.6778668837428 95.73494686633349 0
      vertex 125.34329999999999 90.7 0
    endloop
  endfacet
  facet normal 0 0 -1
    outer loop
      vertex 125.34329999999999 95.7 0
      vertex 125.34329999999999 90.7 0
      vertex 123.7470533327937 90.74179918766022 0
    endloop
  endfacet
  facet normal 0 0 -1
    outer loop
      vertex 124.00873311625718 95.73494686633349 0
      vertex 125.34329999999999 95.7 0
      vertex 123.7470533327937 90.74179918766022 0
    endloop
  endfacet
  facet normal 0 0 -1
    outer loop
      vertex 124.00873311625718 95.73494686633349 0
      vertex 123.7470533327937 90.74179918766022 0
      vertex 122.15518187003134 90.86708219051361 0
    endloop
  endfacet
  facet normal 0 0 -1
    outer loop
      vertex 122.6778241844654 95.83969166576863 0
      vertex 124.00873311625718 95.73494686633349 0
      vertex 122.15518187003134 90.86708219051361 0
    endloop
  endfacet
  facet normal 0 0 -1
    outer loop
      vertex 122.6778241844654 95.83969166576863 0
      vertex 122.15518187003134 90.86708219051361 0
      vertex 120.57204881327151 91.07550561130047 0
    endloop
  endfacet
  facet normal 0 0 -1
    outer loop
      vertex 121.35422114299534 96.01394731253386 0
      vertex 122.6778241844654 95.83969166576863 0
      vertex 120.57204881327151 91.07550561130047 0
    endloop
  endfacet
  facet normal 0 0 -1
    outer loop
      vertex 121.35422114299534 96.01394731253386 0
      vertex 120.57204881327151 91.07550561130047 0
      vertex 119.00199343280791 91.36649817675352 0
    endloop
  endfacet
  facet normal 0 0 -1
    outer loop
      vertex 120.04155188070534 96.25723617970944 0
      vertex 121.35422114299534 96.01394731253386 0
      vertex 119.00199343280791 91.36649817675352 0
    endloop
  endfacet
  facet normal 0 0 -1
    outer loop
      vertex 120.04155188070534 96.25723617970944 0
      vertex 119.00199343280791 91.36649817675352 0
      vertex 117.44931912438868 91.73926229476929 0
    endloop
  endfacet
  facet normal 0 0 -1
    outer loop
      vertex 118.74341435002087 96.56889143288136 0
      vertex 120.04155188070534 96.25723617970944 0
      vertex 117.44931912438868 91.73926229476929 0
    endloop
  endfacet
  facet normal 0 0 -1
    outer loop
      vertex 118.74341435002087 96.56889143288136 0
      vertex 117.44931912438868 91.73926229476929 0
      vertex 115.91828167455195 92.19277625232935 0
    endloop
  endfacet
  facet normal 0 0 -1
    outer loop
      vertex 117.46336664276122 96.94805883318186 0
      vertex 118.74341435002087 96.56889143288136 0
      vertex 115.91828167455195 92.19277625232935 0
    endloop
  endfacet
  facet normal 0 0 -1
    outer loop
      vertex 117.46336664276122 96.94805883318186 0
      vertex 115.91828167455195 92.19277625232935 0
      vertex 114.41307754086255 92.72579699456692 0
    endloop
  endfacet
  facet normal 0 0 -1
    outer loop
      vertex 116.20491728948353 97.39369912147522 0
      vertex 117.46336664276122 96.94805883318186 0
      vertex 114.41307754086255 92.72579699456692 0
    endloop
  endfacet
  facet normal 0 0 -1
    outer loop
      vertex 116.20491728948353 97.39369912147522 0
      vertex 114.41307754086255 92.72579699456692 0
      vertex 112.93783238546847 93.33686354458332 0
    endloop
  endfacet
  facet normal 0 0 -1
    outer loop
      vertex 116.20491728948353 97.39369912147522 0
      vertex 112.93783238546847 93.33686354458332 0
      vertex 111.49658975766896 94.02430101186037 0
    endloop
  endfacet
  facet normal 0 0 -1
    outer loop
      vertex 147.6459341944933 145.04569272398948 0
      vertex 147.73313473181724 144.6636422023177 0
      vertex 141.3909699694991 141.01722201406955 0
    endloop
  endfacet
  facet normal 0 0 -1
    outer loop
      vertex 143.0798501895547 146.0062202632427 0
      vertex 147.6459341944933 145.04569272398948 0
      vertex 141.3909699694991 141.01722201406955 0
    endloop
  endfacet
  facet normal 0 0 -1
    outer loop
      vertex 143.0798501895547 146.0062202632427 0
      vertex 141.3909699694991 141.01722201406955 0
      vertex 140.3318239303112 141.82993335723876 0
    endloop
  endfacet
  facet normal 0 0 -1
    outer loop
      vertex 143.0798501895547 146.0062202632427 0
      vertex 140.3318239303112 141.82993335723876 0
      vertex 139.23159538971186 142.5860994800925 0
    endloop
  endfacet
  facet normal 0 0 -1
    outer loop
      vertex 141.95479057000875 146.77945232093333 0
      vertex 143.0798501895547 146.0062202632427 0
      vertex 139.23159538971186 142.5860994800925 0
    endloop
  endfacet
  facet normal 0 0 -1
    outer loop
      vertex 140.5933 147.61377481818198 0
      vertex 141.95479057000875 146.77945232093333 0
      vertex 139.23159538971186 142.5860994800925 0
    endloop
  endfacet
  facet normal 0 0 -1
    outer loop
      vertex 140.5933 147.61377481818198 0
      vertex 139.23159538971186 142.5860994800925 0
      vertex 138.0933 143.28364779502152 0
    endloop
  endfacet
  facet normal 0 0 -1
    outer loop
      vertex 139.19001024233103 148.37569898813962 0
      vertex 140.5933 147.61377481818198 0
      vertex 138.0933 143.28364779502152 0
    endloop
  endfacet
  facet normal 0 0 -1
    outer loop
      vertex 139.19001024233103 148.37569898813962 0
      vertex 138.0933 143.28364779502152 0
      vertex 136.92005774395466 143.92066636383532 0
    endloop
  endfacet
  facet normal 0 0 -1
    outer loop
      vertex 137.74876761453152 149.06313645541667 0
      vertex 139.19001024233103 148.37569898813962 0
      vertex 136.92005774395466 143.92066636383532 0
    endloop
  endfacet
  facet normal 0 0 -1
    outer loop
      vertex 137.74876761453152 149.06313645541667 0
      vertex 136.92005774395466 143.92066636383532 0
      vertex 135.7150843964696 144.49540917277335 0
    endloop
  endfacet
  facet normal 0 0 -1
    outer loop
      vertex 136.27352245913744 149.67420300543307 0
      vertex 137.74876761453152 149.06313645541667 0
      vertex 135.7150843964696 144.49540917277335 0
    endloop
  endfacet
  facet normal 0 0 -1
    outer loop
      vertex 136.27352245913744 149.67420300543307 0
      vertex 135.7150843964696 144.49540917277335 0
      vertex 134.48168271051645 145.00630087852477 0
    endloop
  endfacet
  facet normal 0 0 -1
    outer loop
      vertex 134.76831832544804 150.20722374767064 0
      vertex 136.27352245913744 149.67420300543307 0
      vertex 134.48168271051645 145.00630087852477 0
    endloop
  endfacet
  facet normal 0 0 -1
    outer loop
      vertex 134.76831832544804 150.20722374767064 0
      vertex 134.48168271051645 145.00630087852477 0
      vertex 133.22323335723877 145.45194116681813 0
    endloop
  endfacet
  facet normal 0 0 -1
    outer loop
      vertex 133.2372808756113 150.6607377052307 0
      vertex 134.76831832544804 150.20722374767064 0
      vertex 133.22323335723877 145.45194116681813 0
    endloop
  endfacet
  facet normal 0 0 -1
    outer loop
      vertex 133.2372808756113 150.6607377052307 0
      vertex 133.22323335723877 145.45194116681813 0
      vertex 131.9431856499791 145.83110856711863 0
    endloop
  endfacet
  facet normal 0 0 -1
    outer loop
      vertex 131.68460656719208 151.03350182324647 0
      vertex 133.2372808756113 150.6607377052307 0
      vertex 131.9431856499791 145.83110856711863 0
    endloop
  endfacet
  facet normal 0 0 -1
    outer loop
      vertex 131.68460656719208 151.03350182324647 0
      vertex 131.9431856499791 145.83110856711863 0
      vertex 130.64504811929464 146.14276382029055 0
    endloop
  endfacet
  facet normal 0 0 -1
    outer loop
      vertex 130.11455118672848 151.32449438869952 0
      vertex 131.68460656719208 151.03350182324647 0
      vertex 130.64504811929464 146.14276382029055 0
    endloop
  endfacet
  facet normal 0 0 -1
    outer loop
      vertex 130.11455118672848 151.32449438869952 0
      vertex 130.64504811929464 146.14276382029055 0
      vertex 129.33237885700464 146.38605268746613 0
    endloop
  endfacet
  facet normal 0 0 -1
    outer loop
      vertex 128.53141812996864 151.53291780948638 0
      vertex 130.11455118672848 151.32449438869952 0
      vertex 129.33237885700464 146.38605268746613 0
    endloop
  endfacet
  facet normal 0 0 -1
    outer loop
      vertex 128.53141812996864 151.53291780948638 0
      vertex 129.33237885700464 146.38605268746613 0
      vertex 128.0087758155346 146.56030833423137 0
    endloop
  endfacet
  facet normal 0 0 -1
    outer loop
      vertex 126.93954666720627 151.65820081233977 0
      vertex 128.53141812996864 151.53291780948638 0
      vertex 128.0087758155346 146.56030833423137 0
    endloop
  endfacet
  facet normal 0 0 -1
    outer loop
      vertex 126.93954666720627 151.65820081233977 0
      vertex 128.0087758155346 146.56030833423137 0
      vertex 126.6778668837428 146.6650531336665 0
    endloop
  endfacet
  facet normal 0 0 -1
    outer loop
      vertex 125.34329999999999 151.7 0
      vertex 126.93954666720627 151.65820081233977 0
      vertex 126.6778668837428 146.6650531336665 0
    endloop
  endfacet
  facet normal 0 0 -1
    outer loop
      vertex 125.34329999999999 151.7 0
      vertex 126.6778668837428 146.6650531336665 0
      vertex 125.34329999999999 146.7 0
    endloop
  endfacet
  facet normal 0 0 -1
    outer loop
      vertex 123.7470533327937 151.65820081233977 0
      vertex 125.34329999999999 151.7 0
      vertex 125.34329999999999 146.7 0
    endloop
  endfacet
  facet normal 0 0 -1
    outer loop
      vertex 123.7470533327937 151.65820081233977 0
      vertex 125.34329999999999 146.7 0
      vertex 124.00873311625718 146.6650531336665 0
    endloop
  endfacet
  facet normal 0 0 -1
    outer loop
      vertex 122.15518187003134 151.53291780948638 0
      vertex 123.7470533327937 151.65820081233977 0
      vertex 124.00873311625718 146.6650531336665 0
    endloop
  endfacet
  facet normal 0 0 -1
    outer loop
      vertex 122.15518187003134 151.53291780948638 0
      vertex 124.00873311625718 146.6650531336665 0
      vertex 122.6778241844654 146.56030833423137 0
    endloop
  endfacet
  facet normal 0 0 -1
    outer loop
      vertex 120.57204881327151 151.32449438869952 0
      vertex 122.15518187003134 151.53291780948638 0
      vertex 122.6778241844654 146.56030833423137 0
    endloop
  endfacet
  facet normal 0 0 -1
    outer loop
      vertex 120.57204881327151 151.32449438869952 0
      vertex 122.6778241844654 146.56030833423137 0
      vertex 121.35422114299534 146.38605268746613 0
    endloop
  endfacet
  facet normal 0 0 -1
    outer loop
      vertex 119.00199343280791 151.03350182324647 0
      vertex 120.57204881327151 151.32449438869952 0
      vertex 121.35422114299534 146.38605268746613 0
    endloop
  endfacet
  facet normal 0 0 -1
    outer loop
      vertex 119.00199343280791 151.03350182324647 0
      vertex 121.35422114299534 146.38605268746613 0
      vertex 120.04155188070534 146.14276382029055 0
    endloop
  endfacet
  facet normal 0 0 -1
    outer loop
      vertex 117.44931912438868 150.6607377052307 0
      vertex 119.00199343280791 151.03350182324647 0
      vertex 120.04155188070534 146.14276382029055 0
    endloop
  endfacet
  facet normal 0 0 -1
    outer loop
      vertex 117.44931912438868 150.6607377052307 0
      vertex 120.04155188070534 146.14276382029055 0
      vertex 118.74341435002087 145.83110856711863 0
    endloop
  endfacet
  facet normal 0 0 -1
    outer loop
      vertex 115.91828167455195 150.20722374767064 0
      vertex 117.44931912438868 150.6607377052307 0
      vertex 118.74341435002087 145.83110856711863 0
    endloop
  endfacet
  facet normal 0 0 -1
    outer loop
      vertex 115.91828167455195 150.20722374767064 0
      vertex 118.74341435002087 145.83110856711863 0
      vertex 117.46336664276122 145.45194116681813 0
    endloop
  endfacet
  facet normal 0 0 -1
    outer loop
      vertex 114.41307754086255 149.67420300543307 0
      vertex 115.91828167455195 150.20722374767064 0
      vertex 117.46336664276122 145.45194116681813 0
    endloop
  endfacet
  facet normal 0 0 -1
    outer loop
      vertex 112.93783238546847 149.06313645541667 0
      vertex 114.41307754086255 149.67420300543307 0
      vertex 117.46336664276122 145.45194116681813 0
    endloop
  endfacet
  facet normal 0 0 -1
    outer loop
      vertex 116.20491728948353 97.39369912147522 0
      vertex 111.49658975766896 94.02430101186037 0
      vertex 110.09329999999999 94.78622518181801 0
    endloop
  endfacet
  facet normal 0 0 -1
    outer loop
      vertex 111.49658975766896 148.37569898813962 0
      vertex 112.93783238546847 149.06313645541667 0
      vertex 117.46336664276122 145.45194116681813 0
    endloop
  endfacet
  facet normal 0 0 -1
    outer loop
      vertex 116.20491728948353 97.39369912147522 0
      vertex 110.09329999999999 94.78622518181801 0
      vertex 108.73180942999123 95.62054767906666 0
    endloop
  endfacet
  facet normal 0 0 -1
    outer loop
      vertex 110.09329999999999 147.61377481818198 0
      vertex 111.49658975766896 148.37569898813962 0
      vertex 117.46336664276122 145.45194116681813 0
    endloop
  endfacet
  facet normal 0 0 -1
    outer loop
      vertex 116.20491728948353 97.39369912147522 0
      vertex 108.73180942999123 95.62054767906666 0
      vertex 107.6067498104453 96.39377973675728 0
    endloop
  endfacet
  facet normal 0 0 -1
    outer loop
      vertex 103.04066580550669 97.35430727601052 0
      vertex 116.20491728948353 97.39369912147522 0
      vertex 107.6067498104453 96.39377973675728 0
    endloop
  endfacet
  facet normal 0 0 -1
    outer loop
      vertex 103.04066580550669 96.96243160665036 0
      vertex 103.04066580550669 97.35430727601052 0
      vertex 107.6067498104453 96.39377973675728 0
    endloop
  endfacet
  facet normal 0 0 -1
    outer loop
      vertex 102.95346526818274 96.580381077528 0
      vertex 103.04066580550669 96.96243160665036 0
      vertex 107.6067498104453 96.39377973675728 0
    endloop
  endfacet
  facet normal 0 0 -1
    outer loop
      vertex 102.95346526818274 96.580381077528 0
      vertex 107.6067498104453 96.39377973675728 0
      vertex 104.90679862366913 93.69382854998112 0
    endloop
  endfacet
  facet normal 0 0 -1
    outer loop
      vertex 102.78343679027556 96.22731330692768 0
      vertex 102.95346526818274 96.580381077528 0
      vertex 104.90679862366913 93.69382854998112 0
    endloop
  endfacet
  facet normal 0 0 -1
    outer loop
      vertex 102.53910630958079 95.92093257308007 0
      vertex 102.78343679027556 96.22731330692768 0
      vertex 104.90679862366913 93.69382854998112 0
    endloop
  endfacet
  facet normal 0 0 -1
    outer loop
      vertex 102.53910630958079 95.92093257308007 0
      vertex 104.90679862366913 93.69382854998112 0
      vertex 104.62014387564658 93.41835240721703 0
    endloop
  endfacet
  facet normal 0 0 -1
    outer loop
      vertex 102.53910630958079 95.92093257308007 0
      vertex 104.62014387564658 93.41835240721703 0
      vertex 104.31250867264269 93.16652185916901 0
    endloop
  endfacet
  facet normal 0 0 -1
    outer loop
      vertex 102.23272557573317 95.6766020923853 0
      vertex 102.53910630958079 95.92093257308007 0
      vertex 104.31250867264269 93.16652185916901 0
    endloop
  endfacet
  facet normal 0 0 -1
    outer loop
      vertex 102.23272557573317 95.6766020923853 0
      vertex 104.31250867264269 93.16652185916901 0
      vertex 103.98583796637057 92.93992905020714 0
    endloop
  endfacet
  facet normal 0 0 -1
    outer loop
      vertex 102.23272557573317 95.6766020923853 0
      vertex 103.98583796637057 92.93992905020714 0
      vertex 103.64219708012341 92.7400065779686 0
    endloop
  endfacet
  facet normal 0 0 -1
    outer loop
      vertex 101.87965779768227 95.50657361447811 0
      vertex 102.23272557573317 95.6766020923853 0
      vertex 103.64219708012341 92.7400065779686 0
    endloop
  endfacet
  facet normal 0 0 -1
    outer loop
      vertex 101.87965779768227 95.50657361447811 0
      vertex 103.64219708012341 92.7400065779686 0
      vertex 103.2837586330056 92.56801842600107 0
    endloop
  endfacet
  facet normal 0 0 -1
    outer loop
      vertex 101.87965779768227 95.50657361447811 0
      vertex 103.2837586330056 92.56801842600107 0
      vertex 102.91278877125977 92.42505194693804 0
    endloop
  endfacet
  facet normal 0 0 -1
    outer loop
      vertex 101.87965779768227 95.50657361447811 0
      vertex 102.91278877125977 92.42505194693804 0
      vertex 102.53163290040492 92.31201102286578 0
    endloop
  endfacet
  facet normal 0 0 -1
    outer loop
      vertex 101.4976072760105 95.41937306970358 0
      vertex 101.87965779768227 95.50657361447811 0
      vertex 102.53163290040492 92.31201102286578 0
    endloop
  endfacet
  facet normal 0 0 -1
    outer loop
      vertex 101.4976072760105 95.41937306970358 0
      vertex 102.53163290040492 92.31201102286578 0
      vertex 102.1427007989764 92.22961034327746 0
    endloop
  endfacet
  facet normal 0 0 -1
    outer loop
      vertex 101.4976072760105 95.41937306970358 0
      vertex 102.1427007989764 92.22961034327746 0
      vertex 101.74845143424271 92.178370860219 0
    endloop
  endfacet
  facet normal 0 0 -1
    outer loop
      vertex 101.4976072760105 95.41937306970358 0
      vertex 101.74845143424271 92.178370860219 0
      vertex 101.3513773681402 92.15861653238535 0
    endloop
  endfacet
  facet normal 0 0 -1
    outer loop
      vertex 101.10573160665034 95.41937306970358 0
      vertex 101.4976072760105 95.41937306970358 0
      vertex 101.3513773681402 92.15861653238535 0
    endloop
  endfacet
  facet normal 0 0 -1
    outer loop
      vertex 101.10573160665034 95.41937306970358 0
      vertex 101.3513773681402 92.15861653238535 0
      vertex 100.95398902909754 92.17047225385905 0
    endloop
  endfacet
  facet normal 0 0 -1
    outer loop
      vertex 101.10573160665034 95.41937306970358 0
      vertex 100.95398902909754 92.17047225385905 0
      vertex 100.55879883484839 92.2138630643487 0
    endloop
  endfacet
  facet normal 0 0 -1
    outer loop
      vertex 101.10573160665034 95.41937306970358 0
      vertex 100.55879883484839 92.2138630643487 0
      vertex 100.16830531524418 92.28851464092732 0
    endloop
  endfacet
  facet normal 0 0 -1
    outer loop
      vertex 100.72368107752798 95.50657361447811 0
      vertex 101.10573160665034 95.41937306970358 0
      vertex 100.16830531524418 92.28851464092732 0
    endloop
  endfacet
  facet normal 0 0 -1
    outer loop
      vertex 100.72368107752798 95.50657361447811 0
      vertex 100.16830531524418 92.28851464092732 0
      vertex 99.78497727977036 92.39395500421524 0
    endloop
  endfacet
  facet normal 0 0 -1
    outer loop
      vertex 100.72368107752798 95.50657361447811 0
      vertex 99.78497727977036 92.39395500421524 0
      vertex 99.41123826818465 92.52951752841473 0
    endloop
  endfacet
  facet normal 0 0 -1
    outer loop
      vertex 100.72368107752798 95.50657361447811 0
      vertex 99.41123826818465 92.52951752841473 0
      vertex 99.04945117251872 92.69434515088797 0
    endloop
  endfacet
  facet normal 0 0 -1
    outer loop
      vertex 100.37061330692767 95.6766020923853 0
      vertex 100.72368107752798 95.50657361447811 0
      vertex 99.04945117251872 92.69434515088797 0
    endloop
  endfacet
  facet normal 0 0 -1
    outer loop
      vertex 100.37061330692767 95.6766020923853 0
      vertex 99.04945117251872 92.69434515088797 0
      vertex 98.70190332101582 92.88739576637745 0
    endloop
  endfacet
  facet normal 0 0 -1
    outer loop
      vertex 100.37061330692767 95.6766020923853 0
      vertex 98.70190332101582 92.88739576637745 0
      vertex 98.37079202400444 93.10744885802269 0
    endloop
  endfacet
  facet normal 0 0 -1
    outer loop
      vertex 100.37061330692767 95.6766020923853 0
      vertex 98.37079202400444 93.10744885802269 0
      vertex 98.05821068601607 93.35311316400767 0
    endloop
  endfacet
  facet normal 0 0 -1
    outer loop
      vertex 100.06423257308005 95.92093257308007 0
      vertex 100.37061330692767 95.6766020923853 0
      vertex 98.05821068601607 93.35311316400767 0
    endloop
  endfacet
  facet normal 0 0 -1
    outer loop
      vertex 100.06423257308005 95.92093257308007 0
      vertex 98.05821068601607 93.35311316400767 0
      vertex 97.76613553630112 93.62283553630114 0
    endloop
  endfacet
  facet normal 0 0 -1
    outer loop
      vertex 100.06423257308005 95.92093257308007 0
      vertex 97.76613553630112 93.62283553630114 0
      vertex 97.49641316400765 93.91491068601609 0
    endloop
  endfacet
  facet normal 0 0 -1
    outer loop
      vertex 99.81990209238528 96.22731330692768 0
      vertex 100.06423257308005 95.92093257308007 0
      vertex 97.49641316400765 93.91491068601609 0
    endloop
  endfacet
  facet normal 0 0 -1
    outer loop
      vertex 99.81990209238528 96.22731330692768 0
      vertex 97.49641316400765 93.91491068601609 0
      vertex 97.25074885802267 94.22749202400446 0
    endloop
  endfacet
  facet normal 0 0 -1
    outer loop
      vertex 99.81990209238528 96.22731330692768 0
      vertex 97.25074885802267 94.22749202400446 0
      vertex 97.03069576637743 94.55860332101584 0
    endloop
  endfacet
  facet normal 0 0 -1
    outer loop
      vertex 99.81990209238528 96.22731330692768 0
      vertex 97.03069576637743 94.55860332101584 0
      vertex 96.83764515088795 94.90615117251873 0
    endloop
  endfacet
  facet normal 0 0 -1
    outer loop
      vertex 99.6498736144781 96.580381077528 0
      vertex 99.81990209238528 96.22731330692768 0
      vertex 96.83764515088795 94.90615117251873 0
    endloop
  endfacet
  facet normal 0 0 -1
    outer loop
      vertex 99.6498736144781 96.580381077528 0
      vertex 96.83764515088795 94.90615117251873 0
      vertex 96.67281752841471 95.26793826818466 0
    endloop
  endfacet
  facet normal 0 0 -1
    outer loop
      vertex 99.6498736144781 96.580381077528 0
      vertex 96.67281752841471 95.26793826818466 0
      vertex 96.53725500421523 95.64167727977038 0
    endloop
  endfacet
  facet normal 0 0 -1
    outer loop
      vertex 99.6498736144781 96.580381077528 0
      vertex 96.53725500421523 95.64167727977038 0
      vertex 96.4318146409273 96.0250053152442 0
    endloop
  endfacet
  facet normal 0 0 -1
    outer loop
      vertex 99.56267306970356 96.96243160665036 0
      vertex 99.6498736144781 96.580381077528 0
      vertex 96.4318146409273 96.0250053152442 0
    endloop
  endfacet
  facet normal 0 0 -1
    outer loop
      vertex 99.56267306970356 96.96243160665036 0
      vertex 96.4318146409273 96.0250053152442 0
      vertex 96.35716306434868 96.4154988348484 0
    endloop
  endfacet
  facet normal 0 0 -1
    outer loop
      vertex 99.56267306970356 96.96243160665036 0
      vertex 96.35716306434868 96.4154988348484 0
      vertex 96.31377225385903 96.81068902909756 0
    endloop
  endfacet
  facet normal 0 0 -1
    outer loop
      vertex 99.56267306970356 96.96243160665036 0
      vertex 96.31377225385903 96.81068902909756 0
      vertex 96.30191653238533 97.20807736814022 0
    endloop
  endfacet
  facet normal 0 0 -1
    outer loop
      vertex 99.56267306970356 97.35430727601052 0
      vertex 99.56267306970356 96.96243160665036 0
      vertex 96.30191653238533 97.20807736814022 0
    endloop
  endfacet
  facet normal 0 0 -1
    outer loop
      vertex 99.56267306970356 97.35430727601052 0
      vertex 96.30191653238533 97.20807736814022 0
      vertex 96.32167086021899 97.60515143424273 0
    endloop
  endfacet
  facet normal 0 0 -1
    outer loop
      vertex 99.56267306970356 97.35430727601052 0
      vertex 96.32167086021899 97.60515143424273 0
      vertex 96.37291034327744 97.99940079897642 0
    endloop
  endfacet
  facet normal 0 0 -1
    outer loop
      vertex 99.56267306970356 97.35430727601052 0
      vertex 96.37291034327744 97.99940079897642 0
      vertex 96.45531102286576 98.38833290040493 0
    endloop
  endfacet
  facet normal 0 0 -1
    outer loop
      vertex 99.6498736144781 97.73635779768229 0
      vertex 99.56267306970356 97.35430727601052 0
      vertex 96.45531102286576 98.38833290040493 0
    endloop
  endfacet
  facet normal 0 0 -1
    outer loop
      vertex 99.6498736144781 97.73635779768229 0
      vertex 96.45531102286576 98.38833290040493 0
      vertex 96.56835194693802 98.76948877125979 0
    endloop
  endfacet
  facet normal 0 0 -1
    outer loop
      vertex 99.6498736144781 97.73635779768229 0
      vertex 96.56835194693802 98.76948877125979 0
      vertex 96.71131842600106 99.14045863300562 0
    endloop
  endfacet
  facet normal 0 0 -1
    outer loop
      vertex 99.6498736144781 97.73635779768229 0
      vertex 96.71131842600106 99.14045863300562 0
      vertex 96.88330657796858 99.49889708012343 0
    endloop
  endfacet
  facet normal 0 0 -1
    outer loop
      vertex 99.81990209238528 98.08942557573319 0
      vertex 99.6498736144781 97.73635779768229 0
      vertex 96.88330657796858 99.49889708012343 0
    endloop
  endfacet
  facet normal 0 0 -1
    outer loop
      vertex 99.81990209238528 98.08942557573319 0
      vertex 96.88330657796858 99.49889708012343 0
      vertex 97.08322905020712 99.84253796637059 0
    endloop
  endfacet
  facet normal 0 0 -1
    outer loop
      vertex 99.81990209238528 98.08942557573319 0
      vertex 97.08322905020712 99.84253796637059 0
      vertex 97.30982185916899 100.16920867264271 0
    endloop
  endfacet
  facet normal 0 0 -1
    outer loop
      vertex 100.06423257308005 98.3958063095808 0
      vertex 99.81990209238528 98.08942557573319 0
      vertex 97.30982185916899 100.16920867264271 0
    endloop
  endfacet
  facet normal 0 0 -1
    outer loop
      vertex 100.06423257308005 98.3958063095808 0
      vertex 97.30982185916899 100.16920867264271 0
      vertex 97.56165240721701 100.4768438756466 0
    endloop
  endfacet
  facet normal 0 0 -1
    outer loop
      vertex 100.06423257308005 98.3958063095808 0
      vertex 97.56165240721701 100.4768438756466 0
      vertex 97.8371285499811 100.76349862366915 0
    endloop
  endfacet
  facet normal 0 0 -1
    outer loop
      vertex 100.37061330692767 98.64013679027558 0
      vertex 100.06423257308005 98.3958063095808 0
      vertex 97.8371285499811 100.76349862366915 0
    endloop
  endfacet
  facet normal 0 0 -1
    outer loop
      vertex 100.37061330692767 98.64013679027558 0
      vertex 97.8371285499811 100.76349862366915 0
      vertex 100.53707973675726 103.46344981044531 0
    endloop
  endfacet
  facet normal 0 0 -1
    outer loop
      vertex 100.72368107752798 98.81016526818276 0
      vertex 100.37061330692767 98.64013679027558 0
      vertex 100.53707973675726 103.46344981044531 0
    endloop
  endfacet
  facet normal 0 0 -1
    outer loop
      vertex 101.10573160665034 98.89736580550671 0
      vertex 100.72368107752798 98.81016526818276 0
      vertex 100.53707973675726 103.46344981044531 0
    endloop
  endfacet
  facet normal 0 0 -1
    outer loop
      vertex 101.4976072760105 98.89736580550671 0
      vertex 101.10573160665034 98.89736580550671 0
      vertex 100.53707973675726 103.46344981044531 0
    endloop
  endfacet
  facet normal 0 0 -1
    outer loop
      vertex 101.87965779768227 98.81016526818276 0
      vertex 101.4976072760105 98.89736580550671 0
      vertex 100.53707973675726 103.46344981044531 0
    endloop
  endfacet
  facet normal 0 0 -1
    outer loop
      vertex 102.23272557573317 98.64013679027558 0
      vertex 101.87965779768227 98.81016526818276 0
      vertex 100.53707973675726 103.46344981044531 0
    endloop
  endfacet
  facet normal 0 0 -1
    outer loop
      vertex 108.73180942999123 146.77945232093333 0
      vertex 110.09329999999999 147.61377481818198 0
      vertex 117.46336664276122 145.45194116681813 0
    endloop
  endfacet
  facet normal 0 0 -1
    outer loop
      vertex 107.6067498104453 146.0062202632427 0
      vertex 108.73180942999123 146.77945232093333 0
      vertex 117.46336664276122 145.45194116681813 0
    endloop
  endfacet
  facet normal 0 0 -1
    outer loop
      vertex 107.6067498104453 146.0062202632427 0
      vertex 117.46336664276122 145.45194116681813 0
      vertex 103.04066580550669 145.43756839334964 0
    endloop
  endfacet
  facet normal 0 0 -1
    outer loop
      vertex 107.6067498104453 146.0062202632427 0
      vertex 103.04066580550669 145.43756839334964 0
      vertex 102.95346526818274 145.819618922472 0
    endloop
  endfacet
  facet normal 0 0 -1
    outer loop
      vertex 104.90679862366913 148.70617145001887 0
      vertex 107.6067498104453 146.0062202632427 0
      vertex 102.95346526818274 145.819618922472 0
    endloop
  endfacet
  facet normal 0 0 -1
    outer loop
      vertex 104.90679862366913 148.70617145001887 0
      vertex 102.95346526818274 145.819618922472 0
      vertex 102.78343679027556 146.1726866930723 0
    endloop
  endfacet
  facet normal 0 0 -1
    outer loop
      vertex 104.90679862366913 148.70617145001887 0
      vertex 102.78343679027556 146.1726866930723 0
      vertex 102.53910630958079 146.47906742691993 0
    endloop
  endfacet
  facet normal 0 0 -1
    outer loop
      vertex 104.62014387564658 148.98164759278296 0
      vertex 104.90679862366913 148.70617145001887 0
      vertex 102.53910630958079 146.47906742691993 0
    endloop
  endfacet
  facet normal 0 0 -1
    outer loop
      vertex 104.31250867264269 149.23347814083098 0
      vertex 104.62014387564658 148.98164759278296 0
      vertex 102.53910630958079 146.47906742691993 0
    endloop
  endfacet
  facet normal 0 0 -1
    outer loop
      vertex 104.31250867264269 149.23347814083098 0
      vertex 102.53910630958079 146.47906742691993 0
      vertex 102.23272557573317 146.7233979076147 0
    endloop
  endfacet
  facet normal 0 0 -1
    outer loop
      vertex 103.98583796637057 149.46007094979285 0
      vertex 104.31250867264269 149.23347814083098 0
      vertex 102.23272557573317 146.7233979076147 0
    endloop
  endfacet
  facet normal 0 0 -1
    outer loop
      vertex 103.64219708012341 149.6599934220314 0
      vertex 103.98583796637057 149.46007094979285 0
      vertex 102.23272557573317 146.7233979076147 0
    endloop
  endfacet
  facet normal 0 0 -1
    outer loop
      vertex 103.64219708012341 149.6599934220314 0
      vertex 102.23272557573317 146.7233979076147 0
      vertex 101.87965779768227 146.89342638552188 0
    endloop
  endfacet
  facet normal 0 0 -1
    outer loop
      vertex 103.2837586330056 149.83198157399892 0
      vertex 103.64219708012341 149.6599934220314 0
      vertex 101.87965779768227 146.89342638552188 0
    endloop
  endfacet
  facet normal 0 0 -1
    outer loop
      vertex 102.91278877125977 149.97494805306195 0
      vertex 103.2837586330056 149.83198157399892 0
      vertex 101.87965779768227 146.89342638552188 0
    endloop
  endfacet
  facet normal 0 0 -1
    outer loop
      vertex 102.53163290040492 150.08798897713422 0
      vertex 102.91278877125977 149.97494805306195 0
      vertex 101.87965779768227 146.89342638552188 0
    endloop
  endfacet
  facet normal 0 0 -1
    outer loop
      vertex 102.53163290040492 150.08798897713422 0
      vertex 101.87965779768227 146.89342638552188 0
      vertex 101.4976072760105 146.9806269302964 0
    endloop
  endfacet
  facet normal 0 0 -1
    outer loop
      vertex 102.1427007989764 150.17038965672253 0
      vertex 102.53163290040492 150.08798897713422 0
      vertex 101.4976072760105 146.9806269302964 0
    endloop
  endfacet
  facet normal 0 0 -1
    outer loop
      vertex 101.74845143424271 150.221629139781 0
      vertex 102.1427007989764 150.17038965672253 0
      vertex 101.4976072760105 146.9806269302964 0
    endloop
  endfacet
  facet normal 0 0 -1
    outer loop
      vertex 101.3513773681402 150.24138346761464 0
      vertex 101.74845143424271 150.221629139781 0
      vertex 101.4976072760105 146.9806269302964 0
    endloop
  endfacet
  facet normal 0 0 -1
    outer loop
      vertex 101.3513773681402 150.24138346761464 0
      vertex 101.4976072760105 146.9806269302964 0
      vertex 101.10573160665034 146.9806269302964 0
    endloop
  endfacet
  facet normal 0 0 -1
    outer loop
      vertex 100.95398902909754 150.22952774614095 0
      vertex 101.3513773681402 150.24138346761464 0
      vertex 101.10573160665034 146.9806269302964 0
    endloop
  endfacet
  facet normal 0 0 -1
    outer loop
      vertex 100.55879883484839 150.1861369356513 0
      vertex 100.95398902909754 150.22952774614095 0
      vertex 101.10573160665034 146.9806269302964 0
    endloop
  endfacet
  facet normal 0 0 -1
    outer loop
      vertex 100.16830531524418 150.11148535907267 0
      vertex 100.55879883484839 150.1861369356513 0
      vertex 101.10573160665034 146.9806269302964 0
    endloop
  endfacet
  facet normal 0 0 -1
    outer loop
      vertex 100.16830531524418 150.11148535907267 0
      vertex 101.10573160665034 146.9806269302964 0
      vertex 100.72368107752798 146.89342638552188 0
    endloop
  endfacet
  facet normal 0 0 -1
    outer loop
      vertex 99.78497727977036 150.00604499578475 0
      vertex 100.16830531524418 150.11148535907267 0
      vertex 100.72368107752798 146.89342638552188 0
    endloop
  endfacet
  facet normal 0 0 -1
    outer loop
      vertex 99.41123826818465 149.87048247158526 0
      vertex 99.78497727977036 150.00604499578475 0
      vertex 100.72368107752798 146.89342638552188 0
    endloop
  endfacet
  facet normal 0 0 -1
    outer loop
      vertex 99.04945117251872 149.70565484911202 0
      vertex 99.41123826818465 149.87048247158526 0
      vertex 100.72368107752798 146.89342638552188 0
    endloop
  endfacet
  facet normal 0 0 -1
    outer loop
      vertex 99.04945117251872 149.70565484911202 0
      vertex 100.72368107752798 146.89342638552188 0
      vertex 100.37061330692767 146.7233979076147 0
    endloop
  endfacet
  facet normal 0 0 -1
    outer loop
      vertex 98.70190332101582 149.51260423362254 0
      vertex 99.04945117251872 149.70565484911202 0
      vertex 100.37061330692767 146.7233979076147 0
    endloop
  endfacet
  facet normal 0 0 -1
    outer loop
      vertex 98.37079202400444 149.2925511419773 0
      vertex 98.70190332101582 149.51260423362254 0
      vertex 100.37061330692767 146.7233979076147 0
    endloop
  endfacet
  facet normal 0 0 -1
    outer loop
      vertex 98.05821068601607 149.04688683599232 0
      vertex 98.37079202400444 149.2925511419773 0
      vertex 100.37061330692767 146.7233979076147 0
    endloop
  endfacet
  facet normal 0 0 -1
    outer loop
      vertex 98.05821068601607 149.04688683599232 0
      vertex 100.37061330692767 146.7233979076147 0
      vertex 100.06423257308005 146.47906742691993 0
    endloop
  endfacet
  facet normal 0 0 -1
    outer loop
      vertex 97.76613553630112 148.77716446369885 0
      vertex 98.05821068601607 149.04688683599232 0
      vertex 100.06423257308005 146.47906742691993 0
    endloop
  endfacet
  facet normal 0 0 -1
    outer loop
      vertex 97.49641316400765 148.4850893139839 0
      vertex 97.76613553630112 148.77716446369885 0
      vertex 100.06423257308005 146.47906742691993 0
    endloop
  endfacet
  facet normal 0 0 -1
    outer loop
      vertex 97.49641316400765 148.4850893139839 0
      vertex 100.06423257308005 146.47906742691993 0
      vertex 99.81990209238528 146.1726866930723 0
    endloop
  endfacet
  facet normal 0 0 -1
    outer loop
      vertex 97.25074885802267 148.17250797599553 0
      vertex 97.49641316400765 148.4850893139839 0
      vertex 99.81990209238528 146.1726866930723 0
    endloop
  endfacet
  facet normal 0 0 -1
    outer loop
      vertex 97.03069576637743 147.84139667898415 0
      vertex 97.25074885802267 148.17250797599553 0
      vertex 99.81990209238528 146.1726866930723 0
    endloop
  endfacet
  facet normal 0 0 -1
    outer loop
      vertex 96.83764515088795 147.49384882748126 0
      vertex 97.03069576637743 147.84139667898415 0
      vertex 99.81990209238528 146.1726866930723 0
    endloop
  endfacet
  facet normal 0 0 -1
    outer loop
      vertex 96.83764515088795 147.49384882748126 0
      vertex 99.81990209238528 146.1726866930723 0
      vertex 99.6498736144781 145.819618922472 0
    endloop
  endfacet
  facet normal 0 0 -1
    outer loop
      vertex 96.67281752841471 147.13206173181533 0
      vertex 96.83764515088795 147.49384882748126 0
      vertex 99.6498736144781 145.819618922472 0
    endloop
  endfacet
  facet normal 0 0 -1
    outer loop
      vertex 96.53725500421523 146.75832272022961 0
      vertex 96.67281752841471 147.13206173181533 0
      vertex 99.6498736144781 145.819618922472 0
    endloop
  endfacet
  facet normal 0 0 -1
    outer loop
      vertex 96.4318146409273 146.3749946847558 0
      vertex 96.53725500421523 146.75832272022961 0
      vertex 99.6498736144781 145.819618922472 0
    endloop
  endfacet
  facet normal 0 0 -1
    outer loop
      vertex 96.4318146409273 146.3749946847558 0
      vertex 99.6498736144781 145.819618922472 0
      vertex 99.56267306970356 145.43756839334964 0
    endloop
  endfacet
  facet normal 0 0 -1
    outer loop
      vertex 96.35716306434868 145.98450116515158 0
      vertex 96.4318146409273 146.3749946847558 0
      vertex 99.56267306970356 145.43756839334964 0
    endloop
  endfacet
  facet normal 0 0 -1
    outer loop
      vertex 96.31377225385903 145.58931097090243 0
      vertex 96.35716306434868 145.98450116515158 0
      vertex 99.56267306970356 145.43756839334964 0
    endloop
  endfacet
  facet normal 0 0 -1
    outer loop
      vertex 96.30191653238533 145.19192263185977 0
      vertex 96.31377225385903 145.58931097090243 0
      vertex 99.56267306970356 145.43756839334964 0
    endloop
  endfacet
  facet normal 0 0 -1
    outer loop
      vertex 96.30191653238533 145.19192263185977 0
      vertex 99.56267306970356 145.43756839334964 0
      vertex 99.56267306970356 145.04569272398948 0
    endloop
  endfacet
  facet normal 0 0 -1
    outer loop
      vertex 96.32167086021899 144.79484856575726 0
      vertex 96.30191653238533 145.19192263185977 0
      vertex 99.56267306970356 145.04569272398948 0
    endloop
  endfacet
  facet normal 0 0 -1
    outer loop
      vertex 96.37291034327744 144.40059920102357 0
      vertex 96.32167086021899 144.79484856575726 0
      vertex 99.56267306970356 145.04569272398948 0
    endloop
  endfacet
  facet normal 0 0 -1
    outer loop
      vertex 96.45531102286576 144.01166709959506 0
      vertex 96.37291034327744 144.40059920102357 0
      vertex 99.56267306970356 145.04569272398948 0
    endloop
  endfacet
  facet normal 0 0 -1
    outer loop
      vertex 96.45531102286576 144.01166709959506 0
      vertex 99.56267306970356 145.04569272398948 0
      vertex 99.6498736144781 144.6636422023177 0
    endloop
  endfacet
  facet normal 0 0 -1
    outer loop
      vertex 96.56835194693802 143.6305112287402 0
      vertex 96.45531102286576 144.01166709959506 0
      vertex 99.6498736144781 144.6636422023177 0
    endloop
  endfacet
  facet normal 0 0 -1
    outer loop
      vertex 96.71131842600106 143.25954136699437 0
      vertex 96.56835194693802 143.6305112287402 0
      vertex 99.6498736144781 144.6636422023177 0
    endloop
  endfacet
  facet normal 0 0 -1
    outer loop
      vertex 96.88330657796858 142.90110291987656 0
      vertex 96.71131842600106 143.25954136699437 0
      vertex 99.6498736144781 144.6636422023177 0
    endloop
  endfacet
  facet normal 0 0 -1
    outer loop
      vertex 96.88330657796858 142.90110291987656 0
      vertex 99.6498736144781 144.6636422023177 0
      vertex 99.81990209238528 144.3105744242668 0
    endloop
  endfacet
  facet normal 0 0 -1
    outer loop
      vertex 97.08322905020712 142.5574620336294 0
      vertex 96.88330657796858 142.90110291987656 0
      vertex 99.81990209238528 144.3105744242668 0
    endloop
  endfacet
  facet normal 0 0 -1
    outer loop
      vertex 97.30982185916899 142.23079132735728 0
      vertex 97.08322905020712 142.5574620336294 0
      vertex 99.81990209238528 144.3105744242668 0
    endloop
  endfacet
  facet normal 0 0 -1
    outer loop
      vertex 97.30982185916899 142.23079132735728 0
      vertex 99.81990209238528 144.3105744242668 0
      vertex 100.06423257308005 144.00419369041919 0
    endloop
  endfacet
  facet normal 0 0 -1
    outer loop
      vertex 97.56165240721701 141.9231561243534 0
      vertex 97.30982185916899 142.23079132735728 0
      vertex 100.06423257308005 144.00419369041919 0
    endloop
  endfacet
  facet normal 0 0 -1
    outer loop
      vertex 97.8371285499811 141.63650137633084 0
      vertex 97.56165240721701 141.9231561243534 0
      vertex 100.06423257308005 144.00419369041919 0
    endloop
  endfacet
  facet normal 0 0 -1
    outer loop
      vertex 97.8371285499811 141.63650137633084 0
      vertex 100.06423257308005 144.00419369041919 0
      vertex 100.37061330692767 143.75986320972441 0
    endloop
  endfacet
  facet normal 0 0 -1
    outer loop
      vertex 100.53707973675726 138.93655018955468 0
      vertex 97.8371285499811 141.63650137633084 0
      vertex 100.37061330692767 143.75986320972441 0
    endloop
  endfacet
  facet normal 0 0 -1
    outer loop
      vertex 100.53707973675726 138.93655018955468 0
      vertex 100.37061330692767 143.75986320972441 0
      vertex 100.72368107752798 143.58983473181723 0
    endloop
  endfacet
  facet normal 0 0 -1
    outer loop
      vertex 100.53707973675726 138.93655018955468 0
      vertex 100.72368107752798 143.58983473181723 0
      vertex 101.10573160665034 143.50263419449328 0
    endloop
  endfacet
  facet normal 0 0 -1
    outer loop
      vertex 100.53707973675726 138.93655018955468 0
      vertex 101.10573160665034 143.50263419449328 0
      vertex 101.4976072760105 143.50263419449328 0
    endloop
  endfacet
  facet normal 0 0 -1
    outer loop
      vertex 100.53707973675726 138.93655018955468 0
      vertex 101.4976072760105 143.50263419449328 0
      vertex 101.87965779768227 143.58983473181723 0
    endloop
  endfacet
  facet normal 0 0 -1
    outer loop
      vertex 100.53707973675726 138.93655018955468 0
      vertex 101.87965779768227 143.58983473181723 0
      vertex 102.23272557573317 143.75986320972441 0
    endloop
  endfacet
  facet normal 0 0 -1
    outer loop
      vertex 102.53910630958079 98.3958063095808 0
      vertex 102.23272557573317 98.64013679027558 0
      vertex 100.53707973675726 103.46344981044531 0
    endloop
  endfacet
  facet normal 0 0 -1
    outer loop
      vertex 100.53707973675726 138.93655018955468 0
      vertex 102.23272557573317 143.75986320972441 0
      vertex 102.53910630958079 144.00419369041919 0
    endloop
  endfacet
  facet normal 0 0 -1
    outer loop
      vertex 116.20491728948353 97.39369912147522 0
      vertex 103.04066580550669 97.35430727601052 0
      vertex 102.95346526818274 97.73635779768229 0
    endloop
  endfacet
  facet normal 0 0 -1
    outer loop
      vertex 114.97151560353039 97.90459082722664 0
      vertex 116.20491728948353 97.39369912147522 0
      vertex 102.95346526818274 97.73635779768229 0
    endloop
  endfacet
  facet normal 0 0 -1
    outer loop
      vertex 113.76654225604533 98.47933363616467 0
      vertex 114.97151560353039 97.90459082722664 0
      vertex 102.95346526818274 97.73635779768229 0
    endloop
  endfacet
  facet normal 0 0 -1
    outer loop
      vertex 112.59329999999999 99.11635220497847 0
      vertex 113.76654225604533 98.47933363616467 0
      vertex 102.95346526818274 97.73635779768229 0
    endloop
  endfacet
  facet normal 0 0 -1
    outer loop
      vertex 111.45500461028813 99.81390051990748 0
      vertex 112.59329999999999 99.11635220497847 0
      vertex 102.95346526818274 97.73635779768229 0
    endloop
  endfacet
  facet normal 0 0 -1
    outer loop
      vertex 110.35477606968878 100.57006664276123 0
      vertex 111.45500461028813 99.81390051990748 0
      vertex 102.95346526818274 97.73635779768229 0
    endloop
  endfacet
  facet normal 0 0 -1
    outer loop
      vertex 109.29563003050087 101.38277798593045 0
      vertex 110.35477606968878 100.57006664276123 0
      vertex 102.95346526818274 97.73635779768229 0
    endloop
  endfacet
  facet normal 0 0 -1
    outer loop
      vertex 108.28046953694819 102.2498069524765 0
      vertex 109.29563003050087 101.38277798593045 0
      vertex 102.95346526818274 97.73635779768229 0
    endloop
  endfacet
  facet normal 0 0 -1
    outer loop
      vertex 108.28046953694819 102.2498069524765 0
      vertex 102.95346526818274 97.73635779768229 0
      vertex 102.78343679027556 98.08942557573319 0
    endloop
  endfacet
  facet normal 0 0 -1
    outer loop
      vertex 108.28046953694819 102.2498069524765 0
      vertex 102.78343679027556 98.08942557573319 0
      vertex 102.53910630958079 98.3958063095808 0
    endloop
  endfacet
  facet normal 0 0 -1
    outer loop
      vertex 107.31207708286045 103.16877708286047 0
      vertex 108.28046953694819 102.2498069524765 0
      vertex 102.53910630958079 98.3958063095808 0
    endloop
  endfacet
  facet normal 0 0 -1
    outer loop
      vertex 106.39310695247649 104.1371695369482 0
      vertex 107.31207708286045 103.16877708286047 0
      vertex 102.53910630958079 98.3958063095808 0
    endloop
  endfacet
  facet normal 0 0 -1
    outer loop
      vertex 105.52607798593043 105.15233003050089 0
      vertex 106.39310695247649 104.1371695369482 0
      vertex 102.53910630958079 98.3958063095808 0
    endloop
  endfacet
  facet normal 0 0 -1
    outer loop
      vertex 105.52607798593043 105.15233003050089 0
      vertex 102.53910630958079 98.3958063095808 0
      vertex 100.53707973675726 103.46344981044531 0
    endloop
  endfacet
  facet normal 0 0 -1
    outer loop
      vertex 104.71336664276122 106.2114760696888 0
      vertex 105.52607798593043 105.15233003050089 0
      vertex 100.53707973675726 103.46344981044531 0
    endloop
  endfacet
  facet normal 0 0 -1
    outer loop
      vertex 103.95720051990746 107.31170461028815 0
      vertex 104.71336664276122 106.2114760696888 0
      vertex 100.53707973675726 103.46344981044531 0
    endloop
  endfacet
  facet normal 0 0 -1
    outer loop
      vertex 103.95720051990746 107.31170461028815 0
      vertex 100.53707973675726 103.46344981044531 0
      vertex 99.76384767906664 104.58850942999125 0
    endloop
  endfacet
  facet normal 0 0 -1
    outer loop
      vertex 103.95720051990746 107.31170461028815 0
      vertex 99.76384767906664 104.58850942999125 0
      vertex 98.929525181818 105.95 0
    endloop
  endfacet
  facet normal 0 0 -1
    outer loop
      vertex 103.25965220497845 108.45 0
      vertex 103.95720051990746 107.31170461028815 0
      vertex 98.929525181818 105.95 0
    endloop
  endfacet
  facet normal 0 0 -1
    outer loop
      vertex 103.25965220497845 108.45 0
      vertex 98.929525181818 105.95 0
      vertex 98.16760101186036 107.35328975766897 0
    endloop
  endfacet
  facet normal 0 0 -1
    outer loop
      vertex 102.62263363616465 109.62324225604534 0
      vertex 103.25965220497845 108.45 0
      vertex 98.16760101186036 107.35328975766897 0
    endloop
  endfacet
  facet normal 0 0 -1
    outer loop
      vertex 102.62263363616465 109.62324225604534 0
      vertex 98.16760101186036 107.35328975766897 0
      vertex 97.4801635445833 108.79453238546849 0
    endloop
  endfacet
  facet normal 0 0 -1
    outer loop
      vertex 102.04789082722662 110.82821560353041 0
      vertex 102.62263363616465 109.62324225604534 0
      vertex 97.4801635445833 108.79453238546849 0
    endloop
  endfacet
  facet normal 0 0 -1
    outer loop
      vertex 102.04789082722662 110.82821560353041 0
      vertex 97.4801635445833 108.79453238546849 0
      vertex 96.8690969945669 110.26977754086256 0
    endloop
  endfacet
  facet normal 0 0 -1
    outer loop
      vertex 101.5369991214752 112.06161728948355 0
      vertex 102.04789082722662 110.82821560353041 0
      vertex 96.8690969945669 110.26977754086256 0
    endloop
  endfacet
  facet normal 0 0 -1
    outer loop
      vertex 101.5369991214752 112.06161728948355 0
      vertex 96.8690969945669 110.26977754086256 0
      vertex 96.33607625232933 111.77498167455197 0
    endloop
  endfacet
  facet normal 0 0 -1
    outer loop
      vertex 101.09135883318184 113.32006664276123 0
      vertex 101.5369991214752 112.06161728948355 0
      vertex 96.33607625232933 111.77498167455197 0
    endloop
  endfacet
  facet normal 0 0 -1
    outer loop
      vertex 101.09135883318184 113.32006664276123 0
      vertex 96.33607625232933 111.77498167455197 0
      vertex 95.88256229476927 113.3060191243887 0
    endloop
  endfacet
  facet normal 0 0 -1
    outer loop
      vertex 100.71219143288134 114.60011435002089 0
      vertex 101.09135883318184 113.32006664276123 0
      vertex 95.88256229476927 113.3060191243887 0
    endloop
  endfacet
  facet normal 0 0 -1
    outer loop
      vertex 100.71219143288134 114.60011435002089 0
      vertex 95.88256229476927 113.3060191243887 0
      vertex 95.5097981767535 114.85869343280793 0
    endloop
  endfacet
  facet normal 0 0 -1
    outer loop
      vertex 100.40053617970942 115.89825188070536 0
      vertex 100.71219143288134 114.60011435002089 0
      vertex 95.5097981767535 114.85869343280793 0
    endloop
  endfacet
  facet normal 0 0 -1
    outer loop
      vertex 100.40053617970942 115.89825188070536 0
      vertex 95.5097981767535 114.85869343280793 0
      vertex 95.21880561130045 116.42874881327153 0
    endloop
  endfacet
  facet normal 0 0 -1
    outer loop
      vertex 100.15724731253384 117.21092114299536 0
      vertex 100.40053617970942 115.89825188070536 0
      vertex 95.21880561130045 116.42874881327153 0
    endloop
  endfacet
  facet normal 0 0 -1
    outer loop
      vertex 100.15724731253384 117.21092114299536 0
      vertex 95.21880561130045 116.42874881327153 0
      vertex 95.0103821905136 118.01188187003136 0
    endloop
  endfacet
  facet normal 0 0 -1
    outer loop
      vertex 99.98299166576861 118.53452418446541 0
      vertex 100.15724731253384 117.21092114299536 0
      vertex 95.0103821905136 118.01188187003136 0
    endloop
  endfacet
  facet normal 0 0 -1
    outer loop
      vertex 99.98299166576861 118.53452418446541 0
      vertex 95.0103821905136 118.01188187003136 0
      vertex 94.8850991876602 119.60375333279372 0
    endloop
  endfacet
  facet normal 0 0 -1
    outer loop
      vertex 99.87824686633347 119.8654331162572 0
      vertex 99.98299166576861 118.53452418446541 0
      vertex 94.8850991876602 119.60375333279372 0
    endloop
  endfacet
  facet normal 0 0 -1
    outer loop
      vertex 99.87824686633347 119.8654331162572 0
      vertex 94.8850991876602 119.60375333279372 0
      vertex 94.84329999999999 121.2 0
    endloop
  endfacet
  facet normal 0 0 -1
    outer loop
      vertex 99.84329999999999 121.2 0
      vertex 99.87824686633347 119.8654331162572 0
      vertex 94.84329999999999 121.2 0
    endloop
  endfacet
  facet normal 0 0 -1
    outer loop
      vertex 99.84329999999999 121.2 0
      vertex 94.84329999999999 121.2 0
      vertex 94.8850991876602 122.79624666720629 0
    endloop
  endfacet
  facet normal 0 0 -1
    outer loop
      vertex 99.87824686633347 122.53456688374281 0
      vertex 99.84329999999999 121.2 0
      vertex 94.8850991876602 122.79624666720629 0
    endloop
  endfacet
  facet normal 0 0 -1
    outer loop
      vertex 99.87824686633347 122.53456688374281 0
      vertex 94.8850991876602 122.79624666720629 0
      vertex 95.0103821905136 124.38811812996865 0
    endloop
  endfacet
  facet normal 0 0 -1
    outer loop
      vertex 99.98299166576861 123.8654758155346 0
      vertex 99.87824686633347 122.53456688374281 0
      vertex 95.0103821905136 124.38811812996865 0
    endloop
  endfacet
  facet normal 0 0 -1
    outer loop
      vertex 99.98299166576861 123.8654758155346 0
      vertex 95.0103821905136 124.38811812996865 0
      vertex 95.21880561130045 125.97125118672848 0
    endloop
  endfacet
  facet normal 0 0 -1
    outer loop
      vertex 100.15724731253384 125.18907885700465 0
      vertex 99.98299166576861 123.8654758155346 0
      vertex 95.21880561130045 125.97125118672848 0
    endloop
  endfacet
  facet normal 0 0 -1
    outer loop
      vertex 100.15724731253384 125.18907885700465 0
      vertex 95.21880561130045 125.97125118672848 0
      vertex 95.5097981767535 127.54130656719208 0
    endloop
  endfacet
  facet normal 0 0 -1
    outer loop
      vertex 100.40053617970942 126.50174811929465 0
      vertex 100.15724731253384 125.18907885700465 0
      vertex 95.5097981767535 127.54130656719208 0
    endloop
  endfacet
  facet normal 0 0 -1
    outer loop
      vertex 100.40053617970942 126.50174811929465 0
      vertex 95.5097981767535 127.54130656719208 0
      vertex 95.88256229476927 129.0939808756113 0
    endloop
  endfacet
  facet normal 0 0 -1
    outer loop
      vertex 100.71219143288134 127.79988564997912 0
      vertex 100.40053617970942 126.50174811929465 0
      vertex 95.88256229476927 129.0939808756113 0
    endloop
  endfacet
  facet normal 0 0 -1
    outer loop
      vertex 100.71219143288134 127.79988564997912 0
      vertex 95.88256229476927 129.0939808756113 0
      vertex 96.33607625232933 130.62501832544802 0
    endloop
  endfacet
  facet normal 0 0 -1
    outer loop
      vertex 101.09135883318184 129.07993335723876 0
      vertex 100.71219143288134 127.79988564997912 0
      vertex 96.33607625232933 130.62501832544802 0
    endloop
  endfacet
  facet normal 0 0 -1
    outer loop
      vertex 101.09135883318184 129.07993335723876 0
      vertex 96.33607625232933 130.62501832544802 0
      vertex 96.8690969945669 132.13022245913743 0
    endloop
  endfacet
  facet normal 0 0 -1
    outer loop
      vertex 101.5369991214752 130.33838271051644 0
      vertex 101.09135883318184 129.07993335723876 0
      vertex 96.8690969945669 132.13022245913743 0
    endloop
  endfacet
  facet normal 0 0 -1
    outer loop
      vertex 101.5369991214752 130.33838271051644 0
      vertex 96.8690969945669 132.13022245913743 0
      vertex 97.4801635445833 133.6054676145315 0
    endloop
  endfacet
  facet normal 0 0 -1
    outer loop
      vertex 102.04789082722662 131.57178439646958 0
      vertex 101.5369991214752 130.33838271051644 0
      vertex 97.4801635445833 133.6054676145315 0
    endloop
  endfacet
  facet normal 0 0 -1
    outer loop
      vertex 102.04789082722662 131.57178439646958 0
      vertex 97.4801635445833 133.6054676145315 0
      vertex 98.16760101186036 135.04671024233102 0
    endloop
  endfacet
  facet normal 0 0 -1
    outer loop
      vertex 102.62263363616465 132.77675774395465 0
      vertex 102.04789082722662 131.57178439646958 0
      vertex 98.16760101186036 135.04671024233102 0
    endloop
  endfacet
  facet normal 0 0 -1
    outer loop
      vertex 102.62263363616465 132.77675774395465 0
      vertex 98.16760101186036 135.04671024233102 0
      vertex 98.929525181818 136.45 0
    endloop
  endfacet
  facet normal 0 0 -1
    outer loop
      vertex 103.25965220497845 133.95 0
      vertex 102.62263363616465 132.77675774395465 0
      vertex 98.929525181818 136.45 0
    endloop
  endfacet
  facet normal 0 0 -1
    outer loop
      vertex 103.25965220497845 133.95 0
      vertex 98.929525181818 136.45 0
      vertex 99.76384767906664 137.81149057000874 0
    endloop
  endfacet
  facet normal 0 0 -1
    outer loop
      vertex 103.95720051990746 135.08829538971185 0
      vertex 103.25965220497845 133.95 0
      vertex 99.76384767906664 137.81149057000874 0
    endloop
  endfacet
  facet normal 0 0 -1
    outer loop
      vertex 103.95720051990746 135.08829538971185 0
      vertex 99.76384767906664 137.81149057000874 0
      vertex 100.53707973675726 138.93655018955468 0
    endloop
  endfacet
  facet normal 0 0 -1
    outer loop
      vertex 104.71336664276122 136.1885239303112 0
      vertex 103.95720051990746 135.08829538971185 0
      vertex 100.53707973675726 138.93655018955468 0
    endloop
  endfacet
  facet normal 0 0 -1
    outer loop
      vertex 105.52607798593043 137.2476699694991 0
      vertex 104.71336664276122 136.1885239303112 0
      vertex 100.53707973675726 138.93655018955468 0
    endloop
  endfacet
  facet normal 0 0 -1
    outer loop
      vertex 105.52607798593043 137.2476699694991 0
      vertex 100.53707973675726 138.93655018955468 0
      vertex 102.53910630958079 144.00419369041919 0
    endloop
  endfacet
  facet normal 0 0 -1
    outer loop
      vertex 106.39310695247649 138.26283046305178 0
      vertex 105.52607798593043 137.2476699694991 0
      vertex 102.53910630958079 144.00419369041919 0
    endloop
  endfacet
  facet normal 0 0 -1
    outer loop
      vertex 107.31207708286045 139.23122291713952 0
      vertex 106.39310695247649 138.26283046305178 0
      vertex 102.53910630958079 144.00419369041919 0
    endloop
  endfacet
  facet normal 0 0 -1
    outer loop
      vertex 108.28046953694819 140.1501930475235 0
      vertex 107.31207708286045 139.23122291713952 0
      vertex 102.53910630958079 144.00419369041919 0
    endloop
  endfacet
  facet normal 0 0 -1
    outer loop
      vertex 108.28046953694819 140.1501930475235 0
      vertex 102.53910630958079 144.00419369041919 0
      vertex 102.78343679027556 144.3105744242668 0
    endloop
  endfacet
  facet normal 0 0 -1
    outer loop
      vertex 108.28046953694819 140.1501930475235 0
      vertex 102.78343679027556 144.3105744242668 0
      vertex 102.95346526818274 144.6636422023177 0
    endloop
  endfacet
  facet normal 0 0 -1
    outer loop
      vertex 109.29563003050087 141.01722201406955 0
      vertex 108.28046953694819 140.1501930475235 0
      vertex 102.95346526818274 144.6636422023177 0
    endloop
  endfacet
  facet normal 0 0 -1
    outer loop
      vertex 109.29563003050087 141.01722201406955 0
      vertex 102.95346526818274 144.6636422023177 0
      vertex 103.04066580550669 145.04569272398948 0
    endloop
  endfacet
  facet normal 0 0 -1
    outer loop
      vertex 110.35477606968878 141.82993335723876 0
      vertex 109.29563003050087 141.01722201406955 0
      vertex 103.04066580550669 145.04569272398948 0
    endloop
  endfacet
  facet normal 0 0 -1
    outer loop
      vertex 110.35477606968878 141.82993335723876 0
      vertex 103.04066580550669 145.04569272398948 0
      vertex 103.04066580550669 145.43756839334964 0
    endloop
  endfacet
  facet normal 0 0 -1
    outer loop
      vertex 111.45500461028813 142.5860994800925 0
      vertex 110.35477606968878 141.82993335723876 0
      vertex 103.04066580550669 145.43756839334964 0
    endloop
  endfacet
  facet normal 0 0 -1
    outer loop
      vertex 112.59329999999999 143.28364779502152 0
      vertex 111.45500461028813 142.5860994800925 0
      vertex 103.04066580550669 145.43756839334964 0
    endloop
  endfacet
  facet normal 0 0 -1
    outer loop
      vertex 113.76654225604533 143.92066636383532 0
      vertex 112.59329999999999 143.28364779502152 0
      vertex 103.04066580550669 145.43756839334964 0
    endloop
  endfacet
  facet normal 0 0 -1
    outer loop
      vertex 114.97151560353039 144.49540917277335 0
      vertex 113.76654225604533 143.92066636383532 0
      vertex 103.04066580550669 145.43756839334964 0
    endloop
  endfacet
  facet normal 0 0 -1
    outer loop
      vertex 116.20491728948353 145.00630087852477 0
      vertex 114.97151560353039 144.49540917277335 0
      vertex 103.04066580550669 145.43756839334964 0
    endloop
  endfacet
  facet normal 0 0 -1
    outer loop
      vertex 116.20491728948353 145.00630087852477 0
      vertex 103.04066580550669 145.43756839334964 0
      vertex 117.46336664276122 145.45194116681813 0
    endloop
  endfacet
endsolid OpenSCAD_Model
