solid OpenSCAD_Model
  facet normal 0.9939306773179499 0.11000822099407435 -9.510424070222634e-19
    outer loop
      vertex -25.5509006922498 -0.5925405250106429 89.6
      vertex -25.594533459159937 -0.19831593728111588 89.6
      vertex -25.594533459159937 -0.19831593728111588 91.6
    endloop
  endfacet
  facet normal 0.6357237482099671 0.7719166509163217 0
    outer loop
      vertex -24.438213657852668 -2.648606078423274 89.6
      vertex -24.438213657852668 -2.648606078423274 91.6
      vertex -24.132046909593928 -2.900754380379521 89.6
    endloop
  endfacet
  facet normal 0.7167825131684517 0.697296801093995 3.04095467878269e-18
    outer loop
      vertex -24.438213657852668 -2.648606078423274 89.6
      vertex -24.714783795196826 -2.3643072865718437 89.6
      vertex -24.714783795196826 -2.3643072865718437 91.6
    endloop
  endfacet
  facet normal 0.5469481581224284 0.8371664782625275 -4.2286833479052616e-19
    outer loop
      vertex -23.8 -3.117691453623979 89.6
      vertex -24.132046909593928 -2.900754380379521 89.6
      vertex -24.132046909593928 -2.900754380379521 91.6
    endloop
  endfacet
  facet normal 0.45153335831088975 0.8922542386183937 0
    outer loop
      vertex -23.8 -3.117691453623979 89.6
      vertex -23.8 -3.117691453623979 91.6
      vertex -23.44610352875069 -3.296783975958207 89.6
    endloop
  endfacet
  facet normal 0.35063755519275264 0.9365112411970554 0
    outer loop
      vertex -23.44610352875069 -3.296783975958207 89.6
      vertex -23.44610352875069 -3.296783975958207 91.6
      vertex -23.0746533196061 -3.4358580067662268 89.6
    endloop
  endfacet
  facet normal 0.13735355781840947 0.9905220846375031 0
    outer loop
      vertex -22.690158274925455 -3.533225375708705 89.6
      vertex -22.690158274925455 -3.533225375708705 91.6
      vertex -22.2972856437004 -3.5877041748240117 89.6
    endloop
  endfacet
  facet normal 0.027554342368161757 0.9996203070249515 0
    outer loop
      vertex -22.2972856437004 -3.5877041748240117 89.6
      vertex -22.2972856437004 -3.5877041748240117 91.6
      vertex -21.900804367474617 -3.5986331052898253 89.6
    endloop
  endfacet
  facet normal -0.08257934547233271 0.9965844930066698 0
    outer loop
      vertex -21.900804367474617 -3.5986331052898253 89.6
      vertex -21.900804367474617 -3.5986331052898253 91.6
      vertex -21.50552719185373 -3.565879504695012 89.6
    endloop
  endfacet
  facet normal -0.19171063192373794 0.9814514932524179 0
    outer loop
      vertex -21.50552719185373 -3.565879504695012 89.6
      vertex -21.50552719185373 -3.565879504695012 91.6
      vertex -21.116252246293122 -3.4898409573815896 89.6
    endloop
  endfacet
  facet normal 0.24548548714079882 0.9694002659393304 0
    outer loop
      vertex -23.0746533196061 -3.4358580067662268 89.6
      vertex -23.0746533196061 -3.4358580067662268 91.6
      vertex -22.690158274925455 -3.533225375708705 89.6
    endloop
  endfacet
  facet normal -0.29851481100169497 0.9544050018795072 0
    outer loop
      vertex -21.116252246293122 -3.4898409573815896 89.6
      vertex -21.116252246293122 -3.4898409573815896 91.6
      vertex -20.737704801306084 -3.3714404683093973 89.6
    endloop
  endfacet
  facet normal -0.4016954246529709 0.9157733266550568 0
    outer loop
      vertex -20.737704801306084 -3.3714404683093973 89.6
      vertex -20.737704801306084 -3.3714404683093973 91.6
      vertex -20.374479910080797 -3.2121152590262176 89.6
    endloop
  endfacet
  facet normal 0.8519194088383283 0.5236729139878759 1.6621667573053203e-18
    outer loop
      vertex -24.958400134810883 -2.051309007036958 89.6
      vertex -25.16610550434336 -1.7134106149334654 89.6
      vertex -25.16610550434336 -1.7134106149334654 91.6
    endloop
  endfacet
  facet normal 0.7891405093963925 0.6142127126896694 -7.755653232390415e-19
    outer loop
      vertex -24.714783795196826 -2.3643072865718437 89.6
      vertex -24.958400134810883 -2.051309007036958 89.6
      vertex -24.958400134810883 -2.051309007036958 91.6
    endloop
  endfacet
  facet normal 0.9043571606975778 0.42677643549640304 2.1158011837865082e-18
    outer loop
      vertex -25.16610550434336 -1.7134106149334654 89.6
      vertex -25.335378641973286 -1.3547137390122077 89.6
      vertex -25.335378641973286 -1.3547137390122077 91.6
    endloop
  endfacet
  facet normal 0.9458172417006336 0.3246994692046866 4.042446260936442e-20
    outer loop
      vertex -25.335378641973286 -1.3547137390122077 89.6
      vertex -25.464164801113302 -0.9795724734432057 89.6
      vertex -25.464164801113302 -0.9795724734432057 91.6
    endloop
  endfacet
  facet normal 0.9757963826274356 0.2186810912063758 0
    outer loop
      vertex -25.5509006922498 -0.5925405250106429 89.6
      vertex -25.5509006922498 -0.5925405250106429 91.6
      vertex -25.464164801113302 -0.9795724734432057 89.6
    endloop
  endfacet
  facet normal -0.5000000000000008 0.8660254037844382 0
    outer loop
      vertex -20.374479910080797 -3.2121152590262176 89.6
      vertex -20.374479910080797 -3.2121152590262176 91.6
      vertex -20.030986630759266 -3.0137993217451036 89.6
    endloop
  endfacet
  facet normal -0.5922352526649772 0.8057651056609803 0
    outer loop
      vertex -20.030986630759266 -3.0137993217451036 89.6
      vertex -20.030986630759266 -3.0137993217451036 91.6
      vertex -19.711394506444115 -2.778899943298756 89.6
    endloop
  endfacet
  facet normal -0.6772815716257417 0.7357239106731314 0
    outer loop
      vertex -19.711394506444115 -2.778899943298756 89.6
      vertex -19.711394506444115 -2.778899943298756 91.6
      vertex -19.419582952593576 -2.510268483938384 89.6
    endloop
  endfacet
  facet normal -0.7541066097768983 0.6567520240477323 0
    outer loop
      vertex -19.419582952593576 -2.510268483938384 89.6
      vertex -19.419582952593576 -2.510268483938384 91.6
      vertex -19.159094166172984 -2.211165765682804 89.6
    endloop
  endfacet
  facet normal -0.8217778152252447 0.5698080575102669 0
    outer loop
      vertex -19.159094166172984 -2.211165765682804 89.6
      vertex -19.159094166172984 -2.211165765682804 91.6
      vertex -18.933090128182023 -1.88522249035636 89.6
    endloop
  endfacet
  facet normal -0.8794737512064895 0.47594739303707256 0
    outer loop
      vertex -18.933090128182023 -1.88522249035636 89.6
      vertex -18.933090128182023 -1.88522249035636 91.6
      vertex -18.74431422148872 -1.536395167787052 89.6
    endloop
  endfacet
  facet normal -0.9264940672148 0.37630937194783987 0
    outer loop
      vertex -18.74431422148872 -1.536395167787052 89.6
      vertex -18.74431422148872 -1.536395167787052 91.6
      vertex -18.595057929877715 -1.1689180891368622 89.6
    endloop
  endfacet
  facet normal -0.9622680003092515 0.27210346484533154 0
    outer loop
      vertex -18.595057929877715 -1.1689180891368622 89.6
      vertex -18.595057929877715 -1.1689180891368622 91.6
      vertex -18.487133022541233 -0.787251928342954 89.6
    endloop
  endfacet
  facet normal -0.9863613034027218 0.164594590280737 0
    outer loop
      vertex -18.487133022541233 -0.787251928342954 89.6
      vertex -18.487133022541233 -0.787251928342954 91.6
      vertex -18.42184956165538 -0.396029595578686 89.6
    endloop
  endfacet
  facet normal -0.9984815164333161 0.055087760355868445 0
    outer loop
      vertex -18.42184956165538 -0.396029595578686 89.6
      vertex -18.42184956165538 -0.396029595578686 91.6
      vertex -18.4 0 89.6
    endloop
  endfacet
  facet normal 0.9939306773179499 0.11000822099407435 0
    outer loop
      vertex -25.5509006922498 -0.5925405250106429 89.6
      vertex -25.594533459159937 -0.19831593728111588 91.6
      vertex -25.5509006922498 -0.5925405250106429 91.6
    endloop
  endfacet
  facet normal 1 0 0
    outer loop
      vertex -25.594533459159937 -0.19831593728111588 89.6
      vertex -25.594533459159937 0.19831593728111588 91.6
      vertex -25.594533459159937 -0.19831593728111588 91.6
    endloop
  endfacet
  facet normal 0.7167825131684517 0.697296801093995 0
    outer loop
      vertex -24.438213657852668 -2.648606078423274 89.6
      vertex -24.714783795196826 -2.3643072865718437 91.6
      vertex -24.438213657852668 -2.648606078423274 91.6
    endloop
  endfacet
  facet normal 0.5469481581224284 0.8371664782625275 0
    outer loop
      vertex -23.8 -3.117691453623979 89.6
      vertex -24.132046909593928 -2.900754380379521 91.6
      vertex -23.8 -3.117691453623979 91.6
    endloop
  endfacet
  facet normal 0.45153335831088975 0.8922542386183937 0
    outer loop
      vertex -23.44610352875069 -3.296783975958207 89.6
      vertex -23.8 -3.117691453623979 91.6
      vertex -23.44610352875069 -3.296783975958207 91.6
    endloop
  endfacet
  facet normal 0.35063755519275264 0.9365112411970554 0
    outer loop
      vertex -23.0746533196061 -3.4358580067662268 89.6
      vertex -23.44610352875069 -3.296783975958207 91.6
      vertex -23.0746533196061 -3.4358580067662268 91.6
    endloop
  endfacet
  facet normal 0.6357237482099671 0.7719166509163217 0
    outer loop
      vertex -24.132046909593928 -2.900754380379521 89.6
      vertex -24.438213657852668 -2.648606078423274 91.6
      vertex -24.132046909593928 -2.900754380379521 91.6
    endloop
  endfacet
  facet normal 0.13735355781840947 0.9905220846375031 0
    outer loop
      vertex -22.2972856437004 -3.5877041748240117 89.6
      vertex -22.690158274925455 -3.533225375708705 91.6
      vertex -22.2972856437004 -3.5877041748240117 91.6
    endloop
  endfacet
  facet normal 0.027554342368161757 0.9996203070249515 0
    outer loop
      vertex -21.900804367474617 -3.5986331052898253 89.6
      vertex -22.2972856437004 -3.5877041748240117 91.6
      vertex -21.900804367474617 -3.5986331052898253 91.6
    endloop
  endfacet
  facet normal -0.08257934547233271 0.9965844930066698 0
    outer loop
      vertex -21.50552719185373 -3.565879504695012 89.6
      vertex -21.900804367474617 -3.5986331052898253 91.6
      vertex -21.50552719185373 -3.565879504695012 91.6
    endloop
  endfacet
  facet normal -0.19171063192373794 0.9814514932524179 0
    outer loop
      vertex -21.116252246293122 -3.4898409573815896 89.6
      vertex -21.50552719185373 -3.565879504695012 91.6
      vertex -21.116252246293122 -3.4898409573815896 91.6
    endloop
  endfacet
  facet normal 0.24548548714079882 0.9694002659393304 0
    outer loop
      vertex -22.690158274925455 -3.533225375708705 89.6
      vertex -23.0746533196061 -3.4358580067662268 91.6
      vertex -22.690158274925455 -3.533225375708705 91.6
    endloop
  endfacet
  facet normal -0.29851481100169497 0.9544050018795072 0
    outer loop
      vertex -20.737704801306084 -3.3714404683093973 89.6
      vertex -21.116252246293122 -3.4898409573815896 91.6
      vertex -20.737704801306084 -3.3714404683093973 91.6
    endloop
  endfacet
  facet normal -0.4016954246529709 0.9157733266550568 0
    outer loop
      vertex -20.374479910080797 -3.2121152590262176 89.6
      vertex -20.737704801306084 -3.3714404683093973 91.6
      vertex -20.374479910080797 -3.2121152590262176 91.6
    endloop
  endfacet
  facet normal 0.8519194088383283 0.5236729139878759 0
    outer loop
      vertex -24.958400134810883 -2.051309007036958 89.6
      vertex -25.16610550434336 -1.7134106149334654 91.6
      vertex -24.958400134810883 -2.051309007036958 91.6
    endloop
  endfacet
  facet normal 0.7891405093963925 0.6142127126896694 0
    outer loop
      vertex -24.714783795196826 -2.3643072865718437 89.6
      vertex -24.958400134810883 -2.051309007036958 91.6
      vertex -24.714783795196826 -2.3643072865718437 91.6
    endloop
  endfacet
  facet normal 0.9043571606975778 0.42677643549640304 0
    outer loop
      vertex -25.16610550434336 -1.7134106149334654 89.6
      vertex -25.335378641973286 -1.3547137390122077 91.6
      vertex -25.16610550434336 -1.7134106149334654 91.6
    endloop
  endfacet
  facet normal 0.9458172417006336 0.3246994692046866 0
    outer loop
      vertex -25.335378641973286 -1.3547137390122077 89.6
      vertex -25.464164801113302 -0.9795724734432057 91.6
      vertex -25.335378641973286 -1.3547137390122077 91.6
    endloop
  endfacet
  facet normal 0.9757963826274356 0.2186810912063758 0
    outer loop
      vertex -25.464164801113302 -0.9795724734432057 89.6
      vertex -25.5509006922498 -0.5925405250106429 91.6
      vertex -25.464164801113302 -0.9795724734432057 91.6
    endloop
  endfacet
  facet normal -0.5000000000000008 0.8660254037844382 0
    outer loop
      vertex -20.030986630759266 -3.0137993217451036 89.6
      vertex -20.374479910080797 -3.2121152590262176 91.6
      vertex -20.030986630759266 -3.0137993217451036 91.6
    endloop
  endfacet
  facet normal -0.5922352526649772 0.8057651056609803 0
    outer loop
      vertex -19.711394506444115 -2.778899943298756 89.6
      vertex -20.030986630759266 -3.0137993217451036 91.6
      vertex -19.711394506444115 -2.778899943298756 91.6
    endloop
  endfacet
  facet normal -0.6772815716257417 0.7357239106731314 0
    outer loop
      vertex -19.419582952593576 -2.510268483938384 89.6
      vertex -19.711394506444115 -2.778899943298756 91.6
      vertex -19.419582952593576 -2.510268483938384 91.6
    endloop
  endfacet
  facet normal -0.7541066097768983 0.6567520240477323 0
    outer loop
      vertex -19.159094166172984 -2.211165765682804 89.6
      vertex -19.419582952593576 -2.510268483938384 91.6
      vertex -19.159094166172984 -2.211165765682804 91.6
    endloop
  endfacet
  facet normal -0.8217778152252447 0.5698080575102669 0
    outer loop
      vertex -18.933090128182023 -1.88522249035636 89.6
      vertex -19.159094166172984 -2.211165765682804 91.6
      vertex -18.933090128182023 -1.88522249035636 91.6
    endloop
  endfacet
  facet normal -0.8794737512064895 0.47594739303707256 0
    outer loop
      vertex -18.74431422148872 -1.536395167787052 89.6
      vertex -18.933090128182023 -1.88522249035636 91.6
      vertex -18.74431422148872 -1.536395167787052 91.6
    endloop
  endfacet
  facet normal -0.9264940672148 0.37630937194783987 0
    outer loop
      vertex -18.595057929877715 -1.1689180891368622 89.6
      vertex -18.74431422148872 -1.536395167787052 91.6
      vertex -18.595057929877715 -1.1689180891368622 91.6
    endloop
  endfacet
  facet normal -0.9622680003092515 0.27210346484533154 0
    outer loop
      vertex -18.487133022541233 -0.787251928342954 89.6
      vertex -18.595057929877715 -1.1689180891368622 91.6
      vertex -18.487133022541233 -0.787251928342954 91.6
    endloop
  endfacet
  facet normal -0.9863613034027218 0.164594590280737 0
    outer loop
      vertex -18.42184956165538 -0.396029595578686 89.6
      vertex -18.487133022541233 -0.787251928342954 91.6
      vertex -18.42184956165538 -0.396029595578686 91.6
    endloop
  endfacet
  facet normal -0.9984815164333161 0.055087760355868445 5.463223594536488e-19
    outer loop
      vertex -18.42184956165538 -0.396029595578686 91.6
      vertex -18.4 0 91.6
      vertex -18.4 0 89.6
    endloop
  endfacet
  facet normal 1 0 0
    outer loop
      vertex -25.594533459159937 -0.19831593728111588 89.6
      vertex -25.594533459159937 0.19831593728111588 89.6
      vertex -25.594533459159937 0.19831593728111588 91.6
    endloop
  endfacet
  facet normal 0.9939306773179499 -0.11000822099407435 9.510424070222634e-19
    outer loop
      vertex -25.594533459159937 0.19831593728111588 89.6
      vertex -25.5509006922498 0.5925405250106429 89.6
      vertex -25.5509006922498 0.5925405250106429 91.6
    endloop
  endfacet
  facet normal 0.9757963826274356 -0.2186810912063758 -4.0952628063068674e-19
    outer loop
      vertex -25.5509006922498 0.5925405250106429 89.6
      vertex -25.464164801113302 0.9795724734432057 89.6
      vertex -25.464164801113302 0.9795724734432057 91.6
    endloop
  endfacet
  facet normal 0.9458172417006336 -0.3246994692046866 -4.042446260936442e-20
    outer loop
      vertex -25.464164801113302 0.9795724734432057 89.6
      vertex -25.335378641973286 1.3547137390122077 89.6
      vertex -25.335378641973286 1.3547137390122077 91.6
    endloop
  endfacet
  facet normal 0.9043571606975778 -0.42677643549640304 -2.1158011837865082e-18
    outer loop
      vertex -25.335378641973286 1.3547137390122077 89.6
      vertex -25.16610550434336 1.7134106149334654 89.6
      vertex -25.16610550434336 1.7134106149334654 91.6
    endloop
  endfacet
  facet normal 0.8519194088383283 -0.5236729139878759 -1.6621667573053203e-18
    outer loop
      vertex -25.16610550434336 1.7134106149334654 89.6
      vertex -24.958400134810883 2.051309007036958 89.6
      vertex -24.958400134810883 2.051309007036958 91.6
    endloop
  endfacet
  facet normal 0.7891405093963925 -0.6142127126896694 7.755653232390415e-19
    outer loop
      vertex -24.958400134810883 2.051309007036958 89.6
      vertex -24.714783795196826 2.3643072865718437 89.6
      vertex -24.714783795196826 2.3643072865718437 91.6
    endloop
  endfacet
  facet normal 0.7167825131684517 -0.697296801093995 -3.04095467878269e-18
    outer loop
      vertex -24.714783795196826 2.3643072865718437 89.6
      vertex -24.438213657852668 2.648606078423274 89.6
      vertex -24.438213657852668 2.648606078423274 91.6
    endloop
  endfacet
  facet normal 0.6357237482099685 -0.7719166509163206 -4.7090981836358664e-18
    outer loop
      vertex -24.438213657852668 2.648606078423274 89.6
      vertex -24.132046909593928 2.9007543803795217 89.6
      vertex -24.132046909593928 2.9007543803795217 91.6
    endloop
  endfacet
  facet normal 0.5469481581224269 -0.8371664782625285 -3.968301019898627e-18
    outer loop
      vertex -24.132046909593928 2.9007543803795217 89.6
      vertex -23.8 3.117691453623979 89.6
      vertex -23.8 3.117691453623979 91.6
    endloop
  endfacet
  facet normal 0.45153335831088887 -0.8922542386183943 -8.22145803741177e-18
    outer loop
      vertex -23.8 3.117691453623979 89.6
      vertex -23.44610352875069 3.2967839759582067 89.6
      vertex -23.44610352875069 3.2967839759582067 91.6
    endloop
  endfacet
  facet normal 0.3506375551927546 -0.9365112411970546 4.413871059747567e-19
    outer loop
      vertex -23.44610352875069 3.2967839759582067 89.6
      vertex -23.0746533196061 3.435858006766227 89.6
      vertex -23.0746533196061 3.435858006766227 91.6
    endloop
  endfacet
  facet normal 0.24548548714079887 -0.9694002659393306 3.3208263800952885e-18
    outer loop
      vertex -23.0746533196061 3.435858006766227 89.6
      vertex -22.69015827492546 3.5332253757087044 89.6
      vertex -22.69015827492546 3.5332253757087044 91.6
    endloop
  endfacet
  facet normal -0.29851481100169497 -0.9544050018795072 -3.252709923688413e-18
    outer loop
      vertex -21.116252246293122 3.4898409573815896 89.6
      vertex -20.737704801306084 3.3714404683093973 89.6
      vertex -20.737704801306084 3.3714404683093973 91.6
    endloop
  endfacet
  facet normal -0.40169542465296904 -0.9157733266550576 3.2706136344435585e-18
    outer loop
      vertex -20.737704801306084 3.3714404683093973 89.6
      vertex -20.374479910080797 3.2121152590262185 89.6
      vertex -20.374479910080797 3.2121152590262185 91.6
    endloop
  endfacet
  facet normal 0.13735355781840933 -0.990522084637503 -1.4619108024333673e-18
    outer loop
      vertex -22.69015827492546 3.5332253757087044 89.6
      vertex -22.2972856437004 3.5877041748240117 89.6
      vertex -22.2972856437004 3.5877041748240117 91.6
    endloop
  endfacet
  facet normal 0.027554342368161757 -0.9996203070249515 2.7103629488126424e-19
    outer loop
      vertex -22.2972856437004 3.5877041748240117 89.6
      vertex -21.900804367474617 3.5986331052898253 89.6
      vertex -21.900804367474617 3.5986331052898253 91.6
    endloop
  endfacet
  facet normal -0.08257934547233271 -0.9965844930066698 8.244617603252601e-19
    outer loop
      vertex -21.900804367474617 3.5986331052898253 89.6
      vertex -21.50552719185373 3.565879504695012 89.6
      vertex -21.50552719185373 3.565879504695012 91.6
    endloop
  endfacet
  facet normal -0.19171063192373794 -0.9814514932524179 0
    outer loop
      vertex -21.116252246293122 3.4898409573815896 89.6
      vertex -21.116252246293122 3.4898409573815896 91.6
      vertex -21.50552719185373 3.565879504695012 89.6
    endloop
  endfacet
  facet normal -0.9984815164333161 -0.05508776035586852 0
    outer loop
      vertex -18.4 0 89.6
      vertex -18.4 0 91.6
      vertex -18.42184956165538 0.39602959557868544 89.6
    endloop
  endfacet
  facet normal -0.9863613034027218 -0.16459459028073722 0
    outer loop
      vertex -18.42184956165538 0.39602959557868544 89.6
      vertex -18.42184956165538 0.39602959557868544 91.6
      vertex -18.487133022541233 0.7872519283429529 89.6
    endloop
  endfacet
  facet normal -0.9622680003092513 -0.272103464845332 0
    outer loop
      vertex -18.487133022541233 0.7872519283429529 89.6
      vertex -18.487133022541233 0.7872519283429529 91.6
      vertex -18.595057929877715 1.1689180891368605 89.6
    endloop
  endfacet
  facet normal -0.7541066097768976 -0.6567520240477327 0
    outer loop
      vertex -19.159094166172984 2.211165765682804 89.6
      vertex -19.159094166172984 2.211165765682804 91.6
      vertex -19.419582952593576 2.5102684839383835 89.6
    endloop
  endfacet
  facet normal -0.9264940672148011 -0.37630937194783737 0
    outer loop
      vertex -18.595057929877715 1.1689180891368605 89.6
      vertex -18.595057929877715 1.1689180891368605 91.6
      vertex -18.74431422148872 1.536395167787053 89.6
    endloop
  endfacet
  facet normal -0.8794737512064892 -0.4759473930370733 0
    outer loop
      vertex -18.74431422148872 1.536395167787053 89.6
      vertex -18.74431422148872 1.536395167787053 91.6
      vertex -18.933090128182023 1.8852224903563604 89.6
    endloop
  endfacet
  facet normal -0.8217778152252443 -0.5698080575102673 5.949272977435886e-18
    outer loop
      vertex -19.159094166172984 2.211165765682804 89.6
      vertex -18.933090128182023 1.8852224903563604 89.6
      vertex -18.933090128182023 1.8852224903563604 91.6
    endloop
  endfacet
  facet normal -0.5922352526649814 -0.805765105660977 0
    outer loop
      vertex -19.711394506444115 2.778899943298755 89.6
      vertex -19.711394506444115 2.778899943298755 91.6
      vertex -20.030986630759262 3.0137993217451027 89.6
    endloop
  endfacet
  facet normal -0.677281571625741 -0.7357239106731318 0
    outer loop
      vertex -19.419582952593576 2.5102684839383835 89.6
      vertex -19.419582952593576 2.5102684839383835 91.6
      vertex -19.711394506444115 2.778899943298755 89.6
    endloop
  endfacet
  facet normal -0.5000000000000003 -0.8660254037844385 0
    outer loop
      vertex -20.030986630759262 3.0137993217451027 89.6
      vertex -20.030986630759262 3.0137993217451027 91.6
      vertex -20.374479910080797 3.2121152590262185 89.6
    endloop
  endfacet
  facet normal 0.9939306773179499 -0.11000822099407435 0
    outer loop
      vertex -25.594533459159937 0.19831593728111588 89.6
      vertex -25.5509006922498 0.5925405250106429 91.6
      vertex -25.594533459159937 0.19831593728111588 91.6
    endloop
  endfacet
  facet normal 0.9757963826274356 -0.2186810912063758 0
    outer loop
      vertex -25.5509006922498 0.5925405250106429 89.6
      vertex -25.464164801113302 0.9795724734432057 91.6
      vertex -25.5509006922498 0.5925405250106429 91.6
    endloop
  endfacet
  facet normal 0.9458172417006336 -0.3246994692046866 0
    outer loop
      vertex -25.464164801113302 0.9795724734432057 89.6
      vertex -25.335378641973286 1.3547137390122077 91.6
      vertex -25.464164801113302 0.9795724734432057 91.6
    endloop
  endfacet
  facet normal 0.9043571606975778 -0.42677643549640304 0
    outer loop
      vertex -25.335378641973286 1.3547137390122077 89.6
      vertex -25.16610550434336 1.7134106149334654 91.6
      vertex -25.335378641973286 1.3547137390122077 91.6
    endloop
  endfacet
  facet normal 0.8519194088383283 -0.5236729139878759 0
    outer loop
      vertex -25.16610550434336 1.7134106149334654 89.6
      vertex -24.958400134810883 2.051309007036958 91.6
      vertex -25.16610550434336 1.7134106149334654 91.6
    endloop
  endfacet
  facet normal 0.7891405093963925 -0.6142127126896694 0
    outer loop
      vertex -24.958400134810883 2.051309007036958 89.6
      vertex -24.714783795196826 2.3643072865718437 91.6
      vertex -24.958400134810883 2.051309007036958 91.6
    endloop
  endfacet
  facet normal 0.7167825131684517 -0.697296801093995 0
    outer loop
      vertex -24.714783795196826 2.3643072865718437 89.6
      vertex -24.438213657852668 2.648606078423274 91.6
      vertex -24.714783795196826 2.3643072865718437 91.6
    endloop
  endfacet
  facet normal 0.6357237482099685 -0.7719166509163206 0
    outer loop
      vertex -24.438213657852668 2.648606078423274 89.6
      vertex -24.132046909593928 2.9007543803795217 91.6
      vertex -24.438213657852668 2.648606078423274 91.6
    endloop
  endfacet
  facet normal 0.5469481581224269 -0.8371664782625285 0
    outer loop
      vertex -24.132046909593928 2.9007543803795217 89.6
      vertex -23.8 3.117691453623979 91.6
      vertex -24.132046909593928 2.9007543803795217 91.6
    endloop
  endfacet
  facet normal 0.45153335831088887 -0.8922542386183943 0
    outer loop
      vertex -23.8 3.117691453623979 89.6
      vertex -23.44610352875069 3.2967839759582067 91.6
      vertex -23.8 3.117691453623979 91.6
    endloop
  endfacet
  facet normal 0.3506375551927546 -0.9365112411970546 0
    outer loop
      vertex -23.44610352875069 3.2967839759582067 89.6
      vertex -23.0746533196061 3.435858006766227 91.6
      vertex -23.44610352875069 3.2967839759582067 91.6
    endloop
  endfacet
  facet normal 0.24548548714079887 -0.9694002659393306 0
    outer loop
      vertex -23.0746533196061 3.435858006766227 89.6
      vertex -22.69015827492546 3.5332253757087044 91.6
      vertex -23.0746533196061 3.435858006766227 91.6
    endloop
  endfacet
  facet normal -0.29851481100169497 -0.9544050018795072 0
    outer loop
      vertex -21.116252246293122 3.4898409573815896 89.6
      vertex -20.737704801306084 3.3714404683093973 91.6
      vertex -21.116252246293122 3.4898409573815896 91.6
    endloop
  endfacet
  facet normal -0.40169542465296904 -0.9157733266550576 0
    outer loop
      vertex -20.737704801306084 3.3714404683093973 89.6
      vertex -20.374479910080797 3.2121152590262185 91.6
      vertex -20.737704801306084 3.3714404683093973 91.6
    endloop
  endfacet
  facet normal 0.13735355781840933 -0.990522084637503 0
    outer loop
      vertex -22.69015827492546 3.5332253757087044 89.6
      vertex -22.2972856437004 3.5877041748240117 91.6
      vertex -22.69015827492546 3.5332253757087044 91.6
    endloop
  endfacet
  facet normal 0.027554342368161757 -0.9996203070249515 0
    outer loop
      vertex -22.2972856437004 3.5877041748240117 89.6
      vertex -21.900804367474617 3.5986331052898253 91.6
      vertex -22.2972856437004 3.5877041748240117 91.6
    endloop
  endfacet
  facet normal -0.08257934547233271 -0.9965844930066698 0
    outer loop
      vertex -21.900804367474617 3.5986331052898253 89.6
      vertex -21.50552719185373 3.565879504695012 91.6
      vertex -21.900804367474617 3.5986331052898253 91.6
    endloop
  endfacet
  facet normal -0.19171063192373794 -0.9814514932524179 0
    outer loop
      vertex -21.50552719185373 3.565879504695012 89.6
      vertex -21.116252246293122 3.4898409573815896 91.6
      vertex -21.50552719185373 3.565879504695012 91.6
    endloop
  endfacet
  facet normal -0.9984815164333161 -0.05508776035586852 0
    outer loop
      vertex -18.42184956165538 0.39602959557868544 89.6
      vertex -18.4 0 91.6
      vertex -18.42184956165538 0.39602959557868544 91.6
    endloop
  endfacet
  facet normal -0.9622680003092513 -0.272103464845332 0
    outer loop
      vertex -18.595057929877715 1.1689180891368605 89.6
      vertex -18.487133022541233 0.7872519283429529 91.6
      vertex -18.595057929877715 1.1689180891368605 91.6
    endloop
  endfacet
  facet normal -0.9863613034027218 -0.16459459028073722 0
    outer loop
      vertex -18.487133022541233 0.7872519283429529 89.6
      vertex -18.42184956165538 0.39602959557868544 91.6
      vertex -18.487133022541233 0.7872519283429529 91.6
    endloop
  endfacet
  facet normal -0.9264940672148011 -0.37630937194783737 0
    outer loop
      vertex -18.74431422148872 1.536395167787053 89.6
      vertex -18.595057929877715 1.1689180891368605 91.6
      vertex -18.74431422148872 1.536395167787053 91.6
    endloop
  endfacet
  facet normal -0.8794737512064892 -0.4759473930370733 0
    outer loop
      vertex -18.933090128182023 1.8852224903563604 89.6
      vertex -18.74431422148872 1.536395167787053 91.6
      vertex -18.933090128182023 1.8852224903563604 91.6
    endloop
  endfacet
  facet normal -0.8217778152252443 -0.5698080575102673 0
    outer loop
      vertex -19.159094166172984 2.211165765682804 89.6
      vertex -18.933090128182023 1.8852224903563604 91.6
      vertex -19.159094166172984 2.211165765682804 91.6
    endloop
  endfacet
  facet normal -0.7541066097768976 -0.6567520240477327 0
    outer loop
      vertex -19.419582952593576 2.5102684839383835 89.6
      vertex -19.159094166172984 2.211165765682804 91.6
      vertex -19.419582952593576 2.5102684839383835 91.6
    endloop
  endfacet
  facet normal -0.677281571625741 -0.7357239106731318 0
    outer loop
      vertex -19.711394506444115 2.778899943298755 89.6
      vertex -19.419582952593576 2.5102684839383835 91.6
      vertex -19.711394506444115 2.778899943298755 91.6
    endloop
  endfacet
  facet normal -0.5000000000000003 -0.8660254037844385 0
    outer loop
      vertex -20.374479910080797 3.2121152590262185 89.6
      vertex -20.030986630759262 3.0137993217451027 91.6
      vertex -20.374479910080797 3.2121152590262185 91.6
    endloop
  endfacet
  facet normal -0.5922352526649814 -0.805765105660977 0
    outer loop
      vertex -20.030986630759262 3.0137993217451027 89.6
      vertex -19.711394506444115 2.778899943298755 91.6
      vertex -20.030986630759262 3.0137993217451027 91.6
    endloop
  endfacet
  facet normal 0.7167825131684511 0.6972968010939955 0
    outer loop
      vertex -2.7147837951968268 -2.3643072865718437 89.6
      vertex -2.7147837951968268 -2.3643072865718437 91.6
      vertex -2.4382136578526676 -2.648606078423274 89.6
    endloop
  endfacet
  facet normal 0.13735355781840877 0.9905220846375034 0
    outer loop
      vertex -0.6901582749254566 -3.533225375708705 89.6
      vertex -0.6901582749254566 -3.533225375708705 91.6
      vertex -0.29728564370039773 -3.5877041748240117 89.6
    endloop
  endfacet
  facet normal 0.027554342368161844 0.9996203070249514 0
    outer loop
      vertex -0.29728564370039773 -3.5877041748240117 89.6
      vertex -0.29728564370039773 -3.5877041748240117 91.6
      vertex 0.09919563252538244 -3.5986331052898253 89.6
    endloop
  endfacet
  facet normal 0.5469481581224271 0.8371664782625284 -6.63283429300153e-18
    outer loop
      vertex -1.8 -3.117691453623979 89.6
      vertex -2.1320469095939285 -2.900754380379521 89.6
      vertex -2.1320469095939285 -2.900754380379521 91.6
    endloop
  endfacet
  facet normal 0.3506375551927547 0.9365112411970548 0
    outer loop
      vertex -1.4461035287506896 -3.296783975958207 89.6
      vertex -1.4461035287506896 -3.296783975958207 91.6
      vertex -1.0746533196061012 -3.4358580067662268 89.6
    endloop
  endfacet
  facet normal 0.45153335831088975 0.8922542386183937 2.5412055301644294e-18
    outer loop
      vertex -1.4461035287506896 -3.296783975958207 89.6
      vertex -1.8 -3.117691453623979 89.6
      vertex -1.8 -3.117691453623979 91.6
    endloop
  endfacet
  facet normal 0.6357237482099677 0.7719166509163211 0
    outer loop
      vertex -2.4382136578526676 -2.648606078423274 89.6
      vertex -2.4382136578526676 -2.648606078423274 91.6
      vertex -2.1320469095939285 -2.900754380379521 89.6
    endloop
  endfacet
  facet normal 0.24548548714079862 0.9694002659393306 -1.0560905006812073e-18
    outer loop
      vertex -0.6901582749254566 -3.533225375708705 89.6
      vertex -1.0746533196061012 -3.4358580067662268 89.6
      vertex -1.0746533196061012 -3.4358580067662268 91.6
    endloop
  endfacet
  facet normal 0.7891405093963936 0.6142127126896679 -2.1766622555275837e-19
    outer loop
      vertex -2.7147837951968268 -2.3643072865718437 89.6
      vertex -2.958400134810883 -2.051309007036958 89.6
      vertex -2.958400134810883 -2.051309007036958 91.6
    endloop
  endfacet
  facet normal 0.8519194088383273 0.5236729139878775 8.213924429278916e-18
    outer loop
      vertex -2.958400134810883 -2.051309007036958 89.6
      vertex -3.1661055043433604 -1.7134106149334654 89.6
      vertex -3.1661055043433604 -1.7134106149334654 91.6
    endloop
  endfacet
  facet normal 0.9043571606975774 0.426776435496404 0
    outer loop
      vertex -3.3353786419732865 -1.3547137390122077 89.6
      vertex -3.3353786419732865 -1.3547137390122077 91.6
      vertex -3.1661055043433604 -1.7134106149334654 89.6
    endloop
  endfacet
  facet normal 0.9458172417006346 0.3246994692046836 2.77676631209052e-19
    outer loop
      vertex -3.3353786419732865 -1.3547137390122077 89.6
      vertex -3.4641648011133017 -0.9795724734432057 89.6
      vertex -3.4641648011133017 -0.9795724734432057 91.6
    endloop
  endfacet
  facet normal 0.9757963826274356 0.2186810912063758 4.0952628063068674e-19
    outer loop
      vertex -3.4641648011133017 -0.9795724734432057 89.6
      vertex -3.5509006922498005 -0.5925405250106429 89.6
      vertex -3.5509006922498005 -0.5925405250106429 91.6
    endloop
  endfacet
  facet normal 0.9939306773179495 0.11000822099407878 -2.6433307214865196e-19
    outer loop
      vertex -3.5509006922498005 -0.5925405250106429 89.6
      vertex -3.5945334591599383 -0.19831593728111588 89.6
      vertex -3.5945334591599383 -0.19831593728111588 91.6
    endloop
  endfacet
  facet normal 0.13735355781840877 0.9905220846375034 0
    outer loop
      vertex -0.29728564370039773 -3.5877041748240117 89.6
      vertex -0.6901582749254566 -3.533225375708705 91.6
      vertex -0.29728564370039773 -3.5877041748240117 91.6
    endloop
  endfacet
  facet normal 0.027554342368161844 0.9996203070249514 -1.7548804173875018e-19
    outer loop
      vertex -0.29728564370039773 -3.5877041748240117 91.6
      vertex 0.09919563252538244 -3.5986331052898253 91.6
      vertex 0.09919563252538244 -3.5986331052898253 89.6
    endloop
  endfacet
  facet normal 0.45153335831088975 0.8922542386183937 0
    outer loop
      vertex -1.4461035287506896 -3.296783975958207 89.6
      vertex -1.8 -3.117691453623979 91.6
      vertex -1.4461035287506896 -3.296783975958207 91.6
    endloop
  endfacet
  facet normal 0.5469481581224271 0.8371664782625284 0
    outer loop
      vertex -1.8 -3.117691453623979 89.6
      vertex -2.1320469095939285 -2.900754380379521 91.6
      vertex -1.8 -3.117691453623979 91.6
    endloop
  endfacet
  facet normal 0.6357237482099677 0.7719166509163211 0
    outer loop
      vertex -2.1320469095939285 -2.900754380379521 89.6
      vertex -2.4382136578526676 -2.648606078423274 91.6
      vertex -2.1320469095939285 -2.900754380379521 91.6
    endloop
  endfacet
  facet normal 0.7167825131684511 0.6972968010939955 0
    outer loop
      vertex -2.4382136578526676 -2.648606078423274 89.6
      vertex -2.7147837951968268 -2.3643072865718437 91.6
      vertex -2.4382136578526676 -2.648606078423274 91.6
    endloop
  endfacet
  facet normal 0.3506375551927547 0.9365112411970548 0
    outer loop
      vertex -1.0746533196061012 -3.4358580067662268 89.6
      vertex -1.4461035287506896 -3.296783975958207 91.6
      vertex -1.0746533196061012 -3.4358580067662268 91.6
    endloop
  endfacet
  facet normal 0.24548548714079862 0.9694002659393306 0
    outer loop
      vertex -0.6901582749254566 -3.533225375708705 89.6
      vertex -1.0746533196061012 -3.4358580067662268 91.6
      vertex -0.6901582749254566 -3.533225375708705 91.6
    endloop
  endfacet
  facet normal 0.7891405093963936 0.6142127126896679 0
    outer loop
      vertex -2.7147837951968268 -2.3643072865718437 89.6
      vertex -2.958400134810883 -2.051309007036958 91.6
      vertex -2.7147837951968268 -2.3643072865718437 91.6
    endloop
  endfacet
  facet normal 0.8519194088383273 0.5236729139878775 0
    outer loop
      vertex -2.958400134810883 -2.051309007036958 89.6
      vertex -3.1661055043433604 -1.7134106149334654 91.6
      vertex -2.958400134810883 -2.051309007036958 91.6
    endloop
  endfacet
  facet normal 0.9043571606975774 0.426776435496404 0
    outer loop
      vertex -3.1661055043433604 -1.7134106149334654 89.6
      vertex -3.3353786419732865 -1.3547137390122077 91.6
      vertex -3.1661055043433604 -1.7134106149334654 91.6
    endloop
  endfacet
  facet normal 0.9458172417006346 0.3246994692046836 0
    outer loop
      vertex -3.3353786419732865 -1.3547137390122077 89.6
      vertex -3.4641648011133017 -0.9795724734432057 91.6
      vertex -3.3353786419732865 -1.3547137390122077 91.6
    endloop
  endfacet
  facet normal 0.9757963826274356 0.2186810912063758 0
    outer loop
      vertex -3.4641648011133017 -0.9795724734432057 89.6
      vertex -3.5509006922498005 -0.5925405250106429 91.6
      vertex -3.4641648011133017 -0.9795724734432057 91.6
    endloop
  endfacet
  facet normal 0.9939306773179495 0.11000822099407878 0
    outer loop
      vertex -3.5509006922498005 -0.5925405250106429 89.6
      vertex -3.5945334591599383 -0.19831593728111588 91.6
      vertex -3.5509006922498005 -0.5925405250106429 91.6
    endloop
  endfacet
  facet normal 1 0 0
    outer loop
      vertex -3.5945334591599383 -0.19831593728111588 89.6
      vertex -3.5945334591599383 0.19831593728111588 91.6
      vertex -3.5945334591599383 -0.19831593728111588 91.6
    endloop
  endfacet
  facet normal 1 0 0
    outer loop
      vertex -3.5945334591599383 -0.19831593728111588 89.6
      vertex -3.5945334591599383 0.19831593728111588 89.6
      vertex -3.5945334591599383 0.19831593728111588 91.6
    endloop
  endfacet
  facet normal 0.9939306773179495 -0.11000822099407878 2.6433307214865196e-19
    outer loop
      vertex -3.5945334591599383 0.19831593728111588 89.6
      vertex -3.5509006922498005 0.5925405250106429 89.6
      vertex -3.5509006922498005 0.5925405250106429 91.6
    endloop
  endfacet
  facet normal 0.9757963826274356 -0.2186810912063758 -4.0952628063068674e-19
    outer loop
      vertex -3.5509006922498005 0.5925405250106429 89.6
      vertex -3.4641648011133017 0.9795724734432057 89.6
      vertex -3.4641648011133017 0.9795724734432057 91.6
    endloop
  endfacet
  facet normal 0.9458172417006346 -0.3246994692046836 -2.77676631209052e-19
    outer loop
      vertex -3.4641648011133017 0.9795724734432057 89.6
      vertex -3.3353786419732865 1.3547137390122077 89.6
      vertex -3.3353786419732865 1.3547137390122077 91.6
    endloop
  endfacet
  facet normal 0.9043571606975774 -0.426776435496404 -2.495432279549262e-18
    outer loop
      vertex -3.3353786419732865 1.3547137390122077 89.6
      vertex -3.1661055043433604 1.7134106149334654 89.6
      vertex -3.1661055043433604 1.7134106149334654 91.6
    endloop
  endfacet
  facet normal 0.8519194088383273 -0.5236729139878775 -8.213924429278916e-18
    outer loop
      vertex -3.1661055043433604 1.7134106149334654 89.6
      vertex -2.958400134810883 2.051309007036958 89.6
      vertex -2.958400134810883 2.051309007036958 91.6
    endloop
  endfacet
  facet normal 0.7891405093963936 -0.6142127126896679 2.1766622555275837e-19
    outer loop
      vertex -2.958400134810883 2.051309007036958 89.6
      vertex -2.7147837951968268 2.3643072865718437 89.6
      vertex -2.7147837951968268 2.3643072865718437 91.6
    endloop
  endfacet
  facet normal 0.7167825131684511 -0.6972968010939955 -1.334163506498087e-18
    outer loop
      vertex -2.7147837951968268 2.3643072865718437 89.6
      vertex -2.4382136578526676 2.648606078423274 89.6
      vertex -2.4382136578526676 2.648606078423274 91.6
    endloop
  endfacet
  facet normal 0.6357237482099679 -0.771916650916321 -3.506424143227075e-18
    outer loop
      vertex -2.4382136578526676 2.648606078423274 89.6
      vertex -2.1320469095939276 2.9007543803795217 89.6
      vertex -2.1320469095939276 2.9007543803795217 91.6
    endloop
  endfacet
  facet normal 0.5469481581224266 -0.8371664782625288 4.271509895360029e-18
    outer loop
      vertex -2.1320469095939276 2.9007543803795217 89.6
      vertex -1.8 3.117691453623979 89.6
      vertex -1.8 3.117691453623979 91.6
    endloop
  endfacet
  facet normal 0.4515333583108896 -0.8922542386183939 -1.1613784909574191e-18
    outer loop
      vertex -1.8 3.117691453623979 89.6
      vertex -1.4461035287506903 3.2967839759582067 89.6
      vertex -1.4461035287506903 3.2967839759582067 91.6
    endloop
  endfacet
  facet normal 0.35063755519275513 -0.9365112411970545 -2.629841007235554e-18
    outer loop
      vertex -1.4461035287506903 3.2967839759582067 89.6
      vertex -1.0746533196061 3.435858006766227 89.6
      vertex -1.0746533196061 3.435858006766227 91.6
    endloop
  endfacet
  facet normal 0.24548548714079832 -0.9694002659393306 -1.376255614661163e-18
    outer loop
      vertex -1.0746533196061 3.435858006766227 89.6
      vertex -0.6901582749254584 3.5332253757087044 89.6
      vertex -0.6901582749254584 3.5332253757087044 91.6
    endloop
  endfacet
  facet normal 0.1373535578184089 -0.9905220846375032 -1.2511099652383552e-18
    outer loop
      vertex -0.6901582749254584 3.5332253757087044 89.6
      vertex -0.29728564370039684 3.5877041748240117 89.6
      vertex -0.29728564370039684 3.5877041748240117 91.6
    endloop
  endfacet
  facet normal 0.027554342368161844 -0.9996203070249514 1.7548804173875018e-19
    outer loop
      vertex -0.29728564370039684 3.5877041748240117 89.6
      vertex 0.09919563252538333 3.5986331052898253 89.6
      vertex 0.09919563252538333 3.5986331052898253 91.6
    endloop
  endfacet
  facet normal 0.9939306773179495 -0.11000822099407878 0
    outer loop
      vertex -3.5945334591599383 0.19831593728111588 89.6
      vertex -3.5509006922498005 0.5925405250106429 91.6
      vertex -3.5945334591599383 0.19831593728111588 91.6
    endloop
  endfacet
  facet normal 0.9757963826274356 -0.2186810912063758 0
    outer loop
      vertex -3.5509006922498005 0.5925405250106429 89.6
      vertex -3.4641648011133017 0.9795724734432057 91.6
      vertex -3.5509006922498005 0.5925405250106429 91.6
    endloop
  endfacet
  facet normal 0.9458172417006346 -0.3246994692046836 0
    outer loop
      vertex -3.4641648011133017 0.9795724734432057 89.6
      vertex -3.3353786419732865 1.3547137390122077 91.6
      vertex -3.4641648011133017 0.9795724734432057 91.6
    endloop
  endfacet
  facet normal 0.9043571606975774 -0.426776435496404 0
    outer loop
      vertex -3.3353786419732865 1.3547137390122077 89.6
      vertex -3.1661055043433604 1.7134106149334654 91.6
      vertex -3.3353786419732865 1.3547137390122077 91.6
    endloop
  endfacet
  facet normal 0.8519194088383273 -0.5236729139878775 0
    outer loop
      vertex -3.1661055043433604 1.7134106149334654 89.6
      vertex -2.958400134810883 2.051309007036958 91.6
      vertex -3.1661055043433604 1.7134106149334654 91.6
    endloop
  endfacet
  facet normal 0.7891405093963936 -0.6142127126896679 0
    outer loop
      vertex -2.958400134810883 2.051309007036958 89.6
      vertex -2.7147837951968268 2.3643072865718437 91.6
      vertex -2.958400134810883 2.051309007036958 91.6
    endloop
  endfacet
  facet normal 0.7167825131684511 -0.6972968010939955 0
    outer loop
      vertex -2.7147837951968268 2.3643072865718437 89.6
      vertex -2.4382136578526676 2.648606078423274 91.6
      vertex -2.7147837951968268 2.3643072865718437 91.6
    endloop
  endfacet
  facet normal 0.6357237482099679 -0.771916650916321 0
    outer loop
      vertex -2.4382136578526676 2.648606078423274 89.6
      vertex -2.1320469095939276 2.9007543803795217 91.6
      vertex -2.4382136578526676 2.648606078423274 91.6
    endloop
  endfacet
  facet normal 0.5469481581224266 -0.8371664782625288 0
    outer loop
      vertex -2.1320469095939276 2.9007543803795217 89.6
      vertex -1.8 3.117691453623979 91.6
      vertex -2.1320469095939276 2.9007543803795217 91.6
    endloop
  endfacet
  facet normal 0.4515333583108896 -0.8922542386183939 0
    outer loop
      vertex -1.8 3.117691453623979 89.6
      vertex -1.4461035287506903 3.2967839759582067 91.6
      vertex -1.8 3.117691453623979 91.6
    endloop
  endfacet
  facet normal 0.35063755519275513 -0.9365112411970545 0
    outer loop
      vertex -1.4461035287506903 3.2967839759582067 89.6
      vertex -1.0746533196061 3.435858006766227 91.6
      vertex -1.4461035287506903 3.2967839759582067 91.6
    endloop
  endfacet
  facet normal 0.24548548714079832 -0.9694002659393306 0
    outer loop
      vertex -1.0746533196061 3.435858006766227 89.6
      vertex -0.6901582749254584 3.5332253757087044 91.6
      vertex -1.0746533196061 3.435858006766227 91.6
    endloop
  endfacet
  facet normal 0.1373535578184089 -0.9905220846375032 0
    outer loop
      vertex -0.6901582749254584 3.5332253757087044 89.6
      vertex -0.29728564370039684 3.5877041748240117 91.6
      vertex -0.6901582749254584 3.5332253757087044 91.6
    endloop
  endfacet
  facet normal 0.027554342368161844 -0.9996203070249514 0
    outer loop
      vertex -0.29728564370039684 3.5877041748240117 89.6
      vertex 0.09919563252538333 3.5986331052898253 91.6
      vertex -0.29728564370039684 3.5877041748240117 91.6
    endloop
  endfacet
  facet normal -0.0825793454723327 0.9965844930066698 0
    outer loop
      vertex 0.09919563252538244 -3.5986331052898253 89.6
      vertex 0.09919563252538244 -3.5986331052898253 91.6
      vertex 0.4944728081462693 -3.565879504695012 89.6
    endloop
  endfacet
  facet normal -0.19171063192373788 0.981451493252418 0
    outer loop
      vertex 0.4944728081462693 -3.565879504695012 89.6
      vertex 0.4944728081462693 -3.565879504695012 91.6
      vertex 0.8837477537068774 -3.4898409573815896 89.6
    endloop
  endfacet
  facet normal -0.2985148110016943 0.9544050018795074 0
    outer loop
      vertex 0.8837477537068774 -3.4898409573815896 89.6
      vertex 0.8837477537068774 -3.4898409573815896 91.6
      vertex 1.2622951986939168 -3.3714404683093973 89.6
    endloop
  endfacet
  facet normal -0.4016954246529709 0.9157733266550568 0
    outer loop
      vertex 1.2622951986939168 -3.3714404683093973 89.6
      vertex 1.2622951986939168 -3.3714404683093973 91.6
      vertex 1.625520089919203 -3.2121152590262176 89.6
    endloop
  endfacet
  facet normal -0.4999999999999998 0.8660254037844387 0
    outer loop
      vertex 1.625520089919203 -3.2121152590262176 89.6
      vertex 1.625520089919203 -3.2121152590262176 91.6
      vertex 1.9690133692407357 -3.0137993217451036 89.6
    endloop
  endfacet
  facet normal -0.5922352526649793 0.8057651056609787 0
    outer loop
      vertex 1.9690133692407357 -3.0137993217451036 89.6
      vertex 1.9690133692407357 -3.0137993217451036 91.6
      vertex 2.288605493555884 -2.778899943298756 89.6
    endloop
  endfacet
  facet normal -0.677281571625741 0.7357239106731317 0
    outer loop
      vertex 2.288605493555884 -2.778899943298756 89.6
      vertex 2.288605493555884 -2.778899943298756 91.6
      vertex 2.5804170474064243 -2.510268483938384 89.6
    endloop
  endfacet
  facet normal -0.7541066097768966 0.6567520240477341 0
    outer loop
      vertex 2.5804170474064243 -2.510268483938384 89.6
      vertex 2.5804170474064243 -2.510268483938384 91.6
      vertex 2.840905833827017 -2.211165765682804 89.6
    endloop
  endfacet
  facet normal -0.8217778152252452 0.5698080575102661 0
    outer loop
      vertex 2.840905833827017 -2.211165765682804 89.6
      vertex 2.840905833827017 -2.211165765682804 91.6
      vertex 3.0669098718179777 -1.88522249035636 89.6
    endloop
  endfacet
  facet normal -0.8794737512064892 0.4759473930370735 0
    outer loop
      vertex 3.0669098718179777 -1.88522249035636 89.6
      vertex 3.0669098718179777 -1.88522249035636 91.6
      vertex 3.2556857785112796 -1.536395167787052 89.6
    endloop
  endfacet
  facet normal -0.9264940672148015 0.37630937194783604 0
    outer loop
      vertex 3.2556857785112796 -1.536395167787052 89.6
      vertex 3.2556857785112796 -1.536395167787052 91.6
      vertex 3.4049420701222846 -1.1689180891368622 89.6
    endloop
  endfacet
  facet normal -0.9622680003092505 0.27210346484533465 0
    outer loop
      vertex 3.4049420701222846 -1.1689180891368622 89.6
      vertex 3.4049420701222846 -1.1689180891368622 91.6
      vertex 3.512866977458768 -0.787251928342954 89.6
    endloop
  endfacet
  facet normal -0.9863613034027222 0.1645945902807348 0
    outer loop
      vertex 3.512866977458768 -0.787251928342954 89.6
      vertex 3.512866977458768 -0.787251928342954 91.6
      vertex 3.5781504383446183 -0.396029595578686 89.6
    endloop
  endfacet
  facet normal -0.9984815164333163 0.0550877603558651 0
    outer loop
      vertex 3.5781504383446183 -0.396029595578686 89.6
      vertex 3.5781504383446183 -0.396029595578686 91.6
      vertex 3.6 0 89.6
    endloop
  endfacet
  facet normal -0.0825793454723327 0.9965844930066698 0
    outer loop
      vertex 0.4944728081462693 -3.565879504695012 89.6
      vertex 0.09919563252538244 -3.5986331052898253 91.6
      vertex 0.4944728081462693 -3.565879504695012 91.6
    endloop
  endfacet
  facet normal -0.19171063192373788 0.981451493252418 0
    outer loop
      vertex 0.8837477537068774 -3.4898409573815896 89.6
      vertex 0.4944728081462693 -3.565879504695012 91.6
      vertex 0.8837477537068774 -3.4898409573815896 91.6
    endloop
  endfacet
  facet normal -0.2985148110016943 0.9544050018795074 0
    outer loop
      vertex 1.2622951986939168 -3.3714404683093973 89.6
      vertex 0.8837477537068774 -3.4898409573815896 91.6
      vertex 1.2622951986939168 -3.3714404683093973 91.6
    endloop
  endfacet
  facet normal -0.4016954246529709 0.9157733266550568 0
    outer loop
      vertex 1.625520089919203 -3.2121152590262176 89.6
      vertex 1.2622951986939168 -3.3714404683093973 91.6
      vertex 1.625520089919203 -3.2121152590262176 91.6
    endloop
  endfacet
  facet normal -0.4999999999999998 0.8660254037844387 0
    outer loop
      vertex 1.9690133692407357 -3.0137993217451036 89.6
      vertex 1.625520089919203 -3.2121152590262176 91.6
      vertex 1.9690133692407357 -3.0137993217451036 91.6
    endloop
  endfacet
  facet normal -0.5922352526649793 0.8057651056609787 0
    outer loop
      vertex 2.288605493555884 -2.778899943298756 89.6
      vertex 1.9690133692407357 -3.0137993217451036 91.6
      vertex 2.288605493555884 -2.778899943298756 91.6
    endloop
  endfacet
  facet normal -0.677281571625741 0.7357239106731317 0
    outer loop
      vertex 2.5804170474064243 -2.510268483938384 89.6
      vertex 2.288605493555884 -2.778899943298756 91.6
      vertex 2.5804170474064243 -2.510268483938384 91.6
    endloop
  endfacet
  facet normal -0.7541066097768966 0.6567520240477341 0
    outer loop
      vertex 2.840905833827017 -2.211165765682804 89.6
      vertex 2.5804170474064243 -2.510268483938384 91.6
      vertex 2.840905833827017 -2.211165765682804 91.6
    endloop
  endfacet
  facet normal -0.8217778152252452 0.5698080575102661 0
    outer loop
      vertex 3.0669098718179777 -1.88522249035636 89.6
      vertex 2.840905833827017 -2.211165765682804 91.6
      vertex 3.0669098718179777 -1.88522249035636 91.6
    endloop
  endfacet
  facet normal -0.8794737512064892 0.4759473930370735 0
    outer loop
      vertex 3.2556857785112796 -1.536395167787052 89.6
      vertex 3.0669098718179777 -1.88522249035636 91.6
      vertex 3.2556857785112796 -1.536395167787052 91.6
    endloop
  endfacet
  facet normal -0.9264940672148015 0.37630937194783604 0
    outer loop
      vertex 3.4049420701222846 -1.1689180891368622 89.6
      vertex 3.2556857785112796 -1.536395167787052 91.6
      vertex 3.4049420701222846 -1.1689180891368622 91.6
    endloop
  endfacet
  facet normal -0.9622680003092505 0.27210346484533465 0
    outer loop
      vertex 3.512866977458768 -0.787251928342954 89.6
      vertex 3.4049420701222846 -1.1689180891368622 91.6
      vertex 3.512866977458768 -0.787251928342954 91.6
    endloop
  endfacet
  facet normal -0.9863613034027222 0.1645945902807348 0
    outer loop
      vertex 3.5781504383446183 -0.396029595578686 89.6
      vertex 3.512866977458768 -0.787251928342954 91.6
      vertex 3.5781504383446183 -0.396029595578686 91.6
    endloop
  endfacet
  facet normal -0.9984815164333163 0.0550877603558651 2.1670457889228192e-19
    outer loop
      vertex 3.5781504383446183 -0.396029595578686 91.6
      vertex 3.6 0 91.6
      vertex 3.6 0 89.6
    endloop
  endfacet
  facet normal -0.9984815164333163 -0.05508776035586518 0
    outer loop
      vertex 3.6 0 89.6
      vertex 3.6 0 91.6
      vertex 3.5781504383446183 0.39602959557868544 89.6
    endloop
  endfacet
  facet normal -0.9863613034027223 -0.16459459028073395 0
    outer loop
      vertex 3.5781504383446183 0.39602959557868544 89.6
      vertex 3.5781504383446183 0.39602959557868544 91.6
      vertex 3.5128669774587684 0.7872519283429529 89.6
    endloop
  endfacet
  facet normal -0.9622680003092501 -0.2721034648453361 0
    outer loop
      vertex 3.5128669774587684 0.7872519283429529 89.6
      vertex 3.5128669774587684 0.7872519283429529 91.6
      vertex 3.4049420701222846 1.1689180891368605 89.6
    endloop
  endfacet
  facet normal -0.9264940672148022 -0.3763093719478345 0
    outer loop
      vertex 3.4049420701222846 1.1689180891368605 89.6
      vertex 3.4049420701222846 1.1689180891368605 91.6
      vertex 3.255685778511279 1.536395167787053 89.6
    endloop
  endfacet
  facet normal -0.8794737512064892 -0.4759473930370733 0
    outer loop
      vertex 3.255685778511279 1.536395167787053 89.6
      vertex 3.255685778511279 1.536395167787053 91.6
      vertex 3.0669098718179777 1.8852224903563604 89.6
    endloop
  endfacet
  facet normal -0.8217778152252448 -0.5698080575102666 0
    outer loop
      vertex 3.0669098718179777 1.8852224903563604 89.6
      vertex 3.0669098718179777 1.8852224903563604 91.6
      vertex 2.840905833827017 2.211165765682804 89.6
    endloop
  endfacet
  facet normal -0.7541066097768966 -0.656752024047734 0
    outer loop
      vertex 2.840905833827017 2.211165765682804 89.6
      vertex 2.840905833827017 2.211165765682804 91.6
      vertex 2.5804170474064247 2.5102684839383835 89.6
    endloop
  endfacet
  facet normal -0.29851481100169514 -0.9544050018795072 3.647275249319877e-18
    outer loop
      vertex 0.8837477537068774 3.4898409573815896 89.6
      vertex 1.2622951986939157 3.3714404683093973 89.6
      vertex 1.2622951986939157 3.3714404683093973 91.6
    endloop
  endfacet
  facet normal -0.677281571625741 -0.7357239106731318 1.3003446865540673e-18
    outer loop
      vertex 2.288605493555885 2.778899943298755 89.6
      vertex 2.5804170474064247 2.5102684839383835 89.6
      vertex 2.5804170474064247 2.5102684839383835 91.6
    endloop
  endfacet
  facet normal -0.5922352526649793 -0.8057651056609787 0
    outer loop
      vertex 2.288605493555885 2.778899943298755 89.6
      vertex 2.288605493555885 2.778899943298755 91.6
      vertex 1.9690133692407366 3.0137993217451027 89.6
    endloop
  endfacet
  facet normal -0.500000000000001 -0.866025403784438 -5.921803547587907e-18
    outer loop
      vertex 1.625520089919202 3.2121152590262185 89.6
      vertex 1.9690133692407366 3.0137993217451027 89.6
      vertex 1.9690133692407366 3.0137993217451027 91.6
    endloop
  endfacet
  facet normal -0.40169542465296904 -0.9157733266550576 3.2706136344435585e-18
    outer loop
      vertex 1.2622951986939157 3.3714404683093973 89.6
      vertex 1.625520089919202 3.2121152590262185 89.6
      vertex 1.625520089919202 3.2121152590262185 91.6
    endloop
  endfacet
  facet normal -0.08257934547233288 -0.9965844930066697 2.1593215543899096e-19
    outer loop
      vertex 0.09919563252538333 3.5986331052898253 89.6
      vertex 0.4944728081462693 3.565879504695012 89.6
      vertex 0.4944728081462693 3.565879504695012 91.6
    endloop
  endfacet
  facet normal -0.19171063192373788 -0.981451493252418 0
    outer loop
      vertex 0.8837477537068774 3.4898409573815896 89.6
      vertex 0.8837477537068774 3.4898409573815896 91.6
      vertex 0.4944728081462693 3.565879504695012 89.6
    endloop
  endfacet
  facet normal -0.9984815164333163 -0.05508776035586518 0
    outer loop
      vertex 3.5781504383446183 0.39602959557868544 89.6
      vertex 3.6 0 91.6
      vertex 3.5781504383446183 0.39602959557868544 91.6
    endloop
  endfacet
  facet normal -0.9863613034027223 -0.16459459028073395 0
    outer loop
      vertex 3.5128669774587684 0.7872519283429529 89.6
      vertex 3.5781504383446183 0.39602959557868544 91.6
      vertex 3.5128669774587684 0.7872519283429529 91.6
    endloop
  endfacet
  facet normal -0.9622680003092501 -0.2721034648453361 0
    outer loop
      vertex 3.4049420701222846 1.1689180891368605 89.6
      vertex 3.5128669774587684 0.7872519283429529 91.6
      vertex 3.4049420701222846 1.1689180891368605 91.6
    endloop
  endfacet
  facet normal -0.9264940672148022 -0.3763093719478345 0
    outer loop
      vertex 3.255685778511279 1.536395167787053 89.6
      vertex 3.4049420701222846 1.1689180891368605 91.6
      vertex 3.255685778511279 1.536395167787053 91.6
    endloop
  endfacet
  facet normal -0.8794737512064892 -0.4759473930370733 0
    outer loop
      vertex 3.0669098718179777 1.8852224903563604 89.6
      vertex 3.255685778511279 1.536395167787053 91.6
      vertex 3.0669098718179777 1.8852224903563604 91.6
    endloop
  endfacet
  facet normal -0.8217778152252448 -0.5698080575102666 0
    outer loop
      vertex 2.840905833827017 2.211165765682804 89.6
      vertex 3.0669098718179777 1.8852224903563604 91.6
      vertex 2.840905833827017 2.211165765682804 91.6
    endloop
  endfacet
  facet normal -0.29851481100169514 -0.9544050018795072 0
    outer loop
      vertex 0.8837477537068774 3.4898409573815896 89.6
      vertex 1.2622951986939157 3.3714404683093973 91.6
      vertex 0.8837477537068774 3.4898409573815896 91.6
    endloop
  endfacet
  facet normal -0.677281571625741 -0.7357239106731318 0
    outer loop
      vertex 2.288605493555885 2.778899943298755 89.6
      vertex 2.5804170474064247 2.5102684839383835 91.6
      vertex 2.288605493555885 2.778899943298755 91.6
    endloop
  endfacet
  facet normal -0.500000000000001 -0.866025403784438 0
    outer loop
      vertex 1.625520089919202 3.2121152590262185 89.6
      vertex 1.9690133692407366 3.0137993217451027 91.6
      vertex 1.625520089919202 3.2121152590262185 91.6
    endloop
  endfacet
  facet normal -0.40169542465296904 -0.9157733266550576 0
    outer loop
      vertex 1.2622951986939157 3.3714404683093973 89.6
      vertex 1.625520089919202 3.2121152590262185 91.6
      vertex 1.2622951986939157 3.3714404683093973 91.6
    endloop
  endfacet
  facet normal -0.5922352526649793 -0.8057651056609787 0
    outer loop
      vertex 1.9690133692407366 3.0137993217451027 89.6
      vertex 2.288605493555885 2.778899943298755 91.6
      vertex 1.9690133692407366 3.0137993217451027 91.6
    endloop
  endfacet
  facet normal -0.08257934547233288 -0.9965844930066697 0
    outer loop
      vertex 0.09919563252538333 3.5986331052898253 89.6
      vertex 0.4944728081462693 3.565879504695012 91.6
      vertex 0.09919563252538333 3.5986331052898253 91.6
    endloop
  endfacet
  facet normal -0.19171063192373788 -0.981451493252418 0
    outer loop
      vertex 0.4944728081462693 3.565879504695012 89.6
      vertex 0.8837477537068774 3.4898409573815896 91.6
      vertex 0.4944728081462693 3.565879504695012 91.6
    endloop
  endfacet
  facet normal -0.7541066097768966 -0.656752024047734 0
    outer loop
      vertex 2.5804170474064247 2.5102684839383835 89.6
      vertex 2.840905833827017 2.211165765682804 91.6
      vertex 2.5804170474064247 2.5102684839383835 91.6
    endloop
  endfacet
  facet normal 0.5469481581224284 0.8371664782625275 -4.2286833479052616e-19
    outer loop
      vertex 20.2 -3.117691453623979 89.6
      vertex 19.867953090406072 -2.900754380379521 89.6
      vertex 19.867953090406072 -2.900754380379521 91.6
    endloop
  endfacet
  facet normal 0.45153335831088975 0.8922542386183937 0
    outer loop
      vertex 20.2 -3.117691453623979 89.6
      vertex 20.2 -3.117691453623979 91.6
      vertex 20.55389647124931 -3.296783975958207 89.6
    endloop
  endfacet
  facet normal 0.6357237482099671 0.7719166509163217 0
    outer loop
      vertex 19.561786342147332 -2.648606078423274 89.6
      vertex 19.561786342147332 -2.648606078423274 91.6
      vertex 19.867953090406072 -2.900754380379521 89.6
    endloop
  endfacet
  facet normal 0.7167825131684517 0.697296801093995 3.04095467878269e-18
    outer loop
      vertex 19.561786342147332 -2.648606078423274 89.6
      vertex 19.285216204803174 -2.3643072865718437 89.6
      vertex 19.285216204803174 -2.3643072865718437 91.6
    endloop
  endfacet
  facet normal 0.7891405093963925 0.6142127126896694 -7.755653232390415e-19
    outer loop
      vertex 19.285216204803174 -2.3643072865718437 89.6
      vertex 19.041599865189117 -2.051309007036958 89.6
      vertex 19.041599865189117 -2.051309007036958 91.6
    endloop
  endfacet
  facet normal 0.8519194088383283 0.5236729139878759 1.6621667573053203e-18
    outer loop
      vertex 19.041599865189117 -2.051309007036958 89.6
      vertex 18.83389449565664 -1.7134106149334654 89.6
      vertex 18.83389449565664 -1.7134106149334654 91.6
    endloop
  endfacet
  facet normal 0.9043571606975778 0.42677643549640304 2.1158011837865082e-18
    outer loop
      vertex 18.83389449565664 -1.7134106149334654 89.6
      vertex 18.664621358026714 -1.3547137390122077 89.6
      vertex 18.664621358026714 -1.3547137390122077 91.6
    endloop
  endfacet
  facet normal 0.9757963826274356 0.2186810912063758 0
    outer loop
      vertex 18.4490993077502 -0.5925405250106429 89.6
      vertex 18.4490993077502 -0.5925405250106429 91.6
      vertex 18.535835198886698 -0.9795724734432057 89.6
    endloop
  endfacet
  facet normal 0.9458172417006336 0.3246994692046866 4.042446260936442e-20
    outer loop
      vertex 18.664621358026714 -1.3547137390122077 89.6
      vertex 18.535835198886698 -0.9795724734432057 89.6
      vertex 18.535835198886698 -0.9795724734432057 91.6
    endloop
  endfacet
  facet normal 0.9939306773179499 0.11000822099407435 -9.510424070222634e-19
    outer loop
      vertex 18.4490993077502 -0.5925405250106429 89.6
      vertex 18.405466540840063 -0.19831593728111588 89.6
      vertex 18.405466540840063 -0.19831593728111588 91.6
    endloop
  endfacet
  facet normal 0.13735355781840947 0.9905220846375031 0
    outer loop
      vertex 21.309841725074545 -3.533225375708705 89.6
      vertex 21.309841725074545 -3.533225375708705 91.6
      vertex 21.7027143562996 -3.5877041748240117 89.6
    endloop
  endfacet
  facet normal 0.027554342368161757 0.9996203070249515 0
    outer loop
      vertex 21.7027143562996 -3.5877041748240117 89.6
      vertex 21.7027143562996 -3.5877041748240117 91.6
      vertex 22.099195632525383 -3.5986331052898253 89.6
    endloop
  endfacet
  facet normal -0.08257934547233271 0.9965844930066698 0
    outer loop
      vertex 22.099195632525383 -3.5986331052898253 89.6
      vertex 22.099195632525383 -3.5986331052898253 91.6
      vertex 22.49447280814627 -3.565879504695012 89.6
    endloop
  endfacet
  facet normal -0.19171063192373794 0.9814514932524179 0
    outer loop
      vertex 22.49447280814627 -3.565879504695012 89.6
      vertex 22.49447280814627 -3.565879504695012 91.6
      vertex 22.883747753706878 -3.4898409573815896 89.6
    endloop
  endfacet
  facet normal 0.35063755519275264 0.9365112411970554 0
    outer loop
      vertex 20.55389647124931 -3.296783975958207 89.6
      vertex 20.55389647124931 -3.296783975958207 91.6
      vertex 20.9253466803939 -3.4358580067662268 89.6
    endloop
  endfacet
  facet normal 0.24548548714079882 0.9694002659393304 -3.91090526802959e-18
    outer loop
      vertex 21.309841725074545 -3.533225375708705 89.6
      vertex 20.9253466803939 -3.4358580067662268 89.6
      vertex 20.9253466803939 -3.4358580067662268 91.6
    endloop
  endfacet
  facet normal -0.29851481100169497 0.9544050018795072 0
    outer loop
      vertex 22.883747753706878 -3.4898409573815896 89.6
      vertex 22.883747753706878 -3.4898409573815896 91.6
      vertex 23.262295198693916 -3.3714404683093973 89.6
    endloop
  endfacet
  facet normal -0.4016954246529709 0.9157733266550568 0
    outer loop
      vertex 23.262295198693916 -3.3714404683093973 89.6
      vertex 23.262295198693916 -3.3714404683093973 91.6
      vertex 23.625520089919203 -3.2121152590262176 89.6
    endloop
  endfacet
  facet normal -0.5000000000000008 0.8660254037844382 0
    outer loop
      vertex 23.625520089919203 -3.2121152590262176 89.6
      vertex 23.625520089919203 -3.2121152590262176 91.6
      vertex 23.969013369240734 -3.0137993217451036 89.6
    endloop
  endfacet
  facet normal -0.5922352526649772 0.8057651056609803 0
    outer loop
      vertex 23.969013369240734 -3.0137993217451036 89.6
      vertex 23.969013369240734 -3.0137993217451036 91.6
      vertex 24.288605493555885 -2.778899943298756 89.6
    endloop
  endfacet
  facet normal -0.6772815716257417 0.7357239106731314 0
    outer loop
      vertex 24.288605493555885 -2.778899943298756 89.6
      vertex 24.288605493555885 -2.778899943298756 91.6
      vertex 24.580417047406424 -2.510268483938384 89.6
    endloop
  endfacet
  facet normal -0.7541066097768983 0.6567520240477323 0
    outer loop
      vertex 24.580417047406424 -2.510268483938384 89.6
      vertex 24.580417047406424 -2.510268483938384 91.6
      vertex 24.840905833827016 -2.211165765682804 89.6
    endloop
  endfacet
  facet normal -0.8217778152252447 0.5698080575102669 0
    outer loop
      vertex 24.840905833827016 -2.211165765682804 89.6
      vertex 24.840905833827016 -2.211165765682804 91.6
      vertex 25.066909871817977 -1.88522249035636 89.6
    endloop
  endfacet
  facet normal -0.8794737512064895 0.47594739303707256 0
    outer loop
      vertex 25.066909871817977 -1.88522249035636 89.6
      vertex 25.066909871817977 -1.88522249035636 91.6
      vertex 25.25568577851128 -1.536395167787052 89.6
    endloop
  endfacet
  facet normal -0.9264940672148 0.37630937194783987 0
    outer loop
      vertex 25.25568577851128 -1.536395167787052 89.6
      vertex 25.25568577851128 -1.536395167787052 91.6
      vertex 25.404942070122285 -1.1689180891368622 89.6
    endloop
  endfacet
  facet normal -0.9622680003092515 0.27210346484533154 0
    outer loop
      vertex 25.404942070122285 -1.1689180891368622 89.6
      vertex 25.404942070122285 -1.1689180891368622 91.6
      vertex 25.512866977458767 -0.787251928342954 89.6
    endloop
  endfacet
  facet normal -0.9863613034027218 0.164594590280737 0
    outer loop
      vertex 25.512866977458767 -0.787251928342954 89.6
      vertex 25.512866977458767 -0.787251928342954 91.6
      vertex 25.57815043834462 -0.396029595578686 89.6
    endloop
  endfacet
  facet normal -0.9984815164333161 0.055087760355868445 0
    outer loop
      vertex 25.57815043834462 -0.396029595578686 89.6
      vertex 25.57815043834462 -0.396029595578686 91.6
      vertex 25.6 0 89.6
    endloop
  endfacet
  facet normal 0.5469481581224284 0.8371664782625275 0
    outer loop
      vertex 20.2 -3.117691453623979 89.6
      vertex 19.867953090406072 -2.900754380379521 91.6
      vertex 20.2 -3.117691453623979 91.6
    endloop
  endfacet
  facet normal 0.6357237482099671 0.7719166509163217 0
    outer loop
      vertex 19.867953090406072 -2.900754380379521 89.6
      vertex 19.561786342147332 -2.648606078423274 91.6
      vertex 19.867953090406072 -2.900754380379521 91.6
    endloop
  endfacet
  facet normal 0.7167825131684517 0.697296801093995 0
    outer loop
      vertex 19.561786342147332 -2.648606078423274 89.6
      vertex 19.285216204803174 -2.3643072865718437 91.6
      vertex 19.561786342147332 -2.648606078423274 91.6
    endloop
  endfacet
  facet normal 0.8519194088383283 0.5236729139878759 0
    outer loop
      vertex 19.041599865189117 -2.051309007036958 89.6
      vertex 18.83389449565664 -1.7134106149334654 91.6
      vertex 19.041599865189117 -2.051309007036958 91.6
    endloop
  endfacet
  facet normal 0.9043571606975778 0.42677643549640304 0
    outer loop
      vertex 18.83389449565664 -1.7134106149334654 89.6
      vertex 18.664621358026714 -1.3547137390122077 91.6
      vertex 18.83389449565664 -1.7134106149334654 91.6
    endloop
  endfacet
  facet normal 0.9458172417006336 0.3246994692046866 0
    outer loop
      vertex 18.664621358026714 -1.3547137390122077 89.6
      vertex 18.535835198886698 -0.9795724734432057 91.6
      vertex 18.664621358026714 -1.3547137390122077 91.6
    endloop
  endfacet
  facet normal 0.7891405093963925 0.6142127126896694 0
    outer loop
      vertex 19.285216204803174 -2.3643072865718437 89.6
      vertex 19.041599865189117 -2.051309007036958 91.6
      vertex 19.285216204803174 -2.3643072865718437 91.6
    endloop
  endfacet
  facet normal 0.9757963826274356 0.2186810912063758 0
    outer loop
      vertex 18.535835198886698 -0.9795724734432057 89.6
      vertex 18.4490993077502 -0.5925405250106429 91.6
      vertex 18.535835198886698 -0.9795724734432057 91.6
    endloop
  endfacet
  facet normal 0.9939306773179499 0.11000822099407435 0
    outer loop
      vertex 18.4490993077502 -0.5925405250106429 89.6
      vertex 18.405466540840063 -0.19831593728111588 91.6
      vertex 18.4490993077502 -0.5925405250106429 91.6
    endloop
  endfacet
  facet normal 1 0 0
    outer loop
      vertex 18.405466540840063 -0.19831593728111588 89.6
      vertex 18.405466540840063 0.19831593728111588 91.6
      vertex 18.405466540840063 -0.19831593728111588 91.6
    endloop
  endfacet
  facet normal 0.13735355781840947 0.9905220846375031 0
    outer loop
      vertex 21.7027143562996 -3.5877041748240117 89.6
      vertex 21.309841725074545 -3.533225375708705 91.6
      vertex 21.7027143562996 -3.5877041748240117 91.6
    endloop
  endfacet
  facet normal 0.027554342368161757 0.9996203070249515 0
    outer loop
      vertex 22.099195632525383 -3.5986331052898253 89.6
      vertex 21.7027143562996 -3.5877041748240117 91.6
      vertex 22.099195632525383 -3.5986331052898253 91.6
    endloop
  endfacet
  facet normal -0.08257934547233271 0.9965844930066698 0
    outer loop
      vertex 22.49447280814627 -3.565879504695012 89.6
      vertex 22.099195632525383 -3.5986331052898253 91.6
      vertex 22.49447280814627 -3.565879504695012 91.6
    endloop
  endfacet
  facet normal -0.19171063192373794 0.9814514932524179 0
    outer loop
      vertex 22.883747753706878 -3.4898409573815896 89.6
      vertex 22.49447280814627 -3.565879504695012 91.6
      vertex 22.883747753706878 -3.4898409573815896 91.6
    endloop
  endfacet
  facet normal 0.45153335831088975 0.8922542386183937 0
    outer loop
      vertex 20.55389647124931 -3.296783975958207 89.6
      vertex 20.2 -3.117691453623979 91.6
      vertex 20.55389647124931 -3.296783975958207 91.6
    endloop
  endfacet
  facet normal 0.35063755519275264 0.9365112411970554 0
    outer loop
      vertex 20.9253466803939 -3.4358580067662268 89.6
      vertex 20.55389647124931 -3.296783975958207 91.6
      vertex 20.9253466803939 -3.4358580067662268 91.6
    endloop
  endfacet
  facet normal 0.24548548714079882 0.9694002659393304 0
    outer loop
      vertex 21.309841725074545 -3.533225375708705 89.6
      vertex 20.9253466803939 -3.4358580067662268 91.6
      vertex 21.309841725074545 -3.533225375708705 91.6
    endloop
  endfacet
  facet normal -0.29851481100169497 0.9544050018795072 0
    outer loop
      vertex 23.262295198693916 -3.3714404683093973 89.6
      vertex 22.883747753706878 -3.4898409573815896 91.6
      vertex 23.262295198693916 -3.3714404683093973 91.6
    endloop
  endfacet
  facet normal -0.4016954246529709 0.9157733266550568 0
    outer loop
      vertex 23.625520089919203 -3.2121152590262176 89.6
      vertex 23.262295198693916 -3.3714404683093973 91.6
      vertex 23.625520089919203 -3.2121152590262176 91.6
    endloop
  endfacet
  facet normal -0.5000000000000008 0.8660254037844382 0
    outer loop
      vertex 23.969013369240734 -3.0137993217451036 89.6
      vertex 23.625520089919203 -3.2121152590262176 91.6
      vertex 23.969013369240734 -3.0137993217451036 91.6
    endloop
  endfacet
  facet normal -0.5922352526649772 0.8057651056609803 0
    outer loop
      vertex 24.288605493555885 -2.778899943298756 89.6
      vertex 23.969013369240734 -3.0137993217451036 91.6
      vertex 24.288605493555885 -2.778899943298756 91.6
    endloop
  endfacet
  facet normal -0.6772815716257417 0.7357239106731314 0
    outer loop
      vertex 24.580417047406424 -2.510268483938384 89.6
      vertex 24.288605493555885 -2.778899943298756 91.6
      vertex 24.580417047406424 -2.510268483938384 91.6
    endloop
  endfacet
  facet normal -0.7541066097768983 0.6567520240477323 0
    outer loop
      vertex 24.840905833827016 -2.211165765682804 89.6
      vertex 24.580417047406424 -2.510268483938384 91.6
      vertex 24.840905833827016 -2.211165765682804 91.6
    endloop
  endfacet
  facet normal -0.8217778152252447 0.5698080575102669 0
    outer loop
      vertex 25.066909871817977 -1.88522249035636 89.6
      vertex 24.840905833827016 -2.211165765682804 91.6
      vertex 25.066909871817977 -1.88522249035636 91.6
    endloop
  endfacet
  facet normal -0.8794737512064895 0.47594739303707256 0
    outer loop
      vertex 25.25568577851128 -1.536395167787052 89.6
      vertex 25.066909871817977 -1.88522249035636 91.6
      vertex 25.25568577851128 -1.536395167787052 91.6
    endloop
  endfacet
  facet normal -0.9264940672148 0.37630937194783987 0
    outer loop
      vertex 25.404942070122285 -1.1689180891368622 89.6
      vertex 25.25568577851128 -1.536395167787052 91.6
      vertex 25.404942070122285 -1.1689180891368622 91.6
    endloop
  endfacet
  facet normal -0.9622680003092515 0.27210346484533154 0
    outer loop
      vertex 25.512866977458767 -0.787251928342954 89.6
      vertex 25.404942070122285 -1.1689180891368622 91.6
      vertex 25.512866977458767 -0.787251928342954 91.6
    endloop
  endfacet
  facet normal -0.9863613034027218 0.164594590280737 0
    outer loop
      vertex 25.57815043834462 -0.396029595578686 89.6
      vertex 25.512866977458767 -0.787251928342954 91.6
      vertex 25.57815043834462 -0.396029595578686 91.6
    endloop
  endfacet
  facet normal -0.9984815164333161 0.055087760355868445 5.463223594536488e-19
    outer loop
      vertex 25.57815043834462 -0.396029595578686 91.6
      vertex 25.6 0 91.6
      vertex 25.6 0 89.6
    endloop
  endfacet
  facet normal 1 0 0
    outer loop
      vertex 18.405466540840063 -0.19831593728111588 89.6
      vertex 18.405466540840063 0.19831593728111588 89.6
      vertex 18.405466540840063 0.19831593728111588 91.6
    endloop
  endfacet
  facet normal 0.9939306773179499 -0.11000822099407435 9.510424070222634e-19
    outer loop
      vertex 18.405466540840063 0.19831593728111588 89.6
      vertex 18.4490993077502 0.5925405250106429 89.6
      vertex 18.4490993077502 0.5925405250106429 91.6
    endloop
  endfacet
  facet normal 0.9757963826274356 -0.2186810912063758 -4.0952628063068674e-19
    outer loop
      vertex 18.4490993077502 0.5925405250106429 89.6
      vertex 18.535835198886698 0.9795724734432057 89.6
      vertex 18.535835198886698 0.9795724734432057 91.6
    endloop
  endfacet
  facet normal 0.9458172417006336 -0.3246994692046866 -4.042446260936442e-20
    outer loop
      vertex 18.535835198886698 0.9795724734432057 89.6
      vertex 18.664621358026714 1.3547137390122077 89.6
      vertex 18.664621358026714 1.3547137390122077 91.6
    endloop
  endfacet
  facet normal 0.9043571606975778 -0.42677643549640304 -2.1158011837865082e-18
    outer loop
      vertex 18.664621358026714 1.3547137390122077 89.6
      vertex 18.83389449565664 1.7134106149334654 89.6
      vertex 18.83389449565664 1.7134106149334654 91.6
    endloop
  endfacet
  facet normal 0.8519194088383283 -0.5236729139878759 -1.6621667573053203e-18
    outer loop
      vertex 18.83389449565664 1.7134106149334654 89.6
      vertex 19.041599865189117 2.051309007036958 89.6
      vertex 19.041599865189117 2.051309007036958 91.6
    endloop
  endfacet
  facet normal 0.7891405093963925 -0.6142127126896694 7.755653232390415e-19
    outer loop
      vertex 19.041599865189117 2.051309007036958 89.6
      vertex 19.285216204803174 2.3643072865718437 89.6
      vertex 19.285216204803174 2.3643072865718437 91.6
    endloop
  endfacet
  facet normal 0.7167825131684517 -0.697296801093995 -3.04095467878269e-18
    outer loop
      vertex 19.285216204803174 2.3643072865718437 89.6
      vertex 19.561786342147332 2.648606078423274 89.6
      vertex 19.561786342147332 2.648606078423274 91.6
    endloop
  endfacet
  facet normal 0.6357237482099685 -0.7719166509163206 -4.7090981836358664e-18
    outer loop
      vertex 19.561786342147332 2.648606078423274 89.6
      vertex 19.867953090406072 2.9007543803795217 89.6
      vertex 19.867953090406072 2.9007543803795217 91.6
    endloop
  endfacet
  facet normal 0.5469481581224269 -0.8371664782625285 -3.968301019898627e-18
    outer loop
      vertex 19.867953090406072 2.9007543803795217 89.6
      vertex 20.2 3.117691453623979 89.6
      vertex 20.2 3.117691453623979 91.6
    endloop
  endfacet
  facet normal -0.9622680003092513 -0.272103464845332 0
    outer loop
      vertex 25.512866977458767 0.7872519283429529 89.6
      vertex 25.512866977458767 0.7872519283429529 91.6
      vertex 25.404942070122285 1.1689180891368605 89.6
    endloop
  endfacet
  facet normal -0.9264940672148011 -0.37630937194783737 0
    outer loop
      vertex 25.404942070122285 1.1689180891368605 89.6
      vertex 25.404942070122285 1.1689180891368605 91.6
      vertex 25.25568577851128 1.536395167787053 89.6
    endloop
  endfacet
  facet normal -0.8794737512064892 -0.4759473930370733 0
    outer loop
      vertex 25.25568577851128 1.536395167787053 89.6
      vertex 25.25568577851128 1.536395167787053 91.6
      vertex 25.066909871817977 1.8852224903563604 89.6
    endloop
  endfacet
  facet normal -0.7541066097768976 -0.6567520240477327 0
    outer loop
      vertex 24.840905833827016 2.211165765682804 89.6
      vertex 24.840905833827016 2.211165765682804 91.6
      vertex 24.580417047406424 2.5102684839383835 89.6
    endloop
  endfacet
  facet normal -0.8217778152252443 -0.5698080575102673 5.949272977435886e-18
    outer loop
      vertex 24.840905833827016 2.211165765682804 89.6
      vertex 25.066909871817977 1.8852224903563604 89.6
      vertex 25.066909871817977 1.8852224903563604 91.6
    endloop
  endfacet
  facet normal 0.45153335831088887 -0.8922542386183943 -8.22145803741177e-18
    outer loop
      vertex 20.2 3.117691453623979 89.6
      vertex 20.55389647124931 3.2967839759582067 89.6
      vertex 20.55389647124931 3.2967839759582067 91.6
    endloop
  endfacet
  facet normal 0.3506375551927546 -0.9365112411970546 4.413871059747567e-19
    outer loop
      vertex 20.55389647124931 3.2967839759582067 89.6
      vertex 20.9253466803939 3.435858006766227 89.6
      vertex 20.9253466803939 3.435858006766227 91.6
    endloop
  endfacet
  facet normal 0.24548548714079887 -0.9694002659393306 3.3208263800952885e-18
    outer loop
      vertex 20.9253466803939 3.435858006766227 89.6
      vertex 21.30984172507454 3.5332253757087044 89.6
      vertex 21.30984172507454 3.5332253757087044 91.6
    endloop
  endfacet
  facet normal 0.13735355781840933 -0.990522084637503 -1.4619108024333673e-18
    outer loop
      vertex 21.30984172507454 3.5332253757087044 89.6
      vertex 21.7027143562996 3.5877041748240117 89.6
      vertex 21.7027143562996 3.5877041748240117 91.6
    endloop
  endfacet
  facet normal 0.027554342368161757 -0.9996203070249515 2.7103629488126424e-19
    outer loop
      vertex 21.7027143562996 3.5877041748240117 89.6
      vertex 22.099195632525383 3.5986331052898253 89.6
      vertex 22.099195632525383 3.5986331052898253 91.6
    endloop
  endfacet
  facet normal -0.08257934547233271 -0.9965844930066698 8.244617603252601e-19
    outer loop
      vertex 22.099195632525383 3.5986331052898253 89.6
      vertex 22.49447280814627 3.565879504695012 89.6
      vertex 22.49447280814627 3.565879504695012 91.6
    endloop
  endfacet
  facet normal -0.19171063192373794 -0.9814514932524179 0
    outer loop
      vertex 22.883747753706878 3.4898409573815896 89.6
      vertex 22.883747753706878 3.4898409573815896 91.6
      vertex 22.49447280814627 3.565879504695012 89.6
    endloop
  endfacet
  facet normal -0.5922352526649814 -0.805765105660977 5.549047497343435e-19
    outer loop
      vertex 23.969013369240738 3.0137993217451027 89.6
      vertex 24.288605493555885 2.778899943298755 89.6
      vertex 24.288605493555885 2.778899943298755 91.6
    endloop
  endfacet
  facet normal -0.29851481100169497 -0.9544050018795072 -3.252709923688413e-18
    outer loop
      vertex 22.883747753706878 3.4898409573815896 89.6
      vertex 23.262295198693916 3.3714404683093973 89.6
      vertex 23.262295198693916 3.3714404683093973 91.6
    endloop
  endfacet
  facet normal -0.40169542465296904 -0.9157733266550576 3.2706136344435585e-18
    outer loop
      vertex 23.262295198693916 3.3714404683093973 89.6
      vertex 23.625520089919203 3.2121152590262185 89.6
      vertex 23.625520089919203 3.2121152590262185 91.6
    endloop
  endfacet
  facet normal -0.5000000000000003 -0.8660254037844385 0
    outer loop
      vertex 23.969013369240738 3.0137993217451027 89.6
      vertex 23.969013369240738 3.0137993217451027 91.6
      vertex 23.625520089919203 3.2121152590262185 89.6
    endloop
  endfacet
  facet normal -0.677281571625741 -0.7357239106731318 0
    outer loop
      vertex 24.580417047406424 2.5102684839383835 89.6
      vertex 24.580417047406424 2.5102684839383835 91.6
      vertex 24.288605493555885 2.778899943298755 89.6
    endloop
  endfacet
  facet normal -0.9984815164333161 -0.05508776035586852 0
    outer loop
      vertex 25.6 0 89.6
      vertex 25.6 0 91.6
      vertex 25.57815043834462 0.39602959557868544 89.6
    endloop
  endfacet
  facet normal -0.9863613034027218 -0.16459459028073722 1.043039187093591e-18
    outer loop
      vertex 25.512866977458767 0.7872519283429529 89.6
      vertex 25.57815043834462 0.39602959557868544 89.6
      vertex 25.57815043834462 0.39602959557868544 91.6
    endloop
  endfacet
  facet normal 0.9939306773179499 -0.11000822099407435 0
    outer loop
      vertex 18.405466540840063 0.19831593728111588 89.6
      vertex 18.4490993077502 0.5925405250106429 91.6
      vertex 18.405466540840063 0.19831593728111588 91.6
    endloop
  endfacet
  facet normal 0.9757963826274356 -0.2186810912063758 0
    outer loop
      vertex 18.4490993077502 0.5925405250106429 89.6
      vertex 18.535835198886698 0.9795724734432057 91.6
      vertex 18.4490993077502 0.5925405250106429 91.6
    endloop
  endfacet
  facet normal 0.9458172417006336 -0.3246994692046866 0
    outer loop
      vertex 18.535835198886698 0.9795724734432057 89.6
      vertex 18.664621358026714 1.3547137390122077 91.6
      vertex 18.535835198886698 0.9795724734432057 91.6
    endloop
  endfacet
  facet normal 0.9043571606975778 -0.42677643549640304 0
    outer loop
      vertex 18.664621358026714 1.3547137390122077 89.6
      vertex 18.83389449565664 1.7134106149334654 91.6
      vertex 18.664621358026714 1.3547137390122077 91.6
    endloop
  endfacet
  facet normal 0.8519194088383283 -0.5236729139878759 0
    outer loop
      vertex 18.83389449565664 1.7134106149334654 89.6
      vertex 19.041599865189117 2.051309007036958 91.6
      vertex 18.83389449565664 1.7134106149334654 91.6
    endloop
  endfacet
  facet normal 0.7891405093963925 -0.6142127126896694 0
    outer loop
      vertex 19.041599865189117 2.051309007036958 89.6
      vertex 19.285216204803174 2.3643072865718437 91.6
      vertex 19.041599865189117 2.051309007036958 91.6
    endloop
  endfacet
  facet normal 0.7167825131684517 -0.697296801093995 0
    outer loop
      vertex 19.285216204803174 2.3643072865718437 89.6
      vertex 19.561786342147332 2.648606078423274 91.6
      vertex 19.285216204803174 2.3643072865718437 91.6
    endloop
  endfacet
  facet normal 0.6357237482099685 -0.7719166509163206 0
    outer loop
      vertex 19.561786342147332 2.648606078423274 89.6
      vertex 19.867953090406072 2.9007543803795217 91.6
      vertex 19.561786342147332 2.648606078423274 91.6
    endloop
  endfacet
  facet normal 0.5469481581224269 -0.8371664782625285 0
    outer loop
      vertex 19.867953090406072 2.9007543803795217 89.6
      vertex 20.2 3.117691453623979 91.6
      vertex 19.867953090406072 2.9007543803795217 91.6
    endloop
  endfacet
  facet normal 0.45153335831088887 -0.8922542386183943 0
    outer loop
      vertex 20.2 3.117691453623979 89.6
      vertex 20.55389647124931 3.2967839759582067 91.6
      vertex 20.2 3.117691453623979 91.6
    endloop
  endfacet
  facet normal -0.9622680003092513 -0.272103464845332 0
    outer loop
      vertex 25.404942070122285 1.1689180891368605 89.6
      vertex 25.512866977458767 0.7872519283429529 91.6
      vertex 25.404942070122285 1.1689180891368605 91.6
    endloop
  endfacet
  facet normal -0.9264940672148011 -0.37630937194783737 0
    outer loop
      vertex 25.25568577851128 1.536395167787053 89.6
      vertex 25.404942070122285 1.1689180891368605 91.6
      vertex 25.25568577851128 1.536395167787053 91.6
    endloop
  endfacet
  facet normal -0.8794737512064892 -0.4759473930370733 0
    outer loop
      vertex 25.066909871817977 1.8852224903563604 89.6
      vertex 25.25568577851128 1.536395167787053 91.6
      vertex 25.066909871817977 1.8852224903563604 91.6
    endloop
  endfacet
  facet normal -0.8217778152252443 -0.5698080575102673 0
    outer loop
      vertex 24.840905833827016 2.211165765682804 89.6
      vertex 25.066909871817977 1.8852224903563604 91.6
      vertex 24.840905833827016 2.211165765682804 91.6
    endloop
  endfacet
  facet normal 0.3506375551927546 -0.9365112411970546 0
    outer loop
      vertex 20.55389647124931 3.2967839759582067 89.6
      vertex 20.9253466803939 3.435858006766227 91.6
      vertex 20.55389647124931 3.2967839759582067 91.6
    endloop
  endfacet
  facet normal 0.24548548714079887 -0.9694002659393306 0
    outer loop
      vertex 20.9253466803939 3.435858006766227 89.6
      vertex 21.30984172507454 3.5332253757087044 91.6
      vertex 20.9253466803939 3.435858006766227 91.6
    endloop
  endfacet
  facet normal 0.13735355781840933 -0.990522084637503 0
    outer loop
      vertex 21.30984172507454 3.5332253757087044 89.6
      vertex 21.7027143562996 3.5877041748240117 91.6
      vertex 21.30984172507454 3.5332253757087044 91.6
    endloop
  endfacet
  facet normal 0.027554342368161757 -0.9996203070249515 0
    outer loop
      vertex 21.7027143562996 3.5877041748240117 89.6
      vertex 22.099195632525383 3.5986331052898253 91.6
      vertex 21.7027143562996 3.5877041748240117 91.6
    endloop
  endfacet
  facet normal -0.08257934547233271 -0.9965844930066698 0
    outer loop
      vertex 22.099195632525383 3.5986331052898253 89.6
      vertex 22.49447280814627 3.565879504695012 91.6
      vertex 22.099195632525383 3.5986331052898253 91.6
    endloop
  endfacet
  facet normal -0.19171063192373794 -0.9814514932524179 0
    outer loop
      vertex 22.49447280814627 3.565879504695012 89.6
      vertex 22.883747753706878 3.4898409573815896 91.6
      vertex 22.49447280814627 3.565879504695012 91.6
    endloop
  endfacet
  facet normal -0.29851481100169497 -0.9544050018795072 0
    outer loop
      vertex 22.883747753706878 3.4898409573815896 89.6
      vertex 23.262295198693916 3.3714404683093973 91.6
      vertex 22.883747753706878 3.4898409573815896 91.6
    endloop
  endfacet
  facet normal -0.40169542465296904 -0.9157733266550576 0
    outer loop
      vertex 23.262295198693916 3.3714404683093973 89.6
      vertex 23.625520089919203 3.2121152590262185 91.6
      vertex 23.262295198693916 3.3714404683093973 91.6
    endloop
  endfacet
  facet normal -0.5000000000000003 -0.8660254037844385 0
    outer loop
      vertex 23.625520089919203 3.2121152590262185 89.6
      vertex 23.969013369240738 3.0137993217451027 91.6
      vertex 23.625520089919203 3.2121152590262185 91.6
    endloop
  endfacet
  facet normal -0.5922352526649814 -0.805765105660977 0
    outer loop
      vertex 23.969013369240738 3.0137993217451027 89.6
      vertex 24.288605493555885 2.778899943298755 91.6
      vertex 23.969013369240738 3.0137993217451027 91.6
    endloop
  endfacet
  facet normal -0.7541066097768976 -0.6567520240477327 0
    outer loop
      vertex 24.580417047406424 2.5102684839383835 89.6
      vertex 24.840905833827016 2.211165765682804 91.6
      vertex 24.580417047406424 2.5102684839383835 91.6
    endloop
  endfacet
  facet normal -0.677281571625741 -0.7357239106731318 0
    outer loop
      vertex 24.288605493555885 2.778899943298755 89.6
      vertex 24.580417047406424 2.5102684839383835 91.6
      vertex 24.288605493555885 2.778899943298755 91.6
    endloop
  endfacet
  facet normal -0.9984815164333161 -0.05508776035586852 0
    outer loop
      vertex 25.57815043834462 0.39602959557868544 89.6
      vertex 25.6 0 91.6
      vertex 25.57815043834462 0.39602959557868544 91.6
    endloop
  endfacet
  facet normal -0.9863613034027218 -0.16459459028073722 0
    outer loop
      vertex 25.512866977458767 0.7872519283429529 89.6
      vertex 25.57815043834462 0.39602959557868544 91.6
      vertex 25.512866977458767 0.7872519283429529 91.6
    endloop
  endfacet
  facet normal 0.42166513345018264 0.9067516281939834 0
    outer loop
      vertex -24.39229867689527 -4.673265136981333 88.6
      vertex -24.39229867689527 -4.673265136981333 89.6
      vertex -24.032014060311642 -4.84080766594747 88.6
    endloop
  endfacet
  facet normal 0.35188101513183123 0.9360447378142734 2.07641151941447e-18
    outer loop
      vertex -23.660090251208324 -4.980622486983236 88.6
      vertex -24.032014060311642 -4.84080766594747 88.6
      vertex -24.032014060311642 -4.84080766594747 89.6
    endloop
  endfacet
  facet normal 0.2800813542249073 0.9599762679439227 0
    outer loop
      vertex -23.660090251208324 -4.980622486983236 88.6
      vertex -23.660090251208324 -4.980622486983236 89.6
      vertex -23.278657595482706 -5.091908753455268 88.6
    endloop
  endfacet
  facet normal 0.20667741268495432 0.9784091409455725 0
    outer loop
      vertex -23.278657595482706 -5.091908753455268 88.6
      vertex -23.278657595482706 -5.091908753455268 89.6
      vertex -22.88990090484451 -5.1740290277072205 88.6
    endloop
  endfacet
  facet normal 0.1320896416417024 0.9912377749919373 0
    outer loop
      vertex -22.88990090484451 -5.1740290277072205 88.6
      vertex -22.88990090484451 -5.1740290277072205 89.6
      vertex -22.496046942412168 -5.226512932244934 88.6
    endloop
  endfacet
  facet normal 0.05674527309307498 0.9983886888289512 0
    outer loop
      vertex -22.496046942412168 -5.226512932244934 88.6
      vertex -22.496046942412168 -5.226512932244934 89.6
      vertex -22.09935166801535 -5.249059844016124 88.6
    endloop
  endfacet
  facet normal -0.018924127241020307 0.9998209226697378 0
    outer loop
      vertex -22.09935166801535 -5.249059844016124 88.6
      vertex -22.09935166801535 -5.249059844016124 89.6
      vertex -21.702087316261363 -5.241540616351994 88.6
    endloop
  endfacet
  facet normal -0.09448513188803104 0.995526272808559 0
    outer loop
      vertex -21.702087316261363 -5.241540616351994 88.6
      vertex -21.702087316261363 -5.241540616351994 89.6
      vertex -21.306529381381065 -5.203998318707671 88.6
    endloop
  endfacet
  facet normal -0.16950493425609722 0.9855293386108991 0
    outer loop
      vertex -21.306529381381065 -5.203998318707671 88.6
      vertex -21.306529381381065 -5.203998318707671 89.6
      vertex -20.914943583403996 -5.136647989964256 88.6
    endloop
  endfacet
  facet normal -0.24355382771098918 0.969887381610528 0
    outer loop
      vertex -20.914943583403996 -5.136647989964256 88.6
      vertex -20.914943583403996 -5.136647989964256 89.6
      vertex -20.529572890319237 -5.039875406705595 88.6
    endloop
  endfacet
  facet normal 0.42166513345018264 0.9067516281939834 0
    outer loop
      vertex -24.032014060311642 -4.84080766594747 88.6
      vertex -24.39229867689527 -4.673265136981333 89.6
      vertex -24.032014060311642 -4.84080766594747 89.6
    endloop
  endfacet
  facet normal 0.35188101513183123 0.9360447378142734 0
    outer loop
      vertex -23.660090251208324 -4.980622486983236 88.6
      vertex -24.032014060311642 -4.84080766594747 89.6
      vertex -23.660090251208324 -4.980622486983236 89.6
    endloop
  endfacet
  facet normal 0.2800813542249073 0.9599762679439227 0
    outer loop
      vertex -23.278657595482706 -5.091908753455268 88.6
      vertex -23.660090251208324 -4.980622486983236 89.6
      vertex -23.278657595482706 -5.091908753455268 89.6
    endloop
  endfacet
  facet normal 0.20667741268495432 0.9784091409455725 0
    outer loop
      vertex -22.88990090484451 -5.1740290277072205 88.6
      vertex -23.278657595482706 -5.091908753455268 89.6
      vertex -22.88990090484451 -5.1740290277072205 89.6
    endloop
  endfacet
  facet normal 0.1320896416417024 0.9912377749919373 0
    outer loop
      vertex -22.496046942412168 -5.226512932244934 88.6
      vertex -22.88990090484451 -5.1740290277072205 89.6
      vertex -22.496046942412168 -5.226512932244934 89.6
    endloop
  endfacet
  facet normal 0.05674527309307498 0.9983886888289512 0
    outer loop
      vertex -22.09935166801535 -5.249059844016124 88.6
      vertex -22.496046942412168 -5.226512932244934 89.6
      vertex -22.09935166801535 -5.249059844016124 89.6
    endloop
  endfacet
  facet normal -0.018924127241020307 0.9998209226697378 0
    outer loop
      vertex -21.702087316261363 -5.241540616351994 88.6
      vertex -22.09935166801535 -5.249059844016124 89.6
      vertex -21.702087316261363 -5.241540616351994 89.6
    endloop
  endfacet
  facet normal -0.09448513188803104 0.995526272808559 0
    outer loop
      vertex -21.306529381381065 -5.203998318707671 88.6
      vertex -21.702087316261363 -5.241540616351994 89.6
      vertex -21.306529381381065 -5.203998318707671 89.6
    endloop
  endfacet
  facet normal -0.16950493425609722 0.9855293386108991 0
    outer loop
      vertex -20.914943583403996 -5.136647989964256 88.6
      vertex -21.306529381381065 -5.203998318707671 89.6
      vertex -20.914943583403996 -5.136647989964256 89.6
    endloop
  endfacet
  facet normal -0.24355382771098918 0.969887381610528 0
    outer loop
      vertex -20.529572890319237 -5.039875406705595 88.6
      vertex -20.914943583403996 -5.136647989964256 89.6
      vertex -20.529572890319237 -5.039875406705595 89.6
    endloop
  endfacet
  facet normal 0.6728725243729193 0.7397584510798204 0
    outer loop
      vertex -25.677016708074593 -3.747272091607478 88.6
      vertex -25.677016708074593 -3.747272091607478 89.6
      vertex -25.383084409940604 -4.014628236240167 88.6
    endloop
  endfacet
  facet normal 0.7268924518431444 0.6867513112135003 -1.376346942093717e-17
    outer loop
      vertex -25.677016708074593 -3.747272091607478 88.6
      vertex -25.9498873874928 -3.4584519117844175 88.6
      vertex -25.9498873874928 -3.4584519117844175 89.6
    endloop
  endfacet
  facet normal 0.8221560116948083 0.5692622352080685 -1.1928278831877322e-17
    outer loop
      vertex -26.200133469654507 -3.149822032605652 88.6
      vertex -26.426321567663194 -2.823150258069814 88.6
      vertex -26.426321567663194 -2.823150258069814 89.6
    endloop
  endfacet
  facet normal 0.7767488051760844 0.6298105220282726 0
    outer loop
      vertex -26.200133469654507 -3.149822032605652 88.6
      vertex -26.200133469654507 -3.149822032605652 89.6
      vertex -25.9498873874928 -3.4584519117844175 88.6
    endloop
  endfacet
  facet normal 0.8628539830324236 0.5054532658565797 1.7371005426268284e-17
    outer loop
      vertex -26.426321567663194 -2.823150258069814 88.6
      vertex -26.627156096576908 -2.4803077345182727 88.6
      vertex -26.627156096576908 -2.4803077345182727 89.6
    endloop
  endfacet
  facet normal 0.9292180723175639 0.36953183094076036 0
    outer loop
      vertex -26.94831481125978 -1.7540469003612968 88.6
      vertex -26.94831481125978 -1.7540469003612968 89.6
      vertex -26.80148669440146 -2.1232582328783534 88.6
    endloop
  endfacet
  facet normal 0.9545040627715549 0.2981979110466668 -1.9864812842110506e-18
    outer loop
      vertex -26.94831481125978 -1.7540469003612968 88.6
      vertex -27.06679942899515 -1.374788546044235 88.6
      vertex -27.06679942899515 -1.374788546044235 89.6
    endloop
  endfacet
  facet normal 0.8986096048946854 0.43874910597175854 -5.844480453766437e-18
    outer loop
      vertex -26.627156096576908 -2.4803077345182727 88.6
      vertex -26.80148669440146 -2.1232582328783534 88.6
      vertex -26.80148669440146 -2.1232582328783534 89.6
    endloop
  endfacet
  facet normal 0.9743227403932148 0.2251559405226883 -3.4702314883221584e-19
    outer loop
      vertex -27.06679942899515 -1.374788546044235 88.6
      vertex -27.15626187844706 -0.9876555274353285 88.6
      vertex -27.15626187844706 -0.9876555274353285 89.6
    endloop
  endfacet
  facet normal 0.9885605855918874 0.1508242971613814 -9.999379833369178e-19
    outer loop
      vertex -27.15626187844706 -0.9876555274353285 88.6
      vertex -27.21618972680672 -0.5948653074066669 88.6
      vertex -27.21618972680672 -0.5948653074066669 89.6
    endloop
  endfacet
  facet normal 0.9971360452796522 0.07562874588445644 -8.577356572606212e-19
    outer loop
      vertex -27.21618972680672 -0.5948653074066669 88.6
      vertex -27.24623971278574 -0.1986677527677682 88.6
      vertex -27.24623971278574 -0.1986677527677682 89.6
    endloop
  endfacet
  facet normal 0.6149984440179523 0.7885283215303669 1.2647380205397661e-17
    outer loop
      vertex -25.069774110676246 -4.25898895389761 88.6
      vertex -25.383084409940604 -4.014628236240167 88.6
      vertex -25.383084409940604 -4.014628236240167 89.6
    endloop
  endfacet
  facet normal 0.5536017082694838 0.8327815731637616 0
    outer loop
      vertex -25.069774110676246 -4.25898895389761 88.6
      vertex -25.069774110676246 -4.25898895389761 89.6
      vertex -24.738880423302543 -4.478954568518202 88.6
    endloop
  endfacet
  facet normal 0.48903399206983666 0.8722647273621918 -3.466903857793829e-18
    outer loop
      vertex -24.39229867689527 -4.673265136981333 88.6
      vertex -24.738880423302543 -4.478954568518202 88.6
      vertex -24.738880423302543 -4.478954568518202 89.6
    endloop
  endfacet
  facet normal 0.7268924518431444 0.6867513112135003 0
    outer loop
      vertex -25.677016708074593 -3.747272091607478 88.6
      vertex -25.9498873874928 -3.4584519117844175 89.6
      vertex -25.677016708074593 -3.747272091607478 89.6
    endloop
  endfacet
  facet normal 0.8221560116948083 0.5692622352080685 0
    outer loop
      vertex -26.200133469654507 -3.149822032605652 88.6
      vertex -26.426321567663194 -2.823150258069814 89.6
      vertex -26.200133469654507 -3.149822032605652 89.6
    endloop
  endfacet
  facet normal 0.7767488051760844 0.6298105220282726 0
    outer loop
      vertex -25.9498873874928 -3.4584519117844175 88.6
      vertex -26.200133469654507 -3.149822032605652 89.6
      vertex -25.9498873874928 -3.4584519117844175 89.6
    endloop
  endfacet
  facet normal 0.8628539830324236 0.5054532658565797 0
    outer loop
      vertex -26.426321567663194 -2.823150258069814 88.6
      vertex -26.627156096576908 -2.4803077345182727 89.6
      vertex -26.426321567663194 -2.823150258069814 89.6
    endloop
  endfacet
  facet normal 0.8986096048946854 0.43874910597175854 0
    outer loop
      vertex -26.627156096576908 -2.4803077345182727 88.6
      vertex -26.80148669440146 -2.1232582328783534 89.6
      vertex -26.627156096576908 -2.4803077345182727 89.6
    endloop
  endfacet
  facet normal 0.9292180723175639 0.36953183094076036 0
    outer loop
      vertex -26.80148669440146 -2.1232582328783534 88.6
      vertex -26.94831481125978 -1.7540469003612968 89.6
      vertex -26.80148669440146 -2.1232582328783534 89.6
    endloop
  endfacet
  facet normal 0.9545040627715549 0.2981979110466668 0
    outer loop
      vertex -26.94831481125978 -1.7540469003612968 88.6
      vertex -27.06679942899515 -1.374788546044235 89.6
      vertex -26.94831481125978 -1.7540469003612968 89.6
    endloop
  endfacet
  facet normal 0.9743227403932148 0.2251559405226883 0
    outer loop
      vertex -27.06679942899515 -1.374788546044235 88.6
      vertex -27.15626187844706 -0.9876555274353285 89.6
      vertex -27.06679942899515 -1.374788546044235 89.6
    endloop
  endfacet
  facet normal 0.9885605855918874 0.1508242971613814 0
    outer loop
      vertex -27.15626187844706 -0.9876555274353285 88.6
      vertex -27.21618972680672 -0.5948653074066669 89.6
      vertex -27.15626187844706 -0.9876555274353285 89.6
    endloop
  endfacet
  facet normal 0.9971360452796522 0.07562874588445644 0
    outer loop
      vertex -27.21618972680672 -0.5948653074066669 88.6
      vertex -27.24623971278574 -0.1986677527677682 89.6
      vertex -27.21618972680672 -0.5948653074066669 89.6
    endloop
  endfacet
  facet normal 1 0 0
    outer loop
      vertex -27.24623971278574 -0.1986677527677682 88.6
      vertex -27.24623971278574 0.1986677527677682 89.6
      vertex -27.24623971278574 -0.1986677527677682 89.6
    endloop
  endfacet
  facet normal 0.6149984440179523 0.7885283215303669 0
    outer loop
      vertex -25.069774110676246 -4.25898895389761 88.6
      vertex -25.383084409940604 -4.014628236240167 89.6
      vertex -25.069774110676246 -4.25898895389761 89.6
    endloop
  endfacet
  facet normal 0.5536017082694838 0.8327815731637616 0
    outer loop
      vertex -24.738880423302543 -4.478954568518202 88.6
      vertex -25.069774110676246 -4.25898895389761 89.6
      vertex -24.738880423302543 -4.478954568518202 89.6
    endloop
  endfacet
  facet normal 0.48903399206983666 0.8722647273621918 0
    outer loop
      vertex -24.39229867689527 -4.673265136981333 88.6
      vertex -24.738880423302543 -4.478954568518202 89.6
      vertex -24.39229867689527 -4.673265136981333 89.6
    endloop
  endfacet
  facet normal 0.6728725243729193 0.7397584510798204 0
    outer loop
      vertex -25.383084409940604 -4.014628236240167 88.6
      vertex -25.677016708074593 -3.747272091607478 89.6
      vertex -25.383084409940604 -4.014628236240167 89.6
    endloop
  endfacet
  facet normal 0 0 -1
    outer loop
      vertex -22.496046942412168 -5.226512932244934 89.6
      vertex -22.2972856437004 -3.5877041748240117 89.6
      vertex -22.09935166801535 -5.249059844016124 89.6
    endloop
  endfacet
  facet normal 0 0 -1
    outer loop
      vertex -22.09935166801535 -5.249059844016124 89.6
      vertex -21.900804367474617 -3.5986331052898253 89.6
      vertex -21.702087316261363 -5.241540616351994 89.6
    endloop
  endfacet
  facet normal 0 0 -1
    outer loop
      vertex -21.702087316261363 -5.241540616351994 89.6
      vertex -21.900804367474617 -3.5986331052898253 89.6
      vertex -21.306529381381065 -5.203998318707671 89.6
    endloop
  endfacet
  facet normal 0 0 -1
    outer loop
      vertex -25.677016708074593 -3.747272091607478 89.6
      vertex -25.5509006922498 -0.5925405250106429 89.6
      vertex -25.383084409940604 -4.014628236240167 89.6
    endloop
  endfacet
  facet normal 0 0 -1
    outer loop
      vertex -25.677016708074593 -3.747272091607478 89.6
      vertex -25.594533459159937 -0.19831593728111588 89.6
      vertex -25.5509006922498 -0.5925405250106429 89.6
    endloop
  endfacet
  facet normal 0 0 -1
    outer loop
      vertex -25.677016708074593 -3.747272091607478 89.6
      vertex -25.9498873874928 -3.4584519117844175 89.6
      vertex -25.9498873874928 3.4584519117844175 89.6
    endloop
  endfacet
  facet normal 0 0 -1
    outer loop
      vertex -26.94831481125978 -1.7540469003612968 89.6
      vertex -27.06679942899515 -1.374788546044235 89.6
      vertex -27.06679942899515 1.374788546044235 89.6
    endloop
  endfacet
  facet normal 0 0 -1
    outer loop
      vertex -26.94831481125978 -1.7540469003612968 89.6
      vertex -26.94831481125978 1.7540469003612968 89.6
      vertex -26.80148669440146 -2.1232582328783534 89.6
    endloop
  endfacet
  facet normal 0 0 -1
    outer loop
      vertex -27.06679942899515 -1.374788546044235 89.6
      vertex -27.15626187844706 -0.9876555274353285 89.6
      vertex -27.15626187844706 0.9876555274353285 89.6
    endloop
  endfacet
  facet normal 0 0 -1
    outer loop
      vertex -27.15626187844706 -0.9876555274353285 89.6
      vertex -27.21618972680672 -0.5948653074066669 89.6
      vertex -27.21618972680672 0.5948653074066669 89.6
    endloop
  endfacet
  facet normal 0 0 -1
    outer loop
      vertex -27.21618972680672 -0.5948653074066669 89.6
      vertex -27.24623971278574 -0.1986677527677682 89.6
      vertex -27.24623971278574 0.1986677527677682 89.6
    endloop
  endfacet
  facet normal 0 0 -1
    outer loop
      vertex -26.426321567663194 -2.823150258069814 89.6
      vertex -26.627156096576908 -2.4803077345182727 89.6
      vertex -26.627156096576908 2.4803077345182727 89.6
    endloop
  endfacet
  facet normal 0 0 -1
    outer loop
      vertex -26.200133469654507 -3.149822032605652 89.6
      vertex -26.426321567663194 -2.823150258069814 89.6
      vertex -26.426321567663194 2.823150258069814 89.6
    endloop
  endfacet
  facet normal 0 0 -1
    outer loop
      vertex -26.627156096576908 -2.4803077345182727 89.6
      vertex -26.80148669440146 -2.1232582328783534 89.6
      vertex -26.80148669440146 2.1232582328783534 89.6
    endloop
  endfacet
  facet normal 0 0 -1
    outer loop
      vertex -26.200133469654507 -3.149822032605652 89.6
      vertex -26.200133469654507 3.149822032605652 89.6
      vertex -25.9498873874928 -3.4584519117844175 89.6
    endloop
  endfacet
  facet normal 0 0 -1
    outer loop
      vertex -25.677016708074593 -3.747272091607478 89.6
      vertex -25.677016708074593 3.747272091607478 89.6
      vertex -25.594533459159937 -0.19831593728111588 89.6
    endloop
  endfacet
  facet normal 0 0 -1
    outer loop
      vertex -25.069774110676246 -4.25898895389761 89.6
      vertex -24.958400134810883 -2.051309007036958 89.6
      vertex -24.738880423302543 -4.478954568518202 89.6
    endloop
  endfacet
  facet normal 0 0 -1
    outer loop
      vertex -24.39229867689527 -4.673265136981333 89.6
      vertex -24.738880423302543 -4.478954568518202 89.6
      vertex -24.714783795196826 -2.3643072865718437 89.6
    endloop
  endfacet
  facet normal 0 0 -1
    outer loop
      vertex -24.39229867689527 -4.673265136981333 89.6
      vertex -24.132046909593928 -2.900754380379521 89.6
      vertex -24.032014060311642 -4.84080766594747 89.6
    endloop
  endfacet
  facet normal 0 0 -1
    outer loop
      vertex -23.660090251208324 -4.980622486983236 89.6
      vertex -24.032014060311642 -4.84080766594747 89.6
      vertex -23.8 -3.117691453623979 89.6
    endloop
  endfacet
  facet normal 0 0 -1
    outer loop
      vertex -23.660090251208324 -4.980622486983236 89.6
      vertex -23.44610352875069 -3.296783975958207 89.6
      vertex -23.278657595482706 -5.091908753455268 89.6
    endloop
  endfacet
  facet normal 0 0 -1
    outer loop
      vertex -23.278657595482706 -5.091908753455268 89.6
      vertex -23.0746533196061 -3.4358580067662268 89.6
      vertex -22.88990090484451 -5.1740290277072205 89.6
    endloop
  endfacet
  facet normal 0 0 -1
    outer loop
      vertex -23.660090251208324 -4.980622486983236 89.6
      vertex -23.8 -3.117691453623979 89.6
      vertex -23.44610352875069 -3.296783975958207 89.6
    endloop
  endfacet
  facet normal 0 0 -1
    outer loop
      vertex -24.032014060311642 -4.84080766594747 89.6
      vertex -24.132046909593928 -2.900754380379521 89.6
      vertex -23.8 -3.117691453623979 89.6
    endloop
  endfacet
  facet normal 0 0 -1
    outer loop
      vertex -23.278657595482706 -5.091908753455268 89.6
      vertex -23.44610352875069 -3.296783975958207 89.6
      vertex -23.0746533196061 -3.4358580067662268 89.6
    endloop
  endfacet
  facet normal 0 0 -1
    outer loop
      vertex -25.069774110676246 -4.25898895389761 89.6
      vertex -25.383084409940604 -4.014628236240167 89.6
      vertex -25.335378641973286 -1.3547137390122077 89.6
    endloop
  endfacet
  facet normal 0 0 -1
    outer loop
      vertex -24.39229867689527 -4.673265136981333 89.6
      vertex -24.438213657852668 -2.648606078423274 89.6
      vertex -24.132046909593928 -2.900754380379521 89.6
    endloop
  endfacet
  facet normal 0 0 -1
    outer loop
      vertex -24.39229867689527 -4.673265136981333 89.6
      vertex -24.714783795196826 -2.3643072865718437 89.6
      vertex -24.438213657852668 -2.648606078423274 89.6
    endloop
  endfacet
  facet normal 0 0 -1
    outer loop
      vertex -24.738880423302543 -4.478954568518202 89.6
      vertex -24.958400134810883 -2.051309007036958 89.6
      vertex -24.714783795196826 -2.3643072865718437 89.6
    endloop
  endfacet
  facet normal 0 0 -1
    outer loop
      vertex -25.069774110676246 -4.25898895389761 89.6
      vertex -25.16610550434336 -1.7134106149334654 89.6
      vertex -24.958400134810883 -2.051309007036958 89.6
    endloop
  endfacet
  facet normal 0 0 -1
    outer loop
      vertex -25.069774110676246 -4.25898895389761 89.6
      vertex -25.335378641973286 -1.3547137390122077 89.6
      vertex -25.16610550434336 -1.7134106149334654 89.6
    endloop
  endfacet
  facet normal 0 0 -1
    outer loop
      vertex -22.88990090484451 -5.1740290277072205 89.6
      vertex -22.690158274925455 -3.533225375708705 89.6
      vertex -22.496046942412168 -5.226512932244934 89.6
    endloop
  endfacet
  facet normal 0 0 -1
    outer loop
      vertex -22.496046942412168 -5.226512932244934 89.6
      vertex -22.690158274925455 -3.533225375708705 89.6
      vertex -22.2972856437004 -3.5877041748240117 89.6
    endloop
  endfacet
  facet normal 0 0 -1
    outer loop
      vertex -22.09935166801535 -5.249059844016124 89.6
      vertex -22.2972856437004 -3.5877041748240117 89.6
      vertex -21.900804367474617 -3.5986331052898253 89.6
    endloop
  endfacet
  facet normal 0 0 -1
    outer loop
      vertex -22.88990090484451 -5.1740290277072205 89.6
      vertex -23.0746533196061 -3.4358580067662268 89.6
      vertex -22.690158274925455 -3.533225375708705 89.6
    endloop
  endfacet
  facet normal 0 0 -1
    outer loop
      vertex -21.306529381381065 -5.203998318707671 89.6
      vertex -21.50552719185373 -3.565879504695012 89.6
      vertex -20.914943583403996 -5.136647989964256 89.6
    endloop
  endfacet
  facet normal 0 0 -1
    outer loop
      vertex -21.306529381381065 -5.203998318707671 89.6
      vertex -21.900804367474617 -3.5986331052898253 89.6
      vertex -21.50552719185373 -3.565879504695012 89.6
    endloop
  endfacet
  facet normal 0 0 -1
    outer loop
      vertex -20.914943583403996 -5.136647989964256 89.6
      vertex -21.116252246293122 -3.4898409573815896 89.6
      vertex -20.529572890319237 -5.039875406705595 89.6
    endloop
  endfacet
  facet normal 0 0 -1
    outer loop
      vertex -20.529572890319237 -5.039875406705595 89.6
      vertex -20.737704801306084 -3.3714404683093973 89.6
      vertex -20.152624670557877 -4.914234873524932 89.6
    endloop
  endfacet
  facet normal 0 0 -1
    outer loop
      vertex -20.914943583403996 -5.136647989964256 89.6
      vertex -21.50552719185373 -3.565879504695012 89.6
      vertex -21.116252246293122 -3.4898409573815896 89.6
    endloop
  endfacet
  facet normal 0 0 -1
    outer loop
      vertex -20.529572890319237 -5.039875406705595 89.6
      vertex -21.116252246293122 -3.4898409573815896 89.6
      vertex -20.737704801306084 -3.3714404683093973 89.6
    endloop
  endfacet
  facet normal 0 0 -1
    outer loop
      vertex -25.383084409940604 -4.014628236240167 89.6
      vertex -25.464164801113302 -0.9795724734432057 89.6
      vertex -25.335378641973286 -1.3547137390122077 89.6
    endloop
  endfacet
  facet normal 0 0 -1
    outer loop
      vertex -25.5509006922498 -0.5925405250106429 89.6
      vertex -25.464164801113302 -0.9795724734432057 89.6
      vertex -25.383084409940604 -4.014628236240167 89.6
    endloop
  endfacet
  facet normal -0.3162076668968268 0.9486899975206156 0
    outer loop
      vertex -20.529572890319237 -5.039875406705595 88.6
      vertex -20.529572890319237 -5.039875406705595 89.6
      vertex -20.152624670557877 -4.914234873524932 88.6
    endloop
  endfacet
  facet normal -0.38705029720221606 0.922058603037614 0
    outer loop
      vertex -20.152624670557877 -4.914234873524932 88.6
      vertex -20.152624670557877 -4.914234873524932 89.6
      vertex -19.786258049386536 -4.76044604801841 88.6
    endloop
  endfacet
  facet normal -0.4556759384562421 0.8901457403773962 0
    outer loop
      vertex -19.786258049386536 -4.76044604801841 88.6
      vertex -19.786258049386536 -4.76044604801841 89.6
      vertex -19.432571541633376 -4.579389818651517 88.6
    endloop
  endfacet
  facet normal -0.3162076668968268 0.9486899975206156 -5.698738109036507e-18
    outer loop
      vertex -20.529572890319237 -5.039875406705595 89.6
      vertex -20.152624670557877 -4.914234873524932 89.6
      vertex -20.152624670557877 -4.914234873524932 88.6
    endloop
  endfacet
  facet normal -0.38705029720221606 0.922058603037614 0
    outer loop
      vertex -19.786258049386536 -4.76044604801841 88.6
      vertex -20.152624670557877 -4.914234873524932 89.6
      vertex -19.786258049386536 -4.76044604801841 89.6
    endloop
  endfacet
  facet normal -0.5216915092004825 0.853134203527278 0
    outer loop
      vertex -19.432571541633376 -4.579389818651517 88.6
      vertex -19.432571541633376 -4.579389818651517 89.6
      vertex -19.093591031585206 -4.372103259109745 88.6
    endloop
  endfacet
  facet normal -0.5847188782240482 0.8112359912185915 0
    outer loop
      vertex -19.093591031585206 -4.372103259109745 88.6
      vertex -19.093591031585206 -4.372103259109745 89.6
      vertex -18.771258168905746 -4.139773688034422 88.6
    endloop
  endfacet
  facet normal -0.6443970304648745 0.7646910926171768 0
    outer loop
      vertex -18.771258168905746 -4.139773688034422 88.6
      vertex -18.771258168905746 -4.139773688034422 89.6
      vertex -18.467419247042173 -3.8837318681690585 88.6
    endloop
  endfacet
  facet normal -0.7003841348713516 0.713766112687138 0
    outer loop
      vertex -18.467419247042173 -3.8837318681690585 88.6
      vertex -18.467419247042173 -3.8837318681690585 89.6
      vertex -18.183814627823494 -3.6054443838708807 88.6
    endloop
  endfacet
  facet normal -0.7523595023795858 0.6587527451017886 0
    outer loop
      vertex -18.183814627823494 -3.6054443838708807 88.6
      vertex -18.183814627823494 -3.6054443838708807 89.6
      vertex -17.922068772825554 -3.3065052406484248 88.6
    endloop
  endfacet
  facet normal -0.8000254227913332 0.5999661014486974 0
    outer loop
      vertex -17.922068772825554 -3.3065052406484248 88.6
      vertex -17.922068772825554 -3.3065052406484248 89.6
      vertex -17.683680938602247 -2.9886267348423443 88.6
    endloop
  endfacet
  facet normal -0.8431088700310831 0.537742906299014 0
    outer loop
      vertex -17.683680938602247 -2.9886267348423443 88.6
      vertex -17.683680938602247 -2.9886267348423443 89.6
      vertex -17.47001658907978 -2.6536296457470487 88.6
    endloop
  endfacet
  facet normal -0.8813630660146478 0.4724395684796728 0
    outer loop
      vertex -17.47001658907978 -2.6536296457470487 88.6
      vertex -17.47001658907978 -2.6536296457470487 89.6
      vertex -17.282299574302918 -2.303432806351768 88.6
    endloop
  endfacet
  facet normal -0.9145688941717087 0.4044301395958738 0
    outer loop
      vertex -17.282299574302918 -2.303432806351768 88.6
      vertex -17.282299574302918 -2.303432806351768 89.6
      vertex -17.121605120332784 -1.9400421124389762 88.6
    endloop
  endfacet
  facet normal -0.9425361545256713 0.3341041714973936 0
    outer loop
      vertex -17.121605120332784 -1.9400421124389762 88.6
      vertex -17.121605120332784 -1.9400421124389762 89.6
      vertex -16.988853670449334 -1.5655390329949928 88.6
    endloop
  endfacet
  facet normal -0.9651046531419336 0.26186448496080567 0
    outer loop
      vertex -16.988853670449334 -1.5655390329949928 88.6
      vertex -16.988853670449334 -1.5655390329949928 89.6
      vertex -16.88480561293563 -1.182068687744144 88.6
    endloop
  endfacet
  facet normal -0.9821451197042023 0.18812486236863588 0
    outer loop
      vertex -16.88480561293563 -1.182068687744144 88.6
      vertex -16.88480561293563 -1.182068687744144 89.6
      vertex -16.810056925642584 -0.7918275600972147 88.6
    endloop
  endfacet
  facet normal -0.993559947963185 0.11330767760126804 0
    outer loop
      vertex -16.810056925642584 -0.7918275600972147 88.6
      vertex -16.810056925642584 -0.7918275600972147 89.6
      vertex -16.765035762281826 -0.3970509158933961 88.6
    endloop
  endfacet
  facet normal -0.9992837548163315 0.037841476717668986 0
    outer loop
      vertex -16.765035762281826 -0.3970509158933961 88.6
      vertex -16.765035762281826 -0.3970509158933961 89.6
      vertex -16.75 0 88.6
    endloop
  endfacet
  facet normal -0.4556759384562421 0.8901457403773962 0
    outer loop
      vertex -19.432571541633376 -4.579389818651517 88.6
      vertex -19.786258049386536 -4.76044604801841 89.6
      vertex -19.432571541633376 -4.579389818651517 89.6
    endloop
  endfacet
  facet normal -0.5216915092004825 0.853134203527278 0
    outer loop
      vertex -19.093591031585206 -4.372103259109745 88.6
      vertex -19.432571541633376 -4.579389818651517 89.6
      vertex -19.093591031585206 -4.372103259109745 89.6
    endloop
  endfacet
  facet normal -0.5847188782240482 0.8112359912185915 0
    outer loop
      vertex -18.771258168905746 -4.139773688034422 88.6
      vertex -19.093591031585206 -4.372103259109745 89.6
      vertex -18.771258168905746 -4.139773688034422 89.6
    endloop
  endfacet
  facet normal -0.6443970304648745 0.7646910926171768 0
    outer loop
      vertex -18.467419247042173 -3.8837318681690585 88.6
      vertex -18.771258168905746 -4.139773688034422 89.6
      vertex -18.467419247042173 -3.8837318681690585 89.6
    endloop
  endfacet
  facet normal -0.7003841348713516 0.713766112687138 0
    outer loop
      vertex -18.183814627823494 -3.6054443838708807 88.6
      vertex -18.467419247042173 -3.8837318681690585 89.6
      vertex -18.183814627823494 -3.6054443838708807 89.6
    endloop
  endfacet
  facet normal -0.7523595023795858 0.6587527451017886 0
    outer loop
      vertex -17.922068772825554 -3.3065052406484248 88.6
      vertex -18.183814627823494 -3.6054443838708807 89.6
      vertex -17.922068772825554 -3.3065052406484248 89.6
    endloop
  endfacet
  facet normal -0.8000254227913332 0.5999661014486974 0
    outer loop
      vertex -17.683680938602247 -2.9886267348423443 88.6
      vertex -17.922068772825554 -3.3065052406484248 89.6
      vertex -17.683680938602247 -2.9886267348423443 89.6
    endloop
  endfacet
  facet normal -0.8431088700310831 0.537742906299014 0
    outer loop
      vertex -17.47001658907978 -2.6536296457470487 88.6
      vertex -17.683680938602247 -2.9886267348423443 89.6
      vertex -17.47001658907978 -2.6536296457470487 89.6
    endloop
  endfacet
  facet normal -0.8813630660146478 0.4724395684796728 0
    outer loop
      vertex -17.282299574302918 -2.303432806351768 88.6
      vertex -17.47001658907978 -2.6536296457470487 89.6
      vertex -17.282299574302918 -2.303432806351768 89.6
    endloop
  endfacet
  facet normal -0.9145688941717087 0.4044301395958738 0
    outer loop
      vertex -17.121605120332784 -1.9400421124389762 88.6
      vertex -17.282299574302918 -2.303432806351768 89.6
      vertex -17.121605120332784 -1.9400421124389762 89.6
    endloop
  endfacet
  facet normal -0.9425361545256713 0.3341041714973936 0
    outer loop
      vertex -16.988853670449334 -1.5655390329949928 88.6
      vertex -17.121605120332784 -1.9400421124389762 89.6
      vertex -16.988853670449334 -1.5655390329949928 89.6
    endloop
  endfacet
  facet normal -0.9651046531419336 0.26186448496080567 0
    outer loop
      vertex -16.88480561293563 -1.182068687744144 88.6
      vertex -16.988853670449334 -1.5655390329949928 89.6
      vertex -16.88480561293563 -1.182068687744144 89.6
    endloop
  endfacet
  facet normal -0.9821451197042023 0.18812486236863588 0
    outer loop
      vertex -16.810056925642584 -0.7918275600972147 88.6
      vertex -16.88480561293563 -1.182068687744144 89.6
      vertex -16.810056925642584 -0.7918275600972147 89.6
    endloop
  endfacet
  facet normal -0.993559947963185 0.11330767760126804 0
    outer loop
      vertex -16.765035762281826 -0.3970509158933961 88.6
      vertex -16.810056925642584 -0.7918275600972147 89.6
      vertex -16.765035762281826 -0.3970509158933961 89.6
    endloop
  endfacet
  facet normal -0.9992837548163315 0.037841476717668986 1.9044101148920004e-19
    outer loop
      vertex -16.765035762281826 -0.3970509158933961 89.6
      vertex -16.75 0 89.6
      vertex -16.75 0 88.6
    endloop
  endfacet
  facet normal 0 0 -1
    outer loop
      vertex -20.152624670557877 -4.914234873524932 89.6
      vertex -20.374479910080797 -3.2121152590262176 89.6
      vertex -19.786258049386536 -4.76044604801841 89.6
    endloop
  endfacet
  facet normal 0 0 -1
    outer loop
      vertex -19.786258049386536 -4.76044604801841 89.6
      vertex -20.030986630759266 -3.0137993217451036 89.6
      vertex -19.432571541633376 -4.579389818651517 89.6
    endloop
  endfacet
  facet normal 0 0 -1
    outer loop
      vertex -20.737704801306084 -3.3714404683093973 89.6
      vertex -20.374479910080797 -3.2121152590262176 89.6
      vertex -20.152624670557877 -4.914234873524932 89.6
    endloop
  endfacet
  facet normal 0 0 -1
    outer loop
      vertex -19.786258049386536 -4.76044604801841 89.6
      vertex -20.374479910080797 -3.2121152590262176 89.6
      vertex -20.030986630759266 -3.0137993217451036 89.6
    endloop
  endfacet
  facet normal 0 0 -1
    outer loop
      vertex -19.432571541633376 -4.579389818651517 89.6
      vertex -19.711394506444115 -2.778899943298756 89.6
      vertex -19.093591031585206 -4.372103259109745 89.6
    endloop
  endfacet
  facet normal 0 0 -1
    outer loop
      vertex -19.093591031585206 -4.372103259109745 89.6
      vertex -19.159094166172984 -2.211165765682804 89.6
      vertex -18.771258168905746 -4.139773688034422 89.6
    endloop
  endfacet
  facet normal 0 0 -1
    outer loop
      vertex -19.432571541633376 -4.579389818651517 89.6
      vertex -20.030986630759266 -3.0137993217451036 89.6
      vertex -19.711394506444115 -2.778899943298756 89.6
    endloop
  endfacet
  facet normal 0 0 -1
    outer loop
      vertex -19.093591031585206 -4.372103259109745 89.6
      vertex -19.711394506444115 -2.778899943298756 89.6
      vertex -19.419582952593576 -2.510268483938384 89.6
    endloop
  endfacet
  facet normal 0 0 -1
    outer loop
      vertex -19.093591031585206 -4.372103259109745 89.6
      vertex -19.419582952593576 -2.510268483938384 89.6
      vertex -19.159094166172984 -2.211165765682804 89.6
    endloop
  endfacet
  facet normal 0 0 -1
    outer loop
      vertex -18.771258168905746 -4.139773688034422 89.6
      vertex -18.933090128182023 -1.88522249035636 89.6
      vertex -18.467419247042173 -3.8837318681690585 89.6
    endloop
  endfacet
  facet normal 0 0 -1
    outer loop
      vertex -18.771258168905746 -4.139773688034422 89.6
      vertex -19.159094166172984 -2.211165765682804 89.6
      vertex -18.933090128182023 -1.88522249035636 89.6
    endloop
  endfacet
  facet normal 0 0 -1
    outer loop
      vertex -18.467419247042173 -3.8837318681690585 89.6
      vertex -18.933090128182023 -1.88522249035636 89.6
      vertex -18.74431422148872 -1.536395167787052 89.6
    endloop
  endfacet
  facet normal 0 0 -1
    outer loop
      vertex -18.467419247042173 -3.8837318681690585 89.6
      vertex -18.487133022541233 -0.787251928342954 89.6
      vertex -18.183814627823494 -3.6054443838708807 89.6
    endloop
  endfacet
  facet normal 0 0 -1
    outer loop
      vertex -18.467419247042173 -3.8837318681690585 89.6
      vertex -18.74431422148872 -1.536395167787052 89.6
      vertex -18.595057929877715 -1.1689180891368622 89.6
    endloop
  endfacet
  facet normal 0 0 -1
    outer loop
      vertex -18.467419247042173 -3.8837318681690585 89.6
      vertex -18.595057929877715 -1.1689180891368622 89.6
      vertex -18.487133022541233 -0.787251928342954 89.6
    endloop
  endfacet
  facet normal 0 0 -1
    outer loop
      vertex -18.183814627823494 -3.6054443838708807 89.6
      vertex -18.487133022541233 -0.787251928342954 89.6
      vertex -18.42184956165538 -0.396029595578686 89.6
    endloop
  endfacet
  facet normal 0 0 -1
    outer loop
      vertex -18.183814627823494 -3.6054443838708807 89.6
      vertex -18.42184956165538 -0.396029595578686 89.6
      vertex -18.4 0 89.6
    endloop
  endfacet
  facet normal 0 0 -1
    outer loop
      vertex -18.183814627823494 -3.6054443838708807 89.6
      vertex -18.4 0 89.6
      vertex -18.42184956165538 0.39602959557868544 89.6
    endloop
  endfacet
  facet normal 0 0 -1
    outer loop
      vertex -18.183814627823494 -3.6054443838708807 89.6
      vertex -18.183814627823494 3.6054443838708807 89.6
      vertex -17.922068772825554 -3.3065052406484248 89.6
    endloop
  endfacet
  facet normal 0 0 -1
    outer loop
      vertex -17.922068772825554 -3.3065052406484248 89.6
      vertex -17.92206877282555 3.3065052406484243 89.6
      vertex -17.683680938602247 -2.9886267348423443 89.6
    endloop
  endfacet
  facet normal 0 0 -1
    outer loop
      vertex -17.683680938602247 -2.9886267348423443 89.6
      vertex -17.683680938602247 2.988626734842346 89.6
      vertex -17.47001658907978 -2.6536296457470487 89.6
    endloop
  endfacet
  facet normal 0 0 -1
    outer loop
      vertex -17.47001658907978 -2.6536296457470487 89.6
      vertex -17.47001658907978 2.653629645747049 89.6
      vertex -17.282299574302918 -2.303432806351768 89.6
    endloop
  endfacet
  facet normal 0 0 -1
    outer loop
      vertex -17.282299574302918 -2.303432806351768 89.6
      vertex -17.282299574302918 2.303432806351767 89.6
      vertex -17.121605120332784 -1.9400421124389762 89.6
    endloop
  endfacet
  facet normal 0 0 -1
    outer loop
      vertex -17.121605120332784 -1.9400421124389762 89.6
      vertex -17.12160512033278 1.9400421124389735 89.6
      vertex -16.988853670449334 -1.5655390329949928 89.6
    endloop
  endfacet
  facet normal 0 0 -1
    outer loop
      vertex -16.988853670449334 -1.5655390329949928 89.6
      vertex -16.988853670449334 1.5655390329949932 89.6
      vertex -16.88480561293563 -1.182068687744144 89.6
    endloop
  endfacet
  facet normal 0 0 -1
    outer loop
      vertex -16.88480561293563 -1.182068687744144 89.6
      vertex -16.88480561293563 1.1820686877441435 89.6
      vertex -16.810056925642584 -0.7918275600972147 89.6
    endloop
  endfacet
  facet normal 0 0 -1
    outer loop
      vertex -16.810056925642584 -0.7918275600972147 89.6
      vertex -16.810056925642584 0.7918275600972124 89.6
      vertex -16.765035762281826 -0.3970509158933961 89.6
    endloop
  endfacet
  facet normal 1 0 0
    outer loop
      vertex -27.24623971278574 -0.1986677527677682 88.6
      vertex -27.24623971278574 0.1986677527677682 88.6
      vertex -27.24623971278574 0.1986677527677682 89.6
    endloop
  endfacet
  facet normal 0.9971360452796522 -0.07562874588445644 8.577356572606212e-19
    outer loop
      vertex -27.24623971278574 0.1986677527677682 88.6
      vertex -27.21618972680672 0.5948653074066669 88.6
      vertex -27.21618972680672 0.5948653074066669 89.6
    endloop
  endfacet
  facet normal 0.9885605855918874 -0.1508242971613814 9.999379833369178e-19
    outer loop
      vertex -27.21618972680672 0.5948653074066669 88.6
      vertex -27.15626187844706 0.9876555274353285 88.6
      vertex -27.15626187844706 0.9876555274353285 89.6
    endloop
  endfacet
  facet normal 0.9743227403932148 -0.2251559405226883 3.4702314883221584e-19
    outer loop
      vertex -27.15626187844706 0.9876555274353285 88.6
      vertex -27.06679942899515 1.374788546044235 88.6
      vertex -27.06679942899515 1.374788546044235 89.6
    endloop
  endfacet
  facet normal 0.9545040627715549 -0.2981979110466668 1.9864812842110506e-18
    outer loop
      vertex -27.06679942899515 1.374788546044235 88.6
      vertex -26.94831481125978 1.7540469003612968 88.6
      vertex -26.94831481125978 1.7540469003612968 89.6
    endloop
  endfacet
  facet normal 0.9292180723175639 -0.36953183094076036 7.935438284594409e-18
    outer loop
      vertex -26.94831481125978 1.7540469003612968 88.6
      vertex -26.80148669440146 2.1232582328783534 88.6
      vertex -26.80148669440146 2.1232582328783534 89.6
    endloop
  endfacet
  facet normal 0.8986096048946854 -0.43874910597175854 5.844480453766437e-18
    outer loop
      vertex -26.80148669440146 2.1232582328783534 88.6
      vertex -26.627156096576908 2.4803077345182727 88.6
      vertex -26.627156096576908 2.4803077345182727 89.6
    endloop
  endfacet
  facet normal 0.8628539830324236 -0.5054532658565797 -1.7371005426268284e-17
    outer loop
      vertex -26.627156096576908 2.4803077345182727 88.6
      vertex -26.426321567663194 2.823150258069814 88.6
      vertex -26.426321567663194 2.823150258069814 89.6
    endloop
  endfacet
  facet normal 0.8221560116948083 -0.5692622352080685 1.1928278831877322e-17
    outer loop
      vertex -26.426321567663194 2.823150258069814 88.6
      vertex -26.200133469654507 3.149822032605652 88.6
      vertex -26.200133469654507 3.149822032605652 89.6
    endloop
  endfacet
  facet normal 0.7767488051760844 -0.6298105220282726 -1.4008619489568717e-17
    outer loop
      vertex -26.200133469654507 3.149822032605652 88.6
      vertex -25.9498873874928 3.4584519117844175 88.6
      vertex -25.9498873874928 3.4584519117844175 89.6
    endloop
  endfacet
  facet normal 0.7268924518431444 -0.6867513112135003 1.376346942093717e-17
    outer loop
      vertex -25.9498873874928 3.4584519117844175 88.6
      vertex -25.677016708074593 3.747272091607478 88.6
      vertex -25.677016708074593 3.747272091607478 89.6
    endloop
  endfacet
  facet normal 0.6728725243729193 -0.7397584510798204 9.781923053987938e-19
    outer loop
      vertex -25.677016708074593 3.747272091607478 88.6
      vertex -25.383084409940604 4.014628236240167 88.6
      vertex -25.383084409940604 4.014628236240167 89.6
    endloop
  endfacet
  facet normal 0.6149984440179567 -0.7885283215303635 2.848259181036841e-18
    outer loop
      vertex -25.383084409940604 4.014628236240167 88.6
      vertex -25.06977411067625 4.25898895389761 88.6
      vertex -25.06977411067625 4.25898895389761 89.6
    endloop
  endfacet
  facet normal 0.5536017082694796 -0.8327815731637641 -7.828117353862308e-18
    outer loop
      vertex -25.06977411067625 4.25898895389761 88.6
      vertex -24.738880423302543 4.478954568518202 88.6
      vertex -24.738880423302543 4.478954568518202 89.6
    endloop
  endfacet
  facet normal 0.4890339920698349 -0.8722647273621927 -2.8630012575681623e-18
    outer loop
      vertex -24.738880423302543 4.478954568518202 88.6
      vertex -24.39229867689527 4.673265136981332 88.6
      vertex -24.39229867689527 4.673265136981332 89.6
    endloop
  endfacet
  facet normal 0.9971360452796522 -0.07562874588445644 0
    outer loop
      vertex -27.24623971278574 0.1986677527677682 88.6
      vertex -27.21618972680672 0.5948653074066669 89.6
      vertex -27.24623971278574 0.1986677527677682 89.6
    endloop
  endfacet
  facet normal 0.9885605855918874 -0.1508242971613814 0
    outer loop
      vertex -27.21618972680672 0.5948653074066669 88.6
      vertex -27.15626187844706 0.9876555274353285 89.6
      vertex -27.21618972680672 0.5948653074066669 89.6
    endloop
  endfacet
  facet normal 0.9743227403932148 -0.2251559405226883 0
    outer loop
      vertex -27.15626187844706 0.9876555274353285 88.6
      vertex -27.06679942899515 1.374788546044235 89.6
      vertex -27.15626187844706 0.9876555274353285 89.6
    endloop
  endfacet
  facet normal 0.9545040627715549 -0.2981979110466668 0
    outer loop
      vertex -27.06679942899515 1.374788546044235 88.6
      vertex -26.94831481125978 1.7540469003612968 89.6
      vertex -27.06679942899515 1.374788546044235 89.6
    endloop
  endfacet
  facet normal 0.9292180723175639 -0.36953183094076036 0
    outer loop
      vertex -26.94831481125978 1.7540469003612968 88.6
      vertex -26.80148669440146 2.1232582328783534 89.6
      vertex -26.94831481125978 1.7540469003612968 89.6
    endloop
  endfacet
  facet normal 0.8986096048946854 -0.43874910597175854 0
    outer loop
      vertex -26.80148669440146 2.1232582328783534 88.6
      vertex -26.627156096576908 2.4803077345182727 89.6
      vertex -26.80148669440146 2.1232582328783534 89.6
    endloop
  endfacet
  facet normal 0.8628539830324236 -0.5054532658565797 0
    outer loop
      vertex -26.627156096576908 2.4803077345182727 88.6
      vertex -26.426321567663194 2.823150258069814 89.6
      vertex -26.627156096576908 2.4803077345182727 89.6
    endloop
  endfacet
  facet normal 0.8221560116948083 -0.5692622352080685 0
    outer loop
      vertex -26.426321567663194 2.823150258069814 88.6
      vertex -26.200133469654507 3.149822032605652 89.6
      vertex -26.426321567663194 2.823150258069814 89.6
    endloop
  endfacet
  facet normal 0.7767488051760844 -0.6298105220282726 0
    outer loop
      vertex -26.200133469654507 3.149822032605652 88.6
      vertex -25.9498873874928 3.4584519117844175 89.6
      vertex -26.200133469654507 3.149822032605652 89.6
    endloop
  endfacet
  facet normal 0.7268924518431444 -0.6867513112135003 0
    outer loop
      vertex -25.9498873874928 3.4584519117844175 88.6
      vertex -25.677016708074593 3.747272091607478 89.6
      vertex -25.9498873874928 3.4584519117844175 89.6
    endloop
  endfacet
  facet normal 0.6728725243729193 -0.7397584510798204 0
    outer loop
      vertex -25.677016708074593 3.747272091607478 88.6
      vertex -25.383084409940604 4.014628236240167 89.6
      vertex -25.677016708074593 3.747272091607478 89.6
    endloop
  endfacet
  facet normal 0.6149984440179567 -0.7885283215303635 0
    outer loop
      vertex -25.383084409940604 4.014628236240167 88.6
      vertex -25.06977411067625 4.25898895389761 89.6
      vertex -25.383084409940604 4.014628236240167 89.6
    endloop
  endfacet
  facet normal 0.5536017082694796 -0.8327815731637641 0
    outer loop
      vertex -25.06977411067625 4.25898895389761 88.6
      vertex -24.738880423302543 4.478954568518202 89.6
      vertex -25.06977411067625 4.25898895389761 89.6
    endloop
  endfacet
  facet normal 0.4890339920698349 -0.8722647273621927 0
    outer loop
      vertex -24.738880423302543 4.478954568518202 88.6
      vertex -24.39229867689527 4.673265136981332 89.6
      vertex -24.738880423302543 4.478954568518202 89.6
    endloop
  endfacet
  facet normal 0.42166513345018286 -0.9067516281939831 -1.1168818062508187e-18
    outer loop
      vertex -24.39229867689527 4.673265136981332 88.6
      vertex -24.03201406031164 4.840807665947471 88.6
      vertex -24.03201406031164 4.840807665947471 89.6
    endloop
  endfacet
  facet normal 0.35188101513183223 -0.936044737814273 -5.419565170614726e-18
    outer loop
      vertex -24.03201406031164 4.840807665947471 88.6
      vertex -23.660090251208324 4.980622486983236 88.6
      vertex -23.660090251208324 4.980622486983236 89.6
    endloop
  endfacet
  facet normal 0.2800813542249097 -0.959976267943922 8.174981110263226e-18
    outer loop
      vertex -23.660090251208324 4.980622486983236 88.6
      vertex -23.27865759548271 5.091908753455268 88.6
      vertex -23.27865759548271 5.091908753455268 89.6
    endloop
  endfacet
  facet normal 0.20667741268495252 -0.9784091409455729 -1.3219042776860824e-18
    outer loop
      vertex -23.27865759548271 5.091908753455268 88.6
      vertex -22.88990090484451 5.1740290277072205 88.6
      vertex -22.88990090484451 5.1740290277072205 89.6
    endloop
  endfacet
  facet normal 0.13208964164170342 -0.9912377749919372 -3.000813343026134e-18
    outer loop
      vertex -22.88990090484451 5.1740290277072205 88.6
      vertex -22.496046942412164 5.226512932244935 88.6
      vertex -22.496046942412164 5.226512932244935 89.6
    endloop
  endfacet
  facet normal 0.056745273093073256 -0.9983886888289513 -1.9816849940633117e-18
    outer loop
      vertex -22.496046942412164 5.226512932244935 88.6
      vertex -22.09935166801535 5.249059844016124 88.6
      vertex -22.09935166801535 5.249059844016124 89.6
    endloop
  endfacet
  facet normal -0.018924127241020307 -0.9998209226697378 -9.016794349806735e-20
    outer loop
      vertex -22.09935166801535 5.249059844016124 88.6
      vertex -21.702087316261363 5.241540616351994 88.6
      vertex -21.702087316261363 5.241540616351994 89.6
    endloop
  endfacet
  facet normal -0.09448513188803019 -0.995526272808559 8.915725752082481e-19
    outer loop
      vertex -21.702087316261363 5.241540616351994 88.6
      vertex -21.30652938138106 5.203998318707671 88.6
      vertex -21.30652938138106 5.203998318707671 89.6
    endloop
  endfacet
  facet normal -0.16950493425609653 -0.9855293386108991 3.1178169033758453e-18
    outer loop
      vertex -21.30652938138106 5.203998318707671 88.6
      vertex -20.914943583403996 5.136647989964257 88.6
      vertex -20.914943583403996 5.136647989964257 89.6
    endloop
  endfacet
  facet normal -0.2435538277109913 -0.9698873816105275 1.1842542829917548e-18
    outer loop
      vertex -20.914943583403996 5.136647989964257 88.6
      vertex -20.529572890319237 5.039875406705595 88.6
      vertex -20.529572890319237 5.039875406705595 89.6
    endloop
  endfacet
  facet normal 0.42166513345018286 -0.9067516281939831 0
    outer loop
      vertex -24.39229867689527 4.673265136981332 88.6
      vertex -24.03201406031164 4.840807665947471 89.6
      vertex -24.39229867689527 4.673265136981332 89.6
    endloop
  endfacet
  facet normal 0.35188101513183223 -0.936044737814273 0
    outer loop
      vertex -24.03201406031164 4.840807665947471 88.6
      vertex -23.660090251208324 4.980622486983236 89.6
      vertex -24.03201406031164 4.840807665947471 89.6
    endloop
  endfacet
  facet normal 0.2800813542249097 -0.959976267943922 0
    outer loop
      vertex -23.660090251208324 4.980622486983236 88.6
      vertex -23.27865759548271 5.091908753455268 89.6
      vertex -23.660090251208324 4.980622486983236 89.6
    endloop
  endfacet
  facet normal 0.20667741268495252 -0.9784091409455729 0
    outer loop
      vertex -23.27865759548271 5.091908753455268 88.6
      vertex -22.88990090484451 5.1740290277072205 89.6
      vertex -23.27865759548271 5.091908753455268 89.6
    endloop
  endfacet
  facet normal 0.13208964164170342 -0.9912377749919372 0
    outer loop
      vertex -22.88990090484451 5.1740290277072205 88.6
      vertex -22.496046942412164 5.226512932244935 89.6
      vertex -22.88990090484451 5.1740290277072205 89.6
    endloop
  endfacet
  facet normal 0.056745273093073256 -0.9983886888289513 0
    outer loop
      vertex -22.496046942412164 5.226512932244935 88.6
      vertex -22.09935166801535 5.249059844016124 89.6
      vertex -22.496046942412164 5.226512932244935 89.6
    endloop
  endfacet
  facet normal -0.018924127241020307 -0.9998209226697378 0
    outer loop
      vertex -22.09935166801535 5.249059844016124 88.6
      vertex -21.702087316261363 5.241540616351994 89.6
      vertex -22.09935166801535 5.249059844016124 89.6
    endloop
  endfacet
  facet normal -0.09448513188803019 -0.995526272808559 0
    outer loop
      vertex -21.702087316261363 5.241540616351994 88.6
      vertex -21.30652938138106 5.203998318707671 89.6
      vertex -21.702087316261363 5.241540616351994 89.6
    endloop
  endfacet
  facet normal -0.16950493425609653 -0.9855293386108991 0
    outer loop
      vertex -21.30652938138106 5.203998318707671 88.6
      vertex -20.914943583403996 5.136647989964257 89.6
      vertex -21.30652938138106 5.203998318707671 89.6
    endloop
  endfacet
  facet normal -0.2435538277109913 -0.9698873816105275 0
    outer loop
      vertex -20.914943583403996 5.136647989964257 88.6
      vertex -20.529572890319237 5.039875406705595 89.6
      vertex -20.914943583403996 5.136647989964257 89.6
    endloop
  endfacet
  facet normal 0 0 -1
    outer loop
      vertex -27.21618972680672 -0.5948653074066669 89.6
      vertex -27.24623971278574 0.1986677527677682 89.6
      vertex -27.21618972680672 0.5948653074066669 89.6
    endloop
  endfacet
  facet normal 0 0 -1
    outer loop
      vertex -27.15626187844706 -0.9876555274353285 89.6
      vertex -27.21618972680672 0.5948653074066669 89.6
      vertex -27.15626187844706 0.9876555274353285 89.6
    endloop
  endfacet
  facet normal 0 0 -1
    outer loop
      vertex -27.06679942899515 -1.374788546044235 89.6
      vertex -27.15626187844706 0.9876555274353285 89.6
      vertex -27.06679942899515 1.374788546044235 89.6
    endloop
  endfacet
  facet normal 0 0 -1
    outer loop
      vertex -26.94831481125978 -1.7540469003612968 89.6
      vertex -27.06679942899515 1.374788546044235 89.6
      vertex -26.94831481125978 1.7540469003612968 89.6
    endloop
  endfacet
  facet normal 0 0 -1
    outer loop
      vertex -26.80148669440146 -2.1232582328783534 89.6
      vertex -26.94831481125978 1.7540469003612968 89.6
      vertex -26.80148669440146 2.1232582328783534 89.6
    endloop
  endfacet
  facet normal 0 0 -1
    outer loop
      vertex -26.627156096576908 -2.4803077345182727 89.6
      vertex -26.80148669440146 2.1232582328783534 89.6
      vertex -26.627156096576908 2.4803077345182727 89.6
    endloop
  endfacet
  facet normal 0 0 -1
    outer loop
      vertex -26.426321567663194 -2.823150258069814 89.6
      vertex -26.627156096576908 2.4803077345182727 89.6
      vertex -26.426321567663194 2.823150258069814 89.6
    endloop
  endfacet
  facet normal 0 0 -1
    outer loop
      vertex -26.200133469654507 -3.149822032605652 89.6
      vertex -26.426321567663194 2.823150258069814 89.6
      vertex -26.200133469654507 3.149822032605652 89.6
    endloop
  endfacet
  facet normal 0 0 -1
    outer loop
      vertex -25.9498873874928 -3.4584519117844175 89.6
      vertex -26.200133469654507 3.149822032605652 89.6
      vertex -25.9498873874928 3.4584519117844175 89.6
    endloop
  endfacet
  facet normal 0 0 -1
    outer loop
      vertex -25.677016708074593 -3.747272091607478 89.6
      vertex -25.9498873874928 3.4584519117844175 89.6
      vertex -25.677016708074593 3.747272091607478 89.6
    endloop
  endfacet
  facet normal 0 0 -1
    outer loop
      vertex -25.594533459159937 -0.19831593728111588 89.6
      vertex -25.677016708074593 3.747272091607478 89.6
      vertex -25.594533459159937 0.19831593728111588 89.6
    endloop
  endfacet
  facet normal 0 0 -1
    outer loop
      vertex -25.594533459159937 0.19831593728111588 89.6
      vertex -25.677016708074593 3.747272091607478 89.6
      vertex -25.5509006922498 0.5925405250106429 89.6
    endloop
  endfacet
  facet normal 0 0 -1
    outer loop
      vertex -25.5509006922498 0.5925405250106429 89.6
      vertex -25.677016708074593 3.747272091607478 89.6
      vertex -25.464164801113302 0.9795724734432057 89.6
    endloop
  endfacet
  facet normal 0 0 -1
    outer loop
      vertex -25.677016708074593 3.747272091607478 89.6
      vertex -25.335378641973286 1.3547137390122077 89.6
      vertex -25.464164801113302 0.9795724734432057 89.6
    endloop
  endfacet
  facet normal 0 0 -1
    outer loop
      vertex -25.335378641973286 1.3547137390122077 89.6
      vertex -25.383084409940604 4.014628236240167 89.6
      vertex -25.16610550434336 1.7134106149334654 89.6
    endloop
  endfacet
  facet normal 0 0 -1
    outer loop
      vertex -25.16610550434336 1.7134106149334654 89.6
      vertex -25.383084409940604 4.014628236240167 89.6
      vertex -24.958400134810883 2.051309007036958 89.6
    endloop
  endfacet
  facet normal 0 0 -1
    outer loop
      vertex -24.958400134810883 2.051309007036958 89.6
      vertex -25.06977411067625 4.25898895389761 89.6
      vertex -24.714783795196826 2.3643072865718437 89.6
    endloop
  endfacet
  facet normal 0 0 -1
    outer loop
      vertex -25.677016708074593 3.747272091607478 89.6
      vertex -25.383084409940604 4.014628236240167 89.6
      vertex -25.335378641973286 1.3547137390122077 89.6
    endloop
  endfacet
  facet normal 0 0 -1
    outer loop
      vertex -24.958400134810883 2.051309007036958 89.6
      vertex -25.383084409940604 4.014628236240167 89.6
      vertex -25.06977411067625 4.25898895389761 89.6
    endloop
  endfacet
  facet normal 0 0 -1
    outer loop
      vertex -24.714783795196826 2.3643072865718437 89.6
      vertex -24.738880423302543 4.478954568518202 89.6
      vertex -24.438213657852668 2.648606078423274 89.6
    endloop
  endfacet
  facet normal 0 0 -1
    outer loop
      vertex -24.438213657852668 2.648606078423274 89.6
      vertex -24.738880423302543 4.478954568518202 89.6
      vertex -24.132046909593928 2.9007543803795217 89.6
    endloop
  endfacet
  facet normal 0 0 -1
    outer loop
      vertex -24.714783795196826 2.3643072865718437 89.6
      vertex -25.06977411067625 4.25898895389761 89.6
      vertex -24.738880423302543 4.478954568518202 89.6
    endloop
  endfacet
  facet normal 0 0 -1
    outer loop
      vertex -24.132046909593928 2.9007543803795217 89.6
      vertex -24.738880423302543 4.478954568518202 89.6
      vertex -24.39229867689527 4.673265136981332 89.6
    endloop
  endfacet
  facet normal 0 0 -1
    outer loop
      vertex -24.132046909593928 2.9007543803795217 89.6
      vertex -24.39229867689527 4.673265136981332 89.6
      vertex -23.8 3.117691453623979 89.6
    endloop
  endfacet
  facet normal 0 0 -1
    outer loop
      vertex -23.8 3.117691453623979 89.6
      vertex -24.03201406031164 4.840807665947471 89.6
      vertex -23.44610352875069 3.2967839759582067 89.6
    endloop
  endfacet
  facet normal 0 0 -1
    outer loop
      vertex -23.44610352875069 3.2967839759582067 89.6
      vertex -23.660090251208324 4.980622486983236 89.6
      vertex -23.0746533196061 3.435858006766227 89.6
    endloop
  endfacet
  facet normal 0 0 -1
    outer loop
      vertex -23.0746533196061 3.435858006766227 89.6
      vertex -23.27865759548271 5.091908753455268 89.6
      vertex -22.69015827492546 3.5332253757087044 89.6
    endloop
  endfacet
  facet normal 0 0 -1
    outer loop
      vertex -23.8 3.117691453623979 89.6
      vertex -24.39229867689527 4.673265136981332 89.6
      vertex -24.03201406031164 4.840807665947471 89.6
    endloop
  endfacet
  facet normal 0 0 -1
    outer loop
      vertex -23.44610352875069 3.2967839759582067 89.6
      vertex -24.03201406031164 4.840807665947471 89.6
      vertex -23.660090251208324 4.980622486983236 89.6
    endloop
  endfacet
  facet normal 0 0 -1
    outer loop
      vertex -23.0746533196061 3.435858006766227 89.6
      vertex -23.660090251208324 4.980622486983236 89.6
      vertex -23.27865759548271 5.091908753455268 89.6
    endloop
  endfacet
  facet normal 0 0 -1
    outer loop
      vertex -22.69015827492546 3.5332253757087044 89.6
      vertex -22.88990090484451 5.1740290277072205 89.6
      vertex -22.2972856437004 3.5877041748240117 89.6
    endloop
  endfacet
  facet normal 0 0 -1
    outer loop
      vertex -22.69015827492546 3.5332253757087044 89.6
      vertex -23.27865759548271 5.091908753455268 89.6
      vertex -22.88990090484451 5.1740290277072205 89.6
    endloop
  endfacet
  facet normal 0 0 -1
    outer loop
      vertex -22.2972856437004 3.5877041748240117 89.6
      vertex -22.88990090484451 5.1740290277072205 89.6
      vertex -22.496046942412164 5.226512932244935 89.6
    endloop
  endfacet
  facet normal 0 0 -1
    outer loop
      vertex -22.2972856437004 3.5877041748240117 89.6
      vertex -22.09935166801535 5.249059844016124 89.6
      vertex -21.900804367474617 3.5986331052898253 89.6
    endloop
  endfacet
  facet normal 0 0 -1
    outer loop
      vertex -21.900804367474617 3.5986331052898253 89.6
      vertex -21.702087316261363 5.241540616351994 89.6
      vertex -21.50552719185373 3.565879504695012 89.6
    endloop
  endfacet
  facet normal 0 0 -1
    outer loop
      vertex -21.116252246293122 3.4898409573815896 89.6
      vertex -20.914943583403996 5.136647989964257 89.6
      vertex -20.737704801306084 3.3714404683093973 89.6
    endloop
  endfacet
  facet normal 0 0 -1
    outer loop
      vertex -20.737704801306084 3.3714404683093973 89.6
      vertex -20.529572890319237 5.039875406705595 89.6
      vertex -20.374479910080797 3.2121152590262185 89.6
    endloop
  endfacet
  facet normal 0 0 -1
    outer loop
      vertex -21.116252246293122 3.4898409573815896 89.6
      vertex -21.50552719185373 3.565879504695012 89.6
      vertex -21.30652938138106 5.203998318707671 89.6
    endloop
  endfacet
  facet normal 0 0 -1
    outer loop
      vertex -21.116252246293122 3.4898409573815896 89.6
      vertex -21.30652938138106 5.203998318707671 89.6
      vertex -20.914943583403996 5.136647989964257 89.6
    endloop
  endfacet
  facet normal 0 0 -1
    outer loop
      vertex -20.737704801306084 3.3714404683093973 89.6
      vertex -20.914943583403996 5.136647989964257 89.6
      vertex -20.529572890319237 5.039875406705595 89.6
    endloop
  endfacet
  facet normal 0 0 -1
    outer loop
      vertex -22.2972856437004 3.5877041748240117 89.6
      vertex -22.496046942412164 5.226512932244935 89.6
      vertex -22.09935166801535 5.249059844016124 89.6
    endloop
  endfacet
  facet normal 0 0 -1
    outer loop
      vertex -21.900804367474617 3.5986331052898253 89.6
      vertex -22.09935166801535 5.249059844016124 89.6
      vertex -21.702087316261363 5.241540616351994 89.6
    endloop
  endfacet
  facet normal 0 0 -1
    outer loop
      vertex -21.50552719185373 3.565879504695012 89.6
      vertex -21.702087316261363 5.241540616351994 89.6
      vertex -21.30652938138106 5.203998318707671 89.6
    endloop
  endfacet
  facet normal -0.9992837548163316 -0.03784147671766885 0
    outer loop
      vertex -16.75 0 88.6
      vertex -16.75 0 89.6
      vertex -16.765035762281826 0.3970509158933976 88.6
    endloop
  endfacet
  facet normal -0.993559947963185 -0.11330767760126911 0
    outer loop
      vertex -16.765035762281826 0.3970509158933976 88.6
      vertex -16.765035762281826 0.3970509158933976 89.6
      vertex -16.810056925642584 0.7918275600972124 88.6
    endloop
  endfacet
  facet normal -0.9821451197042025 -0.18812486236863507 0
    outer loop
      vertex -16.810056925642584 0.7918275600972124 88.6
      vertex -16.810056925642584 0.7918275600972124 89.6
      vertex -16.88480561293563 1.1820686877441435 88.6
    endloop
  endfacet
  facet normal -0.9651046531419338 -0.2618644849608051 0
    outer loop
      vertex -16.88480561293563 1.1820686877441435 88.6
      vertex -16.88480561293563 1.1820686877441435 89.6
      vertex -16.988853670449334 1.5655390329949932 88.6
    endloop
  endfacet
  facet normal -0.9425361545256732 -0.3341041714973881 0
    outer loop
      vertex -16.988853670449334 1.5655390329949932 88.6
      vertex -16.988853670449334 1.5655390329949932 89.6
      vertex -17.12160512033278 1.9400421124389735 88.6
    endloop
  endfacet
  facet normal -0.9145688941717062 -0.40443013959587965 -6.799270994277473e-18
    outer loop
      vertex -17.282299574302918 2.303432806351767 88.6
      vertex -17.12160512033278 1.9400421124389735 88.6
      vertex -17.12160512033278 1.9400421124389735 89.6
    endloop
  endfacet
  facet normal -0.7523595023795817 -0.658752745101793 0
    outer loop
      vertex -17.92206877282555 3.3065052406484243 88.6
      vertex -17.92206877282555 3.3065052406484243 89.6
      vertex -18.183814627823494 3.6054443838708807 88.6
    endloop
  endfacet
  facet normal -0.4556759384562422 -0.8901457403773964 0
    outer loop
      vertex -19.432571541633376 4.579389818651518 88.6
      vertex -19.432571541633376 4.579389818651518 89.6
      vertex -19.786258049386532 4.760446048018409 88.6
    endloop
  endfacet
  facet normal -0.5216915092004841 -0.8531342035272769 4.7484272046483475e-18
    outer loop
      vertex -19.432571541633376 4.579389818651518 88.6
      vertex -19.093591031585206 4.372103259109745 88.6
      vertex -19.093591031585206 4.372103259109745 89.6
    endloop
  endfacet
  facet normal -0.6443970304648794 -0.7646910926171727 0
    outer loop
      vertex -18.467419247042177 3.8837318681690594 88.6
      vertex -18.467419247042177 3.8837318681690594 89.6
      vertex -18.771258168905742 4.1397736880344205 88.6
    endloop
  endfacet
  facet normal -0.7003841348713484 -0.7137661126871414 0
    outer loop
      vertex -18.183814627823494 3.6054443838708807 88.6
      vertex -18.183814627823494 3.6054443838708807 89.6
      vertex -18.467419247042177 3.8837318681690594 88.6
    endloop
  endfacet
  facet normal -0.584718878224047 -0.8112359912185925 -1.6159628911496652e-17
    outer loop
      vertex -19.093591031585206 4.372103259109745 88.6
      vertex -18.771258168905742 4.1397736880344205 88.6
      vertex -18.771258168905742 4.1397736880344205 89.6
    endloop
  endfacet
  facet normal -0.8813630660146485 -0.4724395684796714 0
    outer loop
      vertex -17.282299574302918 2.303432806351767 88.6
      vertex -17.282299574302918 2.303432806351767 89.6
      vertex -17.47001658907978 2.653629645747049 88.6
    endloop
  endfacet
  facet normal -0.8431088700310841 -0.5377429062990124 0
    outer loop
      vertex -17.47001658907978 2.653629645747049 88.6
      vertex -17.47001658907978 2.653629645747049 89.6
      vertex -17.683680938602247 2.988626734842346 88.6
    endloop
  endfacet
  facet normal -0.8000254227913354 -0.5999661014486944 1.5457638499787224e-17
    outer loop
      vertex -17.92206877282555 3.3065052406484243 88.6
      vertex -17.683680938602247 2.988626734842346 88.6
      vertex -17.683680938602247 2.988626734842346 89.6
    endloop
  endfacet
  facet normal -0.9992837548163316 -0.03784147671766885 0
    outer loop
      vertex -16.765035762281826 0.3970509158933976 88.6
      vertex -16.75 0 89.6
      vertex -16.765035762281826 0.3970509158933976 89.6
    endloop
  endfacet
  facet normal -0.993559947963185 -0.11330767760126911 0
    outer loop
      vertex -16.810056925642584 0.7918275600972124 88.6
      vertex -16.765035762281826 0.3970509158933976 89.6
      vertex -16.810056925642584 0.7918275600972124 89.6
    endloop
  endfacet
  facet normal -0.9821451197042025 -0.18812486236863507 0
    outer loop
      vertex -16.88480561293563 1.1820686877441435 88.6
      vertex -16.810056925642584 0.7918275600972124 89.6
      vertex -16.88480561293563 1.1820686877441435 89.6
    endloop
  endfacet
  facet normal -0.9651046531419338 -0.2618644849608051 0
    outer loop
      vertex -16.988853670449334 1.5655390329949932 88.6
      vertex -16.88480561293563 1.1820686877441435 89.6
      vertex -16.988853670449334 1.5655390329949932 89.6
    endloop
  endfacet
  facet normal -0.9425361545256732 -0.3341041714973881 0
    outer loop
      vertex -17.12160512033278 1.9400421124389735 88.6
      vertex -16.988853670449334 1.5655390329949932 89.6
      vertex -17.12160512033278 1.9400421124389735 89.6
    endloop
  endfacet
  facet normal -0.9145688941717062 -0.40443013959587965 0
    outer loop
      vertex -17.282299574302918 2.303432806351767 88.6
      vertex -17.12160512033278 1.9400421124389735 89.6
      vertex -17.282299574302918 2.303432806351767 89.6
    endloop
  endfacet
  facet normal -0.5216915092004841 -0.8531342035272769 0
    outer loop
      vertex -19.432571541633376 4.579389818651518 88.6
      vertex -19.093591031585206 4.372103259109745 89.6
      vertex -19.432571541633376 4.579389818651518 89.6
    endloop
  endfacet
  facet normal -0.6443970304648794 -0.7646910926171727 0
    outer loop
      vertex -18.771258168905742 4.1397736880344205 88.6
      vertex -18.467419247042177 3.8837318681690594 89.6
      vertex -18.771258168905742 4.1397736880344205 89.6
    endloop
  endfacet
  facet normal -0.7003841348713484 -0.7137661126871414 0
    outer loop
      vertex -18.467419247042177 3.8837318681690594 88.6
      vertex -18.183814627823494 3.6054443838708807 89.6
      vertex -18.467419247042177 3.8837318681690594 89.6
    endloop
  endfacet
  facet normal -0.7523595023795817 -0.658752745101793 0
    outer loop
      vertex -18.183814627823494 3.6054443838708807 88.6
      vertex -17.92206877282555 3.3065052406484243 89.6
      vertex -18.183814627823494 3.6054443838708807 89.6
    endloop
  endfacet
  facet normal -0.584718878224047 -0.8112359912185925 0
    outer loop
      vertex -19.093591031585206 4.372103259109745 88.6
      vertex -18.771258168905742 4.1397736880344205 89.6
      vertex -19.093591031585206 4.372103259109745 89.6
    endloop
  endfacet
  facet normal -0.8813630660146485 -0.4724395684796714 0
    outer loop
      vertex -17.47001658907978 2.653629645747049 88.6
      vertex -17.282299574302918 2.303432806351767 89.6
      vertex -17.47001658907978 2.653629645747049 89.6
    endloop
  endfacet
  facet normal -0.8431088700310841 -0.5377429062990124 0
    outer loop
      vertex -17.683680938602247 2.988626734842346 88.6
      vertex -17.47001658907978 2.653629645747049 89.6
      vertex -17.683680938602247 2.988626734842346 89.6
    endloop
  endfacet
  facet normal -0.8000254227913354 -0.5999661014486944 0
    outer loop
      vertex -17.92206877282555 3.3065052406484243 88.6
      vertex -17.683680938602247 2.988626734842346 89.6
      vertex -17.92206877282555 3.3065052406484243 89.6
    endloop
  endfacet
  facet normal -0.3162076668968268 -0.9486899975206156 5.698738109036507e-18
    outer loop
      vertex -20.529572890319237 5.039875406705595 88.6
      vertex -20.152624670557877 4.914234873524932 88.6
      vertex -20.152624670557877 4.914234873524932 89.6
    endloop
  endfacet
  facet normal -0.3870502972022148 -0.9220586030376146 1.95805918149996e-18
    outer loop
      vertex -20.152624670557877 4.914234873524932 88.6
      vertex -19.786258049386532 4.760446048018409 88.6
      vertex -19.786258049386532 4.760446048018409 89.6
    endloop
  endfacet
  facet normal -0.3870502972022148 -0.9220586030376146 0
    outer loop
      vertex -20.152624670557877 4.914234873524932 88.6
      vertex -19.786258049386532 4.760446048018409 89.6
      vertex -20.152624670557877 4.914234873524932 89.6
    endloop
  endfacet
  facet normal -0.3162076668968268 -0.9486899975206156 0
    outer loop
      vertex -20.529572890319237 5.039875406705595 88.6
      vertex -20.152624670557877 4.914234873524932 89.6
      vertex -20.529572890319237 5.039875406705595 89.6
    endloop
  endfacet
  facet normal -0.4556759384562422 -0.8901457403773964 0
    outer loop
      vertex -19.786258049386532 4.760446048018409 88.6
      vertex -19.432571541633376 4.579389818651518 89.6
      vertex -19.786258049386532 4.760446048018409 89.6
    endloop
  endfacet
  facet normal 0 0 -1
    outer loop
      vertex -18.183814627823494 -3.6054443838708807 89.6
      vertex -18.42184956165538 0.39602959557868544 89.6
      vertex -18.467419247042177 3.8837318681690594 89.6
    endloop
  endfacet
  facet normal 0 0 -1
    outer loop
      vertex -18.183814627823494 -3.6054443838708807 89.6
      vertex -18.467419247042177 3.8837318681690594 89.6
      vertex -18.183814627823494 3.6054443838708807 89.6
    endloop
  endfacet
  facet normal 0 0 -1
    outer loop
      vertex -17.922068772825554 -3.3065052406484248 89.6
      vertex -18.183814627823494 3.6054443838708807 89.6
      vertex -17.92206877282555 3.3065052406484243 89.6
    endloop
  endfacet
  facet normal 0 0 -1
    outer loop
      vertex -18.42184956165538 0.39602959557868544 89.6
      vertex -18.487133022541233 0.7872519283429529 89.6
      vertex -18.467419247042177 3.8837318681690594 89.6
    endloop
  endfacet
  facet normal 0 0 -1
    outer loop
      vertex -18.487133022541233 0.7872519283429529 89.6
      vertex -18.595057929877715 1.1689180891368605 89.6
      vertex -18.467419247042177 3.8837318681690594 89.6
    endloop
  endfacet
  facet normal 0 0 -1
    outer loop
      vertex -18.595057929877715 1.1689180891368605 89.6
      vertex -18.74431422148872 1.536395167787053 89.6
      vertex -18.771258168905742 4.1397736880344205 89.6
    endloop
  endfacet
  facet normal 0 0 -1
    outer loop
      vertex -16.765035762281826 -0.3970509158933961 89.6
      vertex -16.765035762281826 0.3970509158933976 89.6
      vertex -16.75 0 89.6
    endloop
  endfacet
  facet normal 0 0 -1
    outer loop
      vertex -16.765035762281826 -0.3970509158933961 89.6
      vertex -16.810056925642584 0.7918275600972124 89.6
      vertex -16.765035762281826 0.3970509158933976 89.6
    endloop
  endfacet
  facet normal 0 0 -1
    outer loop
      vertex -16.88480561293563 -1.182068687744144 89.6
      vertex -16.988853670449334 1.5655390329949932 89.6
      vertex -16.88480561293563 1.1820686877441435 89.6
    endloop
  endfacet
  facet normal 0 0 -1
    outer loop
      vertex -16.810056925642584 -0.7918275600972147 89.6
      vertex -16.88480561293563 1.1820686877441435 89.6
      vertex -16.810056925642584 0.7918275600972124 89.6
    endloop
  endfacet
  facet normal 0 0 -1
    outer loop
      vertex -17.683680938602247 -2.9886267348423443 89.6
      vertex -17.92206877282555 3.3065052406484243 89.6
      vertex -17.683680938602247 2.988626734842346 89.6
    endloop
  endfacet
  facet normal 0 0 -1
    outer loop
      vertex -17.47001658907978 -2.6536296457470487 89.6
      vertex -17.683680938602247 2.988626734842346 89.6
      vertex -17.47001658907978 2.653629645747049 89.6
    endloop
  endfacet
  facet normal 0 0 -1
    outer loop
      vertex -17.282299574302918 -2.303432806351768 89.6
      vertex -17.47001658907978 2.653629645747049 89.6
      vertex -17.282299574302918 2.303432806351767 89.6
    endloop
  endfacet
  facet normal 0 0 -1
    outer loop
      vertex -16.988853670449334 -1.5655390329949928 89.6
      vertex -17.12160512033278 1.9400421124389735 89.6
      vertex -16.988853670449334 1.5655390329949932 89.6
    endloop
  endfacet
  facet normal 0 0 -1
    outer loop
      vertex -17.121605120332784 -1.9400421124389762 89.6
      vertex -17.282299574302918 2.303432806351767 89.6
      vertex -17.12160512033278 1.9400421124389735 89.6
    endloop
  endfacet
  facet normal 0 0 -1
    outer loop
      vertex -19.159094166172984 2.211165765682804 89.6
      vertex -19.419582952593576 2.5102684839383835 89.6
      vertex -19.432571541633376 4.579389818651518 89.6
    endloop
  endfacet
  facet normal 0 0 -1
    outer loop
      vertex -19.419582952593576 2.5102684839383835 89.6
      vertex -19.711394506444115 2.778899943298755 89.6
      vertex -19.786258049386532 4.760446048018409 89.6
    endloop
  endfacet
  facet normal 0 0 -1
    outer loop
      vertex -18.74431422148872 1.536395167787053 89.6
      vertex -18.933090128182023 1.8852224903563604 89.6
      vertex -18.771258168905742 4.1397736880344205 89.6
    endloop
  endfacet
  facet normal 0 0 -1
    outer loop
      vertex -19.159094166172984 2.211165765682804 89.6
      vertex -19.093591031585206 4.372103259109745 89.6
      vertex -18.933090128182023 1.8852224903563604 89.6
    endloop
  endfacet
  facet normal 0 0 -1
    outer loop
      vertex -18.595057929877715 1.1689180891368605 89.6
      vertex -18.771258168905742 4.1397736880344205 89.6
      vertex -18.467419247042177 3.8837318681690594 89.6
    endloop
  endfacet
  facet normal 0 0 -1
    outer loop
      vertex -18.933090128182023 1.8852224903563604 89.6
      vertex -19.093591031585206 4.372103259109745 89.6
      vertex -18.771258168905742 4.1397736880344205 89.6
    endloop
  endfacet
  facet normal 0 0 -1
    outer loop
      vertex -20.030986630759262 3.0137993217451027 89.6
      vertex -20.374479910080797 3.2121152590262185 89.6
      vertex -20.152624670557877 4.914234873524932 89.6
    endloop
  endfacet
  facet normal 0 0 -1
    outer loop
      vertex -19.711394506444115 2.778899943298755 89.6
      vertex -20.030986630759262 3.0137993217451027 89.6
      vertex -19.786258049386532 4.760446048018409 89.6
    endloop
  endfacet
  facet normal 0 0 -1
    outer loop
      vertex -19.159094166172984 2.211165765682804 89.6
      vertex -19.432571541633376 4.579389818651518 89.6
      vertex -19.093591031585206 4.372103259109745 89.6
    endloop
  endfacet
  facet normal 0 0 -1
    outer loop
      vertex -19.419582952593576 2.5102684839383835 89.6
      vertex -19.786258049386532 4.760446048018409 89.6
      vertex -19.432571541633376 4.579389818651518 89.6
    endloop
  endfacet
  facet normal 0 0 -1
    outer loop
      vertex -20.030986630759262 3.0137993217451027 89.6
      vertex -20.152624670557877 4.914234873524932 89.6
      vertex -19.786258049386532 4.760446048018409 89.6
    endloop
  endfacet
  facet normal 0 0 -1
    outer loop
      vertex -20.529572890319237 5.039875406705595 89.6
      vertex -20.152624670557877 4.914234873524932 89.6
      vertex -20.374479910080797 3.2121152590262185 89.6
    endloop
  endfacet
  facet normal 0.42166513345018264 0.9067516281939834 0
    outer loop
      vertex -2.3922986768952677 -4.673265136981333 88.6
      vertex -2.3922986768952677 -4.673265136981333 89.6
      vertex -2.032014060311641 -4.84080766594747 88.6
    endloop
  endfacet
  facet normal 0.2800813542249069 0.9599762679439228 0
    outer loop
      vertex -1.6600902512083255 -4.980622486983236 88.6
      vertex -1.6600902512083255 -4.980622486983236 89.6
      vertex -1.2786575954827069 -5.091908753455268 88.6
    endloop
  endfacet
  facet normal 0.3518810151318338 0.9360447378142724 0
    outer loop
      vertex -2.032014060311641 -4.84080766594747 88.6
      vertex -2.032014060311641 -4.84080766594747 89.6
      vertex -1.6600902512083255 -4.980622486983236 88.6
    endloop
  endfacet
  facet normal 0.2066774126849529 0.9784091409455727 0
    outer loop
      vertex -1.2786575954827069 -5.091908753455268 88.6
      vertex -1.2786575954827069 -5.091908753455268 89.6
      vertex -0.8899009048445078 -5.1740290277072205 88.6
    endloop
  endfacet
  facet normal 0.13208964164170242 0.9912377749919374 0
    outer loop
      vertex -0.8899009048445078 -5.1740290277072205 88.6
      vertex -0.8899009048445078 -5.1740290277072205 89.6
      vertex -0.496046942412166 -5.226512932244934 88.6
    endloop
  endfacet
  facet normal 0.05674527309307517 0.9983886888289512 0
    outer loop
      vertex -0.496046942412166 -5.226512932244934 88.6
      vertex -0.496046942412166 -5.226512932244934 89.6
      vertex -0.0993516680153481 -5.249059844016124 88.6
    endloop
  endfacet
  facet normal 0.42166513345018264 0.9067516281939834 0
    outer loop
      vertex -2.032014060311641 -4.84080766594747 88.6
      vertex -2.3922986768952677 -4.673265136981333 89.6
      vertex -2.032014060311641 -4.84080766594747 89.6
    endloop
  endfacet
  facet normal 0.2800813542249069 0.9599762679439228 0
    outer loop
      vertex -1.2786575954827069 -5.091908753455268 88.6
      vertex -1.6600902512083255 -4.980622486983236 89.6
      vertex -1.2786575954827069 -5.091908753455268 89.6
    endloop
  endfacet
  facet normal 0.3518810151318338 0.9360447378142724 0
    outer loop
      vertex -1.6600902512083255 -4.980622486983236 88.6
      vertex -2.032014060311641 -4.84080766594747 89.6
      vertex -1.6600902512083255 -4.980622486983236 89.6
    endloop
  endfacet
  facet normal 0.2066774126849529 0.9784091409455727 0
    outer loop
      vertex -0.8899009048445078 -5.1740290277072205 88.6
      vertex -1.2786575954827069 -5.091908753455268 89.6
      vertex -0.8899009048445078 -5.1740290277072205 89.6
    endloop
  endfacet
  facet normal 0.13208964164170242 0.9912377749919374 0
    outer loop
      vertex -0.496046942412166 -5.226512932244934 88.6
      vertex -0.8899009048445078 -5.1740290277072205 89.6
      vertex -0.496046942412166 -5.226512932244934 89.6
    endloop
  endfacet
  facet normal 0.05674527309307517 0.9983886888289512 0
    outer loop
      vertex -0.0993516680153481 -5.249059844016124 88.6
      vertex -0.496046942412166 -5.226512932244934 89.6
      vertex -0.0993516680153481 -5.249059844016124 89.6
    endloop
  endfacet
  facet normal 0.9743227403932138 0.22515594052269255 0
    outer loop
      vertex -5.156261878447063 -0.9876555274353285 88.6
      vertex -5.156261878447063 -0.9876555274353285 89.6
      vertex -5.06679942899515 -1.374788546044235 88.6
    endloop
  endfacet
  facet normal 0.9885605855918883 0.15082429716137483 -3.943517848548502e-18
    outer loop
      vertex -5.156261878447063 -0.9876555274353285 88.6
      vertex -5.2161897268067206 -0.5948653074066669 88.6
      vertex -5.2161897268067206 -0.5948653074066669 89.6
    endloop
  endfacet
  facet normal 0.9971360452796522 0.07562874588445644 -8.577356572606212e-19
    outer loop
      vertex -5.2161897268067206 -0.5948653074066669 88.6
      vertex -5.24623971278574 -0.1986677527677682 88.6
      vertex -5.24623971278574 -0.1986677527677682 89.6
    endloop
  endfacet
  facet normal 0.7268924518431433 0.6867513112135016 4.241761312420399e-18
    outer loop
      vertex -3.677016708074592 -3.747272091607478 88.6
      vertex -3.949887387492801 -3.4584519117844175 88.6
      vertex -3.949887387492801 -3.4584519117844175 89.6
    endloop
  endfacet
  facet normal 0.614998444017954 0.7885283215303656 -6.2611573257655116e-18
    outer loop
      vertex -3.0697741106762466 -4.25898895389761 88.6
      vertex -3.383084409940604 -4.014628236240167 88.6
      vertex -3.383084409940604 -4.014628236240167 89.6
    endloop
  endfacet
  facet normal 0.4890339920698343 0.8722647273621932 -6.5995512350144695e-18
    outer loop
      vertex -2.3922986768952677 -4.673265136981333 88.6
      vertex -2.738880423302544 -4.478954568518202 88.6
      vertex -2.738880423302544 -4.478954568518202 89.6
    endloop
  endfacet
  facet normal 0.5536017082694838 0.8327815731637616 -1.6229780779866455e-17
    outer loop
      vertex -2.738880423302544 -4.478954568518202 88.6
      vertex -3.0697741106762466 -4.25898895389761 88.6
      vertex -3.0697741106762466 -4.25898895389761 89.6
    endloop
  endfacet
  facet normal 0.6728725243729199 0.73975845107982 -1.6506910896816922e-17
    outer loop
      vertex -3.383084409940604 -4.014628236240167 88.6
      vertex -3.677016708074592 -3.747272091607478 88.6
      vertex -3.677016708074592 -3.747272091607478 89.6
    endloop
  endfacet
  facet normal 0.7767488051760855 0.6298105220282713 5.357598508145102e-18
    outer loop
      vertex -3.949887387492801 -3.4584519117844175 88.6
      vertex -4.200133469654506 -3.149822032605652 88.6
      vertex -4.200133469654506 -3.149822032605652 89.6
    endloop
  endfacet
  facet normal 0.8221560116948093 0.569262235208067 -1.5176726247840985e-17
    outer loop
      vertex -4.200133469654506 -3.149822032605652 88.6
      vertex -4.426321567663193 -2.823150258069814 88.6
      vertex -4.426321567663193 -2.823150258069814 89.6
    endloop
  endfacet
  facet normal 0.8628539830324226 0.5054532658565813 0
    outer loop
      vertex -4.627156096576907 -2.4803077345182727 88.6
      vertex -4.627156096576907 -2.4803077345182727 89.6
      vertex -4.426321567663193 -2.823150258069814 88.6
    endloop
  endfacet
  facet normal 0.8986096048946828 0.438749105971764 -7.713232473527141e-18
    outer loop
      vertex -4.627156096576907 -2.4803077345182727 88.6
      vertex -4.801486694401463 -2.1232582328783534 88.6
      vertex -4.801486694401463 -2.1232582328783534 89.6
    endloop
  endfacet
  facet normal 0.9292180723175655 0.36953183094075653 1.1124536943226972e-18
    outer loop
      vertex -4.801486694401463 -2.1232582328783534 88.6
      vertex -4.948314811259781 -1.7540469003612968 88.6
      vertex -4.948314811259781 -1.7540469003612968 89.6
    endloop
  endfacet
  facet normal 0.9545040627715549 0.2981979110466668 -1.9864812842110506e-18
    outer loop
      vertex -4.948314811259781 -1.7540469003612968 88.6
      vertex -5.06679942899515 -1.374788546044235 88.6
      vertex -5.06679942899515 -1.374788546044235 89.6
    endloop
  endfacet
  facet normal 0.9885605855918883 0.15082429716137483 0
    outer loop
      vertex -5.156261878447063 -0.9876555274353285 88.6
      vertex -5.2161897268067206 -0.5948653074066669 89.6
      vertex -5.156261878447063 -0.9876555274353285 89.6
    endloop
  endfacet
  facet normal 0.9971360452796522 0.07562874588445644 0
    outer loop
      vertex -5.2161897268067206 -0.5948653074066669 88.6
      vertex -5.24623971278574 -0.1986677527677682 89.6
      vertex -5.2161897268067206 -0.5948653074066669 89.6
    endloop
  endfacet
  facet normal 1 0 0
    outer loop
      vertex -5.24623971278574 -0.1986677527677682 88.6
      vertex -5.24623971278574 0.1986677527677682 89.6
      vertex -5.24623971278574 -0.1986677527677682 89.6
    endloop
  endfacet
  facet normal 0.5536017082694838 0.8327815731637616 0
    outer loop
      vertex -2.738880423302544 -4.478954568518202 88.6
      vertex -3.0697741106762466 -4.25898895389761 89.6
      vertex -2.738880423302544 -4.478954568518202 89.6
    endloop
  endfacet
  facet normal 0.614998444017954 0.7885283215303656 0
    outer loop
      vertex -3.0697741106762466 -4.25898895389761 88.6
      vertex -3.383084409940604 -4.014628236240167 89.6
      vertex -3.0697741106762466 -4.25898895389761 89.6
    endloop
  endfacet
  facet normal 0.6728725243729199 0.73975845107982 0
    outer loop
      vertex -3.383084409940604 -4.014628236240167 88.6
      vertex -3.677016708074592 -3.747272091607478 89.6
      vertex -3.383084409940604 -4.014628236240167 89.6
    endloop
  endfacet
  facet normal 0.7268924518431433 0.6867513112135016 0
    outer loop
      vertex -3.677016708074592 -3.747272091607478 88.6
      vertex -3.949887387492801 -3.4584519117844175 89.6
      vertex -3.677016708074592 -3.747272091607478 89.6
    endloop
  endfacet
  facet normal 0.7767488051760855 0.6298105220282713 0
    outer loop
      vertex -3.949887387492801 -3.4584519117844175 88.6
      vertex -4.200133469654506 -3.149822032605652 89.6
      vertex -3.949887387492801 -3.4584519117844175 89.6
    endloop
  endfacet
  facet normal 0.8221560116948093 0.569262235208067 0
    outer loop
      vertex -4.200133469654506 -3.149822032605652 88.6
      vertex -4.426321567663193 -2.823150258069814 89.6
      vertex -4.200133469654506 -3.149822032605652 89.6
    endloop
  endfacet
  facet normal 0.8628539830324226 0.5054532658565813 0
    outer loop
      vertex -4.426321567663193 -2.823150258069814 88.6
      vertex -4.627156096576907 -2.4803077345182727 89.6
      vertex -4.426321567663193 -2.823150258069814 89.6
    endloop
  endfacet
  facet normal 0.8986096048946828 0.438749105971764 0
    outer loop
      vertex -4.627156096576907 -2.4803077345182727 88.6
      vertex -4.801486694401463 -2.1232582328783534 89.6
      vertex -4.627156096576907 -2.4803077345182727 89.6
    endloop
  endfacet
  facet normal 0.4890339920698343 0.8722647273621932 0
    outer loop
      vertex -2.3922986768952677 -4.673265136981333 88.6
      vertex -2.738880423302544 -4.478954568518202 89.6
      vertex -2.3922986768952677 -4.673265136981333 89.6
    endloop
  endfacet
  facet normal 0.9292180723175655 0.36953183094075653 0
    outer loop
      vertex -4.801486694401463 -2.1232582328783534 88.6
      vertex -4.948314811259781 -1.7540469003612968 89.6
      vertex -4.801486694401463 -2.1232582328783534 89.6
    endloop
  endfacet
  facet normal 0.9545040627715549 0.2981979110466668 0
    outer loop
      vertex -4.948314811259781 -1.7540469003612968 88.6
      vertex -5.06679942899515 -1.374788546044235 89.6
      vertex -4.948314811259781 -1.7540469003612968 89.6
    endloop
  endfacet
  facet normal 0.9743227403932138 0.22515594052269255 0
    outer loop
      vertex -5.06679942899515 -1.374788546044235 88.6
      vertex -5.156261878447063 -0.9876555274353285 89.6
      vertex -5.06679942899515 -1.374788546044235 89.6
    endloop
  endfacet
  facet normal 0 0 -1
    outer loop
      vertex -0.496046942412166 -5.226512932244934 89.6
      vertex -0.29728564370039773 -3.5877041748240117 89.6
      vertex -0.0993516680153481 -5.249059844016124 89.6
    endloop
  endfacet
  facet normal 0 0 -1
    outer loop
      vertex -5.156261878447063 -0.9876555274353285 89.6
      vertex -5.156261878447063 0.9876555274353285 89.6
      vertex -5.06679942899515 -1.374788546044235 89.6
    endloop
  endfacet
  facet normal 0 0 -1
    outer loop
      vertex -5.156261878447063 -0.9876555274353285 89.6
      vertex -5.2161897268067206 -0.5948653074066669 89.6
      vertex -5.2161897268067206 0.5948653074066669 89.6
    endloop
  endfacet
  facet normal 0 0 -1
    outer loop
      vertex -5.2161897268067206 -0.5948653074066669 89.6
      vertex -5.24623971278574 -0.1986677527677682 89.6
      vertex -5.24623971278574 0.1986677527677682 89.6
    endloop
  endfacet
  facet normal 0 0 -1
    outer loop
      vertex -2.3922986768952677 -4.673265136981333 89.6
      vertex -2.738880423302544 -4.478954568518202 89.6
      vertex -2.7147837951968268 -2.3643072865718437 89.6
    endloop
  endfacet
  facet normal 0 0 -1
    outer loop
      vertex -2.738880423302544 -4.478954568518202 89.6
      vertex -3.0697741106762466 -4.25898895389761 89.6
      vertex -2.958400134810883 -2.051309007036958 89.6
    endloop
  endfacet
  facet normal 0 0 -1
    outer loop
      vertex -3.0697741106762466 -4.25898895389761 89.6
      vertex -3.383084409940604 -4.014628236240167 89.6
      vertex -3.3353786419732865 -1.3547137390122077 89.6
    endloop
  endfacet
  facet normal 0 0 -1
    outer loop
      vertex -2.738880423302544 -4.478954568518202 89.6
      vertex -2.958400134810883 -2.051309007036958 89.6
      vertex -2.7147837951968268 -2.3643072865718437 89.6
    endloop
  endfacet
  facet normal 0 0 -1
    outer loop
      vertex -3.383084409940604 -4.014628236240167 89.6
      vertex -3.677016708074592 -3.747272091607478 89.6
      vertex -3.5509006922498005 -0.5925405250106429 89.6
    endloop
  endfacet
  facet normal 0 0 -1
    outer loop
      vertex -3.0697741106762466 -4.25898895389761 89.6
      vertex -3.1661055043433604 -1.7134106149334654 89.6
      vertex -2.958400134810883 -2.051309007036958 89.6
    endloop
  endfacet
  facet normal 0 0 -1
    outer loop
      vertex -3.0697741106762466 -4.25898895389761 89.6
      vertex -3.3353786419732865 -1.3547137390122077 89.6
      vertex -3.1661055043433604 -1.7134106149334654 89.6
    endloop
  endfacet
  facet normal 0 0 -1
    outer loop
      vertex -2.3922986768952677 -4.673265136981333 89.6
      vertex -2.1320469095939285 -2.900754380379521 89.6
      vertex -2.032014060311641 -4.84080766594747 89.6
    endloop
  endfacet
  facet normal 0 0 -1
    outer loop
      vertex -1.6600902512083255 -4.980622486983236 89.6
      vertex -1.4461035287506896 -3.296783975958207 89.6
      vertex -1.2786575954827069 -5.091908753455268 89.6
    endloop
  endfacet
  facet normal 0 0 -1
    outer loop
      vertex -2.032014060311641 -4.84080766594747 89.6
      vertex -1.8 -3.117691453623979 89.6
      vertex -1.6600902512083255 -4.980622486983236 89.6
    endloop
  endfacet
  facet normal 0 0 -1
    outer loop
      vertex -2.032014060311641 -4.84080766594747 89.6
      vertex -2.1320469095939285 -2.900754380379521 89.6
      vertex -1.8 -3.117691453623979 89.6
    endloop
  endfacet
  facet normal 0 0 -1
    outer loop
      vertex -1.6600902512083255 -4.980622486983236 89.6
      vertex -1.8 -3.117691453623979 89.6
      vertex -1.4461035287506896 -3.296783975958207 89.6
    endloop
  endfacet
  facet normal 0 0 -1
    outer loop
      vertex -1.2786575954827069 -5.091908753455268 89.6
      vertex -1.0746533196061012 -3.4358580067662268 89.6
      vertex -0.8899009048445078 -5.1740290277072205 89.6
    endloop
  endfacet
  facet normal 0 0 -1
    outer loop
      vertex -0.8899009048445078 -5.1740290277072205 89.6
      vertex -0.6901582749254566 -3.533225375708705 89.6
      vertex -0.496046942412166 -5.226512932244934 89.6
    endloop
  endfacet
  facet normal 0 0 -1
    outer loop
      vertex -0.496046942412166 -5.226512932244934 89.6
      vertex -0.6901582749254566 -3.533225375708705 89.6
      vertex -0.29728564370039773 -3.5877041748240117 89.6
    endloop
  endfacet
  facet normal 0 0 -1
    outer loop
      vertex -0.0993516680153481 -5.249059844016124 89.6
      vertex -0.29728564370039773 -3.5877041748240117 89.6
      vertex 0.09919563252538244 -3.5986331052898253 89.6
    endloop
  endfacet
  facet normal 0 0 -1
    outer loop
      vertex -1.2786575954827069 -5.091908753455268 89.6
      vertex -1.4461035287506896 -3.296783975958207 89.6
      vertex -1.0746533196061012 -3.4358580067662268 89.6
    endloop
  endfacet
  facet normal 0 0 -1
    outer loop
      vertex -0.8899009048445078 -5.1740290277072205 89.6
      vertex -1.0746533196061012 -3.4358580067662268 89.6
      vertex -0.6901582749254566 -3.533225375708705 89.6
    endloop
  endfacet
  facet normal 0 0 -1
    outer loop
      vertex -2.3922986768952677 -4.673265136981333 89.6
      vertex -2.4382136578526676 -2.648606078423274 89.6
      vertex -2.1320469095939285 -2.900754380379521 89.6
    endloop
  endfacet
  facet normal 0 0 -1
    outer loop
      vertex -2.3922986768952677 -4.673265136981333 89.6
      vertex -2.7147837951968268 -2.3643072865718437 89.6
      vertex -2.4382136578526676 -2.648606078423274 89.6
    endloop
  endfacet
  facet normal 0 0 -1
    outer loop
      vertex -3.677016708074592 -3.747272091607478 89.6
      vertex -3.949887387492801 -3.4584519117844175 89.6
      vertex -3.949887387492801 3.4584519117844175 89.6
    endloop
  endfacet
  facet normal 0 0 -1
    outer loop
      vertex -3.383084409940604 -4.014628236240167 89.6
      vertex -3.4641648011133017 -0.9795724734432057 89.6
      vertex -3.3353786419732865 -1.3547137390122077 89.6
    endloop
  endfacet
  facet normal 0 0 -1
    outer loop
      vertex -3.383084409940604 -4.014628236240167 89.6
      vertex -3.5509006922498005 -0.5925405250106429 89.6
      vertex -3.4641648011133017 -0.9795724734432057 89.6
    endloop
  endfacet
  facet normal 0 0 -1
    outer loop
      vertex -3.677016708074592 -3.747272091607478 89.6
      vertex -3.5945334591599383 -0.19831593728111588 89.6
      vertex -3.5509006922498005 -0.5925405250106429 89.6
    endloop
  endfacet
  facet normal 0 0 -1
    outer loop
      vertex -4.627156096576907 -2.4803077345182727 89.6
      vertex -4.627156096576907 2.4803077345182727 89.6
      vertex -4.426321567663193 -2.823150258069814 89.6
    endloop
  endfacet
  facet normal 0 0 -1
    outer loop
      vertex -4.948314811259781 -1.7540469003612968 89.6
      vertex -5.06679942899515 -1.374788546044235 89.6
      vertex -5.06679942899515 1.374788546044235 89.6
    endloop
  endfacet
  facet normal 0 0 -1
    outer loop
      vertex -4.801486694401463 -2.1232582328783534 89.6
      vertex -4.948314811259781 -1.7540469003612968 89.6
      vertex -4.948314811259781 1.7540469003612968 89.6
    endloop
  endfacet
  facet normal 0 0 -1
    outer loop
      vertex -4.627156096576907 -2.4803077345182727 89.6
      vertex -4.801486694401463 -2.1232582328783534 89.6
      vertex -4.801486694401463 2.1232582328783534 89.6
    endloop
  endfacet
  facet normal 0 0 -1
    outer loop
      vertex -4.200133469654506 -3.149822032605652 89.6
      vertex -4.426321567663193 -2.823150258069814 89.6
      vertex -4.426321567663193 2.823150258069814 89.6
    endloop
  endfacet
  facet normal 0 0 -1
    outer loop
      vertex -3.949887387492801 -3.4584519117844175 89.6
      vertex -4.200133469654506 -3.149822032605652 89.6
      vertex -4.200133469654506 3.149822032605652 89.6
    endloop
  endfacet
  facet normal 0 0 -1
    outer loop
      vertex -3.677016708074592 -3.747272091607478 89.6
      vertex -3.677016708074592 3.747272091607478 89.6
      vertex -3.5945334591599383 -0.19831593728111588 89.6
    endloop
  endfacet
  facet normal 1 0 0
    outer loop
      vertex -5.24623971278574 -0.1986677527677682 88.6
      vertex -5.24623971278574 0.1986677527677682 88.6
      vertex -5.24623971278574 0.1986677527677682 89.6
    endloop
  endfacet
  facet normal 0.9971360452796522 -0.07562874588445644 8.577356572606212e-19
    outer loop
      vertex -5.24623971278574 0.1986677527677682 88.6
      vertex -5.2161897268067206 0.5948653074066669 88.6
      vertex -5.2161897268067206 0.5948653074066669 89.6
    endloop
  endfacet
  facet normal 0.9885605855918883 -0.15082429716137483 3.943517848548502e-18
    outer loop
      vertex -5.2161897268067206 0.5948653074066669 88.6
      vertex -5.156261878447063 0.9876555274353285 88.6
      vertex -5.156261878447063 0.9876555274353285 89.6
    endloop
  endfacet
  facet normal 0.9743227403932138 -0.22515594052269255 2.199082344468908e-18
    outer loop
      vertex -5.156261878447063 0.9876555274353285 88.6
      vertex -5.06679942899515 1.374788546044235 88.6
      vertex -5.06679942899515 1.374788546044235 89.6
    endloop
  endfacet
  facet normal 0.9545040627715549 -0.2981979110466668 1.9864812842110506e-18
    outer loop
      vertex -5.06679942899515 1.374788546044235 88.6
      vertex -4.948314811259781 1.7540469003612968 88.6
      vertex -4.948314811259781 1.7540469003612968 89.6
    endloop
  endfacet
  facet normal 0.9292180723175655 -0.36953183094075653 -1.1124536943226972e-18
    outer loop
      vertex -4.948314811259781 1.7540469003612968 88.6
      vertex -4.801486694401463 2.1232582328783534 88.6
      vertex -4.801486694401463 2.1232582328783534 89.6
    endloop
  endfacet
  facet normal 0.8986096048946828 -0.438749105971764 7.713232473527141e-18
    outer loop
      vertex -4.801486694401463 2.1232582328783534 88.6
      vertex -4.627156096576907 2.4803077345182727 88.6
      vertex -4.627156096576907 2.4803077345182727 89.6
    endloop
  endfacet
  facet normal 0.8628539830324226 -0.5054532658565813 1.5527607025414965e-17
    outer loop
      vertex -4.627156096576907 2.4803077345182727 88.6
      vertex -4.426321567663193 2.823150258069814 88.6
      vertex -4.426321567663193 2.823150258069814 89.6
    endloop
  endfacet
  facet normal 0.8221560116948093 -0.569262235208067 1.5176726247840985e-17
    outer loop
      vertex -4.426321567663193 2.823150258069814 88.6
      vertex -4.200133469654506 3.149822032605652 88.6
      vertex -4.200133469654506 3.149822032605652 89.6
    endloop
  endfacet
  facet normal 0.7767488051760855 -0.6298105220282713 -5.357598508145102e-18
    outer loop
      vertex -4.200133469654506 3.149822032605652 88.6
      vertex -3.949887387492801 3.4584519117844175 88.6
      vertex -3.949887387492801 3.4584519117844175 89.6
    endloop
  endfacet
  facet normal 0.7268924518431433 -0.6867513112135016 -4.241761312420399e-18
    outer loop
      vertex -3.949887387492801 3.4584519117844175 88.6
      vertex -3.677016708074592 3.747272091607478 88.6
      vertex -3.677016708074592 3.747272091607478 89.6
    endloop
  endfacet
  facet normal 0.6728725243729199 -0.73975845107982 1.6506910896816922e-17
    outer loop
      vertex -3.677016708074592 3.747272091607478 88.6
      vertex -3.383084409940604 4.014628236240167 88.6
      vertex -3.383084409940604 4.014628236240167 89.6
    endloop
  endfacet
  facet normal 0.614998444017955 -0.7885283215303647 -1.6060278350126406e-17
    outer loop
      vertex -3.383084409940604 4.014628236240167 88.6
      vertex -3.0697741106762475 4.25898895389761 88.6
      vertex -3.0697741106762475 4.25898895389761 89.6
    endloop
  endfacet
  facet normal 0.5536017082694829 -0.8327815731637621 -1.598003927606636e-17
    outer loop
      vertex -3.0697741106762475 4.25898895389761 88.6
      vertex -2.738880423302544 4.478954568518202 88.6
      vertex -2.738880423302544 4.478954568518202 89.6
    endloop
  endfacet
  facet normal 0.48903399206983356 -0.8722647273621936 -1.4954263776572346e-17
    outer loop
      vertex -2.738880423302544 4.478954568518202 88.6
      vertex -2.3922986768952685 4.673265136981332 88.6
      vertex -2.3922986768952685 4.673265136981332 89.6
    endloop
  endfacet
  facet normal 0.9971360452796522 -0.07562874588445644 0
    outer loop
      vertex -5.24623971278574 0.1986677527677682 88.6
      vertex -5.2161897268067206 0.5948653074066669 89.6
      vertex -5.24623971278574 0.1986677527677682 89.6
    endloop
  endfacet
  facet normal 0.9885605855918883 -0.15082429716137483 0
    outer loop
      vertex -5.2161897268067206 0.5948653074066669 88.6
      vertex -5.156261878447063 0.9876555274353285 89.6
      vertex -5.2161897268067206 0.5948653074066669 89.6
    endloop
  endfacet
  facet normal 0.9743227403932138 -0.22515594052269255 0
    outer loop
      vertex -5.156261878447063 0.9876555274353285 88.6
      vertex -5.06679942899515 1.374788546044235 89.6
      vertex -5.156261878447063 0.9876555274353285 89.6
    endloop
  endfacet
  facet normal 0.9545040627715549 -0.2981979110466668 0
    outer loop
      vertex -5.06679942899515 1.374788546044235 88.6
      vertex -4.948314811259781 1.7540469003612968 89.6
      vertex -5.06679942899515 1.374788546044235 89.6
    endloop
  endfacet
  facet normal 0.9292180723175655 -0.36953183094075653 0
    outer loop
      vertex -4.948314811259781 1.7540469003612968 88.6
      vertex -4.801486694401463 2.1232582328783534 89.6
      vertex -4.948314811259781 1.7540469003612968 89.6
    endloop
  endfacet
  facet normal 0.8986096048946828 -0.438749105971764 0
    outer loop
      vertex -4.801486694401463 2.1232582328783534 88.6
      vertex -4.627156096576907 2.4803077345182727 89.6
      vertex -4.801486694401463 2.1232582328783534 89.6
    endloop
  endfacet
  facet normal 0.8628539830324226 -0.5054532658565813 0
    outer loop
      vertex -4.627156096576907 2.4803077345182727 88.6
      vertex -4.426321567663193 2.823150258069814 89.6
      vertex -4.627156096576907 2.4803077345182727 89.6
    endloop
  endfacet
  facet normal 0.8221560116948093 -0.569262235208067 0
    outer loop
      vertex -4.426321567663193 2.823150258069814 88.6
      vertex -4.200133469654506 3.149822032605652 89.6
      vertex -4.426321567663193 2.823150258069814 89.6
    endloop
  endfacet
  facet normal 0.7767488051760855 -0.6298105220282713 0
    outer loop
      vertex -4.200133469654506 3.149822032605652 88.6
      vertex -3.949887387492801 3.4584519117844175 89.6
      vertex -4.200133469654506 3.149822032605652 89.6
    endloop
  endfacet
  facet normal 0.7268924518431433 -0.6867513112135016 0
    outer loop
      vertex -3.949887387492801 3.4584519117844175 88.6
      vertex -3.677016708074592 3.747272091607478 89.6
      vertex -3.949887387492801 3.4584519117844175 89.6
    endloop
  endfacet
  facet normal 0.6728725243729199 -0.73975845107982 0
    outer loop
      vertex -3.677016708074592 3.747272091607478 88.6
      vertex -3.383084409940604 4.014628236240167 89.6
      vertex -3.677016708074592 3.747272091607478 89.6
    endloop
  endfacet
  facet normal 0.614998444017955 -0.7885283215303647 0
    outer loop
      vertex -3.383084409940604 4.014628236240167 88.6
      vertex -3.0697741106762475 4.25898895389761 89.6
      vertex -3.383084409940604 4.014628236240167 89.6
    endloop
  endfacet
  facet normal 0.5536017082694829 -0.8327815731637621 0
    outer loop
      vertex -3.0697741106762475 4.25898895389761 88.6
      vertex -2.738880423302544 4.478954568518202 89.6
      vertex -3.0697741106762475 4.25898895389761 89.6
    endloop
  endfacet
  facet normal 0.48903399206983356 -0.8722647273621936 0
    outer loop
      vertex -2.738880423302544 4.478954568518202 88.6
      vertex -2.3922986768952685 4.673265136981332 89.6
      vertex -2.738880423302544 4.478954568518202 89.6
    endloop
  endfacet
  facet normal 0.4216651334501842 -0.9067516281939826 -4.0536517985478355e-18
    outer loop
      vertex -2.3922986768952685 4.673265136981332 88.6
      vertex -2.0320140603116394 4.840807665947471 88.6
      vertex -2.0320140603116394 4.840807665947471 89.6
    endloop
  endfacet
  facet normal 0.351881015131833 -0.9360447378142729 -3.608542842875302e-18
    outer loop
      vertex -2.0320140603116394 4.840807665947471 88.6
      vertex -1.6600902512083255 4.980622486983236 88.6
      vertex -1.6600902512083255 4.980622486983236 89.6
    endloop
  endfacet
  facet normal 0.28008135422490776 -0.9599762679439225 -4.1353145335012345e-18
    outer loop
      vertex -1.6600902512083255 4.980622486983236 88.6
      vertex -1.2786575954827082 5.091908753455268 88.6
      vertex -1.2786575954827082 5.091908753455268 89.6
    endloop
  endfacet
  facet normal 0.20667741268495224 -0.978409140945573 8.62572474870638e-18
    outer loop
      vertex -1.2786575954827082 5.091908753455268 88.6
      vertex -0.8899009048445078 5.1740290277072205 88.6
      vertex -0.8899009048445078 5.1740290277072205 89.6
    endloop
  endfacet
  facet normal 0.13208964164170417 -0.9912377749919372 1.981180082679897e-18
    outer loop
      vertex -0.8899009048445078 5.1740290277072205 88.6
      vertex -0.4960469424121647 5.226512932244935 88.6
      vertex -0.4960469424121647 5.226512932244935 89.6
    endloop
  endfacet
  facet normal 0.05674527309307332 -0.9983886888289513 -9.863029621917908e-19
    outer loop
      vertex -0.4960469424121647 5.226512932244935 88.6
      vertex -0.09935166801534939 5.249059844016124 88.6
      vertex -0.09935166801534939 5.249059844016124 89.6
    endloop
  endfacet
  facet normal 0.4216651334501842 -0.9067516281939826 0
    outer loop
      vertex -2.3922986768952685 4.673265136981332 88.6
      vertex -2.0320140603116394 4.840807665947471 89.6
      vertex -2.3922986768952685 4.673265136981332 89.6
    endloop
  endfacet
  facet normal 0.351881015131833 -0.9360447378142729 0
    outer loop
      vertex -2.0320140603116394 4.840807665947471 88.6
      vertex -1.6600902512083255 4.980622486983236 89.6
      vertex -2.0320140603116394 4.840807665947471 89.6
    endloop
  endfacet
  facet normal 0.28008135422490776 -0.9599762679439225 0
    outer loop
      vertex -1.6600902512083255 4.980622486983236 88.6
      vertex -1.2786575954827082 5.091908753455268 89.6
      vertex -1.6600902512083255 4.980622486983236 89.6
    endloop
  endfacet
  facet normal 0.20667741268495224 -0.978409140945573 0
    outer loop
      vertex -1.2786575954827082 5.091908753455268 88.6
      vertex -0.8899009048445078 5.1740290277072205 89.6
      vertex -1.2786575954827082 5.091908753455268 89.6
    endloop
  endfacet
  facet normal 0.13208964164170417 -0.9912377749919372 0
    outer loop
      vertex -0.8899009048445078 5.1740290277072205 88.6
      vertex -0.4960469424121647 5.226512932244935 89.6
      vertex -0.8899009048445078 5.1740290277072205 89.6
    endloop
  endfacet
  facet normal 0.05674527309307332 -0.9983886888289513 0
    outer loop
      vertex -0.4960469424121647 5.226512932244935 88.6
      vertex -0.09935166801534939 5.249059844016124 89.6
      vertex -0.4960469424121647 5.226512932244935 89.6
    endloop
  endfacet
  facet normal 0 0 -1
    outer loop
      vertex -5.2161897268067206 -0.5948653074066669 89.6
      vertex -5.24623971278574 0.1986677527677682 89.6
      vertex -5.2161897268067206 0.5948653074066669 89.6
    endloop
  endfacet
  facet normal 0 0 -1
    outer loop
      vertex -5.156261878447063 -0.9876555274353285 89.6
      vertex -5.2161897268067206 0.5948653074066669 89.6
      vertex -5.156261878447063 0.9876555274353285 89.6
    endloop
  endfacet
  facet normal 0 0 -1
    outer loop
      vertex -5.06679942899515 -1.374788546044235 89.6
      vertex -5.156261878447063 0.9876555274353285 89.6
      vertex -5.06679942899515 1.374788546044235 89.6
    endloop
  endfacet
  facet normal 0 0 -1
    outer loop
      vertex -4.948314811259781 -1.7540469003612968 89.6
      vertex -5.06679942899515 1.374788546044235 89.6
      vertex -4.948314811259781 1.7540469003612968 89.6
    endloop
  endfacet
  facet normal 0 0 -1
    outer loop
      vertex -4.801486694401463 -2.1232582328783534 89.6
      vertex -4.948314811259781 1.7540469003612968 89.6
      vertex -4.801486694401463 2.1232582328783534 89.6
    endloop
  endfacet
  facet normal 0 0 -1
    outer loop
      vertex -4.627156096576907 -2.4803077345182727 89.6
      vertex -4.801486694401463 2.1232582328783534 89.6
      vertex -4.627156096576907 2.4803077345182727 89.6
    endloop
  endfacet
  facet normal 0 0 -1
    outer loop
      vertex -4.426321567663193 -2.823150258069814 89.6
      vertex -4.627156096576907 2.4803077345182727 89.6
      vertex -4.426321567663193 2.823150258069814 89.6
    endloop
  endfacet
  facet normal 0 0 -1
    outer loop
      vertex -4.200133469654506 -3.149822032605652 89.6
      vertex -4.426321567663193 2.823150258069814 89.6
      vertex -4.200133469654506 3.149822032605652 89.6
    endloop
  endfacet
  facet normal 0 0 -1
    outer loop
      vertex -3.949887387492801 -3.4584519117844175 89.6
      vertex -4.200133469654506 3.149822032605652 89.6
      vertex -3.949887387492801 3.4584519117844175 89.6
    endloop
  endfacet
  facet normal 0 0 -1
    outer loop
      vertex -3.677016708074592 -3.747272091607478 89.6
      vertex -3.949887387492801 3.4584519117844175 89.6
      vertex -3.677016708074592 3.747272091607478 89.6
    endloop
  endfacet
  facet normal 0 0 -1
    outer loop
      vertex -3.5945334591599383 -0.19831593728111588 89.6
      vertex -3.677016708074592 3.747272091607478 89.6
      vertex -3.5945334591599383 0.19831593728111588 89.6
    endloop
  endfacet
  facet normal 0 0 -1
    outer loop
      vertex -3.5945334591599383 0.19831593728111588 89.6
      vertex -3.677016708074592 3.747272091607478 89.6
      vertex -3.5509006922498005 0.5925405250106429 89.6
    endloop
  endfacet
  facet normal 0 0 -1
    outer loop
      vertex -3.5509006922498005 0.5925405250106429 89.6
      vertex -3.677016708074592 3.747272091607478 89.6
      vertex -3.4641648011133017 0.9795724734432057 89.6
    endloop
  endfacet
  facet normal 0 0 -1
    outer loop
      vertex -3.4641648011133017 0.9795724734432057 89.6
      vertex -3.677016708074592 3.747272091607478 89.6
      vertex -3.3353786419732865 1.3547137390122077 89.6
    endloop
  endfacet
  facet normal 0 0 -1
    outer loop
      vertex -3.3353786419732865 1.3547137390122077 89.6
      vertex -3.383084409940604 4.014628236240167 89.6
      vertex -3.1661055043433604 1.7134106149334654 89.6
    endloop
  endfacet
  facet normal 0 0 -1
    outer loop
      vertex -3.1661055043433604 1.7134106149334654 89.6
      vertex -3.383084409940604 4.014628236240167 89.6
      vertex -2.958400134810883 2.051309007036958 89.6
    endloop
  endfacet
  facet normal 0 0 -1
    outer loop
      vertex -2.958400134810883 2.051309007036958 89.6
      vertex -3.0697741106762475 4.25898895389761 89.6
      vertex -2.7147837951968268 2.3643072865718437 89.6
    endloop
  endfacet
  facet normal 0 0 -1
    outer loop
      vertex -3.3353786419732865 1.3547137390122077 89.6
      vertex -3.677016708074592 3.747272091607478 89.6
      vertex -3.383084409940604 4.014628236240167 89.6
    endloop
  endfacet
  facet normal 0 0 -1
    outer loop
      vertex -2.7147837951968268 2.3643072865718437 89.6
      vertex -2.738880423302544 4.478954568518202 89.6
      vertex -2.4382136578526676 2.648606078423274 89.6
    endloop
  endfacet
  facet normal 0 0 -1
    outer loop
      vertex -2.958400134810883 2.051309007036958 89.6
      vertex -3.383084409940604 4.014628236240167 89.6
      vertex -3.0697741106762475 4.25898895389761 89.6
    endloop
  endfacet
  facet normal 0 0 -1
    outer loop
      vertex -2.7147837951968268 2.3643072865718437 89.6
      vertex -3.0697741106762475 4.25898895389761 89.6
      vertex -2.738880423302544 4.478954568518202 89.6
    endloop
  endfacet
  facet normal 0 0 -1
    outer loop
      vertex -2.738880423302544 4.478954568518202 89.6
      vertex -2.1320469095939276 2.9007543803795217 89.6
      vertex -2.4382136578526676 2.648606078423274 89.6
    endloop
  endfacet
  facet normal 0 0 -1
    outer loop
      vertex -2.1320469095939276 2.9007543803795217 89.6
      vertex -2.3922986768952685 4.673265136981332 89.6
      vertex -1.8 3.117691453623979 89.6
    endloop
  endfacet
  facet normal 0 0 -1
    outer loop
      vertex -2.738880423302544 4.478954568518202 89.6
      vertex -2.3922986768952685 4.673265136981332 89.6
      vertex -2.1320469095939276 2.9007543803795217 89.6
    endloop
  endfacet
  facet normal 0 0 -1
    outer loop
      vertex -1.8 3.117691453623979 89.6
      vertex -2.0320140603116394 4.840807665947471 89.6
      vertex -1.4461035287506903 3.2967839759582067 89.6
    endloop
  endfacet
  facet normal 0 0 -1
    outer loop
      vertex -1.4461035287506903 3.2967839759582067 89.6
      vertex -1.6600902512083255 4.980622486983236 89.6
      vertex -1.0746533196061 3.435858006766227 89.6
    endloop
  endfacet
  facet normal 0 0 -1
    outer loop
      vertex -1.8 3.117691453623979 89.6
      vertex -2.3922986768952685 4.673265136981332 89.6
      vertex -2.0320140603116394 4.840807665947471 89.6
    endloop
  endfacet
  facet normal 0 0 -1
    outer loop
      vertex -1.4461035287506903 3.2967839759582067 89.6
      vertex -2.0320140603116394 4.840807665947471 89.6
      vertex -1.6600902512083255 4.980622486983236 89.6
    endloop
  endfacet
  facet normal 0 0 -1
    outer loop
      vertex -1.0746533196061 3.435858006766227 89.6
      vertex -1.6600902512083255 4.980622486983236 89.6
      vertex -1.2786575954827082 5.091908753455268 89.6
    endloop
  endfacet
  facet normal 0 0 -1
    outer loop
      vertex -1.0746533196061 3.435858006766227 89.6
      vertex -1.2786575954827082 5.091908753455268 89.6
      vertex -0.6901582749254584 3.5332253757087044 89.6
    endloop
  endfacet
  facet normal 0 0 -1
    outer loop
      vertex -0.6901582749254584 3.5332253757087044 89.6
      vertex -1.2786575954827082 5.091908753455268 89.6
      vertex -0.8899009048445078 5.1740290277072205 89.6
    endloop
  endfacet
  facet normal 0 0 -1
    outer loop
      vertex -0.6901582749254584 3.5332253757087044 89.6
      vertex -0.8899009048445078 5.1740290277072205 89.6
      vertex -0.29728564370039684 3.5877041748240117 89.6
    endloop
  endfacet
  facet normal 0 0 -1
    outer loop
      vertex -0.29728564370039684 3.5877041748240117 89.6
      vertex -0.09935166801534939 5.249059844016124 89.6
      vertex 0.09919563252538333 3.5986331052898253 89.6
    endloop
  endfacet
  facet normal 0 0 -1
    outer loop
      vertex -0.29728564370039684 3.5877041748240117 89.6
      vertex -0.8899009048445078 5.1740290277072205 89.6
      vertex -0.4960469424121647 5.226512932244935 89.6
    endloop
  endfacet
  facet normal 0 0 -1
    outer loop
      vertex -0.29728564370039684 3.5877041748240117 89.6
      vertex -0.4960469424121647 5.226512932244935 89.6
      vertex -0.09935166801534939 5.249059844016124 89.6
    endloop
  endfacet
  facet normal -0.018924127241020258 0.9998209226697378 0
    outer loop
      vertex -0.0993516680153481 -5.249059844016124 88.6
      vertex -0.0993516680153481 -5.249059844016124 89.6
      vertex 0.29791268373863866 -5.241540616351994 88.6
    endloop
  endfacet
  facet normal -0.09448513188803119 0.9955262728085589 0
    outer loop
      vertex 0.29791268373863866 -5.241540616351994 88.6
      vertex 0.29791268373863866 -5.241540616351994 89.6
      vertex 0.6934706186189358 -5.203998318707671 88.6
    endloop
  endfacet
  facet normal -0.1695049342560968 0.9855293386108991 0
    outer loop
      vertex 0.6934706186189358 -5.203998318707671 88.6
      vertex 0.6934706186189358 -5.203998318707671 89.6
      vertex 1.0850564165960053 -5.136647989964256 88.6
    endloop
  endfacet
  facet normal -0.24355382771099074 0.9698873816105276 0
    outer loop
      vertex 1.0850564165960053 -5.136647989964256 88.6
      vertex 1.0850564165960053 -5.136647989964256 89.6
      vertex 1.470427109680762 -5.039875406705595 88.6
    endloop
  endfacet
  facet normal -0.31620766689682595 0.9486899975206158 0
    outer loop
      vertex 1.470427109680762 -5.039875406705595 88.6
      vertex 1.470427109680762 -5.039875406705595 89.6
      vertex 1.847375329442123 -4.914234873524932 88.6
    endloop
  endfacet
  facet normal -0.38705029720221645 0.9220586030376138 0
    outer loop
      vertex 1.847375329442123 -4.914234873524932 88.6
      vertex 1.847375329442123 -4.914234873524932 89.6
      vertex 2.2137419506134637 -4.76044604801841 88.6
    endloop
  endfacet
  facet normal -0.45567593845624027 0.8901457403773972 0
    outer loop
      vertex 2.2137419506134637 -4.76044604801841 88.6
      vertex 2.2137419506134637 -4.76044604801841 89.6
      vertex 2.5674284583666256 -4.579389818651517 88.6
    endloop
  endfacet
  facet normal -0.018924127241020258 0.9998209226697378 4.441331372519304e-19
    outer loop
      vertex -0.0993516680153481 -5.249059844016124 89.6
      vertex 0.29791268373863866 -5.241540616351994 89.6
      vertex 0.29791268373863866 -5.241540616351994 88.6
    endloop
  endfacet
  facet normal -0.09448513188803119 0.9955262728085589 0
    outer loop
      vertex 0.6934706186189358 -5.203998318707671 88.6
      vertex 0.29791268373863866 -5.241540616351994 89.6
      vertex 0.6934706186189358 -5.203998318707671 89.6
    endloop
  endfacet
  facet normal -0.1695049342560968 0.9855293386108991 0
    outer loop
      vertex 1.0850564165960053 -5.136647989964256 88.6
      vertex 0.6934706186189358 -5.203998318707671 89.6
      vertex 1.0850564165960053 -5.136647989964256 89.6
    endloop
  endfacet
  facet normal -0.24355382771099074 0.9698873816105276 0
    outer loop
      vertex 1.470427109680762 -5.039875406705595 88.6
      vertex 1.0850564165960053 -5.136647989964256 89.6
      vertex 1.470427109680762 -5.039875406705595 89.6
    endloop
  endfacet
  facet normal -0.31620766689682595 0.9486899975206158 0
    outer loop
      vertex 1.847375329442123 -4.914234873524932 88.6
      vertex 1.470427109680762 -5.039875406705595 89.6
      vertex 1.847375329442123 -4.914234873524932 89.6
    endloop
  endfacet
  facet normal -0.38705029720221645 0.9220586030376138 0
    outer loop
      vertex 2.2137419506134637 -4.76044604801841 88.6
      vertex 1.847375329442123 -4.914234873524932 89.6
      vertex 2.2137419506134637 -4.76044604801841 89.6
    endloop
  endfacet
  facet normal -0.5216915092004855 0.8531342035272761 0
    outer loop
      vertex 2.5674284583666256 -4.579389818651517 88.6
      vertex 2.5674284583666256 -4.579389818651517 89.6
      vertex 2.906408968414793 -4.372103259109745 88.6
    endloop
  endfacet
  facet normal -0.5847188782240461 0.8112359912185929 0
    outer loop
      vertex 2.906408968414793 -4.372103259109745 88.6
      vertex 2.906408968414793 -4.372103259109745 89.6
      vertex 3.2287418310942546 -4.139773688034422 88.6
    endloop
  endfacet
  facet normal -0.6443970304648773 0.7646910926171745 0
    outer loop
      vertex 3.2287418310942546 -4.139773688034422 88.6
      vertex 3.2287418310942546 -4.139773688034422 89.6
      vertex 3.5325807529578253 -3.8837318681690585 88.6
    endloop
  endfacet
  facet normal -0.7003841348713506 0.7137661126871392 0
    outer loop
      vertex 3.5325807529578253 -3.8837318681690585 88.6
      vertex 3.5325807529578253 -3.8837318681690585 89.6
      vertex 3.8161853721765047 -3.6054443838708807 88.6
    endloop
  endfacet
  facet normal -0.7523595023795824 0.6587527451017924 0
    outer loop
      vertex 3.8161853721765047 -3.6054443838708807 88.6
      vertex 3.8161853721765047 -3.6054443838708807 89.6
      vertex 4.077931227174448 -3.3065052406484248 88.6
    endloop
  endfacet
  facet normal -0.8000254227913342 0.599966101448696 0
    outer loop
      vertex 4.077931227174448 -3.3065052406484248 88.6
      vertex 4.077931227174448 -3.3065052406484248 89.6
      vertex 4.316319061397754 -2.9886267348423443 88.6
    endloop
  endfacet
  facet normal -0.8431088700310841 0.5377429062990124 0
    outer loop
      vertex 4.316319061397754 -2.9886267348423443 88.6
      vertex 4.316319061397754 -2.9886267348423443 89.6
      vertex 4.52998341092022 -2.6536296457470487 88.6
    endloop
  endfacet
  facet normal -0.8813630660146488 0.47243956847967106 0
    outer loop
      vertex 4.52998341092022 -2.6536296457470487 88.6
      vertex 4.52998341092022 -2.6536296457470487 89.6
      vertex 4.717700425697081 -2.303432806351768 88.6
    endloop
  endfacet
  facet normal -0.9145688941717071 0.40443013959587754 0
    outer loop
      vertex 4.717700425697081 -2.303432806351768 88.6
      vertex 4.717700425697081 -2.303432806351768 89.6
      vertex 4.8783948796672165 -1.9400421124389762 88.6
    endloop
  endfacet
  facet normal -0.9425361545256727 0.33410417149738963 0
    outer loop
      vertex 4.8783948796672165 -1.9400421124389762 88.6
      vertex 4.8783948796672165 -1.9400421124389762 89.6
      vertex 5.011146329550665 -1.5655390329949928 88.6
    endloop
  endfacet
  facet normal -0.9651046531419336 0.26186448496080567 0
    outer loop
      vertex 5.011146329550665 -1.5655390329949928 88.6
      vertex 5.011146329550665 -1.5655390329949928 89.6
      vertex 5.11519438706437 -1.182068687744144 88.6
    endloop
  endfacet
  facet normal -0.9821451197042023 0.18812486236863588 0
    outer loop
      vertex 5.11519438706437 -1.182068687744144 88.6
      vertex 5.11519438706437 -1.182068687744144 89.6
      vertex 5.189943074357415 -0.7918275600972147 88.6
    endloop
  endfacet
  facet normal -0.993559947963185 0.11330767760126804 0
    outer loop
      vertex 5.189943074357415 -0.7918275600972147 88.6
      vertex 5.189943074357415 -0.7918275600972147 89.6
      vertex 5.234964237718173 -0.3970509158933961 88.6
    endloop
  endfacet
  facet normal -0.9992837548163315 0.03784147671767122 0
    outer loop
      vertex 5.234964237718173 -0.3970509158933961 88.6
      vertex 5.234964237718173 -0.3970509158933961 89.6
      vertex 5.25 0 88.6
    endloop
  endfacet
  facet normal -0.45567593845624027 0.8901457403773972 0
    outer loop
      vertex 2.5674284583666256 -4.579389818651517 88.6
      vertex 2.2137419506134637 -4.76044604801841 89.6
      vertex 2.5674284583666256 -4.579389818651517 89.6
    endloop
  endfacet
  facet normal -0.5216915092004855 0.8531342035272761 0
    outer loop
      vertex 2.906408968414793 -4.372103259109745 88.6
      vertex 2.5674284583666256 -4.579389818651517 89.6
      vertex 2.906408968414793 -4.372103259109745 89.6
    endloop
  endfacet
  facet normal -0.5847188782240461 0.8112359912185929 0
    outer loop
      vertex 3.2287418310942546 -4.139773688034422 88.6
      vertex 2.906408968414793 -4.372103259109745 89.6
      vertex 3.2287418310942546 -4.139773688034422 89.6
    endloop
  endfacet
  facet normal -0.6443970304648773 0.7646910926171745 0
    outer loop
      vertex 3.5325807529578253 -3.8837318681690585 88.6
      vertex 3.2287418310942546 -4.139773688034422 89.6
      vertex 3.5325807529578253 -3.8837318681690585 89.6
    endloop
  endfacet
  facet normal -0.7003841348713506 0.7137661126871392 0
    outer loop
      vertex 3.8161853721765047 -3.6054443838708807 88.6
      vertex 3.5325807529578253 -3.8837318681690585 89.6
      vertex 3.8161853721765047 -3.6054443838708807 89.6
    endloop
  endfacet
  facet normal -0.7523595023795824 0.6587527451017924 0
    outer loop
      vertex 4.077931227174448 -3.3065052406484248 88.6
      vertex 3.8161853721765047 -3.6054443838708807 89.6
      vertex 4.077931227174448 -3.3065052406484248 89.6
    endloop
  endfacet
  facet normal -0.8000254227913342 0.599966101448696 0
    outer loop
      vertex 4.316319061397754 -2.9886267348423443 88.6
      vertex 4.077931227174448 -3.3065052406484248 89.6
      vertex 4.316319061397754 -2.9886267348423443 89.6
    endloop
  endfacet
  facet normal -0.8431088700310841 0.5377429062990124 0
    outer loop
      vertex 4.52998341092022 -2.6536296457470487 88.6
      vertex 4.316319061397754 -2.9886267348423443 89.6
      vertex 4.52998341092022 -2.6536296457470487 89.6
    endloop
  endfacet
  facet normal -0.8813630660146488 0.47243956847967106 0
    outer loop
      vertex 4.717700425697081 -2.303432806351768 88.6
      vertex 4.52998341092022 -2.6536296457470487 89.6
      vertex 4.717700425697081 -2.303432806351768 89.6
    endloop
  endfacet
  facet normal -0.9145688941717071 0.40443013959587754 0
    outer loop
      vertex 4.8783948796672165 -1.9400421124389762 88.6
      vertex 4.717700425697081 -2.303432806351768 89.6
      vertex 4.8783948796672165 -1.9400421124389762 89.6
    endloop
  endfacet
  facet normal -0.9425361545256727 0.33410417149738963 0
    outer loop
      vertex 5.011146329550665 -1.5655390329949928 88.6
      vertex 4.8783948796672165 -1.9400421124389762 89.6
      vertex 5.011146329550665 -1.5655390329949928 89.6
    endloop
  endfacet
  facet normal -0.9651046531419336 0.26186448496080567 0
    outer loop
      vertex 5.11519438706437 -1.182068687744144 88.6
      vertex 5.011146329550665 -1.5655390329949928 89.6
      vertex 5.11519438706437 -1.182068687744144 89.6
    endloop
  endfacet
  facet normal -0.9821451197042023 0.18812486236863588 0
    outer loop
      vertex 5.189943074357415 -0.7918275600972147 88.6
      vertex 5.11519438706437 -1.182068687744144 89.6
      vertex 5.189943074357415 -0.7918275600972147 89.6
    endloop
  endfacet
  facet normal -0.993559947963185 0.11330767760126804 0
    outer loop
      vertex 5.234964237718173 -0.3970509158933961 88.6
      vertex 5.189943074357415 -0.7918275600972147 89.6
      vertex 5.234964237718173 -0.3970509158933961 89.6
    endloop
  endfacet
  facet normal -0.9992837548163315 0.03784147671767122 -7.260951085475292e-19
    outer loop
      vertex 5.234964237718173 -0.3970509158933961 89.6
      vertex 5.25 0 89.6
      vertex 5.25 0 88.6
    endloop
  endfacet
  facet normal 0 0 -1
    outer loop
      vertex -0.0993516680153481 -5.249059844016124 89.6
      vertex 0.09919563252538244 -3.5986331052898253 89.6
      vertex 0.29791268373863866 -5.241540616351994 89.6
    endloop
  endfacet
  facet normal 0 0 -1
    outer loop
      vertex 0.29791268373863866 -5.241540616351994 89.6
      vertex 0.09919563252538244 -3.5986331052898253 89.6
      vertex 0.6934706186189358 -5.203998318707671 89.6
    endloop
  endfacet
  facet normal 0 0 -1
    outer loop
      vertex 0.6934706186189358 -5.203998318707671 89.6
      vertex 0.09919563252538244 -3.5986331052898253 89.6
      vertex 0.4944728081462693 -3.565879504695012 89.6
    endloop
  endfacet
  facet normal 0 0 -1
    outer loop
      vertex 0.6934706186189358 -5.203998318707671 89.6
      vertex 0.4944728081462693 -3.565879504695012 89.6
      vertex 1.0850564165960053 -5.136647989964256 89.6
    endloop
  endfacet
  facet normal 0 0 -1
    outer loop
      vertex 1.0850564165960053 -5.136647989964256 89.6
      vertex 0.8837477537068774 -3.4898409573815896 89.6
      vertex 1.470427109680762 -5.039875406705595 89.6
    endloop
  endfacet
  facet normal 0 0 -1
    outer loop
      vertex 1.0850564165960053 -5.136647989964256 89.6
      vertex 0.4944728081462693 -3.565879504695012 89.6
      vertex 0.8837477537068774 -3.4898409573815896 89.6
    endloop
  endfacet
  facet normal 0 0 -1
    outer loop
      vertex 1.470427109680762 -5.039875406705595 89.6
      vertex 0.8837477537068774 -3.4898409573815896 89.6
      vertex 1.2622951986939168 -3.3714404683093973 89.6
    endloop
  endfacet
  facet normal 0 0 -1
    outer loop
      vertex 1.470427109680762 -5.039875406705595 89.6
      vertex 1.2622951986939168 -3.3714404683093973 89.6
      vertex 1.847375329442123 -4.914234873524932 89.6
    endloop
  endfacet
  facet normal 0 0 -1
    outer loop
      vertex 1.847375329442123 -4.914234873524932 89.6
      vertex 1.625520089919203 -3.2121152590262176 89.6
      vertex 2.2137419506134637 -4.76044604801841 89.6
    endloop
  endfacet
  facet normal 0 0 -1
    outer loop
      vertex 2.2137419506134637 -4.76044604801841 89.6
      vertex 1.9690133692407357 -3.0137993217451036 89.6
      vertex 2.5674284583666256 -4.579389818651517 89.6
    endloop
  endfacet
  facet normal 0 0 -1
    outer loop
      vertex 1.847375329442123 -4.914234873524932 89.6
      vertex 1.2622951986939168 -3.3714404683093973 89.6
      vertex 1.625520089919203 -3.2121152590262176 89.6
    endloop
  endfacet
  facet normal 0 0 -1
    outer loop
      vertex 2.2137419506134637 -4.76044604801841 89.6
      vertex 1.625520089919203 -3.2121152590262176 89.6
      vertex 1.9690133692407357 -3.0137993217451036 89.6
    endloop
  endfacet
  facet normal 0 0 -1
    outer loop
      vertex 1.9690133692407357 -3.0137993217451036 89.6
      vertex 2.288605493555884 -2.778899943298756 89.6
      vertex 2.5674284583666256 -4.579389818651517 89.6
    endloop
  endfacet
  facet normal 0 0 -1
    outer loop
      vertex 2.288605493555884 -2.778899943298756 89.6
      vertex 2.906408968414793 -4.372103259109745 89.6
      vertex 2.5674284583666256 -4.579389818651517 89.6
    endloop
  endfacet
  facet normal 0 0 -1
    outer loop
      vertex 2.906408968414793 -4.372103259109745 89.6
      vertex 2.840905833827017 -2.211165765682804 89.6
      vertex 3.2287418310942546 -4.139773688034422 89.6
    endloop
  endfacet
  facet normal 0 0 -1
    outer loop
      vertex 2.288605493555884 -2.778899943298756 89.6
      vertex 2.5804170474064243 -2.510268483938384 89.6
      vertex 2.906408968414793 -4.372103259109745 89.6
    endloop
  endfacet
  facet normal 0 0 -1
    outer loop
      vertex 2.906408968414793 -4.372103259109745 89.6
      vertex 2.5804170474064243 -2.510268483938384 89.6
      vertex 2.840905833827017 -2.211165765682804 89.6
    endloop
  endfacet
  facet normal 0 0 -1
    outer loop
      vertex 3.2287418310942546 -4.139773688034422 89.6
      vertex 3.0669098718179777 -1.88522249035636 89.6
      vertex 3.5325807529578253 -3.8837318681690585 89.6
    endloop
  endfacet
  facet normal 0 0 -1
    outer loop
      vertex 3.2287418310942546 -4.139773688034422 89.6
      vertex 2.840905833827017 -2.211165765682804 89.6
      vertex 3.0669098718179777 -1.88522249035636 89.6
    endloop
  endfacet
  facet normal 0 0 -1
    outer loop
      vertex 3.5325807529578253 -3.8837318681690585 89.6
      vertex 3.512866977458768 -0.787251928342954 89.6
      vertex 3.8161853721765047 -3.6054443838708807 89.6
    endloop
  endfacet
  facet normal 0 0 -1
    outer loop
      vertex 3.5325807529578253 -3.8837318681690585 89.6
      vertex 3.0669098718179777 -1.88522249035636 89.6
      vertex 3.2556857785112796 -1.536395167787052 89.6
    endloop
  endfacet
  facet normal 0 0 -1
    outer loop
      vertex 3.5325807529578253 -3.8837318681690585 89.6
      vertex 3.2556857785112796 -1.536395167787052 89.6
      vertex 3.4049420701222846 -1.1689180891368622 89.6
    endloop
  endfacet
  facet normal 0 0 -1
    outer loop
      vertex 3.5325807529578253 -3.8837318681690585 89.6
      vertex 3.4049420701222846 -1.1689180891368622 89.6
      vertex 3.512866977458768 -0.787251928342954 89.6
    endloop
  endfacet
  facet normal 0 0 -1
    outer loop
      vertex 3.8161853721765047 -3.6054443838708807 89.6
      vertex 3.512866977458768 -0.787251928342954 89.6
      vertex 3.5781504383446183 -0.396029595578686 89.6
    endloop
  endfacet
  facet normal 0 0 -1
    outer loop
      vertex 3.8161853721765047 -3.6054443838708807 89.6
      vertex 3.5781504383446183 -0.396029595578686 89.6
      vertex 3.6 0 89.6
    endloop
  endfacet
  facet normal 0 0 -1
    outer loop
      vertex 3.8161853721765047 -3.6054443838708807 89.6
      vertex 3.6 0 89.6
      vertex 3.5781504383446183 0.39602959557868544 89.6
    endloop
  endfacet
  facet normal 0 0 -1
    outer loop
      vertex 3.8161853721765047 -3.6054443838708807 89.6
      vertex 3.8161853721765047 3.6054443838708807 89.6
      vertex 4.077931227174448 -3.3065052406484248 89.6
    endloop
  endfacet
  facet normal 0 0 -1
    outer loop
      vertex 4.077931227174448 -3.3065052406484248 89.6
      vertex 4.077931227174449 3.3065052406484243 89.6
      vertex 4.316319061397754 -2.9886267348423443 89.6
    endloop
  endfacet
  facet normal 0 0 -1
    outer loop
      vertex 4.316319061397754 -2.9886267348423443 89.6
      vertex 4.316319061397753 2.988626734842346 89.6
      vertex 4.52998341092022 -2.6536296457470487 89.6
    endloop
  endfacet
  facet normal 0 0 -1
    outer loop
      vertex 4.52998341092022 -2.6536296457470487 89.6
      vertex 4.529983410920219 2.653629645747049 89.6
      vertex 4.717700425697081 -2.303432806351768 89.6
    endloop
  endfacet
  facet normal 0 0 -1
    outer loop
      vertex 4.717700425697081 -2.303432806351768 89.6
      vertex 4.717700425697082 2.303432806351767 89.6
      vertex 4.8783948796672165 -1.9400421124389762 89.6
    endloop
  endfacet
  facet normal 0 0 -1
    outer loop
      vertex 4.8783948796672165 -1.9400421124389762 89.6
      vertex 4.878394879667217 1.9400421124389735 89.6
      vertex 5.011146329550665 -1.5655390329949928 89.6
    endloop
  endfacet
  facet normal 0 0 -1
    outer loop
      vertex 5.011146329550665 -1.5655390329949928 89.6
      vertex 5.011146329550665 1.5655390329949932 89.6
      vertex 5.11519438706437 -1.182068687744144 89.6
    endloop
  endfacet
  facet normal 0 0 -1
    outer loop
      vertex 5.11519438706437 -1.182068687744144 89.6
      vertex 5.115194387064371 1.1820686877441435 89.6
      vertex 5.189943074357415 -0.7918275600972147 89.6
    endloop
  endfacet
  facet normal 0 0 -1
    outer loop
      vertex 5.189943074357415 -0.7918275600972147 89.6
      vertex 5.189943074357415 0.7918275600972124 89.6
      vertex 5.234964237718173 -0.3970509158933961 89.6
    endloop
  endfacet
  facet normal -0.9651046531419332 -0.26186448496080716 -7.499457243024416e-18
    outer loop
      vertex 5.011146329550665 1.5655390329949932 88.6
      vertex 5.115194387064371 1.1820686877441435 88.6
      vertex 5.115194387064371 1.1820686877441435 89.6
    endloop
  endfacet
  facet normal -0.9425361545256725 -0.3341041714973901 0
    outer loop
      vertex 5.011146329550665 1.5655390329949932 88.6
      vertex 5.011146329550665 1.5655390329949932 89.6
      vertex 4.878394879667217 1.9400421124389735 88.6
    endloop
  endfacet
  facet normal -0.9145688941717078 -0.4044301395958759 0
    outer loop
      vertex 4.878394879667217 1.9400421124389735 88.6
      vertex 4.878394879667217 1.9400421124389735 89.6
      vertex 4.717700425697082 2.303432806351767 88.6
    endloop
  endfacet
  facet normal -0.45567593845624077 -0.8901457403773969 0
    outer loop
      vertex 2.5674284583666243 4.579389818651518 88.6
      vertex 2.5674284583666243 4.579389818651518 89.6
      vertex 2.2137419506134663 4.760446048018409 88.6
    endloop
  endfacet
  facet normal -0.8431088700310851 -0.5377429062990109 0
    outer loop
      vertex 4.529983410920219 2.653629645747049 88.6
      vertex 4.529983410920219 2.653629645747049 89.6
      vertex 4.316319061397753 2.988626734842346 88.6
    endloop
  endfacet
  facet normal -0.8813630660146478 -0.47243956847967317 0
    outer loop
      vertex 4.717700425697082 2.303432806351767 88.6
      vertex 4.717700425697082 2.303432806351767 89.6
      vertex 4.529983410920219 2.653629645747049 88.6
    endloop
  endfacet
  facet normal -0.8000254227913343 -0.5999661014486958 0
    outer loop
      vertex 4.316319061397753 2.988626734842346 88.6
      vertex 4.316319061397753 2.988626734842346 89.6
      vertex 4.077931227174449 3.3065052406484243 88.6
    endloop
  endfacet
  facet normal -0.7523595023795817 -0.658752745101793 0
    outer loop
      vertex 4.077931227174449 3.3065052406484243 88.6
      vertex 4.077931227174449 3.3065052406484243 89.6
      vertex 3.8161853721765047 3.6054443838708807 88.6
    endloop
  endfacet
  facet normal -0.7003841348713506 -0.7137661126871391 0
    outer loop
      vertex 3.8161853721765047 3.6054443838708807 88.6
      vertex 3.8161853721765047 3.6054443838708807 89.6
      vertex 3.5325807529578244 3.8837318681690594 88.6
    endloop
  endfacet
  facet normal -0.6443970304648772 -0.7646910926171745 0
    outer loop
      vertex 3.5325807529578244 3.8837318681690594 88.6
      vertex 3.5325807529578244 3.8837318681690594 89.6
      vertex 3.228741831094257 4.1397736880344205 88.6
    endloop
  endfacet
  facet normal -0.584718878224047 -0.8112359912185925 -1.6159628911496652e-17
    outer loop
      vertex 2.9064089684147936 4.372103259109745 88.6
      vertex 3.228741831094257 4.1397736880344205 88.6
      vertex 3.228741831094257 4.1397736880344205 89.6
    endloop
  endfacet
  facet normal -0.5216915092004851 -0.8531342035272763 0
    outer loop
      vertex 2.9064089684147936 4.372103259109745 88.6
      vertex 2.9064089684147936 4.372103259109745 89.6
      vertex 2.5674284583666243 4.579389818651518 88.6
    endloop
  endfacet
  facet normal -0.9992837548163315 -0.037841476717671074 0
    outer loop
      vertex 5.25 0 88.6
      vertex 5.25 0 89.6
      vertex 5.234964237718173 0.3970509158933976 88.6
    endloop
  endfacet
  facet normal -0.993559947963185 -0.11330767760126911 0
    outer loop
      vertex 5.234964237718173 0.3970509158933976 88.6
      vertex 5.234964237718173 0.3970509158933976 89.6
      vertex 5.189943074357415 0.7918275600972124 88.6
    endloop
  endfacet
  facet normal -0.9821451197042029 -0.1881248623686329 0
    outer loop
      vertex 5.189943074357415 0.7918275600972124 88.6
      vertex 5.189943074357415 0.7918275600972124 89.6
      vertex 5.115194387064371 1.1820686877441435 88.6
    endloop
  endfacet
  facet normal -0.9651046531419332 -0.26186448496080716 0
    outer loop
      vertex 5.011146329550665 1.5655390329949932 88.6
      vertex 5.115194387064371 1.1820686877441435 89.6
      vertex 5.011146329550665 1.5655390329949932 89.6
    endloop
  endfacet
  facet normal -0.9425361545256725 -0.3341041714973901 0
    outer loop
      vertex 4.878394879667217 1.9400421124389735 88.6
      vertex 5.011146329550665 1.5655390329949932 89.6
      vertex 4.878394879667217 1.9400421124389735 89.6
    endloop
  endfacet
  facet normal -0.9145688941717078 -0.4044301395958759 0
    outer loop
      vertex 4.717700425697082 2.303432806351767 88.6
      vertex 4.878394879667217 1.9400421124389735 89.6
      vertex 4.717700425697082 2.303432806351767 89.6
    endloop
  endfacet
  facet normal -0.8431088700310851 -0.5377429062990109 0
    outer loop
      vertex 4.316319061397753 2.988626734842346 88.6
      vertex 4.529983410920219 2.653629645747049 89.6
      vertex 4.316319061397753 2.988626734842346 89.6
    endloop
  endfacet
  facet normal -0.8813630660146478 -0.47243956847967317 0
    outer loop
      vertex 4.529983410920219 2.653629645747049 88.6
      vertex 4.717700425697082 2.303432806351767 89.6
      vertex 4.529983410920219 2.653629645747049 89.6
    endloop
  endfacet
  facet normal -0.8000254227913343 -0.5999661014486958 0
    outer loop
      vertex 4.077931227174449 3.3065052406484243 88.6
      vertex 4.316319061397753 2.988626734842346 89.6
      vertex 4.077931227174449 3.3065052406484243 89.6
    endloop
  endfacet
  facet normal -0.7003841348713506 -0.7137661126871391 0
    outer loop
      vertex 3.5325807529578244 3.8837318681690594 88.6
      vertex 3.8161853721765047 3.6054443838708807 89.6
      vertex 3.5325807529578244 3.8837318681690594 89.6
    endloop
  endfacet
  facet normal -0.6443970304648772 -0.7646910926171745 0
    outer loop
      vertex 3.228741831094257 4.1397736880344205 88.6
      vertex 3.5325807529578244 3.8837318681690594 89.6
      vertex 3.228741831094257 4.1397736880344205 89.6
    endloop
  endfacet
  facet normal -0.584718878224047 -0.8112359912185925 0
    outer loop
      vertex 2.9064089684147936 4.372103259109745 88.6
      vertex 3.228741831094257 4.1397736880344205 89.6
      vertex 2.9064089684147936 4.372103259109745 89.6
    endloop
  endfacet
  facet normal -0.5216915092004851 -0.8531342035272763 0
    outer loop
      vertex 2.5674284583666243 4.579389818651518 88.6
      vertex 2.9064089684147936 4.372103259109745 89.6
      vertex 2.5674284583666243 4.579389818651518 89.6
    endloop
  endfacet
  facet normal -0.7523595023795817 -0.658752745101793 0
    outer loop
      vertex 3.8161853721765047 3.6054443838708807 88.6
      vertex 4.077931227174449 3.3065052406484243 89.6
      vertex 3.8161853721765047 3.6054443838708807 89.6
    endloop
  endfacet
  facet normal -0.9992837548163315 -0.037841476717671074 0
    outer loop
      vertex 5.234964237718173 0.3970509158933976 88.6
      vertex 5.25 0 89.6
      vertex 5.234964237718173 0.3970509158933976 89.6
    endloop
  endfacet
  facet normal -0.993559947963185 -0.11330767760126911 0
    outer loop
      vertex 5.189943074357415 0.7918275600972124 88.6
      vertex 5.234964237718173 0.3970509158933976 89.6
      vertex 5.189943074357415 0.7918275600972124 89.6
    endloop
  endfacet
  facet normal -0.9821451197042029 -0.1881248623686329 0
    outer loop
      vertex 5.115194387064371 1.1820686877441435 88.6
      vertex 5.189943074357415 0.7918275600972124 89.6
      vertex 5.115194387064371 1.1820686877441435 89.6
    endloop
  endfacet
  facet normal -0.0189241272410202 -0.9998209226697378 4.982376036401563e-19
    outer loop
      vertex -0.09935166801534939 5.249059844016124 88.6
      vertex 0.29791268373863866 5.241540616351994 88.6
      vertex 0.29791268373863866 5.241540616351994 89.6
    endloop
  endfacet
  facet normal -0.09448513188803088 -0.995526272808559 -1.4206762532727255e-18
    outer loop
      vertex 0.29791268373863866 5.241540616351994 88.6
      vertex 0.6934706186189371 5.203998318707671 88.6
      vertex 0.6934706186189371 5.203998318707671 89.6
    endloop
  endfacet
  facet normal -0.16950493425609622 -0.9855293386108993 2.362747956794616e-18
    outer loop
      vertex 0.6934706186189371 5.203998318707671 88.6
      vertex 1.0850564165960028 5.136647989964257 88.6
      vertex 1.0850564165960028 5.136647989964257 89.6
    endloop
  endfacet
  facet normal -0.31620766689682495 -0.9486899975206161 0
    outer loop
      vertex 1.8473753294421242 4.914234873524932 88.6
      vertex 1.8473753294421242 4.914234873524932 89.6
      vertex 1.470427109680762 5.039875406705595 88.6
    endloop
  endfacet
  facet normal -0.2435538277109914 -0.9698873816105275 2.8733766900570423e-18
    outer loop
      vertex 1.0850564165960028 5.136647989964257 88.6
      vertex 1.470427109680762 5.039875406705595 88.6
      vertex 1.470427109680762 5.039875406705595 89.6
    endloop
  endfacet
  facet normal -0.3870502972022172 -0.9220586030376136 2.9169659037325812e-18
    outer loop
      vertex 1.8473753294421242 4.914234873524932 88.6
      vertex 2.2137419506134663 4.760446048018409 88.6
      vertex 2.2137419506134663 4.760446048018409 89.6
    endloop
  endfacet
  facet normal -0.0189241272410202 -0.9998209226697378 0
    outer loop
      vertex -0.09935166801534939 5.249059844016124 88.6
      vertex 0.29791268373863866 5.241540616351994 89.6
      vertex -0.09935166801534939 5.249059844016124 89.6
    endloop
  endfacet
  facet normal -0.09448513188803088 -0.995526272808559 0
    outer loop
      vertex 0.29791268373863866 5.241540616351994 88.6
      vertex 0.6934706186189371 5.203998318707671 89.6
      vertex 0.29791268373863866 5.241540616351994 89.6
    endloop
  endfacet
  facet normal -0.16950493425609622 -0.9855293386108993 0
    outer loop
      vertex 0.6934706186189371 5.203998318707671 88.6
      vertex 1.0850564165960028 5.136647989964257 89.6
      vertex 0.6934706186189371 5.203998318707671 89.6
    endloop
  endfacet
  facet normal -0.2435538277109914 -0.9698873816105275 0
    outer loop
      vertex 1.0850564165960028 5.136647989964257 88.6
      vertex 1.470427109680762 5.039875406705595 89.6
      vertex 1.0850564165960028 5.136647989964257 89.6
    endloop
  endfacet
  facet normal -0.31620766689682495 -0.9486899975206161 0
    outer loop
      vertex 1.470427109680762 5.039875406705595 88.6
      vertex 1.8473753294421242 4.914234873524932 89.6
      vertex 1.470427109680762 5.039875406705595 89.6
    endloop
  endfacet
  facet normal -0.3870502972022172 -0.9220586030376136 0
    outer loop
      vertex 1.8473753294421242 4.914234873524932 88.6
      vertex 2.2137419506134663 4.760446048018409 89.6
      vertex 1.8473753294421242 4.914234873524932 89.6
    endloop
  endfacet
  facet normal -0.45567593845624077 -0.8901457403773969 0
    outer loop
      vertex 2.2137419506134663 4.760446048018409 88.6
      vertex 2.5674284583666243 4.579389818651518 89.6
      vertex 2.2137419506134663 4.760446048018409 89.6
    endloop
  endfacet
  facet normal 0 0 -1
    outer loop
      vertex 3.8161853721765047 -3.6054443838708807 89.6
      vertex 3.5781504383446183 0.39602959557868544 89.6
      vertex 3.5325807529578244 3.8837318681690594 89.6
    endloop
  endfacet
  facet normal 0 0 -1
    outer loop
      vertex 5.11519438706437 -1.182068687744144 89.6
      vertex 5.011146329550665 1.5655390329949932 89.6
      vertex 5.115194387064371 1.1820686877441435 89.6
    endloop
  endfacet
  facet normal 0 0 -1
    outer loop
      vertex 4.52998341092022 -2.6536296457470487 89.6
      vertex 4.316319061397753 2.988626734842346 89.6
      vertex 4.529983410920219 2.653629645747049 89.6
    endloop
  endfacet
  facet normal 0 0 -1
    outer loop
      vertex 4.316319061397754 -2.9886267348423443 89.6
      vertex 4.077931227174449 3.3065052406484243 89.6
      vertex 4.316319061397753 2.988626734842346 89.6
    endloop
  endfacet
  facet normal 0 0 -1
    outer loop
      vertex 5.011146329550665 -1.5655390329949928 89.6
      vertex 4.878394879667217 1.9400421124389735 89.6
      vertex 5.011146329550665 1.5655390329949932 89.6
    endloop
  endfacet
  facet normal 0 0 -1
    outer loop
      vertex 4.8783948796672165 -1.9400421124389762 89.6
      vertex 4.717700425697082 2.303432806351767 89.6
      vertex 4.878394879667217 1.9400421124389735 89.6
    endloop
  endfacet
  facet normal 0 0 -1
    outer loop
      vertex 4.717700425697081 -2.303432806351768 89.6
      vertex 4.529983410920219 2.653629645747049 89.6
      vertex 4.717700425697082 2.303432806351767 89.6
    endloop
  endfacet
  facet normal 0 0 -1
    outer loop
      vertex 3.8161853721765047 -3.6054443838708807 89.6
      vertex 3.5325807529578244 3.8837318681690594 89.6
      vertex 3.8161853721765047 3.6054443838708807 89.6
    endloop
  endfacet
  facet normal 0 0 -1
    outer loop
      vertex 3.5781504383446183 0.39602959557868544 89.6
      vertex 3.5128669774587684 0.7872519283429529 89.6
      vertex 3.5325807529578244 3.8837318681690594 89.6
    endloop
  endfacet
  facet normal 0 0 -1
    outer loop
      vertex 3.5128669774587684 0.7872519283429529 89.6
      vertex 3.4049420701222846 1.1689180891368605 89.6
      vertex 3.5325807529578244 3.8837318681690594 89.6
    endloop
  endfacet
  facet normal 0 0 -1
    outer loop
      vertex 3.4049420701222846 1.1689180891368605 89.6
      vertex 3.255685778511279 1.536395167787053 89.6
      vertex 3.228741831094257 4.1397736880344205 89.6
    endloop
  endfacet
  facet normal 0 0 -1
    outer loop
      vertex 4.077931227174448 -3.3065052406484248 89.6
      vertex 3.8161853721765047 3.6054443838708807 89.6
      vertex 4.077931227174449 3.3065052406484243 89.6
    endloop
  endfacet
  facet normal 0 0 -1
    outer loop
      vertex 2.288605493555885 2.778899943298755 89.6
      vertex 2.2137419506134663 4.760446048018409 89.6
      vertex 2.5804170474064247 2.5102684839383835 89.6
    endloop
  endfacet
  facet normal 0 0 -1
    outer loop
      vertex 0.8837477537068774 3.4898409573815896 89.6
      vertex 1.0850564165960028 5.136647989964257 89.6
      vertex 1.2622951986939157 3.3714404683093973 89.6
    endloop
  endfacet
  facet normal 0 0 -1
    outer loop
      vertex 0.09919563252538333 3.5986331052898253 89.6
      vertex 0.29791268373863866 5.241540616351994 89.6
      vertex 0.4944728081462693 3.565879504695012 89.6
    endloop
  endfacet
  facet normal 0 0 -1
    outer loop
      vertex 0.8837477537068774 3.4898409573815896 89.6
      vertex 0.4944728081462693 3.565879504695012 89.6
      vertex 0.6934706186189371 5.203998318707671 89.6
    endloop
  endfacet
  facet normal 0 0 -1
    outer loop
      vertex 0.8837477537068774 3.4898409573815896 89.6
      vertex 0.6934706186189371 5.203998318707671 89.6
      vertex 1.0850564165960028 5.136647989964257 89.6
    endloop
  endfacet
  facet normal 0 0 -1
    outer loop
      vertex 1.2622951986939157 3.3714404683093973 89.6
      vertex 1.0850564165960028 5.136647989964257 89.6
      vertex 1.470427109680762 5.039875406705595 89.6
    endloop
  endfacet
  facet normal 0 0 -1
    outer loop
      vertex 1.625520089919202 3.2121152590262185 89.6
      vertex 1.8473753294421242 4.914234873524932 89.6
      vertex 1.9690133692407366 3.0137993217451027 89.6
    endloop
  endfacet
  facet normal 0 0 -1
    outer loop
      vertex 1.2622951986939157 3.3714404683093973 89.6
      vertex 1.470427109680762 5.039875406705595 89.6
      vertex 1.625520089919202 3.2121152590262185 89.6
    endloop
  endfacet
  facet normal 0 0 -1
    outer loop
      vertex 2.288605493555885 2.778899943298755 89.6
      vertex 1.9690133692407366 3.0137993217451027 89.6
      vertex 2.2137419506134663 4.760446048018409 89.6
    endloop
  endfacet
  facet normal 0 0 -1
    outer loop
      vertex 2.5804170474064247 2.5102684839383835 89.6
      vertex 2.2137419506134663 4.760446048018409 89.6
      vertex 2.5674284583666243 4.579389818651518 89.6
    endloop
  endfacet
  facet normal 0 0 -1
    outer loop
      vertex 1.625520089919202 3.2121152590262185 89.6
      vertex 1.470427109680762 5.039875406705595 89.6
      vertex 1.8473753294421242 4.914234873524932 89.6
    endloop
  endfacet
  facet normal 0 0 -1
    outer loop
      vertex 1.9690133692407366 3.0137993217451027 89.6
      vertex 1.8473753294421242 4.914234873524932 89.6
      vertex 2.2137419506134663 4.760446048018409 89.6
    endloop
  endfacet
  facet normal 0 0 -1
    outer loop
      vertex 3.255685778511279 1.536395167787053 89.6
      vertex 3.0669098718179777 1.8852224903563604 89.6
      vertex 3.228741831094257 4.1397736880344205 89.6
    endloop
  endfacet
  facet normal 0 0 -1
    outer loop
      vertex 3.0669098718179777 1.8852224903563604 89.6
      vertex 2.840905833827017 2.211165765682804 89.6
      vertex 2.9064089684147936 4.372103259109745 89.6
    endloop
  endfacet
  facet normal 0 0 -1
    outer loop
      vertex 2.840905833827017 2.211165765682804 89.6
      vertex 2.5804170474064247 2.5102684839383835 89.6
      vertex 2.5674284583666243 4.579389818651518 89.6
    endloop
  endfacet
  facet normal 0 0 -1
    outer loop
      vertex 3.0669098718179777 1.8852224903563604 89.6
      vertex 2.9064089684147936 4.372103259109745 89.6
      vertex 3.228741831094257 4.1397736880344205 89.6
    endloop
  endfacet
  facet normal 0 0 -1
    outer loop
      vertex 3.4049420701222846 1.1689180891368605 89.6
      vertex 3.228741831094257 4.1397736880344205 89.6
      vertex 3.5325807529578244 3.8837318681690594 89.6
    endloop
  endfacet
  facet normal 0 0 -1
    outer loop
      vertex 2.840905833827017 2.211165765682804 89.6
      vertex 2.5674284583666243 4.579389818651518 89.6
      vertex 2.9064089684147936 4.372103259109745 89.6
    endloop
  endfacet
  facet normal 0 0 -1
    outer loop
      vertex 5.234964237718173 -0.3970509158933961 89.6
      vertex 5.234964237718173 0.3970509158933976 89.6
      vertex 5.25 0 89.6
    endloop
  endfacet
  facet normal 0 0 -1
    outer loop
      vertex 5.234964237718173 -0.3970509158933961 89.6
      vertex 5.189943074357415 0.7918275600972124 89.6
      vertex 5.234964237718173 0.3970509158933976 89.6
    endloop
  endfacet
  facet normal 0 0 -1
    outer loop
      vertex 5.189943074357415 -0.7918275600972147 89.6
      vertex 5.115194387064371 1.1820686877441435 89.6
      vertex 5.189943074357415 0.7918275600972124 89.6
    endloop
  endfacet
  facet normal 0 0 -1
    outer loop
      vertex -0.09935166801534939 5.249059844016124 89.6
      vertex 0.29791268373863866 5.241540616351994 89.6
      vertex 0.09919563252538333 3.5986331052898253 89.6
    endloop
  endfacet
  facet normal 0 0 -1
    outer loop
      vertex 0.4944728081462693 3.565879504695012 89.6
      vertex 0.29791268373863866 5.241540616351994 89.6
      vertex 0.6934706186189371 5.203998318707671 89.6
    endloop
  endfacet
  facet normal 0.42166513345018264 0.9067516281939834 0
    outer loop
      vertex 19.60770132310473 -4.673265136981333 88.6
      vertex 19.60770132310473 -4.673265136981333 89.6
      vertex 19.967985939688358 -4.84080766594747 88.6
    endloop
  endfacet
  facet normal 0.35188101513183123 0.9360447378142734 2.07641151941447e-18
    outer loop
      vertex 20.339909748791676 -4.980622486983236 88.6
      vertex 19.967985939688358 -4.84080766594747 88.6
      vertex 19.967985939688358 -4.84080766594747 89.6
    endloop
  endfacet
  facet normal 0.42166513345018264 0.9067516281939834 0
    outer loop
      vertex 19.967985939688358 -4.84080766594747 88.6
      vertex 19.60770132310473 -4.673265136981333 89.6
      vertex 19.967985939688358 -4.84080766594747 89.6
    endloop
  endfacet
  facet normal 0.35188101513183123 0.9360447378142734 0
    outer loop
      vertex 20.339909748791676 -4.980622486983236 88.6
      vertex 19.967985939688358 -4.84080766594747 89.6
      vertex 20.339909748791676 -4.980622486983236 89.6
    endloop
  endfacet
  facet normal 0.8221560116948083 0.5692622352080685 -1.1928278831877322e-17
    outer loop
      vertex 17.799866530345493 -3.149822032605652 88.6
      vertex 17.573678432336806 -2.823150258069814 88.6
      vertex 17.573678432336806 -2.823150258069814 89.6
    endloop
  endfacet
  facet normal 0.8628539830324236 0.5054532658565797 1.7371005426268284e-17
    outer loop
      vertex 17.573678432336806 -2.823150258069814 88.6
      vertex 17.372843903423092 -2.4803077345182727 88.6
      vertex 17.372843903423092 -2.4803077345182727 89.6
    endloop
  endfacet
  facet normal 0.6149984440179523 0.7885283215303669 1.2647380205397661e-17
    outer loop
      vertex 18.930225889323754 -4.25898895389761 88.6
      vertex 18.616915590059396 -4.014628236240167 88.6
      vertex 18.616915590059396 -4.014628236240167 89.6
    endloop
  endfacet
  facet normal 0.5536017082694838 0.8327815731637616 0
    outer loop
      vertex 18.930225889323754 -4.25898895389761 88.6
      vertex 18.930225889323754 -4.25898895389761 89.6
      vertex 19.261119576697457 -4.478954568518202 88.6
    endloop
  endfacet
  facet normal 0.6728725243729193 0.7397584510798204 0
    outer loop
      vertex 18.322983291925407 -3.747272091607478 88.6
      vertex 18.322983291925407 -3.747272091607478 89.6
      vertex 18.616915590059396 -4.014628236240167 88.6
    endloop
  endfacet
  facet normal 0.7268924518431444 0.6867513112135003 -1.376346942093717e-17
    outer loop
      vertex 18.322983291925407 -3.747272091607478 88.6
      vertex 18.0501126125072 -3.4584519117844175 88.6
      vertex 18.0501126125072 -3.4584519117844175 89.6
    endloop
  endfacet
  facet normal 0.48903399206983666 0.8722647273621918 -3.466903857793829e-18
    outer loop
      vertex 19.60770132310473 -4.673265136981333 88.6
      vertex 19.261119576697457 -4.478954568518202 88.6
      vertex 19.261119576697457 -4.478954568518202 89.6
    endloop
  endfacet
  facet normal 0.7767488051760844 0.6298105220282726 0
    outer loop
      vertex 17.799866530345493 -3.149822032605652 88.6
      vertex 17.799866530345493 -3.149822032605652 89.6
      vertex 18.0501126125072 -3.4584519117844175 88.6
    endloop
  endfacet
  facet normal 0.9292180723175639 0.36953183094076036 -7.935438284594409e-18
    outer loop
      vertex 17.19851330559854 -2.1232582328783534 88.6
      vertex 17.05168518874022 -1.7540469003612968 88.6
      vertex 17.05168518874022 -1.7540469003612968 89.6
    endloop
  endfacet
  facet normal 0.8986096048946854 0.43874910597175854 -5.844480453766437e-18
    outer loop
      vertex 17.372843903423092 -2.4803077345182727 88.6
      vertex 17.19851330559854 -2.1232582328783534 88.6
      vertex 17.19851330559854 -2.1232582328783534 89.6
    endloop
  endfacet
  facet normal 0.9545040627715549 0.2981979110466668 -1.9864812842110506e-18
    outer loop
      vertex 17.05168518874022 -1.7540469003612968 88.6
      vertex 16.93320057100485 -1.374788546044235 88.6
      vertex 16.93320057100485 -1.374788546044235 89.6
    endloop
  endfacet
  facet normal 0.9743227403932148 0.2251559405226883 -3.4702314883221584e-19
    outer loop
      vertex 16.93320057100485 -1.374788546044235 88.6
      vertex 16.84373812155294 -0.9876555274353285 88.6
      vertex 16.84373812155294 -0.9876555274353285 89.6
    endloop
  endfacet
  facet normal 0.9885605855918874 0.1508242971613814 -9.999379833369178e-19
    outer loop
      vertex 16.84373812155294 -0.9876555274353285 88.6
      vertex 16.78381027319328 -0.5948653074066669 88.6
      vertex 16.78381027319328 -0.5948653074066669 89.6
    endloop
  endfacet
  facet normal 0.9971360452796522 0.07562874588445644 -8.577356572606212e-19
    outer loop
      vertex 16.78381027319328 -0.5948653074066669 88.6
      vertex 16.75376028721426 -0.1986677527677682 88.6
      vertex 16.75376028721426 -0.1986677527677682 89.6
    endloop
  endfacet
  facet normal 0.8221560116948083 0.5692622352080685 0
    outer loop
      vertex 17.799866530345493 -3.149822032605652 88.6
      vertex 17.573678432336806 -2.823150258069814 89.6
      vertex 17.799866530345493 -3.149822032605652 89.6
    endloop
  endfacet
  facet normal 0.8628539830324236 0.5054532658565797 0
    outer loop
      vertex 17.573678432336806 -2.823150258069814 88.6
      vertex 17.372843903423092 -2.4803077345182727 89.6
      vertex 17.573678432336806 -2.823150258069814 89.6
    endloop
  endfacet
  facet normal 0.8986096048946854 0.43874910597175854 0
    outer loop
      vertex 17.372843903423092 -2.4803077345182727 88.6
      vertex 17.19851330559854 -2.1232582328783534 89.6
      vertex 17.372843903423092 -2.4803077345182727 89.6
    endloop
  endfacet
  facet normal 0.6149984440179523 0.7885283215303669 0
    outer loop
      vertex 18.930225889323754 -4.25898895389761 88.6
      vertex 18.616915590059396 -4.014628236240167 89.6
      vertex 18.930225889323754 -4.25898895389761 89.6
    endloop
  endfacet
  facet normal 0.7268924518431444 0.6867513112135003 0
    outer loop
      vertex 18.322983291925407 -3.747272091607478 88.6
      vertex 18.0501126125072 -3.4584519117844175 89.6
      vertex 18.322983291925407 -3.747272091607478 89.6
    endloop
  endfacet
  facet normal 0.6728725243729193 0.7397584510798204 0
    outer loop
      vertex 18.616915590059396 -4.014628236240167 88.6
      vertex 18.322983291925407 -3.747272091607478 89.6
      vertex 18.616915590059396 -4.014628236240167 89.6
    endloop
  endfacet
  facet normal 0.5536017082694838 0.8327815731637616 0
    outer loop
      vertex 19.261119576697457 -4.478954568518202 88.6
      vertex 18.930225889323754 -4.25898895389761 89.6
      vertex 19.261119576697457 -4.478954568518202 89.6
    endloop
  endfacet
  facet normal 0.48903399206983666 0.8722647273621918 0
    outer loop
      vertex 19.60770132310473 -4.673265136981333 88.6
      vertex 19.261119576697457 -4.478954568518202 89.6
      vertex 19.60770132310473 -4.673265136981333 89.6
    endloop
  endfacet
  facet normal 0.7767488051760844 0.6298105220282726 0
    outer loop
      vertex 18.0501126125072 -3.4584519117844175 88.6
      vertex 17.799866530345493 -3.149822032605652 89.6
      vertex 18.0501126125072 -3.4584519117844175 89.6
    endloop
  endfacet
  facet normal 0.9292180723175639 0.36953183094076036 0
    outer loop
      vertex 17.19851330559854 -2.1232582328783534 88.6
      vertex 17.05168518874022 -1.7540469003612968 89.6
      vertex 17.19851330559854 -2.1232582328783534 89.6
    endloop
  endfacet
  facet normal 0.9545040627715549 0.2981979110466668 0
    outer loop
      vertex 17.05168518874022 -1.7540469003612968 88.6
      vertex 16.93320057100485 -1.374788546044235 89.6
      vertex 17.05168518874022 -1.7540469003612968 89.6
    endloop
  endfacet
  facet normal 0.9743227403932148 0.2251559405226883 0
    outer loop
      vertex 16.93320057100485 -1.374788546044235 88.6
      vertex 16.84373812155294 -0.9876555274353285 89.6
      vertex 16.93320057100485 -1.374788546044235 89.6
    endloop
  endfacet
  facet normal 0.9885605855918874 0.1508242971613814 0
    outer loop
      vertex 16.84373812155294 -0.9876555274353285 88.6
      vertex 16.78381027319328 -0.5948653074066669 89.6
      vertex 16.84373812155294 -0.9876555274353285 89.6
    endloop
  endfacet
  facet normal 0.9971360452796522 0.07562874588445644 0
    outer loop
      vertex 16.78381027319328 -0.5948653074066669 88.6
      vertex 16.75376028721426 -0.1986677527677682 89.6
      vertex 16.78381027319328 -0.5948653074066669 89.6
    endloop
  endfacet
  facet normal 1 0 0
    outer loop
      vertex 16.75376028721426 -0.1986677527677682 88.6
      vertex 16.75376028721426 0.1986677527677682 89.6
      vertex 16.75376028721426 -0.1986677527677682 89.6
    endloop
  endfacet
  facet normal 0 0 -1
    outer loop
      vertex 18.930225889323754 -4.25898895389761 89.6
      vertex 19.041599865189117 -2.051309007036958 89.6
      vertex 19.261119576697457 -4.478954568518202 89.6
    endloop
  endfacet
  facet normal 0 0 -1
    outer loop
      vertex 19.60770132310473 -4.673265136981333 89.6
      vertex 19.867953090406072 -2.900754380379521 89.6
      vertex 19.967985939688358 -4.84080766594747 89.6
    endloop
  endfacet
  facet normal 0 0 -1
    outer loop
      vertex 20.339909748791676 -4.980622486983236 89.6
      vertex 19.967985939688358 -4.84080766594747 89.6
      vertex 20.2 -3.117691453623979 89.6
    endloop
  endfacet
  facet normal 0 0 -1
    outer loop
      vertex 19.60770132310473 -4.673265136981333 89.6
      vertex 19.261119576697457 -4.478954568518202 89.6
      vertex 19.285216204803174 -2.3643072865718437 89.6
    endloop
  endfacet
  facet normal 0 0 -1
    outer loop
      vertex 20.339909748791676 -4.980622486983236 89.6
      vertex 20.2 -3.117691453623979 89.6
      vertex 20.55389647124931 -3.296783975958207 89.6
    endloop
  endfacet
  facet normal 0 0 -1
    outer loop
      vertex 19.967985939688358 -4.84080766594747 89.6
      vertex 19.867953090406072 -2.900754380379521 89.6
      vertex 20.2 -3.117691453623979 89.6
    endloop
  endfacet
  facet normal 0 0 -1
    outer loop
      vertex 18.930225889323754 -4.25898895389761 89.6
      vertex 18.616915590059396 -4.014628236240167 89.6
      vertex 18.664621358026714 -1.3547137390122077 89.6
    endloop
  endfacet
  facet normal 0 0 -1
    outer loop
      vertex 18.322983291925407 -3.747272091607478 89.6
      vertex 18.4490993077502 -0.5925405250106429 89.6
      vertex 18.616915590059396 -4.014628236240167 89.6
    endloop
  endfacet
  facet normal 0 0 -1
    outer loop
      vertex 18.930225889323754 -4.25898895389761 89.6
      vertex 18.83389449565664 -1.7134106149334654 89.6
      vertex 19.041599865189117 -2.051309007036958 89.6
    endloop
  endfacet
  facet normal 0 0 -1
    outer loop
      vertex 18.930225889323754 -4.25898895389761 89.6
      vertex 18.664621358026714 -1.3547137390122077 89.6
      vertex 18.83389449565664 -1.7134106149334654 89.6
    endloop
  endfacet
  facet normal 0 0 -1
    outer loop
      vertex 19.60770132310473 -4.673265136981333 89.6
      vertex 19.561786342147332 -2.648606078423274 89.6
      vertex 19.867953090406072 -2.900754380379521 89.6
    endloop
  endfacet
  facet normal 0 0 -1
    outer loop
      vertex 19.60770132310473 -4.673265136981333 89.6
      vertex 19.285216204803174 -2.3643072865718437 89.6
      vertex 19.561786342147332 -2.648606078423274 89.6
    endloop
  endfacet
  facet normal 0 0 -1
    outer loop
      vertex 19.261119576697457 -4.478954568518202 89.6
      vertex 19.041599865189117 -2.051309007036958 89.6
      vertex 19.285216204803174 -2.3643072865718437 89.6
    endloop
  endfacet
  facet normal 0 0 -1
    outer loop
      vertex 17.05168518874022 -1.7540469003612968 89.6
      vertex 16.93320057100485 -1.374788546044235 89.6
      vertex 16.93320057100485 1.374788546044235 89.6
    endloop
  endfacet
  facet normal 0 0 -1
    outer loop
      vertex 17.19851330559854 -2.1232582328783534 89.6
      vertex 17.05168518874022 -1.7540469003612968 89.6
      vertex 17.05168518874022 1.7540469003612968 89.6
    endloop
  endfacet
  facet normal 0 0 -1
    outer loop
      vertex 17.573678432336806 -2.823150258069814 89.6
      vertex 17.372843903423092 -2.4803077345182727 89.6
      vertex 17.372843903423092 2.4803077345182727 89.6
    endloop
  endfacet
  facet normal 0 0 -1
    outer loop
      vertex 17.799866530345493 -3.149822032605652 89.6
      vertex 17.573678432336806 -2.823150258069814 89.6
      vertex 17.573678432336806 2.823150258069814 89.6
    endloop
  endfacet
  facet normal 0 0 -1
    outer loop
      vertex 17.372843903423092 -2.4803077345182727 89.6
      vertex 17.19851330559854 -2.1232582328783534 89.6
      vertex 17.19851330559854 2.1232582328783534 89.6
    endloop
  endfacet
  facet normal 0 0 -1
    outer loop
      vertex 16.93320057100485 -1.374788546044235 89.6
      vertex 16.84373812155294 -0.9876555274353285 89.6
      vertex 16.84373812155294 0.9876555274353285 89.6
    endloop
  endfacet
  facet normal 0 0 -1
    outer loop
      vertex 16.84373812155294 -0.9876555274353285 89.6
      vertex 16.78381027319328 -0.5948653074066669 89.6
      vertex 16.78381027319328 0.5948653074066669 89.6
    endloop
  endfacet
  facet normal 0 0 -1
    outer loop
      vertex 16.78381027319328 -0.5948653074066669 89.6
      vertex 16.75376028721426 -0.1986677527677682 89.6
      vertex 16.75376028721426 0.1986677527677682 89.6
    endloop
  endfacet
  facet normal 0 0 -1
    outer loop
      vertex 18.616915590059396 -4.014628236240167 89.6
      vertex 18.535835198886698 -0.9795724734432057 89.6
      vertex 18.664621358026714 -1.3547137390122077 89.6
    endloop
  endfacet
  facet normal 0 0 -1
    outer loop
      vertex 18.616915590059396 -4.014628236240167 89.6
      vertex 18.4490993077502 -0.5925405250106429 89.6
      vertex 18.535835198886698 -0.9795724734432057 89.6
    endloop
  endfacet
  facet normal 0 0 -1
    outer loop
      vertex 18.322983291925407 -3.747272091607478 89.6
      vertex 18.405466540840063 -0.19831593728111588 89.6
      vertex 18.4490993077502 -0.5925405250106429 89.6
    endloop
  endfacet
  facet normal 0 0 -1
    outer loop
      vertex 18.322983291925407 -3.747272091607478 89.6
      vertex 18.0501126125072 -3.4584519117844175 89.6
      vertex 18.0501126125072 3.4584519117844175 89.6
    endloop
  endfacet
  facet normal 0 0 -1
    outer loop
      vertex 17.799866530345493 -3.149822032605652 89.6
      vertex 17.799866530345493 3.149822032605652 89.6
      vertex 18.0501126125072 -3.4584519117844175 89.6
    endloop
  endfacet
  facet normal 0 0 -1
    outer loop
      vertex 18.322983291925407 -3.747272091607478 89.6
      vertex 18.322983291925407 3.747272091607478 89.6
      vertex 18.405466540840063 -0.19831593728111588 89.6
    endloop
  endfacet
  facet normal 0.2800813542249073 0.9599762679439227 0
    outer loop
      vertex 20.339909748791676 -4.980622486983236 88.6
      vertex 20.339909748791676 -4.980622486983236 89.6
      vertex 20.721342404517294 -5.091908753455268 88.6
    endloop
  endfacet
  facet normal 0.20667741268495432 0.9784091409455725 0
    outer loop
      vertex 20.721342404517294 -5.091908753455268 88.6
      vertex 20.721342404517294 -5.091908753455268 89.6
      vertex 21.11009909515549 -5.1740290277072205 88.6
    endloop
  endfacet
  facet normal 0.1320896416417024 0.9912377749919373 0
    outer loop
      vertex 21.11009909515549 -5.1740290277072205 88.6
      vertex 21.11009909515549 -5.1740290277072205 89.6
      vertex 21.503953057587832 -5.226512932244934 88.6
    endloop
  endfacet
  facet normal 0.05674527309307498 0.9983886888289512 0
    outer loop
      vertex 21.503953057587832 -5.226512932244934 88.6
      vertex 21.503953057587832 -5.226512932244934 89.6
      vertex 21.90064833198465 -5.249059844016124 88.6
    endloop
  endfacet
  facet normal -0.018924127241020307 0.9998209226697378 0
    outer loop
      vertex 21.90064833198465 -5.249059844016124 88.6
      vertex 21.90064833198465 -5.249059844016124 89.6
      vertex 22.297912683738637 -5.241540616351994 88.6
    endloop
  endfacet
  facet normal -0.09448513188803104 0.995526272808559 0
    outer loop
      vertex 22.297912683738637 -5.241540616351994 88.6
      vertex 22.297912683738637 -5.241540616351994 89.6
      vertex 22.693470618618935 -5.203998318707671 88.6
    endloop
  endfacet
  facet normal -0.16950493425609722 0.9855293386108991 0
    outer loop
      vertex 22.693470618618935 -5.203998318707671 88.6
      vertex 22.693470618618935 -5.203998318707671 89.6
      vertex 23.085056416596004 -5.136647989964256 88.6
    endloop
  endfacet
  facet normal -0.24355382771098918 0.969887381610528 0
    outer loop
      vertex 23.085056416596004 -5.136647989964256 88.6
      vertex 23.085056416596004 -5.136647989964256 89.6
      vertex 23.470427109680763 -5.039875406705595 88.6
    endloop
  endfacet
  facet normal -0.3162076668968268 0.9486899975206156 0
    outer loop
      vertex 23.470427109680763 -5.039875406705595 88.6
      vertex 23.470427109680763 -5.039875406705595 89.6
      vertex 23.847375329442123 -4.914234873524932 88.6
    endloop
  endfacet
  facet normal -0.38705029720221606 0.922058603037614 0
    outer loop
      vertex 23.847375329442123 -4.914234873524932 88.6
      vertex 23.847375329442123 -4.914234873524932 89.6
      vertex 24.213741950613464 -4.76044604801841 88.6
    endloop
  endfacet
  facet normal -0.4556759384562421 0.8901457403773962 0
    outer loop
      vertex 24.213741950613464 -4.76044604801841 88.6
      vertex 24.213741950613464 -4.76044604801841 89.6
      vertex 24.567428458366624 -4.579389818651517 88.6
    endloop
  endfacet
  facet normal 0.2800813542249073 0.9599762679439227 -7.800709587040612e-18
    outer loop
      vertex 20.339909748791676 -4.980622486983236 89.6
      vertex 20.721342404517294 -5.091908753455268 89.6
      vertex 20.721342404517294 -5.091908753455268 88.6
    endloop
  endfacet
  facet normal 0.20667741268495432 0.9784091409455725 0
    outer loop
      vertex 21.11009909515549 -5.1740290277072205 88.6
      vertex 20.721342404517294 -5.091908753455268 89.6
      vertex 21.11009909515549 -5.1740290277072205 89.6
    endloop
  endfacet
  facet normal 0.1320896416417024 0.9912377749919373 0
    outer loop
      vertex 21.503953057587832 -5.226512932244934 88.6
      vertex 21.11009909515549 -5.1740290277072205 89.6
      vertex 21.503953057587832 -5.226512932244934 89.6
    endloop
  endfacet
  facet normal 0.05674527309307498 0.9983886888289512 0
    outer loop
      vertex 21.90064833198465 -5.249059844016124 88.6
      vertex 21.503953057587832 -5.226512932244934 89.6
      vertex 21.90064833198465 -5.249059844016124 89.6
    endloop
  endfacet
  facet normal -0.018924127241020307 0.9998209226697378 0
    outer loop
      vertex 22.297912683738637 -5.241540616351994 88.6
      vertex 21.90064833198465 -5.249059844016124 89.6
      vertex 22.297912683738637 -5.241540616351994 89.6
    endloop
  endfacet
  facet normal -0.09448513188803104 0.995526272808559 0
    outer loop
      vertex 22.693470618618935 -5.203998318707671 88.6
      vertex 22.297912683738637 -5.241540616351994 89.6
      vertex 22.693470618618935 -5.203998318707671 89.6
    endloop
  endfacet
  facet normal -0.16950493425609722 0.9855293386108991 0
    outer loop
      vertex 23.085056416596004 -5.136647989964256 88.6
      vertex 22.693470618618935 -5.203998318707671 89.6
      vertex 23.085056416596004 -5.136647989964256 89.6
    endloop
  endfacet
  facet normal -0.24355382771098918 0.969887381610528 0
    outer loop
      vertex 23.470427109680763 -5.039875406705595 88.6
      vertex 23.085056416596004 -5.136647989964256 89.6
      vertex 23.470427109680763 -5.039875406705595 89.6
    endloop
  endfacet
  facet normal -0.3162076668968268 0.9486899975206156 0
    outer loop
      vertex 23.847375329442123 -4.914234873524932 88.6
      vertex 23.470427109680763 -5.039875406705595 89.6
      vertex 23.847375329442123 -4.914234873524932 89.6
    endloop
  endfacet
  facet normal -0.38705029720221606 0.922058603037614 0
    outer loop
      vertex 24.213741950613464 -4.76044604801841 88.6
      vertex 23.847375329442123 -4.914234873524932 89.6
      vertex 24.213741950613464 -4.76044604801841 89.6
    endloop
  endfacet
  facet normal -0.5216915092004825 0.853134203527278 0
    outer loop
      vertex 24.567428458366624 -4.579389818651517 88.6
      vertex 24.567428458366624 -4.579389818651517 89.6
      vertex 24.906408968414794 -4.372103259109745 88.6
    endloop
  endfacet
  facet normal -0.5847188782240482 0.8112359912185915 0
    outer loop
      vertex 24.906408968414794 -4.372103259109745 88.6
      vertex 24.906408968414794 -4.372103259109745 89.6
      vertex 25.228741831094254 -4.139773688034422 88.6
    endloop
  endfacet
  facet normal -0.6443970304648745 0.7646910926171768 0
    outer loop
      vertex 25.228741831094254 -4.139773688034422 88.6
      vertex 25.228741831094254 -4.139773688034422 89.6
      vertex 25.532580752957827 -3.8837318681690585 88.6
    endloop
  endfacet
  facet normal -0.7003841348713516 0.713766112687138 0
    outer loop
      vertex 25.532580752957827 -3.8837318681690585 88.6
      vertex 25.532580752957827 -3.8837318681690585 89.6
      vertex 25.816185372176506 -3.6054443838708807 88.6
    endloop
  endfacet
  facet normal -0.7523595023795858 0.6587527451017886 0
    outer loop
      vertex 25.816185372176506 -3.6054443838708807 88.6
      vertex 25.816185372176506 -3.6054443838708807 89.6
      vertex 26.077931227174446 -3.3065052406484248 88.6
    endloop
  endfacet
  facet normal -0.8000254227913332 0.5999661014486974 0
    outer loop
      vertex 26.077931227174446 -3.3065052406484248 88.6
      vertex 26.077931227174446 -3.3065052406484248 89.6
      vertex 26.316319061397753 -2.9886267348423443 88.6
    endloop
  endfacet
  facet normal -0.8431088700310831 0.537742906299014 0
    outer loop
      vertex 26.316319061397753 -2.9886267348423443 88.6
      vertex 26.316319061397753 -2.9886267348423443 89.6
      vertex 26.52998341092022 -2.6536296457470487 88.6
    endloop
  endfacet
  facet normal -0.8813630660146478 0.4724395684796728 0
    outer loop
      vertex 26.52998341092022 -2.6536296457470487 88.6
      vertex 26.52998341092022 -2.6536296457470487 89.6
      vertex 26.717700425697082 -2.303432806351768 88.6
    endloop
  endfacet
  facet normal -0.9145688941717087 0.4044301395958738 0
    outer loop
      vertex 26.717700425697082 -2.303432806351768 88.6
      vertex 26.717700425697082 -2.303432806351768 89.6
      vertex 26.878394879667216 -1.9400421124389762 88.6
    endloop
  endfacet
  facet normal -0.9425361545256713 0.3341041714973936 0
    outer loop
      vertex 26.878394879667216 -1.9400421124389762 88.6
      vertex 26.878394879667216 -1.9400421124389762 89.6
      vertex 27.011146329550666 -1.5655390329949928 88.6
    endloop
  endfacet
  facet normal -0.9651046531419336 0.26186448496080567 0
    outer loop
      vertex 27.011146329550666 -1.5655390329949928 88.6
      vertex 27.011146329550666 -1.5655390329949928 89.6
      vertex 27.11519438706437 -1.182068687744144 88.6
    endloop
  endfacet
  facet normal -0.9821451197042023 0.18812486236863588 0
    outer loop
      vertex 27.11519438706437 -1.182068687744144 88.6
      vertex 27.11519438706437 -1.182068687744144 89.6
      vertex 27.189943074357416 -0.7918275600972147 88.6
    endloop
  endfacet
  facet normal -0.993559947963185 0.11330767760126804 0
    outer loop
      vertex 27.189943074357416 -0.7918275600972147 88.6
      vertex 27.189943074357416 -0.7918275600972147 89.6
      vertex 27.234964237718174 -0.3970509158933961 88.6
    endloop
  endfacet
  facet normal -0.9992837548163315 0.037841476717668986 0
    outer loop
      vertex 27.234964237718174 -0.3970509158933961 88.6
      vertex 27.234964237718174 -0.3970509158933961 89.6
      vertex 27.25 0 88.6
    endloop
  endfacet
  facet normal -0.4556759384562421 0.8901457403773962 0
    outer loop
      vertex 24.567428458366624 -4.579389818651517 88.6
      vertex 24.213741950613464 -4.76044604801841 89.6
      vertex 24.567428458366624 -4.579389818651517 89.6
    endloop
  endfacet
  facet normal -0.5216915092004825 0.853134203527278 0
    outer loop
      vertex 24.906408968414794 -4.372103259109745 88.6
      vertex 24.567428458366624 -4.579389818651517 89.6
      vertex 24.906408968414794 -4.372103259109745 89.6
    endloop
  endfacet
  facet normal -0.5847188782240482 0.8112359912185915 0
    outer loop
      vertex 25.228741831094254 -4.139773688034422 88.6
      vertex 24.906408968414794 -4.372103259109745 89.6
      vertex 25.228741831094254 -4.139773688034422 89.6
    endloop
  endfacet
  facet normal -0.6443970304648745 0.7646910926171768 0
    outer loop
      vertex 25.532580752957827 -3.8837318681690585 88.6
      vertex 25.228741831094254 -4.139773688034422 89.6
      vertex 25.532580752957827 -3.8837318681690585 89.6
    endloop
  endfacet
  facet normal -0.7003841348713516 0.713766112687138 0
    outer loop
      vertex 25.816185372176506 -3.6054443838708807 88.6
      vertex 25.532580752957827 -3.8837318681690585 89.6
      vertex 25.816185372176506 -3.6054443838708807 89.6
    endloop
  endfacet
  facet normal -0.7523595023795858 0.6587527451017886 0
    outer loop
      vertex 26.077931227174446 -3.3065052406484248 88.6
      vertex 25.816185372176506 -3.6054443838708807 89.6
      vertex 26.077931227174446 -3.3065052406484248 89.6
    endloop
  endfacet
  facet normal -0.8000254227913332 0.5999661014486974 0
    outer loop
      vertex 26.316319061397753 -2.9886267348423443 88.6
      vertex 26.077931227174446 -3.3065052406484248 89.6
      vertex 26.316319061397753 -2.9886267348423443 89.6
    endloop
  endfacet
  facet normal -0.8431088700310831 0.537742906299014 0
    outer loop
      vertex 26.52998341092022 -2.6536296457470487 88.6
      vertex 26.316319061397753 -2.9886267348423443 89.6
      vertex 26.52998341092022 -2.6536296457470487 89.6
    endloop
  endfacet
  facet normal -0.8813630660146478 0.4724395684796728 0
    outer loop
      vertex 26.717700425697082 -2.303432806351768 88.6
      vertex 26.52998341092022 -2.6536296457470487 89.6
      vertex 26.717700425697082 -2.303432806351768 89.6
    endloop
  endfacet
  facet normal -0.9145688941717087 0.4044301395958738 0
    outer loop
      vertex 26.878394879667216 -1.9400421124389762 88.6
      vertex 26.717700425697082 -2.303432806351768 89.6
      vertex 26.878394879667216 -1.9400421124389762 89.6
    endloop
  endfacet
  facet normal -0.9425361545256713 0.3341041714973936 0
    outer loop
      vertex 27.011146329550666 -1.5655390329949928 88.6
      vertex 26.878394879667216 -1.9400421124389762 89.6
      vertex 27.011146329550666 -1.5655390329949928 89.6
    endloop
  endfacet
  facet normal -0.9651046531419336 0.26186448496080567 0
    outer loop
      vertex 27.11519438706437 -1.182068687744144 88.6
      vertex 27.011146329550666 -1.5655390329949928 89.6
      vertex 27.11519438706437 -1.182068687744144 89.6
    endloop
  endfacet
  facet normal -0.9821451197042023 0.18812486236863588 0
    outer loop
      vertex 27.189943074357416 -0.7918275600972147 88.6
      vertex 27.11519438706437 -1.182068687744144 89.6
      vertex 27.189943074357416 -0.7918275600972147 89.6
    endloop
  endfacet
  facet normal -0.993559947963185 0.11330767760126804 0
    outer loop
      vertex 27.234964237718174 -0.3970509158933961 88.6
      vertex 27.189943074357416 -0.7918275600972147 89.6
      vertex 27.234964237718174 -0.3970509158933961 89.6
    endloop
  endfacet
  facet normal -0.9992837548163315 0.037841476717668986 1.9044101148920004e-19
    outer loop
      vertex 27.234964237718174 -0.3970509158933961 89.6
      vertex 27.25 0 89.6
      vertex 27.25 0 88.6
    endloop
  endfacet
  facet normal 0 0 -1
    outer loop
      vertex 21.503953057587832 -5.226512932244934 89.6
      vertex 21.7027143562996 -3.5877041748240117 89.6
      vertex 21.90064833198465 -5.249059844016124 89.6
    endloop
  endfacet
  facet normal 0 0 -1
    outer loop
      vertex 21.90064833198465 -5.249059844016124 89.6
      vertex 22.099195632525383 -3.5986331052898253 89.6
      vertex 22.297912683738637 -5.241540616351994 89.6
    endloop
  endfacet
  facet normal 0 0 -1
    outer loop
      vertex 22.297912683738637 -5.241540616351994 89.6
      vertex 22.099195632525383 -3.5986331052898253 89.6
      vertex 22.693470618618935 -5.203998318707671 89.6
    endloop
  endfacet
  facet normal 0 0 -1
    outer loop
      vertex 20.339909748791676 -4.980622486983236 89.6
      vertex 20.55389647124931 -3.296783975958207 89.6
      vertex 20.721342404517294 -5.091908753455268 89.6
    endloop
  endfacet
  facet normal 0 0 -1
    outer loop
      vertex 20.721342404517294 -5.091908753455268 89.6
      vertex 20.9253466803939 -3.4358580067662268 89.6
      vertex 21.11009909515549 -5.1740290277072205 89.6
    endloop
  endfacet
  facet normal 0 0 -1
    outer loop
      vertex 21.11009909515549 -5.1740290277072205 89.6
      vertex 21.309841725074545 -3.533225375708705 89.6
      vertex 21.503953057587832 -5.226512932244934 89.6
    endloop
  endfacet
  facet normal 0 0 -1
    outer loop
      vertex 21.503953057587832 -5.226512932244934 89.6
      vertex 21.309841725074545 -3.533225375708705 89.6
      vertex 21.7027143562996 -3.5877041748240117 89.6
    endloop
  endfacet
  facet normal 0 0 -1
    outer loop
      vertex 20.721342404517294 -5.091908753455268 89.6
      vertex 20.55389647124931 -3.296783975958207 89.6
      vertex 20.9253466803939 -3.4358580067662268 89.6
    endloop
  endfacet
  facet normal 0 0 -1
    outer loop
      vertex 21.11009909515549 -5.1740290277072205 89.6
      vertex 20.9253466803939 -3.4358580067662268 89.6
      vertex 21.309841725074545 -3.533225375708705 89.6
    endloop
  endfacet
  facet normal 0 0 -1
    outer loop
      vertex 21.90064833198465 -5.249059844016124 89.6
      vertex 21.7027143562996 -3.5877041748240117 89.6
      vertex 22.099195632525383 -3.5986331052898253 89.6
    endloop
  endfacet
  facet normal 0 0 -1
    outer loop
      vertex 22.693470618618935 -5.203998318707671 89.6
      vertex 22.49447280814627 -3.565879504695012 89.6
      vertex 23.085056416596004 -5.136647989964256 89.6
    endloop
  endfacet
  facet normal 0 0 -1
    outer loop
      vertex 22.693470618618935 -5.203998318707671 89.6
      vertex 22.099195632525383 -3.5986331052898253 89.6
      vertex 22.49447280814627 -3.565879504695012 89.6
    endloop
  endfacet
  facet normal 0 0 -1
    outer loop
      vertex 23.085056416596004 -5.136647989964256 89.6
      vertex 22.49447280814627 -3.565879504695012 89.6
      vertex 22.883747753706878 -3.4898409573815896 89.6
    endloop
  endfacet
  facet normal 0 0 -1
    outer loop
      vertex 23.085056416596004 -5.136647989964256 89.6
      vertex 22.883747753706878 -3.4898409573815896 89.6
      vertex 23.470427109680763 -5.039875406705595 89.6
    endloop
  endfacet
  facet normal 0 0 -1
    outer loop
      vertex 23.470427109680763 -5.039875406705595 89.6
      vertex 23.262295198693916 -3.3714404683093973 89.6
      vertex 23.847375329442123 -4.914234873524932 89.6
    endloop
  endfacet
  facet normal 0 0 -1
    outer loop
      vertex 23.847375329442123 -4.914234873524932 89.6
      vertex 23.625520089919203 -3.2121152590262176 89.6
      vertex 24.213741950613464 -4.76044604801841 89.6
    endloop
  endfacet
  facet normal 0 0 -1
    outer loop
      vertex 24.213741950613464 -4.76044604801841 89.6
      vertex 23.969013369240734 -3.0137993217451036 89.6
      vertex 24.567428458366624 -4.579389818651517 89.6
    endloop
  endfacet
  facet normal 0 0 -1
    outer loop
      vertex 23.470427109680763 -5.039875406705595 89.6
      vertex 22.883747753706878 -3.4898409573815896 89.6
      vertex 23.262295198693916 -3.3714404683093973 89.6
    endloop
  endfacet
  facet normal 0 0 -1
    outer loop
      vertex 23.847375329442123 -4.914234873524932 89.6
      vertex 23.262295198693916 -3.3714404683093973 89.6
      vertex 23.625520089919203 -3.2121152590262176 89.6
    endloop
  endfacet
  facet normal 0 0 -1
    outer loop
      vertex 24.213741950613464 -4.76044604801841 89.6
      vertex 23.625520089919203 -3.2121152590262176 89.6
      vertex 23.969013369240734 -3.0137993217451036 89.6
    endloop
  endfacet
  facet normal 0 0 -1
    outer loop
      vertex 24.567428458366624 -4.579389818651517 89.6
      vertex 24.288605493555885 -2.778899943298756 89.6
      vertex 24.906408968414794 -4.372103259109745 89.6
    endloop
  endfacet
  facet normal 0 0 -1
    outer loop
      vertex 24.906408968414794 -4.372103259109745 89.6
      vertex 24.840905833827016 -2.211165765682804 89.6
      vertex 25.228741831094254 -4.139773688034422 89.6
    endloop
  endfacet
  facet normal 0 0 -1
    outer loop
      vertex 24.567428458366624 -4.579389818651517 89.6
      vertex 23.969013369240734 -3.0137993217451036 89.6
      vertex 24.288605493555885 -2.778899943298756 89.6
    endloop
  endfacet
  facet normal 0 0 -1
    outer loop
      vertex 24.906408968414794 -4.372103259109745 89.6
      vertex 24.288605493555885 -2.778899943298756 89.6
      vertex 24.580417047406424 -2.510268483938384 89.6
    endloop
  endfacet
  facet normal 0 0 -1
    outer loop
      vertex 24.906408968414794 -4.372103259109745 89.6
      vertex 24.580417047406424 -2.510268483938384 89.6
      vertex 24.840905833827016 -2.211165765682804 89.6
    endloop
  endfacet
  facet normal 0 0 -1
    outer loop
      vertex 25.228741831094254 -4.139773688034422 89.6
      vertex 25.066909871817977 -1.88522249035636 89.6
      vertex 25.532580752957827 -3.8837318681690585 89.6
    endloop
  endfacet
  facet normal 0 0 -1
    outer loop
      vertex 25.228741831094254 -4.139773688034422 89.6
      vertex 24.840905833827016 -2.211165765682804 89.6
      vertex 25.066909871817977 -1.88522249035636 89.6
    endloop
  endfacet
  facet normal 0 0 -1
    outer loop
      vertex 25.066909871817977 -1.88522249035636 89.6
      vertex 25.25568577851128 -1.536395167787052 89.6
      vertex 25.532580752957827 -3.8837318681690585 89.6
    endloop
  endfacet
  facet normal 0 0 -1
    outer loop
      vertex 25.25568577851128 -1.536395167787052 89.6
      vertex 25.404942070122285 -1.1689180891368622 89.6
      vertex 25.532580752957827 -3.8837318681690585 89.6
    endloop
  endfacet
  facet normal 0 0 -1
    outer loop
      vertex 25.404942070122285 -1.1689180891368622 89.6
      vertex 25.512866977458767 -0.787251928342954 89.6
      vertex 25.532580752957827 -3.8837318681690585 89.6
    endloop
  endfacet
  facet normal 0 0 -1
    outer loop
      vertex 25.512866977458767 -0.787251928342954 89.6
      vertex 25.816185372176506 -3.6054443838708807 89.6
      vertex 25.532580752957827 -3.8837318681690585 89.6
    endloop
  endfacet
  facet normal 0 0 -1
    outer loop
      vertex 25.512866977458767 -0.787251928342954 89.6
      vertex 25.57815043834462 -0.396029595578686 89.6
      vertex 25.816185372176506 -3.6054443838708807 89.6
    endloop
  endfacet
  facet normal 0 0 -1
    outer loop
      vertex 25.816185372176506 -3.6054443838708807 89.6
      vertex 25.57815043834462 -0.396029595578686 89.6
      vertex 25.6 0 89.6
    endloop
  endfacet
  facet normal 0 0 -1
    outer loop
      vertex 25.816185372176506 -3.6054443838708807 89.6
      vertex 25.6 0 89.6
      vertex 25.57815043834462 0.39602959557868544 89.6
    endloop
  endfacet
  facet normal 0 0 -1
    outer loop
      vertex 25.816185372176506 -3.6054443838708807 89.6
      vertex 25.816185372176506 3.6054443838708807 89.6
      vertex 26.077931227174446 -3.3065052406484248 89.6
    endloop
  endfacet
  facet normal 0 0 -1
    outer loop
      vertex 26.077931227174446 -3.3065052406484248 89.6
      vertex 26.07793122717445 3.3065052406484243 89.6
      vertex 26.316319061397753 -2.9886267348423443 89.6
    endloop
  endfacet
  facet normal 0 0 -1
    outer loop
      vertex 26.316319061397753 -2.9886267348423443 89.6
      vertex 26.316319061397753 2.988626734842346 89.6
      vertex 26.52998341092022 -2.6536296457470487 89.6
    endloop
  endfacet
  facet normal 0 0 -1
    outer loop
      vertex 26.52998341092022 -2.6536296457470487 89.6
      vertex 26.52998341092022 2.653629645747049 89.6
      vertex 26.717700425697082 -2.303432806351768 89.6
    endloop
  endfacet
  facet normal 0 0 -1
    outer loop
      vertex 26.717700425697082 -2.303432806351768 89.6
      vertex 26.717700425697082 2.303432806351767 89.6
      vertex 26.878394879667216 -1.9400421124389762 89.6
    endloop
  endfacet
  facet normal 0 0 -1
    outer loop
      vertex 26.878394879667216 -1.9400421124389762 89.6
      vertex 26.87839487966722 1.9400421124389735 89.6
      vertex 27.011146329550666 -1.5655390329949928 89.6
    endloop
  endfacet
  facet normal 0 0 -1
    outer loop
      vertex 27.011146329550666 -1.5655390329949928 89.6
      vertex 27.011146329550666 1.5655390329949932 89.6
      vertex 27.11519438706437 -1.182068687744144 89.6
    endloop
  endfacet
  facet normal 0 0 -1
    outer loop
      vertex 27.11519438706437 -1.182068687744144 89.6
      vertex 27.11519438706437 1.1820686877441435 89.6
      vertex 27.189943074357416 -0.7918275600972147 89.6
    endloop
  endfacet
  facet normal 0 0 -1
    outer loop
      vertex 27.189943074357416 -0.7918275600972147 89.6
      vertex 27.189943074357416 0.7918275600972124 89.6
      vertex 27.234964237718174 -0.3970509158933961 89.6
    endloop
  endfacet
  facet normal 1 0 0
    outer loop
      vertex 16.75376028721426 -0.1986677527677682 88.6
      vertex 16.75376028721426 0.1986677527677682 88.6
      vertex 16.75376028721426 0.1986677527677682 89.6
    endloop
  endfacet
  facet normal 0.9971360452796522 -0.07562874588445644 8.577356572606212e-19
    outer loop
      vertex 16.75376028721426 0.1986677527677682 88.6
      vertex 16.78381027319328 0.5948653074066669 88.6
      vertex 16.78381027319328 0.5948653074066669 89.6
    endloop
  endfacet
  facet normal 0.9885605855918874 -0.1508242971613814 9.999379833369178e-19
    outer loop
      vertex 16.78381027319328 0.5948653074066669 88.6
      vertex 16.84373812155294 0.9876555274353285 88.6
      vertex 16.84373812155294 0.9876555274353285 89.6
    endloop
  endfacet
  facet normal 0.9743227403932148 -0.2251559405226883 3.4702314883221584e-19
    outer loop
      vertex 16.84373812155294 0.9876555274353285 88.6
      vertex 16.93320057100485 1.374788546044235 88.6
      vertex 16.93320057100485 1.374788546044235 89.6
    endloop
  endfacet
  facet normal 0.9545040627715549 -0.2981979110466668 1.9864812842110506e-18
    outer loop
      vertex 16.93320057100485 1.374788546044235 88.6
      vertex 17.05168518874022 1.7540469003612968 88.6
      vertex 17.05168518874022 1.7540469003612968 89.6
    endloop
  endfacet
  facet normal 0.9292180723175639 -0.36953183094076036 7.935438284594409e-18
    outer loop
      vertex 17.05168518874022 1.7540469003612968 88.6
      vertex 17.19851330559854 2.1232582328783534 88.6
      vertex 17.19851330559854 2.1232582328783534 89.6
    endloop
  endfacet
  facet normal 0.8986096048946854 -0.43874910597175854 5.844480453766437e-18
    outer loop
      vertex 17.19851330559854 2.1232582328783534 88.6
      vertex 17.372843903423092 2.4803077345182727 88.6
      vertex 17.372843903423092 2.4803077345182727 89.6
    endloop
  endfacet
  facet normal 0.8628539830324236 -0.5054532658565797 -1.7371005426268284e-17
    outer loop
      vertex 17.372843903423092 2.4803077345182727 88.6
      vertex 17.573678432336806 2.823150258069814 88.6
      vertex 17.573678432336806 2.823150258069814 89.6
    endloop
  endfacet
  facet normal 0.8221560116948083 -0.5692622352080685 1.1928278831877322e-17
    outer loop
      vertex 17.573678432336806 2.823150258069814 88.6
      vertex 17.799866530345493 3.149822032605652 88.6
      vertex 17.799866530345493 3.149822032605652 89.6
    endloop
  endfacet
  facet normal 0.7767488051760844 -0.6298105220282726 -1.4008619489568717e-17
    outer loop
      vertex 17.799866530345493 3.149822032605652 88.6
      vertex 18.0501126125072 3.4584519117844175 88.6
      vertex 18.0501126125072 3.4584519117844175 89.6
    endloop
  endfacet
  facet normal 0.7268924518431444 -0.6867513112135003 1.376346942093717e-17
    outer loop
      vertex 18.0501126125072 3.4584519117844175 88.6
      vertex 18.322983291925407 3.747272091607478 88.6
      vertex 18.322983291925407 3.747272091607478 89.6
    endloop
  endfacet
  facet normal 0.6728725243729193 -0.7397584510798204 9.781923053987938e-19
    outer loop
      vertex 18.322983291925407 3.747272091607478 88.6
      vertex 18.616915590059396 4.014628236240167 88.6
      vertex 18.616915590059396 4.014628236240167 89.6
    endloop
  endfacet
  facet normal 0.6149984440179567 -0.7885283215303635 2.848259181036841e-18
    outer loop
      vertex 18.616915590059396 4.014628236240167 88.6
      vertex 18.93022588932375 4.25898895389761 88.6
      vertex 18.93022588932375 4.25898895389761 89.6
    endloop
  endfacet
  facet normal 0.5536017082694796 -0.8327815731637641 -7.828117353862308e-18
    outer loop
      vertex 18.93022588932375 4.25898895389761 88.6
      vertex 19.261119576697457 4.478954568518202 88.6
      vertex 19.261119576697457 4.478954568518202 89.6
    endloop
  endfacet
  facet normal 0.4890339920698349 -0.8722647273621927 -2.8630012575681623e-18
    outer loop
      vertex 19.261119576697457 4.478954568518202 88.6
      vertex 19.60770132310473 4.673265136981332 88.6
      vertex 19.60770132310473 4.673265136981332 89.6
    endloop
  endfacet
  facet normal 0.9971360452796522 -0.07562874588445644 0
    outer loop
      vertex 16.75376028721426 0.1986677527677682 88.6
      vertex 16.78381027319328 0.5948653074066669 89.6
      vertex 16.75376028721426 0.1986677527677682 89.6
    endloop
  endfacet
  facet normal 0.9885605855918874 -0.1508242971613814 0
    outer loop
      vertex 16.78381027319328 0.5948653074066669 88.6
      vertex 16.84373812155294 0.9876555274353285 89.6
      vertex 16.78381027319328 0.5948653074066669 89.6
    endloop
  endfacet
  facet normal 0.9743227403932148 -0.2251559405226883 0
    outer loop
      vertex 16.84373812155294 0.9876555274353285 88.6
      vertex 16.93320057100485 1.374788546044235 89.6
      vertex 16.84373812155294 0.9876555274353285 89.6
    endloop
  endfacet
  facet normal 0.9545040627715549 -0.2981979110466668 0
    outer loop
      vertex 16.93320057100485 1.374788546044235 88.6
      vertex 17.05168518874022 1.7540469003612968 89.6
      vertex 16.93320057100485 1.374788546044235 89.6
    endloop
  endfacet
  facet normal 0.9292180723175639 -0.36953183094076036 0
    outer loop
      vertex 17.05168518874022 1.7540469003612968 88.6
      vertex 17.19851330559854 2.1232582328783534 89.6
      vertex 17.05168518874022 1.7540469003612968 89.6
    endloop
  endfacet
  facet normal 0.8986096048946854 -0.43874910597175854 0
    outer loop
      vertex 17.19851330559854 2.1232582328783534 88.6
      vertex 17.372843903423092 2.4803077345182727 89.6
      vertex 17.19851330559854 2.1232582328783534 89.6
    endloop
  endfacet
  facet normal 0.8628539830324236 -0.5054532658565797 0
    outer loop
      vertex 17.372843903423092 2.4803077345182727 88.6
      vertex 17.573678432336806 2.823150258069814 89.6
      vertex 17.372843903423092 2.4803077345182727 89.6
    endloop
  endfacet
  facet normal 0.8221560116948083 -0.5692622352080685 0
    outer loop
      vertex 17.573678432336806 2.823150258069814 88.6
      vertex 17.799866530345493 3.149822032605652 89.6
      vertex 17.573678432336806 2.823150258069814 89.6
    endloop
  endfacet
  facet normal 0.7767488051760844 -0.6298105220282726 0
    outer loop
      vertex 17.799866530345493 3.149822032605652 88.6
      vertex 18.0501126125072 3.4584519117844175 89.6
      vertex 17.799866530345493 3.149822032605652 89.6
    endloop
  endfacet
  facet normal 0.7268924518431444 -0.6867513112135003 0
    outer loop
      vertex 18.0501126125072 3.4584519117844175 88.6
      vertex 18.322983291925407 3.747272091607478 89.6
      vertex 18.0501126125072 3.4584519117844175 89.6
    endloop
  endfacet
  facet normal 0.6728725243729193 -0.7397584510798204 0
    outer loop
      vertex 18.322983291925407 3.747272091607478 88.6
      vertex 18.616915590059396 4.014628236240167 89.6
      vertex 18.322983291925407 3.747272091607478 89.6
    endloop
  endfacet
  facet normal 0.6149984440179567 -0.7885283215303635 0
    outer loop
      vertex 18.616915590059396 4.014628236240167 88.6
      vertex 18.93022588932375 4.25898895389761 89.6
      vertex 18.616915590059396 4.014628236240167 89.6
    endloop
  endfacet
  facet normal 0.5536017082694796 -0.8327815731637641 0
    outer loop
      vertex 18.93022588932375 4.25898895389761 88.6
      vertex 19.261119576697457 4.478954568518202 89.6
      vertex 18.93022588932375 4.25898895389761 89.6
    endloop
  endfacet
  facet normal 0.4890339920698349 -0.8722647273621927 0
    outer loop
      vertex 19.261119576697457 4.478954568518202 88.6
      vertex 19.60770132310473 4.673265136981332 89.6
      vertex 19.261119576697457 4.478954568518202 89.6
    endloop
  endfacet
  facet normal 0.42166513345018286 -0.9067516281939831 -1.1168818062508187e-18
    outer loop
      vertex 19.60770132310473 4.673265136981332 88.6
      vertex 19.96798593968836 4.840807665947471 88.6
      vertex 19.96798593968836 4.840807665947471 89.6
    endloop
  endfacet
  facet normal 0.35188101513183223 -0.936044737814273 -5.419565170614726e-18
    outer loop
      vertex 19.96798593968836 4.840807665947471 88.6
      vertex 20.339909748791676 4.980622486983236 88.6
      vertex 20.339909748791676 4.980622486983236 89.6
    endloop
  endfacet
  facet normal 0.42166513345018286 -0.9067516281939831 0
    outer loop
      vertex 19.60770132310473 4.673265136981332 88.6
      vertex 19.96798593968836 4.840807665947471 89.6
      vertex 19.60770132310473 4.673265136981332 89.6
    endloop
  endfacet
  facet normal 0.35188101513183223 -0.936044737814273 0
    outer loop
      vertex 19.96798593968836 4.840807665947471 88.6
      vertex 20.339909748791676 4.980622486983236 89.6
      vertex 19.96798593968836 4.840807665947471 89.6
    endloop
  endfacet
  facet normal 0 0 -1
    outer loop
      vertex 16.78381027319328 -0.5948653074066669 89.6
      vertex 16.75376028721426 0.1986677527677682 89.6
      vertex 16.78381027319328 0.5948653074066669 89.6
    endloop
  endfacet
  facet normal 0 0 -1
    outer loop
      vertex 16.84373812155294 -0.9876555274353285 89.6
      vertex 16.78381027319328 0.5948653074066669 89.6
      vertex 16.84373812155294 0.9876555274353285 89.6
    endloop
  endfacet
  facet normal 0 0 -1
    outer loop
      vertex 16.93320057100485 -1.374788546044235 89.6
      vertex 16.84373812155294 0.9876555274353285 89.6
      vertex 16.93320057100485 1.374788546044235 89.6
    endloop
  endfacet
  facet normal 0 0 -1
    outer loop
      vertex 17.05168518874022 -1.7540469003612968 89.6
      vertex 16.93320057100485 1.374788546044235 89.6
      vertex 17.05168518874022 1.7540469003612968 89.6
    endloop
  endfacet
  facet normal 0 0 -1
    outer loop
      vertex 17.19851330559854 -2.1232582328783534 89.6
      vertex 17.05168518874022 1.7540469003612968 89.6
      vertex 17.19851330559854 2.1232582328783534 89.6
    endloop
  endfacet
  facet normal 0 0 -1
    outer loop
      vertex 17.372843903423092 -2.4803077345182727 89.6
      vertex 17.19851330559854 2.1232582328783534 89.6
      vertex 17.372843903423092 2.4803077345182727 89.6
    endloop
  endfacet
  facet normal 0 0 -1
    outer loop
      vertex 17.573678432336806 -2.823150258069814 89.6
      vertex 17.372843903423092 2.4803077345182727 89.6
      vertex 17.573678432336806 2.823150258069814 89.6
    endloop
  endfacet
  facet normal 0 0 -1
    outer loop
      vertex 17.799866530345493 -3.149822032605652 89.6
      vertex 17.573678432336806 2.823150258069814 89.6
      vertex 17.799866530345493 3.149822032605652 89.6
    endloop
  endfacet
  facet normal 0 0 -1
    outer loop
      vertex 18.0501126125072 -3.4584519117844175 89.6
      vertex 17.799866530345493 3.149822032605652 89.6
      vertex 18.0501126125072 3.4584519117844175 89.6
    endloop
  endfacet
  facet normal 0 0 -1
    outer loop
      vertex 18.322983291925407 -3.747272091607478 89.6
      vertex 18.0501126125072 3.4584519117844175 89.6
      vertex 18.322983291925407 3.747272091607478 89.6
    endloop
  endfacet
  facet normal 0 0 -1
    outer loop
      vertex 18.405466540840063 -0.19831593728111588 89.6
      vertex 18.322983291925407 3.747272091607478 89.6
      vertex 18.405466540840063 0.19831593728111588 89.6
    endloop
  endfacet
  facet normal 0 0 -1
    outer loop
      vertex 18.405466540840063 0.19831593728111588 89.6
      vertex 18.322983291925407 3.747272091607478 89.6
      vertex 18.4490993077502 0.5925405250106429 89.6
    endloop
  endfacet
  facet normal 0 0 -1
    outer loop
      vertex 18.4490993077502 0.5925405250106429 89.6
      vertex 18.322983291925407 3.747272091607478 89.6
      vertex 18.535835198886698 0.9795724734432057 89.6
    endloop
  endfacet
  facet normal 0 0 -1
    outer loop
      vertex 18.535835198886698 0.9795724734432057 89.6
      vertex 18.322983291925407 3.747272091607478 89.6
      vertex 18.664621358026714 1.3547137390122077 89.6
    endloop
  endfacet
  facet normal 0 0 -1
    outer loop
      vertex 18.664621358026714 1.3547137390122077 89.6
      vertex 18.616915590059396 4.014628236240167 89.6
      vertex 18.83389449565664 1.7134106149334654 89.6
    endloop
  endfacet
  facet normal 0 0 -1
    outer loop
      vertex 18.83389449565664 1.7134106149334654 89.6
      vertex 18.616915590059396 4.014628236240167 89.6
      vertex 19.041599865189117 2.051309007036958 89.6
    endloop
  endfacet
  facet normal 0 0 -1
    outer loop
      vertex 19.041599865189117 2.051309007036958 89.6
      vertex 18.93022588932375 4.25898895389761 89.6
      vertex 19.285216204803174 2.3643072865718437 89.6
    endloop
  endfacet
  facet normal 0 0 -1
    outer loop
      vertex 18.664621358026714 1.3547137390122077 89.6
      vertex 18.322983291925407 3.747272091607478 89.6
      vertex 18.616915590059396 4.014628236240167 89.6
    endloop
  endfacet
  facet normal 0 0 -1
    outer loop
      vertex 19.041599865189117 2.051309007036958 89.6
      vertex 18.616915590059396 4.014628236240167 89.6
      vertex 18.93022588932375 4.25898895389761 89.6
    endloop
  endfacet
  facet normal 0 0 -1
    outer loop
      vertex 19.285216204803174 2.3643072865718437 89.6
      vertex 19.261119576697457 4.478954568518202 89.6
      vertex 19.561786342147332 2.648606078423274 89.6
    endloop
  endfacet
  facet normal 0 0 -1
    outer loop
      vertex 19.561786342147332 2.648606078423274 89.6
      vertex 19.261119576697457 4.478954568518202 89.6
      vertex 19.867953090406072 2.9007543803795217 89.6
    endloop
  endfacet
  facet normal 0 0 -1
    outer loop
      vertex 19.285216204803174 2.3643072865718437 89.6
      vertex 18.93022588932375 4.25898895389761 89.6
      vertex 19.261119576697457 4.478954568518202 89.6
    endloop
  endfacet
  facet normal 0 0 -1
    outer loop
      vertex 19.867953090406072 2.9007543803795217 89.6
      vertex 19.261119576697457 4.478954568518202 89.6
      vertex 19.60770132310473 4.673265136981332 89.6
    endloop
  endfacet
  facet normal 0 0 -1
    outer loop
      vertex 19.867953090406072 2.9007543803795217 89.6
      vertex 19.60770132310473 4.673265136981332 89.6
      vertex 20.2 3.117691453623979 89.6
    endloop
  endfacet
  facet normal 0 0 -1
    outer loop
      vertex 20.2 3.117691453623979 89.6
      vertex 19.96798593968836 4.840807665947471 89.6
      vertex 20.55389647124931 3.2967839759582067 89.6
    endloop
  endfacet
  facet normal 0 0 -1
    outer loop
      vertex 20.2 3.117691453623979 89.6
      vertex 19.60770132310473 4.673265136981332 89.6
      vertex 19.96798593968836 4.840807665947471 89.6
    endloop
  endfacet
  facet normal 0 0 -1
    outer loop
      vertex 19.96798593968836 4.840807665947471 89.6
      vertex 20.339909748791676 4.980622486983236 89.6
      vertex 20.55389647124931 3.2967839759582067 89.6
    endloop
  endfacet
  facet normal -0.6443970304648794 -0.7646910926171727 -1.1766353437162944e-17
    outer loop
      vertex 25.228741831094258 4.1397736880344205 88.6
      vertex 25.532580752957823 3.8837318681690594 88.6
      vertex 25.532580752957823 3.8837318681690594 89.6
    endloop
  endfacet
  facet normal -0.4556759384562422 -0.8901457403773964 0
    outer loop
      vertex 24.567428458366624 4.579389818651518 88.6
      vertex 24.567428458366624 4.579389818651518 89.6
      vertex 24.213741950613468 4.760446048018409 88.6
    endloop
  endfacet
  facet normal -0.5216915092004841 -0.8531342035272769 4.7484272046483475e-18
    outer loop
      vertex 24.567428458366624 4.579389818651518 88.6
      vertex 24.906408968414794 4.372103259109745 88.6
      vertex 24.906408968414794 4.372103259109745 89.6
    endloop
  endfacet
  facet normal -0.584718878224047 -0.8112359912185925 -1.6159628911496652e-17
    outer loop
      vertex 24.906408968414794 4.372103259109745 88.6
      vertex 25.228741831094258 4.1397736880344205 88.6
      vertex 25.228741831094258 4.1397736880344205 89.6
    endloop
  endfacet
  facet normal -0.9992837548163316 -0.03784147671766885 0
    outer loop
      vertex 27.25 0 88.6
      vertex 27.25 0 89.6
      vertex 27.234964237718174 0.3970509158933976 88.6
    endloop
  endfacet
  facet normal -0.993559947963185 -0.11330767760126911 0
    outer loop
      vertex 27.234964237718174 0.3970509158933976 88.6
      vertex 27.234964237718174 0.3970509158933976 89.6
      vertex 27.189943074357416 0.7918275600972124 88.6
    endloop
  endfacet
  facet normal -0.9821451197042025 -0.18812486236863507 0
    outer loop
      vertex 27.189943074357416 0.7918275600972124 88.6
      vertex 27.189943074357416 0.7918275600972124 89.6
      vertex 27.11519438706437 1.1820686877441435 88.6
    endloop
  endfacet
  facet normal -0.9651046531419338 -0.2618644849608051 0
    outer loop
      vertex 27.11519438706437 1.1820686877441435 88.6
      vertex 27.11519438706437 1.1820686877441435 89.6
      vertex 27.011146329550666 1.5655390329949932 88.6
    endloop
  endfacet
  facet normal -0.9425361545256732 -0.3341041714973881 0
    outer loop
      vertex 27.011146329550666 1.5655390329949932 88.6
      vertex 27.011146329550666 1.5655390329949932 89.6
      vertex 26.87839487966722 1.9400421124389735 88.6
    endloop
  endfacet
  facet normal -0.9145688941717062 -0.40443013959587965 -6.799270994277473e-18
    outer loop
      vertex 26.717700425697082 2.303432806351767 88.6
      vertex 26.87839487966722 1.9400421124389735 88.6
      vertex 26.87839487966722 1.9400421124389735 89.6
    endloop
  endfacet
  facet normal -0.8813630660146485 -0.4724395684796714 0
    outer loop
      vertex 26.717700425697082 2.303432806351767 88.6
      vertex 26.717700425697082 2.303432806351767 89.6
      vertex 26.52998341092022 2.653629645747049 88.6
    endloop
  endfacet
  facet normal -0.8431088700310841 -0.5377429062990124 0
    outer loop
      vertex 26.52998341092022 2.653629645747049 88.6
      vertex 26.52998341092022 2.653629645747049 89.6
      vertex 26.316319061397753 2.988626734842346 88.6
    endloop
  endfacet
  facet normal -0.7523595023795817 -0.658752745101793 0
    outer loop
      vertex 26.07793122717445 3.3065052406484243 88.6
      vertex 26.07793122717445 3.3065052406484243 89.6
      vertex 25.816185372176506 3.6054443838708807 88.6
    endloop
  endfacet
  facet normal -0.8000254227913354 -0.5999661014486944 1.5457638499787224e-17
    outer loop
      vertex 26.07793122717445 3.3065052406484243 88.6
      vertex 26.316319061397753 2.988626734842346 88.6
      vertex 26.316319061397753 2.988626734842346 89.6
    endloop
  endfacet
  facet normal -0.7003841348713484 -0.7137661126871414 0
    outer loop
      vertex 25.816185372176506 3.6054443838708807 88.6
      vertex 25.816185372176506 3.6054443838708807 89.6
      vertex 25.532580752957823 3.8837318681690594 88.6
    endloop
  endfacet
  facet normal -0.6443970304648794 -0.7646910926171727 0
    outer loop
      vertex 25.228741831094258 4.1397736880344205 88.6
      vertex 25.532580752957823 3.8837318681690594 89.6
      vertex 25.228741831094258 4.1397736880344205 89.6
    endloop
  endfacet
  facet normal -0.5216915092004841 -0.8531342035272769 0
    outer loop
      vertex 24.567428458366624 4.579389818651518 88.6
      vertex 24.906408968414794 4.372103259109745 89.6
      vertex 24.567428458366624 4.579389818651518 89.6
    endloop
  endfacet
  facet normal -0.584718878224047 -0.8112359912185925 0
    outer loop
      vertex 24.906408968414794 4.372103259109745 88.6
      vertex 25.228741831094258 4.1397736880344205 89.6
      vertex 24.906408968414794 4.372103259109745 89.6
    endloop
  endfacet
  facet normal -0.9992837548163316 -0.03784147671766885 0
    outer loop
      vertex 27.234964237718174 0.3970509158933976 88.6
      vertex 27.25 0 89.6
      vertex 27.234964237718174 0.3970509158933976 89.6
    endloop
  endfacet
  facet normal -0.993559947963185 -0.11330767760126911 0
    outer loop
      vertex 27.189943074357416 0.7918275600972124 88.6
      vertex 27.234964237718174 0.3970509158933976 89.6
      vertex 27.189943074357416 0.7918275600972124 89.6
    endloop
  endfacet
  facet normal -0.9821451197042025 -0.18812486236863507 0
    outer loop
      vertex 27.11519438706437 1.1820686877441435 88.6
      vertex 27.189943074357416 0.7918275600972124 89.6
      vertex 27.11519438706437 1.1820686877441435 89.6
    endloop
  endfacet
  facet normal -0.9145688941717062 -0.40443013959587965 0
    outer loop
      vertex 26.717700425697082 2.303432806351767 88.6
      vertex 26.87839487966722 1.9400421124389735 89.6
      vertex 26.717700425697082 2.303432806351767 89.6
    endloop
  endfacet
  facet normal -0.9651046531419338 -0.2618644849608051 0
    outer loop
      vertex 27.011146329550666 1.5655390329949932 88.6
      vertex 27.11519438706437 1.1820686877441435 89.6
      vertex 27.011146329550666 1.5655390329949932 89.6
    endloop
  endfacet
  facet normal -0.9425361545256732 -0.3341041714973881 0
    outer loop
      vertex 26.87839487966722 1.9400421124389735 88.6
      vertex 27.011146329550666 1.5655390329949932 89.6
      vertex 26.87839487966722 1.9400421124389735 89.6
    endloop
  endfacet
  facet normal -0.8813630660146485 -0.4724395684796714 0
    outer loop
      vertex 26.52998341092022 2.653629645747049 88.6
      vertex 26.717700425697082 2.303432806351767 89.6
      vertex 26.52998341092022 2.653629645747049 89.6
    endloop
  endfacet
  facet normal -0.8431088700310841 -0.5377429062990124 0
    outer loop
      vertex 26.316319061397753 2.988626734842346 88.6
      vertex 26.52998341092022 2.653629645747049 89.6
      vertex 26.316319061397753 2.988626734842346 89.6
    endloop
  endfacet
  facet normal -0.8000254227913354 -0.5999661014486944 0
    outer loop
      vertex 26.07793122717445 3.3065052406484243 88.6
      vertex 26.316319061397753 2.988626734842346 89.6
      vertex 26.07793122717445 3.3065052406484243 89.6
    endloop
  endfacet
  facet normal -0.7003841348713484 -0.7137661126871414 0
    outer loop
      vertex 25.532580752957823 3.8837318681690594 88.6
      vertex 25.816185372176506 3.6054443838708807 89.6
      vertex 25.532580752957823 3.8837318681690594 89.6
    endloop
  endfacet
  facet normal -0.7523595023795817 -0.658752745101793 0
    outer loop
      vertex 25.816185372176506 3.6054443838708807 88.6
      vertex 26.07793122717445 3.3065052406484243 89.6
      vertex 25.816185372176506 3.6054443838708807 89.6
    endloop
  endfacet
  facet normal 0.2800813542249097 -0.959976267943922 8.174981110263226e-18
    outer loop
      vertex 20.339909748791676 4.980622486983236 88.6
      vertex 20.72134240451729 5.091908753455268 88.6
      vertex 20.72134240451729 5.091908753455268 89.6
    endloop
  endfacet
  facet normal 0.20667741268495252 -0.9784091409455729 -1.3219042776860824e-18
    outer loop
      vertex 20.72134240451729 5.091908753455268 88.6
      vertex 21.11009909515549 5.1740290277072205 88.6
      vertex 21.11009909515549 5.1740290277072205 89.6
    endloop
  endfacet
  facet normal 0.13208964164170342 -0.9912377749919372 -3.000813343026134e-18
    outer loop
      vertex 21.11009909515549 5.1740290277072205 88.6
      vertex 21.503953057587836 5.226512932244935 88.6
      vertex 21.503953057587836 5.226512932244935 89.6
    endloop
  endfacet
  facet normal 0.056745273093073256 -0.9983886888289513 -1.9816849940633117e-18
    outer loop
      vertex 21.503953057587836 5.226512932244935 88.6
      vertex 21.90064833198465 5.249059844016124 88.6
      vertex 21.90064833198465 5.249059844016124 89.6
    endloop
  endfacet
  facet normal -0.018924127241020307 -0.9998209226697378 -9.016794349806735e-20
    outer loop
      vertex 21.90064833198465 5.249059844016124 88.6
      vertex 22.297912683738637 5.241540616351994 88.6
      vertex 22.297912683738637 5.241540616351994 89.6
    endloop
  endfacet
  facet normal -0.09448513188803019 -0.995526272808559 8.915725752082481e-19
    outer loop
      vertex 22.297912683738637 5.241540616351994 88.6
      vertex 22.69347061861894 5.203998318707671 88.6
      vertex 22.69347061861894 5.203998318707671 89.6
    endloop
  endfacet
  facet normal -0.16950493425609653 -0.9855293386108991 3.1178169033758453e-18
    outer loop
      vertex 22.69347061861894 5.203998318707671 88.6
      vertex 23.085056416596004 5.136647989964257 88.6
      vertex 23.085056416596004 5.136647989964257 89.6
    endloop
  endfacet
  facet normal -0.2435538277109913 -0.9698873816105275 1.1842542829917548e-18
    outer loop
      vertex 23.085056416596004 5.136647989964257 88.6
      vertex 23.470427109680763 5.039875406705595 88.6
      vertex 23.470427109680763 5.039875406705595 89.6
    endloop
  endfacet
  facet normal -0.3162076668968268 -0.9486899975206156 5.698738109036507e-18
    outer loop
      vertex 23.470427109680763 5.039875406705595 88.6
      vertex 23.847375329442123 4.914234873524932 88.6
      vertex 23.847375329442123 4.914234873524932 89.6
    endloop
  endfacet
  facet normal -0.3870502972022148 -0.9220586030376146 1.95805918149996e-18
    outer loop
      vertex 23.847375329442123 4.914234873524932 88.6
      vertex 24.213741950613468 4.760446048018409 88.6
      vertex 24.213741950613468 4.760446048018409 89.6
    endloop
  endfacet
  facet normal 0.2800813542249097 -0.959976267943922 0
    outer loop
      vertex 20.339909748791676 4.980622486983236 88.6
      vertex 20.72134240451729 5.091908753455268 89.6
      vertex 20.339909748791676 4.980622486983236 89.6
    endloop
  endfacet
  facet normal 0.20667741268495252 -0.9784091409455729 0
    outer loop
      vertex 20.72134240451729 5.091908753455268 88.6
      vertex 21.11009909515549 5.1740290277072205 89.6
      vertex 20.72134240451729 5.091908753455268 89.6
    endloop
  endfacet
  facet normal 0.13208964164170342 -0.9912377749919372 0
    outer loop
      vertex 21.11009909515549 5.1740290277072205 88.6
      vertex 21.503953057587836 5.226512932244935 89.6
      vertex 21.11009909515549 5.1740290277072205 89.6
    endloop
  endfacet
  facet normal 0.056745273093073256 -0.9983886888289513 0
    outer loop
      vertex 21.503953057587836 5.226512932244935 88.6
      vertex 21.90064833198465 5.249059844016124 89.6
      vertex 21.503953057587836 5.226512932244935 89.6
    endloop
  endfacet
  facet normal -0.018924127241020307 -0.9998209226697378 0
    outer loop
      vertex 21.90064833198465 5.249059844016124 88.6
      vertex 22.297912683738637 5.241540616351994 89.6
      vertex 21.90064833198465 5.249059844016124 89.6
    endloop
  endfacet
  facet normal -0.09448513188803019 -0.995526272808559 0
    outer loop
      vertex 22.297912683738637 5.241540616351994 88.6
      vertex 22.69347061861894 5.203998318707671 89.6
      vertex 22.297912683738637 5.241540616351994 89.6
    endloop
  endfacet
  facet normal -0.16950493425609653 -0.9855293386108991 0
    outer loop
      vertex 22.69347061861894 5.203998318707671 88.6
      vertex 23.085056416596004 5.136647989964257 89.6
      vertex 22.69347061861894 5.203998318707671 89.6
    endloop
  endfacet
  facet normal -0.2435538277109913 -0.9698873816105275 0
    outer loop
      vertex 23.085056416596004 5.136647989964257 88.6
      vertex 23.470427109680763 5.039875406705595 89.6
      vertex 23.085056416596004 5.136647989964257 89.6
    endloop
  endfacet
  facet normal -0.3162076668968268 -0.9486899975206156 0
    outer loop
      vertex 23.470427109680763 5.039875406705595 88.6
      vertex 23.847375329442123 4.914234873524932 89.6
      vertex 23.470427109680763 5.039875406705595 89.6
    endloop
  endfacet
  facet normal -0.3870502972022148 -0.9220586030376146 0
    outer loop
      vertex 23.847375329442123 4.914234873524932 88.6
      vertex 24.213741950613468 4.760446048018409 89.6
      vertex 23.847375329442123 4.914234873524932 89.6
    endloop
  endfacet
  facet normal -0.4556759384562422 -0.8901457403773964 0
    outer loop
      vertex 24.213741950613468 4.760446048018409 88.6
      vertex 24.567428458366624 4.579389818651518 89.6
      vertex 24.213741950613468 4.760446048018409 89.6
    endloop
  endfacet
  facet normal 0 0 -1
    outer loop
      vertex 25.512866977458767 0.7872519283429529 89.6
      vertex 25.404942070122285 1.1689180891368605 89.6
      vertex 25.532580752957823 3.8837318681690594 89.6
    endloop
  endfacet
  facet normal 0 0 -1
    outer loop
      vertex 25.404942070122285 1.1689180891368605 89.6
      vertex 25.25568577851128 1.536395167787053 89.6
      vertex 25.228741831094258 4.1397736880344205 89.6
    endloop
  endfacet
  facet normal 0 0 -1
    outer loop
      vertex 20.339909748791676 4.980622486983236 89.6
      vertex 20.9253466803939 3.435858006766227 89.6
      vertex 20.55389647124931 3.2967839759582067 89.6
    endloop
  endfacet
  facet normal 0 0 -1
    outer loop
      vertex 20.9253466803939 3.435858006766227 89.6
      vertex 20.72134240451729 5.091908753455268 89.6
      vertex 21.30984172507454 3.5332253757087044 89.6
    endloop
  endfacet
  facet normal 0 0 -1
    outer loop
      vertex 20.339909748791676 4.980622486983236 89.6
      vertex 20.72134240451729 5.091908753455268 89.6
      vertex 20.9253466803939 3.435858006766227 89.6
    endloop
  endfacet
  facet normal 0 0 -1
    outer loop
      vertex 21.30984172507454 3.5332253757087044 89.6
      vertex 20.72134240451729 5.091908753455268 89.6
      vertex 21.11009909515549 5.1740290277072205 89.6
    endloop
  endfacet
  facet normal 0 0 -1
    outer loop
      vertex 21.30984172507454 3.5332253757087044 89.6
      vertex 21.11009909515549 5.1740290277072205 89.6
      vertex 21.7027143562996 3.5877041748240117 89.6
    endloop
  endfacet
  facet normal 0 0 -1
    outer loop
      vertex 21.7027143562996 3.5877041748240117 89.6
      vertex 21.11009909515549 5.1740290277072205 89.6
      vertex 21.503953057587836 5.226512932244935 89.6
    endloop
  endfacet
  facet normal 0 0 -1
    outer loop
      vertex 21.7027143562996 3.5877041748240117 89.6
      vertex 21.90064833198465 5.249059844016124 89.6
      vertex 22.099195632525383 3.5986331052898253 89.6
    endloop
  endfacet
  facet normal 0 0 -1
    outer loop
      vertex 22.099195632525383 3.5986331052898253 89.6
      vertex 22.297912683738637 5.241540616351994 89.6
      vertex 22.49447280814627 3.565879504695012 89.6
    endloop
  endfacet
  facet normal 0 0 -1
    outer loop
      vertex 22.883747753706878 3.4898409573815896 89.6
      vertex 22.49447280814627 3.565879504695012 89.6
      vertex 22.69347061861894 5.203998318707671 89.6
    endloop
  endfacet
  facet normal 0 0 -1
    outer loop
      vertex 22.883747753706878 3.4898409573815896 89.6
      vertex 22.69347061861894 5.203998318707671 89.6
      vertex 23.085056416596004 5.136647989964257 89.6
    endloop
  endfacet
  facet normal 0 0 -1
    outer loop
      vertex 25.25568577851128 1.536395167787053 89.6
      vertex 25.066909871817977 1.8852224903563604 89.6
      vertex 25.228741831094258 4.1397736880344205 89.6
    endloop
  endfacet
  facet normal 0 0 -1
    outer loop
      vertex 24.840905833827016 2.211165765682804 89.6
      vertex 24.906408968414794 4.372103259109745 89.6
      vertex 25.066909871817977 1.8852224903563604 89.6
    endloop
  endfacet
  facet normal 0 0 -1
    outer loop
      vertex 24.840905833827016 2.211165765682804 89.6
      vertex 24.580417047406424 2.5102684839383835 89.6
      vertex 24.567428458366624 4.579389818651518 89.6
    endloop
  endfacet
  facet normal 0 0 -1
    outer loop
      vertex 24.580417047406424 2.5102684839383835 89.6
      vertex 24.288605493555885 2.778899943298755 89.6
      vertex 24.213741950613468 4.760446048018409 89.6
    endloop
  endfacet
  facet normal 0 0 -1
    outer loop
      vertex 25.404942070122285 1.1689180891368605 89.6
      vertex 25.228741831094258 4.1397736880344205 89.6
      vertex 25.532580752957823 3.8837318681690594 89.6
    endloop
  endfacet
  facet normal 0 0 -1
    outer loop
      vertex 25.066909871817977 1.8852224903563604 89.6
      vertex 24.906408968414794 4.372103259109745 89.6
      vertex 25.228741831094258 4.1397736880344205 89.6
    endloop
  endfacet
  facet normal 0 0 -1
    outer loop
      vertex 22.883747753706878 3.4898409573815896 89.6
      vertex 23.085056416596004 5.136647989964257 89.6
      vertex 23.262295198693916 3.3714404683093973 89.6
    endloop
  endfacet
  facet normal 0 0 -1
    outer loop
      vertex 23.262295198693916 3.3714404683093973 89.6
      vertex 23.470427109680763 5.039875406705595 89.6
      vertex 23.625520089919203 3.2121152590262185 89.6
    endloop
  endfacet
  facet normal 0 0 -1
    outer loop
      vertex 23.969013369240738 3.0137993217451027 89.6
      vertex 23.625520089919203 3.2121152590262185 89.6
      vertex 23.847375329442123 4.914234873524932 89.6
    endloop
  endfacet
  facet normal 0 0 -1
    outer loop
      vertex 23.969013369240738 3.0137993217451027 89.6
      vertex 24.213741950613468 4.760446048018409 89.6
      vertex 24.288605493555885 2.778899943298755 89.6
    endloop
  endfacet
  facet normal 0 0 -1
    outer loop
      vertex 23.262295198693916 3.3714404683093973 89.6
      vertex 23.085056416596004 5.136647989964257 89.6
      vertex 23.470427109680763 5.039875406705595 89.6
    endloop
  endfacet
  facet normal 0 0 -1
    outer loop
      vertex 23.969013369240738 3.0137993217451027 89.6
      vertex 23.847375329442123 4.914234873524932 89.6
      vertex 24.213741950613468 4.760446048018409 89.6
    endloop
  endfacet
  facet normal 0 0 -1
    outer loop
      vertex 23.625520089919203 3.2121152590262185 89.6
      vertex 23.470427109680763 5.039875406705595 89.6
      vertex 23.847375329442123 4.914234873524932 89.6
    endloop
  endfacet
  facet normal 0 0 -1
    outer loop
      vertex 24.840905833827016 2.211165765682804 89.6
      vertex 24.567428458366624 4.579389818651518 89.6
      vertex 24.906408968414794 4.372103259109745 89.6
    endloop
  endfacet
  facet normal 0 0 -1
    outer loop
      vertex 24.580417047406424 2.5102684839383835 89.6
      vertex 24.213741950613468 4.760446048018409 89.6
      vertex 24.567428458366624 4.579389818651518 89.6
    endloop
  endfacet
  facet normal 0 0 -1
    outer loop
      vertex 25.816185372176506 -3.6054443838708807 89.6
      vertex 25.57815043834462 0.39602959557868544 89.6
      vertex 25.532580752957823 3.8837318681690594 89.6
    endloop
  endfacet
  facet normal 0 0 -1
    outer loop
      vertex 26.52998341092022 -2.6536296457470487 89.6
      vertex 26.316319061397753 2.988626734842346 89.6
      vertex 26.52998341092022 2.653629645747049 89.6
    endloop
  endfacet
  facet normal 0 0 -1
    outer loop
      vertex 26.316319061397753 -2.9886267348423443 89.6
      vertex 26.07793122717445 3.3065052406484243 89.6
      vertex 26.316319061397753 2.988626734842346 89.6
    endloop
  endfacet
  facet normal 0 0 -1
    outer loop
      vertex 26.717700425697082 -2.303432806351768 89.6
      vertex 26.52998341092022 2.653629645747049 89.6
      vertex 26.717700425697082 2.303432806351767 89.6
    endloop
  endfacet
  facet normal 0 0 -1
    outer loop
      vertex 27.234964237718174 -0.3970509158933961 89.6
      vertex 27.234964237718174 0.3970509158933976 89.6
      vertex 27.25 0 89.6
    endloop
  endfacet
  facet normal 0 0 -1
    outer loop
      vertex 27.234964237718174 -0.3970509158933961 89.6
      vertex 27.189943074357416 0.7918275600972124 89.6
      vertex 27.234964237718174 0.3970509158933976 89.6
    endloop
  endfacet
  facet normal 0 0 -1
    outer loop
      vertex 27.11519438706437 -1.182068687744144 89.6
      vertex 27.011146329550666 1.5655390329949932 89.6
      vertex 27.11519438706437 1.1820686877441435 89.6
    endloop
  endfacet
  facet normal 0 0 -1
    outer loop
      vertex 27.189943074357416 -0.7918275600972147 89.6
      vertex 27.11519438706437 1.1820686877441435 89.6
      vertex 27.189943074357416 0.7918275600972124 89.6
    endloop
  endfacet
  facet normal 0 0 -1
    outer loop
      vertex 27.011146329550666 -1.5655390329949928 89.6
      vertex 26.87839487966722 1.9400421124389735 89.6
      vertex 27.011146329550666 1.5655390329949932 89.6
    endloop
  endfacet
  facet normal 0 0 -1
    outer loop
      vertex 26.878394879667216 -1.9400421124389762 89.6
      vertex 26.717700425697082 2.303432806351767 89.6
      vertex 26.87839487966722 1.9400421124389735 89.6
    endloop
  endfacet
  facet normal 0 0 -1
    outer loop
      vertex 25.816185372176506 -3.6054443838708807 89.6
      vertex 25.532580752957823 3.8837318681690594 89.6
      vertex 25.816185372176506 3.6054443838708807 89.6
    endloop
  endfacet
  facet normal 0 0 -1
    outer loop
      vertex 26.077931227174446 -3.3065052406484248 89.6
      vertex 25.816185372176506 3.6054443838708807 89.6
      vertex 26.07793122717445 3.3065052406484243 89.6
    endloop
  endfacet
  facet normal 0 0 -1
    outer loop
      vertex 25.512866977458767 0.7872519283429529 89.6
      vertex 25.532580752957823 3.8837318681690594 89.6
      vertex 25.57815043834462 0.39602959557868544 89.6
    endloop
  endfacet
  facet normal 0 0 -1
    outer loop
      vertex 21.7027143562996 3.5877041748240117 89.6
      vertex 21.503953057587836 5.226512932244935 89.6
      vertex 21.90064833198465 5.249059844016124 89.6
    endloop
  endfacet
  facet normal 0 0 -1
    outer loop
      vertex 22.099195632525383 3.5986331052898253 89.6
      vertex 21.90064833198465 5.249059844016124 89.6
      vertex 22.297912683738637 5.241540616351994 89.6
    endloop
  endfacet
  facet normal 0 0 -1
    outer loop
      vertex 22.49447280814627 3.565879504695012 89.6
      vertex 22.297912683738637 5.241540616351994 89.6
      vertex 22.69347061861894 5.203998318707671 89.6
    endloop
  endfacet
  facet normal 1 0 0
    outer loop
      vertex -38.31109832287784 -14.544614233163097 88.6
      vertex -38.31109832287784 -14.155385766836906 88.6
      vertex -38.31109832287784 -14.195739940774077 89.8
    endloop
  endfacet
  facet normal 0.26752833852922736 0.9635499925192211 -3.420879991772105e-17
    outer loop
      vertex -37.18789867961184 -16.022158095670225 88.6
      vertex -37.16457357292703 -16.028634279662597 89.8
      vertex -36.81285759379497 -16.12628774057475 88.6
    endloop
  endfacet
  facet normal 0.46840844069979065 0.8835120444460227 -5.147626268240042e-17
    outer loop
      vertex -37.53178671765228 -15.839840196682404 88.6
      vertex -37.501825284272684 -15.855724743337642 89.8
      vertex -37.18789867961184 -16.022158095670225 88.6
    endloop
  endfacet
  facet normal 0.6473862847818265 0.7621620551276375 2.063319505050331e-15
    outer loop
      vertex -37.53178671765228 -15.839840196682404 88.6
      vertex -37.82844188546163 -15.587859025936163 88.6
      vertex -37.80096264087561 -15.611200106670204 89.8
    endloop
  endfacet
  facet normal 0.7960930657056393 0.6051742151937709 -2.0086649792995444e-15
    outer loop
      vertex -37.82844188546163 -15.587859025936163 88.6
      vertex -38.06399291710166 -15.27799694291864 88.6
      vertex -38.062016683214026 -15.28059663413921 89.8
    endloop
  endfacet
  facet normal 0.054138908585409914 0.9985334138511243 -1.9361425963298056e-15
    outer loop
      vertex -36.81285759379497 -16.12628774057475 88.6
      vertex -36.76929012010436 -16.128649900361005 89.8
      vertex -36.42419996454624 -16.147360144932023 88.6
    endloop
  endfacet
  facet normal -0.16178199655275957 0.986826522541527 -4.445876992989244e-16
    outer loop
      vertex -36.42419996454624 -16.147360144932023 88.6
      vertex -36.414706586152626 -16.14580378454297 89.8
      vertex -36.040098990647394 -16.084389986534603 88.6
    endloop
  endfacet
  facet normal -0.37013815533992 0.9289767198167891 3.1363506836834376e-18
    outer loop
      vertex -36.040098990647394 -16.084389986534603 88.6
      vertex -36.003290130921016 -16.069723996366438 89.8
      vertex -35.678514806740374 -15.940321680002842 88.6
    endloop
  endfacet
  facet normal 0.9075754196709588 0.4198891015602609 5.913786772008611e-16
    outer loop
      vertex -38.06399291710166 -15.27799694291864 88.6
      vertex -38.22742570812904 -14.924742754244765 88.6
      vertex -38.209334655276756 -14.96384592416199 89.8
    endloop
  endfacet
  facet normal 0.9766205557100884 0.21497044021101613 1.6063727818717987e-15
    outer loop
      vertex -38.31109832287784 -14.544614233163097 88.6
      vertex -38.30709351690636 -14.562808250115088 89.8
      vertex -38.22742570812904 -14.924742754244765 88.6
    endloop
  endfacet
  facet normal -0.5611870653623767 0.8276889981568943 7.200586054770378e-17
    outer loop
      vertex -35.678514806740374 -15.940321680002842 88.6
      vertex -35.66047545420719 -15.928090695500597 89.8
      vertex -35.3563546873927 -15.721891699229747 88.6
    endloop
  endfacet
  facet normal -0.725995491923132 0.6876994588534222 -2.22954737197196e-15
    outer loop
      vertex -35.3563546873927 -15.721891699229747 88.6
      vertex -35.33616562730031 -15.700578367621661 89.8
      vertex -35.08868248172983 -15.439313587348778 88.6
    endloop
  endfacet
  facet normal -0.8568571761675889 0.5155538571770223 -2.3024821730954956e-15
    outer loop
      vertex -35.08868248172983 -15.439313587348778 88.6
      vertex -35.06696039822828 -15.403211203726755 89.8
      vertex -34.88801424459227 -15.105800382808479 88.6
    endloop
  endfacet
  facet normal -0.9476531711828042 0.31930153013597484 -2.5503099130515887e-15
    outer loop
      vertex -34.88801424459227 -15.105800382808479 88.6
      vertex -34.88299981479685 -15.090918085516368 89.8
      vertex -34.76373299972184 -14.736946792379845 88.6
    endloop
  endfacet
  facet normal -0.9941379571543603 0.10811901842393654 2.885940296152519e-15
    outer loop
      vertex -34.76373299972184 -14.736946792379845 88.6
      vertex -34.75916689204588 -14.694962125636764 89.8
      vertex -34.72165 -14.350000000000001 88.6
    endloop
  endfacet
  facet normal -0.9941379571543603 -0.10811901842393654 0
    outer loop
      vertex -34.72165 -14.350000000000001 88.6
      vertex -34.72165 -14.350000000000001 89.8
      vertex -34.76373299972184 -13.963053207620158 88.6
    endloop
  endfacet
  facet normal 0.9766205557101106 0.21497044021091505 0
    outer loop
      vertex -38.31109832287784 -14.544614233163097 88.6
      vertex -38.31109832287784 -14.544614233163097 89.80456704366766
      vertex -38.30709351690636 -14.562808250115088 89.8
    endloop
  endfacet
  facet normal 1 0 0
    outer loop
      vertex -38.31109832287784 -14.544614233163097 88.6
      vertex -38.31109832287784 -14.504260059225926 89.8
      vertex -38.31109832287784 -14.544614233163097 89.80456704366766
    endloop
  endfacet
  facet normal 1 0 0
    outer loop
      vertex -38.31109832287784 -14.544614233163097 88.6
      vertex -38.31109832287784 -14.195739940774077 89.8
      vertex -38.31109832287784 -14.504260059225926 89.8
    endloop
  endfacet
  facet normal 1 0 0
    outer loop
      vertex -38.31109832287784 -14.155385766836906 88.6
      vertex -38.31109832287784 -14.155385766836906 89.80456704366766
      vertex -38.31109832287784 -14.195739940774077 89.8
    endloop
  endfacet
  facet normal 0.9766205557101106 -0.21497044021091505 0
    outer loop
      vertex -38.31109832287784 -14.155385766836906 88.6
      vertex -38.30709351690636 -14.137191749884915 89.8
      vertex -38.31109832287784 -14.155385766836906 89.80456704366766
    endloop
  endfacet
  facet normal 0.46840844069978893 0.8835120444460235 0
    outer loop
      vertex -37.53178671765228 -15.839840196682404 88.6
      vertex -37.53178671765228 -15.839840196682404 89.80330921938798
      vertex -37.501825284272684 -15.855724743337642 89.8
    endloop
  endfacet
  facet normal 0.6473862847816524 0.7621620551277852 0
    outer loop
      vertex -37.53178671765228 -15.839840196682404 88.6
      vertex -37.54146537859583 -15.831619067976574 89.8
      vertex -37.53178671765228 -15.839840196682404 89.80330921938798
    endloop
  endfacet
  facet normal 0.6473862847818272 0.7621620551276368 2.4286982297836913e-15
    outer loop
      vertex -37.53178671765228 -15.839840196682404 88.6
      vertex -37.80096264087561 -15.611200106670204 89.8
      vertex -37.54146537859583 -15.831619067976574 89.8
    endloop
  endfacet
  facet normal 0.4684084406997934 0.8835120444460212 9.102443177502267e-16
    outer loop
      vertex -37.18789867961184 -16.022158095670225 88.6
      vertex -37.501825284272684 -15.855724743337642 89.8
      vertex -37.22605257412594 -16.00193018101041 89.8
    endloop
  endfacet
  facet normal 0.4684084406997711 0.883512044446033 0
    outer loop
      vertex -37.18789867961184 -16.022158095670225 88.6
      vertex -37.22605257412594 -16.00193018101041 89.8
      vertex -37.18789867961184 -16.022158095670225 89.80556018769134
    endloop
  endfacet
  facet normal 0.26752833852922575 0.9635499925192215 0
    outer loop
      vertex -37.18789867961184 -16.022158095670225 88.6
      vertex -37.18789867961184 -16.022158095670225 89.80556018769134
      vertex -37.16457357292703 -16.028634279662597 89.8
    endloop
  endfacet
  facet normal 0.7960930657056445 0.6051742151937642 7.410204569674019e-16
    outer loop
      vertex -37.82844188546163 -15.587859025936163 88.6
      vertex -38.062016683214026 -15.28059663413921 89.8
      vertex -37.85329287789059 -15.555168104459506 89.8
    endloop
  endfacet
  facet normal 0.6473862847818788 0.7621620551275928 0
    outer loop
      vertex -37.82844188546163 -15.587859025936163 88.6
      vertex -37.82844188546163 -15.587859025936163 89.80688455110692
      vertex -37.80096264087561 -15.611200106670204 89.8
    endloop
  endfacet
  facet normal 0.7960930657056313 0.6051742151937815 0
    outer loop
      vertex -37.82844188546163 -15.587859025936163 88.6
      vertex -37.85329287789059 -15.555168104459506 89.8
      vertex -37.82844188546163 -15.587859025936163 89.80688455110692
    endloop
  endfacet
  facet normal 0.7960930657051949 0.6051742151943555 0
    outer loop
      vertex -38.06399291710166 -15.27799694291864 88.6
      vertex -38.06399291710166 -15.27799694291864 89.80092645806737
      vertex -38.062016683214026 -15.28059663413921 89.8
    endloop
  endfacet
  facet normal 0.9075754196711594 0.4198891015598271 0
    outer loop
      vertex -38.06399291710166 -15.27799694291864 88.6
      vertex -38.06923694906344 -15.266662153587836 89.8
      vertex -38.06399291710166 -15.27799694291864 89.80092645806737
    endloop
  endfacet
  facet normal 0.26752833852922375 0.9635499925192221 -1.1724998900973551e-15
    outer loop
      vertex -36.81285759379497 -16.12628774057475 88.6
      vertex -37.16457357292703 -16.028634279662597 89.8
      vertex -36.838720683421705 -16.119106889087238 89.8
    endloop
  endfacet
  facet normal 0.054138908585416486 0.9985334138511238 -3.9333395966119776e-17
    outer loop
      vertex -36.42419996454624 -16.147360144932023 88.6
      vertex -36.76929012010436 -16.128649900361005 89.8
      vertex -36.45290534286046 -16.14580378454297 89.8
    endloop
  endfacet
  facet normal 0.05413890858541814 0.9985334138511239 0
    outer loop
      vertex -36.42419996454624 -16.147360144932023 88.6
      vertex -36.45290534286046 -16.14580378454297 89.8
      vertex -36.42419996454624 -16.147360144932023 89.80258108611481
    endloop
  endfacet
  facet normal -0.16178199655281428 0.986826522541518 0
    outer loop
      vertex -36.42419996454624 -16.147360144932023 88.6
      vertex -36.42419996454624 -16.147360144932023 89.80258108611481
      vertex -36.414706586152626 -16.14580378454297 89.8
    endloop
  endfacet
  facet normal 0.2675283385292743 0.9635499925192081 0
    outer loop
      vertex -36.81285759379497 -16.12628774057475 88.6
      vertex -36.838720683421705 -16.119106889087238 89.8
      vertex -36.81285759379497 -16.12628774057475 89.8059574761493
    endloop
  endfacet
  facet normal 0.05413890858535674 0.998533413851127 0
    outer loop
      vertex -36.81285759379497 -16.12628774057475 88.6
      vertex -36.81285759379497 -16.12628774057475 89.8059574761493
      vertex -36.76929012010436 -16.128649900361005 89.8
    endloop
  endfacet
  facet normal -0.1617819965527623 0.9868265225415265 -1.3179621901079071e-15
    outer loop
      vertex -36.040098990647394 -16.084389986534603 88.6
      vertex -36.414706586152626 -16.14580378454297 89.8
      vertex -36.07754253272997 -16.090528543674843 89.8
    endloop
  endfacet
  facet normal -0.16178199655272119 0.9868265225415334 0
    outer loop
      vertex -36.040098990647394 -16.084389986534603 88.6
      vertex -36.07754253272997 -16.090528543674843 89.8
      vertex -36.040098990647394 -16.084389986534603 89.80695077441949
    endloop
  endfacet
  facet normal -0.37013815533992006 0.9289767198167893 0
    outer loop
      vertex -36.040098990647394 -16.084389986534603 88.6
      vertex -36.040098990647394 -16.084389986534603 89.80695077441949
      vertex -36.003290130921016 -16.069723996366438 89.8
    endloop
  endfacet
  facet normal -0.3701381553399173 0.9289767198167902 8.836529857617756e-16
    outer loop
      vertex -35.678514806740374 -15.940321680002842 88.6
      vertex -36.003290130921016 -16.069723996366438 89.8
      vertex -35.68452887067931 -15.94271790208782 89.8
    endloop
  endfacet
  facet normal 0.9075754196709503 0.41988910156027903 -5.18208249029307e-15
    outer loop
      vertex -38.06399291710166 -15.27799694291864 88.6
      vertex -38.209334655276756 -14.96384592416199 89.8
      vertex -38.06923694906344 -15.266662153587836 89.8
    endloop
  endfacet
  facet normal 0.9075754196709658 0.41988910156024595 0
    outer loop
      vertex -38.22742570812904 -14.924742754244765 88.6
      vertex -38.22742570812904 -14.924742754244765 89.80655344188965
      vertex -38.209334655276756 -14.96384592416199 89.8
    endloop
  endfacet
  facet normal 0.9766205557100759 0.21497044021107314 0
    outer loop
      vertex -38.22742570812904 -14.924742754244765 88.6
      vertex -38.23424931806461 -14.893742781780249 89.8
      vertex -38.22742570812904 -14.924742754244765 89.80655344188965
    endloop
  endfacet
  facet normal 0.9766205557100884 0.21497044021101636 1.5388195893504708e-15
    outer loop
      vertex -38.22742570812904 -14.924742754244765 88.6
      vertex -38.30709351690636 -14.562808250115088 89.8
      vertex -38.23424931806461 -14.893742781780249 89.8
    endloop
  endfacet
  facet normal 0.9766205557100884 -0.21497044021101636 1.6096576620669395e-15
    outer loop
      vertex -38.31109832287784 -14.155385766836906 88.6
      vertex -38.23424931806461 -13.806257218219754 89.8
      vertex -38.30709351690636 -14.137191749884915 89.8
    endloop
  endfacet
  facet normal -0.37013815534006944 0.9289767198167297 0
    outer loop
      vertex -35.678514806740374 -15.940321680002842 88.6
      vertex -35.68452887067931 -15.94271790208782 89.8
      vertex -35.678514806740374 -15.940321680002842 89.80178682646789
    endloop
  endfacet
  facet normal -0.5611870653623735 0.8276889981568966 0
    outer loop
      vertex -35.678514806740374 -15.940321680002842 88.6
      vertex -35.678514806740374 -15.940321680002842 89.80178682646789
      vertex -35.66047545420719 -15.928090695500597 89.8
    endloop
  endfacet
  facet normal -0.561187065362385 0.8276889981568887 -3.0162865474025597e-15
    outer loop
      vertex -35.3563546873927 -15.721891699229747 88.6
      vertex -35.66047545420719 -15.928090695500597 89.8
      vertex -35.39241921433576 -15.746344055228102 89.8
    endloop
  endfacet
  facet normal -0.7259954919231218 0.6876994588534328 2.1671200676455764e-15
    outer loop
      vertex -35.08868248172983 -15.439313587348778 88.6
      vertex -35.33616562730031 -15.700578367621661 89.8
      vertex -35.10344521985287 -15.45489842050197 89.8
    endloop
  endfacet
  facet normal -0.5611870653623163 0.8276889981569353 0
    outer loop
      vertex -35.3563546873927 -15.721891699229747 88.6
      vertex -35.39241921433576 -15.746344055228102 89.8
      vertex -35.3563546873927 -15.721891699229747 89.80628856333038
    endloop
  endfacet
  facet normal -0.7259954919231947 0.6876994588533559 0
    outer loop
      vertex -35.3563546873927 -15.721891699229747 88.6
      vertex -35.3563546873927 -15.721891699229747 89.80628856333038
      vertex -35.33616562730031 -15.700578367621661 89.8
    endloop
  endfacet
  facet normal -0.8568571761675904 0.5155538571770198 -3.1176265627020324e-15
    outer loop
      vertex -34.88801424459227 -15.105800382808479 88.6
      vertex -35.06696039822828 -15.403211203726755 89.8
      vertex -34.90744275325644 -15.138090815397383 89.8
    endloop
  endfacet
  facet normal -0.7259954919232052 0.6876994588533448 0
    outer loop
      vertex -35.08868248172983 -15.439313587348778 88.6
      vertex -35.10344521985287 -15.45489842050197 89.8
      vertex -35.08868248172983 -15.439313587348778 89.80509670677012
    endloop
  endfacet
  facet normal -0.8568571761676227 0.5155538571769661 0
    outer loop
      vertex -35.08868248172983 -15.439313587348778 88.6
      vertex -35.08868248172983 -15.439313587348778 89.80509670677012
      vertex -35.06696039822828 -15.403211203726755 89.8
    endloop
  endfacet
  facet normal -0.8568571761675391 0.5155538571771049 0
    outer loop
      vertex -34.88801424459227 -15.105800382808479 88.6
      vertex -34.90744275325644 -15.138090815397383 89.8
      vertex -34.88801424459227 -15.105800382808479 89.80397121013422
    endloop
  endfacet
  facet normal -0.9476531711828664 0.3193015301357902 0
    outer loop
      vertex -34.88801424459227 -15.105800382808479 88.6
      vertex -34.88801424459227 -15.105800382808479 89.80397121013422
      vertex -34.88299981479685 -15.090918085516368 89.8
    endloop
  endfacet
  facet normal -0.9476531711828005 0.3193015301359862 1.1826687655742022e-15
    outer loop
      vertex -34.76373299972184 -14.736946792379845 88.6
      vertex -34.88299981479685 -15.090918085516368 89.8
      vertex -34.77458296510768 -14.769148342121062 89.8
    endloop
  endfacet
  facet normal -0.9476531711828137 0.3193015301359466 0
    outer loop
      vertex -34.76373299972184 -14.736946792379845 88.6
      vertex -34.77458296510768 -14.769148342121062 89.8
      vertex -34.76373299972184 -14.736946792379845 89.8067521059509
    endloop
  endfacet
  facet normal -0.9941379571543513 0.10811901842401805 0
    outer loop
      vertex -34.76373299972184 -14.736946792379845 88.6
      vertex -34.76373299972184 -14.736946792379845 89.8067521059509
      vertex -34.75916689204588 -14.694962125636764 89.8
    endloop
  endfacet
  facet normal -0.9941379571543613 0.1081190184239266 0
    outer loop
      vertex -34.72165 -14.350000000000001 88.6
      vertex -34.75916689204588 -14.694962125636764 89.8
      vertex -34.72165 -14.350000000000001 89.8
    endloop
  endfacet
  facet normal -0.9941379571543613 -0.1081190184239266 3.2369797855082363e-15
    outer loop
      vertex -34.76373299972184 -13.963053207620158 88.6
      vertex -34.72165 -14.350000000000001 89.8
      vertex -34.75916689204588 -14.00503787436324 89.8
    endloop
  endfacet
  facet normal 0.9766205557100884 -0.21497044021101613 1.5440030150918125e-15
    outer loop
      vertex -38.31109832287784 -14.155385766836906 88.6
      vertex -38.22742570812904 -13.775257245755238 88.6
      vertex -38.23424931806461 -13.806257218219754 89.8
    endloop
  endfacet
  facet normal 0.9075754196709588 -0.4198891015602609 -4.979212804226678e-15
    outer loop
      vertex -38.22742570812904 -13.775257245755238 88.6
      vertex -38.06399291710166 -13.422003057081362 88.6
      vertex -38.06923694906344 -13.433337846412167 89.8
    endloop
  endfacet
  facet normal 0.7960930657056393 -0.6051742151937709 4.468487564270322e-16
    outer loop
      vertex -38.06399291710166 -13.422003057081362 88.6
      vertex -37.82844188546163 -13.11214097406384 88.6
      vertex -37.85329287789059 -13.144831895540497 89.8
    endloop
  endfacet
  facet normal 0.6473862847818265 -0.7621620551276375 2.4205388991009915e-15
    outer loop
      vertex -37.82844188546163 -13.11214097406384 88.6
      vertex -37.53178671765228 -12.860159803317599 88.6
      vertex -37.54146537859583 -12.86838093202343 89.8
    endloop
  endfacet
  facet normal 0.46840844069979415 -0.8835120444460208 -3.6718864512588327e-16
    outer loop
      vertex -37.53178671765228 -12.860159803317599 88.6
      vertex -37.18789867961184 -12.677841904329776 88.6
      vertex -37.22605257412594 -12.698069818989591 89.8
    endloop
  endfacet
  facet normal 0.2675283385292189 -0.9635499925192236 -1.8456754927035085e-17
    outer loop
      vertex -37.18789867961184 -12.677841904329776 88.6
      vertex -36.81285759379497 -12.573712259425255 88.6
      vertex -36.8387206834217 -12.580893110912763 89.8
    endloop
  endfacet
  facet normal 0.05413890858541901 -0.9985334138511237 2.1651338851031928e-17
    outer loop
      vertex -36.81285759379497 -12.573712259425255 88.6
      vertex -36.42419996454624 -12.552639855067978 88.6
      vertex -36.45290534286046 -12.554196215457031 89.8
    endloop
  endfacet
  facet normal -0.16178199655276398 -0.9868265225415263 -1.3765997205711735e-15
    outer loop
      vertex -36.42419996454624 -12.552639855067978 88.6
      vertex -36.040098990647394 -12.6156100134654 88.6
      vertex -36.07754253272997 -12.60947145632516 89.8
    endloop
  endfacet
  facet normal -0.37013815533992 -0.9289767198167891 8.609920769273761e-16
    outer loop
      vertex -36.040098990647394 -12.6156100134654 88.6
      vertex -35.678514806740374 -12.75967831999716 88.6
      vertex -35.68452887067931 -12.757282097912183 89.8
    endloop
  endfacet
  facet normal -0.9476531711828042 -0.31930153013597484 8.431002459051531e-16
    outer loop
      vertex -34.76373299972184 -13.963053207620158 88.6
      vertex -34.77458296510768 -13.930851657878941 89.8
      vertex -34.88801424459227 -13.594199617191524 88.6
    endloop
  endfacet
  facet normal -0.8568571761675889 -0.5155538571770223 5.182313551930358e-16
    outer loop
      vertex -34.88801424459227 -13.594199617191524 88.6
      vertex -34.90744275325643 -13.561909184602623 89.8
      vertex -35.08868248172983 -13.260686412651225 88.6
    endloop
  endfacet
  facet normal -0.725995491923132 -0.6876994588534222 1.902894076176489e-15
    outer loop
      vertex -35.3563546873927 -12.978108300770256 88.6
      vertex -35.08868248172983 -13.260686412651225 88.6
      vertex -35.10344521985287 -13.245101579498034 89.8
    endloop
  endfacet
  facet normal -0.5611870653623767 -0.8276889981568943 -2.649003680243967e-15
    outer loop
      vertex -35.3563546873927 -12.978108300770256 88.6
      vertex -35.39241921433576 -12.953655944771901 89.8
      vertex -35.678514806740374 -12.75967831999716 88.6
    endloop
  endfacet
  facet normal 0.9766205557100759 -0.21497044021107314 0
    outer loop
      vertex -38.22742570812904 -13.775257245755238 88.6
      vertex -38.22742570812904 -13.775257245755238 89.80655344188965
      vertex -38.23424931806461 -13.806257218219754 89.8
    endloop
  endfacet
  facet normal 0.9075754196709658 -0.41988910156024595 0
    outer loop
      vertex -38.22742570812904 -13.775257245755238 88.6
      vertex -38.209334655276756 -13.736154075838012 89.8
      vertex -38.22742570812904 -13.775257245755238 89.80655344188965
    endloop
  endfacet
  facet normal 0.9075754196709503 -0.41988910156027903 1.3116806624571764e-15
    outer loop
      vertex -38.22742570812904 -13.775257245755238 88.6
      vertex -38.06923694906344 -13.433337846412167 89.8
      vertex -38.209334655276756 -13.736154075838012 89.8
    endloop
  endfacet
  facet normal 0.9075754196711594 -0.4198891015598271 0
    outer loop
      vertex -38.06399291710166 -13.422003057081362 88.6
      vertex -38.06399291710166 -13.422003057081362 89.80092645806737
      vertex -38.06923694906344 -13.433337846412167 89.8
    endloop
  endfacet
  facet normal 0.7960930657051949 -0.6051742151943555 0
    outer loop
      vertex -38.06399291710166 -13.422003057081362 88.6
      vertex -38.062016683214026 -13.419403365860793 89.8
      vertex -38.06399291710166 -13.422003057081362 89.80092645806737
    endloop
  endfacet
  facet normal 0.7960930657056445 -0.6051742151937642 -2.021334074253431e-15
    outer loop
      vertex -38.06399291710166 -13.422003057081362 88.6
      vertex -37.85329287789059 -13.144831895540497 89.8
      vertex -38.062016683214026 -13.419403365860793 89.8
    endloop
  endfacet
  facet normal 0.6473862847818274 -0.7621620551276367 2.0299612792433693e-15
    outer loop
      vertex -37.82844188546163 -13.11214097406384 88.6
      vertex -37.54146537859583 -12.86838093202343 89.8
      vertex -37.80096264087561 -13.0887998933298 89.8
    endloop
  endfacet
  facet normal 0.7960930657056313 -0.6051742151937815 0
    outer loop
      vertex -37.82844188546163 -13.11214097406384 88.6
      vertex -37.82844188546163 -13.11214097406384 89.80688455110692
      vertex -37.85329287789059 -13.144831895540497 89.8
    endloop
  endfacet
  facet normal 0.6473862847818788 -0.7621620551275928 0
    outer loop
      vertex -37.82844188546163 -13.11214097406384 88.6
      vertex -37.80096264087561 -13.0887998933298 89.8
      vertex -37.82844188546163 -13.11214097406384 89.80688455110692
    endloop
  endfacet
  facet normal 0.6473862847816524 -0.7621620551277852 0
    outer loop
      vertex -37.53178671765228 -12.860159803317599 88.6
      vertex -37.53178671765228 -12.860159803317599 89.80330921938798
      vertex -37.54146537859583 -12.86838093202343 89.8
    endloop
  endfacet
  facet normal 0.46840844069982984 -0.8835120444460018 0
    outer loop
      vertex -37.53178671765228 -12.860159803317599 88.6
      vertex -37.501825284272684 -12.844275256662359 89.8
      vertex -37.53178671765228 -12.860159803317599 89.80330921938798
    endloop
  endfacet
  facet normal 0.468408440699789 -0.8835120444460234 1.3056947105591725e-15
    outer loop
      vertex -37.53178671765228 -12.860159803317599 88.6
      vertex -37.22605257412594 -12.698069818989591 89.8
      vertex -37.501825284272684 -12.844275256662359 89.8
    endloop
  endfacet
  facet normal 0.26752833852921837 -0.9635499925192237 1.5549045066879677e-16
    outer loop
      vertex -37.18789867961184 -12.677841904329776 88.6
      vertex -36.8387206834217 -12.580893110912763 89.8
      vertex -37.16457357292703 -12.671365720337404 89.8
    endloop
  endfacet
  facet normal 0.4684084406998032 -0.8835120444460159 0
    outer loop
      vertex -37.18789867961184 -12.677841904329776 88.6
      vertex -37.18789867961184 -12.677841904329776 89.80556018769134
      vertex -37.22605257412594 -12.698069818989591 89.8
    endloop
  endfacet
  facet normal 0.26752833852922575 -0.9635499925192215 0
    outer loop
      vertex -37.18789867961184 -12.677841904329776 88.6
      vertex -37.16457357292703 -12.671365720337404 89.8
      vertex -37.18789867961184 -12.677841904329776 89.80556018769134
    endloop
  endfacet
  facet normal 0.054138908585416506 -0.998533413851124 7.805354967093892e-16
    outer loop
      vertex -36.81285759379497 -12.573712259425255 88.6
      vertex -36.45290534286046 -12.554196215457031 89.8
      vertex -36.76929012010436 -12.571350099638996 89.8
    endloop
  endfacet
  facet normal 0.05413890858541814 -0.9985334138511239 0
    outer loop
      vertex -36.42419996454624 -12.552639855067978 88.6
      vertex -36.42419996454624 -12.552639855067978 89.80258108611481
      vertex -36.45290534286046 -12.554196215457031 89.8
    endloop
  endfacet
  facet normal -0.16178199655281428 -0.986826522541518 0
    outer loop
      vertex -36.42419996454624 -12.552639855067978 88.6
      vertex -36.414706586152626 -12.554196215457031 89.8
      vertex -36.42419996454624 -12.552639855067978 89.80258108611481
    endloop
  endfacet
  facet normal 0.26752833852921964 -0.9635499925192232 0
    outer loop
      vertex -36.81285759379497 -12.573712259425255 88.6
      vertex -36.81285759379497 -12.573712259425255 89.8059574761493
      vertex -36.8387206834217 -12.580893110912763 89.8
    endloop
  endfacet
  facet normal 0.054138908585437934 -0.9985334138511227 0
    outer loop
      vertex -36.81285759379497 -12.573712259425255 88.6
      vertex -36.76929012010436 -12.571350099638996 89.8
      vertex -36.81285759379497 -12.573712259425255 89.8059574761493
    endloop
  endfacet
  facet normal -0.16178199655276734 -0.9868265225415257 -3.813964684964611e-16
    outer loop
      vertex -36.42419996454624 -12.552639855067978 88.6
      vertex -36.07754253272997 -12.60947145632516 89.8
      vertex -36.414706586152626 -12.554196215457031 89.8
    endloop
  endfacet
  facet normal -0.37013815533991273 -0.928976719816792 -1.6304425206581929e-15
    outer loop
      vertex -36.040098990647394 -12.6156100134654 88.6
      vertex -35.68452887067931 -12.757282097912183 89.8
      vertex -36.003290130921016 -12.630276003633567 89.8
    endloop
  endfacet
  facet normal -0.37013815533995864 -0.9289767198167738 0
    outer loop
      vertex -36.040098990647394 -12.6156100134654 88.6
      vertex -36.003290130921016 -12.630276003633567 89.8
      vertex -36.040098990647394 -12.6156100134654 89.80695077441949
    endloop
  endfacet
  facet normal -0.16178199655272119 -0.9868265225415334 0
    outer loop
      vertex -36.040098990647394 -12.6156100134654 88.6
      vertex -36.040098990647394 -12.6156100134654 89.80695077441949
      vertex -36.07754253272997 -12.60947145632516 89.8
    endloop
  endfacet
  facet normal -0.9941379571543513 -0.10811901842401805 0
    outer loop
      vertex -34.76373299972184 -13.963053207620158 88.6
      vertex -34.75916689204588 -14.00503787436324 89.8
      vertex -34.76373299972184 -13.963053207620158 89.8067521059509
    endloop
  endfacet
  facet normal -0.9476531711828137 -0.3193015301359466 0
    outer loop
      vertex -34.76373299972184 -13.963053207620158 88.6
      vertex -34.76373299972184 -13.963053207620158 89.8067521059509
      vertex -34.77458296510768 -13.930851657878941 89.8
    endloop
  endfacet
  facet normal -0.9476531711828008 -0.3193015301359846 -2.2125734777750815e-15
    outer loop
      vertex -34.88801424459227 -13.594199617191524 88.6
      vertex -34.77458296510768 -13.930851657878941 89.8
      vertex -34.88299981479685 -13.609081914483633 89.8
    endloop
  endfacet
  facet normal -0.8568571761675975 -0.5155538571770082 0
    outer loop
      vertex -34.88801424459227 -13.594199617191524 88.6
      vertex -34.88801424459227 -13.594199617191524 89.80397121013421
      vertex -34.90744275325643 -13.561909184602623 89.8
    endloop
  endfacet
  facet normal -0.9476531711828549 -0.3193015301358244 0
    outer loop
      vertex -34.88801424459227 -13.594199617191524 88.6
      vertex -34.88299981479685 -13.609081914483633 89.8
      vertex -34.88801424459227 -13.594199617191524 89.80397121013421
    endloop
  endfacet
  facet normal -0.7259954919231244 -0.6876994588534301 -1.4819803722386786e-15
    outer loop
      vertex -35.3563546873927 -12.978108300770256 88.6
      vertex -35.10344521985287 -13.245101579498034 89.8
      vertex -35.33616562730031 -12.99942163237834 89.8
    endloop
  endfacet
  facet normal -0.725995491923166 -0.6876994588533861 0
    outer loop
      vertex -35.3563546873927 -12.978108300770256 88.6
      vertex -35.33616562730031 -12.99942163237834 89.8
      vertex -35.3563546873927 -12.978108300770256 89.80628856333038
    endloop
  endfacet
  facet normal -0.5611870653623163 -0.8276889981569353 0
    outer loop
      vertex -35.3563546873927 -12.978108300770256 88.6
      vertex -35.3563546873927 -12.978108300770256 89.80628856333038
      vertex -35.39241921433576 -12.953655944771901 89.8
    endloop
  endfacet
  facet normal -0.8568571761675833 -0.5155538571770317 -2.6870390639934807e-15
    outer loop
      vertex -35.08868248172983 -13.260686412651225 88.6
      vertex -34.90744275325643 -13.561909184602623 89.8
      vertex -35.06696039822828 -13.296788796273248 89.8
    endloop
  endfacet
  facet normal -0.8568571761676227 -0.5155538571769661 0
    outer loop
      vertex -35.08868248172983 -13.260686412651225 88.6
      vertex -35.06696039822828 -13.296788796273248 89.8
      vertex -35.08868248172983 -13.260686412651225 89.80509670677012
    endloop
  endfacet
  facet normal -0.7259954919232052 -0.6876994588533448 0
    outer loop
      vertex -35.08868248172983 -13.260686412651225 88.6
      vertex -35.08868248172983 -13.260686412651225 89.80509670677012
      vertex -35.10344521985287 -13.245101579498034 89.8
    endloop
  endfacet
  facet normal -0.37013815534006944 -0.9289767198167297 0
    outer loop
      vertex -35.678514806740374 -12.75967831999716 88.6
      vertex -35.678514806740374 -12.75967831999716 89.80178682646789
      vertex -35.68452887067931 -12.757282097912183 89.8
    endloop
  endfacet
  facet normal -0.5611870653623735 -0.8276889981568966 0
    outer loop
      vertex -35.678514806740374 -12.75967831999716 88.6
      vertex -35.66047545420719 -12.771909304499406 89.8
      vertex -35.678514806740374 -12.75967831999716 89.80178682646789
    endloop
  endfacet
  facet normal -0.561187065362385 -0.8276889981568887 2.542891551097318e-16
    outer loop
      vertex -35.678514806740374 -12.75967831999716 88.6
      vertex -35.39241921433576 -12.953655944771901 89.8
      vertex -35.66047545420719 -12.771909304499406 89.8
    endloop
  endfacet
  facet normal 0 0 1
    outer loop
      vertex -38.31109832287784 -14.504260059225926 89.8
      vertex -38.31109832287784 -14.195739940774077 89.8
      vertex -38.32164999999999 -14.350000000000001 89.8
    endloop
  endfacet
  facet normal 0 0 1
    outer loop
      vertex -37.12443330190777 -16.046069659813877 89.8
      vertex -36.88787082349474 -16.11235135782818 89.8
      vertex -37.16457357292703 -16.028634279662597 89.8
    endloop
  endfacet
  facet normal 0 0 1
    outer loop
      vertex -37.34976706791607 -15.948193393124276 89.8
      vertex -37.22605257412594 -16.00193018101041 89.8
      vertex -37.501825284272684 -15.855724743337642 89.8
    endloop
  endfacet
  facet normal 0 0 1
    outer loop
      vertex -37.55967457980675 -15.820545807418798 89.8
      vertex -37.80096264087561 -15.611200106670204 89.8
      vertex -37.75024565779357 -15.665504735700624 89.8
    endloop
  endfacet
  facet normal 0 0 1
    outer loop
      vertex -37.91793032326795 -15.485958299786896 89.8
      vertex -38.062016683214026 -15.28059663413921 89.8
      vertex -38.059604928183674 -15.285251110063783 89.8
    endloop
  endfacet
  facet normal 0 0 1
    outer loop
      vertex -37.85329287789059 -15.555168104459506 89.8
      vertex -38.062016683214026 -15.28059663413921 89.8
      vertex -37.91793032326795 -15.485958299786896 89.8
    endloop
  endfacet
  facet normal 0 0 1
    outer loop
      vertex -37.54146537859583 -15.831619067976574 89.8
      vertex -37.80096264087561 -15.611200106670204 89.8
      vertex -37.55967457980675 -15.820545807418798 89.8
    endloop
  endfacet
  facet normal 0 0 1
    outer loop
      vertex -37.16457357292703 -16.028634279662597 89.8
      vertex -36.88787082349474 -16.11235135782818 89.8
      vertex -36.838720683421705 -16.119106889087238 89.8
    endloop
  endfacet
  facet normal 0 0 1
    outer loop
      vertex -36.76929012010436 -16.128649900361005 89.8
      vertex -36.6444863440564 -16.14580378454297 89.8
      vertex -36.45290534286046 -16.14580378454297 89.8
    endloop
  endfacet
  facet normal 0 0 1
    outer loop
      vertex -36.414706586152626 -16.14580378454297 89.8
      vertex -36.398813655943584 -16.14580378454297 89.8
      vertex -36.15542917650525 -16.11235135782818 89.8
    endloop
  endfacet
  facet normal 0 0 1
    outer loop
      vertex -36.414706586152626 -16.14580378454297 89.8
      vertex -36.15542917650525 -16.11235135782818 89.8
      vertex -36.07754253272997 -16.090528543674843 89.8
    endloop
  endfacet
  facet normal 0 0 1
    outer loop
      vertex -36.003290130921016 -16.069723996366438 89.8
      vertex -35.918866698092216 -16.046069659813877 89.8
      vertex -35.69353293208392 -15.948193393124278 89.8
    endloop
  endfacet
  facet normal 0 0 1
    outer loop
      vertex -36.003290130921016 -16.069723996366438 89.8
      vertex -35.69353293208392 -15.948193393124278 89.8
      vertex -35.68452887067931 -15.94271790208782 89.8
    endloop
  endfacet
  facet normal 0 0 1
    outer loop
      vertex -38.06923694906344 -15.266662153587836 89.8
      vertex -38.209334655276756 -14.96384592416199 89.8
      vertex -38.17263034270981 -15.067121961723236 89.8
    endloop
  endfacet
  facet normal 0 0 1
    outer loop
      vertex -38.30709351690636 -14.562808250115088 89.8
      vertex -38.254901117226034 -14.835634188082645 89.8
      vertex -38.23424931806461 -14.893742781780249 89.8
    endloop
  endfacet
  facet normal 0 0 1
    outer loop
      vertex -38.30488470286539 -14.595099968373246 89.8
      vertex -38.254901117226034 -14.835634188082645 89.8
      vertex -38.30709351690636 -14.562808250115088 89.8
    endloop
  endfacet
  facet normal 0 0 1
    outer loop
      vertex -38.30709351690636 -14.137191749884915 89.8
      vertex -38.23424931806461 -13.806257218219754 89.8
      vertex -38.30488470286539 -14.104900031626757 89.8
    endloop
  endfacet
  facet normal 0 0 1
    outer loop
      vertex -35.66047545420719 -15.928090695500597 89.8
      vertex -35.483625420193235 -15.820545807418798 89.8
      vertex -35.39241921433576 -15.746344055228102 89.8
    endloop
  endfacet
  facet normal 0 0 1
    outer loop
      vertex -35.33616562730031 -15.700578367621661 89.8
      vertex -35.29305434220642 -15.665504735700624 89.8
      vertex -35.125369676732035 -15.485958299786896 89.8
    endloop
  endfacet
  facet normal 0 0 1
    outer loop
      vertex -35.33616562730031 -15.700578367621661 89.8
      vertex -35.125369676732035 -15.485958299786896 89.8
      vertex -35.10344521985287 -15.45489842050197 89.8
    endloop
  endfacet
  facet normal 0 0 1
    outer loop
      vertex -35.06696039822828 -15.403211203726755 89.8
      vertex -34.983695071816314 -15.285251110063781 89.8
      vertex -34.90744275325644 -15.138090815397383 89.8
    endloop
  endfacet
  facet normal 0 0 1
    outer loop
      vertex -34.88299981479685 -15.090918085516368 89.8
      vertex -34.87066965729018 -15.067121961723235 89.8
      vertex -34.788398882773954 -14.835634188082645 89.8
    endloop
  endfacet
  facet normal 0 0 1
    outer loop
      vertex -34.88299981479685 -15.090918085516368 89.8
      vertex -34.788398882773954 -14.835634188082645 89.8
      vertex -34.77458296510768 -14.769148342121062 89.8
    endloop
  endfacet
  facet normal 0 0 1
    outer loop
      vertex -34.75916689204588 -14.694962125636764 89.8
      vertex -34.7384152971346 -14.595099968373246 89.8
      vertex -34.72165 -14.350000000000001 89.8
    endloop
  endfacet
  facet normal 0 0 1
    outer loop
      vertex -34.72165 -14.350000000000001 89.8
      vertex -34.7384152971346 -14.104900031626757 89.8
      vertex -34.75916689204588 -14.00503787436324 89.8
    endloop
  endfacet
  facet normal 0.23104383691723362 0.8246062536207578 0.5163751271237811
    outer loop
      vertex -37.12443330190777 -16.046069659813877 89.8
      vertex -37.4887528799839 -17.071166706954134 91.6
      vertex -36.88787082349474 -16.11235135782818 89.8
    endloop
  endfacet
  facet normal 0.11660801177287307 0.848386291543113 0.5163751271237816
    outer loop
      vertex -36.88787082349474 -16.11235135782818 89.8
      vertex -37.1092130794531 -17.17750877190016 91.6
      vertex -36.838720683421705 -16.119106889087238 89.8
    endloop
  endfacet
  facet normal 0.11660801177289239 0.8483862915431096 0.5163751271237828
    outer loop
      vertex -36.81285759379497 -16.12628774057475 89.8059574761493
      vertex -36.838720683421705 -16.119106889087238 89.8
      vertex -37.1092130794531 -17.17750877190016 91.6
    endloop
  endfacet
  facet normal 0.11660801177282887 0.8483862915431207 0.5163751271237788
    outer loop
      vertex -36.76929012010436 -16.128649900361005 89.8
      vertex -36.81285759379497 -16.12628774057475 89.8059574761493
      vertex -37.1092130794531 -17.17750877190016 91.6
    endloop
  endfacet
  facet normal 0.11660801177286335 0.8483862915431144 0.5163751271237815
    outer loop
      vertex -36.76929012010436 -16.128649900361005 89.8
      vertex -37.1092130794531 -17.17750877190016 91.6
      vertex -36.6444863440564 -16.14580378454297 89.8
    endloop
  endfacet
  facet normal 0 0.8563624980625311 0.5163751271237818
    outer loop
      vertex -36.6444863440564 -16.14580378454297 89.8
      vertex -36.718728090464126 -17.231179698277735 91.6
      vertex -36.45290534286046 -16.14580378454297 89.8
    endloop
  endfacet
  facet normal -2.5044658499691133e-14 0.8563624980625325 0.516375127123779
    outer loop
      vertex -36.45290534286046 -16.14580378454297 89.8
      vertex -36.718728090464126 -17.231179698277735 91.6
      vertex -36.42419996454624 -16.147360144932023 89.80258108611481
    endloop
  endfacet
  facet normal 8.043555522229703e-14 0.856362498062525 0.5163751271237916
    outer loop
      vertex -36.414706586152626 -16.14580378454297 89.8
      vertex -36.42419996454624 -16.147360144932023 89.80258108611481
      vertex -36.718728090464126 -17.231179698277735 91.6
    endloop
  endfacet
  facet normal 0 0.856362498062531 0.5163751271237818
    outer loop
      vertex -36.414706586152626 -16.14580378454297 89.8
      vertex -36.718728090464126 -17.231179698277735 91.6
      vertex -36.398813655943584 -16.14580378454297 89.8
    endloop
  endfacet
  facet normal -0.11660801177286241 0.8483862915431143 0.5163751271237819
    outer loop
      vertex -36.398813655943584 -16.14580378454297 89.8
      vertex -36.32457190953586 -17.231179698277735 91.6
      vertex -36.15542917650525 -16.11235135782818 89.8
    endloop
  endfacet
  facet normal -0.23104383691723765 0.8246062536207566 0.5163751271237815
    outer loop
      vertex -36.15542917650525 -16.11235135782818 89.8
      vertex -35.93408692054689 -17.17750877190016 91.6
      vertex -36.07754253272997 -16.090528543674843 89.8
    endloop
  endfacet
  facet normal -0.23104383691708472 0.8246062536207932 0.5163751271237913
    outer loop
      vertex -36.07754253272997 -16.090528543674843 89.8
      vertex -35.93408692054689 -17.17750877190016 91.6
      vertex -36.040098990647394 -16.084389986534603 89.80695077441949
    endloop
  endfacet
  facet normal -0.23104383691734082 0.8246062536207344 0.5163751271237706
    outer loop
      vertex -36.003290130921016 -16.069723996366438 89.8
      vertex -36.040098990647394 -16.084389986534603 89.80695077441949
      vertex -35.93408692054689 -17.17750877190016 91.6
    endloop
  endfacet
  facet normal -0.23104383691724817 0.8246062536207546 0.5163751271237796
    outer loop
      vertex -36.003290130921016 -16.069723996366438 89.8
      vertex -35.93408692054689 -17.17750877190016 91.6
      vertex -35.918866698092216 -16.046069659813877 89.8
    endloop
  endfacet
  facet normal 0.6996223784203042 0.4938474012297895 0.5163751271237802
    outer loop
      vertex -37.91793032326795 -15.485958299786896 89.8
      vertex -38.059604928183674 -15.285251110063783 89.8
      vertex -38.989138126536446 -15.85051276999244 91.6
    endloop
  endfacet
  facet normal 0.7603516036240882 0.3939824449821346 0.5163751271238545
    outer loop
      vertex -38.06399291710166 -15.27799694291864 89.80092645806737
      vertex -38.06923694906344 -15.266662153587836 89.8
      vertex -39.17047560478717 -15.500547323204312 91.6
    endloop
  endfacet
  facet normal 0.760351603623902 0.39398244498256996 0.5163751271237965
    outer loop
      vertex -38.059604928183674 -15.285251110063783 89.8
      vertex -38.062016683214026 -15.28059663413921 89.8
      vertex -39.17047560478717 -15.500547323204312 91.6
    endloop
  endfacet
  facet normal 0.7603516036232576 0.3939824449840898 0.5163751271235855
    outer loop
      vertex -38.06399291710166 -15.27799694291864 89.80092645806737
      vertex -39.17047560478717 -15.500547323204312 91.6
      vertex -38.062016683214026 -15.28059663413921 89.8
    endloop
  endfacet
  facet normal 0.7603516036238498 0.3939824449826912 0.5163751271237809
    outer loop
      vertex -38.06923694906344 -15.266662153587836 89.8
      vertex -38.17263034270981 -15.067121961723236 89.8
      vertex -39.17047560478717 -15.500547323204312 91.6
    endloop
  endfacet
  facet normal 0.806916917092373 0.2867783412289769 0.516375127123777
    outer loop
      vertex -38.17263034270981 -15.067121961723236 89.8
      vertex -38.209334655276756 -14.96384592416199 89.8
      vertex -39.30247047379122 -15.129149356704023 91.6
    endloop
  endfacet
  facet normal 0.8069169170923928 0.2867783412289105 0.5163751271237831
    outer loop
      vertex -38.209334655276756 -14.96384592416199 89.8
      vertex -38.22742570812904 -14.924742754244765 89.80655344188965
      vertex -39.30247047379122 -15.129149356704023 91.6
    endloop
  endfacet
  facet normal 0.8069169170923518 0.28677834122904317 0.5163751271237735
    outer loop
      vertex -38.23424931806461 -14.893742781780249 89.8
      vertex -39.30247047379122 -15.129149356704023 91.6
      vertex -38.22742570812904 -14.924742754244765 89.80655344188965
    endloop
  endfacet
  facet normal 0.8069169170923879 0.2867783412289296 0.5163751271237801
    outer loop
      vertex -38.23424931806461 -14.893742781780249 89.8
      vertex -38.254901117226034 -14.835634188082645 89.8
      vertex -39.30247047379122 -15.129149356704023 91.6
    endloop
  endfacet
  facet normal 0.8384508951409108 0.17423209958358507 0.516375127123781
    outer loop
      vertex -38.30488470286539 -14.595099968373246 89.8
      vertex -39.38266391888293 -14.743237311895536 91.6
      vertex -38.254901117226034 -14.835634188082645 89.8
    endloop
  endfacet
  facet normal 0.8543661194229821 0.05844024358286536 0.5163751271237702
    outer loop
      vertex -38.30488470286539 -14.595099968373246 89.8
      vertex -38.30709351690636 -14.562808250115088 89.8
      vertex -39.40956208791208 -14.350000000000001 91.6
    endloop
  endfacet
  facet normal 0.8543661194229819 0.058440243582739464 0.5163751271237849
    outer loop
      vertex -38.30709351690636 -14.562808250115088 89.8
      vertex -38.31109832287784 -14.544614233163097 89.80456704366766
      vertex -39.40956208791208 -14.350000000000001 91.6
    endloop
  endfacet
  facet normal 0.8543661194229819 0.05844024358276043 0.5163751271237826
    outer loop
      vertex -38.31109832287784 -14.544614233163097 89.80456704366766
      vertex -38.31109832287784 -14.504260059225926 89.8
      vertex -39.40956208791208 -14.350000000000001 91.6
    endloop
  endfacet
  facet normal 0.8543661194229817 0.05844024358277918 0.5163751271237809
    outer loop
      vertex -38.31109832287784 -14.504260059225926 89.8
      vertex -38.32164999999999 -14.350000000000001 89.8
      vertex -39.40956208791208 -14.350000000000001 91.6
    endloop
  endfacet
  facet normal 0.8543661194229822 -0.058440243582779224 0.51637512712378
    outer loop
      vertex -38.32164999999999 -14.350000000000001 89.8
      vertex -38.31109832287784 -14.195739940774077 89.8
      vertex -39.38266391888293 -13.956762688104467 91.6
    endloop
  endfacet
  facet normal 0.8543661194229842 -0.058440243582759996 0.5163751271237786
    outer loop
      vertex -38.31109832287784 -14.195739940774077 89.8
      vertex -38.31109832287784 -14.155385766836906 89.80456704366766
      vertex -39.38266391888293 -13.956762688104467 91.6
    endloop
  endfacet
  facet normal 0.8543661194229861 -0.05844024358274217 0.5163751271237778
    outer loop
      vertex -38.31109832287784 -14.155385766836906 89.80456704366766
      vertex -38.30709351690636 -14.137191749884915 89.8
      vertex -39.38266391888293 -13.956762688104467 91.6
    endloop
  endfacet
  facet normal 0.8543661194229745 -0.05844024358286484 0.5163751271237832
    outer loop
      vertex -38.30709351690636 -14.137191749884915 89.8
      vertex -38.30488470286539 -14.104900031626757 89.8
      vertex -39.38266391888293 -13.956762688104467 91.6
    endloop
  endfacet
  facet normal 0.44495220940556146 0.7316927356705183 0.5163751271237825
    outer loop
      vertex -37.501825284272684 -15.855724743337642 89.8
      vertex -37.53178671765228 -15.839840196682404 89.80330921938798
      vertex -38.18705207309655 -16.709337229485104 91.6
    endloop
  endfacet
  facet normal 0.44495220940535085 0.7316927356706541 0.5163751271237715
    outer loop
      vertex -37.54146537859583 -15.831619067976574 89.8
      vertex -38.18705207309655 -16.709337229485104 91.6
      vertex -37.53178671765228 -15.839840196682404 89.80330921938798
    endloop
  endfacet
  facet normal 0.44495220940554475 0.7316927356705292 0.5163751271237814
    outer loop
      vertex -37.34976706791607 -15.948193393124276 89.8
      vertex -37.501825284272684 -15.855724743337642 89.8
      vertex -38.18705207309655 -16.709337229485104 91.6
    endloop
  endfacet
  facet normal 0.44495220940560953 0.7316927356704883 0.5163751271237834
    outer loop
      vertex -37.54146537859583 -15.831619067976574 89.8
      vertex -37.55967457980675 -15.820545807418798 89.8
      vertex -38.18705207309655 -16.709337229485104 91.6
    endloop
  endfacet
  facet normal 0.6258605120432083 0.5845129147870961 0.5163751271237862
    outer loop
      vertex -37.85329287789059 -15.555168104459506 89.8
      vertex -38.761836013155175 -16.1725265029548 91.6
      vertex -37.82844188546163 -15.587859025936163 89.80688455110692
    endloop
  endfacet
  facet normal 0.6258605120431283 0.584512914787191 0.5163751271237756
    outer loop
      vertex -37.75024565779357 -15.665504735700624 89.8
      vertex -37.80096264087561 -15.611200106670204 89.8
      vertex -38.761836013155175 -16.1725265029548 91.6
    endloop
  endfacet
  facet normal 0.6258605120431219 0.5845129147871988 0.5163751271237746
    outer loop
      vertex -37.80096264087561 -15.611200106670204 89.8
      vertex -37.82844188546163 -15.587859025936163 89.80688455110692
      vertex -38.761836013155175 -16.1725265029548 91.6
    endloop
  endfacet
  facet normal 0.5404400485002075 0.6642900586829468 0.5163751271237808
    outer loop
      vertex -37.55967457980675 -15.820545807418798 89.8
      vertex -37.75024565779357 -15.665504735700624 89.8
      vertex -38.492803472943535 -16.46059001551968 91.6
    endloop
  endfacet
  facet normal 0.34117575253159665 0.7854653614083785 0.516375127123784
    outer loop
      vertex -37.22605257412594 -16.00193018101041 89.8
      vertex -37.85027738368952 -16.914134454902683 91.6
      vertex -37.18789867961184 -16.022158095670225 89.80556018769134
    endloop
  endfacet
  facet normal 0.3411757525315641 0.7854653614083947 0.5163751271237809
    outer loop
      vertex -37.34976706791607 -15.948193393124276 89.8
      vertex -37.85027738368952 -16.914134454902683 91.6
      vertex -37.22605257412594 -16.00193018101041 89.8
    endloop
  endfacet
  facet normal 0.34117575253157545 0.7854653614083886 0.5163751271237825
    outer loop
      vertex -37.12443330190777 -16.046069659813877 89.8
      vertex -37.16457357292703 -16.028634279662597 89.8
      vertex -37.85027738368952 -16.914134454902683 91.6
    endloop
  endfacet
  facet normal 0.3411757525314742 0.785465361408441 0.5163751271237699
    outer loop
      vertex -37.18789867961184 -16.022158095670225 89.80556018769134
      vertex -37.85027738368952 -16.914134454902683 91.6
      vertex -37.16457357292703 -16.028634279662597 89.8
    endloop
  endfacet
  facet normal 0.6258605120431437 0.584512914787171 0.5163751271237793
    outer loop
      vertex -37.85329287789059 -15.555168104459506 89.8
      vertex -37.91793032326795 -15.485958299786896 89.8
      vertex -38.761836013155175 -16.1725265029548 91.6
    endloop
  endfacet
  facet normal -0.3411757525315581 0.785465361408397 0.5163751271237813
    outer loop
      vertex -35.918866698092216 -16.046069659813877 89.8
      vertex -35.55454712001609 -17.071166706954134 91.6
      vertex -35.69353293208392 -15.948193393124278 89.8
    endloop
  endfacet
  facet normal -0.4449522094056334 0.7316927356704784 0.516375127123777
    outer loop
      vertex -35.69353293208392 -15.948193393124278 89.8
      vertex -35.19302261631047 -16.914134454902687 91.6
      vertex -35.68452887067931 -15.94271790208782 89.8
    endloop
  endfacet
  facet normal -0.4449522094058123 0.7316927356703747 0.5163751271237699
    outer loop
      vertex -35.68452887067931 -15.94271790208782 89.8
      vertex -35.19302261631047 -16.914134454902687 91.6
      vertex -35.678514806740374 -15.940321680002842 89.80178682646789
    endloop
  endfacet
  facet normal -0.44495220940550667 0.7316927356705514 0.516375127123783
    outer loop
      vertex -35.66047545420719 -15.928090695500597 89.8
      vertex -35.678514806740374 -15.940321680002842 89.80178682646789
      vertex -35.19302261631047 -16.914134454902687 91.6
    endloop
  endfacet
  facet normal -0.4449522094055388 0.731692735670533 0.5163751271237812
    outer loop
      vertex -35.66047545420719 -15.928090695500597 89.8
      vertex -35.19302261631047 -16.914134454902687 91.6
      vertex -35.483625420193235 -15.820545807418798 89.8
    endloop
  endfacet
  facet normal -0.5404400485002161 0.6642900586829398 0.5163751271237805
    outer loop
      vertex -35.483625420193235 -15.820545807418798 89.8
      vertex -34.856247926903436 -16.709337229485104 91.6
      vertex -35.39241921433576 -15.746344055228102 89.8
    endloop
  endfacet
  facet normal -0.5404400485001027 0.6642900586830234 0.5163751271237915
    outer loop
      vertex -35.39241921433576 -15.746344055228102 89.8
      vertex -34.856247926903436 -16.709337229485104 91.6
      vertex -35.3563546873927 -15.721891699229747 89.80628856333038
    endloop
  endfacet
  facet normal -0.5404400485003388 0.6642900586828531 0.5163751271237637
    outer loop
      vertex -35.33616562730031 -15.700578367621661 89.8
      vertex -35.3563546873927 -15.721891699229747 89.80628856333038
      vertex -34.856247926903436 -16.709337229485104 91.6
    endloop
  endfacet
  facet normal -0.5404400485002057 0.6642900586829479 0.5163751271237812
    outer loop
      vertex -35.33616562730031 -15.700578367621661 89.8
      vertex -34.856247926903436 -16.709337229485104 91.6
      vertex -35.29305434220642 -15.665504735700624 89.8
    endloop
  endfacet
  facet normal -0.6258605120431457 0.5845129147871674 0.516375127123781
    outer loop
      vertex -35.29305434220642 -15.665504735700624 89.8
      vertex -34.55049652705645 -16.46059001551968 91.6
      vertex -35.125369676732035 -15.485958299786896 89.8
    endloop
  endfacet
  facet normal -0.6996223784202891 0.49384740122981047 0.5163751271237803
    outer loop
      vertex -35.125369676732035 -15.485958299786896 89.8
      vertex -34.28146398684481 -16.1725265029548 91.6
      vertex -35.10344521985287 -15.45489842050197 89.8
    endloop
  endfacet
  facet normal -0.6996223784202732 0.49384740122983195 0.5163751271237815
    outer loop
      vertex -35.10344521985287 -15.45489842050197 89.8
      vertex -34.28146398684481 -16.1725265029548 91.6
      vertex -35.08868248172983 -15.439313587348778 89.80509670677012
    endloop
  endfacet
  facet normal -0.6996223784203766 0.4938474012296953 0.5163751271237722
    outer loop
      vertex -35.06696039822828 -15.403211203726755 89.8
      vertex -35.08868248172983 -15.439313587348778 89.80509670677012
      vertex -34.28146398684481 -16.1725265029548 91.6
    endloop
  endfacet
  facet normal -0.6996223784202957 0.4938474012297999 0.5163751271237816
    outer loop
      vertex -35.06696039822828 -15.403211203726755 89.8
      vertex -34.28146398684481 -16.1725265029548 91.6
      vertex -34.983695071816314 -15.285251110063781 89.8
    endloop
  endfacet
  facet normal -0.7603516036238611 0.3939824449826708 0.5163751271237798
    outer loop
      vertex -34.983695071816314 -15.285251110063781 89.8
      vertex -34.05416187346354 -15.850512769992438 91.6
      vertex -34.90744275325644 -15.138090815397383 89.8
    endloop
  endfacet
  facet normal -0.7603516036238434 0.39398244498270085 0.5163751271237831
    outer loop
      vertex -34.90744275325644 -15.138090815397383 89.8
      vertex -34.05416187346354 -15.850512769992438 91.6
      vertex -34.88801424459227 -15.105800382808479 89.80397121013422
    endloop
  endfacet
  facet normal -0.760351603623861 0.39398244498267154 0.5163751271237791
    outer loop
      vertex -34.88801424459227 -15.105800382808479 89.80397121013422
      vertex -34.05416187346354 -15.850512769992438 91.6
      vertex -34.88299981479685 -15.090918085516368 89.8
    endloop
  endfacet
  facet normal -0.7603516036238478 0.39398244498269314 0.5163751271237822
    outer loop
      vertex -34.88299981479685 -15.090918085516368 89.8
      vertex -34.05416187346354 -15.850512769992438 91.6
      vertex -34.87066965729018 -15.067121961723235 89.8
    endloop
  endfacet
  facet normal -0.806916917092375 0.2867783412289636 0.5163751271237814
    outer loop
      vertex -34.87066965729018 -15.067121961723235 89.8
      vertex -33.87282439521282 -15.50054732320431 91.6
      vertex -34.788398882773954 -14.835634188082645 89.8
    endloop
  endfacet
  facet normal -0.8384508951409101 0.174232099583594 0.5163751271237791
    outer loop
      vertex -34.788398882773954 -14.835634188082645 89.8
      vertex -33.74082952620877 -15.129149356704023 91.6
      vertex -34.77458296510768 -14.769148342121062 89.8
    endloop
  endfacet
  facet normal -0.8384508951409267 0.174232099583526 0.5163751271237751
    outer loop
      vertex -34.77458296510768 -14.769148342121062 89.8
      vertex -33.74082952620877 -15.129149356704023 91.6
      vertex -34.76373299972184 -14.736946792379845 89.8067521059509
    endloop
  endfacet
  facet normal -0.8384508951408847 0.17423209958369273 0.5163751271237874
    outer loop
      vertex -34.76373299972184 -14.736946792379845 89.8067521059509
      vertex -33.74082952620877 -15.129149356704023 91.6
      vertex -34.75916689204588 -14.694962125636764 89.8
    endloop
  endfacet
  facet normal -0.8384508951409206 0.17423209958355623 0.5163751271237749
    outer loop
      vertex -34.75916689204588 -14.694962125636764 89.8
      vertex -33.74082952620877 -15.129149356704023 91.6
      vertex -34.7384152971346 -14.595099968373246 89.8
    endloop
  endfacet
  facet normal -0.8543661194229815 0.058440243582784525 0.5163751271237806
    outer loop
      vertex -34.7384152971346 -14.595099968373246 89.8
      vertex -33.660636081117055 -14.743237311895536 91.6
      vertex -34.72165 -14.350000000000001 89.8
    endloop
  endfacet
  facet normal -0.8543661194229815 -0.058440243582784525 0.5163751271237806
    outer loop
      vertex -34.72165 -14.350000000000001 89.8
      vertex -33.63373791208791 -14.350000000000001 91.6
      vertex -34.7384152971346 -14.104900031626757 89.8
    endloop
  endfacet
  facet normal -0.8384508951409165 -0.17423209958355537 0.5163751271237819
    outer loop
      vertex -34.7384152971346 -14.104900031626757 89.8
      vertex -33.660636081117055 -13.956762688104467 91.6
      vertex -34.75916689204588 -14.00503787436324 89.8
    endloop
  endfacet
  facet normal 0 0 1
    outer loop
      vertex -38.30488470286539 -14.104900031626757 89.8
      vertex -38.23424931806461 -13.806257218219754 89.8
      vertex -38.254901117226034 -13.864365811917358 89.8
    endloop
  endfacet
  facet normal 0 0 1
    outer loop
      vertex -38.209334655276756 -13.736154075838012 89.8
      vertex -38.06923694906344 -13.433337846412167 89.8
      vertex -38.17263034270981 -13.632878038276766 89.8
    endloop
  endfacet
  facet normal 0 0 1
    outer loop
      vertex -38.062016683214026 -13.419403365860793 89.8
      vertex -37.85329287789059 -13.144831895540497 89.8
      vertex -38.059604928183674 -13.41474888993622 89.8
    endloop
  endfacet
  facet normal 0 0 1
    outer loop
      vertex -38.059604928183674 -13.41474888993622 89.8
      vertex -37.85329287789059 -13.144831895540497 89.8
      vertex -37.91793032326795 -13.214041700213107 89.8
    endloop
  endfacet
  facet normal 0 0 1
    outer loop
      vertex -37.80096264087561 -13.0887998933298 89.8
      vertex -37.54146537859583 -12.86838093202343 89.8
      vertex -37.75024565779357 -13.034495264299379 89.8
    endloop
  endfacet
  facet normal 0 0 1
    outer loop
      vertex -37.75024565779357 -13.034495264299379 89.8
      vertex -37.54146537859583 -12.86838093202343 89.8
      vertex -37.55967457980675 -12.879454192581205 89.8
    endloop
  endfacet
  facet normal 0 0 1
    outer loop
      vertex -37.501825284272684 -12.844275256662359 89.8
      vertex -37.22605257412594 -12.698069818989591 89.8
      vertex -37.34976706791607 -12.751806606875727 89.8
    endloop
  endfacet
  facet normal 0 0 1
    outer loop
      vertex -37.16457357292703 -12.671365720337404 89.8
      vertex -36.8387206834217 -12.580893110912763 89.8
      vertex -37.12443330190777 -12.653930340186125 89.8
    endloop
  endfacet
  facet normal 0 0 1
    outer loop
      vertex -37.12443330190777 -12.653930340186125 89.8
      vertex -36.8387206834217 -12.580893110912763 89.8
      vertex -36.88787082349474 -12.58764864217182 89.8
    endloop
  endfacet
  facet normal 0 0 1
    outer loop
      vertex -36.76929012010436 -12.571350099638996 89.8
      vertex -36.45290534286046 -12.554196215457031 89.8
      vertex -36.6444863440564 -12.554196215457031 89.8
    endloop
  endfacet
  facet normal 0 0 1
    outer loop
      vertex -36.414706586152626 -12.554196215457031 89.8
      vertex -36.07754253272997 -12.60947145632516 89.8
      vertex -36.398813655943584 -12.554196215457031 89.8
    endloop
  endfacet
  facet normal 0 0 1
    outer loop
      vertex -36.398813655943584 -12.554196215457031 89.8
      vertex -36.07754253272997 -12.60947145632516 89.8
      vertex -36.15542917650525 -12.58764864217182 89.8
    endloop
  endfacet
  facet normal 0 0 1
    outer loop
      vertex -35.918866698092216 -12.653930340186125 89.8
      vertex -35.68452887067931 -12.757282097912183 89.8
      vertex -35.69353293208392 -12.751806606875727 89.8
    endloop
  endfacet
  facet normal 0 0 1
    outer loop
      vertex -36.003290130921016 -12.630276003633567 89.8
      vertex -35.68452887067931 -12.757282097912183 89.8
      vertex -35.918866698092216 -12.653930340186125 89.8
    endloop
  endfacet
  facet normal 0 0 1
    outer loop
      vertex -34.788398882773954 -13.864365811917358 89.8
      vertex -34.87066965729018 -13.632878038276766 89.8
      vertex -34.77458296510768 -13.930851657878941 89.8
    endloop
  endfacet
  facet normal 0 0 1
    outer loop
      vertex -34.77458296510768 -13.930851657878941 89.8
      vertex -34.87066965729018 -13.632878038276766 89.8
      vertex -34.88299981479685 -13.609081914483633 89.8
    endloop
  endfacet
  facet normal 0 0 1
    outer loop
      vertex -34.90744275325643 -13.561909184602623 89.8
      vertex -34.983695071816314 -13.41474888993622 89.8
      vertex -35.06696039822828 -13.296788796273248 89.8
    endloop
  endfacet
  facet normal 0 0 1
    outer loop
      vertex -35.10344521985287 -13.245101579498034 89.8
      vertex -35.125369676732035 -13.214041700213107 89.8
      vertex -35.29305434220642 -13.034495264299379 89.8
    endloop
  endfacet
  facet normal 0 0 1
    outer loop
      vertex -35.483625420193235 -12.879454192581205 89.8
      vertex -35.66047545420719 -12.771909304499406 89.8
      vertex -35.39241921433576 -12.953655944771901 89.8
    endloop
  endfacet
  facet normal 0 0 1
    outer loop
      vertex -35.10344521985287 -13.245101579498034 89.8
      vertex -35.29305434220642 -13.034495264299379 89.8
      vertex -35.33616562730031 -12.99942163237834 89.8
    endloop
  endfacet
  facet normal 0.838450895140912 -0.17423209958358532 0.5163751271237788
    outer loop
      vertex -38.30488470286539 -14.104900031626757 89.8
      vertex -38.254901117226034 -13.864365811917358 89.8
      vertex -39.30247047379122 -13.57085064329598 91.6
    endloop
  endfacet
  facet normal 0.8069169170923898 -0.28677834122893026 0.516375127123777
    outer loop
      vertex -38.254901117226034 -13.864365811917358 89.8
      vertex -38.23424931806461 -13.806257218219754 89.8
      vertex -39.17047560478717 -13.19945267679569 91.6
    endloop
  endfacet
  facet normal 0.806916917092341 -0.2867783412290443 0.5163751271237899
    outer loop
      vertex -38.23424931806461 -13.806257218219754 89.8
      vertex -38.22742570812904 -13.775257245755238 89.80655344188965
      vertex -39.17047560478717 -13.19945267679569 91.6
    endloop
  endfacet
  facet normal 0.806916917092396 -0.28677834122891305 0.5163751271237768
    outer loop
      vertex -38.209334655276756 -13.736154075838012 89.8
      vertex -39.17047560478717 -13.19945267679569 91.6
      vertex -38.22742570812904 -13.775257245755238 89.80655344188965
    endloop
  endfacet
  facet normal 0.8069169170923703 -0.28677834122897594 0.5163751271237818
    outer loop
      vertex -38.209334655276756 -13.736154075838012 89.8
      vertex -38.17263034270981 -13.632878038276766 89.8
      vertex -39.17047560478717 -13.19945267679569 91.6
    endloop
  endfacet
  facet normal 0.7603516036238492 -0.3939824449826909 0.5163751271237819
    outer loop
      vertex -38.17263034270981 -13.632878038276766 89.8
      vertex -38.06923694906344 -13.433337846412167 89.8
      vertex -38.989138126536446 -12.849487230007563 91.6
    endloop
  endfacet
  facet normal 0.7603516036241442 -0.3939824449821526 0.516375127123758
    outer loop
      vertex -38.06923694906344 -13.433337846412167 89.8
      vertex -38.06399291710166 -13.422003057081362 89.80092645806737
      vertex -38.989138126536446 -12.849487230007563 91.6
    endloop
  endfacet
  facet normal 0.7603516036231722 -0.39398244498393886 0.5163751271238266
    outer loop
      vertex -38.06399291710166 -13.422003057081362 89.80092645806737
      vertex -38.062016683214026 -13.419403365860793 89.8
      vertex -38.989138126536446 -12.849487230007563 91.6
    endloop
  endfacet
  facet normal 0.7603516036239127 -0.3939824449825755 0.5163751271237764
    outer loop
      vertex -38.062016683214026 -13.419403365860793 89.8
      vertex -38.059604928183674 -13.41474888993622 89.8
      vertex -38.989138126536446 -12.849487230007563 91.6
    endloop
  endfacet
  facet normal 0.6996223784203045 -0.4938474012297897 0.5163751271237795
    outer loop
      vertex -38.059604928183674 -13.41474888993622 89.8
      vertex -37.91793032326795 -13.214041700213107 89.8
      vertex -38.761836013155175 -12.527473497045204 91.6
    endloop
  endfacet
  facet normal 0.6258605120431425 -0.5845129147871699 0.516375127123782
    outer loop
      vertex -37.91793032326795 -13.214041700213107 89.8
      vertex -37.85329287789059 -13.144831895540497 89.8
      vertex -38.492803472943535 -12.23940998448032 91.6
    endloop
  endfacet
  facet normal 0.6258605120432162 -0.5845129147870993 0.5163751271237725
    outer loop
      vertex -37.85329287789059 -13.144831895540497 89.8
      vertex -37.82844188546163 -13.11214097406384 89.80688455110692
      vertex -38.492803472943535 -12.23940998448032 91.6
    endloop
  endfacet
  facet normal 0.6258605120431197 -0.5845129147871937 0.5163751271237828
    outer loop
      vertex -37.82844188546163 -13.11214097406384 89.80688455110692
      vertex -37.80096264087561 -13.0887998933298 89.8
      vertex -38.492803472943535 -12.23940998448032 91.6
    endloop
  endfacet
  facet normal 0.6258605120431253 -0.5845129147871881 0.5163751271237823
    outer loop
      vertex -37.80096264087561 -13.0887998933298 89.8
      vertex -37.75024565779357 -13.034495264299379 89.8
      vertex -38.492803472943535 -12.23940998448032 91.6
    endloop
  endfacet
  facet normal 0.5404400485002077 -0.6642900586829469 0.5163751271237804
    outer loop
      vertex -37.75024565779357 -13.034495264299379 89.8
      vertex -37.55967457980675 -12.879454192581205 89.8
      vertex -38.18705207309655 -11.9906627705149 91.6
    endloop
  endfacet
  facet normal 0.4449522094056135 -0.7316927356704948 0.5163751271237711
    outer loop
      vertex -37.55967457980675 -12.879454192581205 89.8
      vertex -37.54146537859583 -12.86838093202343 89.8
      vertex -37.85027738368952 -11.785865545097318 91.6
    endloop
  endfacet
  facet normal 0.4449522094053269 -0.7316927356706413 0.5163751271238102
    outer loop
      vertex -37.54146537859583 -12.86838093202343 89.8
      vertex -37.53178671765228 -12.860159803317599 89.80330921938798
      vertex -37.85027738368952 -11.785865545097318 91.6
    endloop
  endfacet
  facet normal 0.4449522094055957 -0.7316927356705027 0.516375127123775
    outer loop
      vertex -37.501825284272684 -12.844275256662359 89.8
      vertex -37.85027738368952 -11.785865545097318 91.6
      vertex -37.53178671765228 -12.860159803317599 89.80330921938798
    endloop
  endfacet
  facet normal 0.4449522094055385 -0.731692735670533 0.5163751271237815
    outer loop
      vertex -37.501825284272684 -12.844275256662359 89.8
      vertex -37.34976706791607 -12.751806606875727 89.8
      vertex -37.85027738368952 -11.785865545097318 91.6
    endloop
  endfacet
  facet normal 0.3411757525315642 -0.785465361408395 0.5163751271237804
    outer loop
      vertex -37.34976706791607 -12.751806606875727 89.8
      vertex -37.22605257412594 -12.698069818989591 89.8
      vertex -37.4887528799839 -11.62883329304587 91.6
    endloop
  endfacet
  facet normal 0.34117575253162996 -0.7854653614083699 0.5163751271237751
    outer loop
      vertex -37.22605257412594 -12.698069818989591 89.8
      vertex -37.18789867961184 -12.677841904329776 89.80556018769134
      vertex -37.4887528799839 -11.62883329304587 91.6
    endloop
  endfacet
  facet normal 0.34117575253154653 -0.7854653614084022 0.5163751271237811
    outer loop
      vertex -37.16457357292703 -12.671365720337404 89.8
      vertex -37.12443330190777 -12.653930340186125 89.8
      vertex -37.4887528799839 -11.62883329304587 91.6
    endloop
  endfacet
  facet normal 0.3411757525314749 -0.7854653614084307 0.5163751271237849
    outer loop
      vertex -37.18789867961184 -12.677841904329776 89.80556018769134
      vertex -37.16457357292703 -12.671365720337404 89.8
      vertex -37.4887528799839 -11.62883329304587 91.6
    endloop
  endfacet
  facet normal 0.23104383691723948 -0.8246062536207567 0.5163751271237801
    outer loop
      vertex -37.12443330190777 -12.653930340186125 89.8
      vertex -36.88787082349474 -12.58764864217182 89.8
      vertex -37.1092130794531 -11.522491228099843 91.6
    endloop
  endfacet
  facet normal -0.23104383691725483 -0.8246062536207508 0.5163751271237829
    outer loop
      vertex -36.15542917650525 -12.58764864217182 89.8
      vertex -36.07754253272997 -12.60947145632516 89.8
      vertex -35.55454712001609 -11.62883329304587 91.6
    endloop
  endfacet
  facet normal -0.23104383691723196 -0.8246062536207587 0.5163751271237805
    outer loop
      vertex -36.003290130921016 -12.630276003633567 89.8
      vertex -35.918866698092216 -12.653930340186125 89.8
      vertex -35.55454712001609 -11.62883329304587 91.6
    endloop
  endfacet
  facet normal -0.23104383691708266 -0.8246062536208102 0.5163751271237651
    outer loop
      vertex -36.07754253272997 -12.60947145632516 89.8
      vertex -36.040098990647394 -12.6156100134654 89.80695077441949
      vertex -35.55454712001609 -11.62883329304587 91.6
    endloop
  endfacet
  facet normal -0.231043836917369 -0.8246062536207144 0.51637512712379
    outer loop
      vertex -36.003290130921016 -12.630276003633567 89.8
      vertex -35.55454712001609 -11.62883329304587 91.6
      vertex -36.040098990647394 -12.6156100134654 89.80695077441949
    endloop
  endfacet
  facet normal 0.11660801177285654 -0.8483862915431153 0.5163751271237815
    outer loop
      vertex -36.88787082349474 -12.58764864217182 89.8
      vertex -36.8387206834217 -12.580893110912763 89.8
      vertex -36.718728090464126 -11.46882030172227 91.6
    endloop
  endfacet
  facet normal 0.11660801177280945 -0.8483862915431186 0.5163751271237867
    outer loop
      vertex -36.8387206834217 -12.580893110912763 89.8
      vertex -36.81285759379497 -12.573712259425255 89.8059574761493
      vertex -36.718728090464126 -11.46882030172227 91.6
    endloop
  endfacet
  facet normal 0.1166080117728634 -0.8483862915431147 0.5163751271237806
    outer loop
      vertex -36.76929012010436 -12.571350099638996 89.8
      vertex -36.6444863440564 -12.554196215457031 89.8
      vertex -36.718728090464126 -11.46882030172227 91.6
    endloop
  endfacet
  facet normal 0.11660801177289744 -0.8483862915431118 0.5163751271237779
    outer loop
      vertex -36.76929012010436 -12.571350099638996 89.8
      vertex -36.718728090464126 -11.46882030172227 91.6
      vertex -36.81285759379497 -12.573712259425255 89.8059574761493
    endloop
  endfacet
  facet normal 0 -0.8563624980625317 0.5163751271237804
    outer loop
      vertex -36.6444863440564 -12.554196215457031 89.8
      vertex -36.45290534286046 -12.554196215457031 89.8
      vertex -36.32457190953586 -11.46882030172227 91.6
    endloop
  endfacet
  facet normal -2.538449715316321e-14 -0.8563624980625308 0.5163751271237818
    outer loop
      vertex -36.45290534286046 -12.554196215457031 89.8
      vertex -36.42419996454624 -12.552639855067978 89.80258108611481
      vertex -36.32457190953586 -11.46882030172227 91.6
    endloop
  endfacet
  facet normal 7.52497430391452e-14 -0.8563624980625333 0.5163751271237778
    outer loop
      vertex -36.414706586152626 -12.554196215457031 89.8
      vertex -36.32457190953586 -11.46882030172227 91.6
      vertex -36.42419996454624 -12.552639855067978 89.80258108611481
    endloop
  endfacet
  facet normal 0 -0.8563624980625317 0.5163751271237804
    outer loop
      vertex -36.414706586152626 -12.554196215457031 89.8
      vertex -36.398813655943584 -12.554196215457031 89.8
      vertex -36.32457190953586 -11.46882030172227 91.6
    endloop
  endfacet
  facet normal -0.11660801177286256 -0.8483862915431153 0.5163751271237802
    outer loop
      vertex -36.398813655943584 -12.554196215457031 89.8
      vertex -36.15542917650525 -12.58764864217182 89.8
      vertex -35.93408692054689 -11.522491228099843 91.6
    endloop
  endfacet
  facet normal -0.8069169170923771 -0.2867783412289621 0.5163751271237791
    outer loop
      vertex -34.788398882773954 -13.864365811917358 89.8
      vertex -33.74082952620877 -13.57085064329598 91.6
      vertex -34.87066965729018 -13.632878038276766 89.8
    endloop
  endfacet
  facet normal -0.760351603624044 -0.39398244498229246 0.5163751271237991
    outer loop
      vertex -34.88299981479685 -13.609081914483633 89.8
      vertex -33.87282439521282 -13.19945267679569 91.6
      vertex -34.88801424459227 -13.594199617191524 89.80397121013421
    endloop
  endfacet
  facet normal -0.760351603623807 -0.3939824449827835 0.5163751271237732
    outer loop
      vertex -34.88801424459227 -13.594199617191524 89.80397121013421
      vertex -33.87282439521282 -13.19945267679569 91.6
      vertex -34.90744275325643 -13.561909184602623 89.8
    endloop
  endfacet
  facet normal -0.7603516036238486 -0.3939824449826935 0.5163751271237808
    outer loop
      vertex -34.88299981479685 -13.609081914483633 89.8
      vertex -34.87066965729018 -13.632878038276766 89.8
      vertex -33.87282439521282 -13.19945267679569 91.6
    endloop
  endfacet
  facet normal -0.7603516036238518 -0.3939824449826884 0.5163751271237798
    outer loop
      vertex -34.90744275325643 -13.561909184602623 89.8
      vertex -33.87282439521282 -13.19945267679569 91.6
      vertex -34.983695071816314 -13.41474888993622 89.8
    endloop
  endfacet
  facet normal -0.699622378420365 -0.4938474012296912 0.5163751271237916
    outer loop
      vertex -35.06696039822828 -13.296788796273248 89.8
      vertex -34.05416187346354 -12.849487230007563 91.6
      vertex -35.08868248172983 -13.260686412651225 89.80509670677012
    endloop
  endfacet
  facet normal -0.6996223784202933 -0.4938474012298056 0.5163751271237795
    outer loop
      vertex -34.983695071816314 -13.41474888993622 89.8
      vertex -34.05416187346354 -12.849487230007563 91.6
      vertex -35.06696039822828 -13.296788796273248 89.8
    endloop
  endfacet
  facet normal -0.6258605120431463 -0.5845129147871678 0.5163751271237799
    outer loop
      vertex -35.125369676732035 -13.214041700213107 89.8
      vertex -34.28146398684481 -12.527473497045202 91.6
      vertex -35.29305434220642 -13.034495264299379 89.8
    endloop
  endfacet
  facet normal -0.6996223784202755 -0.49384740122983695 0.5163751271237733
    outer loop
      vertex -35.10344521985287 -13.245101579498034 89.8
      vertex -35.08868248172983 -13.260686412651225 89.80509670677012
      vertex -34.05416187346354 -12.849487230007563 91.6
    endloop
  endfacet
  facet normal -0.6996223784202908 -0.4938474012298117 0.5163751271237768
    outer loop
      vertex -35.10344521985287 -13.245101579498034 89.8
      vertex -34.05416187346354 -12.849487230007563 91.6
      vertex -35.125369676732035 -13.214041700213107 89.8
    endloop
  endfacet
  facet normal -0.8384508951408943 -0.17423209958369126 0.5163751271237721
    outer loop
      vertex -34.75916689204588 -14.00503787436324 89.8
      vertex -33.660636081117055 -13.956762688104467 91.6
      vertex -34.76373299972184 -13.963053207620158 89.8067521059509
    endloop
  endfacet
  facet normal -0.8384508951409202 -0.17423209958352115 0.5163751271237873
    outer loop
      vertex -34.76373299972184 -13.963053207620158 89.8067521059509
      vertex -33.660636081117055 -13.956762688104467 91.6
      vertex -34.77458296510768 -13.930851657878941 89.8
    endloop
  endfacet
  facet normal -0.8384508951409098 -0.17423209958359395 0.51637512712378
    outer loop
      vertex -34.788398882773954 -13.864365811917358 89.8
      vertex -34.77458296510768 -13.930851657878941 89.8
      vertex -33.660636081117055 -13.956762688104467 91.6
    endloop
  endfacet
  facet normal -0.44495220940553915 -0.7316927356705334 0.5163751271237804
    outer loop
      vertex -35.483625420193235 -12.879454192581205 89.8
      vertex -34.856247926903436 -11.9906627705149 91.6
      vertex -35.66047545420719 -12.771909304499406 89.8
    endloop
  endfacet
  facet normal -0.5404400485002153 -0.6642900586829388 0.5163751271237825
    outer loop
      vertex -35.483625420193235 -12.879454192581205 89.8
      vertex -35.39241921433576 -12.953655944771901 89.8
      vertex -34.55049652705645 -12.23940998448032 91.6
    endloop
  endfacet
  facet normal -0.3411757525315633 -0.7854653614083946 0.5163751271237813
    outer loop
      vertex -35.918866698092216 -12.653930340186125 89.8
      vertex -35.69353293208392 -12.751806606875727 89.8
      vertex -35.193022616310465 -11.785865545097318 91.6
    endloop
  endfacet
  facet normal -0.44495220940581304 -0.7316927356703372 0.5163751271238223
    outer loop
      vertex -35.68452887067931 -12.757282097912183 89.8
      vertex -35.678514806740374 -12.75967831999716 89.80178682646789
      vertex -34.856247926903436 -11.9906627705149 91.6
    endloop
  endfacet
  facet normal -0.44495220940550945 -0.7316927356705545 0.5163751271237762
    outer loop
      vertex -35.66047545420719 -12.771909304499406 89.8
      vertex -34.856247926903436 -11.9906627705149 91.6
      vertex -35.678514806740374 -12.75967831999716 89.80178682646789
    endloop
  endfacet
  facet normal -0.44495220940552754 -0.7316927356705418 0.5163751271237781
    outer loop
      vertex -35.68452887067931 -12.757282097912183 89.8
      vertex -34.856247926903436 -11.9906627705149 91.6
      vertex -35.69353293208392 -12.751806606875727 89.8
    endloop
  endfacet
  facet normal -0.5404400485002219 -0.6642900586829341 0.5163751271237818
    outer loop
      vertex -35.29305434220642 -13.034495264299379 89.8
      vertex -34.55049652705645 -12.23940998448032 91.6
      vertex -35.33616562730031 -12.99942163237834 89.8
    endloop
  endfacet
  facet normal -0.5404400485002933 -0.6642900586828722 0.5163751271237866
    outer loop
      vertex -35.33616562730031 -12.99942163237834 89.8
      vertex -34.55049652705645 -12.23940998448032 91.6
      vertex -35.3563546873927 -12.978108300770256 89.80628856333038
    endloop
  endfacet
  facet normal -0.5404400485001075 -0.6642900586830358 0.5163751271237706
    outer loop
      vertex -35.39241921433576 -12.953655944771901 89.8
      vertex -35.3563546873927 -12.978108300770256 89.80628856333038
      vertex -34.55049652705645 -12.23940998448032 91.6
    endloop
  endfacet
  facet normal 0.44495220940554164 0.7316927356705314 0.516375127123781
    outer loop
      vertex -37.34976706791607 -15.948193393124276 89.8
      vertex -38.18705207309655 -16.709337229485104 91.6
      vertex -37.85027738368952 -16.914134454902683 91.6
    endloop
  endfacet
  facet normal 0.3411757525315652 0.7854653614083942 0.516375127123781
    outer loop
      vertex -37.12443330190777 -16.046069659813877 89.8
      vertex -37.85027738368952 -16.914134454902683 91.6
      vertex -37.4887528799839 -17.071166706954134 91.6
    endloop
  endfacet
  facet normal 0.23104383691723607 0.8246062536207569 0.5163751271237814
    outer loop
      vertex -36.88787082349474 -16.11235135782818 89.8
      vertex -37.4887528799839 -17.071166706954134 91.6
      vertex -37.1092130794531 -17.17750877190016 91.6
    endloop
  endfacet
  facet normal 0.11660801177286578 0.8483862915431138 0.5163751271237818
    outer loop
      vertex -36.6444863440564 -16.14580378454297 89.8
      vertex -37.1092130794531 -17.17750877190016 91.6
      vertex -36.718728090464126 -17.231179698277735 91.6
    endloop
  endfacet
  facet normal -2.8727935663443635e-17 0.856362498062531 0.5163751271237818
    outer loop
      vertex -36.398813655943584 -16.14580378454297 89.8
      vertex -36.718728090464126 -17.231179698277735 91.6
      vertex -36.32457190953586 -17.231179698277735 91.6
    endloop
  endfacet
  facet normal -0.1166080117728658 0.8483862915431141 0.5163751271237815
    outer loop
      vertex -36.15542917650525 -16.11235135782818 89.8
      vertex -36.32457190953586 -17.231179698277735 91.6
      vertex -35.93408692054689 -17.17750877190016 91.6
    endloop
  endfacet
  facet normal -0.231043836917236 0.8246062536207571 0.5163751271237812
    outer loop
      vertex -35.918866698092216 -16.046069659813877 89.8
      vertex -35.93408692054689 -17.17750877190016 91.6
      vertex -35.55454712001609 -17.071166706954134 91.6
    endloop
  endfacet
  facet normal 0.6258605120431526 0.5845129147871604 0.5163751271237808
    outer loop
      vertex -37.75024565779357 -15.665504735700624 89.8
      vertex -38.761836013155175 -16.1725265029548 91.6
      vertex -38.492803472943535 -16.46059001551968 91.6
    endloop
  endfacet
  facet normal 0.6996223784203022 0.49384740122979287 0.5163751271237796
    outer loop
      vertex -37.91793032326795 -15.485958299786896 89.8
      vertex -38.989138126536446 -15.85051276999244 91.6
      vertex -38.761836013155175 -16.1725265029548 91.6
    endloop
  endfacet
  facet normal 0.7603516036238529 0.39398244498268603 0.5163751271237801
    outer loop
      vertex -38.059604928183674 -15.285251110063783 89.8
      vertex -39.17047560478717 -15.500547323204312 91.6
      vertex -38.989138126536446 -15.85051276999244 91.6
    endloop
  endfacet
  facet normal 0.8069169170923807 0.2867783412289483 0.516375127123781
    outer loop
      vertex -38.17263034270981 -15.067121961723236 89.8
      vertex -39.30247047379122 -15.129149356704023 91.6
      vertex -39.17047560478717 -15.500547323204312 91.6
    endloop
  endfacet
  facet normal 0.8384508951409091 0.17423209958359887 0.5163751271237792
    outer loop
      vertex -38.254901117226034 -14.835634188082645 89.8
      vertex -39.38266391888293 -14.743237311895536 91.6
      vertex -39.30247047379122 -15.129149356704023 91.6
    endloop
  endfacet
  facet normal 0.8543661194229815 0.05844024358278455 0.5163751271237806
    outer loop
      vertex -38.30488470286539 -14.595099968373246 89.8
      vertex -39.40956208791208 -14.350000000000001 91.6
      vertex -39.38266391888293 -14.743237311895536 91.6
    endloop
  endfacet
  facet normal 0.8543661194229815 -0.05844024358278441 0.5163751271237806
    outer loop
      vertex -38.32164999999999 -14.350000000000001 89.8
      vertex -39.38266391888293 -13.956762688104467 91.6
      vertex -39.40956208791208 -14.350000000000001 91.6
    endloop
  endfacet
  facet normal 0.5404400485002083 0.6642900586829457 0.5163751271237809
    outer loop
      vertex -37.55967457980675 -15.820545807418798 89.8
      vertex -38.492803472943535 -16.46059001551968 91.6
      vertex -38.18705207309655 -16.709337229485104 91.6
    endloop
  endfacet
  facet normal -0.3411757525315644 0.7854653614083948 0.5163751271237803
    outer loop
      vertex -35.69353293208392 -15.948193393124278 89.8
      vertex -35.55454712001609 -17.071166706954134 91.6
      vertex -35.19302261631047 -16.914134454902687 91.6
    endloop
  endfacet
  facet normal -0.4449522094055406 0.7316927356705321 0.516375127123781
    outer loop
      vertex -35.483625420193235 -15.820545807418798 89.8
      vertex -35.19302261631047 -16.914134454902687 91.6
      vertex -34.856247926903436 -16.709337229485104 91.6
    endloop
  endfacet
  facet normal -0.5404400485002087 0.6642900586829458 0.5163751271237806
    outer loop
      vertex -35.29305434220642 -15.665504735700624 89.8
      vertex -34.856247926903436 -16.709337229485104 91.6
      vertex -34.55049652705645 -16.46059001551968 91.6
    endloop
  endfacet
  facet normal -0.6258605120431532 0.5845129147871607 0.5163751271237796
    outer loop
      vertex -35.125369676732035 -15.485958299786896 89.8
      vertex -34.55049652705645 -16.46059001551968 91.6
      vertex -34.28146398684481 -16.1725265029548 91.6
    endloop
  endfacet
  facet normal -0.6996223784203033 0.4938474012297908 0.5163751271237802
    outer loop
      vertex -34.983695071816314 -15.285251110063781 89.8
      vertex -34.28146398684481 -16.1725265029548 91.6
      vertex -34.05416187346354 -15.850512769992438 91.6
    endloop
  endfacet
  facet normal -0.7603516036238523 0.39398244498268575 0.5163751271237811
    outer loop
      vertex -34.87066965729018 -15.067121961723235 89.8
      vertex -34.05416187346354 -15.850512769992438 91.6
      vertex -33.87282439521282 -15.50054732320431 91.6
    endloop
  endfacet
  facet normal -0.806916917092381 0.28677834122894996 0.5163751271237794
    outer loop
      vertex -34.788398882773954 -14.835634188082645 89.8
      vertex -33.87282439521282 -15.50054732320431 91.6
      vertex -33.74082952620877 -15.129149356704023 91.6
    endloop
  endfacet
  facet normal -0.8384508951409083 0.17423209958359867 0.5163751271237806
    outer loop
      vertex -34.7384152971346 -14.595099968373246 89.8
      vertex -33.74082952620877 -15.129149356704023 91.6
      vertex -33.660636081117055 -14.743237311895536 91.6
    endloop
  endfacet
  facet normal -0.8543661194229815 0.05844024358278441 0.5163751271237806
    outer loop
      vertex -34.72165 -14.350000000000001 89.8
      vertex -33.660636081117055 -14.743237311895536 91.6
      vertex -33.63373791208791 -14.350000000000001 91.6
    endloop
  endfacet
  facet normal -0.8543661194229815 -0.05844024358278455 0.5163751271237806
    outer loop
      vertex -34.7384152971346 -14.104900031626757 89.8
      vertex -33.63373791208791 -14.350000000000001 91.6
      vertex -33.660636081117055 -13.956762688104467 91.6
    endloop
  endfacet
  facet normal 0.8384508951409083 -0.17423209958359867 0.5163751271237806
    outer loop
      vertex -38.30488470286539 -14.104900031626757 89.8
      vertex -39.30247047379122 -13.57085064329598 91.6
      vertex -39.38266391888293 -13.956762688104467 91.6
    endloop
  endfacet
  facet normal 0.8069169170923813 -0.2867783412289487 0.5163751271237794
    outer loop
      vertex -38.254901117226034 -13.864365811917358 89.8
      vertex -39.17047560478717 -13.19945267679569 91.6
      vertex -39.30247047379122 -13.57085064329598 91.6
    endloop
  endfacet
  facet normal 0.7603516036238523 -0.39398244498268575 0.5163751271237811
    outer loop
      vertex -38.17263034270981 -13.632878038276766 89.8
      vertex -38.989138126536446 -12.849487230007563 91.6
      vertex -39.17047560478717 -13.19945267679569 91.6
    endloop
  endfacet
  facet normal 0.6996223784203021 -0.49384740122979265 0.5163751271237801
    outer loop
      vertex -38.059604928183674 -13.41474888993622 89.8
      vertex -38.761836013155175 -12.527473497045204 91.6
      vertex -38.989138126536446 -12.849487230007563 91.6
    endloop
  endfacet
  facet normal 0.6258605120431548 -0.5845129147871587 0.5163751271237796
    outer loop
      vertex -37.91793032326795 -13.214041700213107 89.8
      vertex -38.492803472943535 -12.23940998448032 91.6
      vertex -38.761836013155175 -12.527473497045204 91.6
    endloop
  endfacet
  facet normal 0.5404400485002037 -0.6642900586829494 0.516375127123781
    outer loop
      vertex -37.75024565779357 -13.034495264299379 89.8
      vertex -38.18705207309655 -11.9906627705149 91.6
      vertex -38.492803472943535 -12.23940998448032 91.6
    endloop
  endfacet
  facet normal 0.44495220940554736 -0.7316927356705281 0.5163751271237806
    outer loop
      vertex -37.55967457980675 -12.879454192581205 89.8
      vertex -37.85027738368952 -11.785865545097318 91.6
      vertex -38.18705207309655 -11.9906627705149 91.6
    endloop
  endfacet
  facet normal 0.3411757525315586 -0.7854653614083968 0.5163751271237812
    outer loop
      vertex -37.34976706791607 -12.751806606875727 89.8
      vertex -37.4887528799839 -11.62883329304587 91.6
      vertex -37.85027738368952 -11.785865545097318 91.6
    endloop
  endfacet
  facet normal 0.23104383691723626 -0.8246062536207575 0.5163751271237806
    outer loop
      vertex -37.12443330190777 -12.653930340186125 89.8
      vertex -37.1092130794531 -11.522491228099843 91.6
      vertex -37.4887528799839 -11.62883329304587 91.6
    endloop
  endfacet
  facet normal 0.11660801177286594 -0.8483862915431147 0.5163751271237802
    outer loop
      vertex -36.88787082349474 -12.58764864217182 89.8
      vertex -36.718728090464126 -11.46882030172227 91.6
      vertex -37.1092130794531 -11.522491228099843 91.6
    endloop
  endfacet
  facet normal 8.233067875971641e-17 -0.8563624980625316 0.5163751271237804
    outer loop
      vertex -36.6444863440564 -12.554196215457031 89.8
      vertex -36.32457190953586 -11.46882030172227 91.6
      vertex -36.718728090464126 -11.46882030172227 91.6
    endloop
  endfacet
  facet normal -0.11660801177286584 -0.8483862915431146 0.5163751271237805
    outer loop
      vertex -36.398813655943584 -12.554196215457031 89.8
      vertex -35.93408692054689 -11.522491228099843 91.6
      vertex -36.32457190953586 -11.46882030172227 91.6
    endloop
  endfacet
  facet normal -0.23104383691723626 -0.8246062536207577 0.5163751271237803
    outer loop
      vertex -36.15542917650525 -12.58764864217182 89.8
      vertex -35.55454712001609 -11.62883329304587 91.6
      vertex -35.93408692054689 -11.522491228099843 91.6
    endloop
  endfacet
  facet normal -0.6996223784203034 -0.49384740122979087 0.5163751271237799
    outer loop
      vertex -35.125369676732035 -13.214041700213107 89.8
      vertex -34.05416187346354 -12.849487230007563 91.6
      vertex -34.28146398684481 -12.527473497045202 91.6
    endloop
  endfacet
  facet normal -0.8384508951409091 -0.17423209958359887 0.5163751271237792
    outer loop
      vertex -34.788398882773954 -13.864365811917358 89.8
      vertex -33.660636081117055 -13.956762688104467 91.6
      vertex -33.74082952620877 -13.57085064329598 91.6
    endloop
  endfacet
  facet normal -0.8069169170923807 -0.2867783412289483 0.516375127123781
    outer loop
      vertex -34.87066965729018 -13.632878038276766 89.8
      vertex -33.74082952620877 -13.57085064329598 91.6
      vertex -33.87282439521282 -13.19945267679569 91.6
    endloop
  endfacet
  facet normal -0.7603516036238529 -0.39398244498268603 0.5163751271237801
    outer loop
      vertex -34.983695071816314 -13.41474888993622 89.8
      vertex -33.87282439521282 -13.19945267679569 91.6
      vertex -34.05416187346354 -12.849487230007563 91.6
    endloop
  endfacet
  facet normal -0.6258605120431525 -0.5845129147871602 0.5163751271237811
    outer loop
      vertex -35.29305434220642 -13.034495264299379 89.8
      vertex -34.28146398684481 -12.527473497045202 91.6
      vertex -34.55049652705645 -12.23940998448032 91.6
    endloop
  endfacet
  facet normal -0.540440048500204 -0.6642900586829497 0.5163751271237805
    outer loop
      vertex -35.483625420193235 -12.879454192581205 89.8
      vertex -34.55049652705645 -12.23940998448032 91.6
      vertex -34.856247926903436 -11.9906627705149 91.6
    endloop
  endfacet
  facet normal -0.34117575253155863 -0.7854653614083972 0.5163751271237806
    outer loop
      vertex -35.918866698092216 -12.653930340186125 89.8
      vertex -35.193022616310465 -11.785865545097318 91.6
      vertex -35.55454712001609 -11.62883329304587 91.6
    endloop
  endfacet
  facet normal -0.44495220940554725 -0.7316927356705277 0.5163751271237812
    outer loop
      vertex -35.69353293208392 -12.751806606875727 89.8
      vertex -34.856247926903436 -11.9906627705149 91.6
      vertex -35.193022616310465 -11.785865545097318 91.6
    endloop
  endfacet
  facet normal 0.46840844069979415 0.8835120444460208 -1.5899272232558517e-16
    outer loop
      vertex -37.18789867961184 12.677841904329776 88.6
      vertex -37.53178671765228 12.860159803317599 88.6
      vertex -37.501825284272684 12.84427525666236 89.8
    endloop
  endfacet
  facet normal 0.2675283385292189 0.9635499925192236 1.43209333534765e-16
    outer loop
      vertex -37.18789867961184 12.677841904329776 88.6
      vertex -37.16457357292703 12.671365720337404 89.8
      vertex -36.81285759379497 12.573712259425255 88.6
    endloop
  endfacet
  facet normal 0.05413890858541901 0.9985334138511237 6.88830551871284e-16
    outer loop
      vertex -36.81285759379497 12.573712259425255 88.6
      vertex -36.76929012010436 12.571350099638996 89.8
      vertex -36.42419996454624 12.552639855067978 88.6
    endloop
  endfacet
  facet normal -0.16178199655276398 0.9868265225415263 -4.08482881054938e-16
    outer loop
      vertex -36.42419996454624 12.552639855067978 88.6
      vertex -36.414706586152626 12.554196215457031 89.8
      vertex -36.040098990647394 12.6156100134654 88.6
    endloop
  endfacet
  facet normal -0.37013815533992 0.9289767198167891 -1.3710516084037518e-15
    outer loop
      vertex -36.040098990647394 12.6156100134654 88.6
      vertex -36.003290130921016 12.630276003633567 89.8
      vertex -35.678514806740374 12.75967831999716 88.6
    endloop
  endfacet
  facet normal 0.6473862847818265 0.7621620551276375 2.0666004278428283e-15
    outer loop
      vertex -37.82844188546163 13.11214097406384 88.6
      vertex -37.80096264087561 13.0887998933298 89.8
      vertex -37.53178671765228 12.860159803317599 88.6
    endloop
  endfacet
  facet normal 0.7960930657056393 0.6051742151937709 -2.0086649792995444e-15
    outer loop
      vertex -37.82844188546163 13.11214097406384 88.6
      vertex -38.06399291710166 13.422003057081362 88.6
      vertex -38.062016683214026 13.419403365860793 89.8
    endloop
  endfacet
  facet normal 0.9075754196709588 0.4198891015602609 5.913786772008611e-16
    outer loop
      vertex -38.06399291710166 13.422003057081362 88.6
      vertex -38.22742570812904 13.775257245755238 88.6
      vertex -38.209334655276756 13.736154075838012 89.8
    endloop
  endfacet
  facet normal -0.5611870653623767 0.8276889981568943 7.200586054770378e-17
    outer loop
      vertex -35.678514806740374 12.75967831999716 88.6
      vertex -35.66047545420719 12.771909304499406 89.8
      vertex -35.3563546873927 12.978108300770256 88.6
    endloop
  endfacet
  facet normal -0.725995491923132 0.6876994588534222 -2.22954737197196e-15
    outer loop
      vertex -35.3563546873927 12.978108300770256 88.6
      vertex -35.33616562730031 12.999421632378342 89.8
      vertex -35.08868248172983 13.260686412651225 88.6
    endloop
  endfacet
  facet normal -0.8568571761675889 0.5155538571770223 -2.3024821730954956e-15
    outer loop
      vertex -35.08868248172983 13.260686412651225 88.6
      vertex -35.06696039822828 13.296788796273248 89.8
      vertex -34.88801424459227 13.594199617191524 88.6
    endloop
  endfacet
  facet normal -0.9476531711828042 0.31930153013597484 -2.5503099130515887e-15
    outer loop
      vertex -34.88801424459227 13.594199617191524 88.6
      vertex -34.88299981479685 13.609081914483635 89.8
      vertex -34.76373299972184 13.963053207620158 88.6
    endloop
  endfacet
  facet normal 0.4684084406997934 0.8835120444460212 -3.9562283401458256e-16
    outer loop
      vertex -37.18789867961184 12.677841904329776 88.6
      vertex -37.501825284272684 12.84427525666236 89.8
      vertex -37.22605257412594 12.698069818989591 89.8
    endloop
  endfacet
  facet normal 0.4684084406998032 0.8835120444460159 0
    outer loop
      vertex -37.18789867961184 12.677841904329776 88.6
      vertex -37.22605257412594 12.698069818989591 89.8
      vertex -37.18789867961184 12.677841904329776 89.80556018769134
    endloop
  endfacet
  facet normal 0.26752833852922575 0.9635499925192215 0
    outer loop
      vertex -37.18789867961184 12.677841904329776 88.6
      vertex -37.18789867961184 12.677841904329776 89.80556018769134
      vertex -37.16457357292703 12.671365720337404 89.8
    endloop
  endfacet
  facet normal 0.2675283385292189 0.9635499925192236 1.4049287437000078e-16
    outer loop
      vertex -36.81285759379497 12.573712259425255 88.6
      vertex -37.16457357292703 12.671365720337404 89.8
      vertex -36.838720683421705 12.580893110912765 89.8
    endloop
  endfacet
  facet normal 0.054138908585416486 0.9985334138511238 -3.9333395966119776e-17
    outer loop
      vertex -36.42419996454624 12.552639855067978 88.6
      vertex -36.76929012010436 12.571350099638996 89.8
      vertex -36.45290534286046 12.554196215457031 89.8
    endloop
  endfacet
  facet normal 0.05413890858541814 0.9985334138511239 0
    outer loop
      vertex -36.42419996454624 12.552639855067978 88.6
      vertex -36.45290534286046 12.554196215457031 89.8
      vertex -36.42419996454624 12.552639855067978 89.80258108611481
    endloop
  endfacet
  facet normal -0.16178199655281428 0.986826522541518 0
    outer loop
      vertex -36.42419996454624 12.552639855067978 88.6
      vertex -36.42419996454624 12.552639855067978 89.80258108611481
      vertex -36.414706586152626 12.554196215457031 89.8
    endloop
  endfacet
  facet normal 0.2675283385292129 0.9635499925192252 0
    outer loop
      vertex -36.81285759379497 12.573712259425255 88.6
      vertex -36.838720683421705 12.580893110912765 89.8
      vertex -36.81285759379497 12.573712259425255 89.8059574761493
    endloop
  endfacet
  facet normal 0.054138908585437934 0.9985334138511227 0
    outer loop
      vertex -36.81285759379497 12.573712259425255 88.6
      vertex -36.81285759379497 12.573712259425255 89.8059574761493
      vertex -36.76929012010436 12.571350099638996 89.8
    endloop
  endfacet
  facet normal -0.16178199655276734 0.9868265225415257 -1.4798000013632362e-15
    outer loop
      vertex -36.040098990647394 12.6156100134654 88.6
      vertex -36.414706586152626 12.554196215457031 89.8
      vertex -36.07754253272997 12.60947145632516 89.8
    endloop
  endfacet
  facet normal -0.3701381553399128 0.928976719816792 9.09720733958855e-16
    outer loop
      vertex -35.678514806740374 12.75967831999716 88.6
      vertex -36.003290130921016 12.630276003633567 89.8
      vertex -35.68452887067931 12.757282097912183 89.8
    endloop
  endfacet
  facet normal -0.16178199655272119 0.9868265225415334 0
    outer loop
      vertex -36.040098990647394 12.6156100134654 88.6
      vertex -36.07754253272997 12.60947145632516 89.8
      vertex -36.040098990647394 12.6156100134654 89.80695077441949
    endloop
  endfacet
  facet normal -0.37013815533995864 0.9289767198167738 0
    outer loop
      vertex -36.040098990647394 12.6156100134654 88.6
      vertex -36.040098990647394 12.6156100134654 89.80695077441949
      vertex -36.003290130921016 12.630276003633567 89.8
    endloop
  endfacet
  facet normal 0.7960930657056313 0.6051742151937815 0
    outer loop
      vertex -37.82844188546163 13.11214097406384 88.6
      vertex -37.85329287789059 13.144831895540497 89.8
      vertex -37.82844188546163 13.11214097406384 89.80688455110692
    endloop
  endfacet
  facet normal 0.6473862847818788 0.7621620551275928 0
    outer loop
      vertex -37.82844188546163 13.11214097406384 88.6
      vertex -37.82844188546163 13.11214097406384 89.80688455110692
      vertex -37.80096264087561 13.0887998933298 89.8
    endloop
  endfacet
  facet normal 0.7960930657051949 0.6051742151943555 0
    outer loop
      vertex -38.06399291710166 13.422003057081362 88.6
      vertex -38.06399291710166 13.422003057081362 89.80092645806737
      vertex -38.062016683214026 13.419403365860793 89.8
    endloop
  endfacet
  facet normal 0.7960930657056445 0.6051742151937642 7.410204569674019e-16
    outer loop
      vertex -37.82844188546163 13.11214097406384 88.6
      vertex -38.062016683214026 13.419403365860793 89.8
      vertex -37.85329287789059 13.144831895540497 89.8
    endloop
  endfacet
  facet normal 0.46840844069978893 0.8835120444460235 0
    outer loop
      vertex -37.53178671765228 12.860159803317599 88.6
      vertex -37.53178671765228 12.860159803317599 89.80330921938798
      vertex -37.501825284272684 12.84427525666236 89.8
    endloop
  endfacet
  facet normal 0.6473862847816524 0.7621620551277852 0
    outer loop
      vertex -37.53178671765228 12.860159803317599 88.6
      vertex -37.54146537859583 12.86838093202343 89.8
      vertex -37.53178671765228 12.860159803317599 89.80330921938798
    endloop
  endfacet
  facet normal 0.6473862847818272 0.7621620551276368 2.4286982297836913e-15
    outer loop
      vertex -37.53178671765228 12.860159803317599 88.6
      vertex -37.80096264087561 13.0887998933298 89.8
      vertex -37.54146537859583 12.86838093202343 89.8
    endloop
  endfacet
  facet normal 0.9075754196711594 0.4198891015598271 0
    outer loop
      vertex -38.06399291710166 13.422003057081362 88.6
      vertex -38.06923694906344 13.433337846412167 89.8
      vertex -38.06399291710166 13.422003057081362 89.80092645806737
    endloop
  endfacet
  facet normal 0.9075754196709503 0.41988910156027903 -5.18208249029307e-15
    outer loop
      vertex -38.06399291710166 13.422003057081362 88.6
      vertex -38.209334655276756 13.736154075838012 89.8
      vertex -38.06923694906344 13.433337846412167 89.8
    endloop
  endfacet
  facet normal 0.9766205557100884 0.21497044021101636 1.5388195893504708e-15
    outer loop
      vertex -38.22742570812904 13.775257245755238 88.6
      vertex -38.30709351690636 14.137191749884915 89.8
      vertex -38.23424931806461 13.806257218219754 89.8
    endloop
  endfacet
  facet normal 0.9075754196709658 0.41988910156024595 0
    outer loop
      vertex -38.22742570812904 13.775257245755238 88.6
      vertex -38.22742570812904 13.775257245755238 89.80655344188965
      vertex -38.209334655276756 13.736154075838012 89.8
    endloop
  endfacet
  facet normal 0.9766205557100759 0.21497044021107314 0
    outer loop
      vertex -38.22742570812904 13.775257245755238 88.6
      vertex -38.23424931806461 13.806257218219754 89.8
      vertex -38.22742570812904 13.775257245755238 89.80655344188965
    endloop
  endfacet
  facet normal -0.37013815534006944 0.9289767198167297 0
    outer loop
      vertex -35.678514806740374 12.75967831999716 88.6
      vertex -35.68452887067931 12.757282097912183 89.8
      vertex -35.678514806740374 12.75967831999716 89.80178682646789
    endloop
  endfacet
  facet normal -0.5611870653623735 0.8276889981568966 0
    outer loop
      vertex -35.678514806740374 12.75967831999716 88.6
      vertex -35.678514806740374 12.75967831999716 89.80178682646789
      vertex -35.66047545420719 12.771909304499406 89.8
    endloop
  endfacet
  facet normal -0.561187065362385 0.8276889981568887 -3.0162865474025597e-15
    outer loop
      vertex -35.3563546873927 12.978108300770256 88.6
      vertex -35.66047545420719 12.771909304499406 89.8
      vertex -35.39241921433576 12.953655944771901 89.8
    endloop
  endfacet
  facet normal -0.5611870653623163 0.8276889981569353 0
    outer loop
      vertex -35.3563546873927 12.978108300770256 88.6
      vertex -35.39241921433576 12.953655944771901 89.8
      vertex -35.3563546873927 12.978108300770256 89.80628856333038
    endloop
  endfacet
  facet normal -0.7259954919231947 0.6876994588533559 0
    outer loop
      vertex -35.3563546873927 12.978108300770256 88.6
      vertex -35.3563546873927 12.978108300770256 89.80628856333038
      vertex -35.33616562730031 12.999421632378342 89.8
    endloop
  endfacet
  facet normal -0.7259954919231218 0.6876994588534328 2.1671200676455764e-15
    outer loop
      vertex -35.08868248172983 13.260686412651225 88.6
      vertex -35.33616562730031 12.999421632378342 89.8
      vertex -35.10344521985287 13.245101579498034 89.8
    endloop
  endfacet
  facet normal -0.7259954919232052 0.6876994588533448 0
    outer loop
      vertex -35.08868248172983 13.260686412651225 88.6
      vertex -35.10344521985287 13.245101579498034 89.8
      vertex -35.08868248172983 13.260686412651225 89.80509670677012
    endloop
  endfacet
  facet normal -0.8568571761676227 0.5155538571769661 0
    outer loop
      vertex -35.08868248172983 13.260686412651225 88.6
      vertex -35.08868248172983 13.260686412651225 89.80509670677012
      vertex -35.06696039822828 13.296788796273248 89.8
    endloop
  endfacet
  facet normal -0.8568571761675904 0.5155538571770198 -3.1176265627020324e-15
    outer loop
      vertex -34.88801424459227 13.594199617191524 88.6
      vertex -35.06696039822828 13.296788796273248 89.8
      vertex -34.90744275325644 13.56190918460262 89.8
    endloop
  endfacet
  facet normal -0.8568571761675391 0.5155538571771049 0
    outer loop
      vertex -34.88801424459227 13.594199617191524 88.6
      vertex -34.90744275325644 13.56190918460262 89.8
      vertex -34.88801424459227 13.594199617191524 89.80397121013422
    endloop
  endfacet
  facet normal -0.9476531711828664 0.3193015301357902 0
    outer loop
      vertex -34.88801424459227 13.594199617191524 88.6
      vertex -34.88801424459227 13.594199617191524 89.80397121013422
      vertex -34.88299981479685 13.609081914483635 89.8
    endloop
  endfacet
  facet normal -0.9476531711828005 0.3193015301359862 1.1826687655742022e-15
    outer loop
      vertex -34.76373299972184 13.963053207620158 88.6
      vertex -34.88299981479685 13.609081914483635 89.8
      vertex -34.77458296510768 13.930851657878941 89.8
    endloop
  endfacet
  facet normal -0.9476531711828137 0.3193015301359466 0
    outer loop
      vertex -34.76373299972184 13.963053207620158 88.6
      vertex -34.77458296510768 13.930851657878941 89.8
      vertex -34.76373299972184 13.963053207620158 89.8067521059509
    endloop
  endfacet
  facet normal -0.9941379571543513 0.10811901842401805 0
    outer loop
      vertex -34.76373299972184 13.963053207620158 88.6
      vertex -34.76373299972184 13.963053207620158 89.8067521059509
      vertex -34.75916689204588 14.00503787436324 89.8
    endloop
  endfacet
  facet normal 1 0 0
    outer loop
      vertex -38.31109832287784 14.155385766836906 88.6
      vertex -38.31109832287784 14.544614233163097 88.6
      vertex -38.31109832287784 14.504260059225926 89.8
    endloop
  endfacet
  facet normal 0.9766205557100884 0.21497044021101613 1.6085318785186005e-15
    outer loop
      vertex -38.22742570812904 13.775257245755238 88.6
      vertex -38.31109832287784 14.155385766836906 88.6
      vertex -38.30709351690636 14.137191749884915 89.8
    endloop
  endfacet
  facet normal 0.9766205557100884 -0.21497044021101613 1.5440030150918125e-15
    outer loop
      vertex -38.31109832287784 14.544614233163097 88.6
      vertex -38.22742570812904 14.924742754244765 88.6
      vertex -38.23424931806461 14.893742781780249 89.8
    endloop
  endfacet
  facet normal 0.9075754196709588 -0.4198891015602609 -4.979212804226678e-15
    outer loop
      vertex -38.22742570812904 14.924742754244765 88.6
      vertex -38.06399291710166 15.27799694291864 88.6
      vertex -38.06923694906344 15.266662153587836 89.8
    endloop
  endfacet
  facet normal 0.7960930657056393 -0.6051742151937709 4.468487564270322e-16
    outer loop
      vertex -38.06399291710166 15.27799694291864 88.6
      vertex -37.82844188546163 15.587859025936163 88.6
      vertex -37.85329287789059 15.555168104459506 89.8
    endloop
  endfacet
  facet normal 0.6473862847818265 -0.7621620551276375 2.4205388991009915e-15
    outer loop
      vertex -37.82844188546163 15.587859025936163 88.6
      vertex -37.53178671765228 15.839840196682404 88.6
      vertex -37.54146537859583 15.831619067976574 89.8
    endloop
  endfacet
  facet normal 0.46840844069979065 -0.8835120444460227 7.915860663208139e-16
    outer loop
      vertex -37.53178671765228 15.839840196682404 88.6
      vertex -37.18789867961184 16.022158095670225 88.6
      vertex -37.22605257412594 16.00193018101041 89.8
    endloop
  endfacet
  facet normal 0.26752833852922736 -0.9635499925192211 -2.6776961568367518e-15
    outer loop
      vertex -37.18789867961184 16.022158095670225 88.6
      vertex -36.81285759379497 16.12628774057475 88.6
      vertex -36.8387206834217 16.119106889087238 89.8
    endloop
  endfacet
  facet normal 0.054138908585409914 -0.9985334138511243 -1.9736757261417345e-16
    outer loop
      vertex -36.81285759379497 16.12628774057475 88.6
      vertex -36.42419996454624 16.147360144932023 88.6
      vertex -36.45290534286046 16.14580378454297 89.8
    endloop
  endfacet
  facet normal -0.37013815533992 -0.9289767198167891 8.609920769273761e-16
    outer loop
      vertex -36.040098990647394 16.084389986534603 88.6
      vertex -35.678514806740374 15.940321680002842 88.6
      vertex -35.68452887067931 15.94271790208782 89.8
    endloop
  endfacet
  facet normal -0.16178199655275957 -0.986826522541527 -1.2305666333000065e-15
    outer loop
      vertex -36.42419996454624 16.147360144932023 88.6
      vertex -36.040098990647394 16.084389986534603 88.6
      vertex -36.07754253272997 16.090528543674843 89.8
    endloop
  endfacet
  facet normal -0.9941379571543603 0.10811901842393654 2.885940296152519e-15
    outer loop
      vertex -34.76373299972184 13.963053207620158 88.6
      vertex -34.75916689204588 14.00503787436324 89.8
      vertex -34.72165 14.350000000000001 88.6
    endloop
  endfacet
  facet normal -0.9941379571543603 -0.10811901842393654 0
    outer loop
      vertex -34.72165 14.350000000000001 88.6
      vertex -34.72165 14.350000000000001 89.8
      vertex -34.76373299972184 14.736946792379845 88.6
    endloop
  endfacet
  facet normal -0.9476531711828042 -0.31930153013597484 8.431002459051531e-16
    outer loop
      vertex -34.76373299972184 14.736946792379845 88.6
      vertex -34.77458296510768 14.769148342121062 89.8
      vertex -34.88801424459227 15.105800382808479 88.6
    endloop
  endfacet
  facet normal -0.725995491923132 -0.6876994588534222 1.902894076176489e-15
    outer loop
      vertex -35.3563546873927 15.721891699229747 88.6
      vertex -35.08868248172983 15.439313587348778 88.6
      vertex -35.10344521985287 15.45489842050197 89.8
    endloop
  endfacet
  facet normal -0.8568571761675889 -0.5155538571770223 5.182313551930358e-16
    outer loop
      vertex -34.88801424459227 15.105800382808479 88.6
      vertex -34.90744275325643 15.13809081539738 89.8
      vertex -35.08868248172983 15.439313587348778 88.6
    endloop
  endfacet
  facet normal -0.5611870653623767 -0.8276889981568943 -2.649003680243967e-15
    outer loop
      vertex -35.3563546873927 15.721891699229747 88.6
      vertex -35.39241921433576 15.746344055228102 89.8
      vertex -35.678514806740374 15.940321680002842 88.6
    endloop
  endfacet
  facet normal 0.9766205557101106 0.21497044021091505 0
    outer loop
      vertex -38.31109832287784 14.155385766836906 88.6
      vertex -38.31109832287784 14.155385766836906 89.80456704366766
      vertex -38.30709351690636 14.137191749884915 89.8
    endloop
  endfacet
  facet normal 1 0 0
    outer loop
      vertex -38.31109832287784 14.155385766836906 88.6
      vertex -38.31109832287784 14.195739940774077 89.8
      vertex -38.31109832287784 14.155385766836906 89.80456704366766
    endloop
  endfacet
  facet normal 1 0 0
    outer loop
      vertex -38.31109832287784 14.155385766836906 88.6
      vertex -38.31109832287784 14.504260059225926 89.8
      vertex -38.31109832287784 14.195739940774077 89.8
    endloop
  endfacet
  facet normal 1 0 0
    outer loop
      vertex -38.31109832287784 14.544614233163097 88.6
      vertex -38.31109832287784 14.544614233163097 89.80456704366766
      vertex -38.31109832287784 14.504260059225926 89.8
    endloop
  endfacet
  facet normal 0.9766205557101106 -0.21497044021091505 0
    outer loop
      vertex -38.31109832287784 14.544614233163097 88.6
      vertex -38.30709351690636 14.562808250115088 89.8
      vertex -38.31109832287784 14.544614233163097 89.80456704366766
    endloop
  endfacet
  facet normal 0.9766205557100884 -0.21497044021101636 1.6096576620669395e-15
    outer loop
      vertex -38.31109832287784 14.544614233163097 88.6
      vertex -38.23424931806461 14.893742781780249 89.8
      vertex -38.30709351690636 14.562808250115088 89.8
    endloop
  endfacet
  facet normal 0.9075754196709503 -0.41988910156027903 1.3116806624571764e-15
    outer loop
      vertex -38.22742570812904 14.924742754244765 88.6
      vertex -38.06923694906344 15.266662153587836 89.8
      vertex -38.209334655276756 14.96384592416199 89.8
    endloop
  endfacet
  facet normal 0.9766205557100759 -0.21497044021107314 0
    outer loop
      vertex -38.22742570812904 14.924742754244765 88.6
      vertex -38.22742570812904 14.924742754244765 89.80655344188965
      vertex -38.23424931806461 14.893742781780249 89.8
    endloop
  endfacet
  facet normal 0.9075754196709658 -0.41988910156024595 0
    outer loop
      vertex -38.22742570812904 14.924742754244765 88.6
      vertex -38.209334655276756 14.96384592416199 89.8
      vertex -38.22742570812904 14.924742754244765 89.80655344188965
    endloop
  endfacet
  facet normal 0.9075754196711594 -0.4198891015598271 0
    outer loop
      vertex -38.06399291710166 15.27799694291864 88.6
      vertex -38.06399291710166 15.27799694291864 89.80092645806737
      vertex -38.06923694906344 15.266662153587836 89.8
    endloop
  endfacet
  facet normal 0.7960930657051949 -0.6051742151943555 0
    outer loop
      vertex -38.06399291710166 15.27799694291864 88.6
      vertex -38.062016683214026 15.28059663413921 89.8
      vertex -38.06399291710166 15.27799694291864 89.80092645806737
    endloop
  endfacet
  facet normal 0.7960930657056445 -0.6051742151937642 -2.021334074253431e-15
    outer loop
      vertex -38.06399291710166 15.27799694291864 88.6
      vertex -37.85329287789059 15.555168104459506 89.8
      vertex -38.062016683214026 15.28059663413921 89.8
    endloop
  endfacet
  facet normal 0.6473862847818274 -0.7621620551276367 2.0299612792433693e-15
    outer loop
      vertex -37.82844188546163 15.587859025936163 88.6
      vertex -37.54146537859583 15.831619067976574 89.8
      vertex -37.80096264087561 15.611200106670204 89.8
    endloop
  endfacet
  facet normal 0.7960930657056313 -0.6051742151937815 0
    outer loop
      vertex -37.82844188546163 15.587859025936163 88.6
      vertex -37.82844188546163 15.587859025936163 89.80688455110692
      vertex -37.85329287789059 15.555168104459506 89.8
    endloop
  endfacet
  facet normal 0.6473862847818788 -0.7621620551275928 0
    outer loop
      vertex -37.82844188546163 15.587859025936163 88.6
      vertex -37.80096264087561 15.611200106670204 89.8
      vertex -37.82844188546163 15.587859025936163 89.80688455110692
    endloop
  endfacet
  facet normal 0.6473862847816524 -0.7621620551277852 0
    outer loop
      vertex -37.53178671765228 15.839840196682404 88.6
      vertex -37.53178671765228 15.839840196682404 89.80330921938798
      vertex -37.54146537859583 15.831619067976574 89.8
    endloop
  endfacet
  facet normal 0.46840844069982984 -0.8835120444460018 0
    outer loop
      vertex -37.53178671765228 15.839840196682404 88.6
      vertex -37.501825284272684 15.855724743337644 89.8
      vertex -37.53178671765228 15.839840196682404 89.80330921938798
    endloop
  endfacet
  facet normal 0.468408440699789 -0.8835120444460234 1.3056947105591725e-15
    outer loop
      vertex -37.53178671765228 15.839840196682404 88.6
      vertex -37.22605257412594 16.00193018101041 89.8
      vertex -37.501825284272684 15.855724743337644 89.8
    endloop
  endfacet
  facet normal 0.4684084406997711 -0.883512044446033 0
    outer loop
      vertex -37.18789867961184 16.022158095670225 88.6
      vertex -37.18789867961184 16.022158095670225 89.80556018769134
      vertex -37.22605257412594 16.00193018101041 89.8
    endloop
  endfacet
  facet normal 0.26752833852922575 -0.9635499925192215 0
    outer loop
      vertex -37.18789867961184 16.022158095670225 88.6
      vertex -37.16457357292703 16.028634279662597 89.8
      vertex -37.18789867961184 16.022158095670225 89.80556018769134
    endloop
  endfacet
  facet normal 0.26752833852921837 -0.9635499925192237 1.5549045066879677e-16
    outer loop
      vertex -37.18789867961184 16.022158095670225 88.6
      vertex -36.8387206834217 16.119106889087238 89.8
      vertex -37.16457357292703 16.028634279662597 89.8
    endloop
  endfacet
  facet normal 0.054138908585416506 -0.998533413851124 -2.175608619275004e-15
    outer loop
      vertex -36.81285759379497 16.12628774057475 88.6
      vertex -36.45290534286046 16.14580378454297 89.8
      vertex -36.76929012010436 16.128649900361005 89.8
    endloop
  endfacet
  facet normal 0.05413890858541814 -0.9985334138511239 0
    outer loop
      vertex -36.42419996454624 16.147360144932023 88.6
      vertex -36.42419996454624 16.147360144932023 89.80258108611481
      vertex -36.45290534286046 16.14580378454297 89.8
    endloop
  endfacet
  facet normal -0.16178199655281428 -0.986826522541518 0
    outer loop
      vertex -36.42419996454624 16.147360144932023 88.6
      vertex -36.414706586152626 16.14580378454297 89.8
      vertex -36.42419996454624 16.147360144932023 89.80258108611481
    endloop
  endfacet
  facet normal 0.26752833852934255 -0.9635499925191892 0
    outer loop
      vertex -36.81285759379497 16.12628774057475 88.6
      vertex -36.81285759379497 16.12628774057475 89.8059574761493
      vertex -36.8387206834217 16.119106889087238 89.8
    endloop
  endfacet
  facet normal 0.05413890858535674 -0.998533413851127 0
    outer loop
      vertex -36.81285759379497 16.12628774057475 88.6
      vertex -36.76929012010436 16.128649900361005 89.8
      vertex -36.81285759379497 16.12628774057475 89.8059574761493
    endloop
  endfacet
  facet normal -0.37013815533991723 -0.9289767198167902 -9.648433880406949e-17
    outer loop
      vertex -36.040098990647394 16.084389986534603 88.6
      vertex -35.68452887067931 15.94271790208782 89.8
      vertex -36.003290130921016 16.069723996366438 89.8
    endloop
  endfacet
  facet normal -0.1617819965527623 -0.9868265225415265 -4.223848030464225e-16
    outer loop
      vertex -36.42419996454624 16.147360144932023 88.6
      vertex -36.07754253272997 16.090528543674843 89.8
      vertex -36.414706586152626 16.14580378454297 89.8
    endloop
  endfacet
  facet normal -0.37013815533992006 -0.9289767198167893 0
    outer loop
      vertex -36.040098990647394 16.084389986534603 88.6
      vertex -36.003290130921016 16.069723996366438 89.8
      vertex -36.040098990647394 16.084389986534603 89.80695077441949
    endloop
  endfacet
  facet normal -0.16178199655272119 -0.9868265225415334 0
    outer loop
      vertex -36.040098990647394 16.084389986534603 88.6
      vertex -36.040098990647394 16.084389986534603 89.80695077441949
      vertex -36.07754253272997 16.090528543674843 89.8
    endloop
  endfacet
  facet normal -0.9941379571543613 0.1081190184239266 0
    outer loop
      vertex -34.72165 14.350000000000001 88.6
      vertex -34.75916689204588 14.00503787436324 89.8
      vertex -34.72165 14.350000000000001 89.8
    endloop
  endfacet
  facet normal -0.9941379571543613 -0.1081190184239266 3.2369797855082363e-15
    outer loop
      vertex -34.76373299972184 14.736946792379845 88.6
      vertex -34.72165 14.350000000000001 89.8
      vertex -34.75916689204588 14.694962125636764 89.8
    endloop
  endfacet
  facet normal -0.9941379571543513 -0.10811901842401805 0
    outer loop
      vertex -34.76373299972184 14.736946792379845 88.6
      vertex -34.75916689204588 14.694962125636764 89.8
      vertex -34.76373299972184 14.736946792379845 89.8067521059509
    endloop
  endfacet
  facet normal -0.9476531711828137 -0.3193015301359466 0
    outer loop
      vertex -34.76373299972184 14.736946792379845 88.6
      vertex -34.76373299972184 14.736946792379845 89.8067521059509
      vertex -34.77458296510768 14.769148342121062 89.8
    endloop
  endfacet
  facet normal -0.9476531711828008 -0.3193015301359846 -2.2125734777750815e-15
    outer loop
      vertex -34.88801424459227 15.105800382808479 88.6
      vertex -34.77458296510768 14.769148342121062 89.8
      vertex -34.88299981479685 15.09091808551637 89.8
    endloop
  endfacet
  facet normal -0.8568571761675975 -0.5155538571770082 0
    outer loop
      vertex -34.88801424459227 15.105800382808479 88.6
      vertex -34.88801424459227 15.105800382808479 89.80397121013421
      vertex -34.90744275325643 15.13809081539738 89.8
    endloop
  endfacet
  facet normal -0.9476531711828549 -0.3193015301358244 0
    outer loop
      vertex -34.88801424459227 15.105800382808479 88.6
      vertex -34.88299981479685 15.09091808551637 89.8
      vertex -34.88801424459227 15.105800382808479 89.80397121013421
    endloop
  endfacet
  facet normal -0.7259954919231244 -0.6876994588534301 -1.4819803722386786e-15
    outer loop
      vertex -35.3563546873927 15.721891699229747 88.6
      vertex -35.10344521985287 15.45489842050197 89.8
      vertex -35.33616562730031 15.700578367621663 89.8
    endloop
  endfacet
  facet normal -0.725995491923166 -0.6876994588533861 0
    outer loop
      vertex -35.3563546873927 15.721891699229747 88.6
      vertex -35.33616562730031 15.700578367621663 89.8
      vertex -35.3563546873927 15.721891699229747 89.80628856333038
    endloop
  endfacet
  facet normal -0.5611870653623163 -0.8276889981569353 0
    outer loop
      vertex -35.3563546873927 15.721891699229747 88.6
      vertex -35.3563546873927 15.721891699229747 89.80628856333038
      vertex -35.39241921433576 15.746344055228102 89.8
    endloop
  endfacet
  facet normal -0.8568571761675833 -0.5155538571770317 -2.6870390639934807e-15
    outer loop
      vertex -35.08868248172983 15.439313587348778 88.6
      vertex -34.90744275325643 15.13809081539738 89.8
      vertex -35.06696039822828 15.403211203726755 89.8
    endloop
  endfacet
  facet normal -0.8568571761676227 -0.5155538571769661 0
    outer loop
      vertex -35.08868248172983 15.439313587348778 88.6
      vertex -35.06696039822828 15.403211203726755 89.8
      vertex -35.08868248172983 15.439313587348778 89.80509670677012
    endloop
  endfacet
  facet normal -0.7259954919232052 -0.6876994588533448 0
    outer loop
      vertex -35.08868248172983 15.439313587348778 88.6
      vertex -35.08868248172983 15.439313587348778 89.80509670677012
      vertex -35.10344521985287 15.45489842050197 89.8
    endloop
  endfacet
  facet normal -0.561187065362385 -0.8276889981568887 2.542891551097318e-16
    outer loop
      vertex -35.678514806740374 15.940321680002842 88.6
      vertex -35.39241921433576 15.746344055228102 89.8
      vertex -35.66047545420719 15.928090695500597 89.8
    endloop
  endfacet
  facet normal -0.5611870653623735 -0.8276889981568966 0
    outer loop
      vertex -35.678514806740374 15.940321680002842 88.6
      vertex -35.66047545420719 15.928090695500597 89.8
      vertex -35.678514806740374 15.940321680002842 89.80178682646789
    endloop
  endfacet
  facet normal -0.37013815534006944 -0.9289767198167297 0
    outer loop
      vertex -35.678514806740374 15.940321680002842 88.6
      vertex -35.678514806740374 15.940321680002842 89.80178682646789
      vertex -35.68452887067931 15.94271790208782 89.8
    endloop
  endfacet
  facet normal 0 0 1
    outer loop
      vertex -37.34976706791607 12.751806606875727 89.8
      vertex -37.22605257412594 12.698069818989591 89.8
      vertex -37.501825284272684 12.84427525666236 89.8
    endloop
  endfacet
  facet normal 0 0 1
    outer loop
      vertex -37.12443330190777 12.653930340186125 89.8
      vertex -36.88787082349474 12.587648642171821 89.8
      vertex -37.16457357292703 12.671365720337404 89.8
    endloop
  endfacet
  facet normal 0 0 1
    outer loop
      vertex -37.16457357292703 12.671365720337404 89.8
      vertex -36.88787082349474 12.587648642171821 89.8
      vertex -36.838720683421705 12.580893110912765 89.8
    endloop
  endfacet
  facet normal 0 0 1
    outer loop
      vertex -36.76929012010436 12.571350099638996 89.8
      vertex -36.6444863440564 12.554196215457031 89.8
      vertex -36.45290534286046 12.554196215457031 89.8
    endloop
  endfacet
  facet normal 0 0 1
    outer loop
      vertex -36.414706586152626 12.554196215457031 89.8
      vertex -36.398813655943584 12.554196215457031 89.8
      vertex -36.15542917650525 12.587648642171821 89.8
    endloop
  endfacet
  facet normal 0 0 1
    outer loop
      vertex -36.414706586152626 12.554196215457031 89.8
      vertex -36.15542917650525 12.587648642171821 89.8
      vertex -36.07754253272997 12.60947145632516 89.8
    endloop
  endfacet
  facet normal 0 0 1
    outer loop
      vertex -36.003290130921016 12.630276003633567 89.8
      vertex -35.918866698092216 12.653930340186125 89.8
      vertex -35.69353293208392 12.751806606875725 89.8
    endloop
  endfacet
  facet normal 0 0 1
    outer loop
      vertex -36.003290130921016 12.630276003633567 89.8
      vertex -35.69353293208392 12.751806606875725 89.8
      vertex -35.68452887067931 12.757282097912183 89.8
    endloop
  endfacet
  facet normal 0 0 1
    outer loop
      vertex -37.75024565779357 13.034495264299379 89.8
      vertex -37.55967457980675 12.879454192581205 89.8
      vertex -37.80096264087561 13.0887998933298 89.8
    endloop
  endfacet
  facet normal 0 0 1
    outer loop
      vertex -38.059604928183674 13.41474888993622 89.8
      vertex -37.91793032326795 13.214041700213107 89.8
      vertex -38.062016683214026 13.419403365860793 89.8
    endloop
  endfacet
  facet normal 0 0 1
    outer loop
      vertex -38.062016683214026 13.419403365860793 89.8
      vertex -37.91793032326795 13.214041700213107 89.8
      vertex -37.85329287789059 13.144831895540497 89.8
    endloop
  endfacet
  facet normal 0 0 1
    outer loop
      vertex -37.80096264087561 13.0887998933298 89.8
      vertex -37.55967457980675 12.879454192581205 89.8
      vertex -37.54146537859583 12.86838093202343 89.8
    endloop
  endfacet
  facet normal 0 0 1
    outer loop
      vertex -38.06923694906344 13.433337846412167 89.8
      vertex -38.209334655276756 13.736154075838012 89.8
      vertex -38.17263034270981 13.632878038276766 89.8
    endloop
  endfacet
  facet normal 0 0 1
    outer loop
      vertex -38.23424931806461 13.806257218219754 89.8
      vertex -38.30709351690636 14.137191749884915 89.8
      vertex -38.254901117226034 13.864365811917358 89.8
    endloop
  endfacet
  facet normal 0 0 1
    outer loop
      vertex -35.66047545420719 12.771909304499406 89.8
      vertex -35.483625420193235 12.879454192581205 89.8
      vertex -35.39241921433576 12.953655944771901 89.8
    endloop
  endfacet
  facet normal 0 0 1
    outer loop
      vertex -35.33616562730031 12.999421632378342 89.8
      vertex -35.29305434220642 13.034495264299379 89.8
      vertex -35.125369676732035 13.214041700213107 89.8
    endloop
  endfacet
  facet normal 0 0 1
    outer loop
      vertex -35.33616562730031 12.999421632378342 89.8
      vertex -35.125369676732035 13.214041700213107 89.8
      vertex -35.10344521985287 13.245101579498034 89.8
    endloop
  endfacet
  facet normal 0 0 1
    outer loop
      vertex -35.06696039822828 13.296788796273248 89.8
      vertex -34.983695071816314 13.414748889936222 89.8
      vertex -34.90744275325644 13.56190918460262 89.8
    endloop
  endfacet
  facet normal 0 0 1
    outer loop
      vertex -34.88299981479685 13.609081914483635 89.8
      vertex -34.87066965729018 13.632878038276768 89.8
      vertex -34.788398882773954 13.864365811917358 89.8
    endloop
  endfacet
  facet normal 0 0 1
    outer loop
      vertex -34.88299981479685 13.609081914483635 89.8
      vertex -34.788398882773954 13.864365811917358 89.8
      vertex -34.77458296510768 13.930851657878941 89.8
    endloop
  endfacet
  facet normal 0.6996223784203042 0.4938474012297895 0.5163751271237802
    outer loop
      vertex -38.059604928183674 13.41474888993622 89.8
      vertex -38.989138126536446 12.849487230007563 91.6
      vertex -37.91793032326795 13.214041700213107 89.8
    endloop
  endfacet
  facet normal 0.7603516036238498 0.3939824449826912 0.5163751271237809
    outer loop
      vertex -38.06923694906344 13.433337846412167 89.8
      vertex -38.17263034270981 13.632878038276766 89.8
      vertex -39.17047560478717 13.19945267679569 91.6
    endloop
  endfacet
  facet normal 0.760351603623902 0.39398244498256996 0.5163751271237965
    outer loop
      vertex -38.059604928183674 13.41474888993622 89.8
      vertex -38.062016683214026 13.419403365860793 89.8
      vertex -39.17047560478717 13.19945267679569 91.6
    endloop
  endfacet
  facet normal 0.7603516036232576 0.3939824449840898 0.5163751271235855
    outer loop
      vertex -38.06399291710166 13.422003057081362 89.80092645806737
      vertex -39.17047560478717 13.19945267679569 91.6
      vertex -38.062016683214026 13.419403365860793 89.8
    endloop
  endfacet
  facet normal 0.7603516036240882 0.3939824449821346 0.5163751271238545
    outer loop
      vertex -38.06399291710166 13.422003057081362 89.80092645806737
      vertex -38.06923694906344 13.433337846412167 89.8
      vertex -39.17047560478717 13.19945267679569 91.6
    endloop
  endfacet
  facet normal 0.806916917092373 0.2867783412289769 0.516375127123777
    outer loop
      vertex -38.17263034270981 13.632878038276766 89.8
      vertex -38.209334655276756 13.736154075838012 89.8
      vertex -39.30247047379122 13.57085064329598 91.6
    endloop
  endfacet
  facet normal 0.8069169170923928 0.2867783412289105 0.5163751271237831
    outer loop
      vertex -38.209334655276756 13.736154075838012 89.8
      vertex -38.22742570812904 13.775257245755238 89.80655344188965
      vertex -39.30247047379122 13.57085064329598 91.6
    endloop
  endfacet
  facet normal 0.8384508951409108 0.17423209958358507 0.516375127123781
    outer loop
      vertex -38.254901117226034 13.864365811917358 89.8
      vertex -38.30488470286539 14.104900031626757 89.8
      vertex -39.38266391888293 13.956762688104467 91.6
    endloop
  endfacet
  facet normal 0.8069169170923879 0.2867783412289296 0.5163751271237801
    outer loop
      vertex -38.23424931806461 13.806257218219754 89.8
      vertex -38.254901117226034 13.864365811917358 89.8
      vertex -39.30247047379122 13.57085064329598 91.6
    endloop
  endfacet
  facet normal 0.8069169170923518 0.28677834122904317 0.5163751271237735
    outer loop
      vertex -38.22742570812904 13.775257245755238 89.80655344188965
      vertex -38.23424931806461 13.806257218219754 89.8
      vertex -39.30247047379122 13.57085064329598 91.6
    endloop
  endfacet
  facet normal 0.4449522094055449 0.7316927356705294 0.5163751271237809
    outer loop
      vertex -37.34976706791607 12.751806606875727 89.8
      vertex -37.501825284272684 12.84427525666236 89.8
      vertex -38.18705207309655 11.9906627705149 91.6
    endloop
  endfacet
  facet normal 0.44495220940560964 0.7316927356704885 0.5163751271237829
    outer loop
      vertex -37.54146537859583 12.86838093202343 89.8
      vertex -37.55967457980675 12.879454192581205 89.8
      vertex -38.18705207309655 11.9906627705149 91.6
    endloop
  endfacet
  facet normal 0.4449522094055615 0.7316927356705186 0.5163751271237821
    outer loop
      vertex -37.501825284272684 12.84427525666236 89.8
      vertex -37.53178671765228 12.860159803317599 89.80330921938798
      vertex -38.18705207309655 11.9906627705149 91.6
    endloop
  endfacet
  facet normal 0.4449522094053512 0.7316927356706542 0.5163751271237709
    outer loop
      vertex -37.54146537859583 12.86838093202343 89.8
      vertex -38.18705207309655 11.9906627705149 91.6
      vertex -37.53178671765228 12.860159803317599 89.80330921938798
    endloop
  endfacet
  facet normal 0.5404400485002073 0.6642900586829465 0.5163751271237812
    outer loop
      vertex -37.75024565779357 13.034495264299379 89.8
      vertex -38.492803472943535 12.23940998448032 91.6
      vertex -37.55967457980675 12.879454192581205 89.8
    endloop
  endfacet
  facet normal 0.3411757525316251 0.7854653614083641 0.5163751271237872
    outer loop
      vertex -37.18789867961184 12.677841904329776 89.80556018769134
      vertex -37.22605257412594 12.698069818989591 89.8
      vertex -37.85027738368952 11.785865545097318 91.6
    endloop
  endfacet
  facet normal 0.341175752531547 0.7854653614084033 0.516375127123779
    outer loop
      vertex -37.12443330190777 12.653930340186125 89.8
      vertex -37.16457357292703 12.671365720337404 89.8
      vertex -37.85027738368952 11.785865545097318 91.6
    endloop
  endfacet
  facet normal 0.3411757525314742 0.785465361408441 0.5163751271237699
    outer loop
      vertex -37.18789867961184 12.677841904329776 89.80556018769134
      vertex -37.85027738368952 11.785865545097318 91.6
      vertex -37.16457357292703 12.671365720337404 89.8
    endloop
  endfacet
  facet normal 0.341175752531564 0.7854653614083944 0.5163751271237814
    outer loop
      vertex -37.34976706791607 12.751806606875727 89.8
      vertex -37.85027738368952 11.785865545097318 91.6
      vertex -37.22605257412594 12.698069818989591 89.8
    endloop
  endfacet
  facet normal 0.23104383691723376 0.8246062536207583 0.5163751271237806
    outer loop
      vertex -37.12443330190777 12.653930340186125 89.8
      vertex -37.4887528799839 11.62883329304587 91.6
      vertex -36.88787082349474 12.587648642171821 89.8
    endloop
  endfacet
  facet normal 0.11660801177287312 0.8483862915431133 0.5163751271237811
    outer loop
      vertex -36.88787082349474 12.587648642171821 89.8
      vertex -37.1092130794531 11.522491228099843 91.6
      vertex -36.838720683421705 12.580893110912765 89.8
    endloop
  endfacet
  facet normal 0.11660801177283754 0.8483862915431193 0.5163751271237793
    outer loop
      vertex -36.838720683421705 12.580893110912765 89.8
      vertex -37.1092130794531 11.522491228099843 91.6
      vertex -36.81285759379497 12.573712259425255 89.8059574761493
    endloop
  endfacet
  facet normal 0.11660801177289798 0.8483862915431086 0.5163751271237831
    outer loop
      vertex -36.76929012010436 12.571350099638996 89.8
      vertex -36.81285759379497 12.573712259425255 89.8059574761493
      vertex -37.1092130794531 11.522491228099843 91.6
    endloop
  endfacet
  facet normal 0.11660801177286345 0.8483862915431151 0.5163751271237803
    outer loop
      vertex -36.76929012010436 12.571350099638996 89.8
      vertex -37.1092130794531 11.522491228099843 91.6
      vertex -36.6444863440564 12.554196215457031 89.8
    endloop
  endfacet
  facet normal 0 0.8563624980625317 0.5163751271237804
    outer loop
      vertex -36.6444863440564 12.554196215457031 89.8
      vertex -36.718728090464126 11.46882030172227 91.6
      vertex -36.45290534286046 12.554196215457031 89.8
    endloop
  endfacet
  facet normal -2.4894670813224518e-14 0.8563624980625333 0.5163751271237778
    outer loop
      vertex -36.45290534286046 12.554196215457031 89.8
      vertex -36.718728090464126 11.46882030172227 91.6
      vertex -36.42419996454624 12.552639855067978 89.80258108611481
    endloop
  endfacet
  facet normal 7.993439908141883e-14 0.8563624980625257 0.5163751271237903
    outer loop
      vertex -36.414706586152626 12.554196215457031 89.8
      vertex -36.42419996454624 12.552639855067978 89.80258108611481
      vertex -36.718728090464126 11.46882030172227 91.6
    endloop
  endfacet
  facet normal 0 0.8563624980625317 0.5163751271237804
    outer loop
      vertex -36.414706586152626 12.554196215457031 89.8
      vertex -36.718728090464126 11.46882030172227 91.6
      vertex -36.398813655943584 12.554196215457031 89.8
    endloop
  endfacet
  facet normal -0.11660801177286863 0.8483862915431144 0.5163751271237805
    outer loop
      vertex -36.398813655943584 12.554196215457031 89.8
      vertex -36.32457190953586 11.46882030172227 91.6
      vertex -36.15542917650525 12.587648642171821 89.8
    endloop
  endfacet
  facet normal -0.2310438369172377 0.8246062536207569 0.5163751271237809
    outer loop
      vertex -36.15542917650525 12.587648642171821 89.8
      vertex -35.93408692054689 11.522491228099843 91.6
      vertex -36.07754253272997 12.60947145632516 89.8
    endloop
  endfacet
  facet normal -0.23104383691708466 0.8246062536207935 0.5163751271237907
    outer loop
      vertex -36.07754253272997 12.60947145632516 89.8
      vertex -35.93408692054689 11.522491228099843 91.6
      vertex -36.040098990647394 12.6156100134654 89.80695077441949
    endloop
  endfacet
  facet normal -0.23104383691737804 0.8246062536207261 0.516375127123767
    outer loop
      vertex -36.040098990647394 12.6156100134654 89.80695077441949
      vertex -35.93408692054689 11.522491228099843 91.6
      vertex -36.003290130921016 12.630276003633567 89.8
    endloop
  endfacet
  facet normal -0.23104383691723188 0.8246062536207583 0.5163751271237813
    outer loop
      vertex -36.003290130921016 12.630276003633567 89.8
      vertex -35.93408692054689 11.522491228099843 91.6
      vertex -35.918866698092216 12.653930340186125 89.8
    endloop
  endfacet
  facet normal 0.6258605120432081 0.5845129147870961 0.5163751271237861
    outer loop
      vertex -37.82844188546163 13.11214097406384 89.80688455110692
      vertex -37.85329287789059 13.144831895540497 89.8
      vertex -38.761836013155175 12.527473497045204 91.6
    endloop
  endfacet
  facet normal 0.6258605120431437 0.584512914787171 0.5163751271237793
    outer loop
      vertex -37.85329287789059 13.144831895540497 89.8
      vertex -37.91793032326795 13.214041700213107 89.8
      vertex -38.761836013155175 12.527473497045204 91.6
    endloop
  endfacet
  facet normal 0.6258605120431283 0.584512914787191 0.5163751271237756
    outer loop
      vertex -37.75024565779357 13.034495264299379 89.8
      vertex -37.80096264087561 13.0887998933298 89.8
      vertex -38.761836013155175 12.527473497045204 91.6
    endloop
  endfacet
  facet normal 0.6258605120431219 0.5845129147871988 0.5163751271237746
    outer loop
      vertex -37.82844188546163 13.11214097406384 89.80688455110692
      vertex -38.761836013155175 12.527473497045204 91.6
      vertex -37.80096264087561 13.0887998933298 89.8
    endloop
  endfacet
  facet normal -0.34117575253155824 0.7854653614083973 0.5163751271237808
    outer loop
      vertex -35.918866698092216 12.653930340186125 89.8
      vertex -35.55454712001609 11.62883329304587 91.6
      vertex -35.69353293208392 12.751806606875725 89.8
    endloop
  endfacet
  facet normal -0.44495220940563357 0.7316927356704787 0.5163751271237764
    outer loop
      vertex -35.69353293208392 12.751806606875725 89.8
      vertex -35.19302261631047 11.785865545097318 91.6
      vertex -35.68452887067931 12.757282097912183 89.8
    endloop
  endfacet
  facet normal -0.44495220940581237 0.7316927356703751 0.5163751271237693
    outer loop
      vertex -35.68452887067931 12.757282097912183 89.8
      vertex -35.19302261631047 11.785865545097318 91.6
      vertex -35.678514806740374 12.75967831999716 89.80178682646789
    endloop
  endfacet
  facet normal -0.4449522094055069 0.7316927356705516 0.5163751271237824
    outer loop
      vertex -35.678514806740374 12.75967831999716 89.80178682646789
      vertex -35.19302261631047 11.785865545097318 91.6
      vertex -35.66047545420719 12.771909304499406 89.8
    endloop
  endfacet
  facet normal -0.444952209405539 0.7316927356705331 0.5163751271237806
    outer loop
      vertex -35.66047545420719 12.771909304499406 89.8
      vertex -35.19302261631047 11.785865545097318 91.6
      vertex -35.483625420193235 12.879454192581205 89.8
    endloop
  endfacet
  facet normal -0.5404400485002163 0.66429005868294 0.51637512712378
    outer loop
      vertex -35.483625420193235 12.879454192581205 89.8
      vertex -34.856247926903436 11.9906627705149 91.6
      vertex -35.39241921433576 12.953655944771901 89.8
    endloop
  endfacet
  facet normal -0.5404400485001029 0.6642900586830237 0.5163751271237911
    outer loop
      vertex -35.39241921433576 12.953655944771901 89.8
      vertex -34.856247926903436 11.9906627705149 91.6
      vertex -35.3563546873927 12.978108300770256 89.80628856333038
    endloop
  endfacet
  facet normal -0.540440048500339 0.6642900586828532 0.516375127123763
    outer loop
      vertex -35.3563546873927 12.978108300770256 89.80628856333038
      vertex -34.856247926903436 11.9906627705149 91.6
      vertex -35.33616562730031 12.999421632378342 89.8
    endloop
  endfacet
  facet normal -0.5404400485002058 0.664290058682948 0.5163751271237806
    outer loop
      vertex -35.33616562730031 12.999421632378342 89.8
      vertex -34.856247926903436 11.9906627705149 91.6
      vertex -35.29305434220642 13.034495264299379 89.8
    endloop
  endfacet
  facet normal -0.6258605120431456 0.5845129147871673 0.5163751271237815
    outer loop
      vertex -35.29305434220642 13.034495264299379 89.8
      vertex -34.55049652705645 12.23940998448032 91.6
      vertex -35.125369676732035 13.214041700213107 89.8
    endloop
  endfacet
  facet normal -0.6996223784202891 0.49384740122981047 0.5163751271237803
    outer loop
      vertex -35.125369676732035 13.214041700213107 89.8
      vertex -34.28146398684481 12.527473497045204 91.6
      vertex -35.10344521985287 13.245101579498034 89.8
    endloop
  endfacet
  facet normal -0.6996223784202732 0.49384740122983195 0.5163751271237815
    outer loop
      vertex -35.10344521985287 13.245101579498034 89.8
      vertex -34.28146398684481 12.527473497045204 91.6
      vertex -35.08868248172983 13.260686412651225 89.80509670677012
    endloop
  endfacet
  facet normal -0.6996223784203766 0.4938474012296952 0.5163751271237722
    outer loop
      vertex -35.08868248172983 13.260686412651225 89.80509670677012
      vertex -34.28146398684481 12.527473497045204 91.6
      vertex -35.06696039822828 13.296788796273248 89.8
    endloop
  endfacet
  facet normal -0.6996223784202957 0.4938474012297999 0.5163751271237816
    outer loop
      vertex -35.06696039822828 13.296788796273248 89.8
      vertex -34.28146398684481 12.527473497045204 91.6
      vertex -34.983695071816314 13.414748889936222 89.8
    endloop
  endfacet
  facet normal -0.7603516036238611 0.3939824449826708 0.5163751271237798
    outer loop
      vertex -34.983695071816314 13.414748889936222 89.8
      vertex -34.05416187346354 12.849487230007565 91.6
      vertex -34.90744275325644 13.56190918460262 89.8
    endloop
  endfacet
  facet normal -0.7603516036238434 0.39398244498270085 0.5163751271237831
    outer loop
      vertex -34.90744275325644 13.56190918460262 89.8
      vertex -34.05416187346354 12.849487230007565 91.6
      vertex -34.88801424459227 13.594199617191524 89.80397121013422
    endloop
  endfacet
  facet normal -0.760351603623861 0.39398244498267154 0.5163751271237791
    outer loop
      vertex -34.88299981479685 13.609081914483635 89.8
      vertex -34.88801424459227 13.594199617191524 89.80397121013422
      vertex -34.05416187346354 12.849487230007565 91.6
    endloop
  endfacet
  facet normal -0.7603516036238478 0.39398244498269314 0.5163751271237822
    outer loop
      vertex -34.88299981479685 13.609081914483635 89.8
      vertex -34.05416187346354 12.849487230007565 91.6
      vertex -34.87066965729018 13.632878038276768 89.8
    endloop
  endfacet
  facet normal -0.806916917092375 0.2867783412289636 0.5163751271237814
    outer loop
      vertex -34.87066965729018 13.632878038276768 89.8
      vertex -33.87282439521282 13.199452676795692 91.6
      vertex -34.788398882773954 13.864365811917358 89.8
    endloop
  endfacet
  facet normal -0.8384508951409101 0.174232099583594 0.5163751271237791
    outer loop
      vertex -34.788398882773954 13.864365811917358 89.8
      vertex -33.74082952620877 13.57085064329598 91.6
      vertex -34.77458296510768 13.930851657878941 89.8
    endloop
  endfacet
  facet normal -0.8384508951409267 0.174232099583526 0.5163751271237751
    outer loop
      vertex -34.77458296510768 13.930851657878941 89.8
      vertex -33.74082952620877 13.57085064329598 91.6
      vertex -34.76373299972184 13.963053207620158 89.8067521059509
    endloop
  endfacet
  facet normal -0.8384508951408844 0.1742320995836927 0.5163751271237874
    outer loop
      vertex -34.75916689204588 14.00503787436324 89.8
      vertex -34.76373299972184 13.963053207620158 89.8067521059509
      vertex -33.74082952620877 13.57085064329598 91.6
    endloop
  endfacet
  facet normal -0.8384508951409206 0.17423209958355623 0.5163751271237749
    outer loop
      vertex -34.75916689204588 14.00503787436324 89.8
      vertex -33.74082952620877 13.57085064329598 91.6
      vertex -34.7384152971346 14.104900031626757 89.8
    endloop
  endfacet
  facet normal 0 0 1
    outer loop
      vertex -38.31109832287784 14.195739940774077 89.8
      vertex -38.31109832287784 14.504260059225926 89.8
      vertex -38.32164999999999 14.350000000000001 89.8
    endloop
  endfacet
  facet normal 0 0 1
    outer loop
      vertex -38.254901117226034 13.864365811917358 89.8
      vertex -38.30709351690636 14.137191749884915 89.8
      vertex -38.30488470286539 14.104900031626757 89.8
    endloop
  endfacet
  facet normal 0 0 1
    outer loop
      vertex -38.30709351690636 14.562808250115088 89.8
      vertex -38.23424931806461 14.893742781780249 89.8
      vertex -38.30488470286539 14.595099968373246 89.8
    endloop
  endfacet
  facet normal 0 0 1
    outer loop
      vertex -38.30488470286539 14.595099968373246 89.8
      vertex -38.23424931806461 14.893742781780249 89.8
      vertex -38.254901117226034 14.835634188082645 89.8
    endloop
  endfacet
  facet normal 0 0 1
    outer loop
      vertex -38.209334655276756 14.96384592416199 89.8
      vertex -38.06923694906344 15.266662153587836 89.8
      vertex -38.17263034270981 15.067121961723236 89.8
    endloop
  endfacet
  facet normal 0 0 1
    outer loop
      vertex -38.062016683214026 15.28059663413921 89.8
      vertex -37.85329287789059 15.555168104459506 89.8
      vertex -38.059604928183674 15.285251110063783 89.8
    endloop
  endfacet
  facet normal 0 0 1
    outer loop
      vertex -38.059604928183674 15.285251110063783 89.8
      vertex -37.85329287789059 15.555168104459506 89.8
      vertex -37.91793032326795 15.485958299786896 89.8
    endloop
  endfacet
  facet normal 0 0 1
    outer loop
      vertex -37.80096264087561 15.611200106670204 89.8
      vertex -37.54146537859583 15.831619067976574 89.8
      vertex -37.75024565779357 15.665504735700624 89.8
    endloop
  endfacet
  facet normal 0 0 1
    outer loop
      vertex -37.75024565779357 15.665504735700624 89.8
      vertex -37.54146537859583 15.831619067976574 89.8
      vertex -37.55967457980675 15.820545807418798 89.8
    endloop
  endfacet
  facet normal 0 0 1
    outer loop
      vertex -37.501825284272684 15.855724743337644 89.8
      vertex -37.22605257412594 16.00193018101041 89.8
      vertex -37.34976706791607 15.948193393124276 89.8
    endloop
  endfacet
  facet normal 0 0 1
    outer loop
      vertex -37.16457357292703 16.028634279662597 89.8
      vertex -36.8387206834217 16.119106889087238 89.8
      vertex -37.12443330190777 16.046069659813877 89.8
    endloop
  endfacet
  facet normal 0 0 1
    outer loop
      vertex -37.12443330190777 16.046069659813877 89.8
      vertex -36.8387206834217 16.119106889087238 89.8
      vertex -36.88787082349474 16.11235135782818 89.8
    endloop
  endfacet
  facet normal 0 0 1
    outer loop
      vertex -36.76929012010436 16.128649900361005 89.8
      vertex -36.45290534286046 16.14580378454297 89.8
      vertex -36.6444863440564 16.14580378454297 89.8
    endloop
  endfacet
  facet normal 0 0 1
    outer loop
      vertex -35.918866698092216 16.046069659813877 89.8
      vertex -36.003290130921016 16.069723996366438 89.8
      vertex -35.68452887067931 15.94271790208782 89.8
    endloop
  endfacet
  facet normal 0 0 1
    outer loop
      vertex -35.918866698092216 16.046069659813877 89.8
      vertex -35.68452887067931 15.94271790208782 89.8
      vertex -35.69353293208392 15.948193393124276 89.8
    endloop
  endfacet
  facet normal 0 0 1
    outer loop
      vertex -36.414706586152626 16.14580378454297 89.8
      vertex -36.07754253272997 16.090528543674843 89.8
      vertex -36.398813655943584 16.14580378454297 89.8
    endloop
  endfacet
  facet normal 0 0 1
    outer loop
      vertex -36.398813655943584 16.14580378454297 89.8
      vertex -36.07754253272997 16.090528543674843 89.8
      vertex -36.15542917650525 16.11235135782818 89.8
    endloop
  endfacet
  facet normal 0 0 1
    outer loop
      vertex -34.75916689204588 14.00503787436324 89.8
      vertex -34.7384152971346 14.104900031626757 89.8
      vertex -34.72165 14.350000000000001 89.8
    endloop
  endfacet
  facet normal 0 0 1
    outer loop
      vertex -34.72165 14.350000000000001 89.8
      vertex -34.7384152971346 14.595099968373246 89.8
      vertex -34.75916689204588 14.694962125636764 89.8
    endloop
  endfacet
  facet normal 0 0 1
    outer loop
      vertex -34.788398882773954 14.835634188082645 89.8
      vertex -34.87066965729018 15.067121961723236 89.8
      vertex -34.77458296510768 14.769148342121062 89.8
    endloop
  endfacet
  facet normal 0 0 1
    outer loop
      vertex -34.77458296510768 14.769148342121062 89.8
      vertex -34.87066965729018 15.067121961723236 89.8
      vertex -34.88299981479685 15.09091808551637 89.8
    endloop
  endfacet
  facet normal 0 0 1
    outer loop
      vertex -35.10344521985287 15.45489842050197 89.8
      vertex -35.125369676732035 15.485958299786896 89.8
      vertex -35.29305434220642 15.665504735700624 89.8
    endloop
  endfacet
  facet normal 0 0 1
    outer loop
      vertex -35.10344521985287 15.45489842050197 89.8
      vertex -35.29305434220642 15.665504735700624 89.8
      vertex -35.33616562730031 15.700578367621663 89.8
    endloop
  endfacet
  facet normal 0 0 1
    outer loop
      vertex -34.90744275325643 15.13809081539738 89.8
      vertex -34.983695071816314 15.285251110063783 89.8
      vertex -35.06696039822828 15.403211203726755 89.8
    endloop
  endfacet
  facet normal 0 0 1
    outer loop
      vertex -35.39241921433576 15.746344055228102 89.8
      vertex -35.483625420193235 15.820545807418798 89.8
      vertex -35.66047545420719 15.928090695500597 89.8
    endloop
  endfacet
  facet normal 0.8543661194229821 0.05844024358286536 0.5163751271237702
    outer loop
      vertex -38.30488470286539 14.104900031626757 89.8
      vertex -38.30709351690636 14.137191749884915 89.8
      vertex -39.40956208791208 14.350000000000001 91.6
    endloop
  endfacet
  facet normal 0.8543661194229819 0.058440243582739464 0.5163751271237849
    outer loop
      vertex -38.30709351690636 14.137191749884915 89.8
      vertex -38.31109832287784 14.155385766836906 89.80456704366766
      vertex -39.40956208791208 14.350000000000001 91.6
    endloop
  endfacet
  facet normal 0.8543661194229819 0.05844024358276043 0.5163751271237826
    outer loop
      vertex -38.31109832287784 14.195739940774077 89.8
      vertex -39.40956208791208 14.350000000000001 91.6
      vertex -38.31109832287784 14.155385766836906 89.80456704366766
    endloop
  endfacet
  facet normal 0.8543661194229817 0.05844024358277918 0.5163751271237809
    outer loop
      vertex -38.31109832287784 14.195739940774077 89.8
      vertex -38.32164999999999 14.350000000000001 89.8
      vertex -39.40956208791208 14.350000000000001 91.6
    endloop
  endfacet
  facet normal 0.8543661194229822 -0.058440243582779224 0.51637512712378
    outer loop
      vertex -38.32164999999999 14.350000000000001 89.8
      vertex -38.31109832287784 14.504260059225926 89.8
      vertex -39.38266391888293 14.743237311895536 91.6
    endloop
  endfacet
  facet normal 0.8543661194229842 -0.058440243582759996 0.5163751271237786
    outer loop
      vertex -38.31109832287784 14.504260059225926 89.8
      vertex -38.31109832287784 14.544614233163097 89.80456704366766
      vertex -39.38266391888293 14.743237311895536 91.6
    endloop
  endfacet
  facet normal 0.8543661194229861 -0.058440243582742156 0.5163751271237776
    outer loop
      vertex -38.30709351690636 14.562808250115088 89.8
      vertex -39.38266391888293 14.743237311895536 91.6
      vertex -38.31109832287784 14.544614233163097 89.80456704366766
    endloop
  endfacet
  facet normal 0.8543661194229745 -0.05844024358286484 0.5163751271237832
    outer loop
      vertex -38.30709351690636 14.562808250115088 89.8
      vertex -38.30488470286539 14.595099968373246 89.8
      vertex -39.38266391888293 14.743237311895536 91.6
    endloop
  endfacet
  facet normal 0.838450895140912 -0.17423209958358532 0.5163751271237788
    outer loop
      vertex -38.30488470286539 14.595099968373246 89.8
      vertex -38.254901117226034 14.835634188082645 89.8
      vertex -39.30247047379122 15.129149356704023 91.6
    endloop
  endfacet
  facet normal 0.8069169170923898 -0.28677834122893026 0.516375127123777
    outer loop
      vertex -38.254901117226034 14.835634188082645 89.8
      vertex -38.23424931806461 14.893742781780249 89.8
      vertex -39.17047560478717 15.500547323204312 91.6
    endloop
  endfacet
  facet normal 0.806916917092341 -0.2867783412290443 0.5163751271237899
    outer loop
      vertex -38.23424931806461 14.893742781780249 89.8
      vertex -38.22742570812904 14.924742754244765 89.80655344188965
      vertex -39.17047560478717 15.500547323204312 91.6
    endloop
  endfacet
  facet normal 0.806916917092396 -0.28677834122891305 0.5163751271237766
    outer loop
      vertex -38.22742570812904 14.924742754244765 89.80655344188965
      vertex -38.209334655276756 14.96384592416199 89.8
      vertex -39.17047560478717 15.500547323204312 91.6
    endloop
  endfacet
  facet normal 0.8069169170923703 -0.28677834122897594 0.5163751271237818
    outer loop
      vertex -38.209334655276756 14.96384592416199 89.8
      vertex -38.17263034270981 15.067121961723236 89.8
      vertex -39.17047560478717 15.500547323204312 91.6
    endloop
  endfacet
  facet normal 0.7603516036238492 -0.3939824449826909 0.5163751271237819
    outer loop
      vertex -38.17263034270981 15.067121961723236 89.8
      vertex -38.06923694906344 15.266662153587836 89.8
      vertex -38.989138126536446 15.85051276999244 91.6
    endloop
  endfacet
  facet normal 0.7603516036241442 -0.3939824449821526 0.516375127123758
    outer loop
      vertex -38.06923694906344 15.266662153587836 89.8
      vertex -38.06399291710166 15.27799694291864 89.80092645806737
      vertex -38.989138126536446 15.85051276999244 91.6
    endloop
  endfacet
  facet normal 0.7603516036231722 -0.39398244498393886 0.5163751271238266
    outer loop
      vertex -38.06399291710166 15.27799694291864 89.80092645806737
      vertex -38.062016683214026 15.28059663413921 89.8
      vertex -38.989138126536446 15.85051276999244 91.6
    endloop
  endfacet
  facet normal 0.7603516036239127 -0.3939824449825755 0.5163751271237764
    outer loop
      vertex -38.062016683214026 15.28059663413921 89.8
      vertex -38.059604928183674 15.285251110063783 89.8
      vertex -38.989138126536446 15.85051276999244 91.6
    endloop
  endfacet
  facet normal 0.6996223784203045 -0.4938474012297897 0.5163751271237795
    outer loop
      vertex -38.059604928183674 15.285251110063783 89.8
      vertex -37.91793032326795 15.485958299786896 89.8
      vertex -38.761836013155175 16.1725265029548 91.6
    endloop
  endfacet
  facet normal 0.6258605120431427 -0.5845129147871702 0.5163751271237815
    outer loop
      vertex -37.91793032326795 15.485958299786896 89.8
      vertex -37.85329287789059 15.555168104459506 89.8
      vertex -38.492803472943535 16.46059001551968 91.6
    endloop
  endfacet
  facet normal 0.6258605120432165 -0.5845129147870994 0.5163751271237722
    outer loop
      vertex -37.85329287789059 15.555168104459506 89.8
      vertex -37.82844188546163 15.587859025936163 89.80688455110692
      vertex -38.492803472943535 16.46059001551968 91.6
    endloop
  endfacet
  facet normal 0.6258605120431198 -0.584512914787194 0.5163751271237824
    outer loop
      vertex -37.82844188546163 15.587859025936163 89.80688455110692
      vertex -37.80096264087561 15.611200106670204 89.8
      vertex -38.492803472943535 16.46059001551968 91.6
    endloop
  endfacet
  facet normal 0.6258605120431255 -0.5845129147871884 0.5163751271237819
    outer loop
      vertex -37.80096264087561 15.611200106670204 89.8
      vertex -37.75024565779357 15.665504735700624 89.8
      vertex -38.492803472943535 16.46059001551968 91.6
    endloop
  endfacet
  facet normal 0.5404400485002074 -0.6642900586829467 0.5163751271237809
    outer loop
      vertex -37.75024565779357 15.665504735700624 89.8
      vertex -37.55967457980675 15.820545807418798 89.8
      vertex -38.18705207309655 16.709337229485104 91.6
    endloop
  endfacet
  facet normal 0.4449522094056136 -0.731692735670495 0.5163751271237705
    outer loop
      vertex -37.55967457980675 15.820545807418798 89.8
      vertex -37.54146537859583 15.831619067976574 89.8
      vertex -37.85027738368952 16.914134454902683 91.6
    endloop
  endfacet
  facet normal 0.44495220940532726 -0.7316927356706415 0.5163751271238096
    outer loop
      vertex -37.54146537859583 15.831619067976574 89.8
      vertex -37.53178671765228 15.839840196682404 89.80330921938798
      vertex -37.85027738368952 16.914134454902683 91.6
    endloop
  endfacet
  facet normal 0.44495220940559577 -0.7316927356705031 0.5163751271237743
    outer loop
      vertex -37.501825284272684 15.855724743337644 89.8
      vertex -37.85027738368952 16.914134454902683 91.6
      vertex -37.53178671765228 15.839840196682404 89.80330921938798
    endloop
  endfacet
  facet normal 0.44495220940553865 -0.7316927356705332 0.516375127123781
    outer loop
      vertex -37.501825284272684 15.855724743337644 89.8
      vertex -37.34976706791607 15.948193393124276 89.8
      vertex -37.85027738368952 16.914134454902683 91.6
    endloop
  endfacet
  facet normal 0.34117575253156407 -0.7854653614083946 0.516375127123781
    outer loop
      vertex -37.34976706791607 15.948193393124276 89.8
      vertex -37.22605257412594 16.00193018101041 89.8
      vertex -37.4887528799839 17.071166706954134 91.6
    endloop
  endfacet
  facet normal 0.34117575253159893 -0.7854653614083813 0.5163751271237782
    outer loop
      vertex -37.22605257412594 16.00193018101041 89.8
      vertex -37.18789867961184 16.022158095670225 89.80556018769134
      vertex -37.4887528799839 17.071166706954134 91.6
    endloop
  endfacet
  facet normal 0.3411757525314751 -0.78546536140843 0.516375127123786
    outer loop
      vertex -37.18789867961184 16.022158095670225 89.80556018769134
      vertex -37.16457357292703 16.028634279662597 89.8
      vertex -37.4887528799839 17.071166706954134 91.6
    endloop
  endfacet
  facet normal 0.3411757525315759 -0.7854653614083896 0.5163751271237808
    outer loop
      vertex -37.16457357292703 16.028634279662597 89.8
      vertex -37.12443330190777 16.046069659813877 89.8
      vertex -37.4887528799839 17.071166706954134 91.6
    endloop
  endfacet
  facet normal 0.23104383691723357 -0.8246062536207576 0.5163751271237815
    outer loop
      vertex -37.12443330190777 16.046069659813877 89.8
      vertex -36.88787082349474 16.11235135782818 89.8
      vertex -37.1092130794531 17.17750877190016 91.6
    endloop
  endfacet
  facet normal 0.11660801177285644 -0.8483862915431145 0.5163751271237826
    outer loop
      vertex -36.88787082349474 16.11235135782818 89.8
      vertex -36.8387206834217 16.119106889087238 89.8
      vertex -36.718728090464126 17.231179698277735 91.6
    endloop
  endfacet
  facet normal 0.11660801177292615 -0.8483862915431096 0.516375127123775
    outer loop
      vertex -36.8387206834217 16.119106889087238 89.8
      vertex -36.81285759379497 16.12628774057475 89.8059574761493
      vertex -36.718728090464126 17.231179698277735 91.6
    endloop
  endfacet
  facet normal 0.1166080117728633 -0.8483862915431141 0.5163751271237819
    outer loop
      vertex -36.76929012010436 16.128649900361005 89.8
      vertex -36.6444863440564 16.14580378454297 89.8
      vertex -36.718728090464126 17.231179698277735 91.6
    endloop
  endfacet
  facet normal 0.11660801177282949 -0.8483862915431172 0.5163751271237846
    outer loop
      vertex -36.76929012010436 16.128649900361005 89.8
      vertex -36.718728090464126 17.231179698277735 91.6
      vertex -36.81285759379497 16.12628774057475 89.8059574761493
    endloop
  endfacet
  facet normal 0 -0.8563624980625311 0.5163751271237818
    outer loop
      vertex -36.6444863440564 16.14580378454297 89.8
      vertex -36.45290534286046 16.14580378454297 89.8
      vertex -36.32457190953586 17.231179698277735 91.6
    endloop
  endfacet
  facet normal -2.5543647616263024e-14 -0.8563624980625302 0.516375127123783
    outer loop
      vertex -36.45290534286046 16.14580378454297 89.8
      vertex -36.42419996454624 16.147360144932023 89.80258108611481
      vertex -36.32457190953586 17.231179698277735 91.6
    endloop
  endfacet
  facet normal 7.570311456393167e-14 -0.8563624980625326 0.516375127123779
    outer loop
      vertex -36.414706586152626 16.14580378454297 89.8
      vertex -36.32457190953586 17.231179698277735 91.6
      vertex -36.42419996454624 16.147360144932023 89.80258108611481
    endloop
  endfacet
  facet normal 0 -0.856362498062531 0.5163751271237818
    outer loop
      vertex -36.414706586152626 16.14580378454297 89.8
      vertex -36.398813655943584 16.14580378454297 89.8
      vertex -36.32457190953586 17.231179698277735 91.6
    endloop
  endfacet
  facet normal -0.11660801177286245 -0.8483862915431146 0.5163751271237813
    outer loop
      vertex -36.398813655943584 16.14580378454297 89.8
      vertex -36.15542917650525 16.11235135782818 89.8
      vertex -35.93408692054689 17.17750877190016 91.6
    endloop
  endfacet
  facet normal -0.23104383691723757 -0.8246062536207563 0.5163751271237816
    outer loop
      vertex -36.15542917650525 16.11235135782818 89.8
      vertex -36.07754253272997 16.090528543674843 89.8
      vertex -35.55454712001609 17.071166706954134 91.6
    endloop
  endfacet
  facet normal -0.2310438369172479 -0.8246062536207536 0.5163751271237816
    outer loop
      vertex -35.918866698092216 16.046069659813877 89.8
      vertex -35.55454712001609 17.071166706954134 91.6
      vertex -36.003290130921016 16.069723996366438 89.8
    endloop
  endfacet
  facet normal -0.23104383691733418 -0.8246062536207257 0.5163751271237876
    outer loop
      vertex -36.003290130921016 16.069723996366438 89.8
      vertex -35.55454712001609 17.071166706954134 91.6
      vertex -36.040098990647394 16.084389986534603 89.80695077441949
    endloop
  endfacet
  facet normal -0.23104383691708266 -0.8246062536208097 0.5163751271237658
    outer loop
      vertex -36.07754253272997 16.090528543674843 89.8
      vertex -36.040098990647394 16.084389986534603 89.80695077441949
      vertex -35.55454712001609 17.071166706954134 91.6
    endloop
  endfacet
  facet normal -0.8069169170923771 -0.2867783412289621 0.5163751271237791
    outer loop
      vertex -34.788398882773954 14.835634188082645 89.8
      vertex -33.74082952620877 15.129149356704023 91.6
      vertex -34.87066965729018 15.067121961723236 89.8
    endloop
  endfacet
  facet normal -0.8543661194229815 0.058440243582784525 0.5163751271237806
    outer loop
      vertex -34.7384152971346 14.104900031626757 89.8
      vertex -33.660636081117055 13.956762688104467 91.6
      vertex -34.72165 14.350000000000001 89.8
    endloop
  endfacet
  facet normal -0.8543661194229815 -0.058440243582784525 0.5163751271237806
    outer loop
      vertex -34.72165 14.350000000000001 89.8
      vertex -33.63373791208791 14.350000000000001 91.6
      vertex -34.7384152971346 14.595099968373246 89.8
    endloop
  endfacet
  facet normal -0.8384508951409165 -0.17423209958355537 0.5163751271237819
    outer loop
      vertex -34.7384152971346 14.595099968373246 89.8
      vertex -33.660636081117055 14.743237311895536 91.6
      vertex -34.75916689204588 14.694962125636764 89.8
    endloop
  endfacet
  facet normal -0.8384508951408943 -0.17423209958369126 0.5163751271237721
    outer loop
      vertex -34.75916689204588 14.694962125636764 89.8
      vertex -33.660636081117055 14.743237311895536 91.6
      vertex -34.76373299972184 14.736946792379845 89.8067521059509
    endloop
  endfacet
  facet normal -0.8384508951409202 -0.17423209958352118 0.5163751271237873
    outer loop
      vertex -34.77458296510768 14.769148342121062 89.8
      vertex -34.76373299972184 14.736946792379845 89.8067521059509
      vertex -33.660636081117055 14.743237311895536 91.6
    endloop
  endfacet
  facet normal -0.8384508951409098 -0.17423209958359395 0.51637512712378
    outer loop
      vertex -34.788398882773954 14.835634188082645 89.8
      vertex -34.77458296510768 14.769148342121062 89.8
      vertex -33.660636081117055 14.743237311895536 91.6
    endloop
  endfacet
  facet normal -0.760351603624044 -0.39398244498229246 0.5163751271237991
    outer loop
      vertex -34.88299981479685 15.09091808551637 89.8
      vertex -33.87282439521282 15.500547323204312 91.6
      vertex -34.88801424459227 15.105800382808479 89.80397121013421
    endloop
  endfacet
  facet normal -0.7603516036238486 -0.3939824449826935 0.5163751271237808
    outer loop
      vertex -34.87066965729018 15.067121961723236 89.8
      vertex -33.87282439521282 15.500547323204312 91.6
      vertex -34.88299981479685 15.09091808551637 89.8
    endloop
  endfacet
  facet normal -0.760351603623807 -0.3939824449827835 0.5163751271237732
    outer loop
      vertex -34.90744275325643 15.13809081539738 89.8
      vertex -34.88801424459227 15.105800382808479 89.80397121013421
      vertex -33.87282439521282 15.500547323204312 91.6
    endloop
  endfacet
  facet normal -0.7603516036238518 -0.3939824449826884 0.5163751271237798
    outer loop
      vertex -34.90744275325643 15.13809081539738 89.8
      vertex -33.87282439521282 15.500547323204312 91.6
      vertex -34.983695071816314 15.285251110063783 89.8
    endloop
  endfacet
  facet normal -0.6996223784202933 -0.4938474012298056 0.5163751271237795
    outer loop
      vertex -34.983695071816314 15.285251110063783 89.8
      vertex -34.05416187346354 15.85051276999244 91.6
      vertex -35.06696039822828 15.403211203726755 89.8
    endloop
  endfacet
  facet normal -0.699622378420365 -0.4938474012296912 0.5163751271237916
    outer loop
      vertex -35.06696039822828 15.403211203726755 89.8
      vertex -34.05416187346354 15.85051276999244 91.6
      vertex -35.08868248172983 15.439313587348778 89.80509670677012
    endloop
  endfacet
  facet normal -0.6996223784202755 -0.49384740122983695 0.5163751271237733
    outer loop
      vertex -35.10344521985287 15.45489842050197 89.8
      vertex -35.08868248172983 15.439313587348778 89.80509670677012
      vertex -34.05416187346354 15.85051276999244 91.6
    endloop
  endfacet
  facet normal -0.6996223784202908 -0.4938474012298117 0.5163751271237768
    outer loop
      vertex -35.10344521985287 15.45489842050197 89.8
      vertex -34.05416187346354 15.85051276999244 91.6
      vertex -35.125369676732035 15.485958299786896 89.8
    endloop
  endfacet
  facet normal -0.5404400485002154 -0.664290058682939 0.5163751271237821
    outer loop
      vertex -35.39241921433576 15.746344055228102 89.8
      vertex -34.55049652705645 16.46059001551968 91.6
      vertex -35.483625420193235 15.820545807418798 89.8
    endloop
  endfacet
  facet normal -0.34117575253156346 -0.785465361408395 0.5163751271237808
    outer loop
      vertex -35.918866698092216 16.046069659813877 89.8
      vertex -35.69353293208392 15.948193393124276 89.8
      vertex -35.193022616310465 16.914134454902683 91.6
    endloop
  endfacet
  facet normal -0.44495220940550917 -0.7316927356705542 0.5163751271237768
    outer loop
      vertex -35.66047545420719 15.928090695500597 89.8
      vertex -34.856247926903436 16.709337229485104 91.6
      vertex -35.678514806740374 15.940321680002842 89.80178682646789
    endloop
  endfacet
  facet normal -0.4449522094055389 -0.731692735670533 0.5163751271237809
    outer loop
      vertex -35.483625420193235 15.820545807418798 89.8
      vertex -34.856247926903436 16.709337229485104 91.6
      vertex -35.66047545420719 15.928090695500597 89.8
    endloop
  endfacet
  facet normal -0.444952209405813 -0.7316927356703369 0.5163751271238228
    outer loop
      vertex -35.68452887067931 15.94271790208782 89.8
      vertex -35.678514806740374 15.940321680002842 89.80178682646789
      vertex -34.856247926903436 16.709337229485104 91.6
    endloop
  endfacet
  facet normal -0.44495220940552743 -0.7316927356705416 0.5163751271237786
    outer loop
      vertex -35.68452887067931 15.94271790208782 89.8
      vertex -34.856247926903436 16.709337229485104 91.6
      vertex -35.69353293208392 15.948193393124276 89.8
    endloop
  endfacet
  facet normal -0.6258605120431466 -0.5845129147871682 0.5163751271237794
    outer loop
      vertex -35.125369676732035 15.485958299786896 89.8
      vertex -34.28146398684481 16.1725265029548 91.6
      vertex -35.29305434220642 15.665504735700624 89.8
    endloop
  endfacet
  facet normal -0.5404400485002221 -0.6642900586829344 0.5163751271237812
    outer loop
      vertex -35.29305434220642 15.665504735700624 89.8
      vertex -34.55049652705645 16.46059001551968 91.6
      vertex -35.33616562730031 15.700578367621663 89.8
    endloop
  endfacet
  facet normal -0.5404400485002935 -0.6642900586828724 0.5163751271237863
    outer loop
      vertex -35.33616562730031 15.700578367621663 89.8
      vertex -34.55049652705645 16.46059001551968 91.6
      vertex -35.3563546873927 15.721891699229747 89.80628856333038
    endloop
  endfacet
  facet normal -0.5404400485001076 -0.6642900586830361 0.5163751271237701
    outer loop
      vertex -35.39241921433576 15.746344055228102 89.8
      vertex -35.3563546873927 15.721891699229747 89.80628856333038
      vertex -34.55049652705645 16.46059001551968 91.6
    endloop
  endfacet
  facet normal 0.6258605120431544 0.5845129147871583 0.516375127123781
    outer loop
      vertex -37.75024565779357 13.034495264299379 89.8
      vertex -38.761836013155175 12.527473497045204 91.6
      vertex -38.492803472943535 12.23940998448032 91.6
    endloop
  endfacet
  facet normal 0.6996223784203022 0.49384740122979287 0.5163751271237796
    outer loop
      vertex -37.91793032326795 13.214041700213107 89.8
      vertex -38.989138126536446 12.849487230007563 91.6
      vertex -38.761836013155175 12.527473497045204 91.6
    endloop
  endfacet
  facet normal 0.7603516036238529 0.39398244498268603 0.5163751271237801
    outer loop
      vertex -38.059604928183674 13.41474888993622 89.8
      vertex -39.17047560478717 13.19945267679569 91.6
      vertex -38.989138126536446 12.849487230007563 91.6
    endloop
  endfacet
  facet normal 0.8384508951409091 0.17423209958359887 0.5163751271237792
    outer loop
      vertex -38.254901117226034 13.864365811917358 89.8
      vertex -39.38266391888293 13.956762688104467 91.6
      vertex -39.30247047379122 13.57085064329598 91.6
    endloop
  endfacet
  facet normal 0.8069169170923807 0.2867783412289483 0.516375127123781
    outer loop
      vertex -38.17263034270981 13.632878038276766 89.8
      vertex -39.30247047379122 13.57085064329598 91.6
      vertex -39.17047560478717 13.19945267679569 91.6
    endloop
  endfacet
  facet normal 0.44495220940554725 0.7316927356705277 0.5163751271237812
    outer loop
      vertex -37.34976706791607 12.751806606875727 89.8
      vertex -38.18705207309655 11.9906627705149 91.6
      vertex -37.85027738368952 11.785865545097318 91.6
    endloop
  endfacet
  facet normal 0.23104383691723607 0.8246062536207573 0.516375127123781
    outer loop
      vertex -36.88787082349474 12.587648642171821 89.8
      vertex -37.4887528799839 11.62883329304587 91.6
      vertex -37.1092130794531 11.522491228099843 91.6
    endloop
  endfacet
  facet normal 0.34117575253155863 0.7854653614083972 0.5163751271237806
    outer loop
      vertex -37.12443330190777 12.653930340186125 89.8
      vertex -37.85027738368952 11.785865545097318 91.6
      vertex -37.4887528799839 11.62883329304587 91.6
    endloop
  endfacet
  facet normal 0.540440048500204 0.6642900586829497 0.5163751271237805
    outer loop
      vertex -37.55967457980675 12.879454192581205 89.8
      vertex -38.492803472943535 12.23940998448032 91.6
      vertex -38.18705207309655 11.9906627705149 91.6
    endloop
  endfacet
  facet normal 0.11660801177286584 0.8483862915431146 0.5163751271237805
    outer loop
      vertex -36.6444863440564 12.554196215457031 89.8
      vertex -37.1092130794531 11.522491228099843 91.6
      vertex -36.718728090464126 11.46882030172227 91.6
    endloop
  endfacet
  facet normal -8.233067875971641e-17 0.8563624980625316 0.5163751271237804
    outer loop
      vertex -36.398813655943584 12.554196215457031 89.8
      vertex -36.718728090464126 11.46882030172227 91.6
      vertex -36.32457190953586 11.46882030172227 91.6
    endloop
  endfacet
  facet normal -0.11660801177286599 0.8483862915431144 0.5163751271237809
    outer loop
      vertex -36.15542917650525 12.587648642171821 89.8
      vertex -36.32457190953586 11.46882030172227 91.6
      vertex -35.93408692054689 11.522491228099843 91.6
    endloop
  endfacet
  facet normal -0.23104383691723626 0.8246062536207575 0.5163751271237806
    outer loop
      vertex -35.918866698092216 12.653930340186125 89.8
      vertex -35.93408692054689 11.522491228099843 91.6
      vertex -35.55454712001609 11.62883329304587 91.6
    endloop
  endfacet
  facet normal -0.3411757525315646 0.7854653614083951 0.5163751271237798
    outer loop
      vertex -35.69353293208392 12.751806606875725 89.8
      vertex -35.55454712001609 11.62883329304587 91.6
      vertex -35.19302261631047 11.785865545097318 91.6
    endloop
  endfacet
  facet normal -0.44495220940554064 0.7316927356705324 0.5163751271237804
    outer loop
      vertex -35.483625420193235 12.879454192581205 89.8
      vertex -35.19302261631047 11.785865545097318 91.6
      vertex -34.856247926903436 11.9906627705149 91.6
    endloop
  endfacet
  facet normal -0.5404400485002037 0.6642900586829494 0.516375127123781
    outer loop
      vertex -35.29305434220642 13.034495264299379 89.8
      vertex -34.856247926903436 11.9906627705149 91.6
      vertex -34.55049652705645 12.23940998448032 91.6
    endloop
  endfacet
  facet normal -0.6258605120431548 0.5845129147871587 0.5163751271237796
    outer loop
      vertex -35.125369676732035 13.214041700213107 89.8
      vertex -34.55049652705645 12.23940998448032 91.6
      vertex -34.28146398684481 12.527473497045204 91.6
    endloop
  endfacet
  facet normal -0.6996223784203033 0.4938474012297908 0.5163751271237802
    outer loop
      vertex -34.983695071816314 13.414748889936222 89.8
      vertex -34.28146398684481 12.527473497045204 91.6
      vertex -34.05416187346354 12.849487230007565 91.6
    endloop
  endfacet
  facet normal -0.7603516036238523 0.39398244498268575 0.5163751271237811
    outer loop
      vertex -34.87066965729018 13.632878038276768 89.8
      vertex -34.05416187346354 12.849487230007565 91.6
      vertex -33.87282439521282 13.199452676795692 91.6
    endloop
  endfacet
  facet normal -0.806916917092381 0.28677834122894996 0.5163751271237794
    outer loop
      vertex -34.788398882773954 13.864365811917358 89.8
      vertex -33.87282439521282 13.199452676795692 91.6
      vertex -33.74082952620877 13.57085064329598 91.6
    endloop
  endfacet
  facet normal -0.8384508951409083 0.17423209958359867 0.5163751271237806
    outer loop
      vertex -34.7384152971346 14.104900031626757 89.8
      vertex -33.74082952620877 13.57085064329598 91.6
      vertex -33.660636081117055 13.956762688104467 91.6
    endloop
  endfacet
  facet normal 0.8543661194229815 0.05844024358278455 0.5163751271237806
    outer loop
      vertex -38.30488470286539 14.104900031626757 89.8
      vertex -39.40956208791208 14.350000000000001 91.6
      vertex -39.38266391888293 13.956762688104467 91.6
    endloop
  endfacet
  facet normal 0.8543661194229815 -0.05844024358278441 0.5163751271237806
    outer loop
      vertex -38.32164999999999 14.350000000000001 89.8
      vertex -39.38266391888293 14.743237311895536 91.6
      vertex -39.40956208791208 14.350000000000001 91.6
    endloop
  endfacet
  facet normal 0.8384508951409083 -0.17423209958359867 0.5163751271237806
    outer loop
      vertex -38.30488470286539 14.595099968373246 89.8
      vertex -39.30247047379122 15.129149356704023 91.6
      vertex -39.38266391888293 14.743237311895536 91.6
    endloop
  endfacet
  facet normal 0.8069169170923813 -0.2867783412289487 0.5163751271237794
    outer loop
      vertex -38.254901117226034 14.835634188082645 89.8
      vertex -39.17047560478717 15.500547323204312 91.6
      vertex -39.30247047379122 15.129149356704023 91.6
    endloop
  endfacet
  facet normal 0.7603516036238523 -0.39398244498268575 0.5163751271237811
    outer loop
      vertex -38.17263034270981 15.067121961723236 89.8
      vertex -38.989138126536446 15.85051276999244 91.6
      vertex -39.17047560478717 15.500547323204312 91.6
    endloop
  endfacet
  facet normal 0.6996223784203021 -0.49384740122979265 0.5163751271237801
    outer loop
      vertex -38.059604928183674 15.285251110063783 89.8
      vertex -38.761836013155175 16.1725265029548 91.6
      vertex -38.989138126536446 15.85051276999244 91.6
    endloop
  endfacet
  facet normal 0.6258605120431532 -0.5845129147871607 0.5163751271237796
    outer loop
      vertex -37.91793032326795 15.485958299786896 89.8
      vertex -38.492803472943535 16.46059001551968 91.6
      vertex -38.761836013155175 16.1725265029548 91.6
    endloop
  endfacet
  facet normal 0.5404400485002087 -0.6642900586829458 0.5163751271237806
    outer loop
      vertex -37.75024565779357 15.665504735700624 89.8
      vertex -38.18705207309655 16.709337229485104 91.6
      vertex -38.492803472943535 16.46059001551968 91.6
    endloop
  endfacet
  facet normal 0.4449522094055417 -0.7316927356705313 0.516375127123781
    outer loop
      vertex -37.55967457980675 15.820545807418798 89.8
      vertex -37.85027738368952 16.914134454902683 91.6
      vertex -38.18705207309655 16.709337229485104 91.6
    endloop
  endfacet
  facet normal 0.3411757525315653 -0.7854653614083941 0.5163751271237809
    outer loop
      vertex -37.34976706791607 15.948193393124276 89.8
      vertex -37.4887528799839 17.071166706954134 91.6
      vertex -37.85027738368952 16.914134454902683 91.6
    endloop
  endfacet
  facet normal 0.231043836917236 -0.8246062536207571 0.5163751271237812
    outer loop
      vertex -37.12443330190777 16.046069659813877 89.8
      vertex -37.1092130794531 17.17750877190016 91.6
      vertex -37.4887528799839 17.071166706954134 91.6
    endloop
  endfacet
  facet normal 0.1166080117728658 -0.8483862915431141 0.5163751271237815
    outer loop
      vertex -36.88787082349474 16.11235135782818 89.8
      vertex -36.718728090464126 17.231179698277735 91.6
      vertex -37.1092130794531 17.17750877190016 91.6
    endloop
  endfacet
  facet normal 2.8727935663443635e-17 -0.856362498062531 0.5163751271237818
    outer loop
      vertex -36.6444863440564 16.14580378454297 89.8
      vertex -36.32457190953586 17.231179698277735 91.6
      vertex -36.718728090464126 17.231179698277735 91.6
    endloop
  endfacet
  facet normal -0.11660801177286578 -0.8483862915431138 0.5163751271237818
    outer loop
      vertex -36.398813655943584 16.14580378454297 89.8
      vertex -35.93408692054689 17.17750877190016 91.6
      vertex -36.32457190953586 17.231179698277735 91.6
    endloop
  endfacet
  facet normal -0.23104383691723607 -0.8246062536207569 0.5163751271237814
    outer loop
      vertex -36.15542917650525 16.11235135782818 89.8
      vertex -35.55454712001609 17.071166706954134 91.6
      vertex -35.93408692054689 17.17750877190016 91.6
    endloop
  endfacet
  facet normal -0.8543661194229815 0.05844024358278441 0.5163751271237806
    outer loop
      vertex -34.72165 14.350000000000001 89.8
      vertex -33.660636081117055 13.956762688104467 91.6
      vertex -33.63373791208791 14.350000000000001 91.6
    endloop
  endfacet
  facet normal -0.8543661194229815 -0.05844024358278455 0.5163751271237806
    outer loop
      vertex -34.7384152971346 14.595099968373246 89.8
      vertex -33.63373791208791 14.350000000000001 91.6
      vertex -33.660636081117055 14.743237311895536 91.6
    endloop
  endfacet
  facet normal -0.8384508951409091 -0.17423209958359887 0.5163751271237792
    outer loop
      vertex -34.788398882773954 14.835634188082645 89.8
      vertex -33.660636081117055 14.743237311895536 91.6
      vertex -33.74082952620877 15.129149356704023 91.6
    endloop
  endfacet
  facet normal -0.6996223784203022 -0.49384740122979287 0.5163751271237796
    outer loop
      vertex -35.125369676732035 15.485958299786896 89.8
      vertex -34.05416187346354 15.85051276999244 91.6
      vertex -34.28146398684481 16.1725265029548 91.6
    endloop
  endfacet
  facet normal -0.5404400485002083 -0.6642900586829457 0.5163751271237809
    outer loop
      vertex -35.483625420193235 15.820545807418798 89.8
      vertex -34.55049652705645 16.46059001551968 91.6
      vertex -34.856247926903436 16.709337229485104 91.6
    endloop
  endfacet
  facet normal -0.6258605120431526 -0.5845129147871604 0.5163751271237808
    outer loop
      vertex -35.29305434220642 15.665504735700624 89.8
      vertex -34.28146398684481 16.1725265029548 91.6
      vertex -34.55049652705645 16.46059001551968 91.6
    endloop
  endfacet
  facet normal -0.8069169170923807 -0.2867783412289483 0.516375127123781
    outer loop
      vertex -34.87066965729018 15.067121961723236 89.8
      vertex -33.74082952620877 15.129149356704023 91.6
      vertex -33.87282439521282 15.500547323204312 91.6
    endloop
  endfacet
  facet normal -0.7603516036238529 -0.39398244498268603 0.5163751271237801
    outer loop
      vertex -34.983695071816314 15.285251110063783 89.8
      vertex -33.87282439521282 15.500547323204312 91.6
      vertex -34.05416187346354 15.85051276999244 91.6
    endloop
  endfacet
  facet normal -0.44495220940554164 -0.7316927356705314 0.516375127123781
    outer loop
      vertex -35.69353293208392 15.948193393124276 89.8
      vertex -34.856247926903436 16.709337229485104 91.6
      vertex -35.193022616310465 16.914134454902683 91.6
    endloop
  endfacet
  facet normal -0.3411757525315652 -0.7854653614083942 0.516375127123781
    outer loop
      vertex -35.918866698092216 16.046069659813877 89.8
      vertex -35.193022616310465 16.914134454902683 91.6
      vertex -35.55454712001609 17.071166706954134 91.6
    endloop
  endfacet
  facet normal 0.46840844069979065 0.8835120444460227 -5.147626268240042e-17
    outer loop
      vertex 35.51151328234771 -15.839840196682404 88.6
      vertex 35.541474715727304 -15.855724743337642 89.8
      vertex 35.85540132038815 -16.022158095670225 88.6
    endloop
  endfacet
  facet normal 0.7960930657056393 0.6051742151937709 -1.9982043231244864e-15
    outer loop
      vertex 34.97930708289833 -15.27799694291864 88.6
      vertex 34.98128331678596 -15.28059663413921 89.8
      vertex 35.21485811453836 -15.587859025936163 88.6
    endloop
  endfacet
  facet normal 0.6473862847818265 0.7621620551276375 2.063319505050331e-15
    outer loop
      vertex 35.51151328234771 -15.839840196682404 88.6
      vertex 35.21485811453836 -15.587859025936163 88.6
      vertex 35.24233735912438 -15.611200106670204 89.8
    endloop
  endfacet
  facet normal 0.9075754196709588 0.4198891015602609 5.913786772008611e-16
    outer loop
      vertex 34.97930708289833 -15.27799694291864 88.6
      vertex 34.81587429187095 -14.924742754244765 88.6
      vertex 34.83396534472323 -14.96384592416199 89.8
    endloop
  endfacet
  facet normal 0.9766205557100884 0.21497044021101613 1.6085318785186005e-15
    outer loop
      vertex 34.81587429187095 -14.924742754244765 88.6
      vertex 34.73220167712215 -14.544614233163097 88.6
      vertex 34.736206483093625 -14.562808250115088 89.8
    endloop
  endfacet
  facet normal 1 0 0
    outer loop
      vertex 34.73220167712215 -14.544614233163097 88.6
      vertex 34.73220167712215 -14.155385766836906 88.6
      vertex 34.73220167712215 -14.195739940774077 89.8
    endloop
  endfacet
  facet normal 0.26752833852922736 0.9635499925192211 -3.2792943541302236e-17
    outer loop
      vertex 36.230442406205015 -16.12628774057475 88.6
      vertex 35.85540132038815 -16.022158095670225 88.6
      vertex 35.878726427072955 -16.028634279662597 89.8
    endloop
  endfacet
  facet normal 0.054138908585409914 0.9985334138511243 -1.9361425963298056e-15
    outer loop
      vertex 36.230442406205015 -16.12628774057475 88.6
      vertex 36.27400987989563 -16.128649900361005 89.8
      vertex 36.61910003545375 -16.147360144932023 88.6
    endloop
  endfacet
  facet normal -0.16178199655275957 0.986826522541527 -4.445876992989244e-16
    outer loop
      vertex 36.61910003545375 -16.147360144932023 88.6
      vertex 36.62859341384736 -16.14580378454297 89.8
      vertex 37.003201009352594 -16.084389986534603 88.6
    endloop
  endfacet
  facet normal -0.37013815533992 0.9289767198167891 3.1363506836834376e-18
    outer loop
      vertex 37.003201009352594 -16.084389986534603 88.6
      vertex 37.04000986907897 -16.069723996366438 89.8
      vertex 37.364785193259614 -15.940321680002842 88.6
    endloop
  endfacet
  facet normal -0.5611870653623767 0.8276889981568943 7.200586054770378e-17
    outer loop
      vertex 37.364785193259614 -15.940321680002842 88.6
      vertex 37.3828245457928 -15.928090695500597 89.8
      vertex 37.686945312607286 -15.721891699229747 88.6
    endloop
  endfacet
  facet normal -0.725995491923132 0.6876994588534222 -2.22954737197196e-15
    outer loop
      vertex 37.686945312607286 -15.721891699229747 88.6
      vertex 37.70713437269968 -15.700578367621661 89.8
      vertex 37.954617518270155 -15.439313587348778 88.6
    endloop
  endfacet
  facet normal -0.8568571761675889 0.5155538571770223 -2.3024821730954956e-15
    outer loop
      vertex 37.954617518270155 -15.439313587348778 88.6
      vertex 37.976339601771706 -15.403211203726755 89.8
      vertex 38.15528575540772 -15.105800382808479 88.6
    endloop
  endfacet
  facet normal -0.9476531711828042 0.31930153013597484 -2.5503099130515887e-15
    outer loop
      vertex 38.15528575540772 -15.105800382808479 88.6
      vertex 38.16030018520314 -15.090918085516368 89.8
      vertex 38.27956700027815 -14.736946792379845 88.6
    endloop
  endfacet
  facet normal -0.9941379571543603 0.10811901842393654 2.885940296152519e-15
    outer loop
      vertex 38.27956700027815 -14.736946792379845 88.6
      vertex 38.284133107954105 -14.694962125636764 89.8
      vertex 38.32164999999999 -14.350000000000001 88.6
    endloop
  endfacet
  facet normal -0.9941379571543603 -0.10811901842393654 0
    outer loop
      vertex 38.32164999999999 -14.350000000000001 88.6
      vertex 38.32164999999999 -14.350000000000001 89.8
      vertex 38.27956700027815 -13.963053207620158 88.6
    endloop
  endfacet
  facet normal 0.6473862847818272 0.7621620551276368 2.4286982297836913e-15
    outer loop
      vertex 35.51151328234771 -15.839840196682404 88.6
      vertex 35.24233735912438 -15.611200106670204 89.8
      vertex 35.50183462140416 -15.831619067976574 89.8
    endloop
  endfacet
  facet normal 0.4684084406997934 0.8835120444460212 9.102443177502267e-16
    outer loop
      vertex 35.85540132038815 -16.022158095670225 88.6
      vertex 35.541474715727304 -15.855724743337642 89.8
      vertex 35.81724742587405 -16.00193018101041 89.8
    endloop
  endfacet
  facet normal 0.46840844069978893 0.8835120444460235 0
    outer loop
      vertex 35.51151328234771 -15.839840196682404 88.6
      vertex 35.51151328234771 -15.839840196682404 89.80330921938798
      vertex 35.541474715727304 -15.855724743337642 89.8
    endloop
  endfacet
  facet normal 0.6473862847816524 0.7621620551277852 0
    outer loop
      vertex 35.51151328234771 -15.839840196682404 88.6
      vertex 35.50183462140416 -15.831619067976574 89.8
      vertex 35.51151328234771 -15.839840196682404 89.80330921938798
    endloop
  endfacet
  facet normal 0.7960930657051949 0.6051742151943555 0
    outer loop
      vertex 34.97930708289833 -15.27799694291864 88.6
      vertex 34.97930708289833 -15.27799694291864 89.80092645806737
      vertex 34.98128331678596 -15.28059663413921 89.8
    endloop
  endfacet
  facet normal 0.9075754196711594 0.4198891015598271 0
    outer loop
      vertex 34.97930708289833 -15.27799694291864 88.6
      vertex 34.97406305093655 -15.266662153587836 89.8
      vertex 34.97930708289833 -15.27799694291864 89.80092645806737
    endloop
  endfacet
  facet normal 0.7960930657056445 0.6051742151937642 7.410204569674019e-16
    outer loop
      vertex 35.21485811453836 -15.587859025936163 88.6
      vertex 34.98128331678596 -15.28059663413921 89.8
      vertex 35.1900071221094 -15.555168104459506 89.8
    endloop
  endfacet
  facet normal 0.6473862847818788 0.7621620551275928 0
    outer loop
      vertex 35.21485811453836 -15.587859025936163 88.6
      vertex 35.21485811453836 -15.587859025936163 89.80688455110692
      vertex 35.24233735912438 -15.611200106670204 89.8
    endloop
  endfacet
  facet normal 0.7960930657056313 0.6051742151937815 0
    outer loop
      vertex 35.21485811453836 -15.587859025936163 88.6
      vertex 35.1900071221094 -15.555168104459506 89.8
      vertex 35.21485811453836 -15.587859025936163 89.80688455110692
    endloop
  endfacet
  facet normal 0.9075754196709503 0.41988910156027903 -5.18208249029307e-15
    outer loop
      vertex 34.97930708289833 -15.27799694291864 88.6
      vertex 34.83396534472323 -14.96384592416199 89.8
      vertex 34.97406305093655 -15.266662153587836 89.8
    endloop
  endfacet
  facet normal 0.9075754196709658 0.41988910156024595 0
    outer loop
      vertex 34.81587429187095 -14.924742754244765 88.6
      vertex 34.81587429187095 -14.924742754244765 89.80655344188965
      vertex 34.83396534472323 -14.96384592416199 89.8
    endloop
  endfacet
  facet normal 0.9766205557100759 0.21497044021107314 0
    outer loop
      vertex 34.81587429187095 -14.924742754244765 88.6
      vertex 34.809050681935375 -14.893742781780249 89.8
      vertex 34.81587429187095 -14.924742754244765 89.80655344188965
    endloop
  endfacet
  facet normal 0.9766205557100884 0.21497044021101636 1.5388195893504708e-15
    outer loop
      vertex 34.81587429187095 -14.924742754244765 88.6
      vertex 34.736206483093625 -14.562808250115088 89.8
      vertex 34.809050681935375 -14.893742781780249 89.8
    endloop
  endfacet
  facet normal 0.9766205557101106 0.21497044021091505 0
    outer loop
      vertex 34.73220167712215 -14.544614233163097 88.6
      vertex 34.73220167712215 -14.544614233163097 89.80456704366766
      vertex 34.736206483093625 -14.562808250115088 89.8
    endloop
  endfacet
  facet normal 1 0 0
    outer loop
      vertex 34.73220167712215 -14.544614233163097 88.6
      vertex 34.73220167712215 -14.504260059225926 89.8
      vertex 34.73220167712215 -14.544614233163097 89.80456704366766
    endloop
  endfacet
  facet normal 1 0 0
    outer loop
      vertex 34.73220167712215 -14.544614233163097 88.6
      vertex 34.73220167712215 -14.195739940774077 89.8
      vertex 34.73220167712215 -14.504260059225926 89.8
    endloop
  endfacet
  facet normal 1 0 0
    outer loop
      vertex 34.73220167712215 -14.155385766836906 88.6
      vertex 34.73220167712215 -14.155385766836906 89.80456704366766
      vertex 34.73220167712215 -14.195739940774077 89.8
    endloop
  endfacet
  facet normal 0.9766205557101106 -0.21497044021091505 0
    outer loop
      vertex 34.73220167712215 -14.155385766836906 88.6
      vertex 34.736206483093625 -14.137191749884915 89.8
      vertex 34.73220167712215 -14.155385766836906 89.80456704366766
    endloop
  endfacet
  facet normal 0.9766205557100884 -0.21497044021101636 1.6096576620669395e-15
    outer loop
      vertex 34.73220167712215 -14.155385766836906 88.6
      vertex 34.809050681935375 -13.806257218219754 89.8
      vertex 34.736206483093625 -14.137191749884915 89.8
    endloop
  endfacet
  facet normal 0.26752833852922375 0.9635499925192221 -1.1724998900973551e-15
    outer loop
      vertex 36.230442406205015 -16.12628774057475 88.6
      vertex 35.878726427072955 -16.028634279662597 89.8
      vertex 36.20457931657828 -16.119106889087238 89.8
    endloop
  endfacet
  facet normal 0.2675283385292743 0.9635499925192081 0
    outer loop
      vertex 36.230442406205015 -16.12628774057475 88.6
      vertex 36.20457931657828 -16.119106889087238 89.8
      vertex 36.230442406205015 -16.12628774057475 89.8059574761493
    endloop
  endfacet
  facet normal 0.05413890858535674 0.998533413851127 0
    outer loop
      vertex 36.230442406205015 -16.12628774057475 88.6
      vertex 36.230442406205015 -16.12628774057475 89.8059574761493
      vertex 36.27400987989563 -16.128649900361005 89.8
    endloop
  endfacet
  facet normal 0.26752833852922575 0.9635499925192215 0
    outer loop
      vertex 35.85540132038815 -16.022158095670225 88.6
      vertex 35.85540132038815 -16.022158095670225 89.80556018769134
      vertex 35.878726427072955 -16.028634279662597 89.8
    endloop
  endfacet
  facet normal 0.4684084406997711 0.883512044446033 0
    outer loop
      vertex 35.85540132038815 -16.022158095670225 88.6
      vertex 35.81724742587405 -16.00193018101041 89.8
      vertex 35.85540132038815 -16.022158095670225 89.80556018769134
    endloop
  endfacet
  facet normal 0.054138908585416486 0.9985334138511238 -3.9333395966119776e-17
    outer loop
      vertex 36.61910003545375 -16.147360144932023 88.6
      vertex 36.27400987989563 -16.128649900361005 89.8
      vertex 36.59039465713953 -16.14580378454297 89.8
    endloop
  endfacet
  facet normal 0.05413890858541814 0.9985334138511239 0
    outer loop
      vertex 36.61910003545375 -16.147360144932023 88.6
      vertex 36.59039465713953 -16.14580378454297 89.8
      vertex 36.61910003545375 -16.147360144932023 89.80258108611481
    endloop
  endfacet
  facet normal -0.16178199655281428 0.986826522541518 0
    outer loop
      vertex 36.61910003545375 -16.147360144932023 88.6
      vertex 36.61910003545375 -16.147360144932023 89.80258108611481
      vertex 36.62859341384736 -16.14580378454297 89.8
    endloop
  endfacet
  facet normal -0.1617819965527623 0.9868265225415265 -1.3179621901079071e-15
    outer loop
      vertex 37.003201009352594 -16.084389986534603 88.6
      vertex 36.62859341384736 -16.14580378454297 89.8
      vertex 36.965757467270016 -16.090528543674843 89.8
    endloop
  endfacet
  facet normal -0.16178199655272119 0.9868265225415334 0
    outer loop
      vertex 37.003201009352594 -16.084389986534603 88.6
      vertex 36.965757467270016 -16.090528543674843 89.8
      vertex 37.003201009352594 -16.084389986534603 89.80695077441949
    endloop
  endfacet
  facet normal -0.37013815533992006 0.9289767198167893 0
    outer loop
      vertex 37.003201009352594 -16.084389986534603 88.6
      vertex 37.003201009352594 -16.084389986534603 89.80695077441949
      vertex 37.04000986907897 -16.069723996366438 89.8
    endloop
  endfacet
  facet normal -0.3701381553399173 0.9289767198167902 8.836529857617756e-16
    outer loop
      vertex 37.364785193259614 -15.940321680002842 88.6
      vertex 37.04000986907897 -16.069723996366438 89.8
      vertex 37.35877112932068 -15.94271790208782 89.8
    endloop
  endfacet
  facet normal -0.37013815534006944 0.9289767198167297 0
    outer loop
      vertex 37.364785193259614 -15.940321680002842 88.6
      vertex 37.35877112932068 -15.94271790208782 89.8
      vertex 37.364785193259614 -15.940321680002842 89.80178682646789
    endloop
  endfacet
  facet normal -0.5611870653623735 0.8276889981568966 0
    outer loop
      vertex 37.364785193259614 -15.940321680002842 88.6
      vertex 37.364785193259614 -15.940321680002842 89.80178682646789
      vertex 37.3828245457928 -15.928090695500597 89.8
    endloop
  endfacet
  facet normal -0.561187065362385 0.8276889981568887 -3.0162865474025597e-15
    outer loop
      vertex 37.686945312607286 -15.721891699229747 88.6
      vertex 37.3828245457928 -15.928090695500597 89.8
      vertex 37.65088078566423 -15.746344055228102 89.8
    endloop
  endfacet
  facet normal -0.7259954919231218 0.6876994588534328 2.1671200676455764e-15
    outer loop
      vertex 37.954617518270155 -15.439313587348778 88.6
      vertex 37.70713437269968 -15.700578367621661 89.8
      vertex 37.939854780147115 -15.45489842050197 89.8
    endloop
  endfacet
  facet normal -0.5611870653623163 0.8276889981569353 0
    outer loop
      vertex 37.686945312607286 -15.721891699229747 88.6
      vertex 37.65088078566423 -15.746344055228102 89.8
      vertex 37.686945312607286 -15.721891699229747 89.80628856333038
    endloop
  endfacet
  facet normal -0.7259954919231947 0.6876994588533559 0
    outer loop
      vertex 37.686945312607286 -15.721891699229747 88.6
      vertex 37.686945312607286 -15.721891699229747 89.80628856333038
      vertex 37.70713437269968 -15.700578367621661 89.8
    endloop
  endfacet
  facet normal -0.8568571761675904 0.5155538571770198 -3.1176265627020324e-15
    outer loop
      vertex 38.15528575540772 -15.105800382808479 88.6
      vertex 37.976339601771706 -15.403211203726755 89.8
      vertex 38.13585724674355 -15.138090815397383 89.8
    endloop
  endfacet
  facet normal -0.7259954919232052 0.6876994588533448 0
    outer loop
      vertex 37.954617518270155 -15.439313587348778 88.6
      vertex 37.939854780147115 -15.45489842050197 89.8
      vertex 37.954617518270155 -15.439313587348778 89.80509670677012
    endloop
  endfacet
  facet normal -0.8568571761676227 0.5155538571769661 0
    outer loop
      vertex 37.954617518270155 -15.439313587348778 88.6
      vertex 37.954617518270155 -15.439313587348778 89.80509670677012
      vertex 37.976339601771706 -15.403211203726755 89.8
    endloop
  endfacet
  facet normal -0.8568571761675391 0.5155538571771049 0
    outer loop
      vertex 38.15528575540772 -15.105800382808479 88.6
      vertex 38.13585724674355 -15.138090815397383 89.8
      vertex 38.15528575540772 -15.105800382808479 89.80397121013422
    endloop
  endfacet
  facet normal -0.9476531711828664 0.3193015301357902 0
    outer loop
      vertex 38.15528575540772 -15.105800382808479 88.6
      vertex 38.15528575540772 -15.105800382808479 89.80397121013422
      vertex 38.16030018520314 -15.090918085516368 89.8
    endloop
  endfacet
  facet normal -0.9476531711828005 0.3193015301359862 1.1826687655742022e-15
    outer loop
      vertex 38.27956700027815 -14.736946792379845 88.6
      vertex 38.16030018520314 -15.090918085516368 89.8
      vertex 38.268717034892305 -14.769148342121062 89.8
    endloop
  endfacet
  facet normal -0.9476531711828137 0.3193015301359466 0
    outer loop
      vertex 38.27956700027815 -14.736946792379845 88.6
      vertex 38.268717034892305 -14.769148342121062 89.8
      vertex 38.27956700027815 -14.736946792379845 89.8067521059509
    endloop
  endfacet
  facet normal -0.9941379571543513 0.10811901842401805 0
    outer loop
      vertex 38.27956700027815 -14.736946792379845 88.6
      vertex 38.27956700027815 -14.736946792379845 89.8067521059509
      vertex 38.284133107954105 -14.694962125636764 89.8
    endloop
  endfacet
  facet normal -0.9941379571543613 0.1081190184239266 0
    outer loop
      vertex 38.32164999999999 -14.350000000000001 88.6
      vertex 38.284133107954105 -14.694962125636764 89.8
      vertex 38.32164999999999 -14.350000000000001 89.8
    endloop
  endfacet
  facet normal -0.9941379571543613 -0.1081190184239266 3.2369797855082363e-15
    outer loop
      vertex 38.27956700027815 -13.963053207620158 88.6
      vertex 38.32164999999999 -14.350000000000001 89.8
      vertex 38.284133107954105 -14.00503787436324 89.8
    endloop
  endfacet
  facet normal 0.9766205557100884 -0.21497044021101613 1.5440030150918125e-15
    outer loop
      vertex 34.73220167712215 -14.155385766836906 88.6
      vertex 34.81587429187095 -13.775257245755238 88.6
      vertex 34.809050681935375 -13.806257218219754 89.8
    endloop
  endfacet
  facet normal 0.9075754196709588 -0.4198891015602609 -4.979212804226678e-15
    outer loop
      vertex 34.81587429187095 -13.775257245755238 88.6
      vertex 34.97930708289833 -13.422003057081362 88.6
      vertex 34.97406305093655 -13.433337846412167 89.8
    endloop
  endfacet
  facet normal 0.7960930657056393 -0.6051742151937709 4.468487564270322e-16
    outer loop
      vertex 34.97930708289833 -13.422003057081362 88.6
      vertex 35.21485811453836 -13.11214097406384 88.6
      vertex 35.1900071221094 -13.144831895540497 89.8
    endloop
  endfacet
  facet normal 0.6473862847818265 -0.7621620551276375 2.4205388991009915e-15
    outer loop
      vertex 35.21485811453836 -13.11214097406384 88.6
      vertex 35.51151328234771 -12.860159803317599 88.6
      vertex 35.50183462140416 -12.86838093202343 89.8
    endloop
  endfacet
  facet normal 0.46840844069979415 -0.8835120444460208 -3.6718864512588327e-16
    outer loop
      vertex 35.51151328234771 -12.860159803317599 88.6
      vertex 35.85540132038815 -12.677841904329776 88.6
      vertex 35.81724742587405 -12.698069818989591 89.8
    endloop
  endfacet
  facet normal -0.9476531711828042 -0.31930153013597484 8.431002459051531e-16
    outer loop
      vertex 38.27956700027815 -13.963053207620158 88.6
      vertex 38.268717034892305 -13.930851657878941 89.8
      vertex 38.15528575540772 -13.594199617191524 88.6
    endloop
  endfacet
  facet normal -0.8568571761675889 -0.5155538571770223 5.182313551930358e-16
    outer loop
      vertex 38.15528575540772 -13.594199617191524 88.6
      vertex 38.135857246743555 -13.561909184602623 89.8
      vertex 37.954617518270155 -13.260686412651225 88.6
    endloop
  endfacet
  facet normal -0.5611870653623767 -0.8276889981568943 -2.649003680243967e-15
    outer loop
      vertex 37.686945312607286 -12.978108300770256 88.6
      vertex 37.65088078566423 -12.953655944771901 89.8
      vertex 37.364785193259614 -12.75967831999716 88.6
    endloop
  endfacet
  facet normal -0.725995491923132 -0.6876994588534222 1.9047278081770297e-15
    outer loop
      vertex 37.954617518270155 -13.260686412651225 88.6
      vertex 37.939854780147115 -13.245101579498034 89.8
      vertex 37.686945312607286 -12.978108300770256 88.6
    endloop
  endfacet
  facet normal 0.2675283385292189 -0.9635499925192236 -1.8456754927035085e-17
    outer loop
      vertex 35.85540132038815 -12.677841904329776 88.6
      vertex 36.230442406205015 -12.573712259425255 88.6
      vertex 36.20457931657829 -12.580893110912763 89.8
    endloop
  endfacet
  facet normal 0.05413890858541901 -0.9985334138511237 2.1651338851031928e-17
    outer loop
      vertex 36.230442406205015 -12.573712259425255 88.6
      vertex 36.61910003545375 -12.552639855067978 88.6
      vertex 36.59039465713953 -12.554196215457031 89.8
    endloop
  endfacet
  facet normal -0.16178199655276398 -0.9868265225415263 -1.3765997205711735e-15
    outer loop
      vertex 36.61910003545375 -12.552639855067978 88.6
      vertex 37.003201009352594 -12.6156100134654 88.6
      vertex 36.965757467270016 -12.60947145632516 89.8
    endloop
  endfacet
  facet normal -0.37013815533992 -0.9289767198167891 8.609920769273761e-16
    outer loop
      vertex 37.003201009352594 -12.6156100134654 88.6
      vertex 37.364785193259614 -12.75967831999716 88.6
      vertex 37.35877112932068 -12.757282097912183 89.8
    endloop
  endfacet
  facet normal 0.9766205557100759 -0.21497044021107314 0
    outer loop
      vertex 34.81587429187095 -13.775257245755238 88.6
      vertex 34.81587429187095 -13.775257245755238 89.80655344188965
      vertex 34.809050681935375 -13.806257218219754 89.8
    endloop
  endfacet
  facet normal 0.9075754196709658 -0.41988910156024595 0
    outer loop
      vertex 34.81587429187095 -13.775257245755238 88.6
      vertex 34.83396534472323 -13.736154075838012 89.8
      vertex 34.81587429187095 -13.775257245755238 89.80655344188965
    endloop
  endfacet
  facet normal 0.9075754196709503 -0.41988910156027903 1.3116806624571764e-15
    outer loop
      vertex 34.81587429187095 -13.775257245755238 88.6
      vertex 34.97406305093655 -13.433337846412167 89.8
      vertex 34.83396534472323 -13.736154075838012 89.8
    endloop
  endfacet
  facet normal 0.9075754196711594 -0.4198891015598271 0
    outer loop
      vertex 34.97930708289833 -13.422003057081362 88.6
      vertex 34.97930708289833 -13.422003057081362 89.80092645806737
      vertex 34.97406305093655 -13.433337846412167 89.8
    endloop
  endfacet
  facet normal 0.7960930657051949 -0.6051742151943555 0
    outer loop
      vertex 34.97930708289833 -13.422003057081362 88.6
      vertex 34.98128331678596 -13.419403365860793 89.8
      vertex 34.97930708289833 -13.422003057081362 89.80092645806737
    endloop
  endfacet
  facet normal 0.7960930657056445 -0.6051742151937642 -2.021334074253431e-15
    outer loop
      vertex 34.97930708289833 -13.422003057081362 88.6
      vertex 35.1900071221094 -13.144831895540497 89.8
      vertex 34.98128331678596 -13.419403365860793 89.8
    endloop
  endfacet
  facet normal 0.6473862847818274 -0.7621620551276367 2.0299612792433693e-15
    outer loop
      vertex 35.21485811453836 -13.11214097406384 88.6
      vertex 35.50183462140416 -12.86838093202343 89.8
      vertex 35.24233735912438 -13.0887998933298 89.8
    endloop
  endfacet
  facet normal 0.6473862847816524 -0.7621620551277852 0
    outer loop
      vertex 35.51151328234771 -12.860159803317599 88.6
      vertex 35.51151328234771 -12.860159803317599 89.80330921938798
      vertex 35.50183462140416 -12.86838093202343 89.8
    endloop
  endfacet
  facet normal 0.46840844069982984 -0.8835120444460018 0
    outer loop
      vertex 35.51151328234771 -12.860159803317599 88.6
      vertex 35.541474715727304 -12.844275256662359 89.8
      vertex 35.51151328234771 -12.860159803317599 89.80330921938798
    endloop
  endfacet
  facet normal 0.7960930657056313 -0.6051742151937815 0
    outer loop
      vertex 35.21485811453836 -13.11214097406384 88.6
      vertex 35.21485811453836 -13.11214097406384 89.80688455110692
      vertex 35.1900071221094 -13.144831895540497 89.8
    endloop
  endfacet
  facet normal 0.6473862847818788 -0.7621620551275928 0
    outer loop
      vertex 35.21485811453836 -13.11214097406384 88.6
      vertex 35.24233735912438 -13.0887998933298 89.8
      vertex 35.21485811453836 -13.11214097406384 89.80688455110692
    endloop
  endfacet
  facet normal 0.468408440699789 -0.8835120444460234 1.3056947105591725e-15
    outer loop
      vertex 35.51151328234771 -12.860159803317599 88.6
      vertex 35.81724742587405 -12.698069818989591 89.8
      vertex 35.541474715727304 -12.844275256662359 89.8
    endloop
  endfacet
  facet normal -0.9941379571543513 -0.10811901842401805 0
    outer loop
      vertex 38.27956700027815 -13.963053207620158 88.6
      vertex 38.284133107954105 -14.00503787436324 89.8
      vertex 38.27956700027815 -13.963053207620158 89.8067521059509
    endloop
  endfacet
  facet normal -0.9476531711828137 -0.3193015301359466 0
    outer loop
      vertex 38.27956700027815 -13.963053207620158 88.6
      vertex 38.27956700027815 -13.963053207620158 89.8067521059509
      vertex 38.268717034892305 -13.930851657878941 89.8
    endloop
  endfacet
  facet normal -0.9476531711828008 -0.3193015301359846 -2.2125734777750815e-15
    outer loop
      vertex 38.15528575540772 -13.594199617191524 88.6
      vertex 38.268717034892305 -13.930851657878941 89.8
      vertex 38.16030018520314 -13.609081914483633 89.8
    endloop
  endfacet
  facet normal -0.8568571761675975 -0.5155538571770082 0
    outer loop
      vertex 38.15528575540772 -13.594199617191524 88.6
      vertex 38.15528575540772 -13.594199617191524 89.80397121013421
      vertex 38.135857246743555 -13.561909184602623 89.8
    endloop
  endfacet
  facet normal -0.9476531711828549 -0.3193015301358244 0
    outer loop
      vertex 38.15528575540772 -13.594199617191524 88.6
      vertex 38.16030018520314 -13.609081914483633 89.8
      vertex 38.15528575540772 -13.594199617191524 89.80397121013421
    endloop
  endfacet
  facet normal -0.8568571761675833 -0.5155538571770317 -2.6870390639934807e-15
    outer loop
      vertex 37.954617518270155 -13.260686412651225 88.6
      vertex 38.135857246743555 -13.561909184602623 89.8
      vertex 37.976339601771706 -13.296788796273248 89.8
    endloop
  endfacet
  facet normal -0.8568571761676227 -0.5155538571769661 0
    outer loop
      vertex 37.954617518270155 -13.260686412651225 88.6
      vertex 37.976339601771706 -13.296788796273248 89.8
      vertex 37.954617518270155 -13.260686412651225 89.80509670677012
    endloop
  endfacet
  facet normal -0.7259954919232052 -0.6876994588533448 0
    outer loop
      vertex 37.954617518270155 -13.260686412651225 88.6
      vertex 37.954617518270155 -13.260686412651225 89.80509670677012
      vertex 37.939854780147115 -13.245101579498034 89.8
    endloop
  endfacet
  facet normal -0.7259954919231244 -0.6876994588534301 -1.4819803722386786e-15
    outer loop
      vertex 37.686945312607286 -12.978108300770256 88.6
      vertex 37.939854780147115 -13.245101579498034 89.8
      vertex 37.70713437269968 -12.99942163237834 89.8
    endloop
  endfacet
  facet normal -0.725995491923166 -0.6876994588533861 0
    outer loop
      vertex 37.686945312607286 -12.978108300770256 88.6
      vertex 37.70713437269968 -12.99942163237834 89.8
      vertex 37.686945312607286 -12.978108300770256 89.80628856333038
    endloop
  endfacet
  facet normal -0.5611870653623163 -0.8276889981569353 0
    outer loop
      vertex 37.686945312607286 -12.978108300770256 88.6
      vertex 37.686945312607286 -12.978108300770256 89.80628856333038
      vertex 37.65088078566423 -12.953655944771901 89.8
    endloop
  endfacet
  facet normal 0.26752833852921837 -0.9635499925192237 1.5549045066879677e-16
    outer loop
      vertex 35.85540132038815 -12.677841904329776 88.6
      vertex 36.20457931657829 -12.580893110912763 89.8
      vertex 35.878726427072955 -12.671365720337404 89.8
    endloop
  endfacet
  facet normal 0.054138908585416506 -0.998533413851124 7.805354967093892e-16
    outer loop
      vertex 36.230442406205015 -12.573712259425255 88.6
      vertex 36.59039465713953 -12.554196215457031 89.8
      vertex 36.27400987989563 -12.571350099638996 89.8
    endloop
  endfacet
  facet normal 0.4684084406998032 -0.8835120444460159 0
    outer loop
      vertex 35.85540132038815 -12.677841904329776 88.6
      vertex 35.85540132038815 -12.677841904329776 89.80556018769134
      vertex 35.81724742587405 -12.698069818989591 89.8
    endloop
  endfacet
  facet normal 0.26752833852922575 -0.9635499925192215 0
    outer loop
      vertex 35.85540132038815 -12.677841904329776 88.6
      vertex 35.878726427072955 -12.671365720337404 89.8
      vertex 35.85540132038815 -12.677841904329776 89.80556018769134
    endloop
  endfacet
  facet normal 0.26752833852921964 -0.9635499925192232 0
    outer loop
      vertex 36.230442406205015 -12.573712259425255 88.6
      vertex 36.230442406205015 -12.573712259425255 89.8059574761493
      vertex 36.20457931657829 -12.580893110912763 89.8
    endloop
  endfacet
  facet normal 0.054138908585437934 -0.9985334138511227 0
    outer loop
      vertex 36.230442406205015 -12.573712259425255 88.6
      vertex 36.27400987989563 -12.571350099638996 89.8
      vertex 36.230442406205015 -12.573712259425255 89.8059574761493
    endloop
  endfacet
  facet normal 0.05413890858541814 -0.9985334138511239 0
    outer loop
      vertex 36.61910003545375 -12.552639855067978 88.6
      vertex 36.61910003545375 -12.552639855067978 89.80258108611481
      vertex 36.59039465713953 -12.554196215457031 89.8
    endloop
  endfacet
  facet normal -0.16178199655281428 -0.986826522541518 0
    outer loop
      vertex 36.61910003545375 -12.552639855067978 88.6
      vertex 36.62859341384736 -12.554196215457031 89.8
      vertex 36.61910003545375 -12.552639855067978 89.80258108611481
    endloop
  endfacet
  facet normal -0.16178199655276734 -0.9868265225415257 -3.813964684964611e-16
    outer loop
      vertex 36.61910003545375 -12.552639855067978 88.6
      vertex 36.965757467270016 -12.60947145632516 89.8
      vertex 36.62859341384736 -12.554196215457031 89.8
    endloop
  endfacet
  facet normal -0.37013815533995864 -0.9289767198167738 0
    outer loop
      vertex 37.003201009352594 -12.6156100134654 88.6
      vertex 37.04000986907897 -12.630276003633567 89.8
      vertex 37.003201009352594 -12.6156100134654 89.80695077441949
    endloop
  endfacet
  facet normal -0.16178199655272119 -0.9868265225415334 0
    outer loop
      vertex 37.003201009352594 -12.6156100134654 88.6
      vertex 37.003201009352594 -12.6156100134654 89.80695077441949
      vertex 36.965757467270016 -12.60947145632516 89.8
    endloop
  endfacet
  facet normal -0.37013815533991273 -0.928976719816792 -1.6304425206581929e-15
    outer loop
      vertex 37.003201009352594 -12.6156100134654 88.6
      vertex 37.35877112932068 -12.757282097912183 89.8
      vertex 37.04000986907897 -12.630276003633567 89.8
    endloop
  endfacet
  facet normal -0.561187065362385 -0.8276889981568887 2.542891551097318e-16
    outer loop
      vertex 37.364785193259614 -12.75967831999716 88.6
      vertex 37.65088078566423 -12.953655944771901 89.8
      vertex 37.3828245457928 -12.771909304499406 89.8
    endloop
  endfacet
  facet normal -0.37013815534006944 -0.9289767198167297 0
    outer loop
      vertex 37.364785193259614 -12.75967831999716 88.6
      vertex 37.364785193259614 -12.75967831999716 89.80178682646789
      vertex 37.35877112932068 -12.757282097912183 89.8
    endloop
  endfacet
  facet normal -0.5611870653623735 -0.8276889981568966 0
    outer loop
      vertex 37.364785193259614 -12.75967831999716 88.6
      vertex 37.3828245457928 -12.771909304499406 89.8
      vertex 37.364785193259614 -12.75967831999716 89.80178682646789
    endloop
  endfacet
  facet normal 0 0 1
    outer loop
      vertex 35.69353293208392 -15.948193393124276 89.8
      vertex 35.81724742587405 -16.00193018101041 89.8
      vertex 35.541474715727304 -15.855724743337642 89.8
    endloop
  endfacet
  facet normal 0 0 1
    outer loop
      vertex 34.98128331678596 -15.28059663413921 89.8
      vertex 35.125369676732035 -15.485958299786896 89.8
      vertex 35.1900071221094 -15.555168104459506 89.8
    endloop
  endfacet
  facet normal 0 0 1
    outer loop
      vertex 34.983695071816314 -15.285251110063783 89.8
      vertex 35.125369676732035 -15.485958299786896 89.8
      vertex 34.98128331678596 -15.28059663413921 89.8
    endloop
  endfacet
  facet normal 0 0 1
    outer loop
      vertex 35.483625420193235 -15.820545807418798 89.8
      vertex 35.24233735912438 -15.611200106670204 89.8
      vertex 35.29305434220642 -15.665504735700624 89.8
    endloop
  endfacet
  facet normal 0 0 1
    outer loop
      vertex 35.50183462140416 -15.831619067976574 89.8
      vertex 35.24233735912438 -15.611200106670204 89.8
      vertex 35.483625420193235 -15.820545807418798 89.8
    endloop
  endfacet
  facet normal 0 0 1
    outer loop
      vertex 34.97406305093655 -15.266662153587836 89.8
      vertex 34.83396534472323 -14.96384592416199 89.8
      vertex 34.87066965729018 -15.067121961723236 89.8
    endloop
  endfacet
  facet normal 0 0 1
    outer loop
      vertex 34.809050681935375 -14.893742781780249 89.8
      vertex 34.736206483093625 -14.562808250115088 89.8
      vertex 34.788398882773954 -14.835634188082645 89.8
    endloop
  endfacet
  facet normal 0 0 1
    outer loop
      vertex 34.7384152971346 -14.595099968373246 89.8
      vertex 34.788398882773954 -14.835634188082645 89.8
      vertex 34.736206483093625 -14.562808250115088 89.8
    endloop
  endfacet
  facet normal 0 0 1
    outer loop
      vertex 34.73220167712215 -14.504260059225926 89.8
      vertex 34.73220167712215 -14.195739940774077 89.8
      vertex 34.72165 -14.350000000000001 89.8
    endloop
  endfacet
  facet normal 0 0 1
    outer loop
      vertex 34.736206483093625 -14.137191749884915 89.8
      vertex 34.809050681935375 -13.806257218219754 89.8
      vertex 34.7384152971346 -14.104900031626757 89.8
    endloop
  endfacet
  facet normal 0 0 1
    outer loop
      vertex 36.15542917650525 -16.11235135782818 89.8
      vertex 35.878726427072955 -16.028634279662597 89.8
      vertex 35.918866698092216 -16.046069659813877 89.8
    endloop
  endfacet
  facet normal 0 0 1
    outer loop
      vertex 36.15542917650525 -16.11235135782818 89.8
      vertex 36.20457931657828 -16.119106889087238 89.8
      vertex 35.878726427072955 -16.028634279662597 89.8
    endloop
  endfacet
  facet normal 0 0 1
    outer loop
      vertex 36.27400987989563 -16.128649900361005 89.8
      vertex 36.398813655943584 -16.14580378454297 89.8
      vertex 36.59039465713953 -16.14580378454297 89.8
    endloop
  endfacet
  facet normal 0 0 1
    outer loop
      vertex 36.62859341384736 -16.14580378454297 89.8
      vertex 36.6444863440564 -16.14580378454297 89.8
      vertex 36.88787082349474 -16.11235135782818 89.8
    endloop
  endfacet
  facet normal 0 0 1
    outer loop
      vertex 36.62859341384736 -16.14580378454297 89.8
      vertex 36.88787082349474 -16.11235135782818 89.8
      vertex 36.965757467270016 -16.090528543674843 89.8
    endloop
  endfacet
  facet normal 0 0 1
    outer loop
      vertex 37.04000986907897 -16.069723996366438 89.8
      vertex 37.12443330190777 -16.046069659813877 89.8
      vertex 37.34976706791607 -15.948193393124278 89.8
    endloop
  endfacet
  facet normal 0 0 1
    outer loop
      vertex 37.04000986907897 -16.069723996366438 89.8
      vertex 37.34976706791607 -15.948193393124278 89.8
      vertex 37.35877112932068 -15.94271790208782 89.8
    endloop
  endfacet
  facet normal 0 0 1
    outer loop
      vertex 37.3828245457928 -15.928090695500597 89.8
      vertex 37.55967457980675 -15.820545807418798 89.8
      vertex 37.65088078566423 -15.746344055228102 89.8
    endloop
  endfacet
  facet normal 0 0 1
    outer loop
      vertex 37.70713437269968 -15.700578367621661 89.8
      vertex 37.75024565779357 -15.665504735700624 89.8
      vertex 37.91793032326795 -15.485958299786896 89.8
    endloop
  endfacet
  facet normal 0 0 1
    outer loop
      vertex 37.70713437269968 -15.700578367621661 89.8
      vertex 37.91793032326795 -15.485958299786896 89.8
      vertex 37.939854780147115 -15.45489842050197 89.8
    endloop
  endfacet
  facet normal 0 0 1
    outer loop
      vertex 37.976339601771706 -15.403211203726755 89.8
      vertex 38.059604928183674 -15.285251110063781 89.8
      vertex 38.13585724674355 -15.138090815397383 89.8
    endloop
  endfacet
  facet normal 0 0 1
    outer loop
      vertex 38.16030018520314 -15.090918085516368 89.8
      vertex 38.17263034270981 -15.067121961723235 89.8
      vertex 38.254901117226034 -14.835634188082645 89.8
    endloop
  endfacet
  facet normal 0 0 1
    outer loop
      vertex 38.16030018520314 -15.090918085516368 89.8
      vertex 38.254901117226034 -14.835634188082645 89.8
      vertex 38.268717034892305 -14.769148342121062 89.8
    endloop
  endfacet
  facet normal 0 0 1
    outer loop
      vertex 38.284133107954105 -14.694962125636764 89.8
      vertex 38.30488470286539 -14.595099968373246 89.8
      vertex 38.32164999999999 -14.350000000000001 89.8
    endloop
  endfacet
  facet normal 0 0 1
    outer loop
      vertex 38.32164999999999 -14.350000000000001 89.8
      vertex 38.30488470286539 -14.104900031626757 89.8
      vertex 38.284133107954105 -14.00503787436324 89.8
    endloop
  endfacet
  facet normal 0.6258605120431283 0.584512914787191 0.5163751271237756
    outer loop
      vertex 35.24233735912438 -15.611200106670204 89.8
      vertex 34.28146398684481 -16.1725265029548 91.6
      vertex 35.29305434220642 -15.665504735700624 89.8
    endloop
  endfacet
  facet normal 0.6258605120432083 0.5845129147870961 0.5163751271237862
    outer loop
      vertex 35.1900071221094 -15.555168104459506 89.8
      vertex 34.28146398684481 -16.1725265029548 91.6
      vertex 35.21485811453836 -15.587859025936163 89.80688455110692
    endloop
  endfacet
  facet normal 0.6258605120431219 0.5845129147871988 0.5163751271237746
    outer loop
      vertex 35.24233735912438 -15.611200106670204 89.8
      vertex 35.21485811453836 -15.587859025936163 89.80688455110692
      vertex 34.28146398684481 -16.1725265029548 91.6
    endloop
  endfacet
  facet normal 0.44495220940556146 0.7316927356705183 0.5163751271237825
    outer loop
      vertex 35.541474715727304 -15.855724743337642 89.8
      vertex 35.51151328234771 -15.839840196682404 89.80330921938798
      vertex 34.856247926903436 -16.709337229485104 91.6
    endloop
  endfacet
  facet normal 0.44495220940535085 0.7316927356706541 0.5163751271237715
    outer loop
      vertex 35.50183462140416 -15.831619067976574 89.8
      vertex 34.856247926903436 -16.709337229485104 91.6
      vertex 35.51151328234771 -15.839840196682404 89.80330921938798
    endloop
  endfacet
  facet normal 0.44495220940554475 0.7316927356705292 0.5163751271237814
    outer loop
      vertex 35.69353293208392 -15.948193393124276 89.8
      vertex 35.541474715727304 -15.855724743337642 89.8
      vertex 34.856247926903436 -16.709337229485104 91.6
    endloop
  endfacet
  facet normal 0.44495220940560953 0.7316927356704883 0.5163751271237834
    outer loop
      vertex 35.50183462140416 -15.831619067976574 89.8
      vertex 35.483625420193235 -15.820545807418798 89.8
      vertex 34.856247926903436 -16.709337229485104 91.6
    endloop
  endfacet
  facet normal 0.3411757525315641 0.7854653614083947 0.5163751271237809
    outer loop
      vertex 35.69353293208392 -15.948193393124276 89.8
      vertex 35.193022616310465 -16.914134454902683 91.6
      vertex 35.81724742587405 -16.00193018101041 89.8
    endloop
  endfacet
  facet normal 0.34117575253159665 0.7854653614083785 0.516375127123784
    outer loop
      vertex 35.81724742587405 -16.00193018101041 89.8
      vertex 35.193022616310465 -16.914134454902683 91.6
      vertex 35.85540132038815 -16.022158095670225 89.80556018769134
    endloop
  endfacet
  facet normal 0.34117575253147425 0.785465361408441 0.5163751271237699
    outer loop
      vertex 35.878726427072955 -16.028634279662597 89.8
      vertex 35.85540132038815 -16.022158095670225 89.80556018769134
      vertex 35.193022616310465 -16.914134454902683 91.6
    endloop
  endfacet
  facet normal 0.34117575253157545 0.7854653614083886 0.5163751271237825
    outer loop
      vertex 35.878726427072955 -16.028634279662597 89.8
      vertex 35.193022616310465 -16.914134454902683 91.6
      vertex 35.918866698092216 -16.046069659813877 89.8
    endloop
  endfacet
  facet normal 0.5404400485002075 0.6642900586829468 0.5163751271237808
    outer loop
      vertex 35.483625420193235 -15.820545807418798 89.8
      vertex 35.29305434220642 -15.665504735700624 89.8
      vertex 34.55049652705645 -16.46059001551968 91.6
    endloop
  endfacet
  facet normal 0.6996223784203042 0.4938474012297895 0.5163751271237802
    outer loop
      vertex 34.983695071816314 -15.285251110063783 89.8
      vertex 34.05416187346354 -15.85051276999244 91.6
      vertex 35.125369676732035 -15.485958299786896 89.8
    endloop
  endfacet
  facet normal 0.6258605120431437 0.584512914787171 0.5163751271237793
    outer loop
      vertex 35.1900071221094 -15.555168104459506 89.8
      vertex 35.125369676732035 -15.485958299786896 89.8
      vertex 34.28146398684481 -16.1725265029548 91.6
    endloop
  endfacet
  facet normal 0.7603516036240882 0.3939824449821346 0.5163751271238545
    outer loop
      vertex 34.97930708289833 -15.27799694291864 89.80092645806737
      vertex 34.97406305093655 -15.266662153587836 89.8
      vertex 33.87282439521282 -15.500547323204312 91.6
    endloop
  endfacet
  facet normal 0.760351603623902 0.39398244498256996 0.5163751271237965
    outer loop
      vertex 34.983695071816314 -15.285251110063783 89.8
      vertex 34.98128331678596 -15.28059663413921 89.8
      vertex 33.87282439521282 -15.500547323204312 91.6
    endloop
  endfacet
  facet normal 0.7603516036232576 0.3939824449840898 0.5163751271235855
    outer loop
      vertex 34.97930708289833 -15.27799694291864 89.80092645806737
      vertex 33.87282439521282 -15.500547323204312 91.6
      vertex 34.98128331678596 -15.28059663413921 89.8
    endloop
  endfacet
  facet normal 0.7603516036238498 0.3939824449826912 0.5163751271237809
    outer loop
      vertex 34.97406305093655 -15.266662153587836 89.8
      vertex 34.87066965729018 -15.067121961723236 89.8
      vertex 33.87282439521282 -15.500547323204312 91.6
    endloop
  endfacet
  facet normal 0.8069169170923928 0.2867783412289105 0.5163751271237831
    outer loop
      vertex 34.83396534472323 -14.96384592416199 89.8
      vertex 34.81587429187095 -14.924742754244765 89.80655344188965
      vertex 33.74082952620877 -15.129149356704023 91.6
    endloop
  endfacet
  facet normal 0.8069169170923518 0.28677834122904317 0.5163751271237735
    outer loop
      vertex 34.809050681935375 -14.893742781780249 89.8
      vertex 33.74082952620877 -15.129149356704023 91.6
      vertex 34.81587429187095 -14.924742754244765 89.80655344188965
    endloop
  endfacet
  facet normal 0.8069169170923879 0.2867783412289296 0.5163751271237801
    outer loop
      vertex 34.809050681935375 -14.893742781780249 89.8
      vertex 34.788398882773954 -14.835634188082645 89.8
      vertex 33.74082952620877 -15.129149356704023 91.6
    endloop
  endfacet
  facet normal 0.8384508951409108 0.17423209958358507 0.516375127123781
    outer loop
      vertex 34.7384152971346 -14.595099968373246 89.8
      vertex 33.660636081117055 -14.743237311895536 91.6
      vertex 34.788398882773954 -14.835634188082645 89.8
    endloop
  endfacet
  facet normal 0.8543661194229821 0.05844024358286536 0.5163751271237702
    outer loop
      vertex 34.7384152971346 -14.595099968373246 89.8
      vertex 34.736206483093625 -14.562808250115088 89.8
      vertex 33.63373791208791 -14.350000000000001 91.6
    endloop
  endfacet
  facet normal 0.8543661194229819 0.058440243582739464 0.5163751271237849
    outer loop
      vertex 34.736206483093625 -14.562808250115088 89.8
      vertex 34.73220167712215 -14.544614233163097 89.80456704366766
      vertex 33.63373791208791 -14.350000000000001 91.6
    endloop
  endfacet
  facet normal 0.8543661194229819 0.05844024358276043 0.5163751271237826
    outer loop
      vertex 34.73220167712215 -14.544614233163097 89.80456704366766
      vertex 34.73220167712215 -14.504260059225926 89.8
      vertex 33.63373791208791 -14.350000000000001 91.6
    endloop
  endfacet
  facet normal 0.8543661194229817 0.05844024358277918 0.5163751271237809
    outer loop
      vertex 34.73220167712215 -14.504260059225926 89.8
      vertex 34.72165 -14.350000000000001 89.8
      vertex 33.63373791208791 -14.350000000000001 91.6
    endloop
  endfacet
  facet normal 0.8543661194229822 -0.058440243582779224 0.51637512712378
    outer loop
      vertex 34.72165 -14.350000000000001 89.8
      vertex 34.73220167712215 -14.195739940774077 89.8
      vertex 33.660636081117055 -13.956762688104467 91.6
    endloop
  endfacet
  facet normal 0.8543661194229842 -0.058440243582759996 0.5163751271237786
    outer loop
      vertex 34.73220167712215 -14.195739940774077 89.8
      vertex 34.73220167712215 -14.155385766836906 89.80456704366766
      vertex 33.660636081117055 -13.956762688104467 91.6
    endloop
  endfacet
  facet normal 0.8543661194229861 -0.05844024358274217 0.5163751271237778
    outer loop
      vertex 34.73220167712215 -14.155385766836906 89.80456704366766
      vertex 34.736206483093625 -14.137191749884915 89.8
      vertex 33.660636081117055 -13.956762688104467 91.6
    endloop
  endfacet
  facet normal 0.8543661194229745 -0.05844024358286484 0.5163751271237832
    outer loop
      vertex 34.736206483093625 -14.137191749884915 89.8
      vertex 34.7384152971346 -14.104900031626757 89.8
      vertex 33.660636081117055 -13.956762688104467 91.6
    endloop
  endfacet
  facet normal 0.806916917092373 0.2867783412289769 0.516375127123777
    outer loop
      vertex 34.87066965729018 -15.067121961723236 89.8
      vertex 34.83396534472323 -14.96384592416199 89.8
      vertex 33.74082952620877 -15.129149356704023 91.6
    endloop
  endfacet
  facet normal 0.23104383691723362 0.8246062536207578 0.5163751271237811
    outer loop
      vertex 36.15542917650525 -16.11235135782818 89.8
      vertex 35.918866698092216 -16.046069659813877 89.8
      vertex 35.55454712001609 -17.071166706954134 91.6
    endloop
  endfacet
  facet normal 0.11660801177287307 0.848386291543113 0.5163751271237816
    outer loop
      vertex 36.15542917650525 -16.11235135782818 89.8
      vertex 35.93408692054689 -17.17750877190016 91.6
      vertex 36.20457931657828 -16.119106889087238 89.8
    endloop
  endfacet
  facet normal 0.11660801177289236 0.8483862915431097 0.5163751271237826
    outer loop
      vertex 36.20457931657828 -16.119106889087238 89.8
      vertex 35.93408692054689 -17.17750877190016 91.6
      vertex 36.230442406205015 -16.12628774057475 89.8059574761493
    endloop
  endfacet
  facet normal 0.11660801177286335 0.8483862915431144 0.5163751271237815
    outer loop
      vertex 36.27400987989563 -16.128649900361005 89.8
      vertex 35.93408692054689 -17.17750877190016 91.6
      vertex 36.398813655943584 -16.14580378454297 89.8
    endloop
  endfacet
  facet normal 0.11660801177282887 0.8483862915431207 0.5163751271237788
    outer loop
      vertex 36.27400987989563 -16.128649900361005 89.8
      vertex 36.230442406205015 -16.12628774057475 89.8059574761493
      vertex 35.93408692054689 -17.17750877190016 91.6
    endloop
  endfacet
  facet normal 0 0.8563624980625311 0.5163751271237818
    outer loop
      vertex 36.398813655943584 -16.14580378454297 89.8
      vertex 36.32457190953586 -17.231179698277735 91.6
      vertex 36.59039465713953 -16.14580378454297 89.8
    endloop
  endfacet
  facet normal -2.5044658499691133e-14 0.8563624980625325 0.516375127123779
    outer loop
      vertex 36.59039465713953 -16.14580378454297 89.8
      vertex 36.32457190953586 -17.231179698277735 91.6
      vertex 36.61910003545375 -16.147360144932023 89.80258108611481
    endloop
  endfacet
  facet normal 8.043555522229703e-14 0.856362498062525 0.5163751271237916
    outer loop
      vertex 36.62859341384736 -16.14580378454297 89.8
      vertex 36.61910003545375 -16.147360144932023 89.80258108611481
      vertex 36.32457190953586 -17.231179698277735 91.6
    endloop
  endfacet
  facet normal 0 0.856362498062531 0.5163751271237818
    outer loop
      vertex 36.62859341384736 -16.14580378454297 89.8
      vertex 36.32457190953586 -17.231179698277735 91.6
      vertex 36.6444863440564 -16.14580378454297 89.8
    endloop
  endfacet
  facet normal -0.11660801177286241 0.8483862915431143 0.5163751271237819
    outer loop
      vertex 36.6444863440564 -16.14580378454297 89.8
      vertex 36.718728090464126 -17.231179698277735 91.6
      vertex 36.88787082349474 -16.11235135782818 89.8
    endloop
  endfacet
  facet normal -0.23104383691723765 0.8246062536207566 0.5163751271237815
    outer loop
      vertex 36.88787082349474 -16.11235135782818 89.8
      vertex 37.1092130794531 -17.17750877190016 91.6
      vertex 36.965757467270016 -16.090528543674843 89.8
    endloop
  endfacet
  facet normal -0.23104383691708472 0.8246062536207932 0.5163751271237913
    outer loop
      vertex 36.965757467270016 -16.090528543674843 89.8
      vertex 37.1092130794531 -17.17750877190016 91.6
      vertex 37.003201009352594 -16.084389986534603 89.80695077441949
    endloop
  endfacet
  facet normal -0.23104383691724817 0.8246062536207546 0.5163751271237796
    outer loop
      vertex 37.04000986907897 -16.069723996366438 89.8
      vertex 37.1092130794531 -17.17750877190016 91.6
      vertex 37.12443330190777 -16.046069659813877 89.8
    endloop
  endfacet
  facet normal -0.23104383691734082 0.8246062536207344 0.5163751271237706
    outer loop
      vertex 37.003201009352594 -16.084389986534603 89.80695077441949
      vertex 37.1092130794531 -17.17750877190016 91.6
      vertex 37.04000986907897 -16.069723996366438 89.8
    endloop
  endfacet
  facet normal -0.3411757525315581 0.785465361408397 0.5163751271237813
    outer loop
      vertex 37.12443330190777 -16.046069659813877 89.8
      vertex 37.4887528799839 -17.071166706954134 91.6
      vertex 37.34976706791607 -15.948193393124278 89.8
    endloop
  endfacet
  facet normal -0.4449522094056334 0.7316927356704784 0.516375127123777
    outer loop
      vertex 37.34976706791607 -15.948193393124278 89.8
      vertex 37.850277383689516 -16.914134454902687 91.6
      vertex 37.35877112932068 -15.94271790208782 89.8
    endloop
  endfacet
  facet normal -0.4449522094058123 0.7316927356703747 0.5163751271237699
    outer loop
      vertex 37.35877112932068 -15.94271790208782 89.8
      vertex 37.850277383689516 -16.914134454902687 91.6
      vertex 37.364785193259614 -15.940321680002842 89.80178682646789
    endloop
  endfacet
  facet normal -0.44495220940550667 0.7316927356705514 0.516375127123783
    outer loop
      vertex 37.3828245457928 -15.928090695500597 89.8
      vertex 37.364785193259614 -15.940321680002842 89.80178682646789
      vertex 37.850277383689516 -16.914134454902687 91.6
    endloop
  endfacet
  facet normal -0.4449522094055388 0.731692735670533 0.5163751271237812
    outer loop
      vertex 37.3828245457928 -15.928090695500597 89.8
      vertex 37.850277383689516 -16.914134454902687 91.6
      vertex 37.55967457980675 -15.820545807418798 89.8
    endloop
  endfacet
  facet normal -0.5404400485002161 0.6642900586829398 0.5163751271237805
    outer loop
      vertex 37.55967457980675 -15.820545807418798 89.8
      vertex 38.18705207309655 -16.709337229485104 91.6
      vertex 37.65088078566423 -15.746344055228102 89.8
    endloop
  endfacet
  facet normal -0.5404400485001027 0.6642900586830234 0.5163751271237915
    outer loop
      vertex 37.65088078566423 -15.746344055228102 89.8
      vertex 38.18705207309655 -16.709337229485104 91.6
      vertex 37.686945312607286 -15.721891699229747 89.80628856333038
    endloop
  endfacet
  facet normal -0.5404400485002057 0.6642900586829479 0.5163751271237812
    outer loop
      vertex 37.70713437269968 -15.700578367621661 89.8
      vertex 38.18705207309655 -16.709337229485104 91.6
      vertex 37.75024565779357 -15.665504735700624 89.8
    endloop
  endfacet
  facet normal -0.5404400485003388 0.6642900586828531 0.5163751271237637
    outer loop
      vertex 37.70713437269968 -15.700578367621661 89.8
      vertex 37.686945312607286 -15.721891699229747 89.80628856333038
      vertex 38.18705207309655 -16.709337229485104 91.6
    endloop
  endfacet
  facet normal -0.6258605120431457 0.5845129147871674 0.516375127123781
    outer loop
      vertex 37.75024565779357 -15.665504735700624 89.8
      vertex 38.492803472943535 -16.46059001551968 91.6
      vertex 37.91793032326795 -15.485958299786896 89.8
    endloop
  endfacet
  facet normal -0.6996223784202891 0.49384740122981047 0.5163751271237803
    outer loop
      vertex 37.91793032326795 -15.485958299786896 89.8
      vertex 38.761836013155175 -16.1725265029548 91.6
      vertex 37.939854780147115 -15.45489842050197 89.8
    endloop
  endfacet
  facet normal -0.6996223784202732 0.49384740122983195 0.5163751271237815
    outer loop
      vertex 37.939854780147115 -15.45489842050197 89.8
      vertex 38.761836013155175 -16.1725265029548 91.6
      vertex 37.954617518270155 -15.439313587348778 89.80509670677012
    endloop
  endfacet
  facet normal -0.6996223784203766 0.4938474012296952 0.5163751271237722
    outer loop
      vertex 37.954617518270155 -15.439313587348778 89.80509670677012
      vertex 38.761836013155175 -16.1725265029548 91.6
      vertex 37.976339601771706 -15.403211203726755 89.8
    endloop
  endfacet
  facet normal -0.6996223784202957 0.4938474012297999 0.5163751271237816
    outer loop
      vertex 37.976339601771706 -15.403211203726755 89.8
      vertex 38.761836013155175 -16.1725265029548 91.6
      vertex 38.059604928183674 -15.285251110063781 89.8
    endloop
  endfacet
  facet normal -0.7603516036238611 0.3939824449826708 0.5163751271237798
    outer loop
      vertex 38.059604928183674 -15.285251110063781 89.8
      vertex 38.989138126536446 -15.850512769992438 91.6
      vertex 38.13585724674355 -15.138090815397383 89.8
    endloop
  endfacet
  facet normal -0.7603516036238434 0.39398244498270085 0.5163751271237831
    outer loop
      vertex 38.13585724674355 -15.138090815397383 89.8
      vertex 38.989138126536446 -15.850512769992438 91.6
      vertex 38.15528575540772 -15.105800382808479 89.80397121013422
    endloop
  endfacet
  facet normal -0.760351603623861 0.39398244498267154 0.5163751271237791
    outer loop
      vertex 38.15528575540772 -15.105800382808479 89.80397121013422
      vertex 38.989138126536446 -15.850512769992438 91.6
      vertex 38.16030018520314 -15.090918085516368 89.8
    endloop
  endfacet
  facet normal -0.7603516036238478 0.39398244498269314 0.5163751271237822
    outer loop
      vertex 38.16030018520314 -15.090918085516368 89.8
      vertex 38.989138126536446 -15.850512769992438 91.6
      vertex 38.17263034270981 -15.067121961723235 89.8
    endloop
  endfacet
  facet normal -0.806916917092375 0.2867783412289636 0.5163751271237814
    outer loop
      vertex 38.17263034270981 -15.067121961723235 89.8
      vertex 39.17047560478717 -15.50054732320431 91.6
      vertex 38.254901117226034 -14.835634188082645 89.8
    endloop
  endfacet
  facet normal -0.8384508951409101 0.174232099583594 0.5163751271237791
    outer loop
      vertex 38.254901117226034 -14.835634188082645 89.8
      vertex 39.30247047379122 -15.129149356704023 91.6
      vertex 38.268717034892305 -14.769148342121062 89.8
    endloop
  endfacet
  facet normal -0.8384508951409267 0.174232099583526 0.5163751271237751
    outer loop
      vertex 38.268717034892305 -14.769148342121062 89.8
      vertex 39.30247047379122 -15.129149356704023 91.6
      vertex 38.27956700027815 -14.736946792379845 89.8067521059509
    endloop
  endfacet
  facet normal -0.8384508951408847 0.17423209958369273 0.5163751271237874
    outer loop
      vertex 38.27956700027815 -14.736946792379845 89.8067521059509
      vertex 39.30247047379122 -15.129149356704023 91.6
      vertex 38.284133107954105 -14.694962125636764 89.8
    endloop
  endfacet
  facet normal -0.8384508951409206 0.17423209958355623 0.5163751271237749
    outer loop
      vertex 38.284133107954105 -14.694962125636764 89.8
      vertex 39.30247047379122 -15.129149356704023 91.6
      vertex 38.30488470286539 -14.595099968373246 89.8
    endloop
  endfacet
  facet normal -0.8543661194229815 0.058440243582784525 0.5163751271237806
    outer loop
      vertex 38.30488470286539 -14.595099968373246 89.8
      vertex 39.38266391888293 -14.743237311895536 91.6
      vertex 38.32164999999999 -14.350000000000001 89.8
    endloop
  endfacet
  facet normal -0.8543661194229815 -0.058440243582784525 0.5163751271237806
    outer loop
      vertex 38.32164999999999 -14.350000000000001 89.8
      vertex 39.40956208791208 -14.350000000000001 91.6
      vertex 38.30488470286539 -14.104900031626757 89.8
    endloop
  endfacet
  facet normal -0.8384508951409165 -0.17423209958355537 0.5163751271237819
    outer loop
      vertex 38.30488470286539 -14.104900031626757 89.8
      vertex 39.38266391888293 -13.956762688104467 91.6
      vertex 38.284133107954105 -14.00503787436324 89.8
    endloop
  endfacet
  facet normal 0 0 1
    outer loop
      vertex 34.7384152971346 -14.104900031626757 89.8
      vertex 34.809050681935375 -13.806257218219754 89.8
      vertex 34.788398882773954 -13.864365811917358 89.8
    endloop
  endfacet
  facet normal 0 0 1
    outer loop
      vertex 34.83396534472323 -13.736154075838012 89.8
      vertex 34.97406305093655 -13.433337846412167 89.8
      vertex 34.87066965729018 -13.632878038276766 89.8
    endloop
  endfacet
  facet normal 0 0 1
    outer loop
      vertex 34.98128331678596 -13.419403365860793 89.8
      vertex 35.1900071221094 -13.144831895540497 89.8
      vertex 34.983695071816314 -13.41474888993622 89.8
    endloop
  endfacet
  facet normal 0 0 1
    outer loop
      vertex 34.983695071816314 -13.41474888993622 89.8
      vertex 35.1900071221094 -13.144831895540497 89.8
      vertex 35.125369676732035 -13.214041700213107 89.8
    endloop
  endfacet
  facet normal 0 0 1
    outer loop
      vertex 35.24233735912438 -13.0887998933298 89.8
      vertex 35.50183462140416 -12.86838093202343 89.8
      vertex 35.29305434220642 -13.034495264299379 89.8
    endloop
  endfacet
  facet normal 0 0 1
    outer loop
      vertex 35.29305434220642 -13.034495264299379 89.8
      vertex 35.50183462140416 -12.86838093202343 89.8
      vertex 35.483625420193235 -12.879454192581205 89.8
    endloop
  endfacet
  facet normal 0 0 1
    outer loop
      vertex 35.541474715727304 -12.844275256662359 89.8
      vertex 35.81724742587405 -12.698069818989591 89.8
      vertex 35.69353293208392 -12.751806606875727 89.8
    endloop
  endfacet
  facet normal 0 0 1
    outer loop
      vertex 38.268717034892305 -13.930851657878941 89.8
      vertex 38.254901117226034 -13.864365811917358 89.8
      vertex 38.17263034270981 -13.632878038276766 89.8
    endloop
  endfacet
  facet normal 0 0 1
    outer loop
      vertex 38.268717034892305 -13.930851657878941 89.8
      vertex 38.17263034270981 -13.632878038276766 89.8
      vertex 38.16030018520314 -13.609081914483633 89.8
    endloop
  endfacet
  facet normal 0 0 1
    outer loop
      vertex 38.135857246743555 -13.561909184602623 89.8
      vertex 38.059604928183674 -13.41474888993622 89.8
      vertex 37.976339601771706 -13.296788796273248 89.8
    endloop
  endfacet
  facet normal 0 0 1
    outer loop
      vertex 37.65088078566423 -12.953655944771901 89.8
      vertex 37.55967457980675 -12.879454192581205 89.8
      vertex 37.3828245457928 -12.771909304499406 89.8
    endloop
  endfacet
  facet normal 0 0 1
    outer loop
      vertex 37.939854780147115 -13.245101579498034 89.8
      vertex 37.91793032326795 -13.214041700213107 89.8
      vertex 37.75024565779357 -13.034495264299379 89.8
    endloop
  endfacet
  facet normal 0 0 1
    outer loop
      vertex 37.939854780147115 -13.245101579498034 89.8
      vertex 37.75024565779357 -13.034495264299379 89.8
      vertex 37.70713437269968 -12.99942163237834 89.8
    endloop
  endfacet
  facet normal 0 0 1
    outer loop
      vertex 35.878726427072955 -12.671365720337404 89.8
      vertex 36.20457931657829 -12.580893110912763 89.8
      vertex 35.918866698092216 -12.653930340186125 89.8
    endloop
  endfacet
  facet normal 0 0 1
    outer loop
      vertex 35.918866698092216 -12.653930340186125 89.8
      vertex 36.20457931657829 -12.580893110912763 89.8
      vertex 36.15542917650525 -12.58764864217182 89.8
    endloop
  endfacet
  facet normal 0 0 1
    outer loop
      vertex 36.27400987989563 -12.571350099638996 89.8
      vertex 36.59039465713953 -12.554196215457031 89.8
      vertex 36.398813655943584 -12.554196215457031 89.8
    endloop
  endfacet
  facet normal 0 0 1
    outer loop
      vertex 36.62859341384736 -12.554196215457031 89.8
      vertex 36.965757467270016 -12.60947145632516 89.8
      vertex 36.6444863440564 -12.554196215457031 89.8
    endloop
  endfacet
  facet normal 0 0 1
    outer loop
      vertex 36.6444863440564 -12.554196215457031 89.8
      vertex 36.965757467270016 -12.60947145632516 89.8
      vertex 36.88787082349474 -12.58764864217182 89.8
    endloop
  endfacet
  facet normal 0 0 1
    outer loop
      vertex 37.12443330190777 -12.653930340186125 89.8
      vertex 37.35877112932068 -12.757282097912183 89.8
      vertex 37.34976706791607 -12.751806606875727 89.8
    endloop
  endfacet
  facet normal 0 0 1
    outer loop
      vertex 37.04000986907897 -12.630276003633567 89.8
      vertex 37.35877112932068 -12.757282097912183 89.8
      vertex 37.12443330190777 -12.653930340186125 89.8
    endloop
  endfacet
  facet normal 0.838450895140912 -0.17423209958358532 0.5163751271237788
    outer loop
      vertex 34.7384152971346 -14.104900031626757 89.8
      vertex 34.788398882773954 -13.864365811917358 89.8
      vertex 33.74082952620877 -13.57085064329598 91.6
    endloop
  endfacet
  facet normal 0.8069169170923898 -0.28677834122893026 0.516375127123777
    outer loop
      vertex 34.788398882773954 -13.864365811917358 89.8
      vertex 34.809050681935375 -13.806257218219754 89.8
      vertex 33.87282439521282 -13.19945267679569 91.6
    endloop
  endfacet
  facet normal 0.806916917092341 -0.2867783412290443 0.5163751271237899
    outer loop
      vertex 34.809050681935375 -13.806257218219754 89.8
      vertex 34.81587429187095 -13.775257245755238 89.80655344188965
      vertex 33.87282439521282 -13.19945267679569 91.6
    endloop
  endfacet
  facet normal 0.806916917092396 -0.28677834122891305 0.5163751271237768
    outer loop
      vertex 34.83396534472323 -13.736154075838012 89.8
      vertex 33.87282439521282 -13.19945267679569 91.6
      vertex 34.81587429187095 -13.775257245755238 89.80655344188965
    endloop
  endfacet
  facet normal 0.8069169170923703 -0.28677834122897594 0.5163751271237818
    outer loop
      vertex 34.83396534472323 -13.736154075838012 89.8
      vertex 34.87066965729018 -13.632878038276766 89.8
      vertex 33.87282439521282 -13.19945267679569 91.6
    endloop
  endfacet
  facet normal 0.7603516036238492 -0.3939824449826909 0.5163751271237819
    outer loop
      vertex 34.87066965729018 -13.632878038276766 89.8
      vertex 34.97406305093655 -13.433337846412167 89.8
      vertex 34.05416187346354 -12.849487230007563 91.6
    endloop
  endfacet
  facet normal 0.7603516036241442 -0.3939824449821526 0.516375127123758
    outer loop
      vertex 34.97406305093655 -13.433337846412167 89.8
      vertex 34.97930708289833 -13.422003057081362 89.80092645806737
      vertex 34.05416187346354 -12.849487230007563 91.6
    endloop
  endfacet
  facet normal 0.7603516036231722 -0.39398244498393886 0.5163751271238266
    outer loop
      vertex 34.97930708289833 -13.422003057081362 89.80092645806737
      vertex 34.98128331678596 -13.419403365860793 89.8
      vertex 34.05416187346354 -12.849487230007563 91.6
    endloop
  endfacet
  facet normal 0.7603516036239127 -0.3939824449825755 0.5163751271237764
    outer loop
      vertex 34.98128331678596 -13.419403365860793 89.8
      vertex 34.983695071816314 -13.41474888993622 89.8
      vertex 34.05416187346354 -12.849487230007563 91.6
    endloop
  endfacet
  facet normal 0.6996223784203045 -0.4938474012297897 0.5163751271237795
    outer loop
      vertex 34.983695071816314 -13.41474888993622 89.8
      vertex 35.125369676732035 -13.214041700213107 89.8
      vertex 34.28146398684481 -12.527473497045204 91.6
    endloop
  endfacet
  facet normal 0.6258605120431425 -0.5845129147871699 0.516375127123782
    outer loop
      vertex 35.125369676732035 -13.214041700213107 89.8
      vertex 35.1900071221094 -13.144831895540497 89.8
      vertex 34.55049652705645 -12.23940998448032 91.6
    endloop
  endfacet
  facet normal 0.6258605120432162 -0.5845129147870993 0.5163751271237725
    outer loop
      vertex 35.1900071221094 -13.144831895540497 89.8
      vertex 35.21485811453836 -13.11214097406384 89.80688455110692
      vertex 34.55049652705645 -12.23940998448032 91.6
    endloop
  endfacet
  facet normal 0.6258605120431197 -0.5845129147871937 0.5163751271237828
    outer loop
      vertex 35.24233735912438 -13.0887998933298 89.8
      vertex 34.55049652705645 -12.23940998448032 91.6
      vertex 35.21485811453836 -13.11214097406384 89.80688455110692
    endloop
  endfacet
  facet normal 0.6258605120431253 -0.5845129147871881 0.5163751271237823
    outer loop
      vertex 35.24233735912438 -13.0887998933298 89.8
      vertex 35.29305434220642 -13.034495264299379 89.8
      vertex 34.55049652705645 -12.23940998448032 91.6
    endloop
  endfacet
  facet normal 0.5404400485002077 -0.6642900586829469 0.5163751271237804
    outer loop
      vertex 35.29305434220642 -13.034495264299379 89.8
      vertex 35.483625420193235 -12.879454192581205 89.8
      vertex 34.856247926903436 -11.9906627705149 91.6
    endloop
  endfacet
  facet normal 0.4449522094056135 -0.7316927356704948 0.5163751271237711
    outer loop
      vertex 35.483625420193235 -12.879454192581205 89.8
      vertex 35.50183462140416 -12.86838093202343 89.8
      vertex 35.193022616310465 -11.785865545097318 91.6
    endloop
  endfacet
  facet normal 0.4449522094053269 -0.7316927356706413 0.5163751271238102
    outer loop
      vertex 35.50183462140416 -12.86838093202343 89.8
      vertex 35.51151328234771 -12.860159803317599 89.80330921938798
      vertex 35.193022616310465 -11.785865545097318 91.6
    endloop
  endfacet
  facet normal 0.4449522094055957 -0.7316927356705027 0.516375127123775
    outer loop
      vertex 35.541474715727304 -12.844275256662359 89.8
      vertex 35.193022616310465 -11.785865545097318 91.6
      vertex 35.51151328234771 -12.860159803317599 89.80330921938798
    endloop
  endfacet
  facet normal 0.4449522094055385 -0.731692735670533 0.5163751271237815
    outer loop
      vertex 35.541474715727304 -12.844275256662359 89.8
      vertex 35.69353293208392 -12.751806606875727 89.8
      vertex 35.193022616310465 -11.785865545097318 91.6
    endloop
  endfacet
  facet normal 0.3411757525315642 -0.785465361408395 0.5163751271237804
    outer loop
      vertex 35.69353293208392 -12.751806606875727 89.8
      vertex 35.81724742587405 -12.698069818989591 89.8
      vertex 35.55454712001609 -11.62883329304587 91.6
    endloop
  endfacet
  facet normal -0.6996223784202908 -0.4938474012298117 0.5163751271237768
    outer loop
      vertex 37.939854780147115 -13.245101579498034 89.8
      vertex 38.989138126536446 -12.849487230007563 91.6
      vertex 37.91793032326795 -13.214041700213107 89.8
    endloop
  endfacet
  facet normal -0.6258605120431463 -0.5845129147871678 0.5163751271237799
    outer loop
      vertex 37.91793032326795 -13.214041700213107 89.8
      vertex 38.761836013155175 -12.527473497045202 91.6
      vertex 37.75024565779357 -13.034495264299379 89.8
    endloop
  endfacet
  facet normal 0.34117575253162996 -0.7854653614083699 0.5163751271237751
    outer loop
      vertex 35.81724742587405 -12.698069818989591 89.8
      vertex 35.85540132038815 -12.677841904329776 89.80556018769134
      vertex 35.55454712001609 -11.62883329304587 91.6
    endloop
  endfacet
  facet normal 0.34117575253154653 -0.7854653614084022 0.5163751271237811
    outer loop
      vertex 35.878726427072955 -12.671365720337404 89.8
      vertex 35.918866698092216 -12.653930340186125 89.8
      vertex 35.55454712001609 -11.62883329304587 91.6
    endloop
  endfacet
  facet normal 0.3411757525314749 -0.7854653614084308 0.5163751271237847
    outer loop
      vertex 35.878726427072955 -12.671365720337404 89.8
      vertex 35.55454712001609 -11.62883329304587 91.6
      vertex 35.85540132038815 -12.677841904329776 89.80556018769134
    endloop
  endfacet
  facet normal 0.23104383691723948 -0.8246062536207567 0.5163751271237801
    outer loop
      vertex 35.918866698092216 -12.653930340186125 89.8
      vertex 36.15542917650525 -12.58764864217182 89.8
      vertex 35.93408692054689 -11.522491228099843 91.6
    endloop
  endfacet
  facet normal 0.11660801177285654 -0.8483862915431153 0.5163751271237815
    outer loop
      vertex 36.15542917650525 -12.58764864217182 89.8
      vertex 36.20457931657829 -12.580893110912763 89.8
      vertex 36.32457190953586 -11.46882030172227 91.6
    endloop
  endfacet
  facet normal 0.11660801177280945 -0.8483862915431186 0.5163751271237867
    outer loop
      vertex 36.20457931657829 -12.580893110912763 89.8
      vertex 36.230442406205015 -12.573712259425255 89.8059574761493
      vertex 36.32457190953586 -11.46882030172227 91.6
    endloop
  endfacet
  facet normal 0.11660801177289744 -0.8483862915431118 0.5163751271237779
    outer loop
      vertex 36.27400987989563 -12.571350099638996 89.8
      vertex 36.32457190953586 -11.46882030172227 91.6
      vertex 36.230442406205015 -12.573712259425255 89.8059574761493
    endloop
  endfacet
  facet normal 0.1166080117728634 -0.8483862915431147 0.5163751271237806
    outer loop
      vertex 36.27400987989563 -12.571350099638996 89.8
      vertex 36.398813655943584 -12.554196215457031 89.8
      vertex 36.32457190953586 -11.46882030172227 91.6
    endloop
  endfacet
  facet normal 0 -0.8563624980625317 0.5163751271237804
    outer loop
      vertex 36.398813655943584 -12.554196215457031 89.8
      vertex 36.59039465713953 -12.554196215457031 89.8
      vertex 36.718728090464126 -11.46882030172227 91.6
    endloop
  endfacet
  facet normal -2.538449715316321e-14 -0.8563624980625308 0.5163751271237818
    outer loop
      vertex 36.59039465713953 -12.554196215457031 89.8
      vertex 36.61910003545375 -12.552639855067978 89.80258108611481
      vertex 36.718728090464126 -11.46882030172227 91.6
    endloop
  endfacet
  facet normal 7.52497430391452e-14 -0.8563624980625333 0.5163751271237778
    outer loop
      vertex 36.62859341384736 -12.554196215457031 89.8
      vertex 36.718728090464126 -11.46882030172227 91.6
      vertex 36.61910003545375 -12.552639855067978 89.80258108611481
    endloop
  endfacet
  facet normal 0 -0.8563624980625317 0.5163751271237804
    outer loop
      vertex 36.62859341384736 -12.554196215457031 89.8
      vertex 36.6444863440564 -12.554196215457031 89.8
      vertex 36.718728090464126 -11.46882030172227 91.6
    endloop
  endfacet
  facet normal -0.11660801177286256 -0.8483862915431153 0.5163751271237802
    outer loop
      vertex 36.6444863440564 -12.554196215457031 89.8
      vertex 36.88787082349474 -12.58764864217182 89.8
      vertex 37.1092130794531 -11.522491228099843 91.6
    endloop
  endfacet
  facet normal -0.23104383691725483 -0.8246062536207508 0.5163751271237829
    outer loop
      vertex 36.88787082349474 -12.58764864217182 89.8
      vertex 36.965757467270016 -12.60947145632516 89.8
      vertex 37.4887528799839 -11.62883329304587 91.6
    endloop
  endfacet
  facet normal -0.23104383691708266 -0.8246062536208102 0.5163751271237651
    outer loop
      vertex 36.965757467270016 -12.60947145632516 89.8
      vertex 37.003201009352594 -12.6156100134654 89.80695077441949
      vertex 37.4887528799839 -11.62883329304587 91.6
    endloop
  endfacet
  facet normal -0.23104383691723196 -0.8246062536207587 0.5163751271237805
    outer loop
      vertex 37.04000986907897 -12.630276003633567 89.8
      vertex 37.12443330190777 -12.653930340186125 89.8
      vertex 37.4887528799839 -11.62883329304587 91.6
    endloop
  endfacet
  facet normal -0.231043836917369 -0.8246062536207144 0.51637512712379
    outer loop
      vertex 37.003201009352594 -12.6156100134654 89.80695077441949
      vertex 37.04000986907897 -12.630276003633567 89.8
      vertex 37.4887528799839 -11.62883329304587 91.6
    endloop
  endfacet
  facet normal -0.44495220940581304 -0.7316927356703372 0.5163751271238223
    outer loop
      vertex 37.35877112932068 -12.757282097912183 89.8
      vertex 37.364785193259614 -12.75967831999716 89.80178682646789
      vertex 38.18705207309655 -11.9906627705149 91.6
    endloop
  endfacet
  facet normal -0.44495220940550945 -0.7316927356705545 0.5163751271237762
    outer loop
      vertex 37.3828245457928 -12.771909304499406 89.8
      vertex 38.18705207309655 -11.9906627705149 91.6
      vertex 37.364785193259614 -12.75967831999716 89.80178682646789
    endloop
  endfacet
  facet normal -0.44495220940552754 -0.7316927356705418 0.5163751271237781
    outer loop
      vertex 37.35877112932068 -12.757282097912183 89.8
      vertex 38.18705207309655 -11.9906627705149 91.6
      vertex 37.34976706791607 -12.751806606875727 89.8
    endloop
  endfacet
  facet normal -0.3411757525315633 -0.7854653614083946 0.5163751271237813
    outer loop
      vertex 37.12443330190777 -12.653930340186125 89.8
      vertex 37.34976706791607 -12.751806606875727 89.8
      vertex 37.85027738368952 -11.785865545097318 91.6
    endloop
  endfacet
  facet normal -0.5404400485002933 -0.6642900586828722 0.5163751271237866
    outer loop
      vertex 37.70713437269968 -12.99942163237834 89.8
      vertex 38.492803472943535 -12.23940998448032 91.6
      vertex 37.686945312607286 -12.978108300770256 89.80628856333038
    endloop
  endfacet
  facet normal -0.5404400485001075 -0.6642900586830358 0.5163751271237706
    outer loop
      vertex 37.65088078566423 -12.953655944771901 89.8
      vertex 37.686945312607286 -12.978108300770256 89.80628856333038
      vertex 38.492803472943535 -12.23940998448032 91.6
    endloop
  endfacet
  facet normal -0.44495220940553915 -0.7316927356705334 0.5163751271237804
    outer loop
      vertex 37.55967457980675 -12.879454192581205 89.8
      vertex 38.18705207309655 -11.9906627705149 91.6
      vertex 37.3828245457928 -12.771909304499406 89.8
    endloop
  endfacet
  facet normal -0.5404400485002153 -0.6642900586829388 0.5163751271237825
    outer loop
      vertex 37.65088078566423 -12.953655944771901 89.8
      vertex 38.492803472943535 -12.23940998448032 91.6
      vertex 37.55967457980675 -12.879454192581205 89.8
    endloop
  endfacet
  facet normal -0.5404400485002219 -0.6642900586829341 0.5163751271237818
    outer loop
      vertex 37.70713437269968 -12.99942163237834 89.8
      vertex 37.75024565779357 -13.034495264299379 89.8
      vertex 38.492803472943535 -12.23940998448032 91.6
    endloop
  endfacet
  facet normal -0.8384508951408943 -0.17423209958369126 0.5163751271237721
    outer loop
      vertex 38.284133107954105 -14.00503787436324 89.8
      vertex 39.38266391888293 -13.956762688104467 91.6
      vertex 38.27956700027815 -13.963053207620158 89.8067521059509
    endloop
  endfacet
  facet normal -0.8384508951409202 -0.17423209958352115 0.5163751271237873
    outer loop
      vertex 38.27956700027815 -13.963053207620158 89.8067521059509
      vertex 39.38266391888293 -13.956762688104467 91.6
      vertex 38.268717034892305 -13.930851657878941 89.8
    endloop
  endfacet
  facet normal -0.8384508951409098 -0.17423209958359395 0.51637512712378
    outer loop
      vertex 38.268717034892305 -13.930851657878941 89.8
      vertex 39.38266391888293 -13.956762688104467 91.6
      vertex 38.254901117226034 -13.864365811917358 89.8
    endloop
  endfacet
  facet normal -0.8069169170923771 -0.2867783412289621 0.5163751271237791
    outer loop
      vertex 38.254901117226034 -13.864365811917358 89.8
      vertex 39.30247047379122 -13.57085064329598 91.6
      vertex 38.17263034270981 -13.632878038276766 89.8
    endloop
  endfacet
  facet normal -0.7603516036238486 -0.3939824449826935 0.5163751271237808
    outer loop
      vertex 38.17263034270981 -13.632878038276766 89.8
      vertex 39.17047560478717 -13.19945267679569 91.6
      vertex 38.16030018520314 -13.609081914483633 89.8
    endloop
  endfacet
  facet normal -0.760351603624044 -0.39398244498229246 0.5163751271237991
    outer loop
      vertex 38.16030018520314 -13.609081914483633 89.8
      vertex 39.17047560478717 -13.19945267679569 91.6
      vertex 38.15528575540772 -13.594199617191524 89.80397121013421
    endloop
  endfacet
  facet normal -0.760351603623807 -0.3939824449827835 0.5163751271237732
    outer loop
      vertex 38.15528575540772 -13.594199617191524 89.80397121013421
      vertex 39.17047560478717 -13.19945267679569 91.6
      vertex 38.135857246743555 -13.561909184602623 89.8
    endloop
  endfacet
  facet normal -0.7603516036238518 -0.3939824449826884 0.5163751271237798
    outer loop
      vertex 38.135857246743555 -13.561909184602623 89.8
      vertex 39.17047560478717 -13.19945267679569 91.6
      vertex 38.059604928183674 -13.41474888993622 89.8
    endloop
  endfacet
  facet normal -0.6996223784202933 -0.4938474012298056 0.5163751271237795
    outer loop
      vertex 38.059604928183674 -13.41474888993622 89.8
      vertex 38.989138126536446 -12.849487230007563 91.6
      vertex 37.976339601771706 -13.296788796273248 89.8
    endloop
  endfacet
  facet normal -0.699622378420365 -0.49384740122969106 0.5163751271237915
    outer loop
      vertex 37.954617518270155 -13.260686412651225 89.80509670677012
      vertex 37.976339601771706 -13.296788796273248 89.8
      vertex 38.989138126536446 -12.849487230007563 91.6
    endloop
  endfacet
  facet normal -0.6996223784202755 -0.49384740122983695 0.5163751271237733
    outer loop
      vertex 37.939854780147115 -13.245101579498034 89.8
      vertex 37.954617518270155 -13.260686412651225 89.80509670677012
      vertex 38.989138126536446 -12.849487230007563 91.6
    endloop
  endfacet
  facet normal 0.3411757525315652 0.7854653614083942 0.516375127123781
    outer loop
      vertex 35.918866698092216 -16.046069659813877 89.8
      vertex 35.193022616310465 -16.914134454902683 91.6
      vertex 35.55454712001609 -17.071166706954134 91.6
    endloop
  endfacet
  facet normal 0.44495220940554164 0.7316927356705314 0.516375127123781
    outer loop
      vertex 35.69353293208392 -15.948193393124276 89.8
      vertex 34.856247926903436 -16.709337229485104 91.6
      vertex 35.193022616310465 -16.914134454902683 91.6
    endloop
  endfacet
  facet normal 0.7603516036238529 0.39398244498268603 0.5163751271237801
    outer loop
      vertex 34.983695071816314 -15.285251110063783 89.8
      vertex 33.87282439521282 -15.500547323204312 91.6
      vertex 34.05416187346354 -15.85051276999244 91.6
    endloop
  endfacet
  facet normal 0.8069169170923807 0.2867783412289483 0.516375127123781
    outer loop
      vertex 34.87066965729018 -15.067121961723236 89.8
      vertex 33.74082952620877 -15.129149356704023 91.6
      vertex 33.87282439521282 -15.500547323204312 91.6
    endloop
  endfacet
  facet normal 0.6258605120431526 0.5845129147871604 0.5163751271237808
    outer loop
      vertex 35.29305434220642 -15.665504735700624 89.8
      vertex 34.28146398684481 -16.1725265029548 91.6
      vertex 34.55049652705645 -16.46059001551968 91.6
    endloop
  endfacet
  facet normal 0.5404400485002083 0.6642900586829457 0.5163751271237809
    outer loop
      vertex 35.483625420193235 -15.820545807418798 89.8
      vertex 34.55049652705645 -16.46059001551968 91.6
      vertex 34.856247926903436 -16.709337229485104 91.6
    endloop
  endfacet
  facet normal 0.6996223784203022 0.49384740122979287 0.5163751271237796
    outer loop
      vertex 35.125369676732035 -15.485958299786896 89.8
      vertex 34.05416187346354 -15.85051276999244 91.6
      vertex 34.28146398684481 -16.1725265029548 91.6
    endloop
  endfacet
  facet normal 0.8384508951409091 0.17423209958359887 0.5163751271237792
    outer loop
      vertex 34.788398882773954 -14.835634188082645 89.8
      vertex 33.660636081117055 -14.743237311895536 91.6
      vertex 33.74082952620877 -15.129149356704023 91.6
    endloop
  endfacet
  facet normal 0.8543661194229815 0.05844024358278455 0.5163751271237806
    outer loop
      vertex 34.7384152971346 -14.595099968373246 89.8
      vertex 33.63373791208791 -14.350000000000001 91.6
      vertex 33.660636081117055 -14.743237311895536 91.6
    endloop
  endfacet
  facet normal 0.8543661194229815 -0.05844024358278441 0.5163751271237806
    outer loop
      vertex 34.72165 -14.350000000000001 89.8
      vertex 33.660636081117055 -13.956762688104467 91.6
      vertex 33.63373791208791 -14.350000000000001 91.6
    endloop
  endfacet
  facet normal 0.23104383691723607 0.8246062536207569 0.5163751271237814
    outer loop
      vertex 36.15542917650525 -16.11235135782818 89.8
      vertex 35.55454712001609 -17.071166706954134 91.6
      vertex 35.93408692054689 -17.17750877190016 91.6
    endloop
  endfacet
  facet normal 0.11660801177286578 0.8483862915431138 0.5163751271237818
    outer loop
      vertex 36.398813655943584 -16.14580378454297 89.8
      vertex 35.93408692054689 -17.17750877190016 91.6
      vertex 36.32457190953586 -17.231179698277735 91.6
    endloop
  endfacet
  facet normal -2.8727935663443635e-17 0.856362498062531 0.5163751271237818
    outer loop
      vertex 36.6444863440564 -16.14580378454297 89.8
      vertex 36.32457190953586 -17.231179698277735 91.6
      vertex 36.718728090464126 -17.231179698277735 91.6
    endloop
  endfacet
  facet normal -0.1166080117728658 0.8483862915431141 0.5163751271237815
    outer loop
      vertex 36.88787082349474 -16.11235135782818 89.8
      vertex 36.718728090464126 -17.231179698277735 91.6
      vertex 37.1092130794531 -17.17750877190016 91.6
    endloop
  endfacet
  facet normal -0.231043836917236 0.8246062536207571 0.5163751271237812
    outer loop
      vertex 37.12443330190777 -16.046069659813877 89.8
      vertex 37.1092130794531 -17.17750877190016 91.6
      vertex 37.4887528799839 -17.071166706954134 91.6
    endloop
  endfacet
  facet normal -0.3411757525315644 0.7854653614083948 0.5163751271237803
    outer loop
      vertex 37.34976706791607 -15.948193393124278 89.8
      vertex 37.4887528799839 -17.071166706954134 91.6
      vertex 37.850277383689516 -16.914134454902687 91.6
    endloop
  endfacet
  facet normal -0.4449522094055406 0.7316927356705321 0.516375127123781
    outer loop
      vertex 37.55967457980675 -15.820545807418798 89.8
      vertex 37.850277383689516 -16.914134454902687 91.6
      vertex 38.18705207309655 -16.709337229485104 91.6
    endloop
  endfacet
  facet normal -0.5404400485002087 0.6642900586829458 0.5163751271237806
    outer loop
      vertex 37.75024565779357 -15.665504735700624 89.8
      vertex 38.18705207309655 -16.709337229485104 91.6
      vertex 38.492803472943535 -16.46059001551968 91.6
    endloop
  endfacet
  facet normal -0.6258605120431532 0.5845129147871607 0.5163751271237796
    outer loop
      vertex 37.91793032326795 -15.485958299786896 89.8
      vertex 38.492803472943535 -16.46059001551968 91.6
      vertex 38.761836013155175 -16.1725265029548 91.6
    endloop
  endfacet
  facet normal -0.6996223784203033 0.4938474012297908 0.5163751271237802
    outer loop
      vertex 38.059604928183674 -15.285251110063781 89.8
      vertex 38.761836013155175 -16.1725265029548 91.6
      vertex 38.989138126536446 -15.850512769992438 91.6
    endloop
  endfacet
  facet normal -0.7603516036238523 0.39398244498268575 0.5163751271237811
    outer loop
      vertex 38.17263034270981 -15.067121961723235 89.8
      vertex 38.989138126536446 -15.850512769992438 91.6
      vertex 39.17047560478717 -15.50054732320431 91.6
    endloop
  endfacet
  facet normal -0.806916917092381 0.28677834122894996 0.5163751271237794
    outer loop
      vertex 38.254901117226034 -14.835634188082645 89.8
      vertex 39.17047560478717 -15.50054732320431 91.6
      vertex 39.30247047379122 -15.129149356704023 91.6
    endloop
  endfacet
  facet normal -0.8384508951409083 0.17423209958359867 0.5163751271237806
    outer loop
      vertex 38.30488470286539 -14.595099968373246 89.8
      vertex 39.30247047379122 -15.129149356704023 91.6
      vertex 39.38266391888293 -14.743237311895536 91.6
    endloop
  endfacet
  facet normal -0.8543661194229815 0.05844024358278441 0.5163751271237806
    outer loop
      vertex 38.32164999999999 -14.350000000000001 89.8
      vertex 39.38266391888293 -14.743237311895536 91.6
      vertex 39.40956208791208 -14.350000000000001 91.6
    endloop
  endfacet
  facet normal -0.8543661194229815 -0.05844024358278455 0.5163751271237806
    outer loop
      vertex 38.30488470286539 -14.104900031626757 89.8
      vertex 39.40956208791208 -14.350000000000001 91.6
      vertex 39.38266391888293 -13.956762688104467 91.6
    endloop
  endfacet
  facet normal 0.8384508951409083 -0.17423209958359867 0.5163751271237806
    outer loop
      vertex 34.7384152971346 -14.104900031626757 89.8
      vertex 33.74082952620877 -13.57085064329598 91.6
      vertex 33.660636081117055 -13.956762688104467 91.6
    endloop
  endfacet
  facet normal 0.8069169170923813 -0.2867783412289487 0.5163751271237794
    outer loop
      vertex 34.788398882773954 -13.864365811917358 89.8
      vertex 33.87282439521282 -13.19945267679569 91.6
      vertex 33.74082952620877 -13.57085064329598 91.6
    endloop
  endfacet
  facet normal 0.7603516036238523 -0.39398244498268575 0.5163751271237811
    outer loop
      vertex 34.87066965729018 -13.632878038276766 89.8
      vertex 34.05416187346354 -12.849487230007563 91.6
      vertex 33.87282439521282 -13.19945267679569 91.6
    endloop
  endfacet
  facet normal 0.6996223784203021 -0.49384740122979265 0.5163751271237801
    outer loop
      vertex 34.983695071816314 -13.41474888993622 89.8
      vertex 34.28146398684481 -12.527473497045204 91.6
      vertex 34.05416187346354 -12.849487230007563 91.6
    endloop
  endfacet
  facet normal 0.6258605120431548 -0.5845129147871587 0.5163751271237796
    outer loop
      vertex 35.125369676732035 -13.214041700213107 89.8
      vertex 34.55049652705645 -12.23940998448032 91.6
      vertex 34.28146398684481 -12.527473497045204 91.6
    endloop
  endfacet
  facet normal 0.5404400485002037 -0.6642900586829494 0.516375127123781
    outer loop
      vertex 35.29305434220642 -13.034495264299379 89.8
      vertex 34.856247926903436 -11.9906627705149 91.6
      vertex 34.55049652705645 -12.23940998448032 91.6
    endloop
  endfacet
  facet normal 0.44495220940554736 -0.7316927356705281 0.5163751271237806
    outer loop
      vertex 35.483625420193235 -12.879454192581205 89.8
      vertex 35.193022616310465 -11.785865545097318 91.6
      vertex 34.856247926903436 -11.9906627705149 91.6
    endloop
  endfacet
  facet normal 0.3411757525315586 -0.7854653614083968 0.5163751271237812
    outer loop
      vertex 35.69353293208392 -12.751806606875727 89.8
      vertex 35.55454712001609 -11.62883329304587 91.6
      vertex 35.193022616310465 -11.785865545097318 91.6
    endloop
  endfacet
  facet normal 0.23104383691723626 -0.8246062536207575 0.5163751271237806
    outer loop
      vertex 35.918866698092216 -12.653930340186125 89.8
      vertex 35.93408692054689 -11.522491228099843 91.6
      vertex 35.55454712001609 -11.62883329304587 91.6
    endloop
  endfacet
  facet normal 0.11660801177286594 -0.8483862915431147 0.5163751271237802
    outer loop
      vertex 36.15542917650525 -12.58764864217182 89.8
      vertex 36.32457190953586 -11.46882030172227 91.6
      vertex 35.93408692054689 -11.522491228099843 91.6
    endloop
  endfacet
  facet normal 8.233067875971641e-17 -0.8563624980625316 0.5163751271237804
    outer loop
      vertex 36.398813655943584 -12.554196215457031 89.8
      vertex 36.718728090464126 -11.46882030172227 91.6
      vertex 36.32457190953586 -11.46882030172227 91.6
    endloop
  endfacet
  facet normal -0.11660801177286584 -0.8483862915431146 0.5163751271237805
    outer loop
      vertex 36.6444863440564 -12.554196215457031 89.8
      vertex 37.1092130794531 -11.522491228099843 91.6
      vertex 36.718728090464126 -11.46882030172227 91.6
    endloop
  endfacet
  facet normal -0.540440048500204 -0.6642900586829497 0.5163751271237805
    outer loop
      vertex 37.55967457980675 -12.879454192581205 89.8
      vertex 38.492803472943535 -12.23940998448032 91.6
      vertex 38.18705207309655 -11.9906627705149 91.6
    endloop
  endfacet
  facet normal -0.34117575253155863 -0.7854653614083972 0.5163751271237806
    outer loop
      vertex 37.12443330190777 -12.653930340186125 89.8
      vertex 37.85027738368952 -11.785865545097318 91.6
      vertex 37.4887528799839 -11.62883329304587 91.6
    endloop
  endfacet
  facet normal -0.23104383691723626 -0.8246062536207577 0.5163751271237803
    outer loop
      vertex 36.88787082349474 -12.58764864217182 89.8
      vertex 37.4887528799839 -11.62883329304587 91.6
      vertex 37.1092130794531 -11.522491228099843 91.6
    endloop
  endfacet
  facet normal -0.44495220940554725 -0.7316927356705277 0.5163751271237812
    outer loop
      vertex 37.34976706791607 -12.751806606875727 89.8
      vertex 38.18705207309655 -11.9906627705149 91.6
      vertex 37.85027738368952 -11.785865545097318 91.6
    endloop
  endfacet
  facet normal -0.8069169170923807 -0.2867783412289483 0.516375127123781
    outer loop
      vertex 38.17263034270981 -13.632878038276766 89.8
      vertex 39.30247047379122 -13.57085064329598 91.6
      vertex 39.17047560478717 -13.19945267679569 91.6
    endloop
  endfacet
  facet normal -0.8384508951409091 -0.17423209958359887 0.5163751271237792
    outer loop
      vertex 38.254901117226034 -13.864365811917358 89.8
      vertex 39.38266391888293 -13.956762688104467 91.6
      vertex 39.30247047379122 -13.57085064329598 91.6
    endloop
  endfacet
  facet normal -0.7603516036238529 -0.39398244498268603 0.5163751271237801
    outer loop
      vertex 38.059604928183674 -13.41474888993622 89.8
      vertex 39.17047560478717 -13.19945267679569 91.6
      vertex 38.989138126536446 -12.849487230007563 91.6
    endloop
  endfacet
  facet normal -0.6996223784203034 -0.49384740122979087 0.5163751271237799
    outer loop
      vertex 37.91793032326795 -13.214041700213107 89.8
      vertex 38.989138126536446 -12.849487230007563 91.6
      vertex 38.761836013155175 -12.527473497045202 91.6
    endloop
  endfacet
  facet normal -0.6258605120431525 -0.5845129147871602 0.5163751271237811
    outer loop
      vertex 37.75024565779357 -13.034495264299379 89.8
      vertex 38.761836013155175 -12.527473497045202 91.6
      vertex 38.492803472943535 -12.23940998448032 91.6
    endloop
  endfacet
  facet normal 0.46840844069979415 0.8835120444460208 -1.6542432854979612e-16
    outer loop
      vertex 35.51151328234771 12.860159803317599 88.6
      vertex 35.541474715727304 12.84427525666236 89.8
      vertex 35.85540132038815 12.677841904329776 88.6
    endloop
  endfacet
  facet normal 0.7960930657056393 0.6051742151937709 -1.9982043231244864e-15
    outer loop
      vertex 34.97930708289833 13.422003057081362 88.6
      vertex 34.98128331678596 13.419403365860793 89.8
      vertex 35.21485811453836 13.11214097406384 88.6
    endloop
  endfacet
  facet normal 0.6473862847818265 0.7621620551276375 2.0666004278428283e-15
    outer loop
      vertex 35.21485811453836 13.11214097406384 88.6
      vertex 35.24233735912438 13.0887998933298 89.8
      vertex 35.51151328234771 12.860159803317599 88.6
    endloop
  endfacet
  facet normal 0.9075754196709588 0.4198891015602609 5.913786772008611e-16
    outer loop
      vertex 34.97930708289833 13.422003057081362 88.6
      vertex 34.81587429187095 13.775257245755238 88.6
      vertex 34.83396534472323 13.736154075838012 89.8
    endloop
  endfacet
  facet normal 0.2675283385292189 0.9635499925192236 1.43209333534765e-16
    outer loop
      vertex 35.85540132038815 12.677841904329776 88.6
      vertex 35.878726427072955 12.671365720337404 89.8
      vertex 36.230442406205015 12.573712259425255 88.6
    endloop
  endfacet
  facet normal 0.05413890858541901 0.9985334138511237 6.88830551871284e-16
    outer loop
      vertex 36.230442406205015 12.573712259425255 88.6
      vertex 36.27400987989563 12.571350099638996 89.8
      vertex 36.61910003545375 12.552639855067978 88.6
    endloop
  endfacet
  facet normal -0.16178199655276398 0.9868265225415263 -4.08482881054938e-16
    outer loop
      vertex 36.61910003545375 12.552639855067978 88.6
      vertex 36.62859341384736 12.554196215457031 89.8
      vertex 37.003201009352594 12.6156100134654 88.6
    endloop
  endfacet
  facet normal -0.37013815533992 0.9289767198167891 -1.3710516084037518e-15
    outer loop
      vertex 37.003201009352594 12.6156100134654 88.6
      vertex 37.04000986907897 12.630276003633567 89.8
      vertex 37.364785193259614 12.75967831999716 88.6
    endloop
  endfacet
  facet normal -0.5611870653623767 0.8276889981568943 7.200586054770378e-17
    outer loop
      vertex 37.364785193259614 12.75967831999716 88.6
      vertex 37.3828245457928 12.771909304499406 89.8
      vertex 37.686945312607286 12.978108300770256 88.6
    endloop
  endfacet
  facet normal -0.725995491923132 0.6876994588534222 -2.22954737197196e-15
    outer loop
      vertex 37.686945312607286 12.978108300770256 88.6
      vertex 37.70713437269968 12.999421632378342 89.8
      vertex 37.954617518270155 13.260686412651225 88.6
    endloop
  endfacet
  facet normal -0.8568571761675889 0.5155538571770223 -2.3024821730954956e-15
    outer loop
      vertex 37.954617518270155 13.260686412651225 88.6
      vertex 37.976339601771706 13.296788796273248 89.8
      vertex 38.15528575540772 13.594199617191524 88.6
    endloop
  endfacet
  facet normal -0.9476531711828042 0.31930153013597484 -2.5503099130515887e-15
    outer loop
      vertex 38.15528575540772 13.594199617191524 88.6
      vertex 38.16030018520314 13.609081914483635 89.8
      vertex 38.27956700027815 13.963053207620158 88.6
    endloop
  endfacet
  facet normal 0.4684084406997934 0.8835120444460212 -3.9562283401458256e-16
    outer loop
      vertex 35.85540132038815 12.677841904329776 88.6
      vertex 35.541474715727304 12.84427525666236 89.8
      vertex 35.81724742587405 12.698069818989591 89.8
    endloop
  endfacet
  facet normal 0.7960930657051949 0.6051742151943555 0
    outer loop
      vertex 34.97930708289833 13.422003057081362 88.6
      vertex 34.97930708289833 13.422003057081362 89.80092645806737
      vertex 34.98128331678596 13.419403365860793 89.8
    endloop
  endfacet
  facet normal 0.6473862847818272 0.7621620551276368 2.4286982297836913e-15
    outer loop
      vertex 35.51151328234771 12.860159803317599 88.6
      vertex 35.24233735912438 13.0887998933298 89.8
      vertex 35.50183462140416 12.86838093202343 89.8
    endloop
  endfacet
  facet normal 0.46840844069978893 0.8835120444460235 0
    outer loop
      vertex 35.51151328234771 12.860159803317599 88.6
      vertex 35.51151328234771 12.860159803317599 89.80330921938798
      vertex 35.541474715727304 12.84427525666236 89.8
    endloop
  endfacet
  facet normal 0.6473862847816524 0.7621620551277852 0
    outer loop
      vertex 35.51151328234771 12.860159803317599 88.6
      vertex 35.50183462140416 12.86838093202343 89.8
      vertex 35.51151328234771 12.860159803317599 89.80330921938798
    endloop
  endfacet
  facet normal 0.7960930657056313 0.6051742151937815 0
    outer loop
      vertex 35.21485811453836 13.11214097406384 88.6
      vertex 35.1900071221094 13.144831895540497 89.8
      vertex 35.21485811453836 13.11214097406384 89.80688455110692
    endloop
  endfacet
  facet normal 0.6473862847818788 0.7621620551275928 0
    outer loop
      vertex 35.21485811453836 13.11214097406384 88.6
      vertex 35.21485811453836 13.11214097406384 89.80688455110692
      vertex 35.24233735912438 13.0887998933298 89.8
    endloop
  endfacet
  facet normal 0.7960930657056445 0.6051742151937642 7.410204569674019e-16
    outer loop
      vertex 35.21485811453836 13.11214097406384 88.6
      vertex 34.98128331678596 13.419403365860793 89.8
      vertex 35.1900071221094 13.144831895540497 89.8
    endloop
  endfacet
  facet normal 0.9075754196709503 0.41988910156027903 -5.18208249029307e-15
    outer loop
      vertex 34.97930708289833 13.422003057081362 88.6
      vertex 34.83396534472323 13.736154075838012 89.8
      vertex 34.97406305093655 13.433337846412167 89.8
    endloop
  endfacet
  facet normal 0.9075754196711594 0.4198891015598271 0
    outer loop
      vertex 34.97930708289833 13.422003057081362 88.6
      vertex 34.97406305093655 13.433337846412167 89.8
      vertex 34.97930708289833 13.422003057081362 89.80092645806737
    endloop
  endfacet
  facet normal 0.9766205557100884 0.21497044021101636 1.5388195893504708e-15
    outer loop
      vertex 34.81587429187095 13.775257245755238 88.6
      vertex 34.736206483093625 14.137191749884915 89.8
      vertex 34.809050681935375 13.806257218219754 89.8
    endloop
  endfacet
  facet normal 0.9075754196709658 0.41988910156024595 0
    outer loop
      vertex 34.81587429187095 13.775257245755238 88.6
      vertex 34.81587429187095 13.775257245755238 89.80655344188965
      vertex 34.83396534472323 13.736154075838012 89.8
    endloop
  endfacet
  facet normal 0.9766205557100759 0.21497044021107314 0
    outer loop
      vertex 34.81587429187095 13.775257245755238 88.6
      vertex 34.809050681935375 13.806257218219754 89.8
      vertex 34.81587429187095 13.775257245755238 89.80655344188965
    endloop
  endfacet
  facet normal 0.2675283385292189 0.9635499925192236 1.4049287437000078e-16
    outer loop
      vertex 36.230442406205015 12.573712259425255 88.6
      vertex 35.878726427072955 12.671365720337404 89.8
      vertex 36.20457931657828 12.580893110912765 89.8
    endloop
  endfacet
  facet normal 0.26752833852922575 0.9635499925192215 0
    outer loop
      vertex 35.85540132038815 12.677841904329776 88.6
      vertex 35.85540132038815 12.677841904329776 89.80556018769134
      vertex 35.878726427072955 12.671365720337404 89.8
    endloop
  endfacet
  facet normal 0.4684084406998032 0.8835120444460159 0
    outer loop
      vertex 35.85540132038815 12.677841904329776 88.6
      vertex 35.81724742587405 12.698069818989591 89.8
      vertex 35.85540132038815 12.677841904329776 89.80556018769134
    endloop
  endfacet
  facet normal 0.2675283385292129 0.9635499925192252 0
    outer loop
      vertex 36.230442406205015 12.573712259425255 88.6
      vertex 36.20457931657828 12.580893110912765 89.8
      vertex 36.230442406205015 12.573712259425255 89.8059574761493
    endloop
  endfacet
  facet normal 0.054138908585437934 0.9985334138511227 0
    outer loop
      vertex 36.230442406205015 12.573712259425255 88.6
      vertex 36.230442406205015 12.573712259425255 89.8059574761493
      vertex 36.27400987989563 12.571350099638996 89.8
    endloop
  endfacet
  facet normal 0.054138908585416486 0.9985334138511238 -3.9333395966119776e-17
    outer loop
      vertex 36.61910003545375 12.552639855067978 88.6
      vertex 36.27400987989563 12.571350099638996 89.8
      vertex 36.59039465713953 12.554196215457031 89.8
    endloop
  endfacet
  facet normal 0.05413890858541814 0.9985334138511239 0
    outer loop
      vertex 36.61910003545375 12.552639855067978 88.6
      vertex 36.59039465713953 12.554196215457031 89.8
      vertex 36.61910003545375 12.552639855067978 89.80258108611481
    endloop
  endfacet
  facet normal -0.16178199655281428 0.986826522541518 0
    outer loop
      vertex 36.61910003545375 12.552639855067978 88.6
      vertex 36.61910003545375 12.552639855067978 89.80258108611481
      vertex 36.62859341384736 12.554196215457031 89.8
    endloop
  endfacet
  facet normal -0.16178199655276734 0.9868265225415257 -1.4798000013632362e-15
    outer loop
      vertex 37.003201009352594 12.6156100134654 88.6
      vertex 36.62859341384736 12.554196215457031 89.8
      vertex 36.965757467270016 12.60947145632516 89.8
    endloop
  endfacet
  facet normal -0.16178199655272119 0.9868265225415334 0
    outer loop
      vertex 37.003201009352594 12.6156100134654 88.6
      vertex 36.965757467270016 12.60947145632516 89.8
      vertex 37.003201009352594 12.6156100134654 89.80695077441949
    endloop
  endfacet
  facet normal -0.37013815533995864 0.9289767198167738 0
    outer loop
      vertex 37.003201009352594 12.6156100134654 88.6
      vertex 37.003201009352594 12.6156100134654 89.80695077441949
      vertex 37.04000986907897 12.630276003633567 89.8
    endloop
  endfacet
  facet normal -0.3701381553399128 0.928976719816792 9.09720733958855e-16
    outer loop
      vertex 37.364785193259614 12.75967831999716 88.6
      vertex 37.04000986907897 12.630276003633567 89.8
      vertex 37.35877112932068 12.757282097912183 89.8
    endloop
  endfacet
  facet normal -0.37013815534006944 0.9289767198167297 0
    outer loop
      vertex 37.364785193259614 12.75967831999716 88.6
      vertex 37.35877112932068 12.757282097912183 89.8
      vertex 37.364785193259614 12.75967831999716 89.80178682646789
    endloop
  endfacet
  facet normal -0.5611870653623735 0.8276889981568966 0
    outer loop
      vertex 37.364785193259614 12.75967831999716 88.6
      vertex 37.364785193259614 12.75967831999716 89.80178682646789
      vertex 37.3828245457928 12.771909304499406 89.8
    endloop
  endfacet
  facet normal -0.561187065362385 0.8276889981568887 -3.0162865474025597e-15
    outer loop
      vertex 37.686945312607286 12.978108300770256 88.6
      vertex 37.3828245457928 12.771909304499406 89.8
      vertex 37.65088078566423 12.953655944771901 89.8
    endloop
  endfacet
  facet normal -0.5611870653623163 0.8276889981569353 0
    outer loop
      vertex 37.686945312607286 12.978108300770256 88.6
      vertex 37.65088078566423 12.953655944771901 89.8
      vertex 37.686945312607286 12.978108300770256 89.80628856333038
    endloop
  endfacet
  facet normal -0.7259954919231947 0.6876994588533559 0
    outer loop
      vertex 37.686945312607286 12.978108300770256 88.6
      vertex 37.686945312607286 12.978108300770256 89.80628856333038
      vertex 37.70713437269968 12.999421632378342 89.8
    endloop
  endfacet
  facet normal -0.7259954919231218 0.6876994588534328 2.1671200676455764e-15
    outer loop
      vertex 37.954617518270155 13.260686412651225 88.6
      vertex 37.70713437269968 12.999421632378342 89.8
      vertex 37.939854780147115 13.245101579498034 89.8
    endloop
  endfacet
  facet normal -0.7259954919232052 0.6876994588533448 0
    outer loop
      vertex 37.954617518270155 13.260686412651225 88.6
      vertex 37.939854780147115 13.245101579498034 89.8
      vertex 37.954617518270155 13.260686412651225 89.80509670677012
    endloop
  endfacet
  facet normal -0.8568571761676227 0.5155538571769661 0
    outer loop
      vertex 37.954617518270155 13.260686412651225 88.6
      vertex 37.954617518270155 13.260686412651225 89.80509670677012
      vertex 37.976339601771706 13.296788796273248 89.8
    endloop
  endfacet
  facet normal -0.8568571761675904 0.5155538571770198 -3.1176265627020324e-15
    outer loop
      vertex 38.15528575540772 13.594199617191524 88.6
      vertex 37.976339601771706 13.296788796273248 89.8
      vertex 38.13585724674355 13.56190918460262 89.8
    endloop
  endfacet
  facet normal -0.8568571761675391 0.5155538571771049 0
    outer loop
      vertex 38.15528575540772 13.594199617191524 88.6
      vertex 38.13585724674355 13.56190918460262 89.8
      vertex 38.15528575540772 13.594199617191524 89.80397121013422
    endloop
  endfacet
  facet normal -0.9476531711828664 0.3193015301357902 0
    outer loop
      vertex 38.15528575540772 13.594199617191524 88.6
      vertex 38.15528575540772 13.594199617191524 89.80397121013422
      vertex 38.16030018520314 13.609081914483635 89.8
    endloop
  endfacet
  facet normal -0.9476531711828005 0.3193015301359862 1.1826687655742022e-15
    outer loop
      vertex 38.27956700027815 13.963053207620158 88.6
      vertex 38.16030018520314 13.609081914483635 89.8
      vertex 38.268717034892305 13.930851657878941 89.8
    endloop
  endfacet
  facet normal -0.9476531711828137 0.3193015301359466 0
    outer loop
      vertex 38.27956700027815 13.963053207620158 88.6
      vertex 38.268717034892305 13.930851657878941 89.8
      vertex 38.27956700027815 13.963053207620158 89.8067521059509
    endloop
  endfacet
  facet normal -0.9941379571543513 0.10811901842401805 0
    outer loop
      vertex 38.27956700027815 13.963053207620158 88.6
      vertex 38.27956700027815 13.963053207620158 89.8067521059509
      vertex 38.284133107954105 14.00503787436324 89.8
    endloop
  endfacet
  facet normal 0.9766205557100884 0.21497044021101613 1.6085318785186005e-15
    outer loop
      vertex 34.81587429187095 13.775257245755238 88.6
      vertex 34.73220167712215 14.155385766836906 88.6
      vertex 34.736206483093625 14.137191749884915 89.8
    endloop
  endfacet
  facet normal 1 0 0
    outer loop
      vertex 34.73220167712215 14.155385766836906 88.6
      vertex 34.73220167712215 14.544614233163097 88.6
      vertex 34.73220167712215 14.504260059225926 89.8
    endloop
  endfacet
  facet normal 0.9766205557100884 -0.21497044021101613 1.5440030150918125e-15
    outer loop
      vertex 34.73220167712215 14.544614233163097 88.6
      vertex 34.81587429187095 14.924742754244765 88.6
      vertex 34.809050681935375 14.893742781780249 89.8
    endloop
  endfacet
  facet normal 0.9075754196709588 -0.4198891015602609 -4.979212804226678e-15
    outer loop
      vertex 34.81587429187095 14.924742754244765 88.6
      vertex 34.97930708289833 15.27799694291864 88.6
      vertex 34.97406305093655 15.266662153587836 89.8
    endloop
  endfacet
  facet normal 0.7960930657056393 -0.6051742151937709 4.468487564270322e-16
    outer loop
      vertex 34.97930708289833 15.27799694291864 88.6
      vertex 35.21485811453836 15.587859025936163 88.6
      vertex 35.1900071221094 15.555168104459506 89.8
    endloop
  endfacet
  facet normal 0.6473862847818265 -0.7621620551276375 2.4205388991009915e-15
    outer loop
      vertex 35.21485811453836 15.587859025936163 88.6
      vertex 35.51151328234771 15.839840196682404 88.6
      vertex 35.50183462140416 15.831619067976574 89.8
    endloop
  endfacet
  facet normal 0.46840844069979065 -0.8835120444460227 7.915860663208139e-16
    outer loop
      vertex 35.51151328234771 15.839840196682404 88.6
      vertex 35.85540132038815 16.022158095670225 88.6
      vertex 35.81724742587405 16.00193018101041 89.8
    endloop
  endfacet
  facet normal -0.9476531711828042 -0.31930153013597484 8.431002459051531e-16
    outer loop
      vertex 38.27956700027815 14.736946792379845 88.6
      vertex 38.268717034892305 14.769148342121062 89.8
      vertex 38.15528575540772 15.105800382808479 88.6
    endloop
  endfacet
  facet normal 0.26752833852922736 -0.9635499925192211 -2.6776961568367518e-15
    outer loop
      vertex 35.85540132038815 16.022158095670225 88.6
      vertex 36.230442406205015 16.12628774057475 88.6
      vertex 36.20457931657829 16.119106889087238 89.8
    endloop
  endfacet
  facet normal 0.054138908585409914 -0.9985334138511243 -1.9736757261417345e-16
    outer loop
      vertex 36.230442406205015 16.12628774057475 88.6
      vertex 36.61910003545375 16.147360144932023 88.6
      vertex 36.59039465713953 16.14580378454297 89.8
    endloop
  endfacet
  facet normal -0.16178199655275957 -0.986826522541527 -1.2305666333000065e-15
    outer loop
      vertex 36.61910003545375 16.147360144932023 88.6
      vertex 37.003201009352594 16.084389986534603 88.6
      vertex 36.965757467270016 16.090528543674843 89.8
    endloop
  endfacet
  facet normal -0.8568571761675889 -0.5155538571770223 5.182313551930358e-16
    outer loop
      vertex 38.15528575540772 15.105800382808479 88.6
      vertex 38.135857246743555 15.13809081539738 89.8
      vertex 37.954617518270155 15.439313587348778 88.6
    endloop
  endfacet
  facet normal -0.725995491923132 -0.6876994588534222 1.9047278081770297e-15
    outer loop
      vertex 37.954617518270155 15.439313587348778 88.6
      vertex 37.939854780147115 15.45489842050197 89.8
      vertex 37.686945312607286 15.721891699229747 88.6
    endloop
  endfacet
  facet normal -0.37013815533992 -0.9289767198167891 8.609920769273761e-16
    outer loop
      vertex 37.003201009352594 16.084389986534603 88.6
      vertex 37.364785193259614 15.940321680002842 88.6
      vertex 37.35877112932068 15.94271790208782 89.8
    endloop
  endfacet
  facet normal -0.5611870653623767 -0.8276889981568943 -2.649003680243967e-15
    outer loop
      vertex 37.686945312607286 15.721891699229747 88.6
      vertex 37.65088078566423 15.746344055228102 89.8
      vertex 37.364785193259614 15.940321680002842 88.6
    endloop
  endfacet
  facet normal -0.9941379571543603 0.10811901842393654 2.885940296152519e-15
    outer loop
      vertex 38.27956700027815 13.963053207620158 88.6
      vertex 38.284133107954105 14.00503787436324 89.8
      vertex 38.32164999999999 14.350000000000001 88.6
    endloop
  endfacet
  facet normal -0.9941379571543603 -0.10811901842393654 -2.9214312242421036e-18
    outer loop
      vertex 38.27956700027815 14.736946792379845 88.6
      vertex 38.32164999999999 14.350000000000001 88.6
      vertex 38.32164999999999 14.350000000000001 89.8
    endloop
  endfacet
  facet normal 0.9766205557101106 0.21497044021091505 0
    outer loop
      vertex 34.73220167712215 14.155385766836906 88.6
      vertex 34.73220167712215 14.155385766836906 89.80456704366766
      vertex 34.736206483093625 14.137191749884915 89.8
    endloop
  endfacet
  facet normal 1 0 0
    outer loop
      vertex 34.73220167712215 14.155385766836906 88.6
      vertex 34.73220167712215 14.195739940774077 89.8
      vertex 34.73220167712215 14.155385766836906 89.80456704366766
    endloop
  endfacet
  facet normal 1 0 0
    outer loop
      vertex 34.73220167712215 14.155385766836906 88.6
      vertex 34.73220167712215 14.504260059225926 89.8
      vertex 34.73220167712215 14.195739940774077 89.8
    endloop
  endfacet
  facet normal 1 0 0
    outer loop
      vertex 34.73220167712215 14.544614233163097 88.6
      vertex 34.73220167712215 14.544614233163097 89.80456704366766
      vertex 34.73220167712215 14.504260059225926 89.8
    endloop
  endfacet
  facet normal 0.9766205557101106 -0.21497044021091505 0
    outer loop
      vertex 34.73220167712215 14.544614233163097 88.6
      vertex 34.736206483093625 14.562808250115088 89.8
      vertex 34.73220167712215 14.544614233163097 89.80456704366766
    endloop
  endfacet
  facet normal 0.9766205557100884 -0.21497044021101636 1.6096576620669395e-15
    outer loop
      vertex 34.73220167712215 14.544614233163097 88.6
      vertex 34.809050681935375 14.893742781780249 89.8
      vertex 34.736206483093625 14.562808250115088 89.8
    endloop
  endfacet
  facet normal 0.9075754196709503 -0.41988910156027903 1.3116806624571764e-15
    outer loop
      vertex 34.81587429187095 14.924742754244765 88.6
      vertex 34.97406305093655 15.266662153587836 89.8
      vertex 34.83396534472323 14.96384592416199 89.8
    endloop
  endfacet
  facet normal 0.9766205557100759 -0.21497044021107314 0
    outer loop
      vertex 34.81587429187095 14.924742754244765 88.6
      vertex 34.81587429187095 14.924742754244765 89.80655344188965
      vertex 34.809050681935375 14.893742781780249 89.8
    endloop
  endfacet
  facet normal 0.9075754196709658 -0.41988910156024595 0
    outer loop
      vertex 34.81587429187095 14.924742754244765 88.6
      vertex 34.83396534472323 14.96384592416199 89.8
      vertex 34.81587429187095 14.924742754244765 89.80655344188965
    endloop
  endfacet
  facet normal 0.9075754196711594 -0.4198891015598271 0
    outer loop
      vertex 34.97930708289833 15.27799694291864 88.6
      vertex 34.97930708289833 15.27799694291864 89.80092645806737
      vertex 34.97406305093655 15.266662153587836 89.8
    endloop
  endfacet
  facet normal 0.7960930657051949 -0.6051742151943555 0
    outer loop
      vertex 34.97930708289833 15.27799694291864 88.6
      vertex 34.98128331678596 15.28059663413921 89.8
      vertex 34.97930708289833 15.27799694291864 89.80092645806737
    endloop
  endfacet
  facet normal 0.7960930657056445 -0.6051742151937642 -2.021334074253431e-15
    outer loop
      vertex 34.97930708289833 15.27799694291864 88.6
      vertex 35.1900071221094 15.555168104459506 89.8
      vertex 34.98128331678596 15.28059663413921 89.8
    endloop
  endfacet
  facet normal 0.6473862847818274 -0.7621620551276367 2.0299612792433693e-15
    outer loop
      vertex 35.21485811453836 15.587859025936163 88.6
      vertex 35.50183462140416 15.831619067976574 89.8
      vertex 35.24233735912438 15.611200106670204 89.8
    endloop
  endfacet
  facet normal 0.7960930657056313 -0.6051742151937815 0
    outer loop
      vertex 35.21485811453836 15.587859025936163 88.6
      vertex 35.21485811453836 15.587859025936163 89.80688455110692
      vertex 35.1900071221094 15.555168104459506 89.8
    endloop
  endfacet
  facet normal 0.6473862847818788 -0.7621620551275928 0
    outer loop
      vertex 35.21485811453836 15.587859025936163 88.6
      vertex 35.24233735912438 15.611200106670204 89.8
      vertex 35.21485811453836 15.587859025936163 89.80688455110692
    endloop
  endfacet
  facet normal 0.6473862847816524 -0.7621620551277852 0
    outer loop
      vertex 35.51151328234771 15.839840196682404 88.6
      vertex 35.51151328234771 15.839840196682404 89.80330921938798
      vertex 35.50183462140416 15.831619067976574 89.8
    endloop
  endfacet
  facet normal 0.46840844069982984 -0.8835120444460018 0
    outer loop
      vertex 35.51151328234771 15.839840196682404 88.6
      vertex 35.541474715727304 15.855724743337644 89.8
      vertex 35.51151328234771 15.839840196682404 89.80330921938798
    endloop
  endfacet
  facet normal 0.468408440699789 -0.8835120444460234 1.3056947105591725e-15
    outer loop
      vertex 35.51151328234771 15.839840196682404 88.6
      vertex 35.81724742587405 16.00193018101041 89.8
      vertex 35.541474715727304 15.855724743337644 89.8
    endloop
  endfacet
  facet normal -0.9941379571543513 -0.10811901842401805 0
    outer loop
      vertex 38.27956700027815 14.736946792379845 88.6
      vertex 38.284133107954105 14.694962125636764 89.8
      vertex 38.27956700027815 14.736946792379845 89.8067521059509
    endloop
  endfacet
  facet normal -0.9476531711828137 -0.3193015301359466 0
    outer loop
      vertex 38.27956700027815 14.736946792379845 88.6
      vertex 38.27956700027815 14.736946792379845 89.8067521059509
      vertex 38.268717034892305 14.769148342121062 89.8
    endloop
  endfacet
  facet normal -0.9476531711828008 -0.3193015301359846 -2.2125734777750815e-15
    outer loop
      vertex 38.15528575540772 15.105800382808479 88.6
      vertex 38.268717034892305 14.769148342121062 89.8
      vertex 38.16030018520314 15.09091808551637 89.8
    endloop
  endfacet
  facet normal -0.8568571761675975 -0.5155538571770082 0
    outer loop
      vertex 38.15528575540772 15.105800382808479 88.6
      vertex 38.15528575540772 15.105800382808479 89.80397121013421
      vertex 38.135857246743555 15.13809081539738 89.8
    endloop
  endfacet
  facet normal -0.9476531711828549 -0.3193015301358244 0
    outer loop
      vertex 38.15528575540772 15.105800382808479 88.6
      vertex 38.16030018520314 15.09091808551637 89.8
      vertex 38.15528575540772 15.105800382808479 89.80397121013421
    endloop
  endfacet
  facet normal 0.4684084406997711 -0.883512044446033 0
    outer loop
      vertex 35.85540132038815 16.022158095670225 88.6
      vertex 35.85540132038815 16.022158095670225 89.80556018769134
      vertex 35.81724742587405 16.00193018101041 89.8
    endloop
  endfacet
  facet normal 0.26752833852922575 -0.9635499925192215 0
    outer loop
      vertex 35.85540132038815 16.022158095670225 88.6
      vertex 35.878726427072955 16.028634279662597 89.8
      vertex 35.85540132038815 16.022158095670225 89.80556018769134
    endloop
  endfacet
  facet normal 0.26752833852921837 -0.9635499925192237 1.5549045066879677e-16
    outer loop
      vertex 35.85540132038815 16.022158095670225 88.6
      vertex 36.20457931657829 16.119106889087238 89.8
      vertex 35.878726427072955 16.028634279662597 89.8
    endloop
  endfacet
  facet normal 0.054138908585416506 -0.998533413851124 -2.175608619275004e-15
    outer loop
      vertex 36.230442406205015 16.12628774057475 88.6
      vertex 36.59039465713953 16.14580378454297 89.8
      vertex 36.27400987989563 16.128649900361005 89.8
    endloop
  endfacet
  facet normal 0.26752833852934255 -0.9635499925191892 0
    outer loop
      vertex 36.230442406205015 16.12628774057475 88.6
      vertex 36.230442406205015 16.12628774057475 89.8059574761493
      vertex 36.20457931657829 16.119106889087238 89.8
    endloop
  endfacet
  facet normal 0.05413890858535674 -0.998533413851127 0
    outer loop
      vertex 36.230442406205015 16.12628774057475 88.6
      vertex 36.27400987989563 16.128649900361005 89.8
      vertex 36.230442406205015 16.12628774057475 89.8059574761493
    endloop
  endfacet
  facet normal 0.05413890858541814 -0.9985334138511239 0
    outer loop
      vertex 36.61910003545375 16.147360144932023 88.6
      vertex 36.61910003545375 16.147360144932023 89.80258108611481
      vertex 36.59039465713953 16.14580378454297 89.8
    endloop
  endfacet
  facet normal -0.16178199655281428 -0.986826522541518 0
    outer loop
      vertex 36.61910003545375 16.147360144932023 88.6
      vertex 36.62859341384736 16.14580378454297 89.8
      vertex 36.61910003545375 16.147360144932023 89.80258108611481
    endloop
  endfacet
  facet normal -0.1617819965527623 -0.9868265225415265 -4.223848030464225e-16
    outer loop
      vertex 36.61910003545375 16.147360144932023 88.6
      vertex 36.965757467270016 16.090528543674843 89.8
      vertex 36.62859341384736 16.14580378454297 89.8
    endloop
  endfacet
  facet normal -0.37013815533992006 -0.9289767198167893 0
    outer loop
      vertex 37.003201009352594 16.084389986534603 88.6
      vertex 37.04000986907897 16.069723996366438 89.8
      vertex 37.003201009352594 16.084389986534603 89.80695077441949
    endloop
  endfacet
  facet normal -0.16178199655272119 -0.9868265225415334 0
    outer loop
      vertex 37.003201009352594 16.084389986534603 88.6
      vertex 37.003201009352594 16.084389986534603 89.80695077441949
      vertex 36.965757467270016 16.090528543674843 89.8
    endloop
  endfacet
  facet normal -0.8568571761675833 -0.5155538571770317 -2.6870390639934807e-15
    outer loop
      vertex 37.954617518270155 15.439313587348778 88.6
      vertex 38.135857246743555 15.13809081539738 89.8
      vertex 37.976339601771706 15.403211203726755 89.8
    endloop
  endfacet
  facet normal -0.8568571761676227 -0.5155538571769661 0
    outer loop
      vertex 37.954617518270155 15.439313587348778 88.6
      vertex 37.976339601771706 15.403211203726755 89.8
      vertex 37.954617518270155 15.439313587348778 89.80509670677012
    endloop
  endfacet
  facet normal -0.7259954919232052 -0.6876994588533448 0
    outer loop
      vertex 37.954617518270155 15.439313587348778 88.6
      vertex 37.954617518270155 15.439313587348778 89.80509670677012
      vertex 37.939854780147115 15.45489842050197 89.8
    endloop
  endfacet
  facet normal -0.7259954919231244 -0.6876994588534301 -1.4819803722386786e-15
    outer loop
      vertex 37.686945312607286 15.721891699229747 88.6
      vertex 37.939854780147115 15.45489842050197 89.8
      vertex 37.70713437269968 15.700578367621663 89.8
    endloop
  endfacet
  facet normal -0.725995491923166 -0.6876994588533861 0
    outer loop
      vertex 37.686945312607286 15.721891699229747 88.6
      vertex 37.70713437269968 15.700578367621663 89.8
      vertex 37.686945312607286 15.721891699229747 89.80628856333038
    endloop
  endfacet
  facet normal -0.5611870653623163 -0.8276889981569353 0
    outer loop
      vertex 37.686945312607286 15.721891699229747 88.6
      vertex 37.686945312607286 15.721891699229747 89.80628856333038
      vertex 37.65088078566423 15.746344055228102 89.8
    endloop
  endfacet
  facet normal -0.37013815533991723 -0.9289767198167902 -9.648433880406949e-17
    outer loop
      vertex 37.003201009352594 16.084389986534603 88.6
      vertex 37.35877112932068 15.94271790208782 89.8
      vertex 37.04000986907897 16.069723996366438 89.8
    endloop
  endfacet
  facet normal -0.561187065362385 -0.8276889981568887 2.542891551097318e-16
    outer loop
      vertex 37.364785193259614 15.940321680002842 88.6
      vertex 37.65088078566423 15.746344055228102 89.8
      vertex 37.3828245457928 15.928090695500597 89.8
    endloop
  endfacet
  facet normal -0.5611870653623735 -0.8276889981568966 0
    outer loop
      vertex 37.364785193259614 15.940321680002842 88.6
      vertex 37.3828245457928 15.928090695500597 89.8
      vertex 37.364785193259614 15.940321680002842 89.80178682646789
    endloop
  endfacet
  facet normal -0.37013815534006944 -0.9289767198167297 0
    outer loop
      vertex 37.364785193259614 15.940321680002842 88.6
      vertex 37.364785193259614 15.940321680002842 89.80178682646789
      vertex 37.35877112932068 15.94271790208782 89.8
    endloop
  endfacet
  facet normal -0.9941379571543613 0.1081190184239266 0
    outer loop
      vertex 38.32164999999999 14.350000000000001 88.6
      vertex 38.284133107954105 14.00503787436324 89.8
      vertex 38.32164999999999 14.350000000000001 89.8
    endloop
  endfacet
  facet normal -0.9941379571543613 -0.1081190184239266 3.2369797855082363e-15
    outer loop
      vertex 38.27956700027815 14.736946792379845 88.6
      vertex 38.32164999999999 14.350000000000001 89.8
      vertex 38.284133107954105 14.694962125636764 89.8
    endloop
  endfacet
  facet normal 0 0 1
    outer loop
      vertex 35.69353293208392 12.751806606875727 89.8
      vertex 35.81724742587405 12.698069818989591 89.8
      vertex 35.541474715727304 12.84427525666236 89.8
    endloop
  endfacet
  facet normal 0 0 1
    outer loop
      vertex 34.98128331678596 13.419403365860793 89.8
      vertex 35.125369676732035 13.214041700213107 89.8
      vertex 35.1900071221094 13.144831895540497 89.8
    endloop
  endfacet
  facet normal 0 0 1
    outer loop
      vertex 34.983695071816314 13.41474888993622 89.8
      vertex 35.125369676732035 13.214041700213107 89.8
      vertex 34.98128331678596 13.419403365860793 89.8
    endloop
  endfacet
  facet normal 0 0 1
    outer loop
      vertex 35.24233735912438 13.0887998933298 89.8
      vertex 35.483625420193235 12.879454192581205 89.8
      vertex 35.50183462140416 12.86838093202343 89.8
    endloop
  endfacet
  facet normal 0 0 1
    outer loop
      vertex 35.24233735912438 13.0887998933298 89.8
      vertex 35.29305434220642 13.034495264299379 89.8
      vertex 35.483625420193235 12.879454192581205 89.8
    endloop
  endfacet
  facet normal 0 0 1
    outer loop
      vertex 34.97406305093655 13.433337846412167 89.8
      vertex 34.83396534472323 13.736154075838012 89.8
      vertex 34.87066965729018 13.632878038276766 89.8
    endloop
  endfacet
  facet normal 0 0 1
    outer loop
      vertex 34.809050681935375 13.806257218219754 89.8
      vertex 34.736206483093625 14.137191749884915 89.8
      vertex 34.788398882773954 13.864365811917358 89.8
    endloop
  endfacet
  facet normal 0 0 1
    outer loop
      vertex 35.878726427072955 12.671365720337404 89.8
      vertex 35.918866698092216 12.653930340186125 89.8
      vertex 36.15542917650525 12.587648642171821 89.8
    endloop
  endfacet
  facet normal 0 0 1
    outer loop
      vertex 35.878726427072955 12.671365720337404 89.8
      vertex 36.15542917650525 12.587648642171821 89.8
      vertex 36.20457931657828 12.580893110912765 89.8
    endloop
  endfacet
  facet normal 0 0 1
    outer loop
      vertex 36.27400987989563 12.571350099638996 89.8
      vertex 36.398813655943584 12.554196215457031 89.8
      vertex 36.59039465713953 12.554196215457031 89.8
    endloop
  endfacet
  facet normal 0 0 1
    outer loop
      vertex 36.62859341384736 12.554196215457031 89.8
      vertex 36.6444863440564 12.554196215457031 89.8
      vertex 36.88787082349474 12.587648642171821 89.8
    endloop
  endfacet
  facet normal 0 0 1
    outer loop
      vertex 36.62859341384736 12.554196215457031 89.8
      vertex 36.88787082349474 12.587648642171821 89.8
      vertex 36.965757467270016 12.60947145632516 89.8
    endloop
  endfacet
  facet normal 0 0 1
    outer loop
      vertex 37.04000986907897 12.630276003633567 89.8
      vertex 37.12443330190777 12.653930340186125 89.8
      vertex 37.34976706791607 12.751806606875725 89.8
    endloop
  endfacet
  facet normal 0 0 1
    outer loop
      vertex 37.04000986907897 12.630276003633567 89.8
      vertex 37.34976706791607 12.751806606875725 89.8
      vertex 37.35877112932068 12.757282097912183 89.8
    endloop
  endfacet
  facet normal 0 0 1
    outer loop
      vertex 37.3828245457928 12.771909304499406 89.8
      vertex 37.55967457980675 12.879454192581205 89.8
      vertex 37.65088078566423 12.953655944771901 89.8
    endloop
  endfacet
  facet normal 0 0 1
    outer loop
      vertex 37.70713437269968 12.999421632378342 89.8
      vertex 37.75024565779357 13.034495264299379 89.8
      vertex 37.91793032326795 13.214041700213107 89.8
    endloop
  endfacet
  facet normal 0 0 1
    outer loop
      vertex 37.70713437269968 12.999421632378342 89.8
      vertex 37.91793032326795 13.214041700213107 89.8
      vertex 37.939854780147115 13.245101579498034 89.8
    endloop
  endfacet
  facet normal 0 0 1
    outer loop
      vertex 37.976339601771706 13.296788796273248 89.8
      vertex 38.059604928183674 13.414748889936222 89.8
      vertex 38.13585724674355 13.56190918460262 89.8
    endloop
  endfacet
  facet normal 0 0 1
    outer loop
      vertex 38.16030018520314 13.609081914483635 89.8
      vertex 38.17263034270981 13.632878038276768 89.8
      vertex 38.254901117226034 13.864365811917358 89.8
    endloop
  endfacet
  facet normal 0 0 1
    outer loop
      vertex 38.16030018520314 13.609081914483635 89.8
      vertex 38.254901117226034 13.864365811917358 89.8
      vertex 38.268717034892305 13.930851657878941 89.8
    endloop
  endfacet
  facet normal 0.4449522094055449 0.7316927356705294 0.5163751271237809
    outer loop
      vertex 35.69353293208392 12.751806606875727 89.8
      vertex 35.541474715727304 12.84427525666236 89.8
      vertex 34.856247926903436 11.9906627705149 91.6
    endloop
  endfacet
  facet normal 0.34117575253147425 0.785465361408441 0.5163751271237699
    outer loop
      vertex 35.878726427072955 12.671365720337404 89.8
      vertex 35.85540132038815 12.677841904329776 89.80556018769134
      vertex 35.193022616310465 11.785865545097318 91.6
    endloop
  endfacet
  facet normal 0.3411757525316251 0.7854653614083641 0.5163751271237872
    outer loop
      vertex 35.85540132038815 12.677841904329776 89.80556018769134
      vertex 35.81724742587405 12.698069818989591 89.8
      vertex 35.193022616310465 11.785865545097318 91.6
    endloop
  endfacet
  facet normal 0.341175752531547 0.7854653614084033 0.516375127123779
    outer loop
      vertex 35.878726427072955 12.671365720337404 89.8
      vertex 35.193022616310465 11.785865545097318 91.6
      vertex 35.918866698092216 12.653930340186125 89.8
    endloop
  endfacet
  facet normal 0.341175752531564 0.7854653614083944 0.5163751271237814
    outer loop
      vertex 35.69353293208392 12.751806606875727 89.8
      vertex 35.193022616310465 11.785865545097318 91.6
      vertex 35.81724742587405 12.698069818989591 89.8
    endloop
  endfacet
  facet normal 0.4449522094055615 0.7316927356705186 0.5163751271237821
    outer loop
      vertex 35.541474715727304 12.84427525666236 89.8
      vertex 35.51151328234771 12.860159803317599 89.80330921938798
      vertex 34.856247926903436 11.9906627705149 91.6
    endloop
  endfacet
  facet normal 0.44495220940560964 0.7316927356704885 0.5163751271237829
    outer loop
      vertex 35.483625420193235 12.879454192581205 89.8
      vertex 34.856247926903436 11.9906627705149 91.6
      vertex 35.50183462140416 12.86838093202343 89.8
    endloop
  endfacet
  facet normal 0.4449522094053512 0.7316927356706542 0.5163751271237709
    outer loop
      vertex 35.50183462140416 12.86838093202343 89.8
      vertex 34.856247926903436 11.9906627705149 91.6
      vertex 35.51151328234771 12.860159803317599 89.80330921938798
    endloop
  endfacet
  facet normal 0.5404400485002073 0.6642900586829465 0.5163751271237812
    outer loop
      vertex 35.29305434220642 13.034495264299379 89.8
      vertex 34.55049652705645 12.23940998448032 91.6
      vertex 35.483625420193235 12.879454192581205 89.8
    endloop
  endfacet
  facet normal 0.8069169170923928 0.2867783412289105 0.5163751271237831
    outer loop
      vertex 34.83396534472323 13.736154075838012 89.8
      vertex 34.81587429187095 13.775257245755238 89.80655344188965
      vertex 33.74082952620877 13.57085064329598 91.6
    endloop
  endfacet
  facet normal 0.8069169170923879 0.2867783412289296 0.5163751271237801
    outer loop
      vertex 34.809050681935375 13.806257218219754 89.8
      vertex 34.788398882773954 13.864365811917358 89.8
      vertex 33.74082952620877 13.57085064329598 91.6
    endloop
  endfacet
  facet normal 0.8069169170923518 0.28677834122904317 0.5163751271237735
    outer loop
      vertex 34.81587429187095 13.775257245755238 89.80655344188965
      vertex 34.809050681935375 13.806257218219754 89.8
      vertex 33.74082952620877 13.57085064329598 91.6
    endloop
  endfacet
  facet normal 0.8384508951409108 0.17423209958358507 0.516375127123781
    outer loop
      vertex 34.788398882773954 13.864365811917358 89.8
      vertex 34.7384152971346 14.104900031626757 89.8
      vertex 33.660636081117055 13.956762688104467 91.6
    endloop
  endfacet
  facet normal 0.6258605120431283 0.584512914787191 0.5163751271237756
    outer loop
      vertex 35.24233735912438 13.0887998933298 89.8
      vertex 34.28146398684481 12.527473497045204 91.6
      vertex 35.29305434220642 13.034495264299379 89.8
    endloop
  endfacet
  facet normal 0.6258605120431219 0.5845129147871988 0.5163751271237746
    outer loop
      vertex 35.24233735912438 13.0887998933298 89.8
      vertex 35.21485811453836 13.11214097406384 89.80688455110692
      vertex 34.28146398684481 12.527473497045204 91.6
    endloop
  endfacet
  facet normal 0.6258605120432081 0.5845129147870961 0.5163751271237861
    outer loop
      vertex 35.21485811453836 13.11214097406384 89.80688455110692
      vertex 35.1900071221094 13.144831895540497 89.8
      vertex 34.28146398684481 12.527473497045204 91.6
    endloop
  endfacet
  facet normal 0.6258605120431437 0.584512914787171 0.5163751271237793
    outer loop
      vertex 35.1900071221094 13.144831895540497 89.8
      vertex 35.125369676732035 13.214041700213107 89.8
      vertex 34.28146398684481 12.527473497045204 91.6
    endloop
  endfacet
  facet normal 0.6996223784203042 0.4938474012297895 0.5163751271237802
    outer loop
      vertex 34.983695071816314 13.41474888993622 89.8
      vertex 34.05416187346354 12.849487230007563 91.6
      vertex 35.125369676732035 13.214041700213107 89.8
    endloop
  endfacet
  facet normal 0.760351603623902 0.39398244498256996 0.5163751271237965
    outer loop
      vertex 34.983695071816314 13.41474888993622 89.8
      vertex 34.98128331678596 13.419403365860793 89.8
      vertex 33.87282439521282 13.19945267679569 91.6
    endloop
  endfacet
  facet normal 0.7603516036232576 0.3939824449840898 0.5163751271235855
    outer loop
      vertex 34.97930708289833 13.422003057081362 89.80092645806737
      vertex 33.87282439521282 13.19945267679569 91.6
      vertex 34.98128331678596 13.419403365860793 89.8
    endloop
  endfacet
  facet normal 0.7603516036240882 0.3939824449821346 0.5163751271238545
    outer loop
      vertex 34.97930708289833 13.422003057081362 89.80092645806737
      vertex 34.97406305093655 13.433337846412167 89.8
      vertex 33.87282439521282 13.19945267679569 91.6
    endloop
  endfacet
  facet normal 0.7603516036238498 0.3939824449826912 0.5163751271237809
    outer loop
      vertex 34.97406305093655 13.433337846412167 89.8
      vertex 34.87066965729018 13.632878038276766 89.8
      vertex 33.87282439521282 13.19945267679569 91.6
    endloop
  endfacet
  facet normal 0.806916917092373 0.2867783412289769 0.516375127123777
    outer loop
      vertex 34.87066965729018 13.632878038276766 89.8
      vertex 34.83396534472323 13.736154075838012 89.8
      vertex 33.74082952620877 13.57085064329598 91.6
    endloop
  endfacet
  facet normal 0.11660801177287312 0.8483862915431133 0.5163751271237811
    outer loop
      vertex 36.20457931657828 12.580893110912765 89.8
      vertex 36.15542917650525 12.587648642171821 89.8
      vertex 35.93408692054689 11.522491228099843 91.6
    endloop
  endfacet
  facet normal 0.11660801177283754 0.8483862915431193 0.5163751271237793
    outer loop
      vertex 36.20457931657828 12.580893110912765 89.8
      vertex 35.93408692054689 11.522491228099843 91.6
      vertex 36.230442406205015 12.573712259425255 89.8059574761493
    endloop
  endfacet
  facet normal 0.11660801177286345 0.8483862915431151 0.5163751271237803
    outer loop
      vertex 36.27400987989563 12.571350099638996 89.8
      vertex 35.93408692054689 11.522491228099843 91.6
      vertex 36.398813655943584 12.554196215457031 89.8
    endloop
  endfacet
  facet normal 0.11660801177289798 0.8483862915431086 0.5163751271237831
    outer loop
      vertex 36.27400987989563 12.571350099638996 89.8
      vertex 36.230442406205015 12.573712259425255 89.8059574761493
      vertex 35.93408692054689 11.522491228099843 91.6
    endloop
  endfacet
  facet normal 0 0.8563624980625317 0.5163751271237804
    outer loop
      vertex 36.398813655943584 12.554196215457031 89.8
      vertex 36.32457190953586 11.46882030172227 91.6
      vertex 36.59039465713953 12.554196215457031 89.8
    endloop
  endfacet
  facet normal -2.4894670813224518e-14 0.8563624980625333 0.5163751271237778
    outer loop
      vertex 36.59039465713953 12.554196215457031 89.8
      vertex 36.32457190953586 11.46882030172227 91.6
      vertex 36.61910003545375 12.552639855067978 89.80258108611481
    endloop
  endfacet
  facet normal 7.993439908141883e-14 0.8563624980625257 0.5163751271237903
    outer loop
      vertex 36.62859341384736 12.554196215457031 89.8
      vertex 36.61910003545375 12.552639855067978 89.80258108611481
      vertex 36.32457190953586 11.46882030172227 91.6
    endloop
  endfacet
  facet normal 0 0.8563624980625317 0.5163751271237804
    outer loop
      vertex 36.62859341384736 12.554196215457031 89.8
      vertex 36.32457190953586 11.46882030172227 91.6
      vertex 36.6444863440564 12.554196215457031 89.8
    endloop
  endfacet
  facet normal -0.11660801177286863 0.8483862915431144 0.5163751271237805
    outer loop
      vertex 36.6444863440564 12.554196215457031 89.8
      vertex 36.718728090464126 11.46882030172227 91.6
      vertex 36.88787082349474 12.587648642171821 89.8
    endloop
  endfacet
  facet normal -0.2310438369172377 0.8246062536207569 0.5163751271237809
    outer loop
      vertex 36.88787082349474 12.587648642171821 89.8
      vertex 37.1092130794531 11.522491228099843 91.6
      vertex 36.965757467270016 12.60947145632516 89.8
    endloop
  endfacet
  facet normal 0.23104383691723376 0.8246062536207583 0.5163751271237806
    outer loop
      vertex 35.918866698092216 12.653930340186125 89.8
      vertex 35.55454712001609 11.62883329304587 91.6
      vertex 36.15542917650525 12.587648642171821 89.8
    endloop
  endfacet
  facet normal -0.23104383691708466 0.8246062536207935 0.5163751271237907
    outer loop
      vertex 36.965757467270016 12.60947145632516 89.8
      vertex 37.1092130794531 11.522491228099843 91.6
      vertex 37.003201009352594 12.6156100134654 89.80695077441949
    endloop
  endfacet
  facet normal -0.23104383691723188 0.8246062536207583 0.5163751271237813
    outer loop
      vertex 37.04000986907897 12.630276003633567 89.8
      vertex 37.1092130794531 11.522491228099843 91.6
      vertex 37.12443330190777 12.653930340186125 89.8
    endloop
  endfacet
  facet normal -0.23104383691737804 0.8246062536207261 0.516375127123767
    outer loop
      vertex 37.003201009352594 12.6156100134654 89.80695077441949
      vertex 37.1092130794531 11.522491228099843 91.6
      vertex 37.04000986907897 12.630276003633567 89.8
    endloop
  endfacet
  facet normal -0.34117575253155824 0.7854653614083973 0.5163751271237808
    outer loop
      vertex 37.12443330190777 12.653930340186125 89.8
      vertex 37.4887528799839 11.62883329304587 91.6
      vertex 37.34976706791607 12.751806606875725 89.8
    endloop
  endfacet
  facet normal -0.44495220940563357 0.7316927356704787 0.5163751271237764
    outer loop
      vertex 37.34976706791607 12.751806606875725 89.8
      vertex 37.850277383689516 11.785865545097318 91.6
      vertex 37.35877112932068 12.757282097912183 89.8
    endloop
  endfacet
  facet normal -0.44495220940581237 0.7316927356703751 0.5163751271237693
    outer loop
      vertex 37.35877112932068 12.757282097912183 89.8
      vertex 37.850277383689516 11.785865545097318 91.6
      vertex 37.364785193259614 12.75967831999716 89.80178682646789
    endloop
  endfacet
  facet normal -0.4449522094055069 0.7316927356705516 0.5163751271237824
    outer loop
      vertex 37.364785193259614 12.75967831999716 89.80178682646789
      vertex 37.850277383689516 11.785865545097318 91.6
      vertex 37.3828245457928 12.771909304499406 89.8
    endloop
  endfacet
  facet normal -0.444952209405539 0.7316927356705331 0.5163751271237806
    outer loop
      vertex 37.3828245457928 12.771909304499406 89.8
      vertex 37.850277383689516 11.785865545097318 91.6
      vertex 37.55967457980675 12.879454192581205 89.8
    endloop
  endfacet
  facet normal -0.5404400485002163 0.66429005868294 0.51637512712378
    outer loop
      vertex 37.55967457980675 12.879454192581205 89.8
      vertex 38.18705207309655 11.9906627705149 91.6
      vertex 37.65088078566423 12.953655944771901 89.8
    endloop
  endfacet
  facet normal -0.5404400485001029 0.6642900586830237 0.5163751271237911
    outer loop
      vertex 37.65088078566423 12.953655944771901 89.8
      vertex 38.18705207309655 11.9906627705149 91.6
      vertex 37.686945312607286 12.978108300770256 89.80628856333038
    endloop
  endfacet
  facet normal -0.540440048500339 0.6642900586828532 0.516375127123763
    outer loop
      vertex 37.686945312607286 12.978108300770256 89.80628856333038
      vertex 38.18705207309655 11.9906627705149 91.6
      vertex 37.70713437269968 12.999421632378342 89.8
    endloop
  endfacet
  facet normal -0.5404400485002058 0.664290058682948 0.5163751271237806
    outer loop
      vertex 37.70713437269968 12.999421632378342 89.8
      vertex 38.18705207309655 11.9906627705149 91.6
      vertex 37.75024565779357 13.034495264299379 89.8
    endloop
  endfacet
  facet normal -0.6258605120431456 0.5845129147871673 0.5163751271237815
    outer loop
      vertex 37.75024565779357 13.034495264299379 89.8
      vertex 38.492803472943535 12.23940998448032 91.6
      vertex 37.91793032326795 13.214041700213107 89.8
    endloop
  endfacet
  facet normal -0.6996223784202891 0.49384740122981047 0.5163751271237803
    outer loop
      vertex 37.91793032326795 13.214041700213107 89.8
      vertex 38.761836013155175 12.527473497045204 91.6
      vertex 37.939854780147115 13.245101579498034 89.8
    endloop
  endfacet
  facet normal -0.6996223784202732 0.49384740122983195 0.5163751271237815
    outer loop
      vertex 37.939854780147115 13.245101579498034 89.8
      vertex 38.761836013155175 12.527473497045204 91.6
      vertex 37.954617518270155 13.260686412651225 89.80509670677012
    endloop
  endfacet
  facet normal -0.6996223784203766 0.4938474012296952 0.5163751271237722
    outer loop
      vertex 37.954617518270155 13.260686412651225 89.80509670677012
      vertex 38.761836013155175 12.527473497045204 91.6
      vertex 37.976339601771706 13.296788796273248 89.8
    endloop
  endfacet
  facet normal -0.6996223784202957 0.4938474012297999 0.5163751271237816
    outer loop
      vertex 37.976339601771706 13.296788796273248 89.8
      vertex 38.761836013155175 12.527473497045204 91.6
      vertex 38.059604928183674 13.414748889936222 89.8
    endloop
  endfacet
  facet normal -0.7603516036238611 0.3939824449826708 0.5163751271237798
    outer loop
      vertex 38.059604928183674 13.414748889936222 89.8
      vertex 38.989138126536446 12.849487230007565 91.6
      vertex 38.13585724674355 13.56190918460262 89.8
    endloop
  endfacet
  facet normal -0.7603516036238434 0.39398244498270085 0.5163751271237831
    outer loop
      vertex 38.13585724674355 13.56190918460262 89.8
      vertex 38.989138126536446 12.849487230007565 91.6
      vertex 38.15528575540772 13.594199617191524 89.80397121013422
    endloop
  endfacet
  facet normal -0.760351603623861 0.39398244498267154 0.5163751271237791
    outer loop
      vertex 38.16030018520314 13.609081914483635 89.8
      vertex 38.15528575540772 13.594199617191524 89.80397121013422
      vertex 38.989138126536446 12.849487230007565 91.6
    endloop
  endfacet
  facet normal -0.7603516036238478 0.39398244498269314 0.5163751271237822
    outer loop
      vertex 38.16030018520314 13.609081914483635 89.8
      vertex 38.989138126536446 12.849487230007565 91.6
      vertex 38.17263034270981 13.632878038276768 89.8
    endloop
  endfacet
  facet normal -0.806916917092375 0.2867783412289636 0.5163751271237814
    outer loop
      vertex 38.17263034270981 13.632878038276768 89.8
      vertex 39.17047560478717 13.199452676795692 91.6
      vertex 38.254901117226034 13.864365811917358 89.8
    endloop
  endfacet
  facet normal -0.8384508951409101 0.174232099583594 0.5163751271237791
    outer loop
      vertex 38.254901117226034 13.864365811917358 89.8
      vertex 39.30247047379122 13.57085064329598 91.6
      vertex 38.268717034892305 13.930851657878941 89.8
    endloop
  endfacet
  facet normal -0.8384508951409267 0.174232099583526 0.5163751271237751
    outer loop
      vertex 38.268717034892305 13.930851657878941 89.8
      vertex 39.30247047379122 13.57085064329598 91.6
      vertex 38.27956700027815 13.963053207620158 89.8067521059509
    endloop
  endfacet
  facet normal -0.8384508951408844 0.1742320995836927 0.5163751271237874
    outer loop
      vertex 38.284133107954105 14.00503787436324 89.8
      vertex 38.27956700027815 13.963053207620158 89.8067521059509
      vertex 39.30247047379122 13.57085064329598 91.6
    endloop
  endfacet
  facet normal -0.8384508951409206 0.17423209958355623 0.5163751271237749
    outer loop
      vertex 38.284133107954105 14.00503787436324 89.8
      vertex 39.30247047379122 13.57085064329598 91.6
      vertex 38.30488470286539 14.104900031626757 89.8
    endloop
  endfacet
  facet normal 0 0 1
    outer loop
      vertex 34.788398882773954 13.864365811917358 89.8
      vertex 34.736206483093625 14.137191749884915 89.8
      vertex 34.7384152971346 14.104900031626757 89.8
    endloop
  endfacet
  facet normal 0 0 1
    outer loop
      vertex 34.73220167712215 14.195739940774077 89.8
      vertex 34.73220167712215 14.504260059225926 89.8
      vertex 34.72165 14.350000000000001 89.8
    endloop
  endfacet
  facet normal 0 0 1
    outer loop
      vertex 34.736206483093625 14.562808250115088 89.8
      vertex 34.809050681935375 14.893742781780249 89.8
      vertex 34.7384152971346 14.595099968373246 89.8
    endloop
  endfacet
  facet normal 0 0 1
    outer loop
      vertex 34.7384152971346 14.595099968373246 89.8
      vertex 34.809050681935375 14.893742781780249 89.8
      vertex 34.788398882773954 14.835634188082645 89.8
    endloop
  endfacet
  facet normal 0 0 1
    outer loop
      vertex 34.83396534472323 14.96384592416199 89.8
      vertex 34.97406305093655 15.266662153587836 89.8
      vertex 34.87066965729018 15.067121961723236 89.8
    endloop
  endfacet
  facet normal 0 0 1
    outer loop
      vertex 34.98128331678596 15.28059663413921 89.8
      vertex 35.1900071221094 15.555168104459506 89.8
      vertex 34.983695071816314 15.285251110063783 89.8
    endloop
  endfacet
  facet normal 0 0 1
    outer loop
      vertex 34.983695071816314 15.285251110063783 89.8
      vertex 35.1900071221094 15.555168104459506 89.8
      vertex 35.125369676732035 15.485958299786896 89.8
    endloop
  endfacet
  facet normal 0 0 1
    outer loop
      vertex 35.24233735912438 15.611200106670204 89.8
      vertex 35.50183462140416 15.831619067976574 89.8
      vertex 35.29305434220642 15.665504735700624 89.8
    endloop
  endfacet
  facet normal 0 0 1
    outer loop
      vertex 35.29305434220642 15.665504735700624 89.8
      vertex 35.50183462140416 15.831619067976574 89.8
      vertex 35.483625420193235 15.820545807418798 89.8
    endloop
  endfacet
  facet normal 0 0 1
    outer loop
      vertex 35.541474715727304 15.855724743337644 89.8
      vertex 35.81724742587405 16.00193018101041 89.8
      vertex 35.69353293208392 15.948193393124276 89.8
    endloop
  endfacet
  facet normal 0 0 1
    outer loop
      vertex 38.268717034892305 14.769148342121062 89.8
      vertex 38.254901117226034 14.835634188082645 89.8
      vertex 38.17263034270981 15.067121961723236 89.8
    endloop
  endfacet
  facet normal 0 0 1
    outer loop
      vertex 38.268717034892305 14.769148342121062 89.8
      vertex 38.17263034270981 15.067121961723236 89.8
      vertex 38.16030018520314 15.09091808551637 89.8
    endloop
  endfacet
  facet normal 0 0 1
    outer loop
      vertex 35.878726427072955 16.028634279662597 89.8
      vertex 36.20457931657829 16.119106889087238 89.8
      vertex 35.918866698092216 16.046069659813877 89.8
    endloop
  endfacet
  facet normal 0 0 1
    outer loop
      vertex 35.918866698092216 16.046069659813877 89.8
      vertex 36.20457931657829 16.119106889087238 89.8
      vertex 36.15542917650525 16.11235135782818 89.8
    endloop
  endfacet
  facet normal 0 0 1
    outer loop
      vertex 36.27400987989563 16.128649900361005 89.8
      vertex 36.59039465713953 16.14580378454297 89.8
      vertex 36.398813655943584 16.14580378454297 89.8
    endloop
  endfacet
  facet normal 0 0 1
    outer loop
      vertex 36.6444863440564 16.14580378454297 89.8
      vertex 36.965757467270016 16.090528543674843 89.8
      vertex 36.88787082349474 16.11235135782818 89.8
    endloop
  endfacet
  facet normal 0 0 1
    outer loop
      vertex 36.62859341384736 16.14580378454297 89.8
      vertex 36.965757467270016 16.090528543674843 89.8
      vertex 36.6444863440564 16.14580378454297 89.8
    endloop
  endfacet
  facet normal 0 0 1
    outer loop
      vertex 38.135857246743555 15.13809081539738 89.8
      vertex 38.059604928183674 15.285251110063783 89.8
      vertex 37.976339601771706 15.403211203726755 89.8
    endloop
  endfacet
  facet normal 0 0 1
    outer loop
      vertex 37.939854780147115 15.45489842050197 89.8
      vertex 37.75024565779357 15.665504735700624 89.8
      vertex 37.70713437269968 15.700578367621663 89.8
    endloop
  endfacet
  facet normal 0 0 1
    outer loop
      vertex 37.939854780147115 15.45489842050197 89.8
      vertex 37.91793032326795 15.485958299786896 89.8
      vertex 37.75024565779357 15.665504735700624 89.8
    endloop
  endfacet
  facet normal 0 0 1
    outer loop
      vertex 37.12443330190777 16.046069659813877 89.8
      vertex 37.04000986907897 16.069723996366438 89.8
      vertex 37.35877112932068 15.94271790208782 89.8
    endloop
  endfacet
  facet normal 0 0 1
    outer loop
      vertex 37.12443330190777 16.046069659813877 89.8
      vertex 37.35877112932068 15.94271790208782 89.8
      vertex 37.34976706791607 15.948193393124276 89.8
    endloop
  endfacet
  facet normal 0 0 1
    outer loop
      vertex 37.65088078566423 15.746344055228102 89.8
      vertex 37.55967457980675 15.820545807418798 89.8
      vertex 37.3828245457928 15.928090695500597 89.8
    endloop
  endfacet
  facet normal 0 0 1
    outer loop
      vertex 38.284133107954105 14.00503787436324 89.8
      vertex 38.30488470286539 14.104900031626757 89.8
      vertex 38.32164999999999 14.350000000000001 89.8
    endloop
  endfacet
  facet normal 0 0 1
    outer loop
      vertex 38.284133107954105 14.694962125636764 89.8
      vertex 38.32164999999999 14.350000000000001 89.8
      vertex 38.30488470286539 14.595099968373246 89.8
    endloop
  endfacet
  facet normal 0.8543661194229821 0.05844024358286536 0.5163751271237702
    outer loop
      vertex 34.7384152971346 14.104900031626757 89.8
      vertex 34.736206483093625 14.137191749884915 89.8
      vertex 33.63373791208791 14.350000000000001 91.6
    endloop
  endfacet
  facet normal 0.8543661194229819 0.058440243582739464 0.5163751271237849
    outer loop
      vertex 34.736206483093625 14.137191749884915 89.8
      vertex 34.73220167712215 14.155385766836906 89.80456704366766
      vertex 33.63373791208791 14.350000000000001 91.6
    endloop
  endfacet
  facet normal 0.8543661194229819 0.05844024358276043 0.5163751271237826
    outer loop
      vertex 34.73220167712215 14.195739940774077 89.8
      vertex 33.63373791208791 14.350000000000001 91.6
      vertex 34.73220167712215 14.155385766836906 89.80456704366766
    endloop
  endfacet
  facet normal 0.8543661194229817 0.05844024358277918 0.5163751271237809
    outer loop
      vertex 34.73220167712215 14.195739940774077 89.8
      vertex 34.72165 14.350000000000001 89.8
      vertex 33.63373791208791 14.350000000000001 91.6
    endloop
  endfacet
  facet normal 0.8543661194229822 -0.058440243582779224 0.51637512712378
    outer loop
      vertex 34.72165 14.350000000000001 89.8
      vertex 34.73220167712215 14.504260059225926 89.8
      vertex 33.660636081117055 14.743237311895536 91.6
    endloop
  endfacet
  facet normal 0.8543661194229842 -0.058440243582759996 0.5163751271237786
    outer loop
      vertex 34.73220167712215 14.504260059225926 89.8
      vertex 34.73220167712215 14.544614233163097 89.80456704366766
      vertex 33.660636081117055 14.743237311895536 91.6
    endloop
  endfacet
  facet normal 0.8543661194229861 -0.058440243582742156 0.5163751271237776
    outer loop
      vertex 34.736206483093625 14.562808250115088 89.8
      vertex 33.660636081117055 14.743237311895536 91.6
      vertex 34.73220167712215 14.544614233163097 89.80456704366766
    endloop
  endfacet
  facet normal 0.8543661194229745 -0.05844024358286484 0.5163751271237832
    outer loop
      vertex 34.736206483093625 14.562808250115088 89.8
      vertex 34.7384152971346 14.595099968373246 89.8
      vertex 33.660636081117055 14.743237311895536 91.6
    endloop
  endfacet
  facet normal 0.838450895140912 -0.17423209958358532 0.5163751271237788
    outer loop
      vertex 34.7384152971346 14.595099968373246 89.8
      vertex 34.788398882773954 14.835634188082645 89.8
      vertex 33.74082952620877 15.129149356704023 91.6
    endloop
  endfacet
  facet normal 0.8069169170923898 -0.28677834122893026 0.516375127123777
    outer loop
      vertex 34.788398882773954 14.835634188082645 89.8
      vertex 34.809050681935375 14.893742781780249 89.8
      vertex 33.87282439521282 15.500547323204312 91.6
    endloop
  endfacet
  facet normal 0.806916917092341 -0.2867783412290443 0.5163751271237899
    outer loop
      vertex 34.809050681935375 14.893742781780249 89.8
      vertex 34.81587429187095 14.924742754244765 89.80655344188965
      vertex 33.87282439521282 15.500547323204312 91.6
    endloop
  endfacet
  facet normal 0.806916917092396 -0.28677834122891305 0.5163751271237766
    outer loop
      vertex 34.81587429187095 14.924742754244765 89.80655344188965
      vertex 34.83396534472323 14.96384592416199 89.8
      vertex 33.87282439521282 15.500547323204312 91.6
    endloop
  endfacet
  facet normal 0.8069169170923703 -0.28677834122897594 0.5163751271237818
    outer loop
      vertex 34.83396534472323 14.96384592416199 89.8
      vertex 34.87066965729018 15.067121961723236 89.8
      vertex 33.87282439521282 15.500547323204312 91.6
    endloop
  endfacet
  facet normal 0.7603516036238492 -0.3939824449826909 0.5163751271237819
    outer loop
      vertex 34.87066965729018 15.067121961723236 89.8
      vertex 34.97406305093655 15.266662153587836 89.8
      vertex 34.05416187346354 15.85051276999244 91.6
    endloop
  endfacet
  facet normal 0.7603516036241442 -0.3939824449821526 0.516375127123758
    outer loop
      vertex 34.97406305093655 15.266662153587836 89.8
      vertex 34.97930708289833 15.27799694291864 89.80092645806737
      vertex 34.05416187346354 15.85051276999244 91.6
    endloop
  endfacet
  facet normal 0.7603516036231722 -0.39398244498393886 0.5163751271238266
    outer loop
      vertex 34.97930708289833 15.27799694291864 89.80092645806737
      vertex 34.98128331678596 15.28059663413921 89.8
      vertex 34.05416187346354 15.85051276999244 91.6
    endloop
  endfacet
  facet normal 0.7603516036239127 -0.3939824449825755 0.5163751271237764
    outer loop
      vertex 34.98128331678596 15.28059663413921 89.8
      vertex 34.983695071816314 15.285251110063783 89.8
      vertex 34.05416187346354 15.85051276999244 91.6
    endloop
  endfacet
  facet normal 0.6996223784203045 -0.4938474012297897 0.5163751271237795
    outer loop
      vertex 34.983695071816314 15.285251110063783 89.8
      vertex 35.125369676732035 15.485958299786896 89.8
      vertex 34.28146398684481 16.1725265029548 91.6
    endloop
  endfacet
  facet normal 0.6258605120431427 -0.5845129147871702 0.5163751271237815
    outer loop
      vertex 35.125369676732035 15.485958299786896 89.8
      vertex 35.1900071221094 15.555168104459506 89.8
      vertex 34.55049652705645 16.46059001551968 91.6
    endloop
  endfacet
  facet normal 0.6258605120432165 -0.5845129147870994 0.5163751271237722
    outer loop
      vertex 35.1900071221094 15.555168104459506 89.8
      vertex 35.21485811453836 15.587859025936163 89.80688455110692
      vertex 34.55049652705645 16.46059001551968 91.6
    endloop
  endfacet
  facet normal 0.6258605120431198 -0.584512914787194 0.5163751271237824
    outer loop
      vertex 35.21485811453836 15.587859025936163 89.80688455110692
      vertex 35.24233735912438 15.611200106670204 89.8
      vertex 34.55049652705645 16.46059001551968 91.6
    endloop
  endfacet
  facet normal 0.6258605120431255 -0.5845129147871884 0.5163751271237819
    outer loop
      vertex 35.24233735912438 15.611200106670204 89.8
      vertex 35.29305434220642 15.665504735700624 89.8
      vertex 34.55049652705645 16.46059001551968 91.6
    endloop
  endfacet
  facet normal 0.5404400485002074 -0.6642900586829467 0.5163751271237809
    outer loop
      vertex 35.29305434220642 15.665504735700624 89.8
      vertex 35.483625420193235 15.820545807418798 89.8
      vertex 34.856247926903436 16.709337229485104 91.6
    endloop
  endfacet
  facet normal 0.4449522094056136 -0.731692735670495 0.5163751271237705
    outer loop
      vertex 35.483625420193235 15.820545807418798 89.8
      vertex 35.50183462140416 15.831619067976574 89.8
      vertex 35.193022616310465 16.914134454902683 91.6
    endloop
  endfacet
  facet normal 0.44495220940532726 -0.7316927356706415 0.5163751271238096
    outer loop
      vertex 35.50183462140416 15.831619067976574 89.8
      vertex 35.51151328234771 15.839840196682404 89.80330921938798
      vertex 35.193022616310465 16.914134454902683 91.6
    endloop
  endfacet
  facet normal 0.44495220940559577 -0.7316927356705031 0.5163751271237743
    outer loop
      vertex 35.541474715727304 15.855724743337644 89.8
      vertex 35.193022616310465 16.914134454902683 91.6
      vertex 35.51151328234771 15.839840196682404 89.80330921938798
    endloop
  endfacet
  facet normal 0.44495220940553865 -0.7316927356705332 0.516375127123781
    outer loop
      vertex 35.541474715727304 15.855724743337644 89.8
      vertex 35.69353293208392 15.948193393124276 89.8
      vertex 35.193022616310465 16.914134454902683 91.6
    endloop
  endfacet
  facet normal 0.34117575253156407 -0.7854653614083946 0.516375127123781
    outer loop
      vertex 35.69353293208392 15.948193393124276 89.8
      vertex 35.81724742587405 16.00193018101041 89.8
      vertex 35.55454712001609 17.071166706954134 91.6
    endloop
  endfacet
  facet normal -0.6996223784202908 -0.4938474012298117 0.5163751271237768
    outer loop
      vertex 37.939854780147115 15.45489842050197 89.8
      vertex 38.989138126536446 15.85051276999244 91.6
      vertex 37.91793032326795 15.485958299786896 89.8
    endloop
  endfacet
  facet normal -0.44495220940550917 -0.7316927356705542 0.5163751271237768
    outer loop
      vertex 37.3828245457928 15.928090695500597 89.8
      vertex 38.18705207309655 16.709337229485104 91.6
      vertex 37.364785193259614 15.940321680002842 89.80178682646789
    endloop
  endfacet
  facet normal -0.34117575253156346 -0.785465361408395 0.5163751271237808
    outer loop
      vertex 37.12443330190777 16.046069659813877 89.8
      vertex 37.34976706791607 15.948193393124276 89.8
      vertex 37.85027738368952 16.914134454902683 91.6
    endloop
  endfacet
  facet normal -0.444952209405813 -0.7316927356703369 0.5163751271238228
    outer loop
      vertex 37.35877112932068 15.94271790208782 89.8
      vertex 37.364785193259614 15.940321680002842 89.80178682646789
      vertex 38.18705207309655 16.709337229485104 91.6
    endloop
  endfacet
  facet normal -0.44495220940552743 -0.7316927356705416 0.5163751271237786
    outer loop
      vertex 37.35877112932068 15.94271790208782 89.8
      vertex 38.18705207309655 16.709337229485104 91.6
      vertex 37.34976706791607 15.948193393124276 89.8
    endloop
  endfacet
  facet normal -0.5404400485002935 -0.6642900586828724 0.5163751271237863
    outer loop
      vertex 37.70713437269968 15.700578367621663 89.8
      vertex 38.492803472943535 16.46059001551968 91.6
      vertex 37.686945312607286 15.721891699229747 89.80628856333038
    endloop
  endfacet
  facet normal -0.5404400485002154 -0.664290058682939 0.5163751271237821
    outer loop
      vertex 37.65088078566423 15.746344055228102 89.8
      vertex 38.492803472943535 16.46059001551968 91.6
      vertex 37.55967457980675 15.820545807418798 89.8
    endloop
  endfacet
  facet normal -0.5404400485001076 -0.6642900586830361 0.5163751271237701
    outer loop
      vertex 37.65088078566423 15.746344055228102 89.8
      vertex 37.686945312607286 15.721891699229747 89.80628856333038
      vertex 38.492803472943535 16.46059001551968 91.6
    endloop
  endfacet
  facet normal -0.6258605120431466 -0.5845129147871682 0.5163751271237794
    outer loop
      vertex 37.91793032326795 15.485958299786896 89.8
      vertex 38.761836013155175 16.1725265029548 91.6
      vertex 37.75024565779357 15.665504735700624 89.8
    endloop
  endfacet
  facet normal -0.5404400485002221 -0.6642900586829344 0.5163751271237812
    outer loop
      vertex 37.75024565779357 15.665504735700624 89.8
      vertex 38.492803472943535 16.46059001551968 91.6
      vertex 37.70713437269968 15.700578367621663 89.8
    endloop
  endfacet
  facet normal -0.4449522094055389 -0.731692735670533 0.5163751271237809
    outer loop
      vertex 37.55967457980675 15.820545807418798 89.8
      vertex 38.18705207309655 16.709337229485104 91.6
      vertex 37.3828245457928 15.928090695500597 89.8
    endloop
  endfacet
  facet normal -0.8543661194229815 0.058440243582784525 0.5163751271237806
    outer loop
      vertex 38.30488470286539 14.104900031626757 89.8
      vertex 39.38266391888293 13.956762688104467 91.6
      vertex 38.32164999999999 14.350000000000001 89.8
    endloop
  endfacet
  facet normal -0.8543661194229815 -0.058440243582784525 0.5163751271237806
    outer loop
      vertex 38.32164999999999 14.350000000000001 89.8
      vertex 39.40956208791208 14.350000000000001 91.6
      vertex 38.30488470286539 14.595099968373246 89.8
    endloop
  endfacet
  facet normal -0.8384508951409165 -0.17423209958355537 0.5163751271237819
    outer loop
      vertex 38.284133107954105 14.694962125636764 89.8
      vertex 38.30488470286539 14.595099968373246 89.8
      vertex 39.38266391888293 14.743237311895536 91.6
    endloop
  endfacet
  facet normal -0.8384508951408943 -0.17423209958369126 0.5163751271237721
    outer loop
      vertex 38.284133107954105 14.694962125636764 89.8
      vertex 39.38266391888293 14.743237311895536 91.6
      vertex 38.27956700027815 14.736946792379845 89.8067521059509
    endloop
  endfacet
  facet normal -0.8384508951409202 -0.17423209958352118 0.5163751271237873
    outer loop
      vertex 38.268717034892305 14.769148342121062 89.8
      vertex 38.27956700027815 14.736946792379845 89.8067521059509
      vertex 39.38266391888293 14.743237311895536 91.6
    endloop
  endfacet
  facet normal -0.8384508951409098 -0.17423209958359395 0.51637512712378
    outer loop
      vertex 38.268717034892305 14.769148342121062 89.8
      vertex 39.38266391888293 14.743237311895536 91.6
      vertex 38.254901117226034 14.835634188082645 89.8
    endloop
  endfacet
  facet normal -0.8069169170923771 -0.2867783412289621 0.5163751271237791
    outer loop
      vertex 38.254901117226034 14.835634188082645 89.8
      vertex 39.30247047379122 15.129149356704023 91.6
      vertex 38.17263034270981 15.067121961723236 89.8
    endloop
  endfacet
  facet normal -0.7603516036238486 -0.3939824449826935 0.5163751271237808
    outer loop
      vertex 38.17263034270981 15.067121961723236 89.8
      vertex 39.17047560478717 15.500547323204312 91.6
      vertex 38.16030018520314 15.09091808551637 89.8
    endloop
  endfacet
  facet normal -0.760351603624044 -0.39398244498229246 0.5163751271237991
    outer loop
      vertex 38.16030018520314 15.09091808551637 89.8
      vertex 39.17047560478717 15.500547323204312 91.6
      vertex 38.15528575540772 15.105800382808479 89.80397121013421
    endloop
  endfacet
  facet normal -0.760351603623807 -0.3939824449827835 0.5163751271237732
    outer loop
      vertex 38.135857246743555 15.13809081539738 89.8
      vertex 38.15528575540772 15.105800382808479 89.80397121013421
      vertex 39.17047560478717 15.500547323204312 91.6
    endloop
  endfacet
  facet normal -0.7603516036238518 -0.3939824449826884 0.5163751271237798
    outer loop
      vertex 38.135857246743555 15.13809081539738 89.8
      vertex 39.17047560478717 15.500547323204312 91.6
      vertex 38.059604928183674 15.285251110063783 89.8
    endloop
  endfacet
  facet normal -0.6996223784202933 -0.4938474012298056 0.5163751271237795
    outer loop
      vertex 38.059604928183674 15.285251110063783 89.8
      vertex 38.989138126536446 15.85051276999244 91.6
      vertex 37.976339601771706 15.403211203726755 89.8
    endloop
  endfacet
  facet normal -0.699622378420365 -0.49384740122969106 0.5163751271237915
    outer loop
      vertex 37.954617518270155 15.439313587348778 89.80509670677012
      vertex 37.976339601771706 15.403211203726755 89.8
      vertex 38.989138126536446 15.85051276999244 91.6
    endloop
  endfacet
  facet normal -0.6996223784202755 -0.49384740122983695 0.5163751271237733
    outer loop
      vertex 37.939854780147115 15.45489842050197 89.8
      vertex 37.954617518270155 15.439313587348778 89.80509670677012
      vertex 38.989138126536446 15.85051276999244 91.6
    endloop
  endfacet
  facet normal 0.34117575253159893 -0.7854653614083813 0.5163751271237782
    outer loop
      vertex 35.81724742587405 16.00193018101041 89.8
      vertex 35.85540132038815 16.022158095670225 89.80556018769134
      vertex 35.55454712001609 17.071166706954134 91.6
    endloop
  endfacet
  facet normal 0.341175752531475 -0.7854653614084302 0.5163751271237859
    outer loop
      vertex 35.878726427072955 16.028634279662597 89.8
      vertex 35.55454712001609 17.071166706954134 91.6
      vertex 35.85540132038815 16.022158095670225 89.80556018769134
    endloop
  endfacet
  facet normal 0.3411757525315759 -0.7854653614083896 0.5163751271237808
    outer loop
      vertex 35.878726427072955 16.028634279662597 89.8
      vertex 35.918866698092216 16.046069659813877 89.8
      vertex 35.55454712001609 17.071166706954134 91.6
    endloop
  endfacet
  facet normal 0.23104383691723357 -0.8246062536207576 0.5163751271237815
    outer loop
      vertex 35.918866698092216 16.046069659813877 89.8
      vertex 36.15542917650525 16.11235135782818 89.8
      vertex 35.93408692054689 17.17750877190016 91.6
    endloop
  endfacet
  facet normal 0.11660801177285644 -0.8483862915431145 0.5163751271237826
    outer loop
      vertex 36.15542917650525 16.11235135782818 89.8
      vertex 36.20457931657829 16.119106889087238 89.8
      vertex 36.32457190953586 17.231179698277735 91.6
    endloop
  endfacet
  facet normal 0.11660801177292615 -0.8483862915431096 0.516375127123775
    outer loop
      vertex 36.20457931657829 16.119106889087238 89.8
      vertex 36.230442406205015 16.12628774057475 89.8059574761493
      vertex 36.32457190953586 17.231179698277735 91.6
    endloop
  endfacet
  facet normal 0.11660801177282949 -0.8483862915431172 0.5163751271237846
    outer loop
      vertex 36.27400987989563 16.128649900361005 89.8
      vertex 36.32457190953586 17.231179698277735 91.6
      vertex 36.230442406205015 16.12628774057475 89.8059574761493
    endloop
  endfacet
  facet normal 0.1166080117728633 -0.8483862915431141 0.5163751271237819
    outer loop
      vertex 36.27400987989563 16.128649900361005 89.8
      vertex 36.398813655943584 16.14580378454297 89.8
      vertex 36.32457190953586 17.231179698277735 91.6
    endloop
  endfacet
  facet normal 0 -0.8563624980625311 0.5163751271237818
    outer loop
      vertex 36.398813655943584 16.14580378454297 89.8
      vertex 36.59039465713953 16.14580378454297 89.8
      vertex 36.718728090464126 17.231179698277735 91.6
    endloop
  endfacet
  facet normal -2.5543647616263024e-14 -0.8563624980625302 0.516375127123783
    outer loop
      vertex 36.59039465713953 16.14580378454297 89.8
      vertex 36.61910003545375 16.147360144932023 89.80258108611481
      vertex 36.718728090464126 17.231179698277735 91.6
    endloop
  endfacet
  facet normal 7.570311456393167e-14 -0.8563624980625326 0.516375127123779
    outer loop
      vertex 36.62859341384736 16.14580378454297 89.8
      vertex 36.718728090464126 17.231179698277735 91.6
      vertex 36.61910003545375 16.147360144932023 89.80258108611481
    endloop
  endfacet
  facet normal 0 -0.856362498062531 0.5163751271237818
    outer loop
      vertex 36.62859341384736 16.14580378454297 89.8
      vertex 36.6444863440564 16.14580378454297 89.8
      vertex 36.718728090464126 17.231179698277735 91.6
    endloop
  endfacet
  facet normal -0.11660801177286245 -0.8483862915431146 0.5163751271237813
    outer loop
      vertex 36.6444863440564 16.14580378454297 89.8
      vertex 36.88787082349474 16.11235135782818 89.8
      vertex 37.1092130794531 17.17750877190016 91.6
    endloop
  endfacet
  facet normal -0.23104383691723757 -0.8246062536207563 0.5163751271237816
    outer loop
      vertex 36.88787082349474 16.11235135782818 89.8
      vertex 36.965757467270016 16.090528543674843 89.8
      vertex 37.4887528799839 17.071166706954134 91.6
    endloop
  endfacet
  facet normal -0.23104383691708266 -0.8246062536208097 0.5163751271237658
    outer loop
      vertex 36.965757467270016 16.090528543674843 89.8
      vertex 37.003201009352594 16.084389986534603 89.80695077441949
      vertex 37.4887528799839 17.071166706954134 91.6
    endloop
  endfacet
  facet normal -0.2310438369172479 -0.8246062536207536 0.5163751271237816
    outer loop
      vertex 37.12443330190777 16.046069659813877 89.8
      vertex 37.4887528799839 17.071166706954134 91.6
      vertex 37.04000986907897 16.069723996366438 89.8
    endloop
  endfacet
  facet normal -0.23104383691733418 -0.8246062536207257 0.5163751271237875
    outer loop
      vertex 37.003201009352594 16.084389986534603 89.80695077441949
      vertex 37.04000986907897 16.069723996366438 89.8
      vertex 37.4887528799839 17.071166706954134 91.6
    endloop
  endfacet
  facet normal 0.44495220940554725 0.7316927356705277 0.5163751271237812
    outer loop
      vertex 35.69353293208392 12.751806606875727 89.8
      vertex 34.856247926903436 11.9906627705149 91.6
      vertex 35.193022616310465 11.785865545097318 91.6
    endloop
  endfacet
  facet normal 0.34117575253155863 0.7854653614083972 0.5163751271237806
    outer loop
      vertex 35.918866698092216 12.653930340186125 89.8
      vertex 35.193022616310465 11.785865545097318 91.6
      vertex 35.55454712001609 11.62883329304587 91.6
    endloop
  endfacet
  facet normal 0.540440048500204 0.6642900586829497 0.5163751271237805
    outer loop
      vertex 35.483625420193235 12.879454192581205 89.8
      vertex 34.55049652705645 12.23940998448032 91.6
      vertex 34.856247926903436 11.9906627705149 91.6
    endloop
  endfacet
  facet normal 0.6258605120431544 0.5845129147871583 0.516375127123781
    outer loop
      vertex 35.29305434220642 13.034495264299379 89.8
      vertex 34.28146398684481 12.527473497045204 91.6
      vertex 34.55049652705645 12.23940998448032 91.6
    endloop
  endfacet
  facet normal 0.7603516036238529 0.39398244498268603 0.5163751271237801
    outer loop
      vertex 34.983695071816314 13.41474888993622 89.8
      vertex 33.87282439521282 13.19945267679569 91.6
      vertex 34.05416187346354 12.849487230007563 91.6
    endloop
  endfacet
  facet normal 0.8069169170923807 0.2867783412289483 0.516375127123781
    outer loop
      vertex 34.87066965729018 13.632878038276766 89.8
      vertex 33.74082952620877 13.57085064329598 91.6
      vertex 33.87282439521282 13.19945267679569 91.6
    endloop
  endfacet
  facet normal 0.8384508951409091 0.17423209958359887 0.5163751271237792
    outer loop
      vertex 34.788398882773954 13.864365811917358 89.8
      vertex 33.660636081117055 13.956762688104467 91.6
      vertex 33.74082952620877 13.57085064329598 91.6
    endloop
  endfacet
  facet normal 0.6996223784203022 0.49384740122979287 0.5163751271237796
    outer loop
      vertex 35.125369676732035 13.214041700213107 89.8
      vertex 34.05416187346354 12.849487230007563 91.6
      vertex 34.28146398684481 12.527473497045204 91.6
    endloop
  endfacet
  facet normal 0.23104383691723607 0.8246062536207573 0.516375127123781
    outer loop
      vertex 36.15542917650525 12.587648642171821 89.8
      vertex 35.55454712001609 11.62883329304587 91.6
      vertex 35.93408692054689 11.522491228099843 91.6
    endloop
  endfacet
  facet normal 0.11660801177286584 0.8483862915431146 0.5163751271237805
    outer loop
      vertex 36.398813655943584 12.554196215457031 89.8
      vertex 35.93408692054689 11.522491228099843 91.6
      vertex 36.32457190953586 11.46882030172227 91.6
    endloop
  endfacet
  facet normal -8.233067875971641e-17 0.8563624980625316 0.5163751271237804
    outer loop
      vertex 36.6444863440564 12.554196215457031 89.8
      vertex 36.32457190953586 11.46882030172227 91.6
      vertex 36.718728090464126 11.46882030172227 91.6
    endloop
  endfacet
  facet normal -0.11660801177286599 0.8483862915431144 0.5163751271237809
    outer loop
      vertex 36.88787082349474 12.587648642171821 89.8
      vertex 36.718728090464126 11.46882030172227 91.6
      vertex 37.1092130794531 11.522491228099843 91.6
    endloop
  endfacet
  facet normal -0.23104383691723626 0.8246062536207575 0.5163751271237806
    outer loop
      vertex 37.12443330190777 12.653930340186125 89.8
      vertex 37.1092130794531 11.522491228099843 91.6
      vertex 37.4887528799839 11.62883329304587 91.6
    endloop
  endfacet
  facet normal -0.3411757525315646 0.7854653614083951 0.5163751271237798
    outer loop
      vertex 37.34976706791607 12.751806606875725 89.8
      vertex 37.4887528799839 11.62883329304587 91.6
      vertex 37.850277383689516 11.785865545097318 91.6
    endloop
  endfacet
  facet normal -0.44495220940554064 0.7316927356705324 0.5163751271237804
    outer loop
      vertex 37.55967457980675 12.879454192581205 89.8
      vertex 37.850277383689516 11.785865545097318 91.6
      vertex 38.18705207309655 11.9906627705149 91.6
    endloop
  endfacet
  facet normal -0.5404400485002037 0.6642900586829494 0.516375127123781
    outer loop
      vertex 37.75024565779357 13.034495264299379 89.8
      vertex 38.18705207309655 11.9906627705149 91.6
      vertex 38.492803472943535 12.23940998448032 91.6
    endloop
  endfacet
  facet normal -0.6258605120431548 0.5845129147871587 0.5163751271237796
    outer loop
      vertex 37.91793032326795 13.214041700213107 89.8
      vertex 38.492803472943535 12.23940998448032 91.6
      vertex 38.761836013155175 12.527473497045204 91.6
    endloop
  endfacet
  facet normal -0.6996223784203033 0.4938474012297908 0.5163751271237802
    outer loop
      vertex 38.059604928183674 13.414748889936222 89.8
      vertex 38.761836013155175 12.527473497045204 91.6
      vertex 38.989138126536446 12.849487230007565 91.6
    endloop
  endfacet
  facet normal -0.7603516036238523 0.39398244498268575 0.5163751271237811
    outer loop
      vertex 38.17263034270981 13.632878038276768 89.8
      vertex 38.989138126536446 12.849487230007565 91.6
      vertex 39.17047560478717 13.199452676795692 91.6
    endloop
  endfacet
  facet normal -0.806916917092381 0.28677834122894996 0.5163751271237794
    outer loop
      vertex 38.254901117226034 13.864365811917358 89.8
      vertex 39.17047560478717 13.199452676795692 91.6
      vertex 39.30247047379122 13.57085064329598 91.6
    endloop
  endfacet
  facet normal -0.8384508951409083 0.17423209958359867 0.5163751271237806
    outer loop
      vertex 38.30488470286539 14.104900031626757 89.8
      vertex 39.30247047379122 13.57085064329598 91.6
      vertex 39.38266391888293 13.956762688104467 91.6
    endloop
  endfacet
  facet normal 0.8543661194229815 0.05844024358278455 0.5163751271237806
    outer loop
      vertex 34.7384152971346 14.104900031626757 89.8
      vertex 33.63373791208791 14.350000000000001 91.6
      vertex 33.660636081117055 13.956762688104467 91.6
    endloop
  endfacet
  facet normal 0.8543661194229815 -0.05844024358278441 0.5163751271237806
    outer loop
      vertex 34.72165 14.350000000000001 89.8
      vertex 33.660636081117055 14.743237311895536 91.6
      vertex 33.63373791208791 14.350000000000001 91.6
    endloop
  endfacet
  facet normal 0.8384508951409083 -0.17423209958359867 0.5163751271237806
    outer loop
      vertex 34.7384152971346 14.595099968373246 89.8
      vertex 33.74082952620877 15.129149356704023 91.6
      vertex 33.660636081117055 14.743237311895536 91.6
    endloop
  endfacet
  facet normal 0.8069169170923813 -0.2867783412289487 0.5163751271237794
    outer loop
      vertex 34.788398882773954 14.835634188082645 89.8
      vertex 33.87282439521282 15.500547323204312 91.6
      vertex 33.74082952620877 15.129149356704023 91.6
    endloop
  endfacet
  facet normal 0.7603516036238523 -0.39398244498268575 0.5163751271237811
    outer loop
      vertex 34.87066965729018 15.067121961723236 89.8
      vertex 34.05416187346354 15.85051276999244 91.6
      vertex 33.87282439521282 15.500547323204312 91.6
    endloop
  endfacet
  facet normal 0.6996223784203021 -0.49384740122979265 0.5163751271237801
    outer loop
      vertex 34.983695071816314 15.285251110063783 89.8
      vertex 34.28146398684481 16.1725265029548 91.6
      vertex 34.05416187346354 15.85051276999244 91.6
    endloop
  endfacet
  facet normal 0.6258605120431532 -0.5845129147871607 0.5163751271237796
    outer loop
      vertex 35.125369676732035 15.485958299786896 89.8
      vertex 34.55049652705645 16.46059001551968 91.6
      vertex 34.28146398684481 16.1725265029548 91.6
    endloop
  endfacet
  facet normal 0.5404400485002087 -0.6642900586829458 0.5163751271237806
    outer loop
      vertex 35.29305434220642 15.665504735700624 89.8
      vertex 34.856247926903436 16.709337229485104 91.6
      vertex 34.55049652705645 16.46059001551968 91.6
    endloop
  endfacet
  facet normal 0.4449522094055417 -0.7316927356705313 0.516375127123781
    outer loop
      vertex 35.483625420193235 15.820545807418798 89.8
      vertex 35.193022616310465 16.914134454902683 91.6
      vertex 34.856247926903436 16.709337229485104 91.6
    endloop
  endfacet
  facet normal 0.3411757525315653 -0.7854653614083941 0.5163751271237809
    outer loop
      vertex 35.69353293208392 15.948193393124276 89.8
      vertex 35.55454712001609 17.071166706954134 91.6
      vertex 35.193022616310465 16.914134454902683 91.6
    endloop
  endfacet
  facet normal -0.5404400485002083 -0.6642900586829457 0.5163751271237809
    outer loop
      vertex 37.55967457980675 15.820545807418798 89.8
      vertex 38.492803472943535 16.46059001551968 91.6
      vertex 38.18705207309655 16.709337229485104 91.6
    endloop
  endfacet
  facet normal -0.8543661194229815 0.05844024358278441 0.5163751271237806
    outer loop
      vertex 38.32164999999999 14.350000000000001 89.8
      vertex 39.38266391888293 13.956762688104467 91.6
      vertex 39.40956208791208 14.350000000000001 91.6
    endloop
  endfacet
  facet normal -0.8543661194229815 -0.05844024358278455 0.5163751271237806
    outer loop
      vertex 38.30488470286539 14.595099968373246 89.8
      vertex 39.40956208791208 14.350000000000001 91.6
      vertex 39.38266391888293 14.743237311895536 91.6
    endloop
  endfacet
  facet normal -0.8384508951409091 -0.17423209958359887 0.5163751271237792
    outer loop
      vertex 38.254901117226034 14.835634188082645 89.8
      vertex 39.38266391888293 14.743237311895536 91.6
      vertex 39.30247047379122 15.129149356704023 91.6
    endloop
  endfacet
  facet normal -0.8069169170923807 -0.2867783412289483 0.516375127123781
    outer loop
      vertex 38.17263034270981 15.067121961723236 89.8
      vertex 39.30247047379122 15.129149356704023 91.6
      vertex 39.17047560478717 15.500547323204312 91.6
    endloop
  endfacet
  facet normal -0.7603516036238529 -0.39398244498268603 0.5163751271237801
    outer loop
      vertex 38.059604928183674 15.285251110063783 89.8
      vertex 39.17047560478717 15.500547323204312 91.6
      vertex 38.989138126536446 15.85051276999244 91.6
    endloop
  endfacet
  facet normal -0.6996223784203022 -0.49384740122979287 0.5163751271237796
    outer loop
      vertex 37.91793032326795 15.485958299786896 89.8
      vertex 38.989138126536446 15.85051276999244 91.6
      vertex 38.761836013155175 16.1725265029548 91.6
    endloop
  endfacet
  facet normal -0.6258605120431526 -0.5845129147871604 0.5163751271237808
    outer loop
      vertex 37.75024565779357 15.665504735700624 89.8
      vertex 38.761836013155175 16.1725265029548 91.6
      vertex 38.492803472943535 16.46059001551968 91.6
    endloop
  endfacet
  facet normal 0.231043836917236 -0.8246062536207571 0.5163751271237812
    outer loop
      vertex 35.918866698092216 16.046069659813877 89.8
      vertex 35.93408692054689 17.17750877190016 91.6
      vertex 35.55454712001609 17.071166706954134 91.6
    endloop
  endfacet
  facet normal 0.1166080117728658 -0.8483862915431141 0.5163751271237815
    outer loop
      vertex 36.15542917650525 16.11235135782818 89.8
      vertex 36.32457190953586 17.231179698277735 91.6
      vertex 35.93408692054689 17.17750877190016 91.6
    endloop
  endfacet
  facet normal 2.8727935663443635e-17 -0.856362498062531 0.5163751271237818
    outer loop
      vertex 36.398813655943584 16.14580378454297 89.8
      vertex 36.718728090464126 17.231179698277735 91.6
      vertex 36.32457190953586 17.231179698277735 91.6
    endloop
  endfacet
  facet normal -0.11660801177286578 -0.8483862915431138 0.5163751271237818
    outer loop
      vertex 36.6444863440564 16.14580378454297 89.8
      vertex 37.1092130794531 17.17750877190016 91.6
      vertex 36.718728090464126 17.231179698277735 91.6
    endloop
  endfacet
  facet normal -0.23104383691723607 -0.8246062536207569 0.5163751271237814
    outer loop
      vertex 36.88787082349474 16.11235135782818 89.8
      vertex 37.4887528799839 17.071166706954134 91.6
      vertex 37.1092130794531 17.17750877190016 91.6
    endloop
  endfacet
  facet normal -0.3411757525315652 -0.7854653614083942 0.516375127123781
    outer loop
      vertex 37.12443330190777 16.046069659813877 89.8
      vertex 37.85027738368952 16.914134454902683 91.6
      vertex 37.4887528799839 17.071166706954134 91.6
    endloop
  endfacet
  facet normal -0.44495220940554164 -0.7316927356705314 0.516375127123781
    outer loop
      vertex 37.34976706791607 15.948193393124276 89.8
      vertex 38.18705207309655 16.709337229485104 91.6
      vertex 37.85027738368952 16.914134454902683 91.6
    endloop
  endfacet
  facet normal 0 0 -1
    outer loop
      vertex -40.72548062354326 -16.859473556280136 88.6
      vertex -36.81285759379497 -16.12628774057475 88.6
      vertex -36.42419996454624 -16.147360144932023 88.6
    endloop
  endfacet
  facet normal 0 0 -1
    outer loop
      vertex -40.72548062354326 -16.859473556280136 88.6
      vertex -36.42419996454624 -16.147360144932023 88.6
      vertex -36.040098990647394 -16.084389986534603 88.6
    endloop
  endfacet
  facet normal 0 0 -1
    outer loop
      vertex -40.72548062354326 -16.859473556280136 88.6
      vertex -40.81617910414934 -16.47188813984394 88.6
      vertex -37.82844188546163 -15.587859025936163 88.6
    endloop
  endfacet
  facet normal 0 0 -1
    outer loop
      vertex -40.81617910414934 -16.47188813984394 88.6
      vertex -40.8466500043869 -16.075000002980232 88.6
      vertex -37.82844188546163 -15.587859025936163 88.6
    endloop
  endfacet
  facet normal 0 0 -1
    outer loop
      vertex -40.72548062354326 -16.859473556280136 88.6
      vertex -37.82844188546163 -15.587859025936163 88.6
      vertex -37.53178671765228 -15.839840196682404 88.6
    endloop
  endfacet
  facet normal 0 0 -1
    outer loop
      vertex -40.72548062354326 -16.859473556280136 88.6
      vertex -37.53178671765228 -15.839840196682404 88.6
      vertex -37.18789867961184 -16.022158095670225 88.6
    endloop
  endfacet
  facet normal 0 0 -1
    outer loop
      vertex -40.8466500043869 -16.075000002980232 88.6
      vertex -38.22742570812904 -14.924742754244765 88.6
      vertex -38.06399291710166 -15.27799694291864 88.6
    endloop
  endfacet
  facet normal 0 0 -1
    outer loop
      vertex -40.8466500043869 -16.075000002980232 88.6
      vertex -38.31109832287784 -14.544614233163097 88.6
      vertex -38.22742570812904 -14.924742754244765 88.6
    endloop
  endfacet
  facet normal 0 0 -1
    outer loop
      vertex -40.8466500043869 -16.075000002980232 88.6
      vertex -38.06399291710166 -15.27799694291864 88.6
      vertex -37.82844188546163 -15.587859025936163 88.6
    endloop
  endfacet
  facet normal 0 0 -1
    outer loop
      vertex -40.72548062354326 -16.859473556280136 88.6
      vertex -37.18789867961184 -16.022158095670225 88.6
      vertex -36.81285759379497 -16.12628774057475 88.6
    endloop
  endfacet
  facet normal 0 0 -1
    outer loop
      vertex -35.3563546873927 -12.978108300770256 88.6
      vertex -25.677016708074593 -3.747272091607478 88.6
      vertex -35.08868248172983 -13.260686412651225 88.6
    endloop
  endfacet
  facet normal 0 0 -1
    outer loop
      vertex -36.040098990647394 -12.6156100134654 88.6
      vertex -26.200133469654507 -3.149822032605652 88.6
      vertex -35.678514806740374 -12.75967831999716 88.6
    endloop
  endfacet
  facet normal 0 0 -1
    outer loop
      vertex -35.3563546873927 -12.978108300770256 88.6
      vertex -35.678514806740374 -12.75967831999716 88.6
      vertex -25.9498873874928 -3.4584519117844175 88.6
    endloop
  endfacet
  facet normal 0 0 -1
    outer loop
      vertex -34.88801424459227 -13.594199617191524 88.6
      vertex -35.08868248172983 -13.260686412651225 88.6
      vertex -25.069774110676246 -4.25898895389761 88.6
    endloop
  endfacet
  facet normal 0 0 -1
    outer loop
      vertex -35.678514806740374 -15.940321680002842 88.6
      vertex -35.3563546873927 -15.721891699229747 88.6
      vertex -0.0993516680153481 -5.249059844016124 88.6
    endloop
  endfacet
  facet normal 0 0 -1
    outer loop
      vertex -35.3563546873927 -15.721891699229747 88.6
      vertex -35.08868248172983 -15.439313587348778 88.6
      vertex -0.8899009048445078 -5.1740290277072205 88.6
    endloop
  endfacet
  facet normal 0 0 -1
    outer loop
      vertex -35.08868248172983 -15.439313587348778 88.6
      vertex -34.88801424459227 -15.105800382808479 88.6
      vertex -2.032014060311641 -4.84080766594747 88.6
    endloop
  endfacet
  facet normal 0 0 -1
    outer loop
      vertex -34.76373299972184 -14.736946792379845 88.6
      vertex -34.72165 -14.350000000000001 88.6
      vertex -3.677016708074592 -3.747272091607478 88.6
    endloop
  endfacet
  facet normal 0 0 -1
    outer loop
      vertex -34.88801424459227 -15.105800382808479 88.6
      vertex -34.76373299972184 -14.736946792379845 88.6
      vertex -3.0697741106762466 -4.25898895389761 88.6
    endloop
  endfacet
  facet normal 0 0 -1
    outer loop
      vertex -34.72165 -14.350000000000001 88.6
      vertex -34.76373299972184 -13.963053207620158 88.6
      vertex -4.627156096576907 -2.4803077345182727 88.6
    endloop
  endfacet
  facet normal 0 0 -1
    outer loop
      vertex -34.76373299972184 -13.963053207620158 88.6
      vertex -34.88801424459227 -13.594199617191524 88.6
      vertex -4.801486694401463 -2.1232582328783534 88.6
    endloop
  endfacet
  facet normal -0.543567557486035 -0.8393654212848336 0
    outer loop
      vertex -39.82283607125282 -18.14276146888733 88.6
      vertex -39.488721534609795 -18.3591318577528 88.6
      vertex -39.82283607125282 -18.14276146888733 91.6
    endloop
  endfacet
  facet normal -0.7714891756386579 -0.6362424473990902 0
    outer loop
      vertex -40.37326633930206 -17.570828519761562 88.6
      vertex -40.12000614404678 -17.877924501895905 88.6
      vertex -40.37326633930206 -17.570828519761562 91.6
    endloop
  endfacet
  facet normal -0.6653257079666879 -0.7465532146596287 0
    outer loop
      vertex -39.82283607125282 -18.14276146888733 88.6
      vertex -40.12000614404678 -17.877924501895905 91.6
      vertex -40.12000614404678 -17.877924501895905 88.6
    endloop
  endfacet
  facet normal -0.40906862127484517 -0.9125036236028311 0
    outer loop
      vertex -39.12549388408661 -18.521964125335217 88.6
      vertex -39.488721534609795 -18.3591318577528 91.6
      vertex -39.488721534609795 -18.3591318577528 88.6
    endloop
  endfacet
  facet normal -0.26498151250182994 -0.9642534926212311 0
    outer loop
      vertex -39.12549388408661 -18.521964125335217 88.6
      vertex -38.74166688323021 -18.627441637218 88.6
      vertex -39.12549388408661 -18.521964125335217 91.6
    endloop
  endfacet
  facet normal -0.11468342257887829 -0.9934020900851751 0
    outer loop
      vertex -38.74166688323021 -18.627441637218 88.6
      vertex -38.34623710811138 -18.67309207469225 88.6
      vertex -38.74166688323021 -18.627441637218 91.6
    endloop
  endfacet
  facet normal -0.01915488679901077 -0.9998165283249307 0
    outer loop
      vertex -38.34623710811138 -18.67309207469225 88.6
      vertex -38.246650002896786 -18.67500000447035 88.6
      vertex -38.34623710811138 -18.67309207469225 91.6
    endloop
  endfacet
  facet normal -0.8595696052506151 -0.5110186823681713 0
    outer loop
      vertex -40.37326633930206 -17.570828519761562 88.6
      vertex -40.576680451631546 -17.228671580553055 91.6
      vertex -40.576680451631546 -17.228671580553055 88.6
    endloop
  endfacet
  facet normal -0.9275024512810598 -0.37381707139672676 0
    outer loop
      vertex -40.576680451631546 -17.228671580553055 88.6
      vertex -40.72548062354326 -16.859473556280136 91.6
      vertex -40.72548062354326 -16.859473556280136 88.6
    endloop
  endfacet
  facet normal -0.9736954248027249 -0.22785350495053003 0
    outer loop
      vertex -40.72548062354326 -16.859473556280136 88.6
      vertex -40.81617910414934 -16.47188813984394 91.6
      vertex -40.81617910414934 -16.47188813984394 88.6
    endloop
  endfacet
  facet normal -0.997065800756516 -0.07654925840115992 0
    outer loop
      vertex -40.81617910414934 -16.47188813984394 88.6
      vertex -40.8466500043869 -16.075000002980232 91.6
      vertex -40.8466500043869 -16.075000002980232 88.6
    endloop
  endfacet
  facet normal 0 0 -1
    outer loop
      vertex -40.8466500043869 -16.075000002980232 88.6
      vertex -40.8466500043869 16.075000002980232 88.6
      vertex -38.31109832287784 -14.544614233163097 88.6
    endloop
  endfacet
  facet normal 0 0 -1
    outer loop
      vertex -37.53178671765228 -12.860159803317599 88.6
      vertex -27.15626187844706 -0.9876555274353285 88.6
      vertex -37.18789867961184 -12.677841904329776 88.6
    endloop
  endfacet
  facet normal 0 0 -1
    outer loop
      vertex -36.81285759379497 -12.573712259425255 88.6
      vertex -26.80148669440146 -2.1232582328783534 88.6
      vertex -36.42419996454624 -12.552639855067978 88.6
    endloop
  endfacet
  facet normal 0 0 -1
    outer loop
      vertex -37.18789867961184 -12.677841904329776 88.6
      vertex -27.06679942899515 -1.374788546044235 88.6
      vertex -36.81285759379497 -12.573712259425255 88.6
    endloop
  endfacet
  facet normal 0 0 -1
    outer loop
      vertex -37.82844188546163 -13.11214097406384 88.6
      vertex -27.24623971278574 -0.1986677527677682 88.6
      vertex -37.53178671765228 -12.860159803317599 88.6
    endloop
  endfacet
  facet normal 0 0 -1
    outer loop
      vertex -36.42419996454624 -12.552639855067978 88.6
      vertex -26.627156096576908 -2.4803077345182727 88.6
      vertex -36.040098990647394 -12.6156100134654 88.6
    endloop
  endfacet
  facet normal 0 0 -1
    outer loop
      vertex -38.31109832287784 -14.544614233163097 88.6
      vertex -40.8466500043869 16.075000002980232 88.6
      vertex -38.31109832287784 -14.155385766836906 88.6
    endloop
  endfacet
  facet normal 0 0 -1
    outer loop
      vertex -38.31109832287784 -14.155385766836906 88.6
      vertex -40.8466500043869 16.075000002980232 88.6
      vertex -38.22742570812904 -13.775257245755238 88.6
    endloop
  endfacet
  facet normal 0 0 -1
    outer loop
      vertex -38.22742570812904 -13.775257245755238 88.6
      vertex -40.8466500043869 16.075000002980232 88.6
      vertex -38.06399291710166 -13.422003057081362 88.6
    endloop
  endfacet
  facet normal 0 0 -1
    outer loop
      vertex -38.06399291710166 -13.422003057081362 88.6
      vertex -40.8466500043869 16.075000002980232 88.6
      vertex -37.82844188546163 -13.11214097406384 88.6
    endloop
  endfacet
  facet normal 0 0 -1
    outer loop
      vertex -37.53178671765228 -12.860159803317599 88.6
      vertex -27.24623971278574 -0.1986677527677682 88.6
      vertex -27.21618972680672 -0.5948653074066669 88.6
    endloop
  endfacet
  facet normal 0 0 -1
    outer loop
      vertex -37.82844188546163 -13.11214097406384 88.6
      vertex -27.24623971278574 0.1986677527677682 88.6
      vertex -27.24623971278574 -0.1986677527677682 88.6
    endloop
  endfacet
  facet normal 0 0 -1
    outer loop
      vertex -34.88801424459227 -13.594199617191524 88.6
      vertex -25.069774110676246 -4.25898895389761 88.6
      vertex -24.738880423302543 -4.478954568518202 88.6
    endloop
  endfacet
  facet normal 0 0 -1
    outer loop
      vertex -35.08868248172983 -13.260686412651225 88.6
      vertex -25.383084409940604 -4.014628236240167 88.6
      vertex -25.069774110676246 -4.25898895389761 88.6
    endloop
  endfacet
  facet normal 0 0 -1
    outer loop
      vertex -35.08868248172983 -13.260686412651225 88.6
      vertex -25.677016708074593 -3.747272091607478 88.6
      vertex -25.383084409940604 -4.014628236240167 88.6
    endloop
  endfacet
  facet normal 0 0 -1
    outer loop
      vertex -34.88801424459227 -13.594199617191524 88.6
      vertex -24.39229867689527 -4.673265136981333 88.6
      vertex -24.032014060311642 -4.84080766594747 88.6
    endloop
  endfacet
  facet normal 0 0 -1
    outer loop
      vertex -34.88801424459227 -13.594199617191524 88.6
      vertex -24.032014060311642 -4.84080766594747 88.6
      vertex -23.660090251208324 -4.980622486983236 88.6
    endloop
  endfacet
  facet normal 0 0 -1
    outer loop
      vertex -34.88801424459227 -13.594199617191524 88.6
      vertex -23.660090251208324 -4.980622486983236 88.6
      vertex -23.278657595482706 -5.091908753455268 88.6
    endloop
  endfacet
  facet normal 0 0 -1
    outer loop
      vertex -34.88801424459227 -13.594199617191524 88.6
      vertex -23.278657595482706 -5.091908753455268 88.6
      vertex -22.88990090484451 -5.1740290277072205 88.6
    endloop
  endfacet
  facet normal 0 0 -1
    outer loop
      vertex -34.88801424459227 -13.594199617191524 88.6
      vertex -24.738880423302543 -4.478954568518202 88.6
      vertex -24.39229867689527 -4.673265136981333 88.6
    endloop
  endfacet
  facet normal 0 0 -1
    outer loop
      vertex -34.88801424459227 -13.594199617191524 88.6
      vertex -22.88990090484451 -5.1740290277072205 88.6
      vertex -22.496046942412168 -5.226512932244934 88.6
    endloop
  endfacet
  facet normal 0 0 -1
    outer loop
      vertex -34.88801424459227 -13.594199617191524 88.6
      vertex -22.496046942412168 -5.226512932244934 88.6
      vertex -22.09935166801535 -5.249059844016124 88.6
    endloop
  endfacet
  facet normal 0 0 -1
    outer loop
      vertex -34.88801424459227 -13.594199617191524 88.6
      vertex -22.09935166801535 -5.249059844016124 88.6
      vertex -21.702087316261363 -5.241540616351994 88.6
    endloop
  endfacet
  facet normal 0 0 -1
    outer loop
      vertex -34.88801424459227 -13.594199617191524 88.6
      vertex -21.702087316261363 -5.241540616351994 88.6
      vertex -21.306529381381065 -5.203998318707671 88.6
    endloop
  endfacet
  facet normal 0 0 -1
    outer loop
      vertex -34.88801424459227 -13.594199617191524 88.6
      vertex -21.306529381381065 -5.203998318707671 88.6
      vertex -20.914943583403996 -5.136647989964256 88.6
    endloop
  endfacet
  facet normal 0 0 -1
    outer loop
      vertex -36.040098990647394 -12.6156100134654 88.6
      vertex -26.426321567663194 -2.823150258069814 88.6
      vertex -26.200133469654507 -3.149822032605652 88.6
    endloop
  endfacet
  facet normal 0 0 -1
    outer loop
      vertex -36.040098990647394 -12.6156100134654 88.6
      vertex -26.627156096576908 -2.4803077345182727 88.6
      vertex -26.426321567663194 -2.823150258069814 88.6
    endloop
  endfacet
  facet normal 0 0 -1
    outer loop
      vertex -35.3563546873927 -12.978108300770256 88.6
      vertex -25.9498873874928 -3.4584519117844175 88.6
      vertex -25.677016708074593 -3.747272091607478 88.6
    endloop
  endfacet
  facet normal 0 0 -1
    outer loop
      vertex -35.678514806740374 -12.75967831999716 88.6
      vertex -26.200133469654507 -3.149822032605652 88.6
      vertex -25.9498873874928 -3.4584519117844175 88.6
    endloop
  endfacet
  facet normal 0 0 -1
    outer loop
      vertex -36.81285759379497 -12.573712259425255 88.6
      vertex -26.94831481125978 -1.7540469003612968 88.6
      vertex -26.80148669440146 -2.1232582328783534 88.6
    endloop
  endfacet
  facet normal 0 0 -1
    outer loop
      vertex -36.42419996454624 -12.552639855067978 88.6
      vertex -26.80148669440146 -2.1232582328783534 88.6
      vertex -26.627156096576908 -2.4803077345182727 88.6
    endloop
  endfacet
  facet normal 0 0 -1
    outer loop
      vertex -37.18789867961184 -12.677841904329776 88.6
      vertex -27.15626187844706 -0.9876555274353285 88.6
      vertex -27.06679942899515 -1.374788546044235 88.6
    endloop
  endfacet
  facet normal 0 0 -1
    outer loop
      vertex -36.81285759379497 -12.573712259425255 88.6
      vertex -27.06679942899515 -1.374788546044235 88.6
      vertex -26.94831481125978 -1.7540469003612968 88.6
    endloop
  endfacet
  facet normal 0 0 -1
    outer loop
      vertex -37.53178671765228 -12.860159803317599 88.6
      vertex -27.21618972680672 -0.5948653074066669 88.6
      vertex -27.15626187844706 -0.9876555274353285 88.6
    endloop
  endfacet
  facet normal 0 0 -1
    outer loop
      vertex -39.12549388408661 -18.521964125335217 88.6
      vertex -39.488721534609795 -18.3591318577528 88.6
      vertex 40.31441146880388 -17.65118607133627 88.6
    endloop
  endfacet
  facet normal 0 0 -1
    outer loop
      vertex -39.82283607125282 -18.14276146888733 88.6
      vertex 40.53078185766935 -17.31707153469324 88.6
      vertex -39.488721534609795 -18.3591318577528 88.6
    endloop
  endfacet
  facet normal 0 0 -1
    outer loop
      vertex -39.82283607125282 -18.14276146888733 88.6
      vertex -40.12000614404678 -17.877924501895905 88.6
      vertex 40.69361412525177 -16.953843884170055 88.6
    endloop
  endfacet
  facet normal 0 0 -1
    outer loop
      vertex -40.576680451631546 -17.228671580553055 88.6
      vertex -40.72548062354326 -16.859473556280136 88.6
      vertex 36.230442406205015 -16.12628774057475 88.6
    endloop
  endfacet
  facet normal 0 0 -1
    outer loop
      vertex -40.37326633930206 -17.570828519761562 88.6
      vertex 40.79909163713455 -16.570016883313656 88.6
      vertex -40.12000614404678 -17.877924501895905 88.6
    endloop
  endfacet
  facet normal 0 0 -1
    outer loop
      vertex -40.37326633930206 -17.570828519761562 88.6
      vertex -40.576680451631546 -17.228671580553055 88.6
      vertex 40.8447420746088 -16.174587108194828 88.6
    endloop
  endfacet
  facet normal 0 0 -1
    outer loop
      vertex -38.74166688323021 -18.627441637218 88.6
      vertex 39.742478519678116 -18.20161633938551 88.6
      vertex -38.34623710811138 -18.67309207469225 88.6
    endloop
  endfacet
  facet normal 0 0 -1
    outer loop
      vertex -38.34623710811138 -18.67309207469225 88.6
      vertex 39.40032158046961 -18.405030451714993 88.6
      vertex -38.246650002896786 -18.67500000447035 88.6
    endloop
  endfacet
  facet normal 0 0 -1
    outer loop
      vertex -39.12549388408661 -18.521964125335217 88.6
      vertex 40.04957450181246 -17.94835614413023 88.6
      vertex -38.74166688323021 -18.627441637218 88.6
    endloop
  endfacet
  facet normal 0 0 -1
    outer loop
      vertex -40.72548062354326 -16.859473556280136 88.6
      vertex -36.040098990647394 -16.084389986534603 88.6
      vertex 34.81587429187095 -13.775257245755238 88.6
    endloop
  endfacet
  facet normal 0 0 -1
    outer loop
      vertex -36.040098990647394 -16.084389986534603 88.6
      vertex -35.678514806740374 -15.940321680002842 88.6
      vertex 34.81587429187095 -13.775257245755238 88.6
    endloop
  endfacet
  facet normal 0 0 -1
    outer loop
      vertex -35.678514806740374 -15.940321680002842 88.6
      vertex 0.29791268373863866 -5.241540616351994 88.6
      vertex 34.81587429187095 -13.775257245755238 88.6
    endloop
  endfacet
  facet normal 0 -1 0
    outer loop
      vertex -38.246650002896786 -18.67500000447035 88.6
      vertex 38.246650002896786 -18.67500000447035 88.6
      vertex -38.246650002896786 -18.67500000447035 91.6
    endloop
  endfacet
  facet normal 0 0 -1
    outer loop
      vertex -34.88801424459227 -13.594199617191524 88.6
      vertex -20.914943583403996 -5.136647989964256 88.6
      vertex -4.948314811259781 -1.7540469003612968 88.6
    endloop
  endfacet
  facet normal 0 0 -1
    outer loop
      vertex -34.88801424459227 -15.105800382808479 88.6
      vertex -2.3922986768952677 -4.673265136981333 88.6
      vertex -2.032014060311641 -4.84080766594747 88.6
    endloop
  endfacet
  facet normal 0 0 -1
    outer loop
      vertex -35.08868248172983 -15.439313587348778 88.6
      vertex -2.032014060311641 -4.84080766594747 88.6
      vertex -1.6600902512083255 -4.980622486983236 88.6
    endloop
  endfacet
  facet normal 0 0 -1
    outer loop
      vertex -34.72165 -14.350000000000001 88.6
      vertex -3.949887387492801 -3.4584519117844175 88.6
      vertex -3.677016708074592 -3.747272091607478 88.6
    endloop
  endfacet
  facet normal 0 0 -1
    outer loop
      vertex -34.88801424459227 -15.105800382808479 88.6
      vertex -3.0697741106762466 -4.25898895389761 88.6
      vertex -2.738880423302544 -4.478954568518202 88.6
    endloop
  endfacet
  facet normal 0 0 -1
    outer loop
      vertex -34.76373299972184 -14.736946792379845 88.6
      vertex -3.383084409940604 -4.014628236240167 88.6
      vertex -3.0697741106762466 -4.25898895389761 88.6
    endloop
  endfacet
  facet normal 0 0 -1
    outer loop
      vertex -34.88801424459227 -15.105800382808479 88.6
      vertex -2.738880423302544 -4.478954568518202 88.6
      vertex -2.3922986768952677 -4.673265136981333 88.6
    endloop
  endfacet
  facet normal 0 0 -1
    outer loop
      vertex -34.76373299972184 -14.736946792379845 88.6
      vertex -3.677016708074592 -3.747272091607478 88.6
      vertex -3.383084409940604 -4.014628236240167 88.6
    endloop
  endfacet
  facet normal 0 0 -1
    outer loop
      vertex -35.678514806740374 -15.940321680002842 88.6
      vertex -0.0993516680153481 -5.249059844016124 88.6
      vertex 0.29791268373863866 -5.241540616351994 88.6
    endloop
  endfacet
  facet normal 0 0 -1
    outer loop
      vertex -35.08868248172983 -15.439313587348778 88.6
      vertex -1.6600902512083255 -4.980622486983236 88.6
      vertex -1.2786575954827069 -5.091908753455268 88.6
    endloop
  endfacet
  facet normal 0 0 -1
    outer loop
      vertex -35.3563546873927 -15.721891699229747 88.6
      vertex -0.8899009048445078 -5.1740290277072205 88.6
      vertex -0.496046942412166 -5.226512932244934 88.6
    endloop
  endfacet
  facet normal 0 0 -1
    outer loop
      vertex -35.08868248172983 -15.439313587348778 88.6
      vertex -1.2786575954827069 -5.091908753455268 88.6
      vertex -0.8899009048445078 -5.1740290277072205 88.6
    endloop
  endfacet
  facet normal 0 0 -1
    outer loop
      vertex -35.3563546873927 -15.721891699229747 88.6
      vertex -0.496046942412166 -5.226512932244934 88.6
      vertex -0.0993516680153481 -5.249059844016124 88.6
    endloop
  endfacet
  facet normal 0 0 -1
    outer loop
      vertex -34.72165 -14.350000000000001 88.6
      vertex -4.426321567663193 -2.823150258069814 88.6
      vertex -4.200133469654506 -3.149822032605652 88.6
    endloop
  endfacet
  facet normal 0 0 -1
    outer loop
      vertex -34.72165 -14.350000000000001 88.6
      vertex -4.200133469654506 -3.149822032605652 88.6
      vertex -3.949887387492801 -3.4584519117844175 88.6
    endloop
  endfacet
  facet normal 0 0 -1
    outer loop
      vertex -34.72165 -14.350000000000001 88.6
      vertex -4.627156096576907 -2.4803077345182727 88.6
      vertex -4.426321567663193 -2.823150258069814 88.6
    endloop
  endfacet
  facet normal 0 0 -1
    outer loop
      vertex -34.76373299972184 -13.963053207620158 88.6
      vertex -4.801486694401463 -2.1232582328783534 88.6
      vertex -4.627156096576907 -2.4803077345182727 88.6
    endloop
  endfacet
  facet normal 0 0 -1
    outer loop
      vertex -34.88801424459227 -13.594199617191524 88.6
      vertex -4.948314811259781 -1.7540469003612968 88.6
      vertex -4.801486694401463 -2.1232582328783534 88.6
    endloop
  endfacet
  facet normal 0 0 -1
    outer loop
      vertex -20.914943583403996 -5.136647989964256 88.6
      vertex -20.529572890319237 -5.039875406705595 88.6
      vertex -4.948314811259781 -1.7540469003612968 88.6
    endloop
  endfacet
  facet normal 0 0 -1
    outer loop
      vertex -20.529572890319237 -5.039875406705595 88.6
      vertex -20.152624670557877 -4.914234873524932 88.6
      vertex -4.948314811259781 -1.7540469003612968 88.6
    endloop
  endfacet
  facet normal 0 0 -1
    outer loop
      vertex -20.152624670557877 -4.914234873524932 88.6
      vertex -19.786258049386536 -4.76044604801841 88.6
      vertex -4.948314811259781 -1.7540469003612968 88.6
    endloop
  endfacet
  facet normal 0 0 -1
    outer loop
      vertex -19.786258049386536 -4.76044604801841 88.6
      vertex -19.432571541633376 -4.579389818651517 88.6
      vertex -4.948314811259781 -1.7540469003612968 88.6
    endloop
  endfacet
  facet normal 0 0 -1
    outer loop
      vertex -19.432571541633376 -4.579389818651517 88.6
      vertex -19.093591031585206 -4.372103259109745 88.6
      vertex -4.948314811259781 -1.7540469003612968 88.6
    endloop
  endfacet
  facet normal 0 0 -1
    outer loop
      vertex -19.093591031585206 -4.372103259109745 88.6
      vertex -18.771258168905746 -4.139773688034422 88.6
      vertex -4.948314811259781 -1.7540469003612968 88.6
    endloop
  endfacet
  facet normal 0 0 -1
    outer loop
      vertex -18.771258168905746 -4.139773688034422 88.6
      vertex -18.467419247042173 -3.8837318681690585 88.6
      vertex -4.948314811259781 -1.7540469003612968 88.6
    endloop
  endfacet
  facet normal 0 0 -1
    outer loop
      vertex -18.467419247042173 -3.8837318681690585 88.6
      vertex -18.183814627823494 -3.6054443838708807 88.6
      vertex -4.948314811259781 -1.7540469003612968 88.6
    endloop
  endfacet
  facet normal 0 0 -1
    outer loop
      vertex -18.183814627823494 -3.6054443838708807 88.6
      vertex -17.922068772825554 -3.3065052406484248 88.6
      vertex -4.948314811259781 -1.7540469003612968 88.6
    endloop
  endfacet
  facet normal 0 0 -1
    outer loop
      vertex -17.922068772825554 -3.3065052406484248 88.6
      vertex -17.683680938602247 -2.9886267348423443 88.6
      vertex -4.948314811259781 -1.7540469003612968 88.6
    endloop
  endfacet
  facet normal 0 0 -1
    outer loop
      vertex -17.683680938602247 -2.9886267348423443 88.6
      vertex -17.47001658907978 -2.6536296457470487 88.6
      vertex -4.948314811259781 -1.7540469003612968 88.6
    endloop
  endfacet
  facet normal 0 0 -1
    outer loop
      vertex -17.47001658907978 -2.6536296457470487 88.6
      vertex -17.282299574302918 -2.303432806351768 88.6
      vertex -4.948314811259781 -1.7540469003612968 88.6
    endloop
  endfacet
  facet normal 0 0 -1
    outer loop
      vertex -17.282299574302918 -2.303432806351768 88.6
      vertex -17.121605120332784 -1.9400421124389762 88.6
      vertex -4.948314811259781 -1.7540469003612968 88.6
    endloop
  endfacet
  facet normal 0 0 -1
    outer loop
      vertex -17.121605120332784 -1.9400421124389762 88.6
      vertex -16.988853670449334 -1.5655390329949928 88.6
      vertex -4.948314811259781 -1.7540469003612968 88.6
    endloop
  endfacet
  facet normal 0 0 -1
    outer loop
      vertex -16.988853670449334 -1.5655390329949928 88.6
      vertex -16.88480561293563 -1.182068687744144 88.6
      vertex -5.06679942899515 -1.374788546044235 88.6
    endloop
  endfacet
  facet normal 0 0 -1
    outer loop
      vertex -16.88480561293563 -1.182068687744144 88.6
      vertex -16.810056925642584 -0.7918275600972147 88.6
      vertex -5.156261878447063 -0.9876555274353285 88.6
    endloop
  endfacet
  facet normal 0 0 -1
    outer loop
      vertex -16.810056925642584 -0.7918275600972147 88.6
      vertex -16.765035762281826 -0.3970509158933961 88.6
      vertex -5.2161897268067206 -0.5948653074066669 88.6
    endloop
  endfacet
  facet normal 0 0 -1
    outer loop
      vertex -16.765035762281826 -0.3970509158933961 88.6
      vertex -16.75 0 88.6
      vertex -5.24623971278574 -0.1986677527677682 88.6
    endloop
  endfacet
  facet normal 0 0 -1
    outer loop
      vertex -16.988853670449334 -1.5655390329949928 88.6
      vertex -5.06679942899515 -1.374788546044235 88.6
      vertex -4.948314811259781 -1.7540469003612968 88.6
    endloop
  endfacet
  facet normal 0 0 -1
    outer loop
      vertex -16.88480561293563 -1.182068687744144 88.6
      vertex -5.156261878447063 -0.9876555274353285 88.6
      vertex -5.06679942899515 -1.374788546044235 88.6
    endloop
  endfacet
  facet normal 0 0 -1
    outer loop
      vertex -16.810056925642584 -0.7918275600972147 88.6
      vertex -5.2161897268067206 -0.5948653074066669 88.6
      vertex -5.156261878447063 -0.9876555274353285 88.6
    endloop
  endfacet
  facet normal 0 0 -1
    outer loop
      vertex -16.765035762281826 -0.3970509158933961 88.6
      vertex -5.24623971278574 -0.1986677527677682 88.6
      vertex -5.2161897268067206 -0.5948653074066669 88.6
    endloop
  endfacet
  facet normal -0.543567557486035 -0.8393654212848336 0
    outer loop
      vertex -39.488721534609795 -18.3591318577528 88.6
      vertex -39.488721534609795 -18.3591318577528 91.6
      vertex -39.82283607125282 -18.14276146888733 91.6
    endloop
  endfacet
  facet normal -0.6653257079666879 -0.7465532146596287 0
    outer loop
      vertex -39.82283607125282 -18.14276146888733 88.6
      vertex -39.82283607125282 -18.14276146888733 91.6
      vertex -40.12000614404678 -17.877924501895905 91.6
    endloop
  endfacet
  facet normal -0.7714891756386579 -0.6362424473990902 0
    outer loop
      vertex -40.12000614404678 -17.877924501895905 88.6
      vertex -40.12000614404678 -17.877924501895905 91.6
      vertex -40.37326633930206 -17.570828519761562 91.6
    endloop
  endfacet
  facet normal -0.40906862127484517 -0.9125036236028311 0
    outer loop
      vertex -39.12549388408661 -18.521964125335217 88.6
      vertex -39.12549388408661 -18.521964125335217 91.6
      vertex -39.488721534609795 -18.3591318577528 91.6
    endloop
  endfacet
  facet normal -0.26498151250182994 -0.9642534926212311 0
    outer loop
      vertex -38.74166688323021 -18.627441637218 88.6
      vertex -38.74166688323021 -18.627441637218 91.6
      vertex -39.12549388408661 -18.521964125335217 91.6
    endloop
  endfacet
  facet normal -0.11468342257887829 -0.9934020900851751 0
    outer loop
      vertex -38.34623710811138 -18.67309207469225 88.6
      vertex -38.34623710811138 -18.67309207469225 91.6
      vertex -38.74166688323021 -18.627441637218 91.6
    endloop
  endfacet
  facet normal -0.8595696052506151 -0.5110186823681713 0
    outer loop
      vertex -40.37326633930206 -17.570828519761562 88.6
      vertex -40.37326633930206 -17.570828519761562 91.6
      vertex -40.576680451631546 -17.228671580553055 91.6
    endloop
  endfacet
  facet normal -0.9275024512810598 -0.37381707139672676 0
    outer loop
      vertex -40.576680451631546 -17.228671580553055 88.6
      vertex -40.576680451631546 -17.228671580553055 91.6
      vertex -40.72548062354326 -16.859473556280136 91.6
    endloop
  endfacet
  facet normal -0.9736954248027249 -0.22785350495053003 0
    outer loop
      vertex -40.72548062354326 -16.859473556280136 88.6
      vertex -40.72548062354326 -16.859473556280136 91.6
      vertex -40.81617910414934 -16.47188813984394 91.6
    endloop
  endfacet
  facet normal -0.01915488679901077 -0.9998165283249307 0
    outer loop
      vertex -38.246650002896786 -18.67500000447035 88.6
      vertex -38.246650002896786 -18.67500000447035 91.6
      vertex -38.34623710811138 -18.67309207469225 91.6
    endloop
  endfacet
  facet normal -0.997065800756516 -0.07654925840115992 0
    outer loop
      vertex -40.81617910414934 -16.47188813984394 88.6
      vertex -40.81617910414934 -16.47188813984394 91.6
      vertex -40.8466500043869 -16.075000002980232 91.6
    endloop
  endfacet
  facet normal 0 0 1
    outer loop
      vertex -40.576680451631546 -17.228671580553055 91.6
      vertex -38.18705207309655 -16.709337229485104 91.6
      vertex -40.72548062354326 -16.859473556280136 91.6
    endloop
  endfacet
  facet normal 0 0 1
    outer loop
      vertex -40.72548062354326 -16.859473556280136 91.6
      vertex -38.989138126536446 -15.85051276999244 91.6
      vertex -40.81617910414934 -16.47188813984394 91.6
    endloop
  endfacet
  facet normal 0 0 1
    outer loop
      vertex -40.37326633930206 -17.570828519761562 91.6
      vertex -37.1092130794531 -17.17750877190016 91.6
      vertex -40.576680451631546 -17.228671580553055 91.6
    endloop
  endfacet
  facet normal 0 0 1
    outer loop
      vertex -40.576680451631546 -17.228671580553055 91.6
      vertex -37.4887528799839 -17.071166706954134 91.6
      vertex -37.85027738368952 -16.914134454902683 91.6
    endloop
  endfacet
  facet normal 0 0 1
    outer loop
      vertex -40.576680451631546 -17.228671580553055 91.6
      vertex -37.85027738368952 -16.914134454902683 91.6
      vertex -38.18705207309655 -16.709337229485104 91.6
    endloop
  endfacet
  facet normal 0 0 1
    outer loop
      vertex -40.576680451631546 -17.228671580553055 91.6
      vertex -37.1092130794531 -17.17750877190016 91.6
      vertex -37.4887528799839 -17.071166706954134 91.6
    endloop
  endfacet
  facet normal 0 0 1
    outer loop
      vertex -40.72548062354326 -16.859473556280136 91.6
      vertex -38.18705207309655 -16.709337229485104 91.6
      vertex -38.492803472943535 -16.46059001551968 91.6
    endloop
  endfacet
  facet normal 0 0 1
    outer loop
      vertex -40.72548062354326 -16.859473556280136 91.6
      vertex -38.492803472943535 -16.46059001551968 91.6
      vertex -38.761836013155175 -16.1725265029548 91.6
    endloop
  endfacet
  facet normal 0 0 1
    outer loop
      vertex -40.37326633930206 -17.570828519761562 91.6
      vertex -36.718728090464126 -17.231179698277735 91.6
      vertex -37.1092130794531 -17.17750877190016 91.6
    endloop
  endfacet
  facet normal 0 0 1
    outer loop
      vertex -40.37326633930206 -17.570828519761562 91.6
      vertex -36.32457190953586 -17.231179698277735 91.6
      vertex -36.718728090464126 -17.231179698277735 91.6
    endloop
  endfacet
  facet normal 0 0 1
    outer loop
      vertex -40.81617910414934 -16.47188813984394 91.6
      vertex -39.17047560478717 -15.500547323204312 91.6
      vertex -40.8466500043869 -16.075000002980232 91.6
    endloop
  endfacet
  facet normal 0 0 1
    outer loop
      vertex -40.81617910414934 -16.47188813984394 91.6
      vertex -38.989138126536446 -15.85051276999244 91.6
      vertex -39.17047560478717 -15.500547323204312 91.6
    endloop
  endfacet
  facet normal 0 0 1
    outer loop
      vertex -40.8466500043869 -16.075000002980232 91.6
      vertex -39.17047560478717 -15.500547323204312 91.6
      vertex -39.30247047379122 -15.129149356704023 91.6
    endloop
  endfacet
  facet normal 0 0 1
    outer loop
      vertex -40.8466500043869 -16.075000002980232 91.6
      vertex -39.30247047379122 -15.129149356704023 91.6
      vertex -39.38266391888293 -14.743237311895536 91.6
    endloop
  endfacet
  facet normal 0 0 1
    outer loop
      vertex -40.72548062354326 -16.859473556280136 91.6
      vertex -38.761836013155175 -16.1725265029548 91.6
      vertex -38.989138126536446 -15.85051276999244 91.6
    endloop
  endfacet
  facet normal 0 0 1
    outer loop
      vertex -40.8466500043869 -16.075000002980232 91.6
      vertex -39.38266391888293 -14.743237311895536 91.6
      vertex -39.40956208791208 -14.350000000000001 91.6
    endloop
  endfacet
  facet normal 0 0 1
    outer loop
      vertex -34.28146398684481 -16.1725265029548 91.6
      vertex -26.125 -12.600000001490116 91.6
      vertex -34.05416187346354 -15.850512769992438 91.6
    endloop
  endfacet
  facet normal 0 0 1
    outer loop
      vertex -34.05416187346354 -15.850512769992438 91.6
      vertex -26.125 -12.600000001490116 91.6
      vertex -33.87282439521282 -15.50054732320431 91.6
    endloop
  endfacet
  facet normal 0 0 1
    outer loop
      vertex -33.87282439521282 -15.50054732320431 91.6
      vertex -26.125 -11.399999998509884 91.6
      vertex -33.74082952620877 -15.129149356704023 91.6
    endloop
  endfacet
  facet normal 0 0 1
    outer loop
      vertex -33.74082952620877 -15.129149356704023 91.6
      vertex -26.125 -11.399999998509884 91.6
      vertex -33.660636081117055 -14.743237311895536 91.6
    endloop
  endfacet
  facet normal 0 0 1
    outer loop
      vertex -33.660636081117055 -14.743237311895536 91.6
      vertex -26.125 -11.399999998509884 91.6
      vertex -33.63373791208791 -14.350000000000001 91.6
    endloop
  endfacet
  facet normal 0 0 1
    outer loop
      vertex -34.05416187346354 -12.849487230007563 91.6
      vertex -24.132046909593928 -2.900754380379521 91.6
      vertex -34.28146398684481 -12.527473497045202 91.6
    endloop
  endfacet
  facet normal 0 0 1
    outer loop
      vertex -34.28146398684481 -16.1725265029548 91.6
      vertex -21.875 -14.5 91.6
      vertex -24.637500002980232 -12.600000001490116 91.6
    endloop
  endfacet
  facet normal 0 0 1
    outer loop
      vertex -34.28146398684481 -16.1725265029548 91.6
      vertex -24.637500002980232 -12.600000001490116 91.6
      vertex -26.125 -12.600000001490116 91.6
    endloop
  endfacet
  facet normal 0 0 1
    outer loop
      vertex -33.87282439521282 -15.50054732320431 91.6
      vertex -26.125 -12.600000001490116 91.6
      vertex -26.125 -11.399999998509884 91.6
    endloop
  endfacet
  facet normal 0 0 1
    outer loop
      vertex -33.63373791208791 -14.350000000000001 91.6
      vertex -26.125 -11.399999998509884 91.6
      vertex -21.875 -9.5 91.6
    endloop
  endfacet
  facet normal 0 0 1
    outer loop
      vertex -33.74082952620877 -13.57085064329598 91.6
      vertex -23.8 -3.117691453623979 91.6
      vertex -33.87282439521282 -13.19945267679569 91.6
    endloop
  endfacet
  facet normal 0 0 1
    outer loop
      vertex -33.87282439521282 -13.19945267679569 91.6
      vertex -23.8 -3.117691453623979 91.6
      vertex -34.05416187346354 -12.849487230007563 91.6
    endloop
  endfacet
  facet normal 0 0 1
    outer loop
      vertex -20.975000001490116 -11.399999998509884 91.6
      vertex -21.875 -14.5 91.6
      vertex -20.975000001490116 -12.600000001490116 91.6
    endloop
  endfacet
  facet normal 0 0 1
    outer loop
      vertex -21.875 -9.5 91.6
      vertex -21.875 -14.5 91.6
      vertex -20.975000001490116 -11.399999998509884 91.6
    endloop
  endfacet
  facet normal 0 0 1
    outer loop
      vertex -21.875 -9.5 91.6
      vertex -26.125 -11.399999998509884 91.6
      vertex -24.637500002980232 -11.399999998509884 91.6
    endloop
  endfacet
  facet normal 0 0 1
    outer loop
      vertex -33.660636081117055 -13.956762688104467 91.6
      vertex -3.4641648011133017 -0.9795724734432057 91.6
      vertex -33.74082952620877 -13.57085064329598 91.6
    endloop
  endfacet
  facet normal 0 0 1
    outer loop
      vertex -33.63373791208791 -14.350000000000001 91.6
      vertex -3.3353786419732865 -1.3547137390122077 91.6
      vertex -33.660636081117055 -13.956762688104467 91.6
    endloop
  endfacet
  facet normal -1 0 0
    outer loop
      vertex -40.8466500043869 -16.075000002980232 88.6
      vertex -40.8466500043869 -16.075000002980232 91.6
      vertex -40.8466500043869 16.075000002980232 91.6
    endloop
  endfacet
  facet normal 0 0 1
    outer loop
      vertex -40.8466500043869 -16.075000002980232 91.6
      vertex -39.40956208791208 -14.350000000000001 91.6
      vertex -40.8466500043869 16.075000002980232 91.6
    endloop
  endfacet
  facet normal 0 0 1
    outer loop
      vertex -34.55049652705645 -12.23940998448032 91.6
      vertex -34.28146398684481 -12.527473497045202 91.6
      vertex -24.438213657852668 -2.648606078423274 91.6
    endloop
  endfacet
  facet normal 0 0 1
    outer loop
      vertex -39.40956208791208 -14.350000000000001 91.6
      vertex -39.38266391888293 -13.956762688104467 91.6
      vertex -40.8466500043869 16.075000002980232 91.6
    endloop
  endfacet
  facet normal 0 0 1
    outer loop
      vertex -39.38266391888293 -13.956762688104467 91.6
      vertex -39.30247047379122 -13.57085064329598 91.6
      vertex -40.8466500043869 16.075000002980232 91.6
    endloop
  endfacet
  facet normal 0 0 1
    outer loop
      vertex -39.30247047379122 -13.57085064329598 91.6
      vertex -39.17047560478717 -13.19945267679569 91.6
      vertex -40.8466500043869 16.075000002980232 91.6
    endloop
  endfacet
  facet normal 0 0 1
    outer loop
      vertex -39.17047560478717 -13.19945267679569 91.6
      vertex -38.989138126536446 -12.849487230007563 91.6
      vertex -40.8466500043869 16.075000002980232 91.6
    endloop
  endfacet
  facet normal 0 0 1
    outer loop
      vertex -38.989138126536446 -12.849487230007563 91.6
      vertex -38.761836013155175 -12.527473497045204 91.6
      vertex -40.8466500043869 16.075000002980232 91.6
    endloop
  endfacet
  facet normal 0 0 1
    outer loop
      vertex -38.761836013155175 -12.527473497045204 91.6
      vertex -38.492803472943535 -12.23940998448032 91.6
      vertex -40.8466500043869 16.075000002980232 91.6
    endloop
  endfacet
  facet normal 0 0 1
    outer loop
      vertex -38.492803472943535 -12.23940998448032 91.6
      vertex -38.18705207309655 -11.9906627705149 91.6
      vertex -40.8466500043869 16.075000002980232 91.6
    endloop
  endfacet
  facet normal 0 0 1
    outer loop
      vertex -38.18705207309655 -11.9906627705149 91.6
      vertex -37.85027738368952 -11.785865545097318 91.6
      vertex -40.8466500043869 16.075000002980232 91.6
    endloop
  endfacet
  facet normal 0 0 1
    outer loop
      vertex -37.85027738368952 -11.785865545097318 91.6
      vertex -37.4887528799839 -11.62883329304587 91.6
      vertex -40.8466500043869 16.075000002980232 91.6
    endloop
  endfacet
  facet normal 0 0 1
    outer loop
      vertex -37.4887528799839 -11.62883329304587 91.6
      vertex -37.1092130794531 -11.522491228099843 91.6
      vertex -40.8466500043869 16.075000002980232 91.6
    endloop
  endfacet
  facet normal 0 0 1
    outer loop
      vertex -35.93408692054689 -11.522491228099843 91.6
      vertex -35.55454712001609 -11.62883329304587 91.6
      vertex -40.8466500043869 16.075000002980232 91.6
    endloop
  endfacet
  facet normal 0 0 1
    outer loop
      vertex -35.193022616310465 -11.785865545097318 91.6
      vertex -40.8466500043869 16.075000002980232 91.6
      vertex -35.55454712001609 -11.62883329304587 91.6
    endloop
  endfacet
  facet normal 0 0 1
    outer loop
      vertex -34.856247926903436 -11.9906627705149 91.6
      vertex -34.55049652705645 -12.23940998448032 91.6
      vertex -40.8466500043869 16.075000002980232 91.6
    endloop
  endfacet
  facet normal 0 0 1
    outer loop
      vertex -35.193022616310465 -11.785865545097318 91.6
      vertex -34.856247926903436 -11.9906627705149 91.6
      vertex -40.8466500043869 16.075000002980232 91.6
    endloop
  endfacet
  facet normal 0 0 1
    outer loop
      vertex -37.1092130794531 -11.522491228099843 91.6
      vertex -36.718728090464126 -11.46882030172227 91.6
      vertex -40.8466500043869 16.075000002980232 91.6
    endloop
  endfacet
  facet normal 0 0 1
    outer loop
      vertex -36.718728090464126 -11.46882030172227 91.6
      vertex -36.32457190953586 -11.46882030172227 91.6
      vertex -40.8466500043869 16.075000002980232 91.6
    endloop
  endfacet
  facet normal 0 0 1
    outer loop
      vertex -36.32457190953586 -11.46882030172227 91.6
      vertex -35.93408692054689 -11.522491228099843 91.6
      vertex -40.8466500043869 16.075000002980232 91.6
    endloop
  endfacet
  facet normal 0 0 1
    outer loop
      vertex -34.55049652705645 -12.23940998448032 91.6
      vertex -25.594533459159937 0.19831593728111588 91.6
      vertex -37.4887528799839 11.62883329304587 91.6
    endloop
  endfacet
  facet normal 0 0 1
    outer loop
      vertex -34.55049652705645 -12.23940998448032 91.6
      vertex -24.958400134810883 -2.051309007036958 91.6
      vertex -25.16610550434336 -1.7134106149334654 91.6
    endloop
  endfacet
  facet normal 0 0 1
    outer loop
      vertex -34.55049652705645 -12.23940998448032 91.6
      vertex -25.16610550434336 -1.7134106149334654 91.6
      vertex -25.335378641973286 -1.3547137390122077 91.6
    endloop
  endfacet
  facet normal 0 0 1
    outer loop
      vertex -34.55049652705645 -12.23940998448032 91.6
      vertex -25.335378641973286 -1.3547137390122077 91.6
      vertex -25.464164801113302 -0.9795724734432057 91.6
    endloop
  endfacet
  facet normal 0 0 1
    outer loop
      vertex -33.74082952620877 -13.57085064329598 91.6
      vertex -23.44610352875069 -3.296783975958207 91.6
      vertex -23.8 -3.117691453623979 91.6
    endloop
  endfacet
  facet normal 0 0 1
    outer loop
      vertex -34.28146398684481 -12.527473497045202 91.6
      vertex -24.132046909593928 -2.900754380379521 91.6
      vertex -24.438213657852668 -2.648606078423274 91.6
    endloop
  endfacet
  facet normal 0 0 1
    outer loop
      vertex -34.05416187346354 -12.849487230007563 91.6
      vertex -23.8 -3.117691453623979 91.6
      vertex -24.132046909593928 -2.900754380379521 91.6
    endloop
  endfacet
  facet normal 0 0 1
    outer loop
      vertex -33.74082952620877 -13.57085064329598 91.6
      vertex -23.0746533196061 -3.4358580067662268 91.6
      vertex -23.44610352875069 -3.296783975958207 91.6
    endloop
  endfacet
  facet normal 0 0 1
    outer loop
      vertex -33.74082952620877 -13.57085064329598 91.6
      vertex -22.690158274925455 -3.533225375708705 91.6
      vertex -23.0746533196061 -3.4358580067662268 91.6
    endloop
  endfacet
  facet normal 0 0 1
    outer loop
      vertex -33.74082952620877 -13.57085064329598 91.6
      vertex -22.2972856437004 -3.5877041748240117 91.6
      vertex -22.690158274925455 -3.533225375708705 91.6
    endloop
  endfacet
  facet normal 0 0 1
    outer loop
      vertex -33.74082952620877 -13.57085064329598 91.6
      vertex -21.900804367474617 -3.5986331052898253 91.6
      vertex -22.2972856437004 -3.5877041748240117 91.6
    endloop
  endfacet
  facet normal 0 0 1
    outer loop
      vertex -33.74082952620877 -13.57085064329598 91.6
      vertex -21.50552719185373 -3.565879504695012 91.6
      vertex -21.900804367474617 -3.5986331052898253 91.6
    endloop
  endfacet
  facet normal 0 0 1
    outer loop
      vertex -34.55049652705645 -12.23940998448032 91.6
      vertex -24.438213657852668 -2.648606078423274 91.6
      vertex -24.714783795196826 -2.3643072865718437 91.6
    endloop
  endfacet
  facet normal 0 0 1
    outer loop
      vertex -34.55049652705645 -12.23940998448032 91.6
      vertex -24.714783795196826 -2.3643072865718437 91.6
      vertex -24.958400134810883 -2.051309007036958 91.6
    endloop
  endfacet
  facet normal 0 0 1
    outer loop
      vertex -33.74082952620877 -13.57085064329598 91.6
      vertex -21.116252246293122 -3.4898409573815896 91.6
      vertex -21.50552719185373 -3.565879504695012 91.6
    endloop
  endfacet
  facet normal 0 0 1
    outer loop
      vertex -33.74082952620877 -13.57085064329598 91.6
      vertex -20.737704801306084 -3.3714404683093973 91.6
      vertex -21.116252246293122 -3.4898409573815896 91.6
    endloop
  endfacet
  facet normal 0 0 1
    outer loop
      vertex -33.74082952620877 -13.57085064329598 91.6
      vertex -20.374479910080797 -3.2121152590262176 91.6
      vertex -20.737704801306084 -3.3714404683093973 91.6
    endloop
  endfacet
  facet normal 0 0 1
    outer loop
      vertex -33.74082952620877 -13.57085064329598 91.6
      vertex -20.030986630759266 -3.0137993217451036 91.6
      vertex -20.374479910080797 -3.2121152590262176 91.6
    endloop
  endfacet
  facet normal 0 0 1
    outer loop
      vertex -33.74082952620877 -13.57085064329598 91.6
      vertex -19.711394506444115 -2.778899943298756 91.6
      vertex -20.030986630759266 -3.0137993217451036 91.6
    endloop
  endfacet
  facet normal 0 0 1
    outer loop
      vertex -34.55049652705645 -12.23940998448032 91.6
      vertex -25.464164801113302 -0.9795724734432057 91.6
      vertex -25.5509006922498 -0.5925405250106429 91.6
    endloop
  endfacet
  facet normal 0 0 1
    outer loop
      vertex -34.55049652705645 -12.23940998448032 91.6
      vertex -25.5509006922498 -0.5925405250106429 91.6
      vertex -25.594533459159937 -0.19831593728111588 91.6
    endloop
  endfacet
  facet normal 0 0 1
    outer loop
      vertex -34.55049652705645 -12.23940998448032 91.6
      vertex -25.594533459159937 -0.19831593728111588 91.6
      vertex -25.594533459159937 0.19831593728111588 91.6
    endloop
  endfacet
  facet normal 0 0 1
    outer loop
      vertex -39.82283607125282 -18.14276146888733 91.6
      vertex 35.193022616310465 -16.914134454902683 91.6
      vertex -40.12000614404678 -17.877924501895905 91.6
    endloop
  endfacet
  facet normal 0 0 1
    outer loop
      vertex -39.12549388408661 -18.521964125335217 91.6
      vertex 40.31441146880388 -17.65118607133627 91.6
      vertex -39.488721534609795 -18.3591318577528 91.6
    endloop
  endfacet
  facet normal 0 0 1
    outer loop
      vertex -39.82283607125282 -18.14276146888733 91.6
      vertex -39.488721534609795 -18.3591318577528 91.6
      vertex 40.53078185766935 -17.31707153469324 91.6
    endloop
  endfacet
  facet normal 0 0 1
    outer loop
      vertex -40.37326633930206 -17.570828519761562 91.6
      vertex -40.12000614404678 -17.877924501895905 91.6
      vertex 34.55049652705645 -16.46059001551968 91.6
    endloop
  endfacet
  facet normal 0 0 1
    outer loop
      vertex -40.37326633930206 -17.570828519761562 91.6
      vertex 34.28146398684481 -16.1725265029548 91.6
      vertex -36.32457190953586 -17.231179698277735 91.6
    endloop
  endfacet
  facet normal 0 0 1
    outer loop
      vertex -38.74166688323021 -18.627441637218 91.6
      vertex -38.34623710811138 -18.67309207469225 91.6
      vertex 39.742478519678116 -18.20161633938551 91.6
    endloop
  endfacet
  facet normal 0 0 1
    outer loop
      vertex -38.34623710811138 -18.67309207469225 91.6
      vertex -38.246650002896786 -18.67500000447035 91.6
      vertex 39.40032158046961 -18.405030451714993 91.6
    endloop
  endfacet
  facet normal 0 0 1
    outer loop
      vertex -39.12549388408661 -18.521964125335217 91.6
      vertex -38.74166688323021 -18.627441637218 91.6
      vertex 40.04957450181246 -17.94835614413023 91.6
    endloop
  endfacet
  facet normal 0 0 1
    outer loop
      vertex -36.32457190953586 -17.231179698277735 91.6
      vertex 34.28146398684481 -16.1725265029548 91.6
      vertex -35.93408692054689 -17.17750877190016 91.6
    endloop
  endfacet
  facet normal 0 0 1
    outer loop
      vertex -35.93408692054689 -17.17750877190016 91.6
      vertex 34.05416187346354 -15.85051276999244 91.6
      vertex -35.55454712001609 -17.071166706954134 91.6
    endloop
  endfacet
  facet normal 0 0 1
    outer loop
      vertex -35.55454712001609 -17.071166706954134 91.6
      vertex 34.05416187346354 -15.85051276999244 91.6
      vertex -35.19302261631047 -16.914134454902687 91.6
    endloop
  endfacet
  facet normal 0 0 1
    outer loop
      vertex -35.19302261631047 -16.914134454902687 91.6
      vertex 34.05416187346354 -15.85051276999244 91.6
      vertex -34.856247926903436 -16.709337229485104 91.6
    endloop
  endfacet
  facet normal 0 0 1
    outer loop
      vertex -34.856247926903436 -16.709337229485104 91.6
      vertex 34.05416187346354 -15.85051276999244 91.6
      vertex -34.55049652705645 -16.46059001551968 91.6
    endloop
  endfacet
  facet normal 0 0 1
    outer loop
      vertex -34.55049652705645 -16.46059001551968 91.6
      vertex 34.05416187346354 -15.85051276999244 91.6
      vertex -34.28146398684481 -16.1725265029548 91.6
    endloop
  endfacet
  facet normal 0 0 1
    outer loop
      vertex -20.975000001490116 -12.600000001490116 91.6
      vertex -21.875 -14.5 91.6
      vertex -17.875 -12.600000001490116 91.6
    endloop
  endfacet
  facet normal 0 0 1
    outer loop
      vertex -21.875 -14.5 91.6
      vertex -1.6499999985098839 -14.5 91.6
      vertex -17.875 -12.600000001490116 91.6
    endloop
  endfacet
  facet normal 0 0 1
    outer loop
      vertex -17.875 -12.600000001490116 91.6
      vertex -1.6499999985098839 -9.5 91.6
      vertex -17.875 -11.399999998509884 91.6
    endloop
  endfacet
  facet normal 0 0 1
    outer loop
      vertex -34.28146398684481 -16.1725265029548 91.6
      vertex 34.05416187346354 -15.85051276999244 91.6
      vertex -21.875 -14.5 91.6
    endloop
  endfacet
  facet normal 0 0 1
    outer loop
      vertex -1.6499999985098839 -9.5 91.6
      vertex -17.875 -12.600000001490116 91.6
      vertex -1.6499999985098839 -14.5 91.6
    endloop
  endfacet
  facet normal 0 0 1
    outer loop
      vertex -0.45000000298023224 -14.5 91.6
      vertex 0.45000000298023224 -9.5 91.6
      vertex -0.45000000298023224 -9.5 91.6
    endloop
  endfacet
  facet normal 0 0 1
    outer loop
      vertex -33.63373791208791 -14.350000000000001 91.6
      vertex -21.875 -9.5 91.6
      vertex -3.1661055043433604 -1.7134106149334654 91.6
    endloop
  endfacet
  facet normal 0 0 1
    outer loop
      vertex -33.74082952620877 -13.57085064329598 91.6
      vertex -3.4641648011133017 -0.9795724734432057 91.6
      vertex -19.711394506444115 -2.778899943298756 91.6
    endloop
  endfacet
  facet normal 0 0 1
    outer loop
      vertex -0.6901582749254566 -3.533225375708705 91.6
      vertex -20.975000001490116 -11.399999998509884 91.6
      vertex -17.875 -11.399999998509884 91.6
    endloop
  endfacet
  facet normal 0 0 1
    outer loop
      vertex -0.6901582749254566 -3.533225375708705 91.6
      vertex -21.875 -9.5 91.6
      vertex -20.975000001490116 -11.399999998509884 91.6
    endloop
  endfacet
  facet normal 0 0 1
    outer loop
      vertex -33.660636081117055 -13.956762688104467 91.6
      vertex -3.3353786419732865 -1.3547137390122077 91.6
      vertex -3.4641648011133017 -0.9795724734432057 91.6
    endloop
  endfacet
  facet normal 0 0 1
    outer loop
      vertex -33.63373791208791 -14.350000000000001 91.6
      vertex -3.1661055043433604 -1.7134106149334654 91.6
      vertex -3.3353786419732865 -1.3547137390122077 91.6
    endloop
  endfacet
  facet normal 0 0 1
    outer loop
      vertex -19.711394506444115 -2.778899943298756 91.6
      vertex -3.4641648011133017 -0.9795724734432057 91.6
      vertex -19.419582952593576 -2.510268483938384 91.6
    endloop
  endfacet
  facet normal 0 0 1
    outer loop
      vertex -19.419582952593576 -2.510268483938384 91.6
      vertex -3.4641648011133017 -0.9795724734432057 91.6
      vertex -19.159094166172984 -2.211165765682804 91.6
    endloop
  endfacet
  facet normal 0 0 1
    outer loop
      vertex -19.159094166172984 -2.211165765682804 91.6
      vertex -3.4641648011133017 -0.9795724734432057 91.6
      vertex -18.933090128182023 -1.88522249035636 91.6
    endloop
  endfacet
  facet normal 0 0 1
    outer loop
      vertex -18.933090128182023 -1.88522249035636 91.6
      vertex -3.4641648011133017 -0.9795724734432057 91.6
      vertex -18.74431422148872 -1.536395167787052 91.6
    endloop
  endfacet
  facet normal 0 0 1
    outer loop
      vertex -18.74431422148872 -1.536395167787052 91.6
      vertex -3.4641648011133017 -0.9795724734432057 91.6
      vertex -18.595057929877715 -1.1689180891368622 91.6
    endloop
  endfacet
  facet normal 0 0 1
    outer loop
      vertex -18.595057929877715 -1.1689180891368622 91.6
      vertex -3.4641648011133017 -0.9795724734432057 91.6
      vertex -18.487133022541233 -0.787251928342954 91.6
    endloop
  endfacet
  facet normal 0 0 1
    outer loop
      vertex -18.487133022541233 -0.787251928342954 91.6
      vertex -3.5509006922498005 -0.5925405250106429 91.6
      vertex -18.42184956165538 -0.396029595578686 91.6
    endloop
  endfacet
  facet normal 0 0 1
    outer loop
      vertex -18.42184956165538 -0.396029595578686 91.6
      vertex -3.5945334591599383 -0.19831593728111588 91.6
      vertex -18.4 0 91.6
    endloop
  endfacet
  facet normal 0 0 1
    outer loop
      vertex -0.6901582749254566 -3.533225375708705 91.6
      vertex -17.875 -11.399999998509884 91.6
      vertex -1.6499999985098839 -9.5 91.6
    endloop
  endfacet
  facet normal 0 0 1
    outer loop
      vertex -2.7147837951968268 -2.3643072865718437 91.6
      vertex -21.875 -9.5 91.6
      vertex -2.4382136578526676 -2.648606078423274 91.6
    endloop
  endfacet
  facet normal 0 0 1
    outer loop
      vertex -1.4461035287506896 -3.296783975958207 91.6
      vertex -1.8 -3.117691453623979 91.6
      vertex -21.875 -9.5 91.6
    endloop
  endfacet
  facet normal 0 0 1
    outer loop
      vertex -1.4461035287506896 -3.296783975958207 91.6
      vertex -21.875 -9.5 91.6
      vertex -1.0746533196061012 -3.4358580067662268 91.6
    endloop
  endfacet
  facet normal 0 0 1
    outer loop
      vertex -0.6901582749254566 -3.533225375708705 91.6
      vertex -1.0746533196061012 -3.4358580067662268 91.6
      vertex -21.875 -9.5 91.6
    endloop
  endfacet
  facet normal 0 0 1
    outer loop
      vertex -2.4382136578526676 -2.648606078423274 91.6
      vertex -21.875 -9.5 91.6
      vertex -2.1320469095939285 -2.900754380379521 91.6
    endloop
  endfacet
  facet normal 0 0 1
    outer loop
      vertex -1.8 -3.117691453623979 91.6
      vertex -2.1320469095939285 -2.900754380379521 91.6
      vertex -21.875 -9.5 91.6
    endloop
  endfacet
  facet normal 0 0 1
    outer loop
      vertex -0.6901582749254566 -3.533225375708705 91.6
      vertex -1.6499999985098839 -9.5 91.6
      vertex -0.45000000298023224 -9.5 91.6
    endloop
  endfacet
  facet normal 0 0 1
    outer loop
      vertex -0.6901582749254566 -3.533225375708705 91.6
      vertex -0.45000000298023224 -9.5 91.6
      vertex 0.45000000298023224 -9.5 91.6
    endloop
  endfacet
  facet normal 0 0 1
    outer loop
      vertex -2.958400134810883 -2.051309007036958 91.6
      vertex -3.1661055043433604 -1.7134106149334654 91.6
      vertex -21.875 -9.5 91.6
    endloop
  endfacet
  facet normal 0 0 1
    outer loop
      vertex -2.7147837951968268 -2.3643072865718437 91.6
      vertex -2.958400134810883 -2.051309007036958 91.6
      vertex -21.875 -9.5 91.6
    endloop
  endfacet
  facet normal 0 0 1
    outer loop
      vertex -18.487133022541233 -0.787251928342954 91.6
      vertex -3.4641648011133017 -0.9795724734432057 91.6
      vertex -3.5509006922498005 -0.5925405250106429 91.6
    endloop
  endfacet
  facet normal 0 0 1
    outer loop
      vertex -18.42184956165538 -0.396029595578686 91.6
      vertex -3.5509006922498005 -0.5925405250106429 91.6
      vertex -3.5945334591599383 -0.19831593728111588 91.6
    endloop
  endfacet
  facet normal 0 0 -1
    outer loop
      vertex -37.82844188546163 -13.11214097406384 88.6
      vertex -40.8466500043869 16.075000002980232 88.6
      vertex -27.24623971278574 0.1986677527677682 88.6
    endloop
  endfacet
  facet normal 0 0 -1
    outer loop
      vertex -27.24623971278574 0.1986677527677682 88.6
      vertex -40.8466500043869 16.075000002980232 88.6
      vertex -27.21618972680672 0.5948653074066669 88.6
    endloop
  endfacet
  facet normal 0 0 -1
    outer loop
      vertex -27.21618972680672 0.5948653074066669 88.6
      vertex -40.8466500043869 16.075000002980232 88.6
      vertex -27.15626187844706 0.9876555274353285 88.6
    endloop
  endfacet
  facet normal 0 0 -1
    outer loop
      vertex -27.15626187844706 0.9876555274353285 88.6
      vertex -40.8466500043869 16.075000002980232 88.6
      vertex -27.06679942899515 1.374788546044235 88.6
    endloop
  endfacet
  facet normal 0 0 -1
    outer loop
      vertex -27.06679942899515 1.374788546044235 88.6
      vertex -40.8466500043869 16.075000002980232 88.6
      vertex -26.94831481125978 1.7540469003612968 88.6
    endloop
  endfacet
  facet normal 0 0 -1
    outer loop
      vertex -26.94831481125978 1.7540469003612968 88.6
      vertex -40.8466500043869 16.075000002980232 88.6
      vertex -26.80148669440146 2.1232582328783534 88.6
    endloop
  endfacet
  facet normal 0 0 -1
    outer loop
      vertex -26.80148669440146 2.1232582328783534 88.6
      vertex -37.53178671765228 12.860159803317599 88.6
      vertex -37.18789867961184 12.677841904329776 88.6
    endloop
  endfacet
  facet normal 0 0 -1
    outer loop
      vertex -26.80148669440146 2.1232582328783534 88.6
      vertex -37.18789867961184 12.677841904329776 88.6
      vertex -36.81285759379497 12.573712259425255 88.6
    endloop
  endfacet
  facet normal 0 0 -1
    outer loop
      vertex -26.80148669440146 2.1232582328783534 88.6
      vertex -36.81285759379497 12.573712259425255 88.6
      vertex -36.42419996454624 12.552639855067978 88.6
    endloop
  endfacet
  facet normal 0 0 -1
    outer loop
      vertex -26.80148669440146 2.1232582328783534 88.6
      vertex -36.42419996454624 12.552639855067978 88.6
      vertex -36.040098990647394 12.6156100134654 88.6
    endloop
  endfacet
  facet normal 0 0 -1
    outer loop
      vertex -26.627156096576908 2.4803077345182727 88.6
      vertex -36.040098990647394 12.6156100134654 88.6
      vertex -35.678514806740374 12.75967831999716 88.6
    endloop
  endfacet
  facet normal 0 0 -1
    outer loop
      vertex -26.80148669440146 2.1232582328783534 88.6
      vertex -36.040098990647394 12.6156100134654 88.6
      vertex -26.627156096576908 2.4803077345182727 88.6
    endloop
  endfacet
  facet normal 0 0 -1
    outer loop
      vertex -26.627156096576908 2.4803077345182727 88.6
      vertex -35.678514806740374 12.75967831999716 88.6
      vertex -26.426321567663194 2.823150258069814 88.6
    endloop
  endfacet
  facet normal 0 0 -1
    outer loop
      vertex -26.426321567663194 2.823150258069814 88.6
      vertex -35.678514806740374 12.75967831999716 88.6
      vertex -26.200133469654507 3.149822032605652 88.6
    endloop
  endfacet
  facet normal 0 0 -1
    outer loop
      vertex -26.200133469654507 3.149822032605652 88.6
      vertex -35.678514806740374 12.75967831999716 88.6
      vertex -25.9498873874928 3.4584519117844175 88.6
    endloop
  endfacet
  facet normal 0 0 -1
    outer loop
      vertex -25.9498873874928 3.4584519117844175 88.6
      vertex -35.678514806740374 12.75967831999716 88.6
      vertex -25.677016708074593 3.747272091607478 88.6
    endloop
  endfacet
  facet normal 0 0 -1
    outer loop
      vertex -25.677016708074593 3.747272091607478 88.6
      vertex -35.678514806740374 12.75967831999716 88.6
      vertex -25.383084409940604 4.014628236240167 88.6
    endloop
  endfacet
  facet normal 0 0 -1
    outer loop
      vertex -25.383084409940604 4.014628236240167 88.6
      vertex -35.678514806740374 12.75967831999716 88.6
      vertex -25.06977411067625 4.25898895389761 88.6
    endloop
  endfacet
  facet normal 0 0 -1
    outer loop
      vertex -25.06977411067625 4.25898895389761 88.6
      vertex -35.678514806740374 12.75967831999716 88.6
      vertex -24.738880423302543 4.478954568518202 88.6
    endloop
  endfacet
  facet normal 0 0 -1
    outer loop
      vertex -24.738880423302543 4.478954568518202 88.6
      vertex -35.678514806740374 12.75967831999716 88.6
      vertex -24.39229867689527 4.673265136981332 88.6
    endloop
  endfacet
  facet normal 0 0 -1
    outer loop
      vertex -24.39229867689527 4.673265136981332 88.6
      vertex -35.678514806740374 12.75967831999716 88.6
      vertex -24.03201406031164 4.840807665947471 88.6
    endloop
  endfacet
  facet normal 0 0 -1
    outer loop
      vertex -24.03201406031164 4.840807665947471 88.6
      vertex -35.678514806740374 12.75967831999716 88.6
      vertex -23.660090251208324 4.980622486983236 88.6
    endloop
  endfacet
  facet normal 0 0 -1
    outer loop
      vertex -23.660090251208324 4.980622486983236 88.6
      vertex -35.678514806740374 12.75967831999716 88.6
      vertex -23.27865759548271 5.091908753455268 88.6
    endloop
  endfacet
  facet normal 0 0 -1
    outer loop
      vertex -23.27865759548271 5.091908753455268 88.6
      vertex -35.678514806740374 12.75967831999716 88.6
      vertex -22.88990090484451 5.1740290277072205 88.6
    endloop
  endfacet
  facet normal 0 0 -1
    outer loop
      vertex -22.88990090484451 5.1740290277072205 88.6
      vertex -35.678514806740374 12.75967831999716 88.6
      vertex -22.496046942412164 5.226512932244935 88.6
    endloop
  endfacet
  facet normal 0 0 -1
    outer loop
      vertex -22.496046942412164 5.226512932244935 88.6
      vertex -35.678514806740374 12.75967831999716 88.6
      vertex -22.09935166801535 5.249059844016124 88.6
    endloop
  endfacet
  facet normal 0 0 -1
    outer loop
      vertex -22.09935166801535 5.249059844016124 88.6
      vertex -35.678514806740374 12.75967831999716 88.6
      vertex -21.702087316261363 5.241540616351994 88.6
    endloop
  endfacet
  facet normal 0 0 -1
    outer loop
      vertex -21.702087316261363 5.241540616351994 88.6
      vertex -35.678514806740374 12.75967831999716 88.6
      vertex -21.30652938138106 5.203998318707671 88.6
    endloop
  endfacet
  facet normal 0 0 -1
    outer loop
      vertex -21.30652938138106 5.203998318707671 88.6
      vertex -35.678514806740374 12.75967831999716 88.6
      vertex -20.914943583403996 5.136647989964257 88.6
    endloop
  endfacet
  facet normal 0 0 -1
    outer loop
      vertex -20.914943583403996 5.136647989964257 88.6
      vertex -35.678514806740374 12.75967831999716 88.6
      vertex -20.529572890319237 5.039875406705595 88.6
    endloop
  endfacet
  facet normal 0 0 -1
    outer loop
      vertex -20.529572890319237 5.039875406705595 88.6
      vertex -35.678514806740374 12.75967831999716 88.6
      vertex -20.152624670557877 4.914234873524932 88.6
    endloop
  endfacet
  facet normal -1 0 0
    outer loop
      vertex -40.8466500043869 -16.075000002980232 88.6
      vertex -40.8466500043869 16.075000002980232 91.6
      vertex -40.8466500043869 16.075000002980232 88.6
    endloop
  endfacet
  facet normal 0 0 -1
    outer loop
      vertex -26.80148669440146 2.1232582328783534 88.6
      vertex -40.8466500043869 16.075000002980232 88.6
      vertex -37.82844188546163 13.11214097406384 88.6
    endloop
  endfacet
  facet normal 0 0 -1
    outer loop
      vertex -26.80148669440146 2.1232582328783534 88.6
      vertex -37.82844188546163 13.11214097406384 88.6
      vertex -37.53178671765228 12.860159803317599 88.6
    endloop
  endfacet
  facet normal 0 0 -1
    outer loop
      vertex -38.06399291710166 13.422003057081362 88.6
      vertex -40.8466500043869 16.075000002980232 88.6
      vertex -38.22742570812904 13.775257245755238 88.6
    endloop
  endfacet
  facet normal 0 0 -1
    outer loop
      vertex -37.82844188546163 13.11214097406384 88.6
      vertex -40.8466500043869 16.075000002980232 88.6
      vertex -38.06399291710166 13.422003057081362 88.6
    endloop
  endfacet
  facet normal 0 0 -1
    outer loop
      vertex -38.22742570812904 13.775257245755238 88.6
      vertex -40.8466500043869 16.075000002980232 88.6
      vertex -38.31109832287784 14.155385766836906 88.6
    endloop
  endfacet
  facet normal 0 0 -1
    outer loop
      vertex -38.31109832287784 14.155385766836906 88.6
      vertex -40.8466500043869 16.075000002980232 88.6
      vertex -38.31109832287784 14.544614233163097 88.6
    endloop
  endfacet
  facet normal 0 0 -1
    outer loop
      vertex -38.31109832287784 14.544614233163097 88.6
      vertex -40.8466500043869 16.075000002980232 88.6
      vertex -38.22742570812904 14.924742754244765 88.6
    endloop
  endfacet
  facet normal 0 0 -1
    outer loop
      vertex -40.8466500043869 16.075000002980232 88.6
      vertex -38.06399291710166 15.27799694291864 88.6
      vertex -38.22742570812904 14.924742754244765 88.6
    endloop
  endfacet
  facet normal 0 0 -1
    outer loop
      vertex -40.8466500043869 16.075000002980232 88.6
      vertex -37.82844188546163 15.587859025936163 88.6
      vertex -38.06399291710166 15.27799694291864 88.6
    endloop
  endfacet
  facet normal 0 0 -1
    outer loop
      vertex -40.8466500043869 16.075000002980232 88.6
      vertex -40.8447420746088 16.174587108194828 88.6
      vertex -36.81285759379497 16.12628774057475 88.6
    endloop
  endfacet
  facet normal 0 0 -1
    outer loop
      vertex -40.8466500043869 16.075000002980232 88.6
      vertex -37.53178671765228 15.839840196682404 88.6
      vertex -37.82844188546163 15.587859025936163 88.6
    endloop
  endfacet
  facet normal 0 0 -1
    outer loop
      vertex -40.8466500043869 16.075000002980232 88.6
      vertex -37.18789867961184 16.022158095670225 88.6
      vertex -37.53178671765228 15.839840196682404 88.6
    endloop
  endfacet
  facet normal 0 0 -1
    outer loop
      vertex -40.8466500043869 16.075000002980232 88.6
      vertex -36.81285759379497 16.12628774057475 88.6
      vertex -37.18789867961184 16.022158095670225 88.6
    endloop
  endfacet
  facet normal 0 0 -1
    outer loop
      vertex -40.8447420746088 16.174587108194828 88.6
      vertex -36.42419996454624 16.147360144932023 88.6
      vertex -36.81285759379497 16.12628774057475 88.6
    endloop
  endfacet
  facet normal 0 0 -1
    outer loop
      vertex -39.03112355619669 18.55383062362671 88.6
      vertex -38.643538139760494 18.644529104232788 88.6
      vertex -38.246650002896786 18.67500000447035 88.6
    endloop
  endfacet
  facet normal -0.9998165283249307 0.01915488679901077 0
    outer loop
      vertex -40.8466500043869 16.075000002980232 88.6
      vertex -40.8447420746088 16.174587108194828 91.6
      vertex -40.8447420746088 16.174587108194828 88.6
    endloop
  endfacet
  facet normal -0.9934020900851751 0.11468342257887829 0
    outer loop
      vertex -40.8447420746088 16.174587108194828 88.6
      vertex -40.79909163713455 16.570016883313656 91.6
      vertex -40.79909163713455 16.570016883313656 88.6
    endloop
  endfacet
  facet normal -0.9642534926212311 0.26498151250182994 0
    outer loop
      vertex -40.79909163713455 16.570016883313656 88.6
      vertex -40.69361412525177 16.953843884170055 91.6
      vertex -40.69361412525177 16.953843884170055 88.6
    endloop
  endfacet
  facet normal -0.9125036236028311 0.40906862127484517 0
    outer loop
      vertex -40.69361412525177 16.953843884170055 88.6
      vertex -40.53078185766935 17.31707153469324 91.6
      vertex -40.53078185766935 17.31707153469324 88.6
    endloop
  endfacet
  facet normal -0.8393654212848336 0.543567557486035 0
    outer loop
      vertex -40.53078185766935 17.31707153469324 88.6
      vertex -40.31441146880388 17.65118607133627 91.6
      vertex -40.31441146880388 17.65118607133627 88.6
    endloop
  endfacet
  facet normal -0.7465532146596287 0.6653257079666879 0
    outer loop
      vertex -40.31441146880388 17.65118607133627 88.6
      vertex -40.04957450181246 17.94835614413023 91.6
      vertex -40.04957450181246 17.94835614413023 88.6
    endloop
  endfacet
  facet normal -0.6362424473990902 0.7714891756386579 0
    outer loop
      vertex -40.04957450181246 17.94835614413023 88.6
      vertex -39.742478519678116 18.20161633938551 91.6
      vertex -39.742478519678116 18.20161633938551 88.6
    endloop
  endfacet
  facet normal -0.5110186823681713 0.8595696052506151 0
    outer loop
      vertex -39.742478519678116 18.20161633938551 88.6
      vertex -39.40032158046961 18.405030451714993 91.6
      vertex -39.40032158046961 18.405030451714993 88.6
    endloop
  endfacet
  facet normal -0.37381707139672676 0.9275024512810598 0
    outer loop
      vertex -39.40032158046961 18.405030451714993 88.6
      vertex -39.03112355619669 18.55383062362671 91.6
      vertex -39.03112355619669 18.55383062362671 88.6
    endloop
  endfacet
  facet normal -0.22785350495053003 0.9736954248027249 0
    outer loop
      vertex -39.03112355619669 18.55383062362671 88.6
      vertex -38.643538139760494 18.644529104232788 91.6
      vertex -38.643538139760494 18.644529104232788 88.6
    endloop
  endfacet
  facet normal -0.07654925840115992 0.997065800756516 0
    outer loop
      vertex -38.643538139760494 18.644529104232788 88.6
      vertex -38.246650002896786 18.67500000447035 91.6
      vertex -38.246650002896786 18.67500000447035 88.6
    endloop
  endfacet
  facet normal 0 0 -1
    outer loop
      vertex -16.75 0 88.6
      vertex -16.765035762281826 0.3970509158933976 88.6
      vertex -5.24623971278574 0.1986677527677682 88.6
    endloop
  endfacet
  facet normal 0 0 -1
    outer loop
      vertex -16.765035762281826 0.3970509158933976 88.6
      vertex -16.810056925642584 0.7918275600972124 88.6
      vertex -5.2161897268067206 0.5948653074066669 88.6
    endloop
  endfacet
  facet normal 0 0 -1
    outer loop
      vertex -16.810056925642584 0.7918275600972124 88.6
      vertex -16.88480561293563 1.1820686877441435 88.6
      vertex -5.156261878447063 0.9876555274353285 88.6
    endloop
  endfacet
  facet normal 0 0 -1
    outer loop
      vertex -16.88480561293563 1.1820686877441435 88.6
      vertex -16.988853670449334 1.5655390329949932 88.6
      vertex -5.06679942899515 1.374788546044235 88.6
    endloop
  endfacet
  facet normal 0 0 -1
    outer loop
      vertex -16.988853670449334 1.5655390329949932 88.6
      vertex -17.12160512033278 1.9400421124389735 88.6
      vertex -4.948314811259781 1.7540469003612968 88.6
    endloop
  endfacet
  facet normal 0 0 -1
    outer loop
      vertex -17.282299574302918 2.303432806351767 88.6
      vertex -4.801486694401463 2.1232582328783534 88.6
      vertex -17.12160512033278 1.9400421124389735 88.6
    endloop
  endfacet
  facet normal 0 0 -1
    outer loop
      vertex -17.282299574302918 2.303432806351767 88.6
      vertex -17.47001658907978 2.653629645747049 88.6
      vertex -4.627156096576907 2.4803077345182727 88.6
    endloop
  endfacet
  facet normal 0 0 -1
    outer loop
      vertex -17.47001658907978 2.653629645747049 88.6
      vertex -17.683680938602247 2.988626734842346 88.6
      vertex -4.426321567663193 2.823150258069814 88.6
    endloop
  endfacet
  facet normal 0 0 -1
    outer loop
      vertex -17.92206877282555 3.3065052406484243 88.6
      vertex -4.200133469654506 3.149822032605652 88.6
      vertex -17.683680938602247 2.988626734842346 88.6
    endloop
  endfacet
  facet normal 0 0 -1
    outer loop
      vertex -17.92206877282555 3.3065052406484243 88.6
      vertex -18.183814627823494 3.6054443838708807 88.6
      vertex -3.949887387492801 3.4584519117844175 88.6
    endloop
  endfacet
  facet normal 0 0 -1
    outer loop
      vertex -18.183814627823494 3.6054443838708807 88.6
      vertex -18.467419247042177 3.8837318681690594 88.6
      vertex -3.677016708074592 3.747272091607478 88.6
    endloop
  endfacet
  facet normal 0 0 -1
    outer loop
      vertex -18.467419247042177 3.8837318681690594 88.6
      vertex -18.771258168905742 4.1397736880344205 88.6
      vertex -3.383084409940604 4.014628236240167 88.6
    endloop
  endfacet
  facet normal 0 0 -1
    outer loop
      vertex -19.093591031585206 4.372103259109745 88.6
      vertex -3.0697741106762475 4.25898895389761 88.6
      vertex -18.771258168905742 4.1397736880344205 88.6
    endloop
  endfacet
  facet normal 0 0 -1
    outer loop
      vertex -19.432571541633376 4.579389818651518 88.6
      vertex -2.738880423302544 4.478954568518202 88.6
      vertex -19.093591031585206 4.372103259109745 88.6
    endloop
  endfacet
  facet normal 0 0 -1
    outer loop
      vertex -35.678514806740374 12.75967831999716 88.6
      vertex -1.6600902512083255 4.980622486983236 88.6
      vertex -20.152624670557877 4.914234873524932 88.6
    endloop
  endfacet
  facet normal 0 0 -1
    outer loop
      vertex -19.432571541633376 4.579389818651518 88.6
      vertex -19.786258049386532 4.760446048018409 88.6
      vertex -2.3922986768952685 4.673265136981332 88.6
    endloop
  endfacet
  facet normal 0 0 -1
    outer loop
      vertex -20.152624670557877 4.914234873524932 88.6
      vertex -2.0320140603116394 4.840807665947471 88.6
      vertex -19.786258049386532 4.760446048018409 88.6
    endloop
  endfacet
  facet normal 0 0 -1
    outer loop
      vertex -35.678514806740374 12.75967831999716 88.6
      vertex -1.2786575954827082 5.091908753455268 88.6
      vertex -1.6600902512083255 4.980622486983236 88.6
    endloop
  endfacet
  facet normal 0 0 -1
    outer loop
      vertex -35.678514806740374 12.75967831999716 88.6
      vertex -0.8899009048445078 5.1740290277072205 88.6
      vertex -1.2786575954827082 5.091908753455268 88.6
    endloop
  endfacet
  facet normal 0 0 -1
    outer loop
      vertex -35.678514806740374 12.75967831999716 88.6
      vertex -0.4960469424121647 5.226512932244935 88.6
      vertex -0.8899009048445078 5.1740290277072205 88.6
    endloop
  endfacet
  facet normal 0 0 -1
    outer loop
      vertex -35.678514806740374 12.75967831999716 88.6
      vertex -0.09935166801534939 5.249059844016124 88.6
      vertex -0.4960469424121647 5.226512932244935 88.6
    endloop
  endfacet
  facet normal 0 0 -1
    outer loop
      vertex -35.678514806740374 12.75967831999716 88.6
      vertex 0.29791268373863866 5.241540616351994 88.6
      vertex -0.09935166801534939 5.249059844016124 88.6
    endloop
  endfacet
  facet normal 0 0 -1
    outer loop
      vertex -5.24623971278574 -0.1986677527677682 88.6
      vertex -16.75 0 88.6
      vertex -5.24623971278574 0.1986677527677682 88.6
    endloop
  endfacet
  facet normal 0 0 -1
    outer loop
      vertex -16.765035762281826 0.3970509158933976 88.6
      vertex -5.2161897268067206 0.5948653074066669 88.6
      vertex -5.24623971278574 0.1986677527677682 88.6
    endloop
  endfacet
  facet normal 0 0 -1
    outer loop
      vertex -16.810056925642584 0.7918275600972124 88.6
      vertex -5.156261878447063 0.9876555274353285 88.6
      vertex -5.2161897268067206 0.5948653074066669 88.6
    endloop
  endfacet
  facet normal 0 0 -1
    outer loop
      vertex -16.88480561293563 1.1820686877441435 88.6
      vertex -5.06679942899515 1.374788546044235 88.6
      vertex -5.156261878447063 0.9876555274353285 88.6
    endloop
  endfacet
  facet normal 0 0 -1
    outer loop
      vertex -16.988853670449334 1.5655390329949932 88.6
      vertex -4.948314811259781 1.7540469003612968 88.6
      vertex -5.06679942899515 1.374788546044235 88.6
    endloop
  endfacet
  facet normal 0 0 -1
    outer loop
      vertex -17.12160512033278 1.9400421124389735 88.6
      vertex -4.801486694401463 2.1232582328783534 88.6
      vertex -4.948314811259781 1.7540469003612968 88.6
    endloop
  endfacet
  facet normal 0 0 -1
    outer loop
      vertex -17.282299574302918 2.303432806351767 88.6
      vertex -4.627156096576907 2.4803077345182727 88.6
      vertex -4.801486694401463 2.1232582328783534 88.6
    endloop
  endfacet
  facet normal 0 0 -1
    outer loop
      vertex -17.47001658907978 2.653629645747049 88.6
      vertex -4.426321567663193 2.823150258069814 88.6
      vertex -4.627156096576907 2.4803077345182727 88.6
    endloop
  endfacet
  facet normal 0 0 -1
    outer loop
      vertex -17.683680938602247 2.988626734842346 88.6
      vertex -4.200133469654506 3.149822032605652 88.6
      vertex -4.426321567663193 2.823150258069814 88.6
    endloop
  endfacet
  facet normal 0 0 -1
    outer loop
      vertex -17.92206877282555 3.3065052406484243 88.6
      vertex -3.949887387492801 3.4584519117844175 88.6
      vertex -4.200133469654506 3.149822032605652 88.6
    endloop
  endfacet
  facet normal 0 0 -1
    outer loop
      vertex -18.183814627823494 3.6054443838708807 88.6
      vertex -3.677016708074592 3.747272091607478 88.6
      vertex -3.949887387492801 3.4584519117844175 88.6
    endloop
  endfacet
  facet normal 0 0 -1
    outer loop
      vertex -18.467419247042177 3.8837318681690594 88.6
      vertex -3.383084409940604 4.014628236240167 88.6
      vertex -3.677016708074592 3.747272091607478 88.6
    endloop
  endfacet
  facet normal 0 0 -1
    outer loop
      vertex -18.771258168905742 4.1397736880344205 88.6
      vertex -3.0697741106762475 4.25898895389761 88.6
      vertex -3.383084409940604 4.014628236240167 88.6
    endloop
  endfacet
  facet normal 0 0 -1
    outer loop
      vertex -19.093591031585206 4.372103259109745 88.6
      vertex -2.738880423302544 4.478954568518202 88.6
      vertex -3.0697741106762475 4.25898895389761 88.6
    endloop
  endfacet
  facet normal 0 0 -1
    outer loop
      vertex -19.432571541633376 4.579389818651518 88.6
      vertex -2.3922986768952685 4.673265136981332 88.6
      vertex -2.738880423302544 4.478954568518202 88.6
    endloop
  endfacet
  facet normal 0 0 -1
    outer loop
      vertex -19.786258049386532 4.760446048018409 88.6
      vertex -2.0320140603116394 4.840807665947471 88.6
      vertex -2.3922986768952685 4.673265136981332 88.6
    endloop
  endfacet
  facet normal 0 0 -1
    outer loop
      vertex -20.152624670557877 4.914234873524932 88.6
      vertex -1.6600902512083255 4.980622486983236 88.6
      vertex -2.0320140603116394 4.840807665947471 88.6
    endloop
  endfacet
  facet normal 0 0 -1
    outer loop
      vertex -36.040098990647394 16.084389986534603 88.6
      vertex 40.72548062354326 16.859473556280136 88.6
      vertex -35.678514806740374 15.940321680002842 88.6
    endloop
  endfacet
  facet normal 0 0 -1
    outer loop
      vertex -40.8447420746088 16.174587108194828 88.6
      vertex -40.79909163713455 16.570016883313656 88.6
      vertex 40.37326633930206 17.570828519761562 88.6
    endloop
  endfacet
  facet normal 0 0 -1
    outer loop
      vertex -40.79909163713455 16.570016883313656 88.6
      vertex -40.69361412525177 16.953843884170055 88.6
      vertex 40.12000614404678 17.877924501895905 88.6
    endloop
  endfacet
  facet normal 0 0 -1
    outer loop
      vertex -40.69361412525177 16.953843884170055 88.6
      vertex -40.53078185766935 17.31707153469324 88.6
      vertex 39.82283607125282 18.14276146888733 88.6
    endloop
  endfacet
  facet normal 0 0 -1
    outer loop
      vertex -40.53078185766935 17.31707153469324 88.6
      vertex -40.31441146880388 17.65118607133627 88.6
      vertex 39.488721534609795 18.3591318577528 88.6
    endloop
  endfacet
  facet normal 0 0 -1
    outer loop
      vertex -40.31441146880388 17.65118607133627 88.6
      vertex -40.04957450181246 17.94835614413023 88.6
      vertex 39.12549388408661 18.521964125335217 88.6
    endloop
  endfacet
  facet normal 0 0 -1
    outer loop
      vertex -40.04957450181246 17.94835614413023 88.6
      vertex -39.742478519678116 18.20161633938551 88.6
      vertex 38.74166688323021 18.627441637218 88.6
    endloop
  endfacet
  facet normal 0 0 -1
    outer loop
      vertex -39.742478519678116 18.20161633938551 88.6
      vertex -39.40032158046961 18.405030451714993 88.6
      vertex 38.34623710811138 18.67309207469225 88.6
    endloop
  endfacet
  facet normal 0 0 -1
    outer loop
      vertex -39.40032158046961 18.405030451714993 88.6
      vertex -39.03112355619669 18.55383062362671 88.6
      vertex 38.246650002896786 18.67500000447035 88.6
    endloop
  endfacet
  facet normal 0 0 -1
    outer loop
      vertex -39.03112355619669 18.55383062362671 88.6
      vertex -38.246650002896786 18.67500000447035 88.6
      vertex 38.246650002896786 18.67500000447035 88.6
    endloop
  endfacet
  facet normal 0 0 -1
    outer loop
      vertex -40.8447420746088 16.174587108194828 88.6
      vertex 40.576680451631546 17.228671580553055 88.6
      vertex -36.42419996454624 16.147360144932023 88.6
    endloop
  endfacet
  facet normal 0 0 -1
    outer loop
      vertex -36.42419996454624 16.147360144932023 88.6
      vertex 40.72548062354326 16.859473556280136 88.6
      vertex -36.040098990647394 16.084389986534603 88.6
    endloop
  endfacet
  facet normal 0 0 -1
    outer loop
      vertex -35.678514806740374 12.75967831999716 88.6
      vertex -35.3563546873927 12.978108300770256 88.6
      vertex 40.72548062354326 16.859473556280136 88.6
    endloop
  endfacet
  facet normal 0 0 -1
    outer loop
      vertex -35.3563546873927 12.978108300770256 88.6
      vertex -35.08868248172983 13.260686412651225 88.6
      vertex 40.72548062354326 16.859473556280136 88.6
    endloop
  endfacet
  facet normal 0 0 -1
    outer loop
      vertex -35.08868248172983 13.260686412651225 88.6
      vertex -34.88801424459227 13.594199617191524 88.6
      vertex 40.72548062354326 16.859473556280136 88.6
    endloop
  endfacet
  facet normal 0 0 -1
    outer loop
      vertex -34.88801424459227 13.594199617191524 88.6
      vertex -34.76373299972184 13.963053207620158 88.6
      vertex 40.72548062354326 16.859473556280136 88.6
    endloop
  endfacet
  facet normal 0 0 -1
    outer loop
      vertex -34.76373299972184 13.963053207620158 88.6
      vertex -34.72165 14.350000000000001 88.6
      vertex 40.72548062354326 16.859473556280136 88.6
    endloop
  endfacet
  facet normal 0 0 -1
    outer loop
      vertex -34.72165 14.350000000000001 88.6
      vertex -34.76373299972184 14.736946792379845 88.6
      vertex 40.72548062354326 16.859473556280136 88.6
    endloop
  endfacet
  facet normal 0 0 -1
    outer loop
      vertex -34.76373299972184 14.736946792379845 88.6
      vertex -34.88801424459227 15.105800382808479 88.6
      vertex 40.72548062354326 16.859473556280136 88.6
    endloop
  endfacet
  facet normal 0 0 -1
    outer loop
      vertex -35.3563546873927 15.721891699229747 88.6
      vertex 40.72548062354326 16.859473556280136 88.6
      vertex -35.08868248172983 15.439313587348778 88.6
    endloop
  endfacet
  facet normal 0 0 -1
    outer loop
      vertex -34.88801424459227 15.105800382808479 88.6
      vertex -35.08868248172983 15.439313587348778 88.6
      vertex 40.72548062354326 16.859473556280136 88.6
    endloop
  endfacet
  facet normal 0 0 -1
    outer loop
      vertex -35.3563546873927 15.721891699229747 88.6
      vertex -35.678514806740374 15.940321680002842 88.6
      vertex 40.72548062354326 16.859473556280136 88.6
    endloop
  endfacet
  facet normal 0 0 1
    outer loop
      vertex -34.55049652705645 -12.23940998448032 91.6
      vertex -38.18705207309655 11.9906627705149 91.6
      vertex -38.492803472943535 12.23940998448032 91.6
    endloop
  endfacet
  facet normal 0 0 1
    outer loop
      vertex -34.55049652705645 -12.23940998448032 91.6
      vertex -38.492803472943535 12.23940998448032 91.6
      vertex -38.761836013155175 12.527473497045204 91.6
    endloop
  endfacet
  facet normal 0 0 1
    outer loop
      vertex -34.55049652705645 -12.23940998448032 91.6
      vertex -38.761836013155175 12.527473497045204 91.6
      vertex -38.989138126536446 12.849487230007563 91.6
    endloop
  endfacet
  facet normal 0 0 1
    outer loop
      vertex -34.55049652705645 -12.23940998448032 91.6
      vertex -38.989138126536446 12.849487230007563 91.6
      vertex -39.17047560478717 13.19945267679569 91.6
    endloop
  endfacet
  facet normal 0 0 1
    outer loop
      vertex -34.55049652705645 -12.23940998448032 91.6
      vertex -37.4887528799839 11.62883329304587 91.6
      vertex -37.85027738368952 11.785865545097318 91.6
    endloop
  endfacet
  facet normal 0 0 1
    outer loop
      vertex -34.55049652705645 -12.23940998448032 91.6
      vertex -37.85027738368952 11.785865545097318 91.6
      vertex -38.18705207309655 11.9906627705149 91.6
    endloop
  endfacet
  facet normal 0 0 1
    outer loop
      vertex -34.55049652705645 -12.23940998448032 91.6
      vertex -39.17047560478717 13.19945267679569 91.6
      vertex -39.30247047379122 13.57085064329598 91.6
    endloop
  endfacet
  facet normal 0 0 1
    outer loop
      vertex -34.55049652705645 -12.23940998448032 91.6
      vertex -39.30247047379122 13.57085064329598 91.6
      vertex -39.38266391888293 13.956762688104467 91.6
    endloop
  endfacet
  facet normal 0 0 1
    outer loop
      vertex -34.55049652705645 -12.23940998448032 91.6
      vertex -39.38266391888293 13.956762688104467 91.6
      vertex -40.8466500043869 16.075000002980232 91.6
    endloop
  endfacet
  facet normal 0 0 1
    outer loop
      vertex -25.594533459159937 0.19831593728111588 91.6
      vertex -37.1092130794531 11.522491228099843 91.6
      vertex -37.4887528799839 11.62883329304587 91.6
    endloop
  endfacet
  facet normal 0 0 1
    outer loop
      vertex -25.594533459159937 0.19831593728111588 91.6
      vertex -36.718728090464126 11.46882030172227 91.6
      vertex -37.1092130794531 11.522491228099843 91.6
    endloop
  endfacet
  facet normal 0 0 1
    outer loop
      vertex -25.5509006922498 0.5925405250106429 91.6
      vertex -36.32457190953586 11.46882030172227 91.6
      vertex -36.718728090464126 11.46882030172227 91.6
    endloop
  endfacet
  facet normal 0 0 1
    outer loop
      vertex -25.5509006922498 0.5925405250106429 91.6
      vertex -35.93408692054689 11.522491228099843 91.6
      vertex -36.32457190953586 11.46882030172227 91.6
    endloop
  endfacet
  facet normal 0 0 1
    outer loop
      vertex -25.464164801113302 0.9795724734432057 91.6
      vertex -35.55454712001609 11.62883329304587 91.6
      vertex -35.93408692054689 11.522491228099843 91.6
    endloop
  endfacet
  facet normal 0 0 1
    outer loop
      vertex -25.16610550434336 1.7134106149334654 91.6
      vertex -35.19302261631047 11.785865545097318 91.6
      vertex -35.55454712001609 11.62883329304587 91.6
    endloop
  endfacet
  facet normal 0 0 1
    outer loop
      vertex -24.958400134810883 2.051309007036958 91.6
      vertex -34.856247926903436 11.9906627705149 91.6
      vertex -35.19302261631047 11.785865545097318 91.6
    endloop
  endfacet
  facet normal 0 0 1
    outer loop
      vertex -24.714783795196826 2.3643072865718437 91.6
      vertex -34.55049652705645 12.23940998448032 91.6
      vertex -34.856247926903436 11.9906627705149 91.6
    endloop
  endfacet
  facet normal 0 0 1
    outer loop
      vertex -24.438213657852668 2.648606078423274 91.6
      vertex -34.28146398684481 12.527473497045204 91.6
      vertex -34.55049652705645 12.23940998448032 91.6
    endloop
  endfacet
  facet normal 0 0 1
    outer loop
      vertex -25.594533459159937 0.19831593728111588 91.6
      vertex -25.5509006922498 0.5925405250106429 91.6
      vertex -36.718728090464126 11.46882030172227 91.6
    endloop
  endfacet
  facet normal 0 0 1
    outer loop
      vertex -25.5509006922498 0.5925405250106429 91.6
      vertex -25.464164801113302 0.9795724734432057 91.6
      vertex -35.93408692054689 11.522491228099843 91.6
    endloop
  endfacet
  facet normal 0 0 1
    outer loop
      vertex -25.464164801113302 0.9795724734432057 91.6
      vertex -25.335378641973286 1.3547137390122077 91.6
      vertex -35.55454712001609 11.62883329304587 91.6
    endloop
  endfacet
  facet normal 0 0 1
    outer loop
      vertex -25.335378641973286 1.3547137390122077 91.6
      vertex -25.16610550434336 1.7134106149334654 91.6
      vertex -35.55454712001609 11.62883329304587 91.6
    endloop
  endfacet
  facet normal 0 0 1
    outer loop
      vertex -25.16610550434336 1.7134106149334654 91.6
      vertex -24.958400134810883 2.051309007036958 91.6
      vertex -35.19302261631047 11.785865545097318 91.6
    endloop
  endfacet
  facet normal 0 0 1
    outer loop
      vertex -24.958400134810883 2.051309007036958 91.6
      vertex -24.714783795196826 2.3643072865718437 91.6
      vertex -34.856247926903436 11.9906627705149 91.6
    endloop
  endfacet
  facet normal 0 0 1
    outer loop
      vertex -24.714783795196826 2.3643072865718437 91.6
      vertex -24.438213657852668 2.648606078423274 91.6
      vertex -34.55049652705645 12.23940998448032 91.6
    endloop
  endfacet
  facet normal 0 0 1
    outer loop
      vertex -24.438213657852668 2.648606078423274 91.6
      vertex -24.132046909593928 2.9007543803795217 91.6
      vertex -34.28146398684481 12.527473497045204 91.6
    endloop
  endfacet
  facet normal 0 0 1
    outer loop
      vertex -24.132046909593928 2.9007543803795217 91.6
      vertex -23.8 3.117691453623979 91.6
      vertex -34.05416187346354 12.849487230007565 91.6
    endloop
  endfacet
  facet normal 0 0 1
    outer loop
      vertex -23.8 3.117691453623979 91.6
      vertex -23.44610352875069 3.2967839759582067 91.6
      vertex -33.87282439521282 13.199452676795692 91.6
    endloop
  endfacet
  facet normal 0 0 1
    outer loop
      vertex -23.44610352875069 3.2967839759582067 91.6
      vertex -23.0746533196061 3.435858006766227 91.6
      vertex -33.87282439521282 13.199452676795692 91.6
    endloop
  endfacet
  facet normal 0 0 1
    outer loop
      vertex -23.0746533196061 3.435858006766227 91.6
      vertex -22.69015827492546 3.5332253757087044 91.6
      vertex -33.74082952620877 13.57085064329598 91.6
    endloop
  endfacet
  facet normal 0 0 1
    outer loop
      vertex -22.69015827492546 3.5332253757087044 91.6
      vertex -22.2972856437004 3.5877041748240117 91.6
      vertex -33.660636081117055 13.956762688104467 91.6
    endloop
  endfacet
  facet normal 0 0 1
    outer loop
      vertex -22.2972856437004 3.5877041748240117 91.6
      vertex -21.900804367474617 3.5986331052898253 91.6
      vertex -33.63373791208791 14.350000000000001 91.6
    endloop
  endfacet
  facet normal 0 0 1
    outer loop
      vertex -21.900804367474617 3.5986331052898253 91.6
      vertex -21.50552719185373 3.565879504695012 91.6
      vertex -33.660636081117055 14.743237311895536 91.6
    endloop
  endfacet
  facet normal 0 0 1
    outer loop
      vertex -21.116252246293122 3.4898409573815896 91.6
      vertex -33.74082952620877 15.129149356704023 91.6
      vertex -21.50552719185373 3.565879504695012 91.6
    endloop
  endfacet
  facet normal 0 0 1
    outer loop
      vertex -21.116252246293122 3.4898409573815896 91.6
      vertex -20.737704801306084 3.3714404683093973 91.6
      vertex -33.74082952620877 15.129149356704023 91.6
    endloop
  endfacet
  facet normal 0 0 1
    outer loop
      vertex -20.737704801306084 3.3714404683093973 91.6
      vertex -20.374479910080797 3.2121152590262185 91.6
      vertex -33.87282439521282 15.500547323204312 91.6
    endloop
  endfacet
  facet normal 0 0 1
    outer loop
      vertex -33.87282439521282 15.500547323204312 91.6
      vertex -20.374479910080797 3.2121152590262185 91.6
      vertex -20.030986630759262 3.0137993217451027 91.6
    endloop
  endfacet
  facet normal 0 0 1
    outer loop
      vertex -20.030986630759262 3.0137993217451027 91.6
      vertex -24.149999998509884 9.5 91.6
      vertex -25.350000001490116 9.5 91.6
    endloop
  endfacet
  facet normal 0 0 1
    outer loop
      vertex -20.030986630759262 3.0137993217451027 91.6
      vertex -24.149999998509884 12 91.6
      vertex -24.149999998509884 9.5 91.6
    endloop
  endfacet
  facet normal 0 0 1
    outer loop
      vertex -20.030986630759262 3.0137993217451027 91.6
      vertex -21.399999998509884 9.5 91.6
      vertex -24.149999998509884 12 91.6
    endloop
  endfacet
  facet normal 0 0 1
    outer loop
      vertex -20.030986630759262 3.0137993217451027 91.6
      vertex -21.399999998509884 12 91.6
      vertex -21.399999998509884 9.5 91.6
    endloop
  endfacet
  facet normal -0.9998165283249307 0.01915488679901077 0
    outer loop
      vertex -40.8466500043869 16.075000002980232 88.6
      vertex -40.8466500043869 16.075000002980232 91.6
      vertex -40.8447420746088 16.174587108194828 91.6
    endloop
  endfacet
  facet normal -0.9934020900851751 0.11468342257887829 0
    outer loop
      vertex -40.8447420746088 16.174587108194828 88.6
      vertex -40.8447420746088 16.174587108194828 91.6
      vertex -40.79909163713455 16.570016883313656 91.6
    endloop
  endfacet
  facet normal -0.9642534926212311 0.26498151250182994 0
    outer loop
      vertex -40.79909163713455 16.570016883313656 88.6
      vertex -40.79909163713455 16.570016883313656 91.6
      vertex -40.69361412525177 16.953843884170055 91.6
    endloop
  endfacet
  facet normal -0.9125036236028311 0.40906862127484517 0
    outer loop
      vertex -40.69361412525177 16.953843884170055 88.6
      vertex -40.69361412525177 16.953843884170055 91.6
      vertex -40.53078185766935 17.31707153469324 91.6
    endloop
  endfacet
  facet normal -0.8393654212848336 0.543567557486035 0
    outer loop
      vertex -40.53078185766935 17.31707153469324 88.6
      vertex -40.53078185766935 17.31707153469324 91.6
      vertex -40.31441146880388 17.65118607133627 91.6
    endloop
  endfacet
  facet normal -0.7465532146596287 0.6653257079666879 0
    outer loop
      vertex -40.31441146880388 17.65118607133627 88.6
      vertex -40.31441146880388 17.65118607133627 91.6
      vertex -40.04957450181246 17.94835614413023 91.6
    endloop
  endfacet
  facet normal -0.6362424473990902 0.7714891756386579 0
    outer loop
      vertex -40.04957450181246 17.94835614413023 88.6
      vertex -40.04957450181246 17.94835614413023 91.6
      vertex -39.742478519678116 18.20161633938551 91.6
    endloop
  endfacet
  facet normal -0.5110186823681713 0.8595696052506151 0
    outer loop
      vertex -39.742478519678116 18.20161633938551 88.6
      vertex -39.742478519678116 18.20161633938551 91.6
      vertex -39.40032158046961 18.405030451714993 91.6
    endloop
  endfacet
  facet normal -0.37381707139672676 0.9275024512810598 0
    outer loop
      vertex -39.40032158046961 18.405030451714993 88.6
      vertex -39.40032158046961 18.405030451714993 91.6
      vertex -39.03112355619669 18.55383062362671 91.6
    endloop
  endfacet
  facet normal -0.22785350495053003 0.9736954248027249 0
    outer loop
      vertex -39.03112355619669 18.55383062362671 88.6
      vertex -39.03112355619669 18.55383062362671 91.6
      vertex -38.643538139760494 18.644529104232788 91.6
    endloop
  endfacet
  facet normal -0.07654925840115992 0.997065800756516 0
    outer loop
      vertex -38.643538139760494 18.644529104232788 88.6
      vertex -38.643538139760494 18.644529104232788 91.6
      vertex -38.246650002896786 18.67500000447035 91.6
    endloop
  endfacet
  facet normal 0 0 1
    outer loop
      vertex -24.132046909593928 2.9007543803795217 91.6
      vertex -34.05416187346354 12.849487230007565 91.6
      vertex -34.28146398684481 12.527473497045204 91.6
    endloop
  endfacet
  facet normal 0 0 1
    outer loop
      vertex -39.38266391888293 13.956762688104467 91.6
      vertex -39.40956208791208 14.350000000000001 91.6
      vertex -40.8466500043869 16.075000002980232 91.6
    endloop
  endfacet
  facet normal 0 0 1
    outer loop
      vertex -39.40956208791208 14.350000000000001 91.6
      vertex -39.38266391888293 14.743237311895536 91.6
      vertex -40.8466500043869 16.075000002980232 91.6
    endloop
  endfacet
  facet normal 0 0 1
    outer loop
      vertex -39.38266391888293 14.743237311895536 91.6
      vertex -39.30247047379122 15.129149356704023 91.6
      vertex -40.8466500043869 16.075000002980232 91.6
    endloop
  endfacet
  facet normal 0 0 1
    outer loop
      vertex -39.30247047379122 15.129149356704023 91.6
      vertex -39.17047560478717 15.500547323204312 91.6
      vertex -40.8466500043869 16.075000002980232 91.6
    endloop
  endfacet
  facet normal 0 0 1
    outer loop
      vertex -40.8466500043869 16.075000002980232 91.6
      vertex -39.17047560478717 15.500547323204312 91.6
      vertex -38.989138126536446 15.85051276999244 91.6
    endloop
  endfacet
  facet normal 0 0 1
    outer loop
      vertex -40.8466500043869 16.075000002980232 91.6
      vertex -38.761836013155175 16.1725265029548 91.6
      vertex -40.8447420746088 16.174587108194828 91.6
    endloop
  endfacet
  facet normal 0 0 1
    outer loop
      vertex -40.8466500043869 16.075000002980232 91.6
      vertex -38.989138126536446 15.85051276999244 91.6
      vertex -38.761836013155175 16.1725265029548 91.6
    endloop
  endfacet
  facet normal 0 0 1
    outer loop
      vertex -40.8447420746088 16.174587108194828 91.6
      vertex -38.761836013155175 16.1725265029548 91.6
      vertex -38.492803472943535 16.46059001551968 91.6
    endloop
  endfacet
  facet normal 0 0 1
    outer loop
      vertex -40.8447420746088 16.174587108194828 91.6
      vertex -38.492803472943535 16.46059001551968 91.6
      vertex -40.79909163713455 16.570016883313656 91.6
    endloop
  endfacet
  facet normal 0 0 1
    outer loop
      vertex -40.79909163713455 16.570016883313656 91.6
      vertex -38.18705207309655 16.709337229485104 91.6
      vertex -40.69361412525177 16.953843884170055 91.6
    endloop
  endfacet
  facet normal 0 0 1
    outer loop
      vertex -40.69361412525177 16.953843884170055 91.6
      vertex -37.4887528799839 17.071166706954134 91.6
      vertex -40.53078185766935 17.31707153469324 91.6
    endloop
  endfacet
  facet normal 0 0 1
    outer loop
      vertex -40.79909163713455 16.570016883313656 91.6
      vertex -38.492803472943535 16.46059001551968 91.6
      vertex -38.18705207309655 16.709337229485104 91.6
    endloop
  endfacet
  facet normal 0 0 1
    outer loop
      vertex -40.69361412525177 16.953843884170055 91.6
      vertex -38.18705207309655 16.709337229485104 91.6
      vertex -37.85027738368952 16.914134454902683 91.6
    endloop
  endfacet
  facet normal 0 0 1
    outer loop
      vertex -40.69361412525177 16.953843884170055 91.6
      vertex -37.85027738368952 16.914134454902683 91.6
      vertex -37.4887528799839 17.071166706954134 91.6
    endloop
  endfacet
  facet normal 0 0 1
    outer loop
      vertex -40.53078185766935 17.31707153469324 91.6
      vertex -37.4887528799839 17.071166706954134 91.6
      vertex -37.1092130794531 17.17750877190016 91.6
    endloop
  endfacet
  facet normal 0 0 1
    outer loop
      vertex -39.03112355619669 18.55383062362671 91.6
      vertex -38.246650002896786 18.67500000447035 91.6
      vertex -38.643538139760494 18.644529104232788 91.6
    endloop
  endfacet
  facet normal 0 0 1
    outer loop
      vertex -40.53078185766935 17.31707153469324 91.6
      vertex -37.1092130794531 17.17750877190016 91.6
      vertex -36.718728090464126 17.231179698277735 91.6
    endloop
  endfacet
  facet normal 0 0 1
    outer loop
      vertex -33.87282439521282 15.500547323204312 91.6
      vertex -25.350000001490116 14.5 91.6
      vertex -34.05416187346354 15.85051276999244 91.6
    endloop
  endfacet
  facet normal 0 0 1
    outer loop
      vertex -23.8 3.117691453623979 91.6
      vertex -33.87282439521282 13.199452676795692 91.6
      vertex -34.05416187346354 12.849487230007565 91.6
    endloop
  endfacet
  facet normal 0 0 1
    outer loop
      vertex -23.0746533196061 3.435858006766227 91.6
      vertex -33.74082952620877 13.57085064329598 91.6
      vertex -33.87282439521282 13.199452676795692 91.6
    endloop
  endfacet
  facet normal 0 0 1
    outer loop
      vertex -22.69015827492546 3.5332253757087044 91.6
      vertex -33.660636081117055 13.956762688104467 91.6
      vertex -33.74082952620877 13.57085064329598 91.6
    endloop
  endfacet
  facet normal 0 0 1
    outer loop
      vertex -22.2972856437004 3.5877041748240117 91.6
      vertex -33.63373791208791 14.350000000000001 91.6
      vertex -33.660636081117055 13.956762688104467 91.6
    endloop
  endfacet
  facet normal 0 0 1
    outer loop
      vertex -21.900804367474617 3.5986331052898253 91.6
      vertex -33.660636081117055 14.743237311895536 91.6
      vertex -33.63373791208791 14.350000000000001 91.6
    endloop
  endfacet
  facet normal 0 0 1
    outer loop
      vertex -21.50552719185373 3.565879504695012 91.6
      vertex -33.74082952620877 15.129149356704023 91.6
      vertex -33.660636081117055 14.743237311895536 91.6
    endloop
  endfacet
  facet normal 0 0 1
    outer loop
      vertex -20.737704801306084 3.3714404683093973 91.6
      vertex -33.87282439521282 15.500547323204312 91.6
      vertex -33.74082952620877 15.129149356704023 91.6
    endloop
  endfacet
  facet normal 0 0 1
    outer loop
      vertex -33.87282439521282 15.500547323204312 91.6
      vertex -20.030986630759262 3.0137993217451027 91.6
      vertex -25.350000001490116 9.5 91.6
    endloop
  endfacet
  facet normal 0 0 1
    outer loop
      vertex -33.87282439521282 15.500547323204312 91.6
      vertex -25.350000001490116 9.5 91.6
      vertex -25.350000001490116 14.5 91.6
    endloop
  endfacet
  facet normal 0 0 1
    outer loop
      vertex -24.149999998509884 14.5 91.6
      vertex -24.149999998509884 12 91.6
      vertex -21.399999998509884 14.5 91.6
    endloop
  endfacet
  facet normal 0 0 1
    outer loop
      vertex -21.399999998509884 14.5 91.6
      vertex -21.399999998509884 12 91.6
      vertex -18.649999998509884 14.5 91.6
    endloop
  endfacet
  facet normal 0 0 1
    outer loop
      vertex -18.4 0 91.6
      vertex -3.5945334591599383 0.19831593728111588 91.6
      vertex -18.42184956165538 0.39602959557868544 91.6
    endloop
  endfacet
  facet normal 0 0 1
    outer loop
      vertex -18.42184956165538 0.39602959557868544 91.6
      vertex -3.5509006922498005 0.5925405250106429 91.6
      vertex -18.487133022541233 0.7872519283429529 91.6
    endloop
  endfacet
  facet normal 0 0 1
    outer loop
      vertex -18.487133022541233 0.7872519283429529 91.6
      vertex -3.4641648011133017 0.9795724734432057 91.6
      vertex -18.595057929877715 1.1689180891368605 91.6
    endloop
  endfacet
  facet normal 0 0 1
    outer loop
      vertex -18.595057929877715 1.1689180891368605 91.6
      vertex -3.3353786419732865 1.3547137390122077 91.6
      vertex -18.74431422148872 1.536395167787053 91.6
    endloop
  endfacet
  facet normal 0 0 1
    outer loop
      vertex -18.74431422148872 1.536395167787053 91.6
      vertex -3.1661055043433604 1.7134106149334654 91.6
      vertex -18.933090128182023 1.8852224903563604 91.6
    endloop
  endfacet
  facet normal 0 0 1
    outer loop
      vertex -19.159094166172984 2.211165765682804 91.6
      vertex -18.933090128182023 1.8852224903563604 91.6
      vertex -2.958400134810883 2.051309007036958 91.6
    endloop
  endfacet
  facet normal 0 0 1
    outer loop
      vertex -19.159094166172984 2.211165765682804 91.6
      vertex -2.7147837951968268 2.3643072865718437 91.6
      vertex -19.419582952593576 2.5102684839383835 91.6
    endloop
  endfacet
  facet normal 0 0 1
    outer loop
      vertex -19.419582952593576 2.5102684839383835 91.6
      vertex -2.4382136578526676 2.648606078423274 91.6
      vertex -19.711394506444115 2.778899943298755 91.6
    endloop
  endfacet
  facet normal 0 0 1
    outer loop
      vertex -19.711394506444115 2.778899943298755 91.6
      vertex -2.1320469095939276 2.9007543803795217 91.6
      vertex -20.030986630759262 3.0137993217451027 91.6
    endloop
  endfacet
  facet normal 0 0 1
    outer loop
      vertex -20.030986630759262 3.0137993217451027 91.6
      vertex -18.649999998509884 9.5 91.6
      vertex -21.399999998509884 12 91.6
    endloop
  endfacet
  facet normal 0 0 1
    outer loop
      vertex -20.030986630759262 3.0137993217451027 91.6
      vertex -1.8 3.117691453623979 91.6
      vertex -18.649999998509884 9.5 91.6
    endloop
  endfacet
  facet normal 0 0 1
    outer loop
      vertex -3.5945334591599383 -0.19831593728111588 91.6
      vertex -3.5945334591599383 0.19831593728111588 91.6
      vertex -18.4 0 91.6
    endloop
  endfacet
  facet normal 0 0 1
    outer loop
      vertex -18.42184956165538 0.39602959557868544 91.6
      vertex -3.5945334591599383 0.19831593728111588 91.6
      vertex -3.5509006922498005 0.5925405250106429 91.6
    endloop
  endfacet
  facet normal 0 0 1
    outer loop
      vertex -18.487133022541233 0.7872519283429529 91.6
      vertex -3.5509006922498005 0.5925405250106429 91.6
      vertex -3.4641648011133017 0.9795724734432057 91.6
    endloop
  endfacet
  facet normal 0 0 1
    outer loop
      vertex -18.595057929877715 1.1689180891368605 91.6
      vertex -3.4641648011133017 0.9795724734432057 91.6
      vertex -3.3353786419732865 1.3547137390122077 91.6
    endloop
  endfacet
  facet normal 0 0 1
    outer loop
      vertex -18.74431422148872 1.536395167787053 91.6
      vertex -3.3353786419732865 1.3547137390122077 91.6
      vertex -3.1661055043433604 1.7134106149334654 91.6
    endloop
  endfacet
  facet normal 0 0 1
    outer loop
      vertex -18.933090128182023 1.8852224903563604 91.6
      vertex -3.1661055043433604 1.7134106149334654 91.6
      vertex -2.958400134810883 2.051309007036958 91.6
    endloop
  endfacet
  facet normal 0 0 1
    outer loop
      vertex -19.159094166172984 2.211165765682804 91.6
      vertex -2.958400134810883 2.051309007036958 91.6
      vertex -2.7147837951968268 2.3643072865718437 91.6
    endloop
  endfacet
  facet normal 0 0 1
    outer loop
      vertex -19.419582952593576 2.5102684839383835 91.6
      vertex -2.7147837951968268 2.3643072865718437 91.6
      vertex -2.4382136578526676 2.648606078423274 91.6
    endloop
  endfacet
  facet normal 0 0 1
    outer loop
      vertex -19.711394506444115 2.778899943298755 91.6
      vertex -2.4382136578526676 2.648606078423274 91.6
      vertex -2.1320469095939276 2.9007543803795217 91.6
    endloop
  endfacet
  facet normal 0 0 1
    outer loop
      vertex -20.030986630759262 3.0137993217451027 91.6
      vertex -2.1320469095939276 2.9007543803795217 91.6
      vertex -1.8 3.117691453623979 91.6
    endloop
  endfacet
  facet normal 0 0 1
    outer loop
      vertex -1.8 3.117691453623979 91.6
      vertex -1.4461035287506903 3.2967839759582067 91.6
      vertex -18.649999998509884 9.5 91.6
    endloop
  endfacet
  facet normal 0 0 1
    outer loop
      vertex -1.4461035287506903 3.2967839759582067 91.6
      vertex -1.0746533196061 3.435858006766227 91.6
      vertex -18.649999998509884 9.5 91.6
    endloop
  endfacet
  facet normal 0 0 1
    outer loop
      vertex -1.0746533196061 3.435858006766227 91.6
      vertex -0.6901582749254584 3.5332253757087044 91.6
      vertex -18.649999998509884 9.5 91.6
    endloop
  endfacet
  facet normal 0 0 1
    outer loop
      vertex -0.6901582749254584 3.5332253757087044 91.6
      vertex -0.29728564370039684 3.5877041748240117 91.6
      vertex -18.649999998509884 9.5 91.6
    endloop
  endfacet
  facet normal 0 0 1
    outer loop
      vertex -0.29728564370039684 3.5877041748240117 91.6
      vertex 0.09919563252538333 3.5986331052898253 91.6
      vertex -18.649999998509884 9.5 91.6
    endloop
  endfacet
  facet normal 0 0 1
    outer loop
      vertex 0.09919563252538333 3.5986331052898253 91.6
      vertex 0.4944728081462693 3.565879504695012 91.6
      vertex -18.649999998509884 9.5 91.6
    endloop
  endfacet
  facet normal 0 0 1
    outer loop
      vertex 0.4944728081462693 3.565879504695012 91.6
      vertex -2.125 9.5 91.6
      vertex -18.649999998509884 9.5 91.6
    endloop
  endfacet
  facet normal 0 1 0
    outer loop
      vertex -38.246650002896786 18.67500000447035 88.6
      vertex -38.246650002896786 18.67500000447035 91.6
      vertex 38.246650002896786 18.67500000447035 91.6
    endloop
  endfacet
  facet normal 0 0 1
    outer loop
      vertex -18.649999998509884 9.5 91.6
      vertex -2.125 14.5 91.6
      vertex -18.649999998509884 14.5 91.6
    endloop
  endfacet
  facet normal 0 0 1
    outer loop
      vertex -40.53078185766935 17.31707153469324 91.6
      vertex 39.488721534609795 18.3591318577528 91.6
      vertex -40.31441146880388 17.65118607133627 91.6
    endloop
  endfacet
  facet normal 0 0 1
    outer loop
      vertex -40.31441146880388 17.65118607133627 91.6
      vertex 39.12549388408661 18.521964125335217 91.6
      vertex -40.04957450181246 17.94835614413023 91.6
    endloop
  endfacet
  facet normal 0 0 1
    outer loop
      vertex -40.04957450181246 17.94835614413023 91.6
      vertex 38.74166688323021 18.627441637218 91.6
      vertex -39.742478519678116 18.20161633938551 91.6
    endloop
  endfacet
  facet normal 0 0 1
    outer loop
      vertex -39.742478519678116 18.20161633938551 91.6
      vertex 38.34623710811138 18.67309207469225 91.6
      vertex -39.40032158046961 18.405030451714993 91.6
    endloop
  endfacet
  facet normal 0 0 1
    outer loop
      vertex -39.40032158046961 18.405030451714993 91.6
      vertex 38.246650002896786 18.67500000447035 91.6
      vertex -39.03112355619669 18.55383062362671 91.6
    endloop
  endfacet
  facet normal 0 0 1
    outer loop
      vertex -39.03112355619669 18.55383062362671 91.6
      vertex 38.246650002896786 18.67500000447035 91.6
      vertex -38.246650002896786 18.67500000447035 91.6
    endloop
  endfacet
  facet normal 0 0 1
    outer loop
      vertex -34.05416187346354 15.85051276999244 91.6
      vertex 35.93408692054689 17.17750877190016 91.6
      vertex -34.28146398684481 16.1725265029548 91.6
    endloop
  endfacet
  facet normal 0 0 1
    outer loop
      vertex -35.93408692054689 17.17750877190016 91.6
      vertex -35.55454712001609 17.071166706954134 91.6
      vertex 39.82283607125282 18.14276146888733 91.6
    endloop
  endfacet
  facet normal 0 0 1
    outer loop
      vertex -35.193022616310465 16.914134454902683 91.6
      vertex 39.82283607125282 18.14276146888733 91.6
      vertex -35.55454712001609 17.071166706954134 91.6
    endloop
  endfacet
  facet normal 0 0 1
    outer loop
      vertex -40.53078185766935 17.31707153469324 91.6
      vertex -36.718728090464126 17.231179698277735 91.6
      vertex 39.82283607125282 18.14276146888733 91.6
    endloop
  endfacet
  facet normal 0 0 1
    outer loop
      vertex -36.718728090464126 17.231179698277735 91.6
      vertex -36.32457190953586 17.231179698277735 91.6
      vertex 39.82283607125282 18.14276146888733 91.6
    endloop
  endfacet
  facet normal 0 0 1
    outer loop
      vertex -35.93408692054689 17.17750877190016 91.6
      vertex 39.82283607125282 18.14276146888733 91.6
      vertex -36.32457190953586 17.231179698277735 91.6
    endloop
  endfacet
  facet normal 0 0 1
    outer loop
      vertex -18.649999998509884 9.5 91.6
      vertex -2.125 9.5 91.6
      vertex -2.125 14.5 91.6
    endloop
  endfacet
  facet normal 0 0 1
    outer loop
      vertex -34.05416187346354 15.85051276999244 91.6
      vertex -25.350000001490116 14.5 91.6
      vertex 34.28146398684481 16.1725265029548 91.6
    endloop
  endfacet
  facet normal 0 0 1
    outer loop
      vertex -34.28146398684481 16.1725265029548 91.6
      vertex 40.37326633930206 17.570828519761562 91.6
      vertex -34.55049652705645 16.46059001551968 91.6
    endloop
  endfacet
  facet normal 0 0 1
    outer loop
      vertex -35.193022616310465 16.914134454902683 91.6
      vertex -34.856247926903436 16.709337229485104 91.6
      vertex 40.12000614404678 17.877924501895905 91.6
    endloop
  endfacet
  facet normal 0 0 1
    outer loop
      vertex -34.55049652705645 16.46059001551968 91.6
      vertex 40.12000614404678 17.877924501895905 91.6
      vertex -34.856247926903436 16.709337229485104 91.6
    endloop
  endfacet
  facet normal 0 0 1
    outer loop
      vertex 34.28146398684481 16.1725265029548 91.6
      vertex -25.350000001490116 14.5 91.6
      vertex -24.149999998509884 14.5 91.6
    endloop
  endfacet
  facet normal 0 0 1
    outer loop
      vertex 34.28146398684481 16.1725265029548 91.6
      vertex -24.149999998509884 14.5 91.6
      vertex -21.399999998509884 14.5 91.6
    endloop
  endfacet
  facet normal 0 0 1
    outer loop
      vertex 34.28146398684481 16.1725265029548 91.6
      vertex -21.399999998509884 14.5 91.6
      vertex -18.649999998509884 14.5 91.6
    endloop
  endfacet
  facet normal 0 0 -1
    outer loop
      vertex -40.72548062354326 -16.859473556280136 88.6
      vertex 35.21485811453836 -15.587859025936163 88.6
      vertex 35.51151328234771 -15.839840196682404 88.6
    endloop
  endfacet
  facet normal 0 0 -1
    outer loop
      vertex -40.72548062354326 -16.859473556280136 88.6
      vertex 34.97930708289833 -15.27799694291864 88.6
      vertex 35.21485811453836 -15.587859025936163 88.6
    endloop
  endfacet
  facet normal 0 0 -1
    outer loop
      vertex -40.72548062354326 -16.859473556280136 88.6
      vertex 34.81587429187095 -14.924742754244765 88.6
      vertex 34.97930708289833 -15.27799694291864 88.6
    endloop
  endfacet
  facet normal 0 0 -1
    outer loop
      vertex -40.72548062354326 -16.859473556280136 88.6
      vertex 34.73220167712215 -14.544614233163097 88.6
      vertex 34.81587429187095 -14.924742754244765 88.6
    endloop
  endfacet
  facet normal 0 0 -1
    outer loop
      vertex -40.72548062354326 -16.859473556280136 88.6
      vertex 34.73220167712215 -14.155385766836906 88.6
      vertex 34.73220167712215 -14.544614233163097 88.6
    endloop
  endfacet
  facet normal 0 0 -1
    outer loop
      vertex -40.72548062354326 -16.859473556280136 88.6
      vertex 34.81587429187095 -13.775257245755238 88.6
      vertex 34.73220167712215 -14.155385766836906 88.6
    endloop
  endfacet
  facet normal 0 0 -1
    outer loop
      vertex -40.576680451631546 -17.228671580553055 88.6
      vertex 36.230442406205015 -16.12628774057475 88.6
      vertex 36.61910003545375 -16.147360144932023 88.6
    endloop
  endfacet
  facet normal 0 0 -1
    outer loop
      vertex -40.576680451631546 -17.228671580553055 88.6
      vertex 36.61910003545375 -16.147360144932023 88.6
      vertex 40.8447420746088 -16.174587108194828 88.6
    endloop
  endfacet
  facet normal 0 0 -1
    outer loop
      vertex -38.246650002896786 -18.67500000447035 88.6
      vertex 39.03112355619669 -18.55383062362671 88.6
      vertex 38.246650002896786 -18.67500000447035 88.6
    endloop
  endfacet
  facet normal 0 0 -1
    outer loop
      vertex -38.246650002896786 -18.67500000447035 88.6
      vertex 39.40032158046961 -18.405030451714993 88.6
      vertex 39.03112355619669 -18.55383062362671 88.6
    endloop
  endfacet
  facet normal 0 0 -1
    outer loop
      vertex -38.34623710811138 -18.67309207469225 88.6
      vertex 39.742478519678116 -18.20161633938551 88.6
      vertex 39.40032158046961 -18.405030451714993 88.6
    endloop
  endfacet
  facet normal 0 0 -1
    outer loop
      vertex -38.74166688323021 -18.627441637218 88.6
      vertex 40.04957450181246 -17.94835614413023 88.6
      vertex 39.742478519678116 -18.20161633938551 88.6
    endloop
  endfacet
  facet normal 0 0 -1
    outer loop
      vertex -39.12549388408661 -18.521964125335217 88.6
      vertex 40.31441146880388 -17.65118607133627 88.6
      vertex 40.04957450181246 -17.94835614413023 88.6
    endloop
  endfacet
  facet normal 0 0 -1
    outer loop
      vertex -39.488721534609795 -18.3591318577528 88.6
      vertex 40.53078185766935 -17.31707153469324 88.6
      vertex 40.31441146880388 -17.65118607133627 88.6
    endloop
  endfacet
  facet normal 0 0 -1
    outer loop
      vertex -39.82283607125282 -18.14276146888733 88.6
      vertex 40.69361412525177 -16.953843884170055 88.6
      vertex 40.53078185766935 -17.31707153469324 88.6
    endloop
  endfacet
  facet normal 0 0 -1
    outer loop
      vertex -40.12000614404678 -17.877924501895905 88.6
      vertex 40.79909163713455 -16.570016883313656 88.6
      vertex 40.69361412525177 -16.953843884170055 88.6
    endloop
  endfacet
  facet normal 0 0 -1
    outer loop
      vertex -40.37326633930206 -17.570828519761562 88.6
      vertex 40.8447420746088 -16.174587108194828 88.6
      vertex 40.79909163713455 -16.570016883313656 88.6
    endloop
  endfacet
  facet normal 0 0 -1
    outer loop
      vertex -40.72548062354326 -16.859473556280136 88.6
      vertex 35.51151328234771 -15.839840196682404 88.6
      vertex 35.85540132038815 -16.022158095670225 88.6
    endloop
  endfacet
  facet normal 0 0 -1
    outer loop
      vertex -40.72548062354326 -16.859473556280136 88.6
      vertex 35.85540132038815 -16.022158095670225 88.6
      vertex 36.230442406205015 -16.12628774057475 88.6
    endloop
  endfacet
  facet normal 0 0 -1
    outer loop
      vertex 1.470427109680762 -5.039875406705595 88.6
      vertex 1.847375329442123 -4.914234873524932 88.6
      vertex 20.339909748791676 -4.980622486983236 88.6
    endloop
  endfacet
  facet normal 0 0 -1
    outer loop
      vertex 1.847375329442123 -4.914234873524932 88.6
      vertex 2.2137419506134637 -4.76044604801841 88.6
      vertex 19.967985939688358 -4.84080766594747 88.6
    endloop
  endfacet
  facet normal 0 0 -1
    outer loop
      vertex 2.2137419506134637 -4.76044604801841 88.6
      vertex 2.5674284583666256 -4.579389818651517 88.6
      vertex 19.60770132310473 -4.673265136981333 88.6
    endloop
  endfacet
  facet normal 0 0 -1
    outer loop
      vertex 2.5674284583666256 -4.579389818651517 88.6
      vertex 2.906408968414793 -4.372103259109745 88.6
      vertex 19.261119576697457 -4.478954568518202 88.6
    endloop
  endfacet
  facet normal 0 0 -1
    outer loop
      vertex 2.906408968414793 -4.372103259109745 88.6
      vertex 3.2287418310942546 -4.139773688034422 88.6
      vertex 18.930225889323754 -4.25898895389761 88.6
    endloop
  endfacet
  facet normal 0 0 -1
    outer loop
      vertex 3.2287418310942546 -4.139773688034422 88.6
      vertex 3.5325807529578253 -3.8837318681690585 88.6
      vertex 18.616915590059396 -4.014628236240167 88.6
    endloop
  endfacet
  facet normal 0 0 -1
    outer loop
      vertex 3.5325807529578253 -3.8837318681690585 88.6
      vertex 3.8161853721765047 -3.6054443838708807 88.6
      vertex 18.322983291925407 -3.747272091607478 88.6
    endloop
  endfacet
  facet normal 0 0 -1
    outer loop
      vertex 3.8161853721765047 -3.6054443838708807 88.6
      vertex 4.077931227174448 -3.3065052406484248 88.6
      vertex 18.0501126125072 -3.4584519117844175 88.6
    endloop
  endfacet
  facet normal 0 0 -1
    outer loop
      vertex 4.077931227174448 -3.3065052406484248 88.6
      vertex 4.316319061397754 -2.9886267348423443 88.6
      vertex 17.799866530345493 -3.149822032605652 88.6
    endloop
  endfacet
  facet normal 0 0 -1
    outer loop
      vertex 4.316319061397754 -2.9886267348423443 88.6
      vertex 4.52998341092022 -2.6536296457470487 88.6
      vertex 17.573678432336806 -2.823150258069814 88.6
    endloop
  endfacet
  facet normal 0 0 -1
    outer loop
      vertex 4.52998341092022 -2.6536296457470487 88.6
      vertex 4.717700425697081 -2.303432806351768 88.6
      vertex 17.372843903423092 -2.4803077345182727 88.6
    endloop
  endfacet
  facet normal 0 0 -1
    outer loop
      vertex 4.717700425697081 -2.303432806351768 88.6
      vertex 4.8783948796672165 -1.9400421124389762 88.6
      vertex 17.19851330559854 -2.1232582328783534 88.6
    endloop
  endfacet
  facet normal 0 0 -1
    outer loop
      vertex 4.8783948796672165 -1.9400421124389762 88.6
      vertex 5.011146329550665 -1.5655390329949928 88.6
      vertex 17.05168518874022 -1.7540469003612968 88.6
    endloop
  endfacet
  facet normal 0 0 -1
    outer loop
      vertex 5.011146329550665 -1.5655390329949928 88.6
      vertex 5.11519438706437 -1.182068687744144 88.6
      vertex 16.93320057100485 -1.374788546044235 88.6
    endloop
  endfacet
  facet normal 0 0 -1
    outer loop
      vertex 5.11519438706437 -1.182068687744144 88.6
      vertex 5.189943074357415 -0.7918275600972147 88.6
      vertex 16.84373812155294 -0.9876555274353285 88.6
    endloop
  endfacet
  facet normal 0 0 -1
    outer loop
      vertex 5.189943074357415 -0.7918275600972147 88.6
      vertex 5.234964237718173 -0.3970509158933961 88.6
      vertex 16.78381027319328 -0.5948653074066669 88.6
    endloop
  endfacet
  facet normal 0 0 -1
    outer loop
      vertex 5.234964237718173 -0.3970509158933961 88.6
      vertex 5.25 0 88.6
      vertex 16.75376028721426 -0.1986677527677682 88.6
    endloop
  endfacet
  facet normal 0 0 -1
    outer loop
      vertex 0.29791268373863866 -5.241540616351994 88.6
      vertex 0.6934706186189358 -5.203998318707671 88.6
      vertex 34.81587429187095 -13.775257245755238 88.6
    endloop
  endfacet
  facet normal 0 0 -1
    outer loop
      vertex 0.6934706186189358 -5.203998318707671 88.6
      vertex 1.0850564165960053 -5.136647989964256 88.6
      vertex 34.81587429187095 -13.775257245755238 88.6
    endloop
  endfacet
  facet normal 0 0 -1
    outer loop
      vertex 1.0850564165960053 -5.136647989964256 88.6
      vertex 1.470427109680762 -5.039875406705595 88.6
      vertex 34.81587429187095 -13.775257245755238 88.6
    endloop
  endfacet
  facet normal 0 0 -1
    outer loop
      vertex 2.2137419506134637 -4.76044604801841 88.6
      vertex 19.60770132310473 -4.673265136981333 88.6
      vertex 19.967985939688358 -4.84080766594747 88.6
    endloop
  endfacet
  facet normal 0 0 -1
    outer loop
      vertex 1.470427109680762 -5.039875406705595 88.6
      vertex 20.339909748791676 -4.980622486983236 88.6
      vertex 20.721342404517294 -5.091908753455268 88.6
    endloop
  endfacet
  facet normal 0 0 -1
    outer loop
      vertex 1.847375329442123 -4.914234873524932 88.6
      vertex 19.967985939688358 -4.84080766594747 88.6
      vertex 20.339909748791676 -4.980622486983236 88.6
    endloop
  endfacet
  facet normal 0 0 -1
    outer loop
      vertex 1.470427109680762 -5.039875406705595 88.6
      vertex 20.721342404517294 -5.091908753455268 88.6
      vertex 34.81587429187095 -13.775257245755238 88.6
    endloop
  endfacet
  facet normal 0 0 -1
    outer loop
      vertex 2.5674284583666256 -4.579389818651517 88.6
      vertex 19.261119576697457 -4.478954568518202 88.6
      vertex 19.60770132310473 -4.673265136981333 88.6
    endloop
  endfacet
  facet normal 0 0 -1
    outer loop
      vertex 2.906408968414793 -4.372103259109745 88.6
      vertex 18.930225889323754 -4.25898895389761 88.6
      vertex 19.261119576697457 -4.478954568518202 88.6
    endloop
  endfacet
  facet normal 0 0 -1
    outer loop
      vertex 3.2287418310942546 -4.139773688034422 88.6
      vertex 18.616915590059396 -4.014628236240167 88.6
      vertex 18.930225889323754 -4.25898895389761 88.6
    endloop
  endfacet
  facet normal 0 0 -1
    outer loop
      vertex 3.8161853721765047 -3.6054443838708807 88.6
      vertex 18.0501126125072 -3.4584519117844175 88.6
      vertex 18.322983291925407 -3.747272091607478 88.6
    endloop
  endfacet
  facet normal 0 0 -1
    outer loop
      vertex 3.5325807529578253 -3.8837318681690585 88.6
      vertex 18.322983291925407 -3.747272091607478 88.6
      vertex 18.616915590059396 -4.014628236240167 88.6
    endloop
  endfacet
  facet normal 0 0 -1
    outer loop
      vertex 4.077931227174448 -3.3065052406484248 88.6
      vertex 17.799866530345493 -3.149822032605652 88.6
      vertex 18.0501126125072 -3.4584519117844175 88.6
    endloop
  endfacet
  facet normal 0 0 -1
    outer loop
      vertex 4.316319061397754 -2.9886267348423443 88.6
      vertex 17.573678432336806 -2.823150258069814 88.6
      vertex 17.799866530345493 -3.149822032605652 88.6
    endloop
  endfacet
  facet normal 0 0 -1
    outer loop
      vertex 4.52998341092022 -2.6536296457470487 88.6
      vertex 17.372843903423092 -2.4803077345182727 88.6
      vertex 17.573678432336806 -2.823150258069814 88.6
    endloop
  endfacet
  facet normal 0 0 -1
    outer loop
      vertex 4.717700425697081 -2.303432806351768 88.6
      vertex 17.19851330559854 -2.1232582328783534 88.6
      vertex 17.372843903423092 -2.4803077345182727 88.6
    endloop
  endfacet
  facet normal 0 0 -1
    outer loop
      vertex 4.8783948796672165 -1.9400421124389762 88.6
      vertex 17.05168518874022 -1.7540469003612968 88.6
      vertex 17.19851330559854 -2.1232582328783534 88.6
    endloop
  endfacet
  facet normal 0 0 -1
    outer loop
      vertex 5.011146329550665 -1.5655390329949928 88.6
      vertex 16.93320057100485 -1.374788546044235 88.6
      vertex 17.05168518874022 -1.7540469003612968 88.6
    endloop
  endfacet
  facet normal 0 0 -1
    outer loop
      vertex 5.11519438706437 -1.182068687744144 88.6
      vertex 16.84373812155294 -0.9876555274353285 88.6
      vertex 16.93320057100485 -1.374788546044235 88.6
    endloop
  endfacet
  facet normal 0 0 -1
    outer loop
      vertex 5.189943074357415 -0.7918275600972147 88.6
      vertex 16.78381027319328 -0.5948653074066669 88.6
      vertex 16.84373812155294 -0.9876555274353285 88.6
    endloop
  endfacet
  facet normal 0 0 -1
    outer loop
      vertex 5.234964237718173 -0.3970509158933961 88.6
      vertex 16.75376028721426 -0.1986677527677682 88.6
      vertex 16.78381027319328 -0.5948653074066669 88.6
    endloop
  endfacet
  facet normal 0 0 -1
    outer loop
      vertex 38.246650002896786 -18.67500000447035 88.6
      vertex 39.03112355619669 -18.55383062362671 88.6
      vertex 38.643538139760494 -18.644529104232788 88.6
    endloop
  endfacet
  facet normal 0 0 -1
    outer loop
      vertex 36.61910003545375 -16.147360144932023 88.6
      vertex 37.003201009352594 -16.084389986534603 88.6
      vertex 40.8447420746088 -16.174587108194828 88.6
    endloop
  endfacet
  facet normal 0 0 -1
    outer loop
      vertex 37.003201009352594 -16.084389986534603 88.6
      vertex 37.364785193259614 -15.940321680002842 88.6
      vertex 40.8466500043869 -16.075000002980232 88.6
    endloop
  endfacet
  facet normal 0 0 -1
    outer loop
      vertex 37.364785193259614 -15.940321680002842 88.6
      vertex 37.686945312607286 -15.721891699229747 88.6
      vertex 40.8466500043869 -16.075000002980232 88.6
    endloop
  endfacet
  facet normal 0 0 -1
    outer loop
      vertex 37.003201009352594 -16.084389986534603 88.6
      vertex 40.8466500043869 -16.075000002980232 88.6
      vertex 40.8447420746088 -16.174587108194828 88.6
    endloop
  endfacet
  facet normal 0 0 -1
    outer loop
      vertex 37.686945312607286 -15.721891699229747 88.6
      vertex 37.954617518270155 -15.439313587348778 88.6
      vertex 40.8466500043869 -16.075000002980232 88.6
    endloop
  endfacet
  facet normal 0 0 -1
    outer loop
      vertex 37.954617518270155 -15.439313587348778 88.6
      vertex 38.15528575540772 -15.105800382808479 88.6
      vertex 40.8466500043869 -16.075000002980232 88.6
    endloop
  endfacet
  facet normal 0 0 -1
    outer loop
      vertex 38.15528575540772 -15.105800382808479 88.6
      vertex 38.27956700027815 -14.736946792379845 88.6
      vertex 40.8466500043869 -16.075000002980232 88.6
    endloop
  endfacet
  facet normal 0 0 -1
    outer loop
      vertex 38.27956700027815 -14.736946792379845 88.6
      vertex 38.32164999999999 -14.350000000000001 88.6
      vertex 40.8466500043869 -16.075000002980232 88.6
    endloop
  endfacet
  facet normal 0.07654925840115992 -0.997065800756516 0
    outer loop
      vertex 38.246650002896786 -18.67500000447035 88.6
      vertex 38.643538139760494 -18.644529104232788 88.6
      vertex 38.246650002896786 -18.67500000447035 91.6
    endloop
  endfacet
  facet normal 0.22785350495053003 -0.9736954248027249 0
    outer loop
      vertex 38.643538139760494 -18.644529104232788 88.6
      vertex 39.03112355619669 -18.55383062362671 88.6
      vertex 38.643538139760494 -18.644529104232788 91.6
    endloop
  endfacet
  facet normal 0.37381707139672676 -0.9275024512810598 0
    outer loop
      vertex 39.03112355619669 -18.55383062362671 88.6
      vertex 39.40032158046961 -18.405030451714993 88.6
      vertex 39.03112355619669 -18.55383062362671 91.6
    endloop
  endfacet
  facet normal 0.5110186823681713 -0.8595696052506151 0
    outer loop
      vertex 39.40032158046961 -18.405030451714993 88.6
      vertex 39.742478519678116 -18.20161633938551 88.6
      vertex 39.40032158046961 -18.405030451714993 91.6
    endloop
  endfacet
  facet normal 0.6362424473990902 -0.7714891756386579 0
    outer loop
      vertex 39.742478519678116 -18.20161633938551 88.6
      vertex 40.04957450181246 -17.94835614413023 88.6
      vertex 39.742478519678116 -18.20161633938551 91.6
    endloop
  endfacet
  facet normal 0.7465532146596287 -0.6653257079666879 0
    outer loop
      vertex 40.04957450181246 -17.94835614413023 88.6
      vertex 40.31441146880388 -17.65118607133627 88.6
      vertex 40.04957450181246 -17.94835614413023 91.6
    endloop
  endfacet
  facet normal 0.8393654212848336 -0.543567557486035 0
    outer loop
      vertex 40.31441146880388 -17.65118607133627 88.6
      vertex 40.53078185766935 -17.31707153469324 88.6
      vertex 40.31441146880388 -17.65118607133627 91.6
    endloop
  endfacet
  facet normal 0.9125036236028311 -0.40906862127484517 0
    outer loop
      vertex 40.53078185766935 -17.31707153469324 88.6
      vertex 40.69361412525177 -16.953843884170055 88.6
      vertex 40.53078185766935 -17.31707153469324 91.6
    endloop
  endfacet
  facet normal 0.9642534926212311 -0.26498151250182994 0
    outer loop
      vertex 40.69361412525177 -16.953843884170055 88.6
      vertex 40.79909163713455 -16.570016883313656 88.6
      vertex 40.69361412525177 -16.953843884170055 91.6
    endloop
  endfacet
  facet normal 0.9934020900851751 -0.11468342257887829 0
    outer loop
      vertex 40.79909163713455 -16.570016883313656 88.6
      vertex 40.8447420746088 -16.174587108194828 88.6
      vertex 40.79909163713455 -16.570016883313656 91.6
    endloop
  endfacet
  facet normal 0.9998165283249307 -0.01915488679901077 0
    outer loop
      vertex 40.8447420746088 -16.174587108194828 88.6
      vertex 40.8466500043869 -16.075000002980232 88.6
      vertex 40.8447420746088 -16.174587108194828 91.6
    endloop
  endfacet
  facet normal 0 0 -1
    outer loop
      vertex 34.81587429187095 -13.775257245755238 88.6
      vertex 21.11009909515549 -5.1740290277072205 88.6
      vertex 21.503953057587832 -5.226512932244934 88.6
    endloop
  endfacet
  facet normal 0 0 -1
    outer loop
      vertex 34.81587429187095 -13.775257245755238 88.6
      vertex 20.721342404517294 -5.091908753455268 88.6
      vertex 21.11009909515549 -5.1740290277072205 88.6
    endloop
  endfacet
  facet normal 0 0 -1
    outer loop
      vertex 34.81587429187095 -13.775257245755238 88.6
      vertex 21.503953057587832 -5.226512932244934 88.6
      vertex 21.90064833198465 -5.249059844016124 88.6
    endloop
  endfacet
  facet normal 0 0 -1
    outer loop
      vertex 34.81587429187095 -13.775257245755238 88.6
      vertex 21.90064833198465 -5.249059844016124 88.6
      vertex 22.297912683738637 -5.241540616351994 88.6
    endloop
  endfacet
  facet normal 0 0 -1
    outer loop
      vertex 34.81587429187095 -13.775257245755238 88.6
      vertex 22.297912683738637 -5.241540616351994 88.6
      vertex 22.693470618618935 -5.203998318707671 88.6
    endloop
  endfacet
  facet normal 0 0 -1
    outer loop
      vertex 34.81587429187095 -13.775257245755238 88.6
      vertex 22.693470618618935 -5.203998318707671 88.6
      vertex 23.085056416596004 -5.136647989964256 88.6
    endloop
  endfacet
  facet normal 0 0 -1
    outer loop
      vertex 34.81587429187095 -13.775257245755238 88.6
      vertex 23.085056416596004 -5.136647989964256 88.6
      vertex 23.470427109680763 -5.039875406705595 88.6
    endloop
  endfacet
  facet normal 0 0 -1
    outer loop
      vertex 34.81587429187095 -13.775257245755238 88.6
      vertex 23.470427109680763 -5.039875406705595 88.6
      vertex 23.847375329442123 -4.914234873524932 88.6
    endloop
  endfacet
  facet normal 0 0 -1
    outer loop
      vertex 34.81587429187095 -13.775257245755238 88.6
      vertex 23.847375329442123 -4.914234873524932 88.6
      vertex 24.213741950613464 -4.76044604801841 88.6
    endloop
  endfacet
  facet normal 0 0 -1
    outer loop
      vertex 34.81587429187095 -13.775257245755238 88.6
      vertex 24.213741950613464 -4.76044604801841 88.6
      vertex 24.567428458366624 -4.579389818651517 88.6
    endloop
  endfacet
  facet normal 0 0 -1
    outer loop
      vertex 34.81587429187095 -13.775257245755238 88.6
      vertex 24.567428458366624 -4.579389818651517 88.6
      vertex 24.906408968414794 -4.372103259109745 88.6
    endloop
  endfacet
  facet normal 0 0 -1
    outer loop
      vertex 34.81587429187095 -13.775257245755238 88.6
      vertex 24.906408968414794 -4.372103259109745 88.6
      vertex 25.228741831094254 -4.139773688034422 88.6
    endloop
  endfacet
  facet normal 0 0 -1
    outer loop
      vertex 34.81587429187095 -13.775257245755238 88.6
      vertex 25.228741831094254 -4.139773688034422 88.6
      vertex 25.532580752957827 -3.8837318681690585 88.6
    endloop
  endfacet
  facet normal 0 0 -1
    outer loop
      vertex 34.81587429187095 -13.775257245755238 88.6
      vertex 25.532580752957827 -3.8837318681690585 88.6
      vertex 25.816185372176506 -3.6054443838708807 88.6
    endloop
  endfacet
  facet normal 0 0 -1
    outer loop
      vertex 34.81587429187095 -13.775257245755238 88.6
      vertex 25.816185372176506 -3.6054443838708807 88.6
      vertex 26.077931227174446 -3.3065052406484248 88.6
    endloop
  endfacet
  facet normal 0 0 -1
    outer loop
      vertex 34.81587429187095 -13.775257245755238 88.6
      vertex 26.077931227174446 -3.3065052406484248 88.6
      vertex 26.316319061397753 -2.9886267348423443 88.6
    endloop
  endfacet
  facet normal 0 0 -1
    outer loop
      vertex 34.81587429187095 -13.775257245755238 88.6
      vertex 26.316319061397753 -2.9886267348423443 88.6
      vertex 26.52998341092022 -2.6536296457470487 88.6
    endloop
  endfacet
  facet normal 0 0 -1
    outer loop
      vertex 34.81587429187095 -13.775257245755238 88.6
      vertex 26.52998341092022 -2.6536296457470487 88.6
      vertex 26.717700425697082 -2.303432806351768 88.6
    endloop
  endfacet
  facet normal 0 0 -1
    outer loop
      vertex 34.81587429187095 -13.775257245755238 88.6
      vertex 26.717700425697082 -2.303432806351768 88.6
      vertex 26.878394879667216 -1.9400421124389762 88.6
    endloop
  endfacet
  facet normal 0 0 -1
    outer loop
      vertex 34.81587429187095 -13.775257245755238 88.6
      vertex 26.878394879667216 -1.9400421124389762 88.6
      vertex 27.011146329550666 -1.5655390329949928 88.6
    endloop
  endfacet
  facet normal 0 0 -1
    outer loop
      vertex 34.81587429187095 -13.775257245755238 88.6
      vertex 27.011146329550666 -1.5655390329949928 88.6
      vertex 27.11519438706437 -1.182068687744144 88.6
    endloop
  endfacet
  facet normal 0 0 -1
    outer loop
      vertex 34.81587429187095 -13.775257245755238 88.6
      vertex 27.11519438706437 -1.182068687744144 88.6
      vertex 27.189943074357416 -0.7918275600972147 88.6
    endloop
  endfacet
  facet normal 0 0 -1
    outer loop
      vertex 34.81587429187095 -13.775257245755238 88.6
      vertex 27.189943074357416 -0.7918275600972147 88.6
      vertex 27.234964237718174 -0.3970509158933961 88.6
    endloop
  endfacet
  facet normal 0 0 -1
    outer loop
      vertex 34.81587429187095 -13.775257245755238 88.6
      vertex 27.234964237718174 -0.3970509158933961 88.6
      vertex 27.25 0 88.6
    endloop
  endfacet
  facet normal 0 0 -1
    outer loop
      vertex 34.81587429187095 -13.775257245755238 88.6
      vertex 27.25 0 88.6
      vertex 27.234964237718174 0.3970509158933976 88.6
    endloop
  endfacet
  facet normal 0 0 -1
    outer loop
      vertex 34.81587429187095 -13.775257245755238 88.6
      vertex 27.234964237718174 0.3970509158933976 88.6
      vertex 27.189943074357416 0.7918275600972124 88.6
    endloop
  endfacet
  facet normal 0 0 -1
    outer loop
      vertex 34.81587429187095 -13.775257245755238 88.6
      vertex 27.189943074357416 0.7918275600972124 88.6
      vertex 27.11519438706437 1.1820686877441435 88.6
    endloop
  endfacet
  facet normal 0 0 -1
    outer loop
      vertex 34.81587429187095 -13.775257245755238 88.6
      vertex 27.11519438706437 1.1820686877441435 88.6
      vertex 27.011146329550666 1.5655390329949932 88.6
    endloop
  endfacet
  facet normal 0 0 -1
    outer loop
      vertex 40.8466500043869 -16.075000002980232 88.6
      vertex 38.32164999999999 -14.350000000000001 88.6
      vertex 35.51151328234771 12.860159803317599 88.6
    endloop
  endfacet
  facet normal 0 0 -1
    outer loop
      vertex 38.32164999999999 -14.350000000000001 88.6
      vertex 38.27956700027815 -13.963053207620158 88.6
      vertex 35.51151328234771 12.860159803317599 88.6
    endloop
  endfacet
  facet normal 0 0 -1
    outer loop
      vertex 38.27956700027815 -13.963053207620158 88.6
      vertex 38.15528575540772 -13.594199617191524 88.6
      vertex 35.51151328234771 12.860159803317599 88.6
    endloop
  endfacet
  facet normal 0 0 -1
    outer loop
      vertex 34.81587429187095 -13.775257245755238 88.6
      vertex 34.97930708289833 13.422003057081362 88.6
      vertex 34.97930708289833 -13.422003057081362 88.6
    endloop
  endfacet
  facet normal 0 0 -1
    outer loop
      vertex 34.97930708289833 -13.422003057081362 88.6
      vertex 35.21485811453836 13.11214097406384 88.6
      vertex 35.21485811453836 -13.11214097406384 88.6
    endloop
  endfacet
  facet normal 0 0 -1
    outer loop
      vertex 35.21485811453836 -13.11214097406384 88.6
      vertex 35.51151328234771 12.860159803317599 88.6
      vertex 35.51151328234771 -12.860159803317599 88.6
    endloop
  endfacet
  facet normal 0 0 -1
    outer loop
      vertex 35.51151328234771 -12.860159803317599 88.6
      vertex 35.51151328234771 12.860159803317599 88.6
      vertex 35.85540132038815 -12.677841904329776 88.6
    endloop
  endfacet
  facet normal 0 0 -1
    outer loop
      vertex 35.85540132038815 -12.677841904329776 88.6
      vertex 35.51151328234771 12.860159803317599 88.6
      vertex 36.230442406205015 -12.573712259425255 88.6
    endloop
  endfacet
  facet normal 0 0 -1
    outer loop
      vertex 36.230442406205015 -12.573712259425255 88.6
      vertex 35.51151328234771 12.860159803317599 88.6
      vertex 36.61910003545375 -12.552639855067978 88.6
    endloop
  endfacet
  facet normal 0 0 -1
    outer loop
      vertex 36.61910003545375 -12.552639855067978 88.6
      vertex 35.51151328234771 12.860159803317599 88.6
      vertex 37.003201009352594 -12.6156100134654 88.6
    endloop
  endfacet
  facet normal 0 0 -1
    outer loop
      vertex 37.003201009352594 -12.6156100134654 88.6
      vertex 35.51151328234771 12.860159803317599 88.6
      vertex 37.364785193259614 -12.75967831999716 88.6
    endloop
  endfacet
  facet normal 0 0 -1
    outer loop
      vertex 37.686945312607286 -12.978108300770256 88.6
      vertex 37.364785193259614 -12.75967831999716 88.6
      vertex 35.51151328234771 12.860159803317599 88.6
    endloop
  endfacet
  facet normal 0 0 -1
    outer loop
      vertex 38.15528575540772 -13.594199617191524 88.6
      vertex 37.954617518270155 -13.260686412651225 88.6
      vertex 35.51151328234771 12.860159803317599 88.6
    endloop
  endfacet
  facet normal 0 0 -1
    outer loop
      vertex 37.954617518270155 -13.260686412651225 88.6
      vertex 37.686945312607286 -12.978108300770256 88.6
      vertex 35.51151328234771 12.860159803317599 88.6
    endloop
  endfacet
  facet normal 1 0 0
    outer loop
      vertex 40.8466500043869 -16.075000002980232 88.6
      vertex 40.8466500043869 16.075000002980232 88.6
      vertex 40.8466500043869 -16.075000002980232 91.6
    endloop
  endfacet
  facet normal 0 -1 0
    outer loop
      vertex -38.246650002896786 -18.67500000447035 91.6
      vertex 38.246650002896786 -18.67500000447035 88.6
      vertex 38.246650002896786 -18.67500000447035 91.6
    endloop
  endfacet
  facet normal 0 0 1
    outer loop
      vertex 34.05416187346354 -15.85051276999244 91.6
      vertex -1.6499999985098839 -14.5 91.6
      vertex -21.875 -14.5 91.6
    endloop
  endfacet
  facet normal 0 0 1
    outer loop
      vertex -40.12000614404678 -17.877924501895905 91.6
      vertex 34.856247926903436 -16.709337229485104 91.6
      vertex 34.55049652705645 -16.46059001551968 91.6
    endloop
  endfacet
  facet normal 0 0 1
    outer loop
      vertex -40.12000614404678 -17.877924501895905 91.6
      vertex 35.193022616310465 -16.914134454902683 91.6
      vertex 34.856247926903436 -16.709337229485104 91.6
    endloop
  endfacet
  facet normal 0 0 1
    outer loop
      vertex -40.37326633930206 -17.570828519761562 91.6
      vertex 34.55049652705645 -16.46059001551968 91.6
      vertex 34.28146398684481 -16.1725265029548 91.6
    endloop
  endfacet
  facet normal 0 0 1
    outer loop
      vertex -0.45000000298023224 -14.5 91.6
      vertex 0.45000000298023224 -14.5 91.6
      vertex 0.45000000298023224 -9.5 91.6
    endloop
  endfacet
  facet normal 0 0 1
    outer loop
      vertex 1.6499999985098839 -14.5 91.6
      vertex 17.875 -11.399999998509884 91.6
      vertex 1.6499999985098839 -9.5 91.6
    endloop
  endfacet
  facet normal 0 0 1
    outer loop
      vertex -39.82283607125282 -18.14276146888733 91.6
      vertex 36.32457190953586 -17.231179698277735 91.6
      vertex 35.93408692054689 -17.17750877190016 91.6
    endloop
  endfacet
  facet normal 0 0 1
    outer loop
      vertex -39.82283607125282 -18.14276146888733 91.6
      vertex 36.718728090464126 -17.231179698277735 91.6
      vertex 36.32457190953586 -17.231179698277735 91.6
    endloop
  endfacet
  facet normal 0 0 1
    outer loop
      vertex -39.82283607125282 -18.14276146888733 91.6
      vertex 40.53078185766935 -17.31707153469324 91.6
      vertex 36.718728090464126 -17.231179698277735 91.6
    endloop
  endfacet
  facet normal 0 0 1
    outer loop
      vertex -39.82283607125282 -18.14276146888733 91.6
      vertex 35.55454712001609 -17.071166706954134 91.6
      vertex 35.193022616310465 -16.914134454902683 91.6
    endloop
  endfacet
  facet normal 0 0 1
    outer loop
      vertex -39.82283607125282 -18.14276146888733 91.6
      vertex 35.93408692054689 -17.17750877190016 91.6
      vertex 35.55454712001609 -17.071166706954134 91.6
    endloop
  endfacet
  facet normal 0 0 1
    outer loop
      vertex -35.93408692054689 -17.17750877190016 91.6
      vertex 34.28146398684481 -16.1725265029548 91.6
      vertex 34.05416187346354 -15.85051276999244 91.6
    endloop
  endfacet
  facet normal 0 0 1
    outer loop
      vertex -38.246650002896786 -18.67500000447035 91.6
      vertex 38.246650002896786 -18.67500000447035 91.6
      vertex 39.03112355619669 -18.55383062362671 91.6
    endloop
  endfacet
  facet normal 0 0 1
    outer loop
      vertex -38.246650002896786 -18.67500000447035 91.6
      vertex 39.03112355619669 -18.55383062362671 91.6
      vertex 39.40032158046961 -18.405030451714993 91.6
    endloop
  endfacet
  facet normal 0 0 1
    outer loop
      vertex -38.34623710811138 -18.67309207469225 91.6
      vertex 39.40032158046961 -18.405030451714993 91.6
      vertex 39.742478519678116 -18.20161633938551 91.6
    endloop
  endfacet
  facet normal 0 0 1
    outer loop
      vertex -38.74166688323021 -18.627441637218 91.6
      vertex 39.742478519678116 -18.20161633938551 91.6
      vertex 40.04957450181246 -17.94835614413023 91.6
    endloop
  endfacet
  facet normal 0 0 1
    outer loop
      vertex -39.12549388408661 -18.521964125335217 91.6
      vertex 40.04957450181246 -17.94835614413023 91.6
      vertex 40.31441146880388 -17.65118607133627 91.6
    endloop
  endfacet
  facet normal 0 0 1
    outer loop
      vertex -39.488721534609795 -18.3591318577528 91.6
      vertex 40.31441146880388 -17.65118607133627 91.6
      vertex 40.53078185766935 -17.31707153469324 91.6
    endloop
  endfacet
  facet normal 0 0 1
    outer loop
      vertex 34.05416187346354 -15.85051276999244 91.6
      vertex -0.45000000298023224 -14.5 91.6
      vertex -1.6499999985098839 -14.5 91.6
    endloop
  endfacet
  facet normal 0 0 1
    outer loop
      vertex 34.05416187346354 -15.85051276999244 91.6
      vertex 0.45000000298023224 -14.5 91.6
      vertex -0.45000000298023224 -14.5 91.6
    endloop
  endfacet
  facet normal 0 0 1
    outer loop
      vertex 34.05416187346354 -15.85051276999244 91.6
      vertex 1.6499999985098839 -14.5 91.6
      vertex 0.45000000298023224 -14.5 91.6
    endloop
  endfacet
  facet normal 0 0 1
    outer loop
      vertex 34.05416187346354 -15.85051276999244 91.6
      vertex 22.125 -14.5 91.6
      vertex 1.6499999985098839 -14.5 91.6
    endloop
  endfacet
  facet normal 0 0 1
    outer loop
      vertex 17.875 -11.399999998509884 91.6
      vertex 1.6499999985098839 -14.5 91.6
      vertex 17.875 -12.600000001490116 91.6
    endloop
  endfacet
  facet normal 0 0 1
    outer loop
      vertex 19.362499997019768 -12.600000001490116 91.6
      vertex 17.875 -12.600000001490116 91.6
      vertex 1.6499999985098839 -14.5 91.6
    endloop
  endfacet
  facet normal 0 0 1
    outer loop
      vertex 19.362499997019768 -12.600000001490116 91.6
      vertex 1.6499999985098839 -14.5 91.6
      vertex 22.125 -14.5 91.6
    endloop
  endfacet
  facet normal 0 0 1
    outer loop
      vertex 19.362499997019768 -11.399999998509884 91.6
      vertex 1.6499999985098839 -9.5 91.6
      vertex 17.875 -11.399999998509884 91.6
    endloop
  endfacet
  facet normal 0 0 1
    outer loop
      vertex 22.125 -9.5 91.6
      vertex 1.6499999985098839 -9.5 91.6
      vertex 19.362499997019768 -11.399999998509884 91.6
    endloop
  endfacet
  facet normal 0 0 1
    outer loop
      vertex -0.6901582749254566 -3.533225375708705 91.6
      vertex 0.45000000298023224 -9.5 91.6
      vertex 1.6499999985098839 -9.5 91.6
    endloop
  endfacet
  facet normal 0 0 1
    outer loop
      vertex -0.6901582749254566 -3.533225375708705 91.6
      vertex 1.6499999985098839 -9.5 91.6
      vertex 22.125 -9.5 91.6
    endloop
  endfacet
  facet normal 0 0 1
    outer loop
      vertex -0.29728564370039773 -3.5877041748240117 91.6
      vertex 22.125 -9.5 91.6
      vertex 0.09919563252538244 -3.5986331052898253 91.6
    endloop
  endfacet
  facet normal 0 0 1
    outer loop
      vertex 0.09919563252538244 -3.5986331052898253 91.6
      vertex 22.125 -9.5 91.6
      vertex 0.4944728081462693 -3.565879504695012 91.6
    endloop
  endfacet
  facet normal 0 0 1
    outer loop
      vertex -0.6901582749254566 -3.533225375708705 91.6
      vertex 22.125 -9.5 91.6
      vertex -0.29728564370039773 -3.5877041748240117 91.6
    endloop
  endfacet
  facet normal 0 0 1
    outer loop
      vertex 0.4944728081462693 -3.565879504695012 91.6
      vertex 22.125 -9.5 91.6
      vertex 0.8837477537068774 -3.4898409573815896 91.6
    endloop
  endfacet
  facet normal 0 0 1
    outer loop
      vertex 0.8837477537068774 -3.4898409573815896 91.6
      vertex 22.125 -9.5 91.6
      vertex 1.2622951986939168 -3.3714404683093973 91.6
    endloop
  endfacet
  facet normal 0 0 1
    outer loop
      vertex 1.2622951986939168 -3.3714404683093973 91.6
      vertex 22.125 -9.5 91.6
      vertex 1.625520089919203 -3.2121152590262176 91.6
    endloop
  endfacet
  facet normal 0 0 1
    outer loop
      vertex 1.625520089919203 -3.2121152590262176 91.6
      vertex 20.2 -3.117691453623979 91.6
      vertex 1.9690133692407357 -3.0137993217451036 91.6
    endloop
  endfacet
  facet normal 0 0 1
    outer loop
      vertex 1.9690133692407357 -3.0137993217451036 91.6
      vertex 19.867953090406072 -2.900754380379521 91.6
      vertex 2.288605493555884 -2.778899943298756 91.6
    endloop
  endfacet
  facet normal 0 0 1
    outer loop
      vertex 2.288605493555884 -2.778899943298756 91.6
      vertex 19.561786342147332 -2.648606078423274 91.6
      vertex 2.5804170474064243 -2.510268483938384 91.6
    endloop
  endfacet
  facet normal 0 0 1
    outer loop
      vertex 2.5804170474064243 -2.510268483938384 91.6
      vertex 19.285216204803174 -2.3643072865718437 91.6
      vertex 2.840905833827017 -2.211165765682804 91.6
    endloop
  endfacet
  facet normal 0 0 1
    outer loop
      vertex 2.840905833827017 -2.211165765682804 91.6
      vertex 19.041599865189117 -2.051309007036958 91.6
      vertex 3.0669098718179777 -1.88522249035636 91.6
    endloop
  endfacet
  facet normal 0 0 1
    outer loop
      vertex 3.0669098718179777 -1.88522249035636 91.6
      vertex 18.83389449565664 -1.7134106149334654 91.6
      vertex 3.2556857785112796 -1.536395167787052 91.6
    endloop
  endfacet
  facet normal 0 0 1
    outer loop
      vertex 3.2556857785112796 -1.536395167787052 91.6
      vertex 18.664621358026714 -1.3547137390122077 91.6
      vertex 3.4049420701222846 -1.1689180891368622 91.6
    endloop
  endfacet
  facet normal 0 0 1
    outer loop
      vertex 3.4049420701222846 -1.1689180891368622 91.6
      vertex 18.535835198886698 -0.9795724734432057 91.6
      vertex 3.512866977458768 -0.787251928342954 91.6
    endloop
  endfacet
  facet normal 0 0 1
    outer loop
      vertex 3.512866977458768 -0.787251928342954 91.6
      vertex 18.4490993077502 -0.5925405250106429 91.6
      vertex 3.5781504383446183 -0.396029595578686 91.6
    endloop
  endfacet
  facet normal 0 0 1
    outer loop
      vertex 3.5781504383446183 -0.396029595578686 91.6
      vertex 18.405466540840063 -0.19831593728111588 91.6
      vertex 3.6 0 91.6
    endloop
  endfacet
  facet normal 0 0 1
    outer loop
      vertex 1.625520089919203 -3.2121152590262176 91.6
      vertex 22.125 -9.5 91.6
      vertex 20.2 -3.117691453623979 91.6
    endloop
  endfacet
  facet normal 0 0 1
    outer loop
      vertex 1.9690133692407357 -3.0137993217451036 91.6
      vertex 20.2 -3.117691453623979 91.6
      vertex 19.867953090406072 -2.900754380379521 91.6
    endloop
  endfacet
  facet normal 0 0 1
    outer loop
      vertex 2.288605493555884 -2.778899943298756 91.6
      vertex 19.867953090406072 -2.900754380379521 91.6
      vertex 19.561786342147332 -2.648606078423274 91.6
    endloop
  endfacet
  facet normal 0 0 1
    outer loop
      vertex 2.5804170474064243 -2.510268483938384 91.6
      vertex 19.561786342147332 -2.648606078423274 91.6
      vertex 19.285216204803174 -2.3643072865718437 91.6
    endloop
  endfacet
  facet normal 0 0 1
    outer loop
      vertex 2.840905833827017 -2.211165765682804 91.6
      vertex 19.285216204803174 -2.3643072865718437 91.6
      vertex 19.041599865189117 -2.051309007036958 91.6
    endloop
  endfacet
  facet normal 0 0 1
    outer loop
      vertex 3.0669098718179777 -1.88522249035636 91.6
      vertex 19.041599865189117 -2.051309007036958 91.6
      vertex 18.83389449565664 -1.7134106149334654 91.6
    endloop
  endfacet
  facet normal 0 0 1
    outer loop
      vertex 3.2556857785112796 -1.536395167787052 91.6
      vertex 18.83389449565664 -1.7134106149334654 91.6
      vertex 18.664621358026714 -1.3547137390122077 91.6
    endloop
  endfacet
  facet normal 0 0 1
    outer loop
      vertex 3.4049420701222846 -1.1689180891368622 91.6
      vertex 18.664621358026714 -1.3547137390122077 91.6
      vertex 18.535835198886698 -0.9795724734432057 91.6
    endloop
  endfacet
  facet normal 0 0 1
    outer loop
      vertex 3.512866977458768 -0.787251928342954 91.6
      vertex 18.535835198886698 -0.9795724734432057 91.6
      vertex 18.4490993077502 -0.5925405250106429 91.6
    endloop
  endfacet
  facet normal 0 0 1
    outer loop
      vertex 3.5781504383446183 -0.396029595578686 91.6
      vertex 18.4490993077502 -0.5925405250106429 91.6
      vertex 18.405466540840063 -0.19831593728111588 91.6
    endloop
  endfacet
  facet normal 0.07654925840115992 -0.997065800756516 0
    outer loop
      vertex 38.643538139760494 -18.644529104232788 88.6
      vertex 38.643538139760494 -18.644529104232788 91.6
      vertex 38.246650002896786 -18.67500000447035 91.6
    endloop
  endfacet
  facet normal 0.22785350495053003 -0.9736954248027249 0
    outer loop
      vertex 39.03112355619669 -18.55383062362671 88.6
      vertex 39.03112355619669 -18.55383062362671 91.6
      vertex 38.643538139760494 -18.644529104232788 91.6
    endloop
  endfacet
  facet normal 0.37381707139672676 -0.9275024512810598 0
    outer loop
      vertex 39.40032158046961 -18.405030451714993 88.6
      vertex 39.40032158046961 -18.405030451714993 91.6
      vertex 39.03112355619669 -18.55383062362671 91.6
    endloop
  endfacet
  facet normal 0.5110186823681713 -0.8595696052506151 0
    outer loop
      vertex 39.742478519678116 -18.20161633938551 88.6
      vertex 39.742478519678116 -18.20161633938551 91.6
      vertex 39.40032158046961 -18.405030451714993 91.6
    endloop
  endfacet
  facet normal 0.6362424473990902 -0.7714891756386579 0
    outer loop
      vertex 40.04957450181246 -17.94835614413023 88.6
      vertex 40.04957450181246 -17.94835614413023 91.6
      vertex 39.742478519678116 -18.20161633938551 91.6
    endloop
  endfacet
  facet normal 0.7465532146596287 -0.6653257079666879 0
    outer loop
      vertex 40.31441146880388 -17.65118607133627 88.6
      vertex 40.31441146880388 -17.65118607133627 91.6
      vertex 40.04957450181246 -17.94835614413023 91.6
    endloop
  endfacet
  facet normal 0.8393654212848336 -0.543567557486035 0
    outer loop
      vertex 40.53078185766935 -17.31707153469324 88.6
      vertex 40.53078185766935 -17.31707153469324 91.6
      vertex 40.31441146880388 -17.65118607133627 91.6
    endloop
  endfacet
  facet normal 0.9125036236028311 -0.40906862127484517 0
    outer loop
      vertex 40.69361412525177 -16.953843884170055 88.6
      vertex 40.69361412525177 -16.953843884170055 91.6
      vertex 40.53078185766935 -17.31707153469324 91.6
    endloop
  endfacet
  facet normal 0.9642534926212311 -0.26498151250182994 0
    outer loop
      vertex 40.79909163713455 -16.570016883313656 88.6
      vertex 40.79909163713455 -16.570016883313656 91.6
      vertex 40.69361412525177 -16.953843884170055 91.6
    endloop
  endfacet
  facet normal 0.9934020900851751 -0.11468342257887829 0
    outer loop
      vertex 40.8447420746088 -16.174587108194828 88.6
      vertex 40.8447420746088 -16.174587108194828 91.6
      vertex 40.79909163713455 -16.570016883313656 91.6
    endloop
  endfacet
  facet normal 0.9998165283249307 -0.01915488679901077 0
    outer loop
      vertex 40.8466500043869 -16.075000002980232 88.6
      vertex 40.8466500043869 -16.075000002980232 91.6
      vertex 40.8447420746088 -16.174587108194828 91.6
    endloop
  endfacet
  facet normal 0 0 1
    outer loop
      vertex 34.05416187346354 -15.85051276999244 91.6
      vertex 25.17500000447035 -13.549999997019768 91.6
      vertex 22.125 -14.5 91.6
    endloop
  endfacet
  facet normal 0 0 1
    outer loop
      vertex 23.025000005960464 -11.399999998509884 91.6
      vertex 22.125 -14.5 91.6
      vertex 23.025000005960464 -12.600000001490116 91.6
    endloop
  endfacet
  facet normal 0 0 1
    outer loop
      vertex 22.125 -14.5 91.6
      vertex 23.025000005960464 -11.399999998509884 91.6
      vertex 22.125 -9.5 91.6
    endloop
  endfacet
  facet normal 0 0 1
    outer loop
      vertex 23.975000001490116 -12.600000001490116 91.6
      vertex 22.125 -14.5 91.6
      vertex 23.975000001490116 -13.549999997019768 91.6
    endloop
  endfacet
  facet normal 0 0 1
    outer loop
      vertex 23.975000001490116 -13.549999997019768 91.6
      vertex 22.125 -14.5 91.6
      vertex 25.17500000447035 -13.549999997019768 91.6
    endloop
  endfacet
  facet normal 0 0 1
    outer loop
      vertex 23.975000001490116 -12.600000001490116 91.6
      vertex 23.025000005960464 -12.600000001490116 91.6
      vertex 22.125 -14.5 91.6
    endloop
  endfacet
  facet normal 0 0 1
    outer loop
      vertex 22.125 -9.5 91.6
      vertex 23.025000005960464 -11.399999998509884 91.6
      vertex 23.975000001490116 -11.399999998509884 91.6
    endloop
  endfacet
  facet normal 0 0 1
    outer loop
      vertex 25.17500000447035 -11.399999998509884 91.6
      vertex 26.125 -11.399999998509884 91.6
      vertex 25.17500000447035 -10.450000002980232 91.6
    endloop
  endfacet
  facet normal 0 0 1
    outer loop
      vertex 22.125 -9.5 91.6
      vertex 23.975000001490116 -11.399999998509884 91.6
      vertex 23.975000001490116 -10.450000002980232 91.6
    endloop
  endfacet
  facet normal 0 0 1
    outer loop
      vertex 34.05416187346354 -15.85051276999244 91.6
      vertex 25.17500000447035 -12.600000001490116 91.6
      vertex 25.17500000447035 -13.549999997019768 91.6
    endloop
  endfacet
  facet normal 0 0 1
    outer loop
      vertex 34.05416187346354 -15.85051276999244 91.6
      vertex 26.125 -12.600000001490116 91.6
      vertex 25.17500000447035 -12.600000001490116 91.6
    endloop
  endfacet
  facet normal 0 0 1
    outer loop
      vertex 34.05416187346354 -15.85051276999244 91.6
      vertex 26.125 -11.399999998509884 91.6
      vertex 26.125 -12.600000001490116 91.6
    endloop
  endfacet
  facet normal 0 0 1
    outer loop
      vertex 34.05416187346354 -15.85051276999244 91.6
      vertex 25.17500000447035 -10.450000002980232 91.6
      vertex 26.125 -11.399999998509884 91.6
    endloop
  endfacet
  facet normal 0 0 1
    outer loop
      vertex 20.2 -3.117691453623979 91.6
      vertex 25.17500000447035 -10.450000002980232 91.6
      vertex 34.05416187346354 -15.85051276999244 91.6
    endloop
  endfacet
  facet normal 0 0 1
    outer loop
      vertex 34.05416187346354 -15.85051276999244 91.6
      vertex 33.87282439521282 -15.500547323204312 91.6
      vertex 20.55389647124931 -3.296783975958207 91.6
    endloop
  endfacet
  facet normal 0 0 1
    outer loop
      vertex 33.87282439521282 -15.500547323204312 91.6
      vertex 33.74082952620877 -15.129149356704023 91.6
      vertex 20.9253466803939 -3.4358580067662268 91.6
    endloop
  endfacet
  facet normal 0 0 1
    outer loop
      vertex 33.74082952620877 -15.129149356704023 91.6
      vertex 33.660636081117055 -14.743237311895536 91.6
      vertex 21.7027143562996 -3.5877041748240117 91.6
    endloop
  endfacet
  facet normal 0 0 1
    outer loop
      vertex 33.660636081117055 -14.743237311895536 91.6
      vertex 33.63373791208791 -14.350000000000001 91.6
      vertex 22.099195632525383 -3.5986331052898253 91.6
    endloop
  endfacet
  facet normal 0 0 1
    outer loop
      vertex 33.63373791208791 -14.350000000000001 91.6
      vertex 33.660636081117055 -13.956762688104467 91.6
      vertex 22.49447280814627 -3.565879504695012 91.6
    endloop
  endfacet
  facet normal 0 0 1
    outer loop
      vertex 33.660636081117055 -13.956762688104467 91.6
      vertex 33.74082952620877 -13.57085064329598 91.6
      vertex 22.883747753706878 -3.4898409573815896 91.6
    endloop
  endfacet
  facet normal 0 0 1
    outer loop
      vertex 33.74082952620877 -13.57085064329598 91.6
      vertex 33.87282439521282 -13.19945267679569 91.6
      vertex 23.262295198693916 -3.3714404683093973 91.6
    endloop
  endfacet
  facet normal 0 0 1
    outer loop
      vertex 33.87282439521282 -13.19945267679569 91.6
      vertex 34.05416187346354 -12.849487230007563 91.6
      vertex 23.625520089919203 -3.2121152590262176 91.6
    endloop
  endfacet
  facet normal 0 0 1
    outer loop
      vertex 36.718728090464126 -17.231179698277735 91.6
      vertex 40.53078185766935 -17.31707153469324 91.6
      vertex 37.1092130794531 -17.17750877190016 91.6
    endloop
  endfacet
  facet normal 0 0 1
    outer loop
      vertex 38.246650002896786 -18.67500000447035 91.6
      vertex 38.643538139760494 -18.644529104232788 91.6
      vertex 39.03112355619669 -18.55383062362671 91.6
    endloop
  endfacet
  facet normal 0 0 1
    outer loop
      vertex 37.1092130794531 -17.17750877190016 91.6
      vertex 40.53078185766935 -17.31707153469324 91.6
      vertex 37.4887528799839 -17.071166706954134 91.6
    endloop
  endfacet
  facet normal 0 0 1
    outer loop
      vertex 37.4887528799839 -17.071166706954134 91.6
      vertex 40.69361412525177 -16.953843884170055 91.6
      vertex 37.850277383689516 -16.914134454902687 91.6
    endloop
  endfacet
  facet normal 0 0 1
    outer loop
      vertex 37.850277383689516 -16.914134454902687 91.6
      vertex 40.69361412525177 -16.953843884170055 91.6
      vertex 38.18705207309655 -16.709337229485104 91.6
    endloop
  endfacet
  facet normal 0 0 1
    outer loop
      vertex 38.18705207309655 -16.709337229485104 91.6
      vertex 40.79909163713455 -16.570016883313656 91.6
      vertex 38.492803472943535 -16.46059001551968 91.6
    endloop
  endfacet
  facet normal 0 0 1
    outer loop
      vertex 37.4887528799839 -17.071166706954134 91.6
      vertex 40.53078185766935 -17.31707153469324 91.6
      vertex 40.69361412525177 -16.953843884170055 91.6
    endloop
  endfacet
  facet normal 0 0 1
    outer loop
      vertex 38.18705207309655 -16.709337229485104 91.6
      vertex 40.69361412525177 -16.953843884170055 91.6
      vertex 40.79909163713455 -16.570016883313656 91.6
    endloop
  endfacet
  facet normal 0 0 1
    outer loop
      vertex 38.492803472943535 -16.46059001551968 91.6
      vertex 40.79909163713455 -16.570016883313656 91.6
      vertex 40.8447420746088 -16.174587108194828 91.6
    endloop
  endfacet
  facet normal 0 0 1
    outer loop
      vertex 38.492803472943535 -16.46059001551968 91.6
      vertex 40.8447420746088 -16.174587108194828 91.6
      vertex 38.761836013155175 -16.1725265029548 91.6
    endloop
  endfacet
  facet normal 0 0 1
    outer loop
      vertex 38.761836013155175 -16.1725265029548 91.6
      vertex 40.8466500043869 -16.075000002980232 91.6
      vertex 38.989138126536446 -15.850512769992438 91.6
    endloop
  endfacet
  facet normal 0 0 1
    outer loop
      vertex 38.761836013155175 -16.1725265029548 91.6
      vertex 40.8447420746088 -16.174587108194828 91.6
      vertex 40.8466500043869 -16.075000002980232 91.6
    endloop
  endfacet
  facet normal 0 0 1
    outer loop
      vertex 38.989138126536446 -15.850512769992438 91.6
      vertex 40.8466500043869 -16.075000002980232 91.6
      vertex 39.17047560478717 -15.50054732320431 91.6
    endloop
  endfacet
  facet normal 0 0 1
    outer loop
      vertex 39.17047560478717 -15.50054732320431 91.6
      vertex 40.8466500043869 -16.075000002980232 91.6
      vertex 39.30247047379122 -15.129149356704023 91.6
    endloop
  endfacet
  facet normal 0 0 1
    outer loop
      vertex 40.8466500043869 -16.075000002980232 91.6
      vertex 39.38266391888293 -14.743237311895536 91.6
      vertex 39.30247047379122 -15.129149356704023 91.6
    endloop
  endfacet
  facet normal 0 0 1
    outer loop
      vertex 40.8466500043869 -16.075000002980232 91.6
      vertex 39.40956208791208 -14.350000000000001 91.6
      vertex 39.38266391888293 -14.743237311895536 91.6
    endloop
  endfacet
  facet normal 0 0 1
    outer loop
      vertex 34.05416187346354 -12.849487230007563 91.6
      vertex 34.28146398684481 -12.527473497045204 91.6
      vertex 23.969013369240734 -3.0137993217451036 91.6
    endloop
  endfacet
  facet normal 0 0 1
    outer loop
      vertex 20.2 -3.117691453623979 91.6
      vertex 22.125 -9.5 91.6
      vertex 23.975000001490116 -10.450000002980232 91.6
    endloop
  endfacet
  facet normal 0 0 1
    outer loop
      vertex 20.2 -3.117691453623979 91.6
      vertex 23.975000001490116 -10.450000002980232 91.6
      vertex 25.17500000447035 -10.450000002980232 91.6
    endloop
  endfacet
  facet normal 0 0 1
    outer loop
      vertex 20.2 -3.117691453623979 91.6
      vertex 34.05416187346354 -15.85051276999244 91.6
      vertex 20.55389647124931 -3.296783975958207 91.6
    endloop
  endfacet
  facet normal 0 0 1
    outer loop
      vertex 33.87282439521282 -15.500547323204312 91.6
      vertex 20.9253466803939 -3.4358580067662268 91.6
      vertex 20.55389647124931 -3.296783975958207 91.6
    endloop
  endfacet
  facet normal 0 0 1
    outer loop
      vertex 33.74082952620877 -15.129149356704023 91.6
      vertex 21.309841725074545 -3.533225375708705 91.6
      vertex 20.9253466803939 -3.4358580067662268 91.6
    endloop
  endfacet
  facet normal 0 0 1
    outer loop
      vertex 33.74082952620877 -15.129149356704023 91.6
      vertex 21.7027143562996 -3.5877041748240117 91.6
      vertex 21.309841725074545 -3.533225375708705 91.6
    endloop
  endfacet
  facet normal 0 0 1
    outer loop
      vertex 33.660636081117055 -14.743237311895536 91.6
      vertex 22.099195632525383 -3.5986331052898253 91.6
      vertex 21.7027143562996 -3.5877041748240117 91.6
    endloop
  endfacet
  facet normal 0 0 1
    outer loop
      vertex 33.63373791208791 -14.350000000000001 91.6
      vertex 22.49447280814627 -3.565879504695012 91.6
      vertex 22.099195632525383 -3.5986331052898253 91.6
    endloop
  endfacet
  facet normal 0 0 1
    outer loop
      vertex 33.660636081117055 -13.956762688104467 91.6
      vertex 22.883747753706878 -3.4898409573815896 91.6
      vertex 22.49447280814627 -3.565879504695012 91.6
    endloop
  endfacet
  facet normal 0 0 1
    outer loop
      vertex 33.74082952620877 -13.57085064329598 91.6
      vertex 23.262295198693916 -3.3714404683093973 91.6
      vertex 22.883747753706878 -3.4898409573815896 91.6
    endloop
  endfacet
  facet normal 0 0 1
    outer loop
      vertex 33.87282439521282 -13.19945267679569 91.6
      vertex 23.625520089919203 -3.2121152590262176 91.6
      vertex 23.262295198693916 -3.3714404683093973 91.6
    endloop
  endfacet
  facet normal 0 0 1
    outer loop
      vertex 34.05416187346354 -12.849487230007563 91.6
      vertex 23.969013369240734 -3.0137993217451036 91.6
      vertex 23.625520089919203 -3.2121152590262176 91.6
    endloop
  endfacet
  facet normal 0 0 1
    outer loop
      vertex 34.28146398684481 -12.527473497045204 91.6
      vertex 24.288605493555885 -2.778899943298756 91.6
      vertex 23.969013369240734 -3.0137993217451036 91.6
    endloop
  endfacet
  facet normal 0 0 1
    outer loop
      vertex 34.55049652705645 -12.23940998448032 91.6
      vertex 24.580417047406424 -2.510268483938384 91.6
      vertex 24.288605493555885 -2.778899943298756 91.6
    endloop
  endfacet
  facet normal 0 0 1
    outer loop
      vertex 34.55049652705645 -12.23940998448032 91.6
      vertex 24.840905833827016 -2.211165765682804 91.6
      vertex 24.580417047406424 -2.510268483938384 91.6
    endloop
  endfacet
  facet normal 0 0 1
    outer loop
      vertex 34.856247926903436 -11.9906627705149 91.6
      vertex 25.066909871817977 -1.88522249035636 91.6
      vertex 24.840905833827016 -2.211165765682804 91.6
    endloop
  endfacet
  facet normal 0 0 1
    outer loop
      vertex 35.193022616310465 -11.785865545097318 91.6
      vertex 25.25568577851128 -1.536395167787052 91.6
      vertex 25.066909871817977 -1.88522249035636 91.6
    endloop
  endfacet
  facet normal 0 0 1
    outer loop
      vertex 35.55454712001609 -11.62883329304587 91.6
      vertex 25.404942070122285 -1.1689180891368622 91.6
      vertex 25.25568577851128 -1.536395167787052 91.6
    endloop
  endfacet
  facet normal 0 0 1
    outer loop
      vertex 35.93408692054689 -11.522491228099843 91.6
      vertex 25.512866977458767 -0.787251928342954 91.6
      vertex 25.404942070122285 -1.1689180891368622 91.6
    endloop
  endfacet
  facet normal 0 0 1
    outer loop
      vertex 36.32457190953586 -11.46882030172227 91.6
      vertex 25.57815043834462 -0.396029595578686 91.6
      vertex 25.512866977458767 -0.787251928342954 91.6
    endloop
  endfacet
  facet normal 0 0 1
    outer loop
      vertex 36.32457190953586 -11.46882030172227 91.6
      vertex 25.6 0 91.6
      vertex 25.57815043834462 -0.396029595578686 91.6
    endloop
  endfacet
  facet normal 0 0 1
    outer loop
      vertex 34.28146398684481 -12.527473497045204 91.6
      vertex 34.55049652705645 -12.23940998448032 91.6
      vertex 24.288605493555885 -2.778899943298756 91.6
    endloop
  endfacet
  facet normal 0 0 1
    outer loop
      vertex 34.55049652705645 -12.23940998448032 91.6
      vertex 34.856247926903436 -11.9906627705149 91.6
      vertex 24.840905833827016 -2.211165765682804 91.6
    endloop
  endfacet
  facet normal 0 0 1
    outer loop
      vertex 34.856247926903436 -11.9906627705149 91.6
      vertex 35.193022616310465 -11.785865545097318 91.6
      vertex 25.066909871817977 -1.88522249035636 91.6
    endloop
  endfacet
  facet normal 0 0 1
    outer loop
      vertex 35.193022616310465 -11.785865545097318 91.6
      vertex 35.55454712001609 -11.62883329304587 91.6
      vertex 25.25568577851128 -1.536395167787052 91.6
    endloop
  endfacet
  facet normal 0 0 1
    outer loop
      vertex 35.55454712001609 -11.62883329304587 91.6
      vertex 35.93408692054689 -11.522491228099843 91.6
      vertex 25.404942070122285 -1.1689180891368622 91.6
    endloop
  endfacet
  facet normal 0 0 1
    outer loop
      vertex 35.93408692054689 -11.522491228099843 91.6
      vertex 36.32457190953586 -11.46882030172227 91.6
      vertex 25.512866977458767 -0.787251928342954 91.6
    endloop
  endfacet
  facet normal 0 0 1
    outer loop
      vertex 40.8466500043869 -16.075000002980232 91.6
      vertex 38.492803472943535 12.23940998448032 91.6
      vertex 39.40956208791208 -14.350000000000001 91.6
    endloop
  endfacet
  facet normal 0 0 1
    outer loop
      vertex 39.40956208791208 -14.350000000000001 91.6
      vertex 38.492803472943535 12.23940998448032 91.6
      vertex 39.38266391888293 -13.956762688104467 91.6
    endloop
  endfacet
  facet normal 0 0 1
    outer loop
      vertex 39.38266391888293 -13.956762688104467 91.6
      vertex 38.492803472943535 12.23940998448032 91.6
      vertex 39.30247047379122 -13.57085064329598 91.6
    endloop
  endfacet
  facet normal 0 0 1
    outer loop
      vertex 39.30247047379122 -13.57085064329598 91.6
      vertex 38.492803472943535 12.23940998448032 91.6
      vertex 39.17047560478717 -13.19945267679569 91.6
    endloop
  endfacet
  facet normal 0 0 1
    outer loop
      vertex 36.32457190953586 -11.46882030172227 91.6
      vertex 36.718728090464126 -11.46882030172227 91.6
      vertex 38.492803472943535 12.23940998448032 91.6
    endloop
  endfacet
  facet normal 0 0 1
    outer loop
      vertex 36.718728090464126 -11.46882030172227 91.6
      vertex 37.1092130794531 -11.522491228099843 91.6
      vertex 38.492803472943535 12.23940998448032 91.6
    endloop
  endfacet
  facet normal 0 0 1
    outer loop
      vertex 38.18705207309655 -11.9906627705149 91.6
      vertex 38.492803472943535 12.23940998448032 91.6
      vertex 37.85027738368952 -11.785865545097318 91.6
    endloop
  endfacet
  facet normal 0 0 1
    outer loop
      vertex 37.85027738368952 -11.785865545097318 91.6
      vertex 38.492803472943535 12.23940998448032 91.6
      vertex 37.4887528799839 -11.62883329304587 91.6
    endloop
  endfacet
  facet normal 0 0 1
    outer loop
      vertex 37.1092130794531 -11.522491228099843 91.6
      vertex 37.4887528799839 -11.62883329304587 91.6
      vertex 38.492803472943535 12.23940998448032 91.6
    endloop
  endfacet
  facet normal 0 0 1
    outer loop
      vertex 39.17047560478717 -13.19945267679569 91.6
      vertex 38.492803472943535 12.23940998448032 91.6
      vertex 38.989138126536446 -12.849487230007563 91.6
    endloop
  endfacet
  facet normal 0 0 1
    outer loop
      vertex 38.989138126536446 -12.849487230007563 91.6
      vertex 38.492803472943535 12.23940998448032 91.6
      vertex 38.761836013155175 -12.527473497045202 91.6
    endloop
  endfacet
  facet normal 0 0 1
    outer loop
      vertex 38.761836013155175 -12.527473497045202 91.6
      vertex 38.492803472943535 12.23940998448032 91.6
      vertex 38.492803472943535 -12.23940998448032 91.6
    endloop
  endfacet
  facet normal 0 0 1
    outer loop
      vertex 38.18705207309655 -11.9906627705149 91.6
      vertex 38.492803472943535 -12.23940998448032 91.6
      vertex 38.492803472943535 12.23940998448032 91.6
    endloop
  endfacet
  facet normal 0 0 -1
    outer loop
      vertex 5.25 0 88.6
      vertex 5.234964237718173 0.3970509158933976 88.6
      vertex 16.75376028721426 0.1986677527677682 88.6
    endloop
  endfacet
  facet normal 0 0 -1
    outer loop
      vertex 5.234964237718173 0.3970509158933976 88.6
      vertex 5.189943074357415 0.7918275600972124 88.6
      vertex 16.78381027319328 0.5948653074066669 88.6
    endloop
  endfacet
  facet normal 0 0 -1
    outer loop
      vertex 5.189943074357415 0.7918275600972124 88.6
      vertex 5.115194387064371 1.1820686877441435 88.6
      vertex 16.84373812155294 0.9876555274353285 88.6
    endloop
  endfacet
  facet normal 0 0 -1
    outer loop
      vertex 5.011146329550665 1.5655390329949932 88.6
      vertex 16.93320057100485 1.374788546044235 88.6
      vertex 5.115194387064371 1.1820686877441435 88.6
    endloop
  endfacet
  facet normal 0 0 -1
    outer loop
      vertex 5.011146329550665 1.5655390329949932 88.6
      vertex 4.878394879667217 1.9400421124389735 88.6
      vertex 17.05168518874022 1.7540469003612968 88.6
    endloop
  endfacet
  facet normal 0 0 -1
    outer loop
      vertex 16.75376028721426 -0.1986677527677682 88.6
      vertex 5.25 0 88.6
      vertex 16.75376028721426 0.1986677527677682 88.6
    endloop
  endfacet
  facet normal 0 0 -1
    outer loop
      vertex 5.234964237718173 0.3970509158933976 88.6
      vertex 16.78381027319328 0.5948653074066669 88.6
      vertex 16.75376028721426 0.1986677527677682 88.6
    endloop
  endfacet
  facet normal 0 0 -1
    outer loop
      vertex 5.189943074357415 0.7918275600972124 88.6
      vertex 16.84373812155294 0.9876555274353285 88.6
      vertex 16.78381027319328 0.5948653074066669 88.6
    endloop
  endfacet
  facet normal 0 0 -1
    outer loop
      vertex 5.115194387064371 1.1820686877441435 88.6
      vertex 16.93320057100485 1.374788546044235 88.6
      vertex 16.84373812155294 0.9876555274353285 88.6
    endloop
  endfacet
  facet normal 0 0 -1
    outer loop
      vertex 5.011146329550665 1.5655390329949932 88.6
      vertex 17.05168518874022 1.7540469003612968 88.6
      vertex 16.93320057100485 1.374788546044235 88.6
    endloop
  endfacet
  facet normal 0 0 -1
    outer loop
      vertex 4.878394879667217 1.9400421124389735 88.6
      vertex 17.19851330559854 2.1232582328783534 88.6
      vertex 17.05168518874022 1.7540469003612968 88.6
    endloop
  endfacet
  facet normal 0 0 -1
    outer loop
      vertex 4.878394879667217 1.9400421124389735 88.6
      vertex 17.372843903423092 2.4803077345182727 88.6
      vertex 17.19851330559854 2.1232582328783534 88.6
    endloop
  endfacet
  facet normal 0 0 -1
    outer loop
      vertex 4.878394879667217 1.9400421124389735 88.6
      vertex 17.573678432336806 2.823150258069814 88.6
      vertex 17.372843903423092 2.4803077345182727 88.6
    endloop
  endfacet
  facet normal 0 0 -1
    outer loop
      vertex 4.878394879667217 1.9400421124389735 88.6
      vertex 17.799866530345493 3.149822032605652 88.6
      vertex 17.573678432336806 2.823150258069814 88.6
    endloop
  endfacet
  facet normal 0 0 -1
    outer loop
      vertex 4.878394879667217 1.9400421124389735 88.6
      vertex 18.0501126125072 3.4584519117844175 88.6
      vertex 17.799866530345493 3.149822032605652 88.6
    endloop
  endfacet
  facet normal 0 0 -1
    outer loop
      vertex 4.878394879667217 1.9400421124389735 88.6
      vertex 18.322983291925407 3.747272091607478 88.6
      vertex 18.0501126125072 3.4584519117844175 88.6
    endloop
  endfacet
  facet normal 0 0 -1
    outer loop
      vertex 4.878394879667217 1.9400421124389735 88.6
      vertex 18.616915590059396 4.014628236240167 88.6
      vertex 18.322983291925407 3.747272091607478 88.6
    endloop
  endfacet
  facet normal 0 0 -1
    outer loop
      vertex 4.878394879667217 1.9400421124389735 88.6
      vertex 18.93022588932375 4.25898895389761 88.6
      vertex 18.616915590059396 4.014628236240167 88.6
    endloop
  endfacet
  facet normal 0 0 -1
    outer loop
      vertex 4.878394879667217 1.9400421124389735 88.6
      vertex 19.261119576697457 4.478954568518202 88.6
      vertex 18.93022588932375 4.25898895389761 88.6
    endloop
  endfacet
  facet normal 0 0 -1
    outer loop
      vertex 4.878394879667217 1.9400421124389735 88.6
      vertex 4.717700425697082 2.303432806351767 88.6
      vertex 34.81587429187095 13.775257245755238 88.6
    endloop
  endfacet
  facet normal 0 0 -1
    outer loop
      vertex 4.717700425697082 2.303432806351767 88.6
      vertex 4.529983410920219 2.653629645747049 88.6
      vertex 34.81587429187095 13.775257245755238 88.6
    endloop
  endfacet
  facet normal 0 0 -1
    outer loop
      vertex 4.529983410920219 2.653629645747049 88.6
      vertex 4.316319061397753 2.988626734842346 88.6
      vertex 34.73220167712215 14.155385766836906 88.6
    endloop
  endfacet
  facet normal 0 0 -1
    outer loop
      vertex 4.316319061397753 2.988626734842346 88.6
      vertex 4.077931227174449 3.3065052406484243 88.6
      vertex 34.73220167712215 14.155385766836906 88.6
    endloop
  endfacet
  facet normal 0 0 -1
    outer loop
      vertex 0.6934706186189371 5.203998318707671 88.6
      vertex 35.21485811453836 15.587859025936163 88.6
      vertex 1.0850564165960028 5.136647989964257 88.6
    endloop
  endfacet
  facet normal 0 0 -1
    outer loop
      vertex 1.0850564165960028 5.136647989964257 88.6
      vertex 35.21485811453836 15.587859025936163 88.6
      vertex 1.470427109680762 5.039875406705595 88.6
    endloop
  endfacet
  facet normal 0 0 -1
    outer loop
      vertex 0.29791268373863866 5.241540616351994 88.6
      vertex 35.51151328234771 15.839840196682404 88.6
      vertex 0.6934706186189371 5.203998318707671 88.6
    endloop
  endfacet
  facet normal 0 0 -1
    outer loop
      vertex 3.8161853721765047 3.6054443838708807 88.6
      vertex 3.5325807529578244 3.8837318681690594 88.6
      vertex 34.73220167712215 14.544614233163097 88.6
    endloop
  endfacet
  facet normal 0 0 -1
    outer loop
      vertex 3.5325807529578244 3.8837318681690594 88.6
      vertex 3.228741831094257 4.1397736880344205 88.6
      vertex 34.73220167712215 14.544614233163097 88.6
    endloop
  endfacet
  facet normal 0 0 -1
    outer loop
      vertex 2.9064089684147936 4.372103259109745 88.6
      vertex 34.81587429187095 14.924742754244765 88.6
      vertex 3.228741831094257 4.1397736880344205 88.6
    endloop
  endfacet
  facet normal 0 0 -1
    outer loop
      vertex 2.9064089684147936 4.372103259109745 88.6
      vertex 2.5674284583666243 4.579389818651518 88.6
      vertex 34.81587429187095 14.924742754244765 88.6
    endloop
  endfacet
  facet normal 0 0 -1
    outer loop
      vertex 4.077931227174449 3.3065052406484243 88.6
      vertex 3.8161853721765047 3.6054443838708807 88.6
      vertex 34.73220167712215 14.544614233163097 88.6
    endloop
  endfacet
  facet normal 0 0 -1
    outer loop
      vertex 1.8473753294421242 4.914234873524932 88.6
      vertex 1.470427109680762 5.039875406705595 88.6
      vertex 34.97930708289833 15.27799694291864 88.6
    endloop
  endfacet
  facet normal 0 0 -1
    outer loop
      vertex 1.8473753294421242 4.914234873524932 88.6
      vertex 34.97930708289833 15.27799694291864 88.6
      vertex 2.2137419506134663 4.760446048018409 88.6
    endloop
  endfacet
  facet normal 0 0 -1
    outer loop
      vertex 2.5674284583666243 4.579389818651518 88.6
      vertex 2.2137419506134663 4.760446048018409 88.6
      vertex 34.97930708289833 15.27799694291864 88.6
    endloop
  endfacet
  facet normal 0 0 -1
    outer loop
      vertex 4.878394879667217 1.9400421124389735 88.6
      vertex 34.97930708289833 13.422003057081362 88.6
      vertex 19.261119576697457 4.478954568518202 88.6
    endloop
  endfacet
  facet normal 0 0 -1
    outer loop
      vertex -35.678514806740374 12.75967831999716 88.6
      vertex 35.51151328234771 15.839840196682404 88.6
      vertex 0.29791268373863866 5.241540616351994 88.6
    endloop
  endfacet
  facet normal 0 0 -1
    outer loop
      vertex -35.678514806740374 12.75967831999716 88.6
      vertex 35.85540132038815 16.022158095670225 88.6
      vertex 35.51151328234771 15.839840196682404 88.6
    endloop
  endfacet
  facet normal 0 0 -1
    outer loop
      vertex -35.678514806740374 12.75967831999716 88.6
      vertex 36.230442406205015 16.12628774057475 88.6
      vertex 35.85540132038815 16.022158095670225 88.6
    endloop
  endfacet
  facet normal 0 0 -1
    outer loop
      vertex -35.678514806740374 12.75967831999716 88.6
      vertex 36.61910003545375 16.147360144932023 88.6
      vertex 36.230442406205015 16.12628774057475 88.6
    endloop
  endfacet
  facet normal 0 0 -1
    outer loop
      vertex -35.678514806740374 12.75967831999716 88.6
      vertex 40.72548062354326 16.859473556280136 88.6
      vertex 36.61910003545375 16.147360144932023 88.6
    endloop
  endfacet
  facet normal 0 0 -1
    outer loop
      vertex -40.04957450181246 17.94835614413023 88.6
      vertex 38.74166688323021 18.627441637218 88.6
      vertex 39.12549388408661 18.521964125335217 88.6
    endloop
  endfacet
  facet normal 0 0 -1
    outer loop
      vertex -39.40032158046961 18.405030451714993 88.6
      vertex 38.246650002896786 18.67500000447035 88.6
      vertex 38.34623710811138 18.67309207469225 88.6
    endloop
  endfacet
  facet normal 0 0 -1
    outer loop
      vertex -39.742478519678116 18.20161633938551 88.6
      vertex 38.34623710811138 18.67309207469225 88.6
      vertex 38.74166688323021 18.627441637218 88.6
    endloop
  endfacet
  facet normal 0 0 -1
    outer loop
      vertex -40.8447420746088 16.174587108194828 88.6
      vertex 40.37326633930206 17.570828519761562 88.6
      vertex 40.576680451631546 17.228671580553055 88.6
    endloop
  endfacet
  facet normal 0 0 -1
    outer loop
      vertex -40.79909163713455 16.570016883313656 88.6
      vertex 40.12000614404678 17.877924501895905 88.6
      vertex 40.37326633930206 17.570828519761562 88.6
    endloop
  endfacet
  facet normal 0 0 -1
    outer loop
      vertex -36.42419996454624 16.147360144932023 88.6
      vertex 40.576680451631546 17.228671580553055 88.6
      vertex 40.72548062354326 16.859473556280136 88.6
    endloop
  endfacet
  facet normal 0 0 -1
    outer loop
      vertex -40.69361412525177 16.953843884170055 88.6
      vertex 39.82283607125282 18.14276146888733 88.6
      vertex 40.12000614404678 17.877924501895905 88.6
    endloop
  endfacet
  facet normal 0 0 -1
    outer loop
      vertex -40.53078185766935 17.31707153469324 88.6
      vertex 39.488721534609795 18.3591318577528 88.6
      vertex 39.82283607125282 18.14276146888733 88.6
    endloop
  endfacet
  facet normal 0 0 -1
    outer loop
      vertex -40.31441146880388 17.65118607133627 88.6
      vertex 39.12549388408661 18.521964125335217 88.6
      vertex 39.488721534609795 18.3591318577528 88.6
    endloop
  endfacet
  facet normal 0 1 0
    outer loop
      vertex -38.246650002896786 18.67500000447035 88.6
      vertex 38.246650002896786 18.67500000447035 91.6
      vertex 38.246650002896786 18.67500000447035 88.6
    endloop
  endfacet
  facet normal 0 0 -1
    outer loop
      vertex 19.261119576697457 4.478954568518202 88.6
      vertex 34.97930708289833 13.422003057081362 88.6
      vertex 19.60770132310473 4.673265136981332 88.6
    endloop
  endfacet
  facet normal 0 0 -1
    outer loop
      vertex 19.60770132310473 4.673265136981332 88.6
      vertex 34.97930708289833 13.422003057081362 88.6
      vertex 19.96798593968836 4.840807665947471 88.6
    endloop
  endfacet
  facet normal 0 0 -1
    outer loop
      vertex 19.96798593968836 4.840807665947471 88.6
      vertex 34.97930708289833 13.422003057081362 88.6
      vertex 20.339909748791676 4.980622486983236 88.6
    endloop
  endfacet
  facet normal 0 0 -1
    outer loop
      vertex 20.339909748791676 4.980622486983236 88.6
      vertex 34.97930708289833 13.422003057081362 88.6
      vertex 20.72134240451729 5.091908753455268 88.6
    endloop
  endfacet
  facet normal 0 0 -1
    outer loop
      vertex 27.011146329550666 1.5655390329949932 88.6
      vertex 26.87839487966722 1.9400421124389735 88.6
      vertex 34.97930708289833 13.422003057081362 88.6
    endloop
  endfacet
  facet normal 0 0 -1
    outer loop
      vertex 26.52998341092022 2.653629645747049 88.6
      vertex 26.316319061397753 2.988626734842346 88.6
      vertex 34.97930708289833 13.422003057081362 88.6
    endloop
  endfacet
  facet normal 0 0 -1
    outer loop
      vertex 26.07793122717445 3.3065052406484243 88.6
      vertex 34.97930708289833 13.422003057081362 88.6
      vertex 26.316319061397753 2.988626734842346 88.6
    endloop
  endfacet
  facet normal 0 0 -1
    outer loop
      vertex 26.07793122717445 3.3065052406484243 88.6
      vertex 25.816185372176506 3.6054443838708807 88.6
      vertex 34.97930708289833 13.422003057081362 88.6
    endloop
  endfacet
  facet normal 0 0 -1
    outer loop
      vertex 25.816185372176506 3.6054443838708807 88.6
      vertex 25.532580752957823 3.8837318681690594 88.6
      vertex 34.97930708289833 13.422003057081362 88.6
    endloop
  endfacet
  facet normal 0 0 -1
    outer loop
      vertex 26.717700425697082 2.303432806351767 88.6
      vertex 34.97930708289833 13.422003057081362 88.6
      vertex 26.87839487966722 1.9400421124389735 88.6
    endloop
  endfacet
  facet normal 0 0 -1
    outer loop
      vertex 26.717700425697082 2.303432806351767 88.6
      vertex 26.52998341092022 2.653629645747049 88.6
      vertex 34.97930708289833 13.422003057081362 88.6
    endloop
  endfacet
  facet normal 0 0 -1
    outer loop
      vertex 20.72134240451729 5.091908753455268 88.6
      vertex 34.97930708289833 13.422003057081362 88.6
      vertex 21.11009909515549 5.1740290277072205 88.6
    endloop
  endfacet
  facet normal 0 0 -1
    outer loop
      vertex 21.11009909515549 5.1740290277072205 88.6
      vertex 34.97930708289833 13.422003057081362 88.6
      vertex 21.503953057587836 5.226512932244935 88.6
    endloop
  endfacet
  facet normal 0 0 -1
    outer loop
      vertex 21.503953057587836 5.226512932244935 88.6
      vertex 34.97930708289833 13.422003057081362 88.6
      vertex 21.90064833198465 5.249059844016124 88.6
    endloop
  endfacet
  facet normal 0 0 -1
    outer loop
      vertex 21.90064833198465 5.249059844016124 88.6
      vertex 34.97930708289833 13.422003057081362 88.6
      vertex 22.297912683738637 5.241540616351994 88.6
    endloop
  endfacet
  facet normal 0 0 -1
    outer loop
      vertex 22.297912683738637 5.241540616351994 88.6
      vertex 34.97930708289833 13.422003057081362 88.6
      vertex 22.69347061861894 5.203998318707671 88.6
    endloop
  endfacet
  facet normal 0 0 -1
    outer loop
      vertex 23.085056416596004 5.136647989964257 88.6
      vertex 34.97930708289833 13.422003057081362 88.6
      vertex 23.470427109680763 5.039875406705595 88.6
    endloop
  endfacet
  facet normal 0 0 -1
    outer loop
      vertex 23.470427109680763 5.039875406705595 88.6
      vertex 34.97930708289833 13.422003057081362 88.6
      vertex 23.847375329442123 4.914234873524932 88.6
    endloop
  endfacet
  facet normal 0 0 -1
    outer loop
      vertex 22.69347061861894 5.203998318707671 88.6
      vertex 34.97930708289833 13.422003057081362 88.6
      vertex 23.085056416596004 5.136647989964257 88.6
    endloop
  endfacet
  facet normal 0 0 -1
    outer loop
      vertex 23.847375329442123 4.914234873524932 88.6
      vertex 34.97930708289833 13.422003057081362 88.6
      vertex 24.213741950613468 4.760446048018409 88.6
    endloop
  endfacet
  facet normal 0 0 -1
    outer loop
      vertex 24.567428458366624 4.579389818651518 88.6
      vertex 24.213741950613468 4.760446048018409 88.6
      vertex 34.97930708289833 13.422003057081362 88.6
    endloop
  endfacet
  facet normal 0 0 -1
    outer loop
      vertex 25.228741831094258 4.1397736880344205 88.6
      vertex 34.97930708289833 13.422003057081362 88.6
      vertex 25.532580752957823 3.8837318681690594 88.6
    endloop
  endfacet
  facet normal 0 0 -1
    outer loop
      vertex 24.906408968414794 4.372103259109745 88.6
      vertex 34.97930708289833 13.422003057081362 88.6
      vertex 25.228741831094258 4.1397736880344205 88.6
    endloop
  endfacet
  facet normal 0 0 -1
    outer loop
      vertex 24.567428458366624 4.579389818651518 88.6
      vertex 34.97930708289833 13.422003057081362 88.6
      vertex 24.906408968414794 4.372103259109745 88.6
    endloop
  endfacet
  facet normal 0 0 -1
    outer loop
      vertex 34.81587429187095 -13.775257245755238 88.6
      vertex 27.011146329550666 1.5655390329949932 88.6
      vertex 34.97930708289833 13.422003057081362 88.6
    endloop
  endfacet
  facet normal 0 0 -1
    outer loop
      vertex 34.97930708289833 -13.422003057081362 88.6
      vertex 34.97930708289833 13.422003057081362 88.6
      vertex 35.21485811453836 13.11214097406384 88.6
    endloop
  endfacet
  facet normal 0 0 -1
    outer loop
      vertex 35.21485811453836 -13.11214097406384 88.6
      vertex 35.21485811453836 13.11214097406384 88.6
      vertex 35.51151328234771 12.860159803317599 88.6
    endloop
  endfacet
  facet normal 0 0 -1
    outer loop
      vertex 40.8466500043869 -16.075000002980232 88.6
      vertex 35.85540132038815 12.677841904329776 88.6
      vertex 36.230442406205015 12.573712259425255 88.6
    endloop
  endfacet
  facet normal 0 0 -1
    outer loop
      vertex 40.8466500043869 -16.075000002980232 88.6
      vertex 35.51151328234771 12.860159803317599 88.6
      vertex 35.85540132038815 12.677841904329776 88.6
    endloop
  endfacet
  facet normal 0 0 -1
    outer loop
      vertex 40.8466500043869 -16.075000002980232 88.6
      vertex 36.230442406205015 12.573712259425255 88.6
      vertex 36.61910003545375 12.552639855067978 88.6
    endloop
  endfacet
  facet normal 0 0 -1
    outer loop
      vertex 40.8466500043869 -16.075000002980232 88.6
      vertex 36.61910003545375 12.552639855067978 88.6
      vertex 37.003201009352594 12.6156100134654 88.6
    endloop
  endfacet
  facet normal 0 0 -1
    outer loop
      vertex 40.8466500043869 -16.075000002980232 88.6
      vertex 37.003201009352594 12.6156100134654 88.6
      vertex 37.364785193259614 12.75967831999716 88.6
    endloop
  endfacet
  facet normal 0 0 -1
    outer loop
      vertex 40.8466500043869 -16.075000002980232 88.6
      vertex 37.364785193259614 12.75967831999716 88.6
      vertex 37.686945312607286 12.978108300770256 88.6
    endloop
  endfacet
  facet normal 0 0 -1
    outer loop
      vertex 40.8466500043869 -16.075000002980232 88.6
      vertex 37.686945312607286 12.978108300770256 88.6
      vertex 37.954617518270155 13.260686412651225 88.6
    endloop
  endfacet
  facet normal 0 0 -1
    outer loop
      vertex 40.8466500043869 -16.075000002980232 88.6
      vertex 37.954617518270155 13.260686412651225 88.6
      vertex 38.15528575540772 13.594199617191524 88.6
    endloop
  endfacet
  facet normal 0 0 -1
    outer loop
      vertex 40.8466500043869 -16.075000002980232 88.6
      vertex 38.15528575540772 13.594199617191524 88.6
      vertex 38.27956700027815 13.963053207620158 88.6
    endloop
  endfacet
  facet normal 0 0 -1
    outer loop
      vertex 40.8466500043869 -16.075000002980232 88.6
      vertex 38.27956700027815 13.963053207620158 88.6
      vertex 38.32164999999999 14.350000000000001 88.6
    endloop
  endfacet
  facet normal 0 0 -1
    outer loop
      vertex 40.8466500043869 -16.075000002980232 88.6
      vertex 38.32164999999999 14.350000000000001 88.6
      vertex 40.8466500043869 16.075000002980232 88.6
    endloop
  endfacet
  facet normal 0 0 -1
    outer loop
      vertex 4.878394879667217 1.9400421124389735 88.6
      vertex 34.81587429187095 13.775257245755238 88.6
      vertex 34.97930708289833 13.422003057081362 88.6
    endloop
  endfacet
  facet normal 0 0 -1
    outer loop
      vertex 4.529983410920219 2.653629645747049 88.6
      vertex 34.73220167712215 14.155385766836906 88.6
      vertex 34.81587429187095 13.775257245755238 88.6
    endloop
  endfacet
  facet normal 0 0 -1
    outer loop
      vertex 2.5674284583666243 4.579389818651518 88.6
      vertex 34.97930708289833 15.27799694291864 88.6
      vertex 34.81587429187095 14.924742754244765 88.6
    endloop
  endfacet
  facet normal 0 0 -1
    outer loop
      vertex 4.077931227174449 3.3065052406484243 88.6
      vertex 34.73220167712215 14.544614233163097 88.6
      vertex 34.73220167712215 14.155385766836906 88.6
    endloop
  endfacet
  facet normal 0 0 -1
    outer loop
      vertex 3.228741831094257 4.1397736880344205 88.6
      vertex 34.81587429187095 14.924742754244765 88.6
      vertex 34.73220167712215 14.544614233163097 88.6
    endloop
  endfacet
  facet normal 0 0 -1
    outer loop
      vertex 1.470427109680762 5.039875406705595 88.6
      vertex 35.21485811453836 15.587859025936163 88.6
      vertex 34.97930708289833 15.27799694291864 88.6
    endloop
  endfacet
  facet normal 0 0 -1
    outer loop
      vertex 0.6934706186189371 5.203998318707671 88.6
      vertex 35.51151328234771 15.839840196682404 88.6
      vertex 35.21485811453836 15.587859025936163 88.6
    endloop
  endfacet
  facet normal 0 0 -1
    outer loop
      vertex 38.27956700027815 14.736946792379845 88.6
      vertex 40.8466500043869 16.075000002980232 88.6
      vertex 38.32164999999999 14.350000000000001 88.6
    endloop
  endfacet
  facet normal 0 0 -1
    outer loop
      vertex 38.27956700027815 14.736946792379845 88.6
      vertex 38.15528575540772 15.105800382808479 88.6
      vertex 40.8466500043869 16.075000002980232 88.6
    endloop
  endfacet
  facet normal 0 0 -1
    outer loop
      vertex 38.15528575540772 15.105800382808479 88.6
      vertex 37.954617518270155 15.439313587348778 88.6
      vertex 40.8466500043869 16.075000002980232 88.6
    endloop
  endfacet
  facet normal 0 0 -1
    outer loop
      vertex 37.954617518270155 15.439313587348778 88.6
      vertex 37.686945312607286 15.721891699229747 88.6
      vertex 40.81617910414934 16.47188813984394 88.6
    endloop
  endfacet
  facet normal 0 0 -1
    outer loop
      vertex 37.686945312607286 15.721891699229747 88.6
      vertex 37.364785193259614 15.940321680002842 88.6
      vertex 40.72548062354326 16.859473556280136 88.6
    endloop
  endfacet
  facet normal 0 0 -1
    outer loop
      vertex 37.003201009352594 16.084389986534603 88.6
      vertex 40.72548062354326 16.859473556280136 88.6
      vertex 37.364785193259614 15.940321680002842 88.6
    endloop
  endfacet
  facet normal 0 0 -1
    outer loop
      vertex 37.954617518270155 15.439313587348778 88.6
      vertex 40.81617910414934 16.47188813984394 88.6
      vertex 40.8466500043869 16.075000002980232 88.6
    endloop
  endfacet
  facet normal 0 0 -1
    outer loop
      vertex 36.61910003545375 16.147360144932023 88.6
      vertex 40.72548062354326 16.859473556280136 88.6
      vertex 37.003201009352594 16.084389986534603 88.6
    endloop
  endfacet
  facet normal 0 0 -1
    outer loop
      vertex 37.686945312607286 15.721891699229747 88.6
      vertex 40.72548062354326 16.859473556280136 88.6
      vertex 40.81617910414934 16.47188813984394 88.6
    endloop
  endfacet
  facet normal 0.997065800756516 0.07654925840115992 0
    outer loop
      vertex 40.8466500043869 16.075000002980232 88.6
      vertex 40.81617910414934 16.47188813984394 88.6
      vertex 40.8466500043869 16.075000002980232 91.6
    endloop
  endfacet
  facet normal 0.9736954248027249 0.22785350495053003 0
    outer loop
      vertex 40.81617910414934 16.47188813984394 88.6
      vertex 40.72548062354326 16.859473556280136 88.6
      vertex 40.81617910414934 16.47188813984394 91.6
    endloop
  endfacet
  facet normal 0.9275024512810598 0.37381707139672676 0
    outer loop
      vertex 40.72548062354326 16.859473556280136 88.6
      vertex 40.576680451631546 17.228671580553055 88.6
      vertex 40.72548062354326 16.859473556280136 91.6
    endloop
  endfacet
  facet normal 0.8595696052506151 0.5110186823681713 0
    outer loop
      vertex 40.576680451631546 17.228671580553055 88.6
      vertex 40.37326633930206 17.570828519761562 88.6
      vertex 40.576680451631546 17.228671580553055 91.6
    endloop
  endfacet
  facet normal 0.01915488679901077 0.9998165283249307 0
    outer loop
      vertex 38.246650002896786 18.67500000447035 88.6
      vertex 38.34623710811138 18.67309207469225 91.6
      vertex 38.34623710811138 18.67309207469225 88.6
    endloop
  endfacet
  facet normal 0.11468342257887829 0.9934020900851751 0
    outer loop
      vertex 38.34623710811138 18.67309207469225 88.6
      vertex 38.74166688323021 18.627441637218 91.6
      vertex 38.74166688323021 18.627441637218 88.6
    endloop
  endfacet
  facet normal 0.26498151250182994 0.9642534926212311 0
    outer loop
      vertex 38.74166688323021 18.627441637218 88.6
      vertex 39.12549388408661 18.521964125335217 91.6
      vertex 39.12549388408661 18.521964125335217 88.6
    endloop
  endfacet
  facet normal 0.40906862127484517 0.9125036236028311 0
    outer loop
      vertex 39.488721534609795 18.3591318577528 88.6
      vertex 39.12549388408661 18.521964125335217 88.6
      vertex 39.488721534609795 18.3591318577528 91.6
    endloop
  endfacet
  facet normal 0.6653257079666879 0.7465532146596287 0
    outer loop
      vertex 40.12000614404678 17.877924501895905 88.6
      vertex 39.82283607125282 18.14276146888733 88.6
      vertex 40.12000614404678 17.877924501895905 91.6
    endloop
  endfacet
  facet normal 0.7714891756386579 0.6362424473990902 0
    outer loop
      vertex 40.12000614404678 17.877924501895905 88.6
      vertex 40.37326633930206 17.570828519761562 91.6
      vertex 40.37326633930206 17.570828519761562 88.6
    endloop
  endfacet
  facet normal 0.543567557486035 0.8393654212848336 0
    outer loop
      vertex 39.488721534609795 18.3591318577528 88.6
      vertex 39.82283607125282 18.14276146888733 91.6
      vertex 39.82283607125282 18.14276146888733 88.6
    endloop
  endfacet
  facet normal 0 0 1
    outer loop
      vertex 3.6 0 91.6
      vertex 18.4490993077502 0.5925405250106429 91.6
      vertex 3.5781504383446183 0.39602959557868544 91.6
    endloop
  endfacet
  facet normal 0 0 1
    outer loop
      vertex 3.5781504383446183 0.39602959557868544 91.6
      vertex 18.535835198886698 0.9795724734432057 91.6
      vertex 3.5128669774587684 0.7872519283429529 91.6
    endloop
  endfacet
  facet normal 0 0 1
    outer loop
      vertex 3.0669098718179777 1.8852224903563604 91.6
      vertex 21.399999998509884 9.5 91.6
      vertex 2.840905833827017 2.211165765682804 91.6
    endloop
  endfacet
  facet normal 0 0 1
    outer loop
      vertex 3.255685778511279 1.536395167787053 91.6
      vertex 24.149999998509884 9.5 91.6
      vertex 3.0669098718179777 1.8852224903563604 91.6
    endloop
  endfacet
  facet normal 0 0 1
    outer loop
      vertex 0.4944728081462693 3.565879504695012 91.6
      vertex 2.125 12 91.6
      vertex -2.125 9.5 91.6
    endloop
  endfacet
  facet normal 0 0 1
    outer loop
      vertex 1.625520089919202 3.2121152590262185 91.6
      vertex 1.9690133692407366 3.0137993217451027 91.6
      vertex 18.649999998509884 14.5 91.6
    endloop
  endfacet
  facet normal 0 0 1
    outer loop
      vertex 2.288605493555885 2.778899943298755 91.6
      vertex 2.5804170474064247 2.5102684839383835 91.6
      vertex 21.399999998509884 9.5 91.6
    endloop
  endfacet
  facet normal 0 0 1
    outer loop
      vertex 2.288605493555885 2.778899943298755 91.6
      vertex 21.399999998509884 9.5 91.6
      vertex 1.9690133692407366 3.0137993217451027 91.6
    endloop
  endfacet
  facet normal 0 0 1
    outer loop
      vertex 2.840905833827017 2.211165765682804 91.6
      vertex 21.399999998509884 9.5 91.6
      vertex 2.5804170474064247 2.5102684839383835 91.6
    endloop
  endfacet
  facet normal 0 0 1
    outer loop
      vertex 0.8837477537068774 3.4898409573815896 91.6
      vertex 18.649999998509884 14.5 91.6
      vertex 0.4944728081462693 3.565879504695012 91.6
    endloop
  endfacet
  facet normal 0 0 1
    outer loop
      vertex 0.8837477537068774 3.4898409573815896 91.6
      vertex 1.2622951986939157 3.3714404683093973 91.6
      vertex 18.649999998509884 14.5 91.6
    endloop
  endfacet
  facet normal 0 0 1
    outer loop
      vertex 1.2622951986939157 3.3714404683093973 91.6
      vertex 1.625520089919202 3.2121152590262185 91.6
      vertex 18.649999998509884 14.5 91.6
    endloop
  endfacet
  facet normal 0 0 1
    outer loop
      vertex 18.405466540840063 -0.19831593728111588 91.6
      vertex 18.405466540840063 0.19831593728111588 91.6
      vertex 3.6 0 91.6
    endloop
  endfacet
  facet normal 0 0 1
    outer loop
      vertex 3.6 0 91.6
      vertex 18.405466540840063 0.19831593728111588 91.6
      vertex 18.4490993077502 0.5925405250106429 91.6
    endloop
  endfacet
  facet normal 0 0 1
    outer loop
      vertex 3.5781504383446183 0.39602959557868544 91.6
      vertex 18.4490993077502 0.5925405250106429 91.6
      vertex 18.535835198886698 0.9795724734432057 91.6
    endloop
  endfacet
  facet normal 0 0 1
    outer loop
      vertex 3.5128669774587684 0.7872519283429529 91.6
      vertex 18.535835198886698 0.9795724734432057 91.6
      vertex 18.664621358026714 1.3547137390122077 91.6
    endloop
  endfacet
  facet normal 0 0 1
    outer loop
      vertex 3.5128669774587684 0.7872519283429529 91.6
      vertex 18.664621358026714 1.3547137390122077 91.6
      vertex 18.83389449565664 1.7134106149334654 91.6
    endloop
  endfacet
  facet normal 0 0 1
    outer loop
      vertex 3.5128669774587684 0.7872519283429529 91.6
      vertex 18.83389449565664 1.7134106149334654 91.6
      vertex 19.041599865189117 2.051309007036958 91.6
    endloop
  endfacet
  facet normal 0 0 1
    outer loop
      vertex 3.5128669774587684 0.7872519283429529 91.6
      vertex 19.041599865189117 2.051309007036958 91.6
      vertex 19.285216204803174 2.3643072865718437 91.6
    endloop
  endfacet
  facet normal 0 0 1
    outer loop
      vertex 3.5128669774587684 0.7872519283429529 91.6
      vertex 19.285216204803174 2.3643072865718437 91.6
      vertex 19.561786342147332 2.648606078423274 91.6
    endloop
  endfacet
  facet normal 0 0 1
    outer loop
      vertex 3.5128669774587684 0.7872519283429529 91.6
      vertex 19.561786342147332 2.648606078423274 91.6
      vertex 19.867953090406072 2.9007543803795217 91.6
    endloop
  endfacet
  facet normal 0 0 1
    outer loop
      vertex 3.5128669774587684 0.7872519283429529 91.6
      vertex 19.867953090406072 2.9007543803795217 91.6
      vertex 20.2 3.117691453623979 91.6
    endloop
  endfacet
  facet normal 0 0 1
    outer loop
      vertex 3.5128669774587684 0.7872519283429529 91.6
      vertex 24.149999998509884 9.5 91.6
      vertex 3.4049420701222846 1.1689180891368605 91.6
    endloop
  endfacet
  facet normal 0 0 1
    outer loop
      vertex 3.4049420701222846 1.1689180891368605 91.6
      vertex 24.149999998509884 9.5 91.6
      vertex 3.255685778511279 1.536395167787053 91.6
    endloop
  endfacet
  facet normal 0 0 1
    outer loop
      vertex 3.5128669774587684 0.7872519283429529 91.6
      vertex 20.2 3.117691453623979 91.6
      vertex 20.55389647124931 3.2967839759582067 91.6
    endloop
  endfacet
  facet normal 0 0 1
    outer loop
      vertex 3.5128669774587684 0.7872519283429529 91.6
      vertex 20.55389647124931 3.2967839759582067 91.6
      vertex 20.9253466803939 3.435858006766227 91.6
    endloop
  endfacet
  facet normal 0 0 1
    outer loop
      vertex 3.5128669774587684 0.7872519283429529 91.6
      vertex 20.9253466803939 3.435858006766227 91.6
      vertex 21.30984172507454 3.5332253757087044 91.6
    endloop
  endfacet
  facet normal 0 0 1
    outer loop
      vertex 3.5128669774587684 0.7872519283429529 91.6
      vertex 21.30984172507454 3.5332253757087044 91.6
      vertex 24.149999998509884 9.5 91.6
    endloop
  endfacet
  facet normal 0 0 1
    outer loop
      vertex 1.9690133692407366 3.0137993217451027 91.6
      vertex 21.399999998509884 9.5 91.6
      vertex 18.649999998509884 9.5 91.6
    endloop
  endfacet
  facet normal 0 0 1
    outer loop
      vertex 1.9690133692407366 3.0137993217451027 91.6
      vertex 18.649999998509884 9.5 91.6
      vertex 18.649999998509884 14.5 91.6
    endloop
  endfacet
  facet normal 0 0 1
    outer loop
      vertex 3.0669098718179777 1.8852224903563604 91.6
      vertex 24.149999998509884 9.5 91.6
      vertex 21.399999998509884 9.5 91.6
    endloop
  endfacet
  facet normal 0 0 1
    outer loop
      vertex 0.4944728081462693 3.565879504695012 91.6
      vertex 18.649999998509884 14.5 91.6
      vertex 2.125 12 91.6
    endloop
  endfacet
  facet normal 0 0 1
    outer loop
      vertex -2.125 14.5 91.6
      vertex 2.125 12 91.6
      vertex 18.649999998509884 14.5 91.6
    endloop
  endfacet
  facet normal 0 0 1
    outer loop
      vertex 34.28146398684481 16.1725265029548 91.6
      vertex -18.649999998509884 14.5 91.6
      vertex -2.125 14.5 91.6
    endloop
  endfacet
  facet normal 0 0 1
    outer loop
      vertex -34.05416187346354 15.85051276999244 91.6
      vertex 34.28146398684481 16.1725265029548 91.6
      vertex 34.55049652705645 16.46059001551968 91.6
    endloop
  endfacet
  facet normal 0 0 1
    outer loop
      vertex -34.05416187346354 15.85051276999244 91.6
      vertex 34.55049652705645 16.46059001551968 91.6
      vertex 34.856247926903436 16.709337229485104 91.6
    endloop
  endfacet
  facet normal 0 0 1
    outer loop
      vertex -34.05416187346354 15.85051276999244 91.6
      vertex 34.856247926903436 16.709337229485104 91.6
      vertex 35.193022616310465 16.914134454902683 91.6
    endloop
  endfacet
  facet normal 0 0 1
    outer loop
      vertex -34.05416187346354 15.85051276999244 91.6
      vertex 35.193022616310465 16.914134454902683 91.6
      vertex 35.55454712001609 17.071166706954134 91.6
    endloop
  endfacet
  facet normal 0 0 1
    outer loop
      vertex -34.05416187346354 15.85051276999244 91.6
      vertex 35.55454712001609 17.071166706954134 91.6
      vertex 35.93408692054689 17.17750877190016 91.6
    endloop
  endfacet
  facet normal 0 0 1
    outer loop
      vertex -34.28146398684481 16.1725265029548 91.6
      vertex 35.93408692054689 17.17750877190016 91.6
      vertex 36.32457190953586 17.231179698277735 91.6
    endloop
  endfacet
  facet normal 0 0 1
    outer loop
      vertex -40.04957450181246 17.94835614413023 91.6
      vertex 39.12549388408661 18.521964125335217 91.6
      vertex 38.74166688323021 18.627441637218 91.6
    endloop
  endfacet
  facet normal 0 0 1
    outer loop
      vertex -39.40032158046961 18.405030451714993 91.6
      vertex 38.34623710811138 18.67309207469225 91.6
      vertex 38.246650002896786 18.67500000447035 91.6
    endloop
  endfacet
  facet normal 0 0 1
    outer loop
      vertex -39.742478519678116 18.20161633938551 91.6
      vertex 38.74166688323021 18.627441637218 91.6
      vertex 38.34623710811138 18.67309207469225 91.6
    endloop
  endfacet
  facet normal 0 0 1
    outer loop
      vertex -34.28146398684481 16.1725265029548 91.6
      vertex 36.32457190953586 17.231179698277735 91.6
      vertex 40.37326633930206 17.570828519761562 91.6
    endloop
  endfacet
  facet normal 0 0 1
    outer loop
      vertex -34.55049652705645 16.46059001551968 91.6
      vertex 40.37326633930206 17.570828519761562 91.6
      vertex 40.12000614404678 17.877924501895905 91.6
    endloop
  endfacet
  facet normal 0 0 1
    outer loop
      vertex -40.53078185766935 17.31707153469324 91.6
      vertex 39.82283607125282 18.14276146888733 91.6
      vertex 39.488721534609795 18.3591318577528 91.6
    endloop
  endfacet
  facet normal 0 0 1
    outer loop
      vertex -40.31441146880388 17.65118607133627 91.6
      vertex 39.488721534609795 18.3591318577528 91.6
      vertex 39.12549388408661 18.521964125335217 91.6
    endloop
  endfacet
  facet normal 0 0 1
    outer loop
      vertex -35.193022616310465 16.914134454902683 91.6
      vertex 40.12000614404678 17.877924501895905 91.6
      vertex 39.82283607125282 18.14276146888733 91.6
    endloop
  endfacet
  facet normal 0 0 1
    outer loop
      vertex 34.28146398684481 16.1725265029548 91.6
      vertex -2.125 14.5 91.6
      vertex 18.649999998509884 14.5 91.6
    endloop
  endfacet
  facet normal 1 0 0
    outer loop
      vertex 40.8466500043869 -16.075000002980232 91.6
      vertex 40.8466500043869 16.075000002980232 88.6
      vertex 40.8466500043869 16.075000002980232 91.6
    endloop
  endfacet
  facet normal 0 0 1
    outer loop
      vertex 25.6 0 91.6
      vertex 36.32457190953586 11.46882030172227 91.6
      vertex 25.57815043834462 0.39602959557868544 91.6
    endloop
  endfacet
  facet normal 0 0 1
    outer loop
      vertex 25.512866977458767 0.7872519283429529 91.6
      vertex 25.57815043834462 0.39602959557868544 91.6
      vertex 35.93408692054689 11.522491228099843 91.6
    endloop
  endfacet
  facet normal 0 0 1
    outer loop
      vertex 25.512866977458767 0.7872519283429529 91.6
      vertex 35.55454712001609 11.62883329304587 91.6
      vertex 25.404942070122285 1.1689180891368605 91.6
    endloop
  endfacet
  facet normal 0 0 1
    outer loop
      vertex 21.30984172507454 3.5332253757087044 91.6
      vertex 25.350000001490116 9.5 91.6
      vertex 24.149999998509884 9.5 91.6
    endloop
  endfacet
  facet normal 0 0 1
    outer loop
      vertex 24.840905833827016 2.211165765682804 91.6
      vertex 34.55049652705645 12.23940998448032 91.6
      vertex 24.580417047406424 2.5102684839383835 91.6
    endloop
  endfacet
  facet normal 0 0 1
    outer loop
      vertex 21.30984172507454 3.5332253757087044 91.6
      vertex 21.7027143562996 3.5877041748240117 91.6
      vertex 33.74082952620877 13.57085064329598 91.6
    endloop
  endfacet
  facet normal 0 0 1
    outer loop
      vertex 21.7027143562996 3.5877041748240117 91.6
      vertex 22.099195632525383 3.5986331052898253 91.6
      vertex 33.74082952620877 13.57085064329598 91.6
    endloop
  endfacet
  facet normal 0 0 1
    outer loop
      vertex 22.099195632525383 3.5986331052898253 91.6
      vertex 22.49447280814627 3.565879504695012 91.6
      vertex 33.74082952620877 13.57085064329598 91.6
    endloop
  endfacet
  facet normal 0 0 1
    outer loop
      vertex 22.883747753706878 3.4898409573815896 91.6
      vertex 33.74082952620877 13.57085064329598 91.6
      vertex 22.49447280814627 3.565879504695012 91.6
    endloop
  endfacet
  facet normal 0 0 1
    outer loop
      vertex 22.883747753706878 3.4898409573815896 91.6
      vertex 23.262295198693916 3.3714404683093973 91.6
      vertex 33.74082952620877 13.57085064329598 91.6
    endloop
  endfacet
  facet normal 0 0 1
    outer loop
      vertex 23.969013369240738 3.0137993217451027 91.6
      vertex 24.288605493555885 2.778899943298755 91.6
      vertex 34.05416187346354 12.849487230007563 91.6
    endloop
  endfacet
  facet normal 0 0 1
    outer loop
      vertex 24.580417047406424 2.5102684839383835 91.6
      vertex 34.28146398684481 12.527473497045204 91.6
      vertex 24.288605493555885 2.778899943298755 91.6
    endloop
  endfacet
  facet normal 0 0 1
    outer loop
      vertex 23.262295198693916 3.3714404683093973 91.6
      vertex 23.625520089919203 3.2121152590262185 91.6
      vertex 33.87282439521282 13.19945267679569 91.6
    endloop
  endfacet
  facet normal 0 0 1
    outer loop
      vertex 23.969013369240738 3.0137993217451027 91.6
      vertex 33.87282439521282 13.19945267679569 91.6
      vertex 23.625520089919203 3.2121152590262185 91.6
    endloop
  endfacet
  facet normal 0 0 1
    outer loop
      vertex 25.404942070122285 1.1689180891368605 91.6
      vertex 35.193022616310465 11.785865545097318 91.6
      vertex 25.25568577851128 1.536395167787053 91.6
    endloop
  endfacet
  facet normal 0 0 1
    outer loop
      vertex 25.25568577851128 1.536395167787053 91.6
      vertex 34.856247926903436 11.9906627705149 91.6
      vertex 25.066909871817977 1.8852224903563604 91.6
    endloop
  endfacet
  facet normal 0 0 1
    outer loop
      vertex 24.840905833827016 2.211165765682804 91.6
      vertex 25.066909871817977 1.8852224903563604 91.6
      vertex 34.55049652705645 12.23940998448032 91.6
    endloop
  endfacet
  facet normal 0 0 1
    outer loop
      vertex 21.30984172507454 3.5332253757087044 91.6
      vertex 33.74082952620877 13.57085064329598 91.6
      vertex 25.350000001490116 9.5 91.6
    endloop
  endfacet
  facet normal 0 0 1
    outer loop
      vertex 36.32457190953586 -11.46882030172227 91.6
      vertex 38.492803472943535 12.23940998448032 91.6
      vertex 25.6 0 91.6
    endloop
  endfacet
  facet normal 0 0 1
    outer loop
      vertex 40.8466500043869 -16.075000002980232 91.6
      vertex 38.761836013155175 12.527473497045204 91.6
      vertex 38.492803472943535 12.23940998448032 91.6
    endloop
  endfacet
  facet normal 0 0 1
    outer loop
      vertex 40.8466500043869 -16.075000002980232 91.6
      vertex 38.989138126536446 12.849487230007565 91.6
      vertex 38.761836013155175 12.527473497045204 91.6
    endloop
  endfacet
  facet normal 0 0 1
    outer loop
      vertex 40.8466500043869 -16.075000002980232 91.6
      vertex 39.17047560478717 13.199452676795692 91.6
      vertex 38.989138126536446 12.849487230007565 91.6
    endloop
  endfacet
  facet normal 0 0 1
    outer loop
      vertex 40.8466500043869 -16.075000002980232 91.6
      vertex 39.30247047379122 13.57085064329598 91.6
      vertex 39.17047560478717 13.199452676795692 91.6
    endloop
  endfacet
  facet normal 0 0 1
    outer loop
      vertex 40.8466500043869 -16.075000002980232 91.6
      vertex 39.38266391888293 13.956762688104467 91.6
      vertex 39.30247047379122 13.57085064329598 91.6
    endloop
  endfacet
  facet normal 0 0 1
    outer loop
      vertex 40.8466500043869 -16.075000002980232 91.6
      vertex 39.40956208791208 14.350000000000001 91.6
      vertex 39.38266391888293 13.956762688104467 91.6
    endloop
  endfacet
  facet normal 0 0 1
    outer loop
      vertex 25.512866977458767 0.7872519283429529 91.6
      vertex 35.93408692054689 11.522491228099843 91.6
      vertex 35.55454712001609 11.62883329304587 91.6
    endloop
  endfacet
  facet normal 0 0 1
    outer loop
      vertex 25.57815043834462 0.39602959557868544 91.6
      vertex 36.32457190953586 11.46882030172227 91.6
      vertex 35.93408692054689 11.522491228099843 91.6
    endloop
  endfacet
  facet normal 0 0 1
    outer loop
      vertex 25.6 0 91.6
      vertex 36.718728090464126 11.46882030172227 91.6
      vertex 36.32457190953586 11.46882030172227 91.6
    endloop
  endfacet
  facet normal 0 0 1
    outer loop
      vertex 25.6 0 91.6
      vertex 37.1092130794531 11.522491228099843 91.6
      vertex 36.718728090464126 11.46882030172227 91.6
    endloop
  endfacet
  facet normal 0 0 1
    outer loop
      vertex 25.25568577851128 1.536395167787053 91.6
      vertex 35.193022616310465 11.785865545097318 91.6
      vertex 34.856247926903436 11.9906627705149 91.6
    endloop
  endfacet
  facet normal 0 0 1
    outer loop
      vertex 25.066909871817977 1.8852224903563604 91.6
      vertex 34.856247926903436 11.9906627705149 91.6
      vertex 34.55049652705645 12.23940998448032 91.6
    endloop
  endfacet
  facet normal 0 0 1
    outer loop
      vertex 24.580417047406424 2.5102684839383835 91.6
      vertex 34.55049652705645 12.23940998448032 91.6
      vertex 34.28146398684481 12.527473497045204 91.6
    endloop
  endfacet
  facet normal 0 0 1
    outer loop
      vertex 25.404942070122285 1.1689180891368605 91.6
      vertex 35.55454712001609 11.62883329304587 91.6
      vertex 35.193022616310465 11.785865545097318 91.6
    endloop
  endfacet
  facet normal 0 0 1
    outer loop
      vertex 25.6 0 91.6
      vertex 37.4887528799839 11.62883329304587 91.6
      vertex 37.1092130794531 11.522491228099843 91.6
    endloop
  endfacet
  facet normal 0 0 1
    outer loop
      vertex 25.6 0 91.6
      vertex 37.850277383689516 11.785865545097318 91.6
      vertex 37.4887528799839 11.62883329304587 91.6
    endloop
  endfacet
  facet normal 0 0 1
    outer loop
      vertex 25.6 0 91.6
      vertex 38.18705207309655 11.9906627705149 91.6
      vertex 37.850277383689516 11.785865545097318 91.6
    endloop
  endfacet
  facet normal 0 0 1
    outer loop
      vertex 25.6 0 91.6
      vertex 38.492803472943535 12.23940998448032 91.6
      vertex 38.18705207309655 11.9906627705149 91.6
    endloop
  endfacet
  facet normal 0 0 1
    outer loop
      vertex 40.8466500043869 -16.075000002980232 91.6
      vertex 40.8466500043869 16.075000002980232 91.6
      vertex 39.40956208791208 14.350000000000001 91.6
    endloop
  endfacet
  facet normal 0.997065800756516 0.07654925840115992 0
    outer loop
      vertex 40.81617910414934 16.47188813984394 88.6
      vertex 40.81617910414934 16.47188813984394 91.6
      vertex 40.8466500043869 16.075000002980232 91.6
    endloop
  endfacet
  facet normal 0.01915488679901077 0.9998165283249307 0
    outer loop
      vertex 38.246650002896786 18.67500000447035 88.6
      vertex 38.246650002896786 18.67500000447035 91.6
      vertex 38.34623710811138 18.67309207469225 91.6
    endloop
  endfacet
  facet normal 0.9736954248027249 0.22785350495053003 0
    outer loop
      vertex 40.72548062354326 16.859473556280136 88.6
      vertex 40.72548062354326 16.859473556280136 91.6
      vertex 40.81617910414934 16.47188813984394 91.6
    endloop
  endfacet
  facet normal 0.9275024512810598 0.37381707139672676 0
    outer loop
      vertex 40.576680451631546 17.228671580553055 88.6
      vertex 40.576680451631546 17.228671580553055 91.6
      vertex 40.72548062354326 16.859473556280136 91.6
    endloop
  endfacet
  facet normal 0.8595696052506151 0.5110186823681713 0
    outer loop
      vertex 40.37326633930206 17.570828519761562 88.6
      vertex 40.37326633930206 17.570828519761562 91.6
      vertex 40.576680451631546 17.228671580553055 91.6
    endloop
  endfacet
  facet normal 0.11468342257887829 0.9934020900851751 0
    outer loop
      vertex 38.34623710811138 18.67309207469225 88.6
      vertex 38.34623710811138 18.67309207469225 91.6
      vertex 38.74166688323021 18.627441637218 91.6
    endloop
  endfacet
  facet normal 0.26498151250182994 0.9642534926212311 0
    outer loop
      vertex 38.74166688323021 18.627441637218 88.6
      vertex 38.74166688323021 18.627441637218 91.6
      vertex 39.12549388408661 18.521964125335217 91.6
    endloop
  endfacet
  facet normal 0.40906862127484517 0.9125036236028311 0
    outer loop
      vertex 39.12549388408661 18.521964125335217 88.6
      vertex 39.12549388408661 18.521964125335217 91.6
      vertex 39.488721534609795 18.3591318577528 91.6
    endloop
  endfacet
  facet normal 0.7714891756386579 0.6362424473990902 0
    outer loop
      vertex 40.12000614404678 17.877924501895905 88.6
      vertex 40.12000614404678 17.877924501895905 91.6
      vertex 40.37326633930206 17.570828519761562 91.6
    endloop
  endfacet
  facet normal 0.6653257079666879 0.7465532146596287 0
    outer loop
      vertex 39.82283607125282 18.14276146888733 88.6
      vertex 39.82283607125282 18.14276146888733 91.6
      vertex 40.12000614404678 17.877924501895905 91.6
    endloop
  endfacet
  facet normal 0.543567557486035 0.8393654212848336 0
    outer loop
      vertex 39.488721534609795 18.3591318577528 88.6
      vertex 39.488721534609795 18.3591318577528 91.6
      vertex 39.82283607125282 18.14276146888733 91.6
    endloop
  endfacet
  facet normal 0 0 1
    outer loop
      vertex 21.399999998509884 9.5 91.6
      vertex 21.399999998509884 12 91.6
      vertex 18.649999998509884 9.5 91.6
    endloop
  endfacet
  facet normal 0 0 1
    outer loop
      vertex 24.149999998509884 9.5 91.6
      vertex 24.149999998509884 12 91.6
      vertex 21.399999998509884 9.5 91.6
    endloop
  endfacet
  facet normal 0 0 1
    outer loop
      vertex 21.399999998509884 12 91.6
      vertex 21.399999998509884 14.5 91.6
      vertex 18.649999998509884 14.5 91.6
    endloop
  endfacet
  facet normal 0 0 1
    outer loop
      vertex 24.149999998509884 12 91.6
      vertex 24.149999998509884 14.5 91.6
      vertex 21.399999998509884 14.5 91.6
    endloop
  endfacet
  facet normal 0 0 1
    outer loop
      vertex 23.969013369240738 3.0137993217451027 91.6
      vertex 34.05416187346354 12.849487230007563 91.6
      vertex 33.87282439521282 13.19945267679569 91.6
    endloop
  endfacet
  facet normal 0 0 1
    outer loop
      vertex 23.262295198693916 3.3714404683093973 91.6
      vertex 33.87282439521282 13.19945267679569 91.6
      vertex 33.74082952620877 13.57085064329598 91.6
    endloop
  endfacet
  facet normal 0 0 1
    outer loop
      vertex 34.28146398684481 16.1725265029548 91.6
      vertex 25.350000001490116 14.5 91.6
      vertex 25.350000001490116 9.5 91.6
    endloop
  endfacet
  facet normal 0 0 1
    outer loop
      vertex 34.28146398684481 16.1725265029548 91.6
      vertex 18.649999998509884 14.5 91.6
      vertex 21.399999998509884 14.5 91.6
    endloop
  endfacet
  facet normal 0 0 1
    outer loop
      vertex 34.28146398684481 16.1725265029548 91.6
      vertex 21.399999998509884 14.5 91.6
      vertex 24.149999998509884 14.5 91.6
    endloop
  endfacet
  facet normal 0 0 1
    outer loop
      vertex 34.28146398684481 16.1725265029548 91.6
      vertex 24.149999998509884 14.5 91.6
      vertex 25.350000001490116 14.5 91.6
    endloop
  endfacet
  facet normal 0 0 1
    outer loop
      vertex 24.288605493555885 2.778899943298755 91.6
      vertex 34.28146398684481 12.527473497045204 91.6
      vertex 34.05416187346354 12.849487230007563 91.6
    endloop
  endfacet
  facet normal 0 0 1
    outer loop
      vertex 33.74082952620877 13.57085064329598 91.6
      vertex 33.660636081117055 13.956762688104467 91.6
      vertex 25.350000001490116 9.5 91.6
    endloop
  endfacet
  facet normal 0 0 1
    outer loop
      vertex 33.660636081117055 13.956762688104467 91.6
      vertex 33.63373791208791 14.350000000000001 91.6
      vertex 25.350000001490116 9.5 91.6
    endloop
  endfacet
  facet normal 0 0 1
    outer loop
      vertex 33.63373791208791 14.350000000000001 91.6
      vertex 33.660636081117055 14.743237311895536 91.6
      vertex 25.350000001490116 9.5 91.6
    endloop
  endfacet
  facet normal 0 0 1
    outer loop
      vertex 33.660636081117055 14.743237311895536 91.6
      vertex 33.74082952620877 15.129149356704023 91.6
      vertex 25.350000001490116 9.5 91.6
    endloop
  endfacet
  facet normal 0 0 1
    outer loop
      vertex 33.74082952620877 15.129149356704023 91.6
      vertex 33.87282439521282 15.500547323204312 91.6
      vertex 25.350000001490116 9.5 91.6
    endloop
  endfacet
  facet normal 0 0 1
    outer loop
      vertex 33.87282439521282 15.500547323204312 91.6
      vertex 34.05416187346354 15.85051276999244 91.6
      vertex 25.350000001490116 9.5 91.6
    endloop
  endfacet
  facet normal 0 0 1
    outer loop
      vertex 34.05416187346354 15.85051276999244 91.6
      vertex 34.28146398684481 16.1725265029548 91.6
      vertex 25.350000001490116 9.5 91.6
    endloop
  endfacet
  facet normal 0 0 1
    outer loop
      vertex 39.40956208791208 14.350000000000001 91.6
      vertex 40.8466500043869 16.075000002980232 91.6
      vertex 39.38266391888293 14.743237311895536 91.6
    endloop
  endfacet
  facet normal 0 0 1
    outer loop
      vertex 38.761836013155175 16.1725265029548 91.6
      vertex 38.989138126536446 15.85051276999244 91.6
      vertex 40.72548062354326 16.859473556280136 91.6
    endloop
  endfacet
  facet normal 0 0 1
    outer loop
      vertex 39.38266391888293 14.743237311895536 91.6
      vertex 40.8466500043869 16.075000002980232 91.6
      vertex 39.30247047379122 15.129149356704023 91.6
    endloop
  endfacet
  facet normal 0 0 1
    outer loop
      vertex 39.30247047379122 15.129149356704023 91.6
      vertex 40.8466500043869 16.075000002980232 91.6
      vertex 39.17047560478717 15.500547323204312 91.6
    endloop
  endfacet
  facet normal 0 0 1
    outer loop
      vertex 39.17047560478717 15.500547323204312 91.6
      vertex 40.81617910414934 16.47188813984394 91.6
      vertex 38.989138126536446 15.85051276999244 91.6
    endloop
  endfacet
  facet normal 0 0 1
    outer loop
      vertex 39.17047560478717 15.500547323204312 91.6
      vertex 40.8466500043869 16.075000002980232 91.6
      vertex 40.81617910414934 16.47188813984394 91.6
    endloop
  endfacet
  facet normal 0 0 1
    outer loop
      vertex 36.32457190953586 17.231179698277735 91.6
      vertex 36.718728090464126 17.231179698277735 91.6
      vertex 40.37326633930206 17.570828519761562 91.6
    endloop
  endfacet
  facet normal 0 0 1
    outer loop
      vertex 36.718728090464126 17.231179698277735 91.6
      vertex 37.1092130794531 17.17750877190016 91.6
      vertex 40.37326633930206 17.570828519761562 91.6
    endloop
  endfacet
  facet normal 0 0 1
    outer loop
      vertex 38.761836013155175 16.1725265029548 91.6
      vertex 40.72548062354326 16.859473556280136 91.6
      vertex 38.492803472943535 16.46059001551968 91.6
    endloop
  endfacet
  facet normal 0 0 1
    outer loop
      vertex 38.18705207309655 16.709337229485104 91.6
      vertex 38.492803472943535 16.46059001551968 91.6
      vertex 40.72548062354326 16.859473556280136 91.6
    endloop
  endfacet
  facet normal 0 0 1
    outer loop
      vertex 37.1092130794531 17.17750877190016 91.6
      vertex 37.4887528799839 17.071166706954134 91.6
      vertex 40.576680451631546 17.228671580553055 91.6
    endloop
  endfacet
  facet normal 0 0 1
    outer loop
      vertex 37.85027738368952 16.914134454902683 91.6
      vertex 38.18705207309655 16.709337229485104 91.6
      vertex 40.576680451631546 17.228671580553055 91.6
    endloop
  endfacet
  facet normal 0 0 1
    outer loop
      vertex 37.85027738368952 16.914134454902683 91.6
      vertex 40.576680451631546 17.228671580553055 91.6
      vertex 37.4887528799839 17.071166706954134 91.6
    endloop
  endfacet
  facet normal 0 0 1
    outer loop
      vertex 37.1092130794531 17.17750877190016 91.6
      vertex 40.576680451631546 17.228671580553055 91.6
      vertex 40.37326633930206 17.570828519761562 91.6
    endloop
  endfacet
  facet normal 0 0 1
    outer loop
      vertex 38.989138126536446 15.85051276999244 91.6
      vertex 40.81617910414934 16.47188813984394 91.6
      vertex 40.72548062354326 16.859473556280136 91.6
    endloop
  endfacet
  facet normal 0 0 1
    outer loop
      vertex 38.18705207309655 16.709337229485104 91.6
      vertex 40.72548062354326 16.859473556280136 91.6
      vertex 40.576680451631546 17.228671580553055 91.6
    endloop
  endfacet
  facet normal 0 -1 0
    outer loop
      vertex -24.149999998509884 9.5 92.39999999999999
      vertex -25.350000001490116 9.5 91.6
      vertex -24.149999998509884 9.5 91.6
    endloop
  endfacet
  facet normal 1 0 0
    outer loop
      vertex -24.149999998509884 9.5 91.6
      vertex -24.149999998509884 12 91.6
      vertex -24.149999998509884 9.5 92.39999999999999
    endloop
  endfacet
  facet normal -1 0 0
    outer loop
      vertex -25.350000001490116 9.5 92.39999999999999
      vertex -25.350000001490116 14.5 91.6
      vertex -25.350000001490116 9.5 91.6
    endloop
  endfacet
  facet normal -0.6726727939963124 -0.7399400733959437 0
    outer loop
      vertex -21.399999998509884 9.5 92.39999999999999
      vertex -24.149999998509884 12 91.6
      vertex -21.399999998509884 9.5 91.6
    endloop
  endfacet
  facet normal 1 0 0
    outer loop
      vertex -21.399999998509884 9.5 91.6
      vertex -21.399999998509884 12 91.6
      vertex -21.399999998509884 9.5 92.39999999999999
    endloop
  endfacet
  facet normal 1 0 0
    outer loop
      vertex -24.149999998509884 9.5 92.39999999999999
      vertex -24.149999998509884 12 91.6
      vertex -24.149999998509884 14.5 91.6
    endloop
  endfacet
  facet normal -0.6726727939963124 0.7399400733959437 0
    outer loop
      vertex -24.149999998509884 12 92.39999999999999
      vertex -21.399999998509884 14.5 91.6
      vertex -24.149999998509884 12 91.6
    endloop
  endfacet
  facet normal 1 0 0
    outer loop
      vertex -21.399999998509884 9.5 92.39999999999999
      vertex -21.399999998509884 12 91.6
      vertex -21.399999998509884 14.5 91.6
    endloop
  endfacet
  facet normal -0.6726727939963124 0.7399400733959437 0
    outer loop
      vertex -21.399999998509884 12 92.39999999999999
      vertex -18.649999998509884 14.5 91.6
      vertex -21.399999998509884 12 91.6
    endloop
  endfacet
  facet normal 0 -1 0
    outer loop
      vertex -25.350000001490116 9.5 92.39999999999999
      vertex -25.350000001490116 9.5 91.6
      vertex -24.149999998509884 9.5 92.39999999999999
    endloop
  endfacet
  facet normal -0.6726727939963124 -0.7399400733959437 0
    outer loop
      vertex -21.399999998509884 9.5 92.39999999999999
      vertex -24.149999998509884 12 92.39999999999999
      vertex -24.149999998509884 12 91.6
    endloop
  endfacet
  facet normal -0.6726727939963124 -0.7399400733959437 0
    outer loop
      vertex -21.399999998509884 12 92.39999999999999
      vertex -21.399999998509884 12 91.6
      vertex -18.649999998509884 9.5 92.39999999999999
    endloop
  endfacet
  facet normal 0 0 1
    outer loop
      vertex -25.350000001490116 9.5 92.39999999999999
      vertex -24.149999998509884 9.5 92.39999999999999
      vertex -25.350000001490116 14.5 92.39999999999999
    endloop
  endfacet
  facet normal -1 0 0
    outer loop
      vertex -25.350000001490116 9.5 92.39999999999999
      vertex -25.350000001490116 14.5 92.39999999999999
      vertex -25.350000001490116 14.5 91.6
    endloop
  endfacet
  facet normal 1 0 0
    outer loop
      vertex -24.149999998509884 9.5 92.39999999999999
      vertex -24.149999998509884 14.5 91.6
      vertex -24.149999998509884 14.5 92.39999999999999
    endloop
  endfacet
  facet normal 1 0 0
    outer loop
      vertex -21.399999998509884 9.5 92.39999999999999
      vertex -21.399999998509884 14.5 91.6
      vertex -21.399999998509884 14.5 92.39999999999999
    endloop
  endfacet
  facet normal -0.6726727939963124 0.7399400733959437 0
    outer loop
      vertex -24.149999998509884 12 92.39999999999999
      vertex -21.399999998509884 14.5 92.39999999999999
      vertex -21.399999998509884 14.5 91.6
    endloop
  endfacet
  facet normal 0 0 1
    outer loop
      vertex -24.149999998509884 9.5 92.39999999999999
      vertex -24.149999998509884 14.5 92.39999999999999
      vertex -25.350000001490116 14.5 92.39999999999999
    endloop
  endfacet
  facet normal 0 0 1
    outer loop
      vertex -21.399999998509884 9.5 92.39999999999999
      vertex -21.399999998509884 14.5 92.39999999999999
      vertex -24.149999998509884 12 92.39999999999999
    endloop
  endfacet
  facet normal 0 1 0
    outer loop
      vertex -25.350000001490116 14.5 92.39999999999999
      vertex -24.149999998509884 14.5 91.6
      vertex -25.350000001490116 14.5 91.6
    endloop
  endfacet
  facet normal 0 1 0
    outer loop
      vertex -25.350000001490116 14.5 92.39999999999999
      vertex -24.149999998509884 14.5 92.39999999999999
      vertex -24.149999998509884 14.5 91.6
    endloop
  endfacet
  facet normal -0.6726727939963124 -0.7399400733959437 0
    outer loop
      vertex -18.649999998509884 9.5 92.39999999999999
      vertex -21.399999998509884 12 91.6
      vertex -18.649999998509884 9.5 91.6
    endloop
  endfacet
  facet normal 1 0 0
    outer loop
      vertex -18.649999998509884 14.5 92.39999999999999
      vertex -18.649999998509884 9.5 91.6
      vertex -18.649999998509884 14.5 91.6
    endloop
  endfacet
  facet normal 1 0 0
    outer loop
      vertex -18.649999998509884 9.5 92.39999999999999
      vertex -18.649999998509884 9.5 91.6
      vertex -18.649999998509884 14.5 92.39999999999999
    endloop
  endfacet
  facet normal -0.6726727939963124 0.7399400733959437 0
    outer loop
      vertex -21.399999998509884 12 92.39999999999999
      vertex -18.649999998509884 14.5 92.39999999999999
      vertex -18.649999998509884 14.5 91.6
    endloop
  endfacet
  facet normal 0 0 1
    outer loop
      vertex -21.399999998509884 12 92.39999999999999
      vertex -18.649999998509884 9.5 92.39999999999999
      vertex -18.649999998509884 14.5 92.39999999999999
    endloop
  endfacet
  facet normal -1 0 0
    outer loop
      vertex -2.125 9.5 92.39999999999999
      vertex -2.125 14.5 91.6
      vertex -2.125 9.5 91.6
    endloop
  endfacet
  facet normal 0.5070201265633939 0.8619342151577696 0
    outer loop
      vertex -2.125 14.5 92.39999999999999
      vertex 2.125 12 91.6
      vertex -2.125 14.5 91.6
    endloop
  endfacet
  facet normal 0.5070201265633939 -0.8619342151577696 0
    outer loop
      vertex -2.125 9.5 92.39999999999999
      vertex -2.125 9.5 91.6
      vertex 2.125 12 92.39999999999999
    endloop
  endfacet
  facet normal -1 0 0
    outer loop
      vertex -2.125 9.5 92.39999999999999
      vertex -2.125 14.5 92.39999999999999
      vertex -2.125 14.5 91.6
    endloop
  endfacet
  facet normal 0 0 1
    outer loop
      vertex -2.125 9.5 92.39999999999999
      vertex 2.125 12 92.39999999999999
      vertex -2.125 14.5 92.39999999999999
    endloop
  endfacet
  facet normal 0.5070201265633939 -0.8619342151577696 0
    outer loop
      vertex 2.125 12 92.39999999999999
      vertex -2.125 9.5 91.6
      vertex 2.125 12 91.6
    endloop
  endfacet
  facet normal 0.5070201265633939 0.8619342151577696 0
    outer loop
      vertex -2.125 14.5 92.39999999999999
      vertex 2.125 12 92.39999999999999
      vertex 2.125 12 91.6
    endloop
  endfacet
  facet normal -1 0 0
    outer loop
      vertex 18.649999998509884 9.5 92.39999999999999
      vertex 18.649999998509884 14.5 91.6
      vertex 18.649999998509884 9.5 91.6
    endloop
  endfacet
  facet normal 0.6726727939963124 0.7399400733959437 0
    outer loop
      vertex 18.649999998509884 14.5 92.39999999999999
      vertex 21.399999998509884 12 91.6
      vertex 18.649999998509884 14.5 91.6
    endloop
  endfacet
  facet normal 0.6726727939963124 -0.7399400733959437 0
    outer loop
      vertex 18.649999998509884 9.5 92.39999999999999
      vertex 18.649999998509884 9.5 91.6
      vertex 21.399999998509884 12 92.39999999999999
    endloop
  endfacet
  facet normal -1 0 0
    outer loop
      vertex 18.649999998509884 9.5 92.39999999999999
      vertex 18.649999998509884 14.5 92.39999999999999
      vertex 18.649999998509884 14.5 91.6
    endloop
  endfacet
  facet normal 0 0 1
    outer loop
      vertex 18.649999998509884 9.5 92.39999999999999
      vertex 21.399999998509884 12 92.39999999999999
      vertex 18.649999998509884 14.5 92.39999999999999
    endloop
  endfacet
  facet normal 0.6726727939963124 -0.7399400733959437 0
    outer loop
      vertex 21.399999998509884 12 92.39999999999999
      vertex 18.649999998509884 9.5 91.6
      vertex 21.399999998509884 12 91.6
    endloop
  endfacet
  facet normal 0 -1 0
    outer loop
      vertex 25.350000001490116 9.5 92.39999999999999
      vertex 24.149999998509884 9.5 91.6
      vertex 25.350000001490116 9.5 91.6
    endloop
  endfacet
  facet normal 0.6726727939963124 -0.7399400733959437 0
    outer loop
      vertex 24.149999998509884 12 92.39999999999999
      vertex 21.399999998509884 9.5 91.6
      vertex 24.149999998509884 12 91.6
    endloop
  endfacet
  facet normal -1 0 0
    outer loop
      vertex 21.399999998509884 14.5 92.39999999999999
      vertex 21.399999998509884 12 91.6
      vertex 21.399999998509884 9.5 91.6
    endloop
  endfacet
  facet normal -1 0 0
    outer loop
      vertex 21.399999998509884 14.5 92.39999999999999
      vertex 21.399999998509884 14.5 91.6
      vertex 21.399999998509884 12 91.6
    endloop
  endfacet
  facet normal 0.6726727939963124 0.7399400733959437 0
    outer loop
      vertex 21.399999998509884 14.5 92.39999999999999
      vertex 24.149999998509884 12 91.6
      vertex 21.399999998509884 14.5 91.6
    endloop
  endfacet
  facet normal -1 0 0
    outer loop
      vertex 24.149999998509884 14.5 92.39999999999999
      vertex 24.149999998509884 12 91.6
      vertex 24.149999998509884 9.5 91.6
    endloop
  endfacet
  facet normal 1 0 0
    outer loop
      vertex 25.350000001490116 14.5 92.39999999999999
      vertex 25.350000001490116 9.5 91.6
      vertex 25.350000001490116 14.5 91.6
    endloop
  endfacet
  facet normal -1 0 0
    outer loop
      vertex 24.149999998509884 14.5 91.6
      vertex 24.149999998509884 12 91.6
      vertex 24.149999998509884 14.5 92.39999999999999
    endloop
  endfacet
  facet normal 0.6726727939963124 -0.7399400733959437 0
    outer loop
      vertex 21.399999998509884 9.5 92.39999999999999
      vertex 21.399999998509884 9.5 91.6
      vertex 24.149999998509884 12 92.39999999999999
    endloop
  endfacet
  facet normal -1 0 0
    outer loop
      vertex 21.399999998509884 9.5 92.39999999999999
      vertex 21.399999998509884 14.5 92.39999999999999
      vertex 21.399999998509884 9.5 91.6
    endloop
  endfacet
  facet normal 0 -1 0
    outer loop
      vertex 24.149999998509884 9.5 92.39999999999999
      vertex 24.149999998509884 9.5 91.6
      vertex 25.350000001490116 9.5 92.39999999999999
    endloop
  endfacet
  facet normal -1 0 0
    outer loop
      vertex 24.149999998509884 9.5 92.39999999999999
      vertex 24.149999998509884 14.5 92.39999999999999
      vertex 24.149999998509884 9.5 91.6
    endloop
  endfacet
  facet normal 1 0 0
    outer loop
      vertex 25.350000001490116 9.5 92.39999999999999
      vertex 25.350000001490116 9.5 91.6
      vertex 25.350000001490116 14.5 92.39999999999999
    endloop
  endfacet
  facet normal 0 0 1
    outer loop
      vertex 24.149999998509884 9.5 92.39999999999999
      vertex 25.350000001490116 9.5 92.39999999999999
      vertex 24.149999998509884 14.5 92.39999999999999
    endloop
  endfacet
  facet normal 0.6726727939963124 0.7399400733959437 0
    outer loop
      vertex 18.649999998509884 14.5 92.39999999999999
      vertex 21.399999998509884 12 92.39999999999999
      vertex 21.399999998509884 12 91.6
    endloop
  endfacet
  facet normal 0.6726727939963124 0.7399400733959437 0
    outer loop
      vertex 21.399999998509884 14.5 92.39999999999999
      vertex 24.149999998509884 12 92.39999999999999
      vertex 24.149999998509884 12 91.6
    endloop
  endfacet
  facet normal 0 0 1
    outer loop
      vertex 21.399999998509884 9.5 92.39999999999999
      vertex 24.149999998509884 12 92.39999999999999
      vertex 21.399999998509884 14.5 92.39999999999999
    endloop
  endfacet
  facet normal 0 0 1
    outer loop
      vertex 25.350000001490116 9.5 92.39999999999999
      vertex 25.350000001490116 14.5 92.39999999999999
      vertex 24.149999998509884 14.5 92.39999999999999
    endloop
  endfacet
  facet normal 0 1 0
    outer loop
      vertex 24.149999998509884 14.5 92.39999999999999
      vertex 25.350000001490116 14.5 91.6
      vertex 24.149999998509884 14.5 91.6
    endloop
  endfacet
  facet normal 0 1 0
    outer loop
      vertex 24.149999998509884 14.5 92.39999999999999
      vertex 25.350000001490116 14.5 92.39999999999999
      vertex 25.350000001490116 14.5 91.6
    endloop
  endfacet
  facet normal -1 0 0
    outer loop
      vertex -26.125 -12.600000001490116 92.39999999999999
      vertex -26.125 -11.399999998509884 91.6
      vertex -26.125 -12.600000001490116 91.6
    endloop
  endfacet
  facet normal 0 1 0
    outer loop
      vertex -26.125 -11.399999998509884 92.39999999999999
      vertex -24.637500002980232 -11.399999998509884 91.6
      vertex -26.125 -11.399999998509884 91.6
    endloop
  endfacet
  facet normal 0 -1 0
    outer loop
      vertex -24.637500002980232 -12.600000001490116 92.39999999999999
      vertex -26.125 -12.600000001490116 91.6
      vertex -24.637500002980232 -12.600000001490116 91.6
    endloop
  endfacet
  facet normal -0.5666870378997356 -0.8239331290077027 0
    outer loop
      vertex -21.875 -14.5 92.39999999999999
      vertex -24.637500002980232 -12.600000001490116 91.6
      vertex -21.875 -14.5 91.6
    endloop
  endfacet
  facet normal 1 0 0
    outer loop
      vertex -21.875 -14.5 92.39999999999999
      vertex -21.875 -14.5 91.6
      vertex -21.875 -9.5 91.6
    endloop
  endfacet
  facet normal -1 0 0
    outer loop
      vertex -20.975000001490116 -12.600000001490116 92.39999999999999
      vertex -20.975000001490116 -11.399999998509884 91.6
      vertex -20.975000001490116 -12.600000001490116 91.6
    endloop
  endfacet
  facet normal -0.5666870378997356 0.8239331290077027 0
    outer loop
      vertex -24.637500002980232 -11.399999998509884 92.39999999999999
      vertex -21.875 -9.5 91.6
      vertex -24.637500002980232 -11.399999998509884 91.6
    endloop
  endfacet
  facet normal 0 -1 0
    outer loop
      vertex -26.125 -12.600000001490116 92.39999999999999
      vertex -26.125 -12.600000001490116 91.6
      vertex -24.637500002980232 -12.600000001490116 92.39999999999999
    endloop
  endfacet
  facet normal -1 0 0
    outer loop
      vertex -26.125 -12.600000001490116 92.39999999999999
      vertex -26.125 -11.399999998509884 92.39999999999999
      vertex -26.125 -11.399999998509884 91.6
    endloop
  endfacet
  facet normal 0 0 1
    outer loop
      vertex -26.125 -12.600000001490116 92.39999999999999
      vertex -24.637500002980232 -11.399999998509884 92.39999999999999
      vertex -26.125 -11.399999998509884 92.39999999999999
    endloop
  endfacet
  facet normal -0.5666870378997356 -0.8239331290077027 0
    outer loop
      vertex -24.637500002980232 -12.600000001490116 92.39999999999999
      vertex -24.637500002980232 -12.600000001490116 91.6
      vertex -21.875 -14.5 92.39999999999999
    endloop
  endfacet
  facet normal -1 0 0
    outer loop
      vertex -20.975000001490116 -12.600000001490116 92.39999999999999
      vertex -20.975000001490116 -11.399999998509884 92.39999999999999
      vertex -20.975000001490116 -11.399999998509884 91.6
    endloop
  endfacet
  facet normal 0 0 1
    outer loop
      vertex -26.125 -12.600000001490116 92.39999999999999
      vertex -24.637500002980232 -12.600000001490116 92.39999999999999
      vertex -24.637500002980232 -11.399999998509884 92.39999999999999
    endloop
  endfacet
  facet normal 0 0 1
    outer loop
      vertex -24.637500002980232 -12.600000001490116 92.39999999999999
      vertex -21.875 -14.5 92.39999999999999
      vertex -21.875 -9.5 92.39999999999999
    endloop
  endfacet
  facet normal 0 1 0
    outer loop
      vertex -26.125 -11.399999998509884 92.39999999999999
      vertex -24.637500002980232 -11.399999998509884 92.39999999999999
      vertex -24.637500002980232 -11.399999998509884 91.6
    endloop
  endfacet
  facet normal 1 0 0
    outer loop
      vertex -21.875 -14.5 92.39999999999999
      vertex -21.875 -9.5 91.6
      vertex -21.875 -9.5 92.39999999999999
    endloop
  endfacet
  facet normal -0.5666870378997356 0.8239331290077027 -4.139138142936455e-17
    outer loop
      vertex -24.637500002980232 -11.399999998509884 92.39999999999999
      vertex -21.875 -9.5 92.39999999999999
      vertex -21.875 -9.5 91.6
    endloop
  endfacet
  facet normal 0 0 1
    outer loop
      vertex -24.637500002980232 -12.600000001490116 92.39999999999999
      vertex -21.875 -9.5 92.39999999999999
      vertex -24.637500002980232 -11.399999998509884 92.39999999999999
    endloop
  endfacet
  facet normal 0 -1 0
    outer loop
      vertex -17.875 -12.600000001490116 92.39999999999999
      vertex -20.975000001490116 -12.600000001490116 91.6
      vertex -17.875 -12.600000001490116 91.6
    endloop
  endfacet
  facet normal 1 0 0
    outer loop
      vertex -17.875 -11.399999998509884 92.39999999999999
      vertex -17.875 -12.600000001490116 91.6
      vertex -17.875 -11.399999998509884 91.6
    endloop
  endfacet
  facet normal 0 1 0
    outer loop
      vertex -20.975000001490116 -11.399999998509884 92.39999999999999
      vertex -17.875 -11.399999998509884 91.6
      vertex -20.975000001490116 -11.399999998509884 91.6
    endloop
  endfacet
  facet normal 0 -1 0
    outer loop
      vertex -20.975000001490116 -12.600000001490116 92.39999999999999
      vertex -20.975000001490116 -12.600000001490116 91.6
      vertex -17.875 -12.600000001490116 92.39999999999999
    endloop
  endfacet
  facet normal 1 0 0
    outer loop
      vertex -17.875 -12.600000001490116 92.39999999999999
      vertex -17.875 -12.600000001490116 91.6
      vertex -17.875 -11.399999998509884 92.39999999999999
    endloop
  endfacet
  facet normal 0 0 1
    outer loop
      vertex -20.975000001490116 -12.600000001490116 92.39999999999999
      vertex -17.875 -12.600000001490116 92.39999999999999
      vertex -20.975000001490116 -11.399999998509884 92.39999999999999
    endloop
  endfacet
  facet normal 0 0 1
    outer loop
      vertex -20.975000001490116 -11.399999998509884 92.39999999999999
      vertex -17.875 -12.600000001490116 92.39999999999999
      vertex -17.875 -11.399999998509884 92.39999999999999
    endloop
  endfacet
  facet normal 0 1 0
    outer loop
      vertex -20.975000001490116 -11.399999998509884 92.39999999999999
      vertex -17.875 -11.399999998509884 92.39999999999999
      vertex -17.875 -11.399999998509884 91.6
    endloop
  endfacet
  facet normal 0 -1 0
    outer loop
      vertex -0.45000000298023224 -14.5 92.39999999999999
      vertex -1.6499999985098839 -14.5 91.6
      vertex -0.45000000298023224 -14.5 91.6
    endloop
  endfacet
  facet normal 0 -1 0
    outer loop
      vertex -1.6499999985098839 -14.5 92.39999999999999
      vertex -1.6499999985098839 -14.5 91.6
      vertex -0.45000000298023224 -14.5 92.39999999999999
    endloop
  endfacet
  facet normal -1 0 0
    outer loop
      vertex -1.6499999985098839 -14.5 92.39999999999999
      vertex -1.6499999985098839 -9.5 91.6
      vertex -1.6499999985098839 -14.5 91.6
    endloop
  endfacet
  facet normal 1 0 0
    outer loop
      vertex -0.45000000298023224 -9.5 92.39999999999999
      vertex -0.45000000298023224 -14.5 91.6
      vertex -0.45000000298023224 -9.5 91.6
    endloop
  endfacet
  facet normal 0 1 0
    outer loop
      vertex -1.6499999985098839 -9.5 92.39999999999999
      vertex -0.45000000298023224 -9.5 91.6
      vertex -1.6499999985098839 -9.5 91.6
    endloop
  endfacet
  facet normal 1 0 0
    outer loop
      vertex -0.45000000298023224 -14.5 92.39999999999999
      vertex -0.45000000298023224 -14.5 91.6
      vertex -0.45000000298023224 -9.5 92.39999999999999
    endloop
  endfacet
  facet normal 0 0 1
    outer loop
      vertex -1.6499999985098839 -14.5 92.39999999999999
      vertex -0.45000000298023224 -14.5 92.39999999999999
      vertex -1.6499999985098839 -9.5 92.39999999999999
    endloop
  endfacet
  facet normal -1 0 0
    outer loop
      vertex -1.6499999985098839 -14.5 92.39999999999999
      vertex -1.6499999985098839 -9.5 92.39999999999999
      vertex -1.6499999985098839 -9.5 91.6
    endloop
  endfacet
  facet normal 0 1 0
    outer loop
      vertex -1.6499999985098839 -9.5 92.39999999999999
      vertex -0.45000000298023224 -9.5 92.39999999999999
      vertex -0.45000000298023224 -9.5 91.6
    endloop
  endfacet
  facet normal 0 0 1
    outer loop
      vertex -0.45000000298023224 -14.5 92.39999999999999
      vertex -0.45000000298023224 -9.5 92.39999999999999
      vertex -1.6499999985098839 -9.5 92.39999999999999
    endloop
  endfacet
  facet normal 0 -1 0
    outer loop
      vertex 1.6499999985098839 -14.5 92.39999999999999
      vertex 0.45000000298023224 -14.5 91.6
      vertex 1.6499999985098839 -14.5 91.6
    endloop
  endfacet
  facet normal 0 -1 0
    outer loop
      vertex 0.45000000298023224 -14.5 92.39999999999999
      vertex 0.45000000298023224 -14.5 91.6
      vertex 1.6499999985098839 -14.5 92.39999999999999
    endloop
  endfacet
  facet normal -1 0 0
    outer loop
      vertex 0.45000000298023224 -14.5 92.39999999999999
      vertex 0.45000000298023224 -9.5 91.6
      vertex 0.45000000298023224 -14.5 91.6
    endloop
  endfacet
  facet normal 1 0 0
    outer loop
      vertex 1.6499999985098839 -9.5 92.39999999999999
      vertex 1.6499999985098839 -14.5 91.6
      vertex 1.6499999985098839 -9.5 91.6
    endloop
  endfacet
  facet normal 0 1 0
    outer loop
      vertex 0.45000000298023224 -9.5 92.39999999999999
      vertex 1.6499999985098839 -9.5 91.6
      vertex 0.45000000298023224 -9.5 91.6
    endloop
  endfacet
  facet normal 1 0 0
    outer loop
      vertex 1.6499999985098839 -14.5 92.39999999999999
      vertex 1.6499999985098839 -14.5 91.6
      vertex 1.6499999985098839 -9.5 92.39999999999999
    endloop
  endfacet
  facet normal 0 0 1
    outer loop
      vertex 0.45000000298023224 -14.5 92.39999999999999
      vertex 1.6499999985098839 -14.5 92.39999999999999
      vertex 0.45000000298023224 -9.5 92.39999999999999
    endloop
  endfacet
  facet normal -1 0 0
    outer loop
      vertex 0.45000000298023224 -14.5 92.39999999999999
      vertex 0.45000000298023224 -9.5 92.39999999999999
      vertex 0.45000000298023224 -9.5 91.6
    endloop
  endfacet
  facet normal 0 1 0
    outer loop
      vertex 0.45000000298023224 -9.5 92.39999999999999
      vertex 1.6499999985098839 -9.5 92.39999999999999
      vertex 1.6499999985098839 -9.5 91.6
    endloop
  endfacet
  facet normal 0 0 1
    outer loop
      vertex 1.6499999985098839 -14.5 92.39999999999999
      vertex 1.6499999985098839 -9.5 92.39999999999999
      vertex 0.45000000298023224 -9.5 92.39999999999999
    endloop
  endfacet
  facet normal 0 -1 0
    outer loop
      vertex 19.362499997019768 -12.600000001490116 92.39999999999999
      vertex 17.875 -12.600000001490116 91.6
      vertex 19.362499997019768 -12.600000001490116 91.6
    endloop
  endfacet
  facet normal -1 0 0
    outer loop
      vertex 17.875 -12.600000001490116 92.39999999999999
      vertex 17.875 -11.399999998509884 91.6
      vertex 17.875 -12.600000001490116 91.6
    endloop
  endfacet
  facet normal 0 1 0
    outer loop
      vertex 17.875 -11.399999998509884 92.39999999999999
      vertex 19.362499997019768 -11.399999998509884 91.6
      vertex 17.875 -11.399999998509884 91.6
    endloop
  endfacet
  facet normal -0.5666870378997356 0.8239331290077027 0
    outer loop
      vertex 19.362499997019768 -11.399999998509884 92.39999999999999
      vertex 22.125 -9.5 91.6
      vertex 19.362499997019768 -11.399999998509884 91.6
    endloop
  endfacet
  facet normal -0.5666870378997356 -0.8239331290077027 0
    outer loop
      vertex 19.362499997019768 -12.600000001490116 92.39999999999999
      vertex 19.362499997019768 -12.600000001490116 91.6
      vertex 22.125 -14.5 92.39999999999999
    endloop
  endfacet
  facet normal 0 -1 0
    outer loop
      vertex 17.875 -12.600000001490116 92.39999999999999
      vertex 17.875 -12.600000001490116 91.6
      vertex 19.362499997019768 -12.600000001490116 92.39999999999999
    endloop
  endfacet
  facet normal -1 0 0
    outer loop
      vertex 17.875 -12.600000001490116 92.39999999999999
      vertex 17.875 -11.399999998509884 92.39999999999999
      vertex 17.875 -11.399999998509884 91.6
    endloop
  endfacet
  facet normal 0 0 1
    outer loop
      vertex 17.875 -12.600000001490116 92.39999999999999
      vertex 19.362499997019768 -11.399999998509884 92.39999999999999
      vertex 17.875 -11.399999998509884 92.39999999999999
    endloop
  endfacet
  facet normal 0 0 1
    outer loop
      vertex 17.875 -12.600000001490116 92.39999999999999
      vertex 19.362499997019768 -12.600000001490116 92.39999999999999
      vertex 19.362499997019768 -11.399999998509884 92.39999999999999
    endloop
  endfacet
  facet normal 0 1 0
    outer loop
      vertex 17.875 -11.399999998509884 92.39999999999999
      vertex 19.362499997019768 -11.399999998509884 92.39999999999999
      vertex 19.362499997019768 -11.399999998509884 91.6
    endloop
  endfacet
  facet normal 0 0 1
    outer loop
      vertex 19.362499997019768 -12.600000001490116 92.39999999999999
      vertex 22.125 -9.5 92.39999999999999
      vertex 19.362499997019768 -11.399999998509884 92.39999999999999
    endloop
  endfacet
  facet normal -0.5666870378997356 -0.8239331290077027 0
    outer loop
      vertex 22.125 -14.5 92.39999999999999
      vertex 19.362499997019768 -12.600000001490116 91.6
      vertex 22.125 -14.5 91.6
    endloop
  endfacet
  facet normal 1 0 0
    outer loop
      vertex 22.125 -14.5 92.39999999999999
      vertex 22.125 -14.5 91.6
      vertex 22.125 -9.5 91.6
    endloop
  endfacet
  facet normal -1 0 0
    outer loop
      vertex 23.975000001490116 -13.549999997019768 92.39999999999999
      vertex 23.975000001490116 -12.600000001490116 91.6
      vertex 23.975000001490116 -13.549999997019768 91.6
    endloop
  endfacet
  facet normal 0 -1 0
    outer loop
      vertex 25.17500000447035 -13.549999997019768 92.39999999999999
      vertex 23.975000001490116 -13.549999997019768 91.6
      vertex 25.17500000447035 -13.549999997019768 91.6
    endloop
  endfacet
  facet normal 1 0 0
    outer loop
      vertex 25.17500000447035 -12.600000001490116 92.39999999999999
      vertex 25.17500000447035 -13.549999997019768 91.6
      vertex 25.17500000447035 -12.600000001490116 91.6
    endloop
  endfacet
  facet normal 0 -1 0
    outer loop
      vertex 23.975000001490116 -12.600000001490116 92.39999999999999
      vertex 23.025000005960464 -12.600000001490116 91.6
      vertex 23.975000001490116 -12.600000001490116 91.6
    endloop
  endfacet
  facet normal -1 0 0
    outer loop
      vertex 23.025000005960464 -12.600000001490116 92.39999999999999
      vertex 23.025000005960464 -11.399999998509884 91.6
      vertex 23.025000005960464 -12.600000001490116 91.6
    endloop
  endfacet
  facet normal 0 1 0
    outer loop
      vertex 23.025000005960464 -11.399999998509884 92.39999999999999
      vertex 23.975000001490116 -11.399999998509884 91.6
      vertex 23.025000005960464 -11.399999998509884 91.6
    endloop
  endfacet
  facet normal -1 0 0
    outer loop
      vertex 23.975000001490116 -11.399999998509884 92.39999999999999
      vertex 23.975000001490116 -10.450000002980232 91.6
      vertex 23.975000001490116 -11.399999998509884 91.6
    endloop
  endfacet
  facet normal 0 1 0
    outer loop
      vertex 25.17500000447035 -11.399999998509884 92.39999999999999
      vertex 26.125 -11.399999998509884 91.6
      vertex 25.17500000447035 -11.399999998509884 91.6
    endloop
  endfacet
  facet normal 1 0 0
    outer loop
      vertex 25.17500000447035 -10.450000002980232 92.39999999999999
      vertex 25.17500000447035 -11.399999998509884 91.6
      vertex 25.17500000447035 -10.450000002980232 91.6
    endloop
  endfacet
  facet normal 0 1 0
    outer loop
      vertex 23.975000001490116 -10.450000002980232 92.39999999999999
      vertex 25.17500000447035 -10.450000002980232 91.6
      vertex 23.975000001490116 -10.450000002980232 91.6
    endloop
  endfacet
  facet normal 0 -1 0
    outer loop
      vertex 26.125 -12.600000001490116 92.39999999999999
      vertex 25.17500000447035 -12.600000001490116 91.6
      vertex 26.125 -12.600000001490116 91.6
    endloop
  endfacet
  facet normal 1 0 0
    outer loop
      vertex 26.125 -11.399999998509884 92.39999999999999
      vertex 26.125 -12.600000001490116 91.6
      vertex 26.125 -11.399999998509884 91.6
    endloop
  endfacet
  facet normal -1 0 0
    outer loop
      vertex 23.975000001490116 -13.549999997019768 92.39999999999999
      vertex 23.975000001490116 -12.600000001490116 92.39999999999999
      vertex 23.975000001490116 -12.600000001490116 91.6
    endloop
  endfacet
  facet normal 0 -1 0
    outer loop
      vertex 23.975000001490116 -13.549999997019768 92.39999999999999
      vertex 23.975000001490116 -13.549999997019768 91.6
      vertex 25.17500000447035 -13.549999997019768 92.39999999999999
    endloop
  endfacet
  facet normal 1 0 0
    outer loop
      vertex 25.17500000447035 -13.549999997019768 92.39999999999999
      vertex 25.17500000447035 -13.549999997019768 91.6
      vertex 25.17500000447035 -12.600000001490116 92.39999999999999
    endloop
  endfacet
  facet normal 0 -1 0
    outer loop
      vertex 23.025000005960464 -12.600000001490116 92.39999999999999
      vertex 23.025000005960464 -12.600000001490116 91.6
      vertex 23.975000001490116 -12.600000001490116 92.39999999999999
    endloop
  endfacet
  facet normal -1 0 0
    outer loop
      vertex 23.025000005960464 -12.600000001490116 92.39999999999999
      vertex 23.025000005960464 -11.399999998509884 92.39999999999999
      vertex 23.025000005960464 -11.399999998509884 91.6
    endloop
  endfacet
  facet normal 0 -1 0
    outer loop
      vertex 25.17500000447035 -12.600000001490116 92.39999999999999
      vertex 25.17500000447035 -12.600000001490116 91.6
      vertex 26.125 -12.600000001490116 92.39999999999999
    endloop
  endfacet
  facet normal 0 0 1
    outer loop
      vertex 19.362499997019768 -12.600000001490116 92.39999999999999
      vertex 22.125 -14.5 92.39999999999999
      vertex 22.125 -9.5 92.39999999999999
    endloop
  endfacet
  facet normal 0 0 1
    outer loop
      vertex 23.975000001490116 -13.549999997019768 92.39999999999999
      vertex 25.17500000447035 -13.549999997019768 92.39999999999999
      vertex 23.975000001490116 -12.600000001490116 92.39999999999999
    endloop
  endfacet
  facet normal 0 0 1
    outer loop
      vertex 25.17500000447035 -13.549999997019768 92.39999999999999
      vertex 25.17500000447035 -12.600000001490116 92.39999999999999
      vertex 23.975000001490116 -12.600000001490116 92.39999999999999
    endloop
  endfacet
  facet normal 0 0 1
    outer loop
      vertex 23.025000005960464 -12.600000001490116 92.39999999999999
      vertex 23.975000001490116 -11.399999998509884 92.39999999999999
      vertex 23.025000005960464 -11.399999998509884 92.39999999999999
    endloop
  endfacet
  facet normal 0 0 1
    outer loop
      vertex 23.025000005960464 -12.600000001490116 92.39999999999999
      vertex 23.975000001490116 -12.600000001490116 92.39999999999999
      vertex 23.975000001490116 -11.399999998509884 92.39999999999999
    endloop
  endfacet
  facet normal 0 0 1
    outer loop
      vertex 23.975000001490116 -12.600000001490116 92.39999999999999
      vertex 25.17500000447035 -12.600000001490116 92.39999999999999
      vertex 23.975000001490116 -11.399999998509884 92.39999999999999
    endloop
  endfacet
  facet normal 0 0 1
    outer loop
      vertex 23.975000001490116 -11.399999998509884 92.39999999999999
      vertex 25.17500000447035 -12.600000001490116 92.39999999999999
      vertex 25.17500000447035 -11.399999998509884 92.39999999999999
    endloop
  endfacet
  facet normal 0 0 1
    outer loop
      vertex 25.17500000447035 -12.600000001490116 92.39999999999999
      vertex 26.125 -11.399999998509884 92.39999999999999
      vertex 25.17500000447035 -11.399999998509884 92.39999999999999
    endloop
  endfacet
  facet normal 1 0 0
    outer loop
      vertex 22.125 -14.5 92.39999999999999
      vertex 22.125 -9.5 91.6
      vertex 22.125 -9.5 92.39999999999999
    endloop
  endfacet
  facet normal -0.5666870378997356 0.8239331290077027 -4.139138142936455e-17
    outer loop
      vertex 19.362499997019768 -11.399999998509884 92.39999999999999
      vertex 22.125 -9.5 92.39999999999999
      vertex 22.125 -9.5 91.6
    endloop
  endfacet
  facet normal 0 1 0
    outer loop
      vertex 23.025000005960464 -11.399999998509884 92.39999999999999
      vertex 23.975000001490116 -11.399999998509884 92.39999999999999
      vertex 23.975000001490116 -11.399999998509884 91.6
    endloop
  endfacet
  facet normal -1 0 0
    outer loop
      vertex 23.975000001490116 -11.399999998509884 92.39999999999999
      vertex 23.975000001490116 -10.450000002980232 92.39999999999999
      vertex 23.975000001490116 -10.450000002980232 91.6
    endloop
  endfacet
  facet normal 1 0 0
    outer loop
      vertex 25.17500000447035 -11.399999998509884 92.39999999999999
      vertex 25.17500000447035 -11.399999998509884 91.6
      vertex 25.17500000447035 -10.450000002980232 92.39999999999999
    endloop
  endfacet
  facet normal 0 1 0
    outer loop
      vertex 23.975000001490116 -10.450000002980232 92.39999999999999
      vertex 25.17500000447035 -10.450000002980232 92.39999999999999
      vertex 25.17500000447035 -10.450000002980232 91.6
    endloop
  endfacet
  facet normal 0 0 1
    outer loop
      vertex 23.975000001490116 -11.399999998509884 92.39999999999999
      vertex 25.17500000447035 -11.399999998509884 92.39999999999999
      vertex 23.975000001490116 -10.450000002980232 92.39999999999999
    endloop
  endfacet
  facet normal 0 0 1
    outer loop
      vertex 25.17500000447035 -11.399999998509884 92.39999999999999
      vertex 25.17500000447035 -10.450000002980232 92.39999999999999
      vertex 23.975000001490116 -10.450000002980232 92.39999999999999
    endloop
  endfacet
  facet normal 1 0 0
    outer loop
      vertex 26.125 -12.600000001490116 92.39999999999999
      vertex 26.125 -12.600000001490116 91.6
      vertex 26.125 -11.399999998509884 92.39999999999999
    endloop
  endfacet
  facet normal 0 0 1
    outer loop
      vertex 25.17500000447035 -12.600000001490116 92.39999999999999
      vertex 26.125 -12.600000001490116 92.39999999999999
      vertex 26.125 -11.399999998509884 92.39999999999999
    endloop
  endfacet
  facet normal 0 1 0
    outer loop
      vertex 25.17500000447035 -11.399999998509884 92.39999999999999
      vertex 26.125 -11.399999998509884 92.39999999999999
      vertex 26.125 -11.399999998509884 91.6
    endloop
  endfacet
endsolid OpenSCAD_Model
