solid OpenSCAD_Model
  facet normal 0.9939306773179502 0.11000822099407397 -1.6124719160226546e-18
    outer loop
      vertex 15.295749307750196 18.082459474989356 1
      vertex 15.25211654084006 18.476684062718885 1
      vertex 15.25211654084006 18.476684062718885 3
    endloop
  endfacet
  facet normal 0.6357237482099671 0.7719166509163217 0
    outer loop
      vertex 16.40843634214733 16.026393921576727 1
      vertex 16.40843634214733 16.026393921576727 3
      vertex 16.71460309040607 15.77424561962048 1
    endloop
  endfacet
  facet normal 0.7167825131684517 0.697296801093995 3.04095467878269e-18
    outer loop
      vertex 16.40843634214733 16.026393921576727 1
      vertex 16.13186620480317 16.310692713428157 1
      vertex 16.13186620480317 16.310692713428157 3
    endloop
  endfacet
  facet normal 0.5469481581224299 0.8371664782625264 -4.814037689479668e-18
    outer loop
      vertex 17.046649999999996 15.55730854637602 1
      vertex 16.71460309040607 15.77424561962048 1
      vertex 16.71460309040607 15.77424561962048 3
    endloop
  endfacet
  facet normal 0.4515333583108862 0.8922542386183956 0
    outer loop
      vertex 17.046649999999996 15.55730854637602 1
      vertex 17.046649999999996 15.55730854637602 3
      vertex 17.400546471249307 15.378216024041794 1
    endloop
  endfacet
  facet normal 0.3506375551927536 0.936511241197055 0
    outer loop
      vertex 17.400546471249307 15.378216024041794 1
      vertex 17.400546471249307 15.378216024041794 3
      vertex 17.771996680393897 15.239141993233774 1
    endloop
  endfacet
  facet normal 0.13735355781840947 0.9905220846375031 0
    outer loop
      vertex 18.15649172507454 15.141774624291296 1
      vertex 18.15649172507454 15.141774624291296 3
      vertex 18.5493643562996 15.087295825175989 1
    endloop
  endfacet
  facet normal 0.02755434236815952 0.9996203070249515 0
    outer loop
      vertex 18.5493643562996 15.087295825175989 1
      vertex 18.5493643562996 15.087295825175989 3
      vertex 18.94584563252538 15.076366894710176 1
    endloop
  endfacet
  facet normal -0.08257934547233049 0.9965844930066701 0
    outer loop
      vertex 18.94584563252538 15.076366894710176 1
      vertex 18.94584563252538 15.076366894710176 3
      vertex 19.341122808146267 15.109120495304989 1
    endloop
  endfacet
  facet normal -0.19171063192373688 0.9814514932524181 0
    outer loop
      vertex 19.341122808146267 15.109120495304989 1
      vertex 19.341122808146267 15.109120495304989 3
      vertex 19.730397753706875 15.18515904261841 1
    endloop
  endfacet
  facet normal 0.2454854871407999 0.9694002659393303 0
    outer loop
      vertex 17.771996680393897 15.239141993233774 1
      vertex 17.771996680393897 15.239141993233774 3
      vertex 18.15649172507454 15.141774624291296 1
    endloop
  endfacet
  facet normal -0.29851481100169397 0.9544050018795076 0
    outer loop
      vertex 19.730397753706875 15.18515904261841 1
      vertex 19.730397753706875 15.18515904261841 3
      vertex 20.108945198693913 15.303559531690603 1
    endloop
  endfacet
  facet normal -0.4016954246529719 0.9157733266550564 0
    outer loop
      vertex 20.108945198693913 15.303559531690603 1
      vertex 20.108945198693913 15.303559531690603 3
      vertex 20.4721700899192 15.462884740973783 1
    endloop
  endfacet
  facet normal 0.8519194088383292 0.5236729139878747 8.372556770071135e-18
    outer loop
      vertex 15.888249865189113 16.62369099296304 1
      vertex 15.680544495656637 16.961589385066535 1
      vertex 15.680544495656637 16.961589385066535 3
    endloop
  endfacet
  facet normal 0.7891405093963911 0.6142127126896709 5.997772956130534e-18
    outer loop
      vertex 16.13186620480317 16.310692713428157 1
      vertex 15.888249865189113 16.62369099296304 1
      vertex 15.888249865189113 16.62369099296304 3
    endloop
  endfacet
  facet normal 0.9043571606975777 0.42677643549640326 -2.9861292377826098e-18
    outer loop
      vertex 15.680544495656637 16.961589385066535 1
      vertex 15.511271358026711 17.320286260987793 1
      vertex 15.511271358026711 17.320286260987793 3
    endloop
  endfacet
  facet normal 0.9458172417006337 0.3246994692046862 -2.6090606908347493e-18
    outer loop
      vertex 15.511271358026711 17.320286260987793 1
      vertex 15.382485198886695 17.695427526556795 1
      vertex 15.382485198886695 17.695427526556795 3
    endloop
  endfacet
  facet normal 0.9757963826274354 0.21868109120637663 0
    outer loop
      vertex 15.295749307750196 18.082459474989356 1
      vertex 15.295749307750196 18.082459474989356 3
      vertex 15.382485198886695 17.695427526556795 1
    endloop
  endfacet
  facet normal -0.5000000000000008 0.8660254037844382 0
    outer loop
      vertex 20.4721700899192 15.462884740973783 1
      vertex 20.4721700899192 15.462884740973783 3
      vertex 20.81566336924073 15.661200678254897 1
    endloop
  endfacet
  facet normal -0.5922352526649787 0.8057651056609793 0
    outer loop
      vertex 20.81566336924073 15.661200678254897 1
      vertex 20.81566336924073 15.661200678254897 3
      vertex 21.13525549355588 15.896100056701245 1
    endloop
  endfacet
  facet normal -0.6772815716257428 0.73572391067313 0
    outer loop
      vertex 21.13525549355588 15.896100056701245 1
      vertex 21.13525549355588 15.896100056701245 3
      vertex 21.42706704740642 16.164731516061618 1
    endloop
  endfacet
  facet normal -0.7541066097768973 0.6567520240477334 0
    outer loop
      vertex 21.42706704740642 16.164731516061618 1
      vertex 21.42706704740642 16.164731516061618 3
      vertex 21.687555833827012 16.463834234317197 1
    endloop
  endfacet
  facet normal -0.8217778152252453 0.5698080575102661 0
    outer loop
      vertex 21.687555833827012 16.463834234317197 1
      vertex 21.687555833827012 16.463834234317197 3
      vertex 21.913559871817974 16.789777509643642 1
    endloop
  endfacet
  facet normal -0.8794737512064887 0.47594739303707423 0
    outer loop
      vertex 21.913559871817974 16.789777509643642 1
      vertex 21.913559871817974 16.789777509643642 3
      vertex 22.102335778511275 17.13860483221295 1
    endloop
  endfacet
  facet normal -0.9264940672148 0.3763093719478401 0
    outer loop
      vertex 22.102335778511275 17.13860483221295 1
      vertex 22.102335778511275 17.13860483221295 3
      vertex 22.251592070122282 17.506081910863138 1
    endloop
  endfacet
  facet normal -0.9622680003092515 0.2721034648453311 0
    outer loop
      vertex 22.251592070122282 17.506081910863138 1
      vertex 22.251592070122282 17.506081910863138 3
      vertex 22.359516977458764 17.887748071657047 1
    endloop
  endfacet
  facet normal -0.986361303402722 0.16459459028073678 0
    outer loop
      vertex 22.359516977458764 17.887748071657047 1
      vertex 22.359516977458764 17.887748071657047 3
      vertex 22.424800438344615 18.278970404421315 1
    endloop
  endfacet
  facet normal -0.9984815164333161 0.05508776035586852 0
    outer loop
      vertex 22.424800438344615 18.278970404421315 1
      vertex 22.424800438344615 18.278970404421315 3
      vertex 22.446649999999998 18.675 1
    endloop
  endfacet
  facet normal 0.9939306773179502 0.11000822099407397 0
    outer loop
      vertex 15.295749307750196 18.082459474989356 1
      vertex 15.25211654084006 18.476684062718885 3
      vertex 15.295749307750196 18.082459474989356 3
    endloop
  endfacet
  facet normal 1 0 0
    outer loop
      vertex 15.25211654084006 18.476684062718885 1
      vertex 15.25211654084006 18.873315937281117 3
      vertex 15.25211654084006 18.476684062718885 3
    endloop
  endfacet
  facet normal 0.7167825131684517 0.697296801093995 0
    outer loop
      vertex 16.40843634214733 16.026393921576727 1
      vertex 16.13186620480317 16.310692713428157 3
      vertex 16.40843634214733 16.026393921576727 3
    endloop
  endfacet
  facet normal 0.5469481581224299 0.8371664782625264 0
    outer loop
      vertex 17.046649999999996 15.55730854637602 1
      vertex 16.71460309040607 15.77424561962048 3
      vertex 17.046649999999996 15.55730854637602 3
    endloop
  endfacet
  facet normal 0.4515333583108862 0.8922542386183956 0
    outer loop
      vertex 17.400546471249307 15.378216024041794 1
      vertex 17.046649999999996 15.55730854637602 3
      vertex 17.400546471249307 15.378216024041794 3
    endloop
  endfacet
  facet normal 0.3506375551927536 0.936511241197055 0
    outer loop
      vertex 17.771996680393897 15.239141993233774 1
      vertex 17.400546471249307 15.378216024041794 3
      vertex 17.771996680393897 15.239141993233774 3
    endloop
  endfacet
  facet normal 0.6357237482099671 0.7719166509163217 0
    outer loop
      vertex 16.71460309040607 15.77424561962048 1
      vertex 16.40843634214733 16.026393921576727 3
      vertex 16.71460309040607 15.77424561962048 3
    endloop
  endfacet
  facet normal 0.13735355781840947 0.9905220846375031 0
    outer loop
      vertex 18.5493643562996 15.087295825175989 1
      vertex 18.15649172507454 15.141774624291296 3
      vertex 18.5493643562996 15.087295825175989 3
    endloop
  endfacet
  facet normal 0.02755434236815952 0.9996203070249515 0
    outer loop
      vertex 18.94584563252538 15.076366894710176 1
      vertex 18.5493643562996 15.087295825175989 3
      vertex 18.94584563252538 15.076366894710176 3
    endloop
  endfacet
  facet normal -0.08257934547233049 0.9965844930066701 0
    outer loop
      vertex 19.341122808146267 15.109120495304989 1
      vertex 18.94584563252538 15.076366894710176 3
      vertex 19.341122808146267 15.109120495304989 3
    endloop
  endfacet
  facet normal -0.19171063192373688 0.9814514932524181 0
    outer loop
      vertex 19.730397753706875 15.18515904261841 1
      vertex 19.341122808146267 15.109120495304989 3
      vertex 19.730397753706875 15.18515904261841 3
    endloop
  endfacet
  facet normal 0.2454854871407999 0.9694002659393303 0
    outer loop
      vertex 18.15649172507454 15.141774624291296 1
      vertex 17.771996680393897 15.239141993233774 3
      vertex 18.15649172507454 15.141774624291296 3
    endloop
  endfacet
  facet normal -0.29851481100169397 0.9544050018795076 0
    outer loop
      vertex 20.108945198693913 15.303559531690603 1
      vertex 19.730397753706875 15.18515904261841 3
      vertex 20.108945198693913 15.303559531690603 3
    endloop
  endfacet
  facet normal -0.4016954246529719 0.9157733266550564 0
    outer loop
      vertex 20.4721700899192 15.462884740973783 1
      vertex 20.108945198693913 15.303559531690603 3
      vertex 20.4721700899192 15.462884740973783 3
    endloop
  endfacet
  facet normal 0.8519194088383292 0.5236729139878747 0
    outer loop
      vertex 15.888249865189113 16.62369099296304 1
      vertex 15.680544495656637 16.961589385066535 3
      vertex 15.888249865189113 16.62369099296304 3
    endloop
  endfacet
  facet normal 0.7891405093963911 0.6142127126896709 0
    outer loop
      vertex 16.13186620480317 16.310692713428157 1
      vertex 15.888249865189113 16.62369099296304 3
      vertex 16.13186620480317 16.310692713428157 3
    endloop
  endfacet
  facet normal 0.9043571606975777 0.42677643549640326 0
    outer loop
      vertex 15.680544495656637 16.961589385066535 1
      vertex 15.511271358026711 17.320286260987793 3
      vertex 15.680544495656637 16.961589385066535 3
    endloop
  endfacet
  facet normal 0.9458172417006337 0.3246994692046862 0
    outer loop
      vertex 15.511271358026711 17.320286260987793 1
      vertex 15.382485198886695 17.695427526556795 3
      vertex 15.511271358026711 17.320286260987793 3
    endloop
  endfacet
  facet normal 0.9757963826274354 0.21868109120637663 0
    outer loop
      vertex 15.382485198886695 17.695427526556795 1
      vertex 15.295749307750196 18.082459474989356 3
      vertex 15.382485198886695 17.695427526556795 3
    endloop
  endfacet
  facet normal -0.5000000000000008 0.8660254037844382 0
    outer loop
      vertex 20.81566336924073 15.661200678254897 1
      vertex 20.4721700899192 15.462884740973783 3
      vertex 20.81566336924073 15.661200678254897 3
    endloop
  endfacet
  facet normal -0.5922352526649787 0.8057651056609793 0
    outer loop
      vertex 21.13525549355588 15.896100056701245 1
      vertex 20.81566336924073 15.661200678254897 3
      vertex 21.13525549355588 15.896100056701245 3
    endloop
  endfacet
  facet normal -0.6772815716257428 0.73572391067313 0
    outer loop
      vertex 21.42706704740642 16.164731516061618 1
      vertex 21.13525549355588 15.896100056701245 3
      vertex 21.42706704740642 16.164731516061618 3
    endloop
  endfacet
  facet normal -0.7541066097768973 0.6567520240477334 0
    outer loop
      vertex 21.687555833827012 16.463834234317197 1
      vertex 21.42706704740642 16.164731516061618 3
      vertex 21.687555833827012 16.463834234317197 3
    endloop
  endfacet
  facet normal -0.8217778152252453 0.5698080575102661 0
    outer loop
      vertex 21.913559871817974 16.789777509643642 1
      vertex 21.687555833827012 16.463834234317197 3
      vertex 21.913559871817974 16.789777509643642 3
    endloop
  endfacet
  facet normal -0.8794737512064887 0.47594739303707423 0
    outer loop
      vertex 22.102335778511275 17.13860483221295 1
      vertex 21.913559871817974 16.789777509643642 3
      vertex 22.102335778511275 17.13860483221295 3
    endloop
  endfacet
  facet normal -0.9264940672148 0.3763093719478401 0
    outer loop
      vertex 22.251592070122282 17.506081910863138 1
      vertex 22.102335778511275 17.13860483221295 3
      vertex 22.251592070122282 17.506081910863138 3
    endloop
  endfacet
  facet normal -0.9622680003092515 0.2721034648453311 0
    outer loop
      vertex 22.359516977458764 17.887748071657047 1
      vertex 22.251592070122282 17.506081910863138 3
      vertex 22.359516977458764 17.887748071657047 3
    endloop
  endfacet
  facet normal -0.986361303402722 0.16459459028073678 0
    outer loop
      vertex 22.424800438344615 18.278970404421315 1
      vertex 22.359516977458764 17.887748071657047 3
      vertex 22.424800438344615 18.278970404421315 3
    endloop
  endfacet
  facet normal -0.9984815164333161 0.05508776035586852 5.641236493356117e-19
    outer loop
      vertex 22.424800438344615 18.278970404421315 3
      vertex 22.446649999999998 18.675 3
      vertex 22.446649999999998 18.675 1
    endloop
  endfacet
  facet normal 1 0 0
    outer loop
      vertex 15.25211654084006 18.476684062718885 1
      vertex 15.25211654084006 18.873315937281117 1
      vertex 15.25211654084006 18.873315937281117 3
    endloop
  endfacet
  facet normal 0.9939306773179502 -0.11000822099407397 1.6124719160226546e-18
    outer loop
      vertex 15.25211654084006 18.873315937281117 1
      vertex 15.295749307750196 19.267540525010645 1
      vertex 15.295749307750196 19.267540525010645 3
    endloop
  endfacet
  facet normal 0.9757963826274354 -0.21868109120637663 -4.160703099964506e-18
    outer loop
      vertex 15.295749307750196 19.267540525010645 1
      vertex 15.382485198886695 19.654572473443206 1
      vertex 15.382485198886695 19.654572473443206 3
    endloop
  endfacet
  facet normal 0.9458172417006337 -0.3246994692046862 2.6090606908347493e-18
    outer loop
      vertex 15.382485198886695 19.654572473443206 1
      vertex 15.511271358026711 20.02971373901221 1
      vertex 15.511271358026711 20.02971373901221 3
    endloop
  endfacet
  facet normal 0.9043571606975777 -0.42677643549640326 2.9861292377826098e-18
    outer loop
      vertex 15.511271358026711 20.02971373901221 1
      vertex 15.680544495656637 20.388410614933466 1
      vertex 15.680544495656637 20.388410614933466 3
    endloop
  endfacet
  facet normal 0.8519194088383292 -0.5236729139878747 -8.372556770071135e-18
    outer loop
      vertex 15.680544495656637 20.388410614933466 1
      vertex 15.888249865189113 20.72630900703696 1
      vertex 15.888249865189113 20.72630900703696 3
    endloop
  endfacet
  facet normal 0.7891405093963911 -0.6142127126896709 -5.997772956130534e-18
    outer loop
      vertex 15.888249865189113 20.72630900703696 1
      vertex 16.13186620480317 21.039307286571844 1
      vertex 16.13186620480317 21.039307286571844 3
    endloop
  endfacet
  facet normal 0.7167825131684517 -0.697296801093995 -3.04095467878269e-18
    outer loop
      vertex 16.13186620480317 21.039307286571844 1
      vertex 16.40843634214733 21.323606078423275 1
      vertex 16.40843634214733 21.323606078423275 3
    endloop
  endfacet
  facet normal 0.6357237482099671 -0.7719166509163217 2.38193242166309e-18
    outer loop
      vertex 16.40843634214733 21.323606078423275 1
      vertex 16.71460309040607 21.57575438037952 1
      vertex 16.71460309040607 21.57575438037952 3
    endloop
  endfacet
  facet normal 0.5469481581224299 -0.8371664782625264 4.814037689479668e-18
    outer loop
      vertex 16.71460309040607 21.57575438037952 1
      vertex 17.046649999999996 21.79269145362398 1
      vertex 17.046649999999996 21.79269145362398 3
    endloop
  endfacet
  facet normal 0.4515333583108862 -0.8922542386183956 -7.767671250112103e-18
    outer loop
      vertex 17.046649999999996 21.79269145362398 1
      vertex 17.400546471249307 21.971783975958207 1
      vertex 17.400546471249307 21.971783975958207 3
    endloop
  endfacet
  facet normal 0.3506375551927575 -0.9365112411970535 3.2268698133480416e-18
    outer loop
      vertex 17.400546471249307 21.971783975958207 1
      vertex 17.771996680393897 22.11085800676623 1
      vertex 17.771996680393897 22.11085800676623 3
    endloop
  endfacet
  facet normal 0.24548548714079357 -0.9694002659393318 2.984806062569726e-18
    outer loop
      vertex 17.771996680393897 22.11085800676623 1
      vertex 18.156491725074538 22.208225375708704 1
      vertex 18.156491725074538 22.208225375708704 3
    endloop
  endfacet
  facet normal -0.29851481100168986 -0.9544050018795088 -2.0702327166679533e-18
    outer loop
      vertex 19.730397753706875 22.16484095738159 1
      vertex 20.108945198693913 22.0464404683094 1
      vertex 20.108945198693913 22.0464404683094 3
    endloop
  endfacet
  facet normal -0.40169542465296815 -0.9157733266550581 -3.3213915560529494e-18
    outer loop
      vertex 20.108945198693913 22.0464404683094 1
      vertex 20.4721700899192 21.88711525902622 1
      vertex 20.4721700899192 21.88711525902622 3
    endloop
  endfacet
  facet normal 0.13735355781841263 -0.9905220846375027 -2.060703610202244e-18
    outer loop
      vertex 18.156491725074538 22.208225375708704 1
      vertex 18.5493643562996 22.262704174824012 1
      vertex 18.5493643562996 22.262704174824012 3
    endloop
  endfacet
  facet normal 0.02755434236815952 -0.9996203070249515 2.745058400249613e-19
    outer loop
      vertex 18.5493643562996 22.262704174824012 1
      vertex 18.94584563252538 22.273633105289825 1
      vertex 18.94584563252538 22.273633105289825 3
    endloop
  endfacet
  facet normal -0.08257934547233049 -0.9965844930066701 -5.271800334502982e-19
    outer loop
      vertex 18.94584563252538 22.273633105289825 1
      vertex 19.341122808146267 22.240879504695013 1
      vertex 19.341122808146267 22.240879504695013 3
    endloop
  endfacet
  facet normal -0.1917106319237412 -0.9814514932524173 0
    outer loop
      vertex 19.730397753706875 22.16484095738159 1
      vertex 19.730397753706875 22.16484095738159 3
      vertex 19.341122808146267 22.240879504695013 1
    endloop
  endfacet
  facet normal -0.9984815164333161 -0.05508776035586852 0
    outer loop
      vertex 22.446649999999998 18.675 1
      vertex 22.446649999999998 18.675 3
      vertex 22.424800438344615 19.071029595578686 1
    endloop
  endfacet
  facet normal -0.986361303402722 -0.16459459028073678 0
    outer loop
      vertex 22.424800438344615 19.071029595578686 1
      vertex 22.424800438344615 19.071029595578686 3
      vertex 22.359516977458764 19.462251928342955 1
    endloop
  endfacet
  facet normal -0.962268000309251 -0.2721034648453335 0
    outer loop
      vertex 22.359516977458764 19.462251928342955 1
      vertex 22.359516977458764 19.462251928342955 3
      vertex 22.251592070122282 19.84391808913686 1
    endloop
  endfacet
  facet normal -0.7541066097768973 -0.6567520240477334 0
    outer loop
      vertex 21.687555833827012 20.886165765682804 1
      vertex 21.687555833827012 20.886165765682804 3
      vertex 21.42706704740642 21.185268483938383 1
    endloop
  endfacet
  facet normal -0.9264940672148011 -0.3763093719478369 0
    outer loop
      vertex 22.251592070122282 19.84391808913686 1
      vertex 22.251592070122282 19.84391808913686 3
      vertex 22.102335778511275 20.211395167787053 1
    endloop
  endfacet
  facet normal -0.8794737512064887 -0.47594739303707423 0
    outer loop
      vertex 22.102335778511275 20.211395167787053 1
      vertex 22.102335778511275 20.211395167787053 3
      vertex 21.913559871817974 20.56022249035636 1
    endloop
  endfacet
  facet normal -0.8217778152252453 -0.5698080575102661 4.5440580077694094e-18
    outer loop
      vertex 21.687555833827012 20.886165765682804 1
      vertex 21.913559871817974 20.56022249035636 1
      vertex 21.913559871817974 20.56022249035636 3
    endloop
  endfacet
  facet normal -0.5922352526649859 -0.8057651056609739 0
    outer loop
      vertex 21.13525549355588 21.453899943298754 1
      vertex 21.13525549355588 21.453899943298754 3
      vertex 20.815663369240735 21.688799321745105 1
    endloop
  endfacet
  facet normal -0.6772815716257403 -0.7357239106731324 0
    outer loop
      vertex 21.42706704740642 21.185268483938383 1
      vertex 21.42706704740642 21.185268483938383 3
      vertex 21.13525549355588 21.453899943298754 1
    endloop
  endfacet
  facet normal -0.5000000000000003 -0.8660254037844385 0
    outer loop
      vertex 20.815663369240735 21.688799321745105 1
      vertex 20.815663369240735 21.688799321745105 3
      vertex 20.4721700899192 21.88711525902622 1
    endloop
  endfacet
  facet normal 0.9939306773179502 -0.11000822099407397 0
    outer loop
      vertex 15.25211654084006 18.873315937281117 1
      vertex 15.295749307750196 19.267540525010645 3
      vertex 15.25211654084006 18.873315937281117 3
    endloop
  endfacet
  facet normal 0.9757963826274354 -0.21868109120637663 0
    outer loop
      vertex 15.295749307750196 19.267540525010645 1
      vertex 15.382485198886695 19.654572473443206 3
      vertex 15.295749307750196 19.267540525010645 3
    endloop
  endfacet
  facet normal 0.9458172417006337 -0.3246994692046862 0
    outer loop
      vertex 15.382485198886695 19.654572473443206 1
      vertex 15.511271358026711 20.02971373901221 3
      vertex 15.382485198886695 19.654572473443206 3
    endloop
  endfacet
  facet normal 0.9043571606975777 -0.42677643549640326 0
    outer loop
      vertex 15.511271358026711 20.02971373901221 1
      vertex 15.680544495656637 20.388410614933466 3
      vertex 15.511271358026711 20.02971373901221 3
    endloop
  endfacet
  facet normal 0.8519194088383292 -0.5236729139878747 0
    outer loop
      vertex 15.680544495656637 20.388410614933466 1
      vertex 15.888249865189113 20.72630900703696 3
      vertex 15.680544495656637 20.388410614933466 3
    endloop
  endfacet
  facet normal 0.7891405093963911 -0.6142127126896709 0
    outer loop
      vertex 15.888249865189113 20.72630900703696 1
      vertex 16.13186620480317 21.039307286571844 3
      vertex 15.888249865189113 20.72630900703696 3
    endloop
  endfacet
  facet normal 0.7167825131684517 -0.697296801093995 0
    outer loop
      vertex 16.13186620480317 21.039307286571844 1
      vertex 16.40843634214733 21.323606078423275 3
      vertex 16.13186620480317 21.039307286571844 3
    endloop
  endfacet
  facet normal 0.6357237482099671 -0.7719166509163217 0
    outer loop
      vertex 16.40843634214733 21.323606078423275 1
      vertex 16.71460309040607 21.57575438037952 3
      vertex 16.40843634214733 21.323606078423275 3
    endloop
  endfacet
  facet normal 0.5469481581224299 -0.8371664782625264 0
    outer loop
      vertex 16.71460309040607 21.57575438037952 1
      vertex 17.046649999999996 21.79269145362398 3
      vertex 16.71460309040607 21.57575438037952 3
    endloop
  endfacet
  facet normal 0.4515333583108862 -0.8922542386183956 0
    outer loop
      vertex 17.046649999999996 21.79269145362398 1
      vertex 17.400546471249307 21.971783975958207 3
      vertex 17.046649999999996 21.79269145362398 3
    endloop
  endfacet
  facet normal 0.3506375551927575 -0.9365112411970535 0
    outer loop
      vertex 17.400546471249307 21.971783975958207 1
      vertex 17.771996680393897 22.11085800676623 3
      vertex 17.400546471249307 21.971783975958207 3
    endloop
  endfacet
  facet normal 0.24548548714079357 -0.9694002659393318 0
    outer loop
      vertex 17.771996680393897 22.11085800676623 1
      vertex 18.156491725074538 22.208225375708704 3
      vertex 17.771996680393897 22.11085800676623 3
    endloop
  endfacet
  facet normal -0.29851481100168986 -0.9544050018795088 0
    outer loop
      vertex 19.730397753706875 22.16484095738159 1
      vertex 20.108945198693913 22.0464404683094 3
      vertex 19.730397753706875 22.16484095738159 3
    endloop
  endfacet
  facet normal -0.40169542465296815 -0.9157733266550581 0
    outer loop
      vertex 20.108945198693913 22.0464404683094 1
      vertex 20.4721700899192 21.88711525902622 3
      vertex 20.108945198693913 22.0464404683094 3
    endloop
  endfacet
  facet normal 0.13735355781841263 -0.9905220846375027 0
    outer loop
      vertex 18.156491725074538 22.208225375708704 1
      vertex 18.5493643562996 22.262704174824012 3
      vertex 18.156491725074538 22.208225375708704 3
    endloop
  endfacet
  facet normal 0.02755434236815952 -0.9996203070249515 0
    outer loop
      vertex 18.5493643562996 22.262704174824012 1
      vertex 18.94584563252538 22.273633105289825 3
      vertex 18.5493643562996 22.262704174824012 3
    endloop
  endfacet
  facet normal -0.08257934547233049 -0.9965844930066701 0
    outer loop
      vertex 18.94584563252538 22.273633105289825 1
      vertex 19.341122808146267 22.240879504695013 3
      vertex 18.94584563252538 22.273633105289825 3
    endloop
  endfacet
  facet normal -0.1917106319237412 -0.9814514932524173 0
    outer loop
      vertex 19.341122808146267 22.240879504695013 1
      vertex 19.730397753706875 22.16484095738159 3
      vertex 19.341122808146267 22.240879504695013 3
    endloop
  endfacet
  facet normal -0.9984815164333161 -0.05508776035586852 0
    outer loop
      vertex 22.424800438344615 19.071029595578686 1
      vertex 22.446649999999998 18.675 3
      vertex 22.424800438344615 19.071029595578686 3
    endloop
  endfacet
  facet normal -0.962268000309251 -0.2721034648453335 0
    outer loop
      vertex 22.251592070122282 19.84391808913686 1
      vertex 22.359516977458764 19.462251928342955 3
      vertex 22.251592070122282 19.84391808913686 3
    endloop
  endfacet
  facet normal -0.986361303402722 -0.16459459028073678 0
    outer loop
      vertex 22.359516977458764 19.462251928342955 1
      vertex 22.424800438344615 19.071029595578686 3
      vertex 22.359516977458764 19.462251928342955 3
    endloop
  endfacet
  facet normal -0.9264940672148011 -0.3763093719478369 0
    outer loop
      vertex 22.102335778511275 20.211395167787053 1
      vertex 22.251592070122282 19.84391808913686 3
      vertex 22.102335778511275 20.211395167787053 3
    endloop
  endfacet
  facet normal -0.8794737512064887 -0.47594739303707423 0
    outer loop
      vertex 21.913559871817974 20.56022249035636 1
      vertex 22.102335778511275 20.211395167787053 3
      vertex 21.913559871817974 20.56022249035636 3
    endloop
  endfacet
  facet normal -0.8217778152252453 -0.5698080575102661 0
    outer loop
      vertex 21.687555833827012 20.886165765682804 1
      vertex 21.913559871817974 20.56022249035636 3
      vertex 21.687555833827012 20.886165765682804 3
    endloop
  endfacet
  facet normal -0.7541066097768973 -0.6567520240477334 0
    outer loop
      vertex 21.42706704740642 21.185268483938383 1
      vertex 21.687555833827012 20.886165765682804 3
      vertex 21.42706704740642 21.185268483938383 3
    endloop
  endfacet
  facet normal -0.6772815716257403 -0.7357239106731324 0
    outer loop
      vertex 21.13525549355588 21.453899943298754 1
      vertex 21.42706704740642 21.185268483938383 3
      vertex 21.13525549355588 21.453899943298754 3
    endloop
  endfacet
  facet normal -0.5000000000000003 -0.8660254037844385 0
    outer loop
      vertex 20.4721700899192 21.88711525902622 1
      vertex 20.815663369240735 21.688799321745105 3
      vertex 20.4721700899192 21.88711525902622 3
    endloop
  endfacet
  facet normal -0.5922352526649859 -0.8057651056609739 0
    outer loop
      vertex 20.815663369240735 21.688799321745105 1
      vertex 21.13525549355588 21.453899943298754 3
      vertex 20.815663369240735 21.688799321745105 3
    endloop
  endfacet
  facet normal 0.7167825131684517 0.697296801093995 0
    outer loop
      vertex 38.13186620480317 16.310692713428157 1
      vertex 38.13186620480317 16.310692713428157 3
      vertex 38.408436342147326 16.026393921576727 1
    endloop
  endfacet
  facet normal 0.13735355781840825 0.9905220846375034 0
    outer loop
      vertex 40.15649172507454 15.141774624291296 1
      vertex 40.15649172507454 15.141774624291296 3
      vertex 40.5493643562996 15.087295825175989 1
    endloop
  endfacet
  facet normal 0.027554342368159766 0.9996203070249515 0
    outer loop
      vertex 40.5493643562996 15.087295825175989 1
      vertex 40.5493643562996 15.087295825175989 3
      vertex 40.945845632525376 15.076366894710176 1
    endloop
  endfacet
  facet normal 0.5469481581224218 0.8371664782625319 -6.069822342146244e-18
    outer loop
      vertex 39.04665 15.55730854637602 1
      vertex 38.714603090406065 15.77424561962048 1
      vertex 38.714603090406065 15.77424561962048 3
    endloop
  endfacet
  facet normal 0.3506375551927536 0.936511241197055 0
    outer loop
      vertex 39.40054647124931 15.378216024041794 1
      vertex 39.40054647124931 15.378216024041794 3
      vertex 39.7719966803939 15.239141993233774 1
    endloop
  endfacet
  facet normal 0.4515333583108898 0.8922542386183938 5.103002287099683e-18
    outer loop
      vertex 39.40054647124931 15.378216024041794 1
      vertex 39.04665 15.55730854637602 1
      vertex 39.04665 15.55730854637602 3
    endloop
  endfacet
  facet normal 0.6357237482099671 0.7719166509163217 0
    outer loop
      vertex 38.408436342147326 16.026393921576727 1
      vertex 38.408436342147326 16.026393921576727 3
      vertex 38.714603090406065 15.77424561962048 1
    endloop
  endfacet
  facet normal 0.24548548714080198 0.9694002659393296 -1.772984139706449e-18
    outer loop
      vertex 40.15649172507454 15.141774624291296 1
      vertex 39.7719966803939 15.239141993233774 1
      vertex 39.7719966803939 15.239141993233774 3
    endloop
  endfacet
  facet normal 0.7891405093963998 0.6142127126896597 -7.03357857143292e-18
    outer loop
      vertex 38.13186620480317 16.310692713428157 1
      vertex 37.88824986518912 16.62369099296304 1
      vertex 37.88824986518912 16.62369099296304 3
    endloop
  endfacet
  facet normal 0.8519194088383211 0.5236729139878876 8.302985218724601e-18
    outer loop
      vertex 37.88824986518912 16.62369099296304 1
      vertex 37.68054449565663 16.961589385066535 1
      vertex 37.68054449565663 16.961589385066535 3
    endloop
  endfacet
  facet normal 0.9043571606975812 0.42677643549639593 0
    outer loop
      vertex 37.51127135802671 17.320286260987793 1
      vertex 37.51127135802671 17.320286260987793 3
      vertex 37.68054449565663 16.961589385066535 1
    endloop
  endfacet
  facet normal 0.9458172417006365 0.3246994692046781 -1.976388241233104e-18
    outer loop
      vertex 37.51127135802671 17.320286260987793 1
      vertex 37.3824851988867 17.695427526556795 1
      vertex 37.3824851988867 17.695427526556795 3
    endloop
  endfacet
  facet normal 0.9757963826274354 0.21868109120637663 4.160703099964506e-18
    outer loop
      vertex 37.3824851988867 17.695427526556795 1
      vertex 37.2957493077502 18.082459474989356 1
      vertex 37.2957493077502 18.082459474989356 3
    endloop
  endfacet
  facet normal 0.993930677317948 0.11000822099409165 1.1343654234588507e-18
    outer loop
      vertex 37.2957493077502 18.082459474989356 1
      vertex 37.252116540840056 18.476684062718885 1
      vertex 37.252116540840056 18.476684062718885 3
    endloop
  endfacet
  facet normal 0.13735355781840825 0.9905220846375034 0
    outer loop
      vertex 40.5493643562996 15.087295825175989 1
      vertex 40.15649172507454 15.141774624291296 3
      vertex 40.5493643562996 15.087295825175989 3
    endloop
  endfacet
  facet normal 0.027554342368159766 0.9996203070249515 -5.315671883482999e-19
    outer loop
      vertex 40.5493643562996 15.087295825175989 3
      vertex 40.945845632525376 15.076366894710176 3
      vertex 40.945845632525376 15.076366894710176 1
    endloop
  endfacet
  facet normal 0.4515333583108898 0.8922542386183938 0
    outer loop
      vertex 39.40054647124931 15.378216024041794 1
      vertex 39.04665 15.55730854637602 3
      vertex 39.40054647124931 15.378216024041794 3
    endloop
  endfacet
  facet normal 0.5469481581224218 0.8371664782625319 0
    outer loop
      vertex 39.04665 15.55730854637602 1
      vertex 38.714603090406065 15.77424561962048 3
      vertex 39.04665 15.55730854637602 3
    endloop
  endfacet
  facet normal 0.6357237482099671 0.7719166509163217 0
    outer loop
      vertex 38.714603090406065 15.77424561962048 1
      vertex 38.408436342147326 16.026393921576727 3
      vertex 38.714603090406065 15.77424561962048 3
    endloop
  endfacet
  facet normal 0.7167825131684517 0.697296801093995 0
    outer loop
      vertex 38.408436342147326 16.026393921576727 1
      vertex 38.13186620480317 16.310692713428157 3
      vertex 38.408436342147326 16.026393921576727 3
    endloop
  endfacet
  facet normal 0.3506375551927536 0.936511241197055 0
    outer loop
      vertex 39.7719966803939 15.239141993233774 1
      vertex 39.40054647124931 15.378216024041794 3
      vertex 39.7719966803939 15.239141993233774 3
    endloop
  endfacet
  facet normal 0.24548548714080198 0.9694002659393296 0
    outer loop
      vertex 40.15649172507454 15.141774624291296 1
      vertex 39.7719966803939 15.239141993233774 3
      vertex 40.15649172507454 15.141774624291296 3
    endloop
  endfacet
  facet normal 0.7891405093963998 0.6142127126896597 0
    outer loop
      vertex 38.13186620480317 16.310692713428157 1
      vertex 37.88824986518912 16.62369099296304 3
      vertex 38.13186620480317 16.310692713428157 3
    endloop
  endfacet
  facet normal 0.8519194088383211 0.5236729139878876 0
    outer loop
      vertex 37.88824986518912 16.62369099296304 1
      vertex 37.68054449565663 16.961589385066535 3
      vertex 37.88824986518912 16.62369099296304 3
    endloop
  endfacet
  facet normal 0.9043571606975812 0.42677643549639593 0
    outer loop
      vertex 37.68054449565663 16.961589385066535 1
      vertex 37.51127135802671 17.320286260987793 3
      vertex 37.68054449565663 16.961589385066535 3
    endloop
  endfacet
  facet normal 0.9458172417006365 0.3246994692046781 0
    outer loop
      vertex 37.51127135802671 17.320286260987793 1
      vertex 37.3824851988867 17.695427526556795 3
      vertex 37.51127135802671 17.320286260987793 3
    endloop
  endfacet
  facet normal 0.9757963826274354 0.21868109120637663 0
    outer loop
      vertex 37.3824851988867 17.695427526556795 1
      vertex 37.2957493077502 18.082459474989356 3
      vertex 37.3824851988867 17.695427526556795 3
    endloop
  endfacet
  facet normal 0.993930677317948 0.11000822099409165 0
    outer loop
      vertex 37.2957493077502 18.082459474989356 1
      vertex 37.252116540840056 18.476684062718885 3
      vertex 37.2957493077502 18.082459474989356 3
    endloop
  endfacet
  facet normal 1 0 0
    outer loop
      vertex 37.252116540840056 18.476684062718885 1
      vertex 37.252116540840056 18.873315937281117 3
      vertex 37.252116540840056 18.476684062718885 3
    endloop
  endfacet
  facet normal 1 0 0
    outer loop
      vertex 37.252116540840056 18.476684062718885 1
      vertex 37.252116540840056 18.873315937281117 1
      vertex 37.252116540840056 18.873315937281117 3
    endloop
  endfacet
  facet normal 0.993930677317948 -0.11000822099409165 -1.1343654234588507e-18
    outer loop
      vertex 37.252116540840056 18.873315937281117 1
      vertex 37.2957493077502 19.267540525010645 1
      vertex 37.2957493077502 19.267540525010645 3
    endloop
  endfacet
  facet normal 0.9757963826274354 -0.21868109120637663 -4.160703099964506e-18
    outer loop
      vertex 37.2957493077502 19.267540525010645 1
      vertex 37.3824851988867 19.654572473443206 1
      vertex 37.3824851988867 19.654572473443206 3
    endloop
  endfacet
  facet normal 0.9458172417006365 -0.3246994692046781 1.976388241233104e-18
    outer loop
      vertex 37.3824851988867 19.654572473443206 1
      vertex 37.51127135802671 20.02971373901221 1
      vertex 37.51127135802671 20.02971373901221 3
    endloop
  endfacet
  facet normal 0.9043571606975812 -0.42677643549639593 -2.724094150635217e-18
    outer loop
      vertex 37.51127135802671 20.02971373901221 1
      vertex 37.68054449565663 20.388410614933466 1
      vertex 37.68054449565663 20.388410614933466 3
    endloop
  endfacet
  facet normal 0.8519194088383211 -0.5236729139878876 -8.302985218724601e-18
    outer loop
      vertex 37.68054449565663 20.388410614933466 1
      vertex 37.88824986518912 20.72630900703696 1
      vertex 37.88824986518912 20.72630900703696 3
    endloop
  endfacet
  facet normal 0.7891405093963998 -0.6142127126896597 7.03357857143292e-18
    outer loop
      vertex 37.88824986518912 20.72630900703696 1
      vertex 38.13186620480317 21.039307286571844 1
      vertex 38.13186620480317 21.039307286571844 3
    endloop
  endfacet
  facet normal 0.7167825131684517 -0.697296801093995 -3.04095467878269e-18
    outer loop
      vertex 38.13186620480317 21.039307286571844 1
      vertex 38.408436342147326 21.323606078423275 1
      vertex 38.408436342147326 21.323606078423275 3
    endloop
  endfacet
  facet normal 0.6357237482099584 -0.7719166509163289 4.130172759153979e-18
    outer loop
      vertex 38.408436342147326 21.323606078423275 1
      vertex 38.71460309040607 21.57575438037952 1
      vertex 38.71460309040607 21.57575438037952 3
    endloop
  endfacet
  facet normal 0.5469481581224299 -0.8371664782625264 4.814037689479668e-18
    outer loop
      vertex 38.71460309040607 21.57575438037952 1
      vertex 39.04665 21.79269145362398 1
      vertex 39.04665 21.79269145362398 3
    endloop
  endfacet
  facet normal 0.4515333583108898 -0.8922542386183938 -5.103002287099683e-18
    outer loop
      vertex 39.04665 21.79269145362398 1
      vertex 39.40054647124931 21.971783975958207 1
      vertex 39.40054647124931 21.971783975958207 3
    endloop
  endfacet
  facet normal 0.3506375551927575 -0.9365112411970535 3.2268698133480416e-18
    outer loop
      vertex 39.40054647124931 21.971783975958207 1
      vertex 39.7719966803939 22.11085800676623 1
      vertex 39.7719966803939 22.11085800676623 3
    endloop
  endfacet
  facet normal 0.24548548714079357 -0.9694002659393318 2.984806062569726e-18
    outer loop
      vertex 39.7719966803939 22.11085800676623 1
      vertex 40.15649172507454 22.208225375708704 1
      vertex 40.15649172507454 22.208225375708704 3
    endloop
  endfacet
  facet normal 0.13735355781841263 -0.9905220846375027 -2.060703610202244e-18
    outer loop
      vertex 40.15649172507454 22.208225375708704 1
      vertex 40.5493643562996 22.262704174824012 1
      vertex 40.5493643562996 22.262704174824012 3
    endloop
  endfacet
  facet normal 0.027554342368159273 -0.9996203070249515 1.7444491701627384e-20
    outer loop
      vertex 40.5493643562996 22.262704174824012 1
      vertex 40.94584563252538 22.273633105289825 1
      vertex 40.94584563252538 22.273633105289825 3
    endloop
  endfacet
  facet normal 0.993930677317948 -0.11000822099409165 0
    outer loop
      vertex 37.252116540840056 18.873315937281117 1
      vertex 37.2957493077502 19.267540525010645 3
      vertex 37.252116540840056 18.873315937281117 3
    endloop
  endfacet
  facet normal 0.9757963826274354 -0.21868109120637663 0
    outer loop
      vertex 37.2957493077502 19.267540525010645 1
      vertex 37.3824851988867 19.654572473443206 3
      vertex 37.2957493077502 19.267540525010645 3
    endloop
  endfacet
  facet normal 0.9458172417006365 -0.3246994692046781 0
    outer loop
      vertex 37.3824851988867 19.654572473443206 1
      vertex 37.51127135802671 20.02971373901221 3
      vertex 37.3824851988867 19.654572473443206 3
    endloop
  endfacet
  facet normal 0.9043571606975812 -0.42677643549639593 0
    outer loop
      vertex 37.51127135802671 20.02971373901221 1
      vertex 37.68054449565663 20.388410614933466 3
      vertex 37.51127135802671 20.02971373901221 3
    endloop
  endfacet
  facet normal 0.8519194088383211 -0.5236729139878876 0
    outer loop
      vertex 37.68054449565663 20.388410614933466 1
      vertex 37.88824986518912 20.72630900703696 3
      vertex 37.68054449565663 20.388410614933466 3
    endloop
  endfacet
  facet normal 0.7891405093963998 -0.6142127126896597 0
    outer loop
      vertex 37.88824986518912 20.72630900703696 1
      vertex 38.13186620480317 21.039307286571844 3
      vertex 37.88824986518912 20.72630900703696 3
    endloop
  endfacet
  facet normal 0.7167825131684517 -0.697296801093995 0
    outer loop
      vertex 38.13186620480317 21.039307286571844 1
      vertex 38.408436342147326 21.323606078423275 3
      vertex 38.13186620480317 21.039307286571844 3
    endloop
  endfacet
  facet normal 0.6357237482099584 -0.7719166509163289 0
    outer loop
      vertex 38.408436342147326 21.323606078423275 1
      vertex 38.71460309040607 21.57575438037952 3
      vertex 38.408436342147326 21.323606078423275 3
    endloop
  endfacet
  facet normal 0.5469481581224299 -0.8371664782625264 0
    outer loop
      vertex 38.71460309040607 21.57575438037952 1
      vertex 39.04665 21.79269145362398 3
      vertex 38.71460309040607 21.57575438037952 3
    endloop
  endfacet
  facet normal 0.4515333583108898 -0.8922542386183938 0
    outer loop
      vertex 39.04665 21.79269145362398 1
      vertex 39.40054647124931 21.971783975958207 3
      vertex 39.04665 21.79269145362398 3
    endloop
  endfacet
  facet normal 0.3506375551927575 -0.9365112411970535 0
    outer loop
      vertex 39.40054647124931 21.971783975958207 1
      vertex 39.7719966803939 22.11085800676623 3
      vertex 39.40054647124931 21.971783975958207 3
    endloop
  endfacet
  facet normal 0.24548548714079357 -0.9694002659393318 0
    outer loop
      vertex 39.7719966803939 22.11085800676623 1
      vertex 40.15649172507454 22.208225375708704 3
      vertex 39.7719966803939 22.11085800676623 3
    endloop
  endfacet
  facet normal 0.13735355781841263 -0.9905220846375027 0
    outer loop
      vertex 40.15649172507454 22.208225375708704 1
      vertex 40.5493643562996 22.262704174824012 3
      vertex 40.15649172507454 22.208225375708704 3
    endloop
  endfacet
  facet normal 0.027554342368159273 -0.9996203070249515 0
    outer loop
      vertex 40.5493643562996 22.262704174824012 1
      vertex 40.94584563252538 22.273633105289825 3
      vertex 40.5493643562996 22.262704174824012 3
    endloop
  endfacet
  facet normal -0.08257934547232974 0.9965844930066701 0
    outer loop
      vertex 40.945845632525376 15.076366894710176 1
      vertex 40.945845632525376 15.076366894710176 3
      vertex 41.34112280814627 15.109120495304989 1
    endloop
  endfacet
  facet normal -0.19171063192373688 0.9814514932524181 0
    outer loop
      vertex 41.34112280814627 15.109120495304989 1
      vertex 41.34112280814627 15.109120495304989 3
      vertex 41.730397753706875 15.18515904261841 1
    endloop
  endfacet
  facet normal -0.2985148110016914 0.9544050018795084 0
    outer loop
      vertex 41.730397753706875 15.18515904261841 1
      vertex 41.730397753706875 15.18515904261841 3
      vertex 42.10894519869392 15.303559531690603 1
    endloop
  endfacet
  facet normal -0.4016954246529719 0.9157733266550564 0
    outer loop
      vertex 42.10894519869392 15.303559531690603 1
      vertex 42.10894519869392 15.303559531690603 3
      vertex 42.4721700899192 15.462884740973783 1
    endloop
  endfacet
  facet normal -0.5000000000000047 0.866025403784436 0
    outer loop
      vertex 42.4721700899192 15.462884740973783 1
      vertex 42.4721700899192 15.462884740973783 3
      vertex 42.81566336924073 15.661200678254897 1
    endloop
  endfacet
  facet normal -0.5922352526649787 0.8057651056609793 0
    outer loop
      vertex 42.81566336924073 15.661200678254897 1
      vertex 42.81566336924073 15.661200678254897 3
      vertex 43.13525549355588 15.896100056701245 1
    endloop
  endfacet
  facet normal -0.6772815716257382 0.7357239106731343 0
    outer loop
      vertex 43.13525549355588 15.896100056701245 1
      vertex 43.13525549355588 15.896100056701245 3
      vertex 43.427067047406425 16.164731516061618 1
    endloop
  endfacet
  facet normal -0.7541066097769016 0.6567520240477281 0
    outer loop
      vertex 43.427067047406425 16.164731516061618 1
      vertex 43.427067047406425 16.164731516061618 3
      vertex 43.68755583382701 16.463834234317197 1
    endloop
  endfacet
  facet normal -0.8217778152252453 0.5698080575102661 0
    outer loop
      vertex 43.68755583382701 16.463834234317197 1
      vertex 43.68755583382701 16.463834234317197 3
      vertex 43.913559871817974 16.789777509643642 1
    endloop
  endfacet
  facet normal -0.8794737512064887 0.47594739303707423 0
    outer loop
      vertex 43.913559871817974 16.789777509643642 1
      vertex 43.913559871817974 16.789777509643642 3
      vertex 44.102335778511275 17.13860483221295 1
    endloop
  endfacet
  facet normal -0.9264940672148031 0.37630937194783237 0
    outer loop
      vertex 44.102335778511275 17.13860483221295 1
      vertex 44.102335778511275 17.13860483221295 3
      vertex 44.25159207012228 17.506081910863138 1
    endloop
  endfacet
  facet normal -0.9622680003092469 0.2721034648453477 0
    outer loop
      vertex 44.25159207012228 17.506081910863138 1
      vertex 44.25159207012228 17.506081910863138 3
      vertex 44.35951697745877 17.887748071657047 1
    endloop
  endfacet
  facet normal -0.986361303402722 0.16459459028073678 0
    outer loop
      vertex 44.35951697745877 17.887748071657047 1
      vertex 44.35951697745877 17.887748071657047 3
      vertex 44.42480043834462 18.278970404421315 1
    endloop
  endfacet
  facet normal -0.9984815164333166 0.05508776035585959 0
    outer loop
      vertex 44.42480043834462 18.278970404421315 1
      vertex 44.42480043834462 18.278970404421315 3
      vertex 44.44665 18.675 1
    endloop
  endfacet
  facet normal -0.08257934547232974 0.9965844930066701 0
    outer loop
      vertex 41.34112280814627 15.109120495304989 1
      vertex 40.945845632525376 15.076366894710176 3
      vertex 41.34112280814627 15.109120495304989 3
    endloop
  endfacet
  facet normal -0.19171063192373688 0.9814514932524181 0
    outer loop
      vertex 41.730397753706875 15.18515904261841 1
      vertex 41.34112280814627 15.109120495304989 3
      vertex 41.730397753706875 15.18515904261841 3
    endloop
  endfacet
  facet normal -0.2985148110016914 0.9544050018795084 0
    outer loop
      vertex 42.10894519869392 15.303559531690603 1
      vertex 41.730397753706875 15.18515904261841 3
      vertex 42.10894519869392 15.303559531690603 3
    endloop
  endfacet
  facet normal -0.4016954246529719 0.9157733266550564 0
    outer loop
      vertex 42.4721700899192 15.462884740973783 1
      vertex 42.10894519869392 15.303559531690603 3
      vertex 42.4721700899192 15.462884740973783 3
    endloop
  endfacet
  facet normal -0.5000000000000047 0.866025403784436 0
    outer loop
      vertex 42.81566336924073 15.661200678254897 1
      vertex 42.4721700899192 15.462884740973783 3
      vertex 42.81566336924073 15.661200678254897 3
    endloop
  endfacet
  facet normal -0.5922352526649787 0.8057651056609793 0
    outer loop
      vertex 43.13525549355588 15.896100056701245 1
      vertex 42.81566336924073 15.661200678254897 3
      vertex 43.13525549355588 15.896100056701245 3
    endloop
  endfacet
  facet normal -0.6772815716257382 0.7357239106731343 0
    outer loop
      vertex 43.427067047406425 16.164731516061618 1
      vertex 43.13525549355588 15.896100056701245 3
      vertex 43.427067047406425 16.164731516061618 3
    endloop
  endfacet
  facet normal -0.7541066097769016 0.6567520240477281 0
    outer loop
      vertex 43.68755583382701 16.463834234317197 1
      vertex 43.427067047406425 16.164731516061618 3
      vertex 43.68755583382701 16.463834234317197 3
    endloop
  endfacet
  facet normal -0.8217778152252453 0.5698080575102661 0
    outer loop
      vertex 43.913559871817974 16.789777509643642 1
      vertex 43.68755583382701 16.463834234317197 3
      vertex 43.913559871817974 16.789777509643642 3
    endloop
  endfacet
  facet normal -0.8794737512064887 0.47594739303707423 0
    outer loop
      vertex 44.102335778511275 17.13860483221295 1
      vertex 43.913559871817974 16.789777509643642 3
      vertex 44.102335778511275 17.13860483221295 3
    endloop
  endfacet
  facet normal -0.9264940672148031 0.37630937194783237 0
    outer loop
      vertex 44.25159207012228 17.506081910863138 1
      vertex 44.102335778511275 17.13860483221295 3
      vertex 44.25159207012228 17.506081910863138 3
    endloop
  endfacet
  facet normal -0.9622680003092469 0.2721034648453477 0
    outer loop
      vertex 44.35951697745877 17.887748071657047 1
      vertex 44.25159207012228 17.506081910863138 3
      vertex 44.35951697745877 17.887748071657047 3
    endloop
  endfacet
  facet normal -0.986361303402722 0.16459459028073678 0
    outer loop
      vertex 44.42480043834462 18.278970404421315 1
      vertex 44.35951697745877 17.887748071657047 3
      vertex 44.42480043834462 18.278970404421315 3
    endloop
  endfacet
  facet normal -0.9984815164333166 0.05508776035585959 4.140822473845231e-19
    outer loop
      vertex 44.42480043834462 18.278970404421315 3
      vertex 44.44665 18.675 3
      vertex 44.44665 18.675 1
    endloop
  endfacet
  facet normal -0.9984815164333166 -0.05508776035585959 0
    outer loop
      vertex 44.44665 18.675 1
      vertex 44.44665 18.675 3
      vertex 44.42480043834462 19.071029595578686 1
    endloop
  endfacet
  facet normal -0.986361303402722 -0.16459459028073678 0
    outer loop
      vertex 44.42480043834462 19.071029595578686 1
      vertex 44.42480043834462 19.071029595578686 3
      vertex 44.35951697745877 19.462251928342955 1
    endloop
  endfacet
  facet normal -0.9622680003092461 -0.27210346484535003 0
    outer loop
      vertex 44.35951697745877 19.462251928342955 1
      vertex 44.35951697745877 19.462251928342955 3
      vertex 44.25159207012228 19.84391808913686 1
    endloop
  endfacet
  facet normal -0.9264940672148042 -0.3763093719478292 0
    outer loop
      vertex 44.25159207012228 19.84391808913686 1
      vertex 44.25159207012228 19.84391808913686 3
      vertex 44.102335778511275 20.211395167787053 1
    endloop
  endfacet
  facet normal -0.8794737512064887 -0.47594739303707423 0
    outer loop
      vertex 44.102335778511275 20.211395167787053 1
      vertex 44.102335778511275 20.211395167787053 3
      vertex 43.913559871817974 20.56022249035636 1
    endloop
  endfacet
  facet normal -0.8217778152252453 -0.5698080575102661 0
    outer loop
      vertex 43.913559871817974 20.56022249035636 1
      vertex 43.913559871817974 20.56022249035636 3
      vertex 43.68755583382701 20.886165765682804 1
    endloop
  endfacet
  facet normal -0.7541066097769016 -0.6567520240477281 0
    outer loop
      vertex 43.68755583382701 20.886165765682804 1
      vertex 43.68755583382701 20.886165765682804 3
      vertex 43.427067047406425 21.185268483938383 1
    endloop
  endfacet
  facet normal -0.29851481100169247 -0.9544050018795082 3.3622641972044227e-18
    outer loop
      vertex 41.730397753706875 22.16484095738159 1
      vertex 42.10894519869391 22.0464404683094 1
      vertex 42.10894519869391 22.0464404683094 3
    endloop
  endfacet
  facet normal -0.6772815716257359 -0.7357239106731365 -6.251767957803401e-18
    outer loop
      vertex 43.13525549355588 21.453899943298754 1
      vertex 43.427067047406425 21.185268483938383 1
      vertex 43.427067047406425 21.185268483938383 3
    endloop
  endfacet
  facet normal -0.5922352526649816 -0.805765105660977 0
    outer loop
      vertex 43.13525549355588 21.453899943298754 1
      vertex 43.13525549355588 21.453899943298754 3
      vertex 42.81566336924073 21.688799321745105 1
    endloop
  endfacet
  facet normal -0.5000000000000003 -0.8660254037844385 2.4901858490555325e-18
    outer loop
      vertex 42.472170089919196 21.88711525902622 1
      vertex 42.81566336924073 21.688799321745105 1
      vertex 42.81566336924073 21.688799321745105 3
    endloop
  endfacet
  facet normal -0.40169542465296815 -0.9157733266550581 -3.3213915560529494e-18
    outer loop
      vertex 42.10894519869391 22.0464404683094 1
      vertex 42.472170089919196 21.88711525902622 1
      vertex 42.472170089919196 21.88711525902622 3
    endloop
  endfacet
  facet normal -0.08257934547233123 -0.99658449300667 -3.536034987040955e-19
    outer loop
      vertex 40.94584563252538 22.273633105289825 1
      vertex 41.34112280814627 22.240879504695013 1
      vertex 41.34112280814627 22.240879504695013 3
    endloop
  endfacet
  facet normal -0.1917106319237412 -0.9814514932524173 0
    outer loop
      vertex 41.730397753706875 22.16484095738159 1
      vertex 41.730397753706875 22.16484095738159 3
      vertex 41.34112280814627 22.240879504695013 1
    endloop
  endfacet
  facet normal -0.9984815164333166 -0.05508776035585959 0
    outer loop
      vertex 44.42480043834462 19.071029595578686 1
      vertex 44.44665 18.675 3
      vertex 44.42480043834462 19.071029595578686 3
    endloop
  endfacet
  facet normal -0.986361303402722 -0.16459459028073678 0
    outer loop
      vertex 44.35951697745877 19.462251928342955 1
      vertex 44.42480043834462 19.071029595578686 3
      vertex 44.35951697745877 19.462251928342955 3
    endloop
  endfacet
  facet normal -0.9622680003092461 -0.27210346484535003 0
    outer loop
      vertex 44.25159207012228 19.84391808913686 1
      vertex 44.35951697745877 19.462251928342955 3
      vertex 44.25159207012228 19.84391808913686 3
    endloop
  endfacet
  facet normal -0.9264940672148042 -0.3763093719478292 0
    outer loop
      vertex 44.102335778511275 20.211395167787053 1
      vertex 44.25159207012228 19.84391808913686 3
      vertex 44.102335778511275 20.211395167787053 3
    endloop
  endfacet
  facet normal -0.8794737512064887 -0.47594739303707423 0
    outer loop
      vertex 43.913559871817974 20.56022249035636 1
      vertex 44.102335778511275 20.211395167787053 3
      vertex 43.913559871817974 20.56022249035636 3
    endloop
  endfacet
  facet normal -0.8217778152252453 -0.5698080575102661 0
    outer loop
      vertex 43.68755583382701 20.886165765682804 1
      vertex 43.913559871817974 20.56022249035636 3
      vertex 43.68755583382701 20.886165765682804 3
    endloop
  endfacet
  facet normal -0.29851481100169247 -0.9544050018795082 0
    outer loop
      vertex 41.730397753706875 22.16484095738159 1
      vertex 42.10894519869391 22.0464404683094 3
      vertex 41.730397753706875 22.16484095738159 3
    endloop
  endfacet
  facet normal -0.6772815716257359 -0.7357239106731365 0
    outer loop
      vertex 43.13525549355588 21.453899943298754 1
      vertex 43.427067047406425 21.185268483938383 3
      vertex 43.13525549355588 21.453899943298754 3
    endloop
  endfacet
  facet normal -0.5000000000000003 -0.8660254037844385 0
    outer loop
      vertex 42.472170089919196 21.88711525902622 1
      vertex 42.81566336924073 21.688799321745105 3
      vertex 42.472170089919196 21.88711525902622 3
    endloop
  endfacet
  facet normal -0.40169542465296815 -0.9157733266550581 0
    outer loop
      vertex 42.10894519869391 22.0464404683094 1
      vertex 42.472170089919196 21.88711525902622 3
      vertex 42.10894519869391 22.0464404683094 3
    endloop
  endfacet
  facet normal -0.5922352526649816 -0.805765105660977 0
    outer loop
      vertex 42.81566336924073 21.688799321745105 1
      vertex 43.13525549355588 21.453899943298754 3
      vertex 42.81566336924073 21.688799321745105 3
    endloop
  endfacet
  facet normal -0.08257934547233123 -0.99658449300667 0
    outer loop
      vertex 40.94584563252538 22.273633105289825 1
      vertex 41.34112280814627 22.240879504695013 3
      vertex 40.94584563252538 22.273633105289825 3
    endloop
  endfacet
  facet normal -0.1917106319237412 -0.9814514932524173 0
    outer loop
      vertex 41.34112280814627 22.240879504695013 1
      vertex 41.730397753706875 22.16484095738159 3
      vertex 41.34112280814627 22.240879504695013 3
    endloop
  endfacet
  facet normal -0.7541066097769016 -0.6567520240477281 0
    outer loop
      vertex 43.427067047406425 21.185268483938383 1
      vertex 43.68755583382701 20.886165765682804 3
      vertex 43.427067047406425 21.185268483938383 3
    endloop
  endfacet
  facet normal 0.5469481581224299 0.8371664782625264 -4.814037689479668e-18
    outer loop
      vertex 61.04665 15.55730854637602 1
      vertex 60.71460309040607 15.77424561962048 1
      vertex 60.71460309040607 15.77424561962048 3
    endloop
  endfacet
  facet normal 0.4515333583108898 0.8922542386183938 0
    outer loop
      vertex 61.04665 15.55730854637602 1
      vertex 61.04665 15.55730854637602 3
      vertex 61.40054647124931 15.378216024041794 1
    endloop
  endfacet
  facet normal 0.6357237482099584 0.7719166509163289 0
    outer loop
      vertex 60.408436342147326 16.026393921576727 1
      vertex 60.408436342147326 16.026393921576727 3
      vertex 60.71460309040607 15.77424561962048 1
    endloop
  endfacet
  facet normal 0.7167825131684606 0.6972968010939857 -4.639475182747135e-18
    outer loop
      vertex 60.408436342147326 16.026393921576727 1
      vertex 60.131866204803174 16.310692713428157 1
      vertex 60.131866204803174 16.310692713428157 3
    endloop
  endfacet
  facet normal 0.7891405093963825 0.614212712689682 1.5345801746521718e-18
    outer loop
      vertex 60.131866204803174 16.310692713428157 1
      vertex 59.88824986518911 16.62369099296304 1
      vertex 59.88824986518911 16.62369099296304 3
    endloop
  endfacet
  facet normal 0.8519194088383292 0.5236729139878747 8.372556770071135e-18
    outer loop
      vertex 59.88824986518911 16.62369099296304 1
      vertex 59.68054449565663 16.961589385066535 1
      vertex 59.68054449565663 16.961589385066535 3
    endloop
  endfacet
  facet normal 0.9043571606975812 0.42677643549639593 2.724094150635217e-18
    outer loop
      vertex 59.68054449565663 16.961589385066535 1
      vertex 59.51127135802671 17.320286260987793 1
      vertex 59.51127135802671 17.320286260987793 3
    endloop
  endfacet
  facet normal 0.9757963826274354 0.21868109120637663 0
    outer loop
      vertex 59.2957493077502 18.082459474989356 1
      vertex 59.2957493077502 18.082459474989356 3
      vertex 59.3824851988867 17.695427526556795 1
    endloop
  endfacet
  facet normal 0.9458172417006365 0.3246994692046781 -1.976388241233104e-18
    outer loop
      vertex 59.51127135802671 17.320286260987793 1
      vertex 59.3824851988867 17.695427526556795 1
      vertex 59.3824851988867 17.695427526556795 3
    endloop
  endfacet
  facet normal 0.9939306773179502 0.11000822099407397 -1.6124719160226546e-18
    outer loop
      vertex 59.2957493077502 18.082459474989356 1
      vertex 59.25211654084006 18.476684062718885 1
      vertex 59.25211654084006 18.476684062718885 3
    endloop
  endfacet
  facet normal 0.13735355781841066 0.9905220846375029 0
    outer loop
      vertex 62.156491725074545 15.141774624291296 1
      vertex 62.156491725074545 15.141774624291296 3
      vertex 62.5493643562996 15.087295825175989 1
    endloop
  endfacet
  facet normal 0.027554342368159766 0.9996203070249515 0
    outer loop
      vertex 62.5493643562996 15.087295825175989 1
      vertex 62.5493643562996 15.087295825175989 3
      vertex 62.945845632525376 15.076366894710176 1
    endloop
  endfacet
  facet normal -0.08257934547232974 0.9965844930066701 0
    outer loop
      vertex 62.945845632525376 15.076366894710176 1
      vertex 62.945845632525376 15.076366894710176 3
      vertex 63.34112280814627 15.109120495304989 1
    endloop
  endfacet
  facet normal -0.19171063192373688 0.9814514932524181 0
    outer loop
      vertex 63.34112280814627 15.109120495304989 1
      vertex 63.34112280814627 15.109120495304989 3
      vertex 63.730397753706875 15.18515904261841 1
    endloop
  endfacet
  facet normal 0.3506375551927536 0.936511241197055 0
    outer loop
      vertex 61.40054647124931 15.378216024041794 1
      vertex 61.40054647124931 15.378216024041794 3
      vertex 61.7719966803939 15.239141993233774 1
    endloop
  endfacet
  facet normal 0.24548548714079774 0.9694002659393307 8.145832002496886e-19
    outer loop
      vertex 62.156491725074545 15.141774624291296 1
      vertex 61.7719966803939 15.239141993233774 1
      vertex 61.7719966803939 15.239141993233774 3
    endloop
  endfacet
  facet normal -0.2985148110016914 0.9544050018795084 0
    outer loop
      vertex 63.730397753706875 15.18515904261841 1
      vertex 63.730397753706875 15.18515904261841 3
      vertex 64.10894519869392 15.303559531690603 1
    endloop
  endfacet
  facet normal -0.4016954246529719 0.9157733266550564 0
    outer loop
      vertex 64.10894519869392 15.303559531690603 1
      vertex 64.10894519869392 15.303559531690603 3
      vertex 64.4721700899192 15.462884740973783 1
    endloop
  endfacet
  facet normal -0.5000000000000124 0.8660254037844315 0
    outer loop
      vertex 64.4721700899192 15.462884740973783 1
      vertex 64.4721700899192 15.462884740973783 3
      vertex 64.81566336924072 15.661200678254897 1
    endloop
  endfacet
  facet normal -0.5922352526649616 0.8057651056609917 0
    outer loop
      vertex 64.81566336924072 15.661200678254897 1
      vertex 64.81566336924072 15.661200678254897 3
      vertex 65.13525549355589 15.896100056701245 1
    endloop
  endfacet
  facet normal -0.6772815716257472 0.7357239106731259 0
    outer loop
      vertex 65.13525549355589 15.896100056701245 1
      vertex 65.13525549355589 15.896100056701245 3
      vertex 65.42706704740642 16.164731516061618 1
    endloop
  endfacet
  facet normal -0.7541066097768927 0.6567520240477384 0
    outer loop
      vertex 65.42706704740642 16.164731516061618 1
      vertex 65.42706704740642 16.164731516061618 3
      vertex 65.68755583382702 16.463834234317197 1
    endloop
  endfacet
  facet normal -0.821777815225262 0.5698080575102419 0
    outer loop
      vertex 65.68755583382702 16.463834234317197 1
      vertex 65.68755583382702 16.463834234317197 3
      vertex 65.91355987181797 16.789777509643642 1
    endloop
  endfacet
  facet normal -0.8794737512064812 0.4759473930370881 0
    outer loop
      vertex 65.91355987181797 16.789777509643642 1
      vertex 65.91355987181797 16.789777509643642 3
      vertex 66.10233577851128 17.13860483221295 1
    endloop
  endfacet
  facet normal -0.9264940672147969 0.37630937194784775 0
    outer loop
      vertex 66.10233577851128 17.13860483221295 1
      vertex 66.10233577851128 17.13860483221295 3
      vertex 66.25159207012229 17.506081910863138 1
    endloop
  endfacet
  facet normal -0.9622680003092515 0.2721034648453311 0
    outer loop
      vertex 66.25159207012229 17.506081910863138 1
      vertex 66.25159207012229 17.506081910863138 3
      vertex 66.35951697745877 17.887748071657047 1
    endloop
  endfacet
  facet normal -0.986361303402722 0.16459459028073678 0
    outer loop
      vertex 66.35951697745877 17.887748071657047 1
      vertex 66.35951697745877 17.887748071657047 3
      vertex 66.42480043834462 18.278970404421315 1
    endloop
  endfacet
  facet normal -0.9984815164333156 0.05508776035587745 0
    outer loop
      vertex 66.42480043834462 18.278970404421315 1
      vertex 66.42480043834462 18.278970404421315 3
      vertex 66.44665 18.675 1
    endloop
  endfacet
  facet normal 0.5469481581224299 0.8371664782625264 0
    outer loop
      vertex 61.04665 15.55730854637602 1
      vertex 60.71460309040607 15.77424561962048 3
      vertex 61.04665 15.55730854637602 3
    endloop
  endfacet
  facet normal 0.6357237482099584 0.7719166509163289 0
    outer loop
      vertex 60.71460309040607 15.77424561962048 1
      vertex 60.408436342147326 16.026393921576727 3
      vertex 60.71460309040607 15.77424561962048 3
    endloop
  endfacet
  facet normal 0.7167825131684606 0.6972968010939857 0
    outer loop
      vertex 60.408436342147326 16.026393921576727 1
      vertex 60.131866204803174 16.310692713428157 3
      vertex 60.408436342147326 16.026393921576727 3
    endloop
  endfacet
  facet normal 0.8519194088383292 0.5236729139878747 0
    outer loop
      vertex 59.88824986518911 16.62369099296304 1
      vertex 59.68054449565663 16.961589385066535 3
      vertex 59.88824986518911 16.62369099296304 3
    endloop
  endfacet
  facet normal 0.9043571606975812 0.42677643549639593 0
    outer loop
      vertex 59.68054449565663 16.961589385066535 1
      vertex 59.51127135802671 17.320286260987793 3
      vertex 59.68054449565663 16.961589385066535 3
    endloop
  endfacet
  facet normal 0.9458172417006365 0.3246994692046781 0
    outer loop
      vertex 59.51127135802671 17.320286260987793 1
      vertex 59.3824851988867 17.695427526556795 3
      vertex 59.51127135802671 17.320286260987793 3
    endloop
  endfacet
  facet normal 0.7891405093963825 0.614212712689682 0
    outer loop
      vertex 60.131866204803174 16.310692713428157 1
      vertex 59.88824986518911 16.62369099296304 3
      vertex 60.131866204803174 16.310692713428157 3
    endloop
  endfacet
  facet normal 0.9757963826274354 0.21868109120637663 0
    outer loop
      vertex 59.3824851988867 17.695427526556795 1
      vertex 59.2957493077502 18.082459474989356 3
      vertex 59.3824851988867 17.695427526556795 3
    endloop
  endfacet
  facet normal 0.9939306773179502 0.11000822099407397 0
    outer loop
      vertex 59.2957493077502 18.082459474989356 1
      vertex 59.25211654084006 18.476684062718885 3
      vertex 59.2957493077502 18.082459474989356 3
    endloop
  endfacet
  facet normal 1 0 0
    outer loop
      vertex 59.25211654084006 18.476684062718885 1
      vertex 59.25211654084006 18.873315937281117 3
      vertex 59.25211654084006 18.476684062718885 3
    endloop
  endfacet
  facet normal 0.13735355781841066 0.9905220846375029 0
    outer loop
      vertex 62.5493643562996 15.087295825175989 1
      vertex 62.156491725074545 15.141774624291296 3
      vertex 62.5493643562996 15.087295825175989 3
    endloop
  endfacet
  facet normal 0.027554342368159766 0.9996203070249515 0
    outer loop
      vertex 62.945845632525376 15.076366894710176 1
      vertex 62.5493643562996 15.087295825175989 3
      vertex 62.945845632525376 15.076366894710176 3
    endloop
  endfacet
  facet normal -0.08257934547232974 0.9965844930066701 0
    outer loop
      vertex 63.34112280814627 15.109120495304989 1
      vertex 62.945845632525376 15.076366894710176 3
      vertex 63.34112280814627 15.109120495304989 3
    endloop
  endfacet
  facet normal -0.19171063192373688 0.9814514932524181 0
    outer loop
      vertex 63.730397753706875 15.18515904261841 1
      vertex 63.34112280814627 15.109120495304989 3
      vertex 63.730397753706875 15.18515904261841 3
    endloop
  endfacet
  facet normal 0.4515333583108898 0.8922542386183938 0
    outer loop
      vertex 61.40054647124931 15.378216024041794 1
      vertex 61.04665 15.55730854637602 3
      vertex 61.40054647124931 15.378216024041794 3
    endloop
  endfacet
  facet normal 0.3506375551927536 0.936511241197055 0
    outer loop
      vertex 61.7719966803939 15.239141993233774 1
      vertex 61.40054647124931 15.378216024041794 3
      vertex 61.7719966803939 15.239141993233774 3
    endloop
  endfacet
  facet normal 0.24548548714079774 0.9694002659393307 0
    outer loop
      vertex 62.156491725074545 15.141774624291296 1
      vertex 61.7719966803939 15.239141993233774 3
      vertex 62.156491725074545 15.141774624291296 3
    endloop
  endfacet
  facet normal -0.2985148110016914 0.9544050018795084 0
    outer loop
      vertex 64.10894519869392 15.303559531690603 1
      vertex 63.730397753706875 15.18515904261841 3
      vertex 64.10894519869392 15.303559531690603 3
    endloop
  endfacet
  facet normal -0.4016954246529719 0.9157733266550564 0
    outer loop
      vertex 64.4721700899192 15.462884740973783 1
      vertex 64.10894519869392 15.303559531690603 3
      vertex 64.4721700899192 15.462884740973783 3
    endloop
  endfacet
  facet normal -0.5000000000000124 0.8660254037844315 0
    outer loop
      vertex 64.81566336924072 15.661200678254897 1
      vertex 64.4721700899192 15.462884740973783 3
      vertex 64.81566336924072 15.661200678254897 3
    endloop
  endfacet
  facet normal -0.5922352526649616 0.8057651056609917 0
    outer loop
      vertex 65.13525549355589 15.896100056701245 1
      vertex 64.81566336924072 15.661200678254897 3
      vertex 65.13525549355589 15.896100056701245 3
    endloop
  endfacet
  facet normal -0.6772815716257472 0.7357239106731259 0
    outer loop
      vertex 65.42706704740642 16.164731516061618 1
      vertex 65.13525549355589 15.896100056701245 3
      vertex 65.42706704740642 16.164731516061618 3
    endloop
  endfacet
  facet normal -0.7541066097768927 0.6567520240477384 0
    outer loop
      vertex 65.68755583382702 16.463834234317197 1
      vertex 65.42706704740642 16.164731516061618 3
      vertex 65.68755583382702 16.463834234317197 3
    endloop
  endfacet
  facet normal -0.821777815225262 0.5698080575102419 0
    outer loop
      vertex 65.91355987181797 16.789777509643642 1
      vertex 65.68755583382702 16.463834234317197 3
      vertex 65.91355987181797 16.789777509643642 3
    endloop
  endfacet
  facet normal -0.8794737512064812 0.4759473930370881 0
    outer loop
      vertex 66.10233577851128 17.13860483221295 1
      vertex 65.91355987181797 16.789777509643642 3
      vertex 66.10233577851128 17.13860483221295 3
    endloop
  endfacet
  facet normal -0.9264940672147969 0.37630937194784775 0
    outer loop
      vertex 66.25159207012229 17.506081910863138 1
      vertex 66.10233577851128 17.13860483221295 3
      vertex 66.25159207012229 17.506081910863138 3
    endloop
  endfacet
  facet normal -0.9622680003092515 0.2721034648453311 0
    outer loop
      vertex 66.35951697745877 17.887748071657047 1
      vertex 66.25159207012229 17.506081910863138 3
      vertex 66.35951697745877 17.887748071657047 3
    endloop
  endfacet
  facet normal -0.986361303402722 0.16459459028073678 0
    outer loop
      vertex 66.42480043834462 18.278970404421315 1
      vertex 66.35951697745877 17.887748071657047 3
      vertex 66.42480043834462 18.278970404421315 3
    endloop
  endfacet
  facet normal -0.9984815164333156 0.05508776035587745 7.141650512867004e-19
    outer loop
      vertex 66.42480043834462 18.278970404421315 3
      vertex 66.44665 18.675 3
      vertex 66.44665 18.675 1
    endloop
  endfacet
  facet normal 1 0 0
    outer loop
      vertex 59.25211654084006 18.476684062718885 1
      vertex 59.25211654084006 18.873315937281117 1
      vertex 59.25211654084006 18.873315937281117 3
    endloop
  endfacet
  facet normal 0.9939306773179502 -0.11000822099407397 1.6124719160226546e-18
    outer loop
      vertex 59.25211654084006 18.873315937281117 1
      vertex 59.2957493077502 19.267540525010645 1
      vertex 59.2957493077502 19.267540525010645 3
    endloop
  endfacet
  facet normal 0.9757963826274354 -0.21868109120637663 -4.160703099964506e-18
    outer loop
      vertex 59.2957493077502 19.267540525010645 1
      vertex 59.3824851988867 19.654572473443206 1
      vertex 59.3824851988867 19.654572473443206 3
    endloop
  endfacet
  facet normal 0.9458172417006365 -0.3246994692046781 1.976388241233104e-18
    outer loop
      vertex 59.3824851988867 19.654572473443206 1
      vertex 59.51127135802671 20.02971373901221 1
      vertex 59.51127135802671 20.02971373901221 3
    endloop
  endfacet
  facet normal 0.9043571606975812 -0.42677643549639593 -2.724094150635217e-18
    outer loop
      vertex 59.51127135802671 20.02971373901221 1
      vertex 59.68054449565663 20.388410614933466 1
      vertex 59.68054449565663 20.388410614933466 3
    endloop
  endfacet
  facet normal 0.8519194088383292 -0.5236729139878747 -8.372556770071135e-18
    outer loop
      vertex 59.68054449565663 20.388410614933466 1
      vertex 59.88824986518911 20.72630900703696 1
      vertex 59.88824986518911 20.72630900703696 3
    endloop
  endfacet
  facet normal 0.7891405093963825 -0.614212712689682 -1.5345801746521718e-18
    outer loop
      vertex 59.88824986518911 20.72630900703696 1
      vertex 60.131866204803174 21.039307286571844 1
      vertex 60.131866204803174 21.039307286571844 3
    endloop
  endfacet
  facet normal 0.7167825131684606 -0.6972968010939857 4.639475182747135e-18
    outer loop
      vertex 60.131866204803174 21.039307286571844 1
      vertex 60.408436342147326 21.323606078423275 1
      vertex 60.408436342147326 21.323606078423275 3
    endloop
  endfacet
  facet normal 0.6357237482099584 -0.7719166509163289 4.130172759153979e-18
    outer loop
      vertex 60.408436342147326 21.323606078423275 1
      vertex 60.71460309040607 21.57575438037952 1
      vertex 60.71460309040607 21.57575438037952 3
    endloop
  endfacet
  facet normal 0.5469481581224299 -0.8371664782625264 4.814037689479668e-18
    outer loop
      vertex 60.71460309040607 21.57575438037952 1
      vertex 61.04665 21.79269145362398 1
      vertex 61.04665 21.79269145362398 3
    endloop
  endfacet
  facet normal -0.962268000309251 -0.2721034648453335 0
    outer loop
      vertex 66.35951697745877 19.462251928342955 1
      vertex 66.35951697745877 19.462251928342955 3
      vertex 66.25159207012229 19.84391808913686 1
    endloop
  endfacet
  facet normal -0.926494067214798 -0.37630937194784464 0
    outer loop
      vertex 66.25159207012229 19.84391808913686 1
      vertex 66.25159207012229 19.84391808913686 3
      vertex 66.10233577851128 20.211395167787053 1
    endloop
  endfacet
  facet normal -0.8794737512064812 -0.4759473930370881 0
    outer loop
      vertex 66.10233577851128 20.211395167787053 1
      vertex 66.10233577851128 20.211395167787053 3
      vertex 65.91355987181797 20.56022249035636 1
    endloop
  endfacet
  facet normal -0.7541066097768927 -0.6567520240477384 0
    outer loop
      vertex 65.68755583382702 20.886165765682804 1
      vertex 65.68755583382702 20.886165765682804 3
      vertex 65.42706704740642 21.185268483938383 1
    endloop
  endfacet
  facet normal -0.821777815225262 -0.5698080575102419 4.488289588933176e-19
    outer loop
      vertex 65.68755583382702 20.886165765682804 1
      vertex 65.91355987181797 20.56022249035636 1
      vertex 65.91355987181797 20.56022249035636 3
    endloop
  endfacet
  facet normal 0.4515333583108898 -0.8922542386183938 -5.103002287099683e-18
    outer loop
      vertex 61.04665 21.79269145362398 1
      vertex 61.40054647124931 21.971783975958207 1
      vertex 61.40054647124931 21.971783975958207 3
    endloop
  endfacet
  facet normal 0.3506375551927575 -0.9365112411970535 3.2268698133480416e-18
    outer loop
      vertex 61.40054647124931 21.971783975958207 1
      vertex 61.7719966803939 22.11085800676623 1
      vertex 61.7719966803939 22.11085800676623 3
    endloop
  endfacet
  facet normal 0.24548548714079357 -0.9694002659393318 2.984806062569726e-18
    outer loop
      vertex 61.7719966803939 22.11085800676623 1
      vertex 62.15649172507454 22.208225375708704 1
      vertex 62.15649172507454 22.208225375708704 3
    endloop
  endfacet
  facet normal 0.13735355781841263 -0.9905220846375027 -2.060703610202244e-18
    outer loop
      vertex 62.15649172507454 22.208225375708704 1
      vertex 62.5493643562996 22.262704174824012 1
      vertex 62.5493643562996 22.262704174824012 3
    endloop
  endfacet
  facet normal 0.027554342368159766 -0.9996203070249515 5.315671883482999e-19
    outer loop
      vertex 62.5493643562996 22.262704174824012 1
      vertex 62.945845632525376 22.273633105289825 1
      vertex 62.945845632525376 22.273633105289825 3
    endloop
  endfacet
  facet normal -0.08257934547232974 -0.9965844930066701 -7.007565681964978e-19
    outer loop
      vertex 62.945845632525376 22.273633105289825 1
      vertex 63.34112280814627 22.240879504695013 1
      vertex 63.34112280814627 22.240879504695013 3
    endloop
  endfacet
  facet normal -0.1917106319237412 -0.9814514932524173 0
    outer loop
      vertex 63.730397753706875 22.16484095738159 1
      vertex 63.730397753706875 22.16484095738159 3
      vertex 63.34112280814627 22.240879504695013 1
    endloop
  endfacet
  facet normal -0.5922352526649816 -0.805765105660977 -8.121142754806033e-18
    outer loop
      vertex 64.81566336924074 21.688799321745105 1
      vertex 65.13525549355589 21.453899943298754 1
      vertex 65.13525549355589 21.453899943298754 3
    endloop
  endfacet
  facet normal -0.2985148110016873 -0.9544050018795096 1.2445425239805648e-18
    outer loop
      vertex 63.730397753706875 22.16484095738159 1
      vertex 64.10894519869392 22.0464404683094 1
      vertex 64.10894519869392 22.0464404683094 3
    endloop
  endfacet
  facet normal -0.40169542465296815 -0.9157733266550581 -3.3213915560529494e-18
    outer loop
      vertex 64.10894519869392 22.0464404683094 1
      vertex 64.4721700899192 21.88711525902622 1
      vertex 64.4721700899192 21.88711525902622 3
    endloop
  endfacet
  facet normal -0.5000000000000003 -0.8660254037844385 0
    outer loop
      vertex 64.81566336924074 21.688799321745105 1
      vertex 64.81566336924074 21.688799321745105 3
      vertex 64.4721700899192 21.88711525902622 1
    endloop
  endfacet
  facet normal -0.6772815716257448 -0.7357239106731283 0
    outer loop
      vertex 65.42706704740642 21.185268483938383 1
      vertex 65.42706704740642 21.185268483938383 3
      vertex 65.13525549355589 21.453899943298754 1
    endloop
  endfacet
  facet normal -0.9984815164333156 -0.05508776035587745 0
    outer loop
      vertex 66.44665 18.675 1
      vertex 66.44665 18.675 3
      vertex 66.42480043834462 19.071029595578686 1
    endloop
  endfacet
  facet normal -0.986361303402722 -0.16459459028073678 1.5210448803532922e-18
    outer loop
      vertex 66.35951697745877 19.462251928342955 1
      vertex 66.42480043834462 19.071029595578686 1
      vertex 66.42480043834462 19.071029595578686 3
    endloop
  endfacet
  facet normal 0.9939306773179502 -0.11000822099407397 0
    outer loop
      vertex 59.25211654084006 18.873315937281117 1
      vertex 59.2957493077502 19.267540525010645 3
      vertex 59.25211654084006 18.873315937281117 3
    endloop
  endfacet
  facet normal 0.9757963826274354 -0.21868109120637663 0
    outer loop
      vertex 59.2957493077502 19.267540525010645 1
      vertex 59.3824851988867 19.654572473443206 3
      vertex 59.2957493077502 19.267540525010645 3
    endloop
  endfacet
  facet normal 0.9458172417006365 -0.3246994692046781 0
    outer loop
      vertex 59.3824851988867 19.654572473443206 1
      vertex 59.51127135802671 20.02971373901221 3
      vertex 59.3824851988867 19.654572473443206 3
    endloop
  endfacet
  facet normal 0.9043571606975812 -0.42677643549639593 0
    outer loop
      vertex 59.51127135802671 20.02971373901221 1
      vertex 59.68054449565663 20.388410614933466 3
      vertex 59.51127135802671 20.02971373901221 3
    endloop
  endfacet
  facet normal 0.8519194088383292 -0.5236729139878747 0
    outer loop
      vertex 59.68054449565663 20.388410614933466 1
      vertex 59.88824986518911 20.72630900703696 3
      vertex 59.68054449565663 20.388410614933466 3
    endloop
  endfacet
  facet normal 0.7891405093963825 -0.614212712689682 0
    outer loop
      vertex 59.88824986518911 20.72630900703696 1
      vertex 60.131866204803174 21.039307286571844 3
      vertex 59.88824986518911 20.72630900703696 3
    endloop
  endfacet
  facet normal 0.7167825131684606 -0.6972968010939857 0
    outer loop
      vertex 60.131866204803174 21.039307286571844 1
      vertex 60.408436342147326 21.323606078423275 3
      vertex 60.131866204803174 21.039307286571844 3
    endloop
  endfacet
  facet normal 0.6357237482099584 -0.7719166509163289 0
    outer loop
      vertex 60.408436342147326 21.323606078423275 1
      vertex 60.71460309040607 21.57575438037952 3
      vertex 60.408436342147326 21.323606078423275 3
    endloop
  endfacet
  facet normal 0.5469481581224299 -0.8371664782625264 0
    outer loop
      vertex 60.71460309040607 21.57575438037952 1
      vertex 61.04665 21.79269145362398 3
      vertex 60.71460309040607 21.57575438037952 3
    endloop
  endfacet
  facet normal 0.4515333583108898 -0.8922542386183938 0
    outer loop
      vertex 61.04665 21.79269145362398 1
      vertex 61.40054647124931 21.971783975958207 3
      vertex 61.04665 21.79269145362398 3
    endloop
  endfacet
  facet normal -0.962268000309251 -0.2721034648453335 0
    outer loop
      vertex 66.25159207012229 19.84391808913686 1
      vertex 66.35951697745877 19.462251928342955 3
      vertex 66.25159207012229 19.84391808913686 3
    endloop
  endfacet
  facet normal -0.926494067214798 -0.37630937194784464 0
    outer loop
      vertex 66.10233577851128 20.211395167787053 1
      vertex 66.25159207012229 19.84391808913686 3
      vertex 66.10233577851128 20.211395167787053 3
    endloop
  endfacet
  facet normal -0.8794737512064812 -0.4759473930370881 0
    outer loop
      vertex 65.91355987181797 20.56022249035636 1
      vertex 66.10233577851128 20.211395167787053 3
      vertex 65.91355987181797 20.56022249035636 3
    endloop
  endfacet
  facet normal -0.821777815225262 -0.5698080575102419 0
    outer loop
      vertex 65.68755583382702 20.886165765682804 1
      vertex 65.91355987181797 20.56022249035636 3
      vertex 65.68755583382702 20.886165765682804 3
    endloop
  endfacet
  facet normal 0.3506375551927575 -0.9365112411970535 0
    outer loop
      vertex 61.40054647124931 21.971783975958207 1
      vertex 61.7719966803939 22.11085800676623 3
      vertex 61.40054647124931 21.971783975958207 3
    endloop
  endfacet
  facet normal 0.24548548714079357 -0.9694002659393318 0
    outer loop
      vertex 61.7719966803939 22.11085800676623 1
      vertex 62.15649172507454 22.208225375708704 3
      vertex 61.7719966803939 22.11085800676623 3
    endloop
  endfacet
  facet normal 0.13735355781841263 -0.9905220846375027 0
    outer loop
      vertex 62.15649172507454 22.208225375708704 1
      vertex 62.5493643562996 22.262704174824012 3
      vertex 62.15649172507454 22.208225375708704 3
    endloop
  endfacet
  facet normal 0.027554342368159766 -0.9996203070249515 0
    outer loop
      vertex 62.5493643562996 22.262704174824012 1
      vertex 62.945845632525376 22.273633105289825 3
      vertex 62.5493643562996 22.262704174824012 3
    endloop
  endfacet
  facet normal -0.08257934547232974 -0.9965844930066701 0
    outer loop
      vertex 62.945845632525376 22.273633105289825 1
      vertex 63.34112280814627 22.240879504695013 3
      vertex 62.945845632525376 22.273633105289825 3
    endloop
  endfacet
  facet normal -0.1917106319237412 -0.9814514932524173 0
    outer loop
      vertex 63.34112280814627 22.240879504695013 1
      vertex 63.730397753706875 22.16484095738159 3
      vertex 63.34112280814627 22.240879504695013 3
    endloop
  endfacet
  facet normal -0.2985148110016873 -0.9544050018795096 0
    outer loop
      vertex 63.730397753706875 22.16484095738159 1
      vertex 64.10894519869392 22.0464404683094 3
      vertex 63.730397753706875 22.16484095738159 3
    endloop
  endfacet
  facet normal -0.40169542465296815 -0.9157733266550581 0
    outer loop
      vertex 64.10894519869392 22.0464404683094 1
      vertex 64.4721700899192 21.88711525902622 3
      vertex 64.10894519869392 22.0464404683094 3
    endloop
  endfacet
  facet normal -0.5000000000000003 -0.8660254037844385 0
    outer loop
      vertex 64.4721700899192 21.88711525902622 1
      vertex 64.81566336924074 21.688799321745105 3
      vertex 64.4721700899192 21.88711525902622 3
    endloop
  endfacet
  facet normal -0.5922352526649816 -0.805765105660977 0
    outer loop
      vertex 64.81566336924074 21.688799321745105 1
      vertex 65.13525549355589 21.453899943298754 3
      vertex 64.81566336924074 21.688799321745105 3
    endloop
  endfacet
  facet normal -0.7541066097768927 -0.6567520240477384 0
    outer loop
      vertex 65.42706704740642 21.185268483938383 1
      vertex 65.68755583382702 20.886165765682804 3
      vertex 65.42706704740642 21.185268483938383 3
    endloop
  endfacet
  facet normal -0.6772815716257448 -0.7357239106731283 0
    outer loop
      vertex 65.13525549355589 21.453899943298754 1
      vertex 65.42706704740642 21.185268483938383 3
      vertex 65.13525549355589 21.453899943298754 3
    endloop
  endfacet
  facet normal -0.9984815164333156 -0.05508776035587745 0
    outer loop
      vertex 66.42480043834462 19.071029595578686 1
      vertex 66.44665 18.675 3
      vertex 66.42480043834462 19.071029595578686 3
    endloop
  endfacet
  facet normal -0.986361303402722 -0.16459459028073678 0
    outer loop
      vertex 66.35951697745877 19.462251928342955 1
      vertex 66.42480043834462 19.071029595578686 3
      vertex 66.35951697745877 19.462251928342955 3
    endloop
  endfacet
  facet normal 0.42166513345018264 0.9067516281939834 0
    outer loop
      vertex 16.454351323104728 14.001734863018669 0
      vertex 16.454351323104728 14.001734863018669 1
      vertex 16.814635939688355 13.834192334052531 0
    endloop
  endfacet
  facet normal 0.3518810151318332 0.9360447378142727 -8.510831442743391e-18
    outer loop
      vertex 17.186559748791673 13.694377513016764 0
      vertex 16.814635939688355 13.834192334052531 0
      vertex 16.814635939688355 13.834192334052531 1
    endloop
  endfacet
  facet normal 0.2800813542249073 0.9599762679439227 0
    outer loop
      vertex 17.186559748791673 13.694377513016764 0
      vertex 17.186559748791673 13.694377513016764 1
      vertex 17.56799240451729 13.583091246544733 0
    endloop
  endfacet
  facet normal 0.20667741268495432 0.9784091409455725 0
    outer loop
      vertex 17.56799240451729 13.583091246544733 0
      vertex 17.56799240451729 13.583091246544733 1
      vertex 17.956749095155487 13.50097097229278 0
    endloop
  endfacet
  facet normal 0.1320896416417002 0.9912377749919375 0
    outer loop
      vertex 17.956749095155487 13.50097097229278 0
      vertex 17.956749095155487 13.50097097229278 1
      vertex 18.35060305758783 13.448487067755067 0
    endloop
  endfacet
  facet normal 0.056745273093077205 0.998388688828951 0
    outer loop
      vertex 18.35060305758783 13.448487067755067 0
      vertex 18.35060305758783 13.448487067755067 1
      vertex 18.74729833198465 13.425940155983877 0
    endloop
  endfacet
  facet normal -0.018924127241020307 0.9998209226697378 0
    outer loop
      vertex 18.74729833198465 13.425940155983877 0
      vertex 18.74729833198465 13.425940155983877 1
      vertex 19.144562683738634 13.433459383648007 0
    endloop
  endfacet
  facet normal -0.09448513188802883 0.9955262728085592 0
    outer loop
      vertex 19.144562683738634 13.433459383648007 0
      vertex 19.144562683738634 13.433459383648007 1
      vertex 19.540120618618932 13.471001681292329 0
    endloop
  endfacet
  facet normal -0.1695049342560994 0.9855293386108986 0
    outer loop
      vertex 19.540120618618932 13.471001681292329 0
      vertex 19.540120618618932 13.471001681292329 1
      vertex 19.931706416596 13.538352010035744 0
    endloop
  endfacet
  facet normal -0.2435538277109913 0.9698873816105275 0
    outer loop
      vertex 19.931706416596 13.538352010035744 0
      vertex 19.931706416596 13.538352010035744 1
      vertex 20.31707710968076 13.635124593294407 0
    endloop
  endfacet
  facet normal 0.42166513345018264 0.9067516281939834 0
    outer loop
      vertex 16.814635939688355 13.834192334052531 0
      vertex 16.454351323104728 14.001734863018669 1
      vertex 16.814635939688355 13.834192334052531 1
    endloop
  endfacet
  facet normal 0.3518810151318332 0.9360447378142727 0
    outer loop
      vertex 17.186559748791673 13.694377513016764 0
      vertex 16.814635939688355 13.834192334052531 1
      vertex 17.186559748791673 13.694377513016764 1
    endloop
  endfacet
  facet normal 0.2800813542249073 0.9599762679439227 0
    outer loop
      vertex 17.56799240451729 13.583091246544733 0
      vertex 17.186559748791673 13.694377513016764 1
      vertex 17.56799240451729 13.583091246544733 1
    endloop
  endfacet
  facet normal 0.20667741268495432 0.9784091409455725 0
    outer loop
      vertex 17.956749095155487 13.50097097229278 0
      vertex 17.56799240451729 13.583091246544733 1
      vertex 17.956749095155487 13.50097097229278 1
    endloop
  endfacet
  facet normal 0.1320896416417002 0.9912377749919375 0
    outer loop
      vertex 18.35060305758783 13.448487067755067 0
      vertex 17.956749095155487 13.50097097229278 1
      vertex 18.35060305758783 13.448487067755067 1
    endloop
  endfacet
  facet normal 0.056745273093077205 0.998388688828951 0
    outer loop
      vertex 18.74729833198465 13.425940155983877 0
      vertex 18.35060305758783 13.448487067755067 1
      vertex 18.74729833198465 13.425940155983877 1
    endloop
  endfacet
  facet normal -0.018924127241020307 0.9998209226697378 0
    outer loop
      vertex 19.144562683738634 13.433459383648007 0
      vertex 18.74729833198465 13.425940155983877 1
      vertex 19.144562683738634 13.433459383648007 1
    endloop
  endfacet
  facet normal -0.09448513188802883 0.9955262728085592 0
    outer loop
      vertex 19.540120618618932 13.471001681292329 0
      vertex 19.144562683738634 13.433459383648007 1
      vertex 19.540120618618932 13.471001681292329 1
    endloop
  endfacet
  facet normal -0.1695049342560994 0.9855293386108986 0
    outer loop
      vertex 19.931706416596 13.538352010035744 0
      vertex 19.540120618618932 13.471001681292329 1
      vertex 19.931706416596 13.538352010035744 1
    endloop
  endfacet
  facet normal -0.2435538277109913 0.9698873816105275 0
    outer loop
      vertex 20.31707710968076 13.635124593294407 0
      vertex 19.931706416596 13.538352010035744 1
      vertex 20.31707710968076 13.635124593294407 1
    endloop
  endfacet
  facet normal 0.6728725243729199 0.7397584510798199 0
    outer loop
      vertex 15.169633291925404 14.927727908392523 0
      vertex 15.169633291925404 14.927727908392523 1
      vertex 15.463565590059392 14.660371763759834 0
    endloop
  endfacet
  facet normal 0.7268924518431444 0.6867513112135003 -1.376346942093717e-17
    outer loop
      vertex 15.169633291925404 14.927727908392523 0
      vertex 14.896762612507196 15.216548088215584 0
      vertex 14.896762612507196 15.216548088215584 1
    endloop
  endfacet
  facet normal 0.8221560116948079 0.569262235208069 -3.6149541441844084e-18
    outer loop
      vertex 14.64651653034549 15.525177967394349 0
      vertex 14.420328432336802 15.851849741930186 0
      vertex 14.420328432336802 15.851849741930186 1
    endloop
  endfacet
  facet normal 0.7767488051760839 0.6298105220282731 0
    outer loop
      vertex 14.64651653034549 15.525177967394349 0
      vertex 14.64651653034549 15.525177967394349 1
      vertex 14.896762612507196 15.216548088215584 0
    endloop
  endfacet
  facet normal 0.8628539830324232 0.5054532658565801 -2.652544666687405e-18
    outer loop
      vertex 14.420328432336802 15.851849741930186 0
      vertex 14.21949390342309 16.194692265481727 0
      vertex 14.21949390342309 16.194692265481727 1
    endloop
  endfacet
  facet normal 0.929218072317564 0.36953183094075953 0
    outer loop
      vertex 13.898335188740216 16.920953099638705 0
      vertex 13.898335188740216 16.920953099638705 1
      vertex 14.045163305598535 16.551741767121648 0
    endloop
  endfacet
  facet normal 0.9545040627715543 0.2981979110466686 -7.11054508812949e-18
    outer loop
      vertex 13.898335188740216 16.920953099638705 0
      vertex 13.779850571004847 17.300211453955765 0
      vertex 13.779850571004847 17.300211453955765 1
    endloop
  endfacet
  facet normal 0.898609604894686 0.4387491059717572 3.3854533426544176e-18
    outer loop
      vertex 14.21949390342309 16.194692265481727 0
      vertex 14.045163305598535 16.551741767121648 0
      vertex 14.045163305598535 16.551741767121648 1
    endloop
  endfacet
  facet normal 0.9743227403932148 0.2251559405226882 2.04900603628497e-18
    outer loop
      vertex 13.779850571004847 17.300211453955765 0
      vertex 13.690388121552935 17.68734447256467 0
      vertex 13.690388121552935 17.68734447256467 1
    endloop
  endfacet
  facet normal 0.9885605855918874 0.15082429716138135 -2.812350398171876e-19
    outer loop
      vertex 13.690388121552935 17.68734447256467 0
      vertex 13.630460273193275 18.080134692593333 0
      vertex 13.630460273193275 18.080134692593333 1
    endloop
  endfacet
  facet normal 0.9971360452796522 0.07562874588445634 6.511338744882229e-19
    outer loop
      vertex 13.630460273193275 18.080134692593333 0
      vertex 13.600410287214256 18.476332247232232 0
      vertex 13.600410287214256 18.476332247232232 1
    endloop
  endfacet
  facet normal 0.6149984440179523 0.7885283215303669 1.2647380205397661e-17
    outer loop
      vertex 15.776875889323751 14.41601104610239 0
      vertex 15.463565590059392 14.660371763759834 0
      vertex 15.463565590059392 14.660371763759834 1
    endloop
  endfacet
  facet normal 0.5536017082694823 0.8327815731637624 0
    outer loop
      vertex 15.776875889323751 14.41601104610239 0
      vertex 15.776875889323751 14.41601104610239 1
      vertex 16.107769576697454 14.1960454314818 0
    endloop
  endfacet
  facet normal 0.48903399206983666 0.8722647273621918 -3.466903857793829e-18
    outer loop
      vertex 16.454351323104728 14.001734863018669 0
      vertex 16.107769576697454 14.1960454314818 0
      vertex 16.107769576697454 14.1960454314818 1
    endloop
  endfacet
  facet normal 0.7268924518431444 0.6867513112135003 0
    outer loop
      vertex 15.169633291925404 14.927727908392523 0
      vertex 14.896762612507196 15.216548088215584 1
      vertex 15.169633291925404 14.927727908392523 1
    endloop
  endfacet
  facet normal 0.8221560116948079 0.569262235208069 0
    outer loop
      vertex 14.64651653034549 15.525177967394349 0
      vertex 14.420328432336802 15.851849741930186 1
      vertex 14.64651653034549 15.525177967394349 1
    endloop
  endfacet
  facet normal 0.7767488051760839 0.6298105220282731 0
    outer loop
      vertex 14.896762612507196 15.216548088215584 0
      vertex 14.64651653034549 15.525177967394349 1
      vertex 14.896762612507196 15.216548088215584 1
    endloop
  endfacet
  facet normal 0.8628539830324232 0.5054532658565801 0
    outer loop
      vertex 14.420328432336802 15.851849741930186 0
      vertex 14.21949390342309 16.194692265481727 1
      vertex 14.420328432336802 15.851849741930186 1
    endloop
  endfacet
  facet normal 0.898609604894686 0.4387491059717572 0
    outer loop
      vertex 14.21949390342309 16.194692265481727 0
      vertex 14.045163305598535 16.551741767121648 1
      vertex 14.21949390342309 16.194692265481727 1
    endloop
  endfacet
  facet normal 0.929218072317564 0.36953183094075953 0
    outer loop
      vertex 14.045163305598535 16.551741767121648 0
      vertex 13.898335188740216 16.920953099638705 1
      vertex 14.045163305598535 16.551741767121648 1
    endloop
  endfacet
  facet normal 0.9545040627715543 0.2981979110466686 0
    outer loop
      vertex 13.898335188740216 16.920953099638705 0
      vertex 13.779850571004847 17.300211453955765 1
      vertex 13.898335188740216 16.920953099638705 1
    endloop
  endfacet
  facet normal 0.9743227403932148 0.2251559405226882 0
    outer loop
      vertex 13.779850571004847 17.300211453955765 0
      vertex 13.690388121552935 17.68734447256467 1
      vertex 13.779850571004847 17.300211453955765 1
    endloop
  endfacet
  facet normal 0.9885605855918874 0.15082429716138135 0
    outer loop
      vertex 13.690388121552935 17.68734447256467 0
      vertex 13.630460273193275 18.080134692593333 1
      vertex 13.690388121552935 17.68734447256467 1
    endloop
  endfacet
  facet normal 0.9971360452796522 0.07562874588445634 0
    outer loop
      vertex 13.630460273193275 18.080134692593333 0
      vertex 13.600410287214256 18.476332247232232 1
      vertex 13.630460273193275 18.080134692593333 1
    endloop
  endfacet
  facet normal 1 0 0
    outer loop
      vertex 13.600410287214256 18.476332247232232 0
      vertex 13.600410287214256 18.87366775276777 1
      vertex 13.600410287214256 18.476332247232232 1
    endloop
  endfacet
  facet normal 0.6149984440179523 0.7885283215303669 0
    outer loop
      vertex 15.776875889323751 14.41601104610239 0
      vertex 15.463565590059392 14.660371763759834 1
      vertex 15.776875889323751 14.41601104610239 1
    endloop
  endfacet
  facet normal 0.5536017082694823 0.8327815731637624 0
    outer loop
      vertex 16.107769576697454 14.1960454314818 0
      vertex 15.776875889323751 14.41601104610239 1
      vertex 16.107769576697454 14.1960454314818 1
    endloop
  endfacet
  facet normal 0.48903399206983666 0.8722647273621918 0
    outer loop
      vertex 16.454351323104728 14.001734863018669 0
      vertex 16.107769576697454 14.1960454314818 1
      vertex 16.454351323104728 14.001734863018669 1
    endloop
  endfacet
  facet normal 0.6728725243729199 0.7397584510798199 0
    outer loop
      vertex 15.463565590059392 14.660371763759834 0
      vertex 15.169633291925404 14.927727908392523 1
      vertex 15.463565590059392 14.660371763759834 1
    endloop
  endfacet
  facet normal 0 0 -1
    outer loop
      vertex 18.35060305758783 13.448487067755067 1
      vertex 18.5493643562996 15.087295825175989 1
      vertex 18.74729833198465 13.425940155983877 1
    endloop
  endfacet
  facet normal 0 0 -1
    outer loop
      vertex 18.74729833198465 13.425940155983877 1
      vertex 18.94584563252538 15.076366894710176 1
      vertex 19.144562683738634 13.433459383648007 1
    endloop
  endfacet
  facet normal 0 0 -1
    outer loop
      vertex 19.144562683738634 13.433459383648007 1
      vertex 18.94584563252538 15.076366894710176 1
      vertex 19.540120618618932 13.471001681292329 1
    endloop
  endfacet
  facet normal 0 0 -1
    outer loop
      vertex 15.169633291925404 14.927727908392523 1
      vertex 15.295749307750196 18.082459474989356 1
      vertex 15.463565590059392 14.660371763759834 1
    endloop
  endfacet
  facet normal 0 0 -1
    outer loop
      vertex 15.169633291925404 14.927727908392523 1
      vertex 15.25211654084006 18.476684062718885 1
      vertex 15.295749307750196 18.082459474989356 1
    endloop
  endfacet
  facet normal 0 0 -1
    outer loop
      vertex 15.169633291925404 14.927727908392523 1
      vertex 14.896762612507196 15.216548088215584 1
      vertex 14.896762612507196 22.13345191178442 1
    endloop
  endfacet
  facet normal 0 0 -1
    outer loop
      vertex 13.898335188740216 16.920953099638705 1
      vertex 13.779850571004847 17.300211453955765 1
      vertex 13.779850571004847 20.049788546044237 1
    endloop
  endfacet
  facet normal 0 0 -1
    outer loop
      vertex 13.898335188740216 16.920953099638705 1
      vertex 13.898335188740216 20.429046900361296 1
      vertex 14.045163305598535 16.551741767121648 1
    endloop
  endfacet
  facet normal 0 0 -1
    outer loop
      vertex 13.779850571004847 17.300211453955765 1
      vertex 13.690388121552935 17.68734447256467 1
      vertex 13.690388121552935 19.66265552743533 1
    endloop
  endfacet
  facet normal 0 0 -1
    outer loop
      vertex 13.690388121552935 17.68734447256467 1
      vertex 13.630460273193275 18.080134692593333 1
      vertex 13.630460273193275 19.26986530740667 1
    endloop
  endfacet
  facet normal 0 0 -1
    outer loop
      vertex 13.630460273193275 18.080134692593333 1
      vertex 13.600410287214256 18.476332247232232 1
      vertex 13.600410287214256 18.87366775276777 1
    endloop
  endfacet
  facet normal 0 0 -1
    outer loop
      vertex 14.420328432336802 15.851849741930186 1
      vertex 14.21949390342309 16.194692265481727 1
      vertex 14.21949390342309 21.155307734518274 1
    endloop
  endfacet
  facet normal 0 0 -1
    outer loop
      vertex 14.64651653034549 15.525177967394349 1
      vertex 14.420328432336802 15.851849741930186 1
      vertex 14.420328432336802 21.498150258069813 1
    endloop
  endfacet
  facet normal 0 0 -1
    outer loop
      vertex 14.21949390342309 16.194692265481727 1
      vertex 14.045163305598535 16.551741767121648 1
      vertex 14.045163305598535 20.798258232878354 1
    endloop
  endfacet
  facet normal 0 0 -1
    outer loop
      vertex 14.64651653034549 15.525177967394349 1
      vertex 14.64651653034549 21.824822032605653 1
      vertex 14.896762612507196 15.216548088215584 1
    endloop
  endfacet
  facet normal 0 0 -1
    outer loop
      vertex 15.169633291925404 14.927727908392523 1
      vertex 15.169633291925404 22.42227209160748 1
      vertex 15.25211654084006 18.476684062718885 1
    endloop
  endfacet
  facet normal 0 0 -1
    outer loop
      vertex 15.776875889323751 14.41601104610239 1
      vertex 15.888249865189113 16.62369099296304 1
      vertex 16.107769576697454 14.1960454314818 1
    endloop
  endfacet
  facet normal 0 0 -1
    outer loop
      vertex 16.454351323104728 14.001734863018669 1
      vertex 16.107769576697454 14.1960454314818 1
      vertex 16.13186620480317 16.310692713428157 1
    endloop
  endfacet
  facet normal 0 0 -1
    outer loop
      vertex 16.454351323104728 14.001734863018669 1
      vertex 16.71460309040607 15.77424561962048 1
      vertex 16.814635939688355 13.834192334052531 1
    endloop
  endfacet
  facet normal 0 0 -1
    outer loop
      vertex 17.186559748791673 13.694377513016764 1
      vertex 16.814635939688355 13.834192334052531 1
      vertex 17.046649999999996 15.55730854637602 1
    endloop
  endfacet
  facet normal 0 0 -1
    outer loop
      vertex 17.186559748791673 13.694377513016764 1
      vertex 17.400546471249307 15.378216024041794 1
      vertex 17.56799240451729 13.583091246544733 1
    endloop
  endfacet
  facet normal 0 0 -1
    outer loop
      vertex 17.56799240451729 13.583091246544733 1
      vertex 17.771996680393897 15.239141993233774 1
      vertex 17.956749095155487 13.50097097229278 1
    endloop
  endfacet
  facet normal 0 0 -1
    outer loop
      vertex 17.186559748791673 13.694377513016764 1
      vertex 17.046649999999996 15.55730854637602 1
      vertex 17.400546471249307 15.378216024041794 1
    endloop
  endfacet
  facet normal 0 0 -1
    outer loop
      vertex 16.814635939688355 13.834192334052531 1
      vertex 16.71460309040607 15.77424561962048 1
      vertex 17.046649999999996 15.55730854637602 1
    endloop
  endfacet
  facet normal 0 0 -1
    outer loop
      vertex 17.56799240451729 13.583091246544733 1
      vertex 17.400546471249307 15.378216024041794 1
      vertex 17.771996680393897 15.239141993233774 1
    endloop
  endfacet
  facet normal 0 0 -1
    outer loop
      vertex 15.776875889323751 14.41601104610239 1
      vertex 15.463565590059392 14.660371763759834 1
      vertex 15.511271358026711 17.320286260987793 1
    endloop
  endfacet
  facet normal 0 0 -1
    outer loop
      vertex 16.454351323104728 14.001734863018669 1
      vertex 16.40843634214733 16.026393921576727 1
      vertex 16.71460309040607 15.77424561962048 1
    endloop
  endfacet
  facet normal 0 0 -1
    outer loop
      vertex 16.454351323104728 14.001734863018669 1
      vertex 16.13186620480317 16.310692713428157 1
      vertex 16.40843634214733 16.026393921576727 1
    endloop
  endfacet
  facet normal 0 0 -1
    outer loop
      vertex 16.107769576697454 14.1960454314818 1
      vertex 15.888249865189113 16.62369099296304 1
      vertex 16.13186620480317 16.310692713428157 1
    endloop
  endfacet
  facet normal 0 0 -1
    outer loop
      vertex 15.776875889323751 14.41601104610239 1
      vertex 15.680544495656637 16.961589385066535 1
      vertex 15.888249865189113 16.62369099296304 1
    endloop
  endfacet
  facet normal 0 0 -1
    outer loop
      vertex 15.776875889323751 14.41601104610239 1
      vertex 15.511271358026711 17.320286260987793 1
      vertex 15.680544495656637 16.961589385066535 1
    endloop
  endfacet
  facet normal 0 0 -1
    outer loop
      vertex 17.956749095155487 13.50097097229278 1
      vertex 18.15649172507454 15.141774624291296 1
      vertex 18.35060305758783 13.448487067755067 1
    endloop
  endfacet
  facet normal 0 0 -1
    outer loop
      vertex 18.35060305758783 13.448487067755067 1
      vertex 18.15649172507454 15.141774624291296 1
      vertex 18.5493643562996 15.087295825175989 1
    endloop
  endfacet
  facet normal 0 0 -1
    outer loop
      vertex 18.74729833198465 13.425940155983877 1
      vertex 18.5493643562996 15.087295825175989 1
      vertex 18.94584563252538 15.076366894710176 1
    endloop
  endfacet
  facet normal 0 0 -1
    outer loop
      vertex 17.956749095155487 13.50097097229278 1
      vertex 17.771996680393897 15.239141993233774 1
      vertex 18.15649172507454 15.141774624291296 1
    endloop
  endfacet
  facet normal 0 0 -1
    outer loop
      vertex 19.540120618618932 13.471001681292329 1
      vertex 19.341122808146267 15.109120495304989 1
      vertex 19.931706416596 13.538352010035744 1
    endloop
  endfacet
  facet normal 0 0 -1
    outer loop
      vertex 19.540120618618932 13.471001681292329 1
      vertex 18.94584563252538 15.076366894710176 1
      vertex 19.341122808146267 15.109120495304989 1
    endloop
  endfacet
  facet normal 0 0 -1
    outer loop
      vertex 19.931706416596 13.538352010035744 1
      vertex 19.730397753706875 15.18515904261841 1
      vertex 20.31707710968076 13.635124593294407 1
    endloop
  endfacet
  facet normal 0 0 -1
    outer loop
      vertex 20.31707710968076 13.635124593294407 1
      vertex 20.108945198693913 15.303559531690603 1
      vertex 20.69402532944212 13.760765126475068 1
    endloop
  endfacet
  facet normal 0 0 -1
    outer loop
      vertex 19.931706416596 13.538352010035744 1
      vertex 19.341122808146267 15.109120495304989 1
      vertex 19.730397753706875 15.18515904261841 1
    endloop
  endfacet
  facet normal 0 0 -1
    outer loop
      vertex 20.31707710968076 13.635124593294407 1
      vertex 19.730397753706875 15.18515904261841 1
      vertex 20.108945198693913 15.303559531690603 1
    endloop
  endfacet
  facet normal 0 0 -1
    outer loop
      vertex 15.463565590059392 14.660371763759834 1
      vertex 15.382485198886695 17.695427526556795 1
      vertex 15.511271358026711 17.320286260987793 1
    endloop
  endfacet
  facet normal 0 0 -1
    outer loop
      vertex 15.295749307750196 18.082459474989356 1
      vertex 15.382485198886695 17.695427526556795 1
      vertex 15.463565590059392 14.660371763759834 1
    endloop
  endfacet
  facet normal -0.3162076668968227 0.9486899975206169 0
    outer loop
      vertex 20.31707710968076 13.635124593294407 0
      vertex 20.31707710968076 13.635124593294407 1
      vertex 20.69402532944212 13.760765126475068 0
    endloop
  endfacet
  facet normal -0.38705029720221984 0.9220586030376123 0
    outer loop
      vertex 20.69402532944212 13.760765126475068 0
      vertex 20.69402532944212 13.760765126475068 1
      vertex 21.06039195061346 13.914553951981592 0
    endloop
  endfacet
  facet normal -0.4556759384562404 0.8901457403773972 0
    outer loop
      vertex 21.06039195061346 13.914553951981592 0
      vertex 21.06039195061346 13.914553951981592 1
      vertex 21.41407845836662 14.095610181348484 0
    endloop
  endfacet
  facet normal -0.3162076668968227 0.9486899975206169 3.0549734463228227e-18
    outer loop
      vertex 20.31707710968076 13.635124593294407 1
      vertex 20.69402532944212 13.760765126475068 1
      vertex 20.69402532944212 13.760765126475068 0
    endloop
  endfacet
  facet normal -0.38705029720221984 0.9220586030376123 0
    outer loop
      vertex 21.06039195061346 13.914553951981592 0
      vertex 20.69402532944212 13.760765126475068 1
      vertex 21.06039195061346 13.914553951981592 1
    endloop
  endfacet
  facet normal -0.5216915092004809 0.8531342035272789 0
    outer loop
      vertex 21.41407845836662 14.095610181348484 0
      vertex 21.41407845836662 14.095610181348484 1
      vertex 21.75305896841479 14.302896740890255 0
    endloop
  endfacet
  facet normal -0.5847188782240498 0.8112359912185904 0
    outer loop
      vertex 21.75305896841479 14.302896740890255 0
      vertex 21.75305896841479 14.302896740890255 1
      vertex 22.07539183109425 14.535226311965578 0
    endloop
  endfacet
  facet normal -0.6443970304648757 0.7646910926171756 0
    outer loop
      vertex 22.07539183109425 14.535226311965578 0
      vertex 22.07539183109425 14.535226311965578 1
      vertex 22.379230752957824 14.791268131830943 0
    endloop
  endfacet
  facet normal -0.7003841348713511 0.7137661126871385 0
    outer loop
      vertex 22.379230752957824 14.791268131830943 0
      vertex 22.379230752957824 14.791268131830943 1
      vertex 22.662835372176502 15.06955561612912 0
    endloop
  endfacet
  facet normal -0.7523595023795848 0.6587527451017897 0
    outer loop
      vertex 22.662835372176502 15.06955561612912 0
      vertex 22.662835372176502 15.06955561612912 1
      vertex 22.924581227174443 15.368494759351575 0
    endloop
  endfacet
  facet normal -0.8000254227913327 0.599966101448698 0
    outer loop
      vertex 22.924581227174443 15.368494759351575 0
      vertex 22.924581227174443 15.368494759351575 1
      vertex 23.16296906139775 15.686373265157656 0
    endloop
  endfacet
  facet normal -0.8431088700310836 0.5377429062990136 0
    outer loop
      vertex 23.16296906139775 15.686373265157656 0
      vertex 23.16296906139775 15.686373265157656 1
      vertex 23.376633410920217 16.02137035425295 0
    endloop
  endfacet
  facet normal -0.8813630660146478 0.4724395684796728 0
    outer loop
      vertex 23.376633410920217 16.02137035425295 0
      vertex 23.376633410920217 16.02137035425295 1
      vertex 23.56435042569708 16.371567193648232 0
    endloop
  endfacet
  facet normal -0.9145688941717083 0.40443013959587437 0
    outer loop
      vertex 23.56435042569708 16.371567193648232 0
      vertex 23.56435042569708 16.371567193648232 1
      vertex 23.725044879667212 16.734957887561023 0
    endloop
  endfacet
  facet normal -0.9425361545256712 0.33410417149739413 0
    outer loop
      vertex 23.725044879667212 16.734957887561023 0
      vertex 23.725044879667212 16.734957887561023 1
      vertex 23.857796329550663 17.109460967005006 0
    endloop
  endfacet
  facet normal -0.9651046531419336 0.2618644849608054 0
    outer loop
      vertex 23.857796329550663 17.109460967005006 0
      vertex 23.857796329550663 17.109460967005006 1
      vertex 23.961844387064367 17.492931312255855 0
    endloop
  endfacet
  facet normal -0.9821451197042024 0.18812486236863513 0
    outer loop
      vertex 23.961844387064367 17.492931312255855 0
      vertex 23.961844387064367 17.492931312255855 1
      vertex 24.036593074357413 17.883172439902786 0
    endloop
  endfacet
  facet normal -0.993559947963185 0.11330767760126781 0
    outer loop
      vertex 24.036593074357413 17.883172439902786 0
      vertex 24.036593074357413 17.883172439902786 1
      vertex 24.08161423771817 18.277949084106606 0
    endloop
  endfacet
  facet normal -0.9992837548163316 0.03784147671766909 0
    outer loop
      vertex 24.08161423771817 18.277949084106606 0
      vertex 24.08161423771817 18.277949084106606 1
      vertex 24.096649999999997 18.675 0
    endloop
  endfacet
  facet normal -0.4556759384562404 0.8901457403773972 0
    outer loop
      vertex 21.41407845836662 14.095610181348484 0
      vertex 21.06039195061346 13.914553951981592 1
      vertex 21.41407845836662 14.095610181348484 1
    endloop
  endfacet
  facet normal -0.5216915092004809 0.8531342035272789 0
    outer loop
      vertex 21.75305896841479 14.302896740890255 0
      vertex 21.41407845836662 14.095610181348484 1
      vertex 21.75305896841479 14.302896740890255 1
    endloop
  endfacet
  facet normal -0.5847188782240498 0.8112359912185904 0
    outer loop
      vertex 22.07539183109425 14.535226311965578 0
      vertex 21.75305896841479 14.302896740890255 1
      vertex 22.07539183109425 14.535226311965578 1
    endloop
  endfacet
  facet normal -0.6443970304648757 0.7646910926171756 0
    outer loop
      vertex 22.379230752957824 14.791268131830943 0
      vertex 22.07539183109425 14.535226311965578 1
      vertex 22.379230752957824 14.791268131830943 1
    endloop
  endfacet
  facet normal -0.7003841348713511 0.7137661126871385 0
    outer loop
      vertex 22.662835372176502 15.06955561612912 0
      vertex 22.379230752957824 14.791268131830943 1
      vertex 22.662835372176502 15.06955561612912 1
    endloop
  endfacet
  facet normal -0.7523595023795848 0.6587527451017897 0
    outer loop
      vertex 22.924581227174443 15.368494759351575 0
      vertex 22.662835372176502 15.06955561612912 1
      vertex 22.924581227174443 15.368494759351575 1
    endloop
  endfacet
  facet normal -0.8000254227913327 0.599966101448698 0
    outer loop
      vertex 23.16296906139775 15.686373265157656 0
      vertex 22.924581227174443 15.368494759351575 1
      vertex 23.16296906139775 15.686373265157656 1
    endloop
  endfacet
  facet normal -0.8431088700310836 0.5377429062990136 0
    outer loop
      vertex 23.376633410920217 16.02137035425295 0
      vertex 23.16296906139775 15.686373265157656 1
      vertex 23.376633410920217 16.02137035425295 1
    endloop
  endfacet
  facet normal -0.8813630660146478 0.4724395684796728 0
    outer loop
      vertex 23.56435042569708 16.371567193648232 0
      vertex 23.376633410920217 16.02137035425295 1
      vertex 23.56435042569708 16.371567193648232 1
    endloop
  endfacet
  facet normal -0.9145688941717083 0.40443013959587437 0
    outer loop
      vertex 23.725044879667212 16.734957887561023 0
      vertex 23.56435042569708 16.371567193648232 1
      vertex 23.725044879667212 16.734957887561023 1
    endloop
  endfacet
  facet normal -0.9425361545256712 0.33410417149739413 0
    outer loop
      vertex 23.857796329550663 17.109460967005006 0
      vertex 23.725044879667212 16.734957887561023 1
      vertex 23.857796329550663 17.109460967005006 1
    endloop
  endfacet
  facet normal -0.9651046531419336 0.2618644849608054 0
    outer loop
      vertex 23.961844387064367 17.492931312255855 0
      vertex 23.857796329550663 17.109460967005006 1
      vertex 23.961844387064367 17.492931312255855 1
    endloop
  endfacet
  facet normal -0.9821451197042024 0.18812486236863513 0
    outer loop
      vertex 24.036593074357413 17.883172439902786 0
      vertex 23.961844387064367 17.492931312255855 1
      vertex 24.036593074357413 17.883172439902786 1
    endloop
  endfacet
  facet normal -0.993559947963185 0.11330767760126781 0
    outer loop
      vertex 24.08161423771817 18.277949084106606 0
      vertex 24.036593074357413 17.883172439902786 1
      vertex 24.08161423771817 18.277949084106606 1
    endloop
  endfacet
  facet normal -0.9992837548163316 0.03784147671766909 -4.2839550564409495e-19
    outer loop
      vertex 24.08161423771817 18.277949084106606 1
      vertex 24.096649999999997 18.675 1
      vertex 24.096649999999997 18.675 0
    endloop
  endfacet
  facet normal 0 0 -1
    outer loop
      vertex 20.69402532944212 13.760765126475068 1
      vertex 20.4721700899192 15.462884740973783 1
      vertex 21.06039195061346 13.914553951981592 1
    endloop
  endfacet
  facet normal 0 0 -1
    outer loop
      vertex 21.06039195061346 13.914553951981592 1
      vertex 20.81566336924073 15.661200678254897 1
      vertex 21.41407845836662 14.095610181348484 1
    endloop
  endfacet
  facet normal 0 0 -1
    outer loop
      vertex 20.108945198693913 15.303559531690603 1
      vertex 20.4721700899192 15.462884740973783 1
      vertex 20.69402532944212 13.760765126475068 1
    endloop
  endfacet
  facet normal 0 0 -1
    outer loop
      vertex 21.06039195061346 13.914553951981592 1
      vertex 20.4721700899192 15.462884740973783 1
      vertex 20.81566336924073 15.661200678254897 1
    endloop
  endfacet
  facet normal 0 0 -1
    outer loop
      vertex 21.41407845836662 14.095610181348484 1
      vertex 21.13525549355588 15.896100056701245 1
      vertex 21.75305896841479 14.302896740890255 1
    endloop
  endfacet
  facet normal 0 0 -1
    outer loop
      vertex 21.75305896841479 14.302896740890255 1
      vertex 21.687555833827012 16.463834234317197 1
      vertex 22.07539183109425 14.535226311965578 1
    endloop
  endfacet
  facet normal 0 0 -1
    outer loop
      vertex 21.41407845836662 14.095610181348484 1
      vertex 20.81566336924073 15.661200678254897 1
      vertex 21.13525549355588 15.896100056701245 1
    endloop
  endfacet
  facet normal 0 0 -1
    outer loop
      vertex 21.75305896841479 14.302896740890255 1
      vertex 21.13525549355588 15.896100056701245 1
      vertex 21.42706704740642 16.164731516061618 1
    endloop
  endfacet
  facet normal 0 0 -1
    outer loop
      vertex 21.75305896841479 14.302896740890255 1
      vertex 21.42706704740642 16.164731516061618 1
      vertex 21.687555833827012 16.463834234317197 1
    endloop
  endfacet
  facet normal 0 0 -1
    outer loop
      vertex 22.07539183109425 14.535226311965578 1
      vertex 21.913559871817974 16.789777509643642 1
      vertex 22.379230752957824 14.791268131830943 1
    endloop
  endfacet
  facet normal 0 0 -1
    outer loop
      vertex 22.07539183109425 14.535226311965578 1
      vertex 21.687555833827012 16.463834234317197 1
      vertex 21.913559871817974 16.789777509643642 1
    endloop
  endfacet
  facet normal 0 0 -1
    outer loop
      vertex 22.379230752957824 14.791268131830943 1
      vertex 21.913559871817974 16.789777509643642 1
      vertex 22.102335778511275 17.13860483221295 1
    endloop
  endfacet
  facet normal 0 0 -1
    outer loop
      vertex 22.379230752957824 14.791268131830943 1
      vertex 22.359516977458764 17.887748071657047 1
      vertex 22.662835372176502 15.06955561612912 1
    endloop
  endfacet
  facet normal 0 0 -1
    outer loop
      vertex 22.379230752957824 14.791268131830943 1
      vertex 22.102335778511275 17.13860483221295 1
      vertex 22.251592070122282 17.506081910863138 1
    endloop
  endfacet
  facet normal 0 0 -1
    outer loop
      vertex 22.379230752957824 14.791268131830943 1
      vertex 22.251592070122282 17.506081910863138 1
      vertex 22.359516977458764 17.887748071657047 1
    endloop
  endfacet
  facet normal 0 0 -1
    outer loop
      vertex 22.662835372176502 15.06955561612912 1
      vertex 22.359516977458764 17.887748071657047 1
      vertex 22.424800438344615 18.278970404421315 1
    endloop
  endfacet
  facet normal 0 0 -1
    outer loop
      vertex 22.662835372176502 15.06955561612912 1
      vertex 22.424800438344615 18.278970404421315 1
      vertex 22.446649999999998 18.675 1
    endloop
  endfacet
  facet normal 0 0 -1
    outer loop
      vertex 22.662835372176502 15.06955561612912 1
      vertex 22.446649999999998 18.675 1
      vertex 22.424800438344615 19.071029595578686 1
    endloop
  endfacet
  facet normal 0 0 -1
    outer loop
      vertex 22.662835372176502 15.06955561612912 1
      vertex 22.662835372176502 22.280444383870883 1
      vertex 22.924581227174443 15.368494759351575 1
    endloop
  endfacet
  facet normal 0 0 -1
    outer loop
      vertex 22.924581227174443 15.368494759351575 1
      vertex 22.924581227174446 21.981505240648424 1
      vertex 23.16296906139775 15.686373265157656 1
    endloop
  endfacet
  facet normal 0 0 -1
    outer loop
      vertex 23.16296906139775 15.686373265157656 1
      vertex 23.16296906139775 21.663626734842346 1
      vertex 23.376633410920217 16.02137035425295 1
    endloop
  endfacet
  facet normal 0 0 -1
    outer loop
      vertex 23.376633410920217 16.02137035425295 1
      vertex 23.376633410920217 21.32862964574705 1
      vertex 23.56435042569708 16.371567193648232 1
    endloop
  endfacet
  facet normal 0 0 -1
    outer loop
      vertex 23.56435042569708 16.371567193648232 1
      vertex 23.56435042569708 20.97843280635177 1
      vertex 23.725044879667212 16.734957887561023 1
    endloop
  endfacet
  facet normal 0 0 -1
    outer loop
      vertex 23.725044879667212 16.734957887561023 1
      vertex 23.725044879667216 20.615042112438974 1
      vertex 23.857796329550663 17.109460967005006 1
    endloop
  endfacet
  facet normal 0 0 -1
    outer loop
      vertex 23.857796329550663 17.109460967005006 1
      vertex 23.857796329550663 20.240539032994995 1
      vertex 23.961844387064367 17.492931312255855 1
    endloop
  endfacet
  facet normal 0 0 -1
    outer loop
      vertex 23.961844387064367 17.492931312255855 1
      vertex 23.961844387064367 19.857068687744146 1
      vertex 24.036593074357413 17.883172439902786 1
    endloop
  endfacet
  facet normal 0 0 -1
    outer loop
      vertex 24.036593074357413 17.883172439902786 1
      vertex 24.036593074357413 19.46682756009721 1
      vertex 24.08161423771817 18.277949084106606 1
    endloop
  endfacet
  facet normal 1 0 0
    outer loop
      vertex 13.600410287214256 18.476332247232232 0
      vertex 13.600410287214256 18.87366775276777 0
      vertex 13.600410287214256 18.87366775276777 1
    endloop
  endfacet
  facet normal 0.9971360452796522 -0.07562874588445634 -6.511338744882229e-19
    outer loop
      vertex 13.600410287214256 18.87366775276777 0
      vertex 13.630460273193275 19.26986530740667 0
      vertex 13.630460273193275 19.26986530740667 1
    endloop
  endfacet
  facet normal 0.9885605855918874 -0.15082429716138135 2.812350398171876e-19
    outer loop
      vertex 13.630460273193275 19.26986530740667 0
      vertex 13.690388121552935 19.66265552743533 0
      vertex 13.690388121552935 19.66265552743533 1
    endloop
  endfacet
  facet normal 0.9743227403932148 -0.2251559405226882 -2.04900603628497e-18
    outer loop
      vertex 13.690388121552935 19.66265552743533 0
      vertex 13.779850571004847 20.049788546044237 0
      vertex 13.779850571004847 20.049788546044237 1
    endloop
  endfacet
  facet normal 0.9545040627715543 -0.2981979110466686 7.11054508812949e-18
    outer loop
      vertex 13.779850571004847 20.049788546044237 0
      vertex 13.898335188740216 20.429046900361296 0
      vertex 13.898335188740216 20.429046900361296 1
    endloop
  endfacet
  facet normal 0.929218072317564 -0.36953183094075953 4.337925966778558e-18
    outer loop
      vertex 13.898335188740216 20.429046900361296 0
      vertex 14.045163305598535 20.798258232878354 0
      vertex 14.045163305598535 20.798258232878354 1
    endloop
  endfacet
  facet normal 0.898609604894686 -0.4387491059717572 -3.3854533426544176e-18
    outer loop
      vertex 14.045163305598535 20.798258232878354 0
      vertex 14.21949390342309 21.155307734518274 0
      vertex 14.21949390342309 21.155307734518274 1
    endloop
  endfacet
  facet normal 0.862853983032422 -0.505453265856582 1.2892490311842276e-17
    outer loop
      vertex 14.21949390342309 21.155307734518274 0
      vertex 14.420328432336802 21.498150258069813 0
      vertex 14.420328432336802 21.498150258069813 1
    endloop
  endfacet
  facet normal 0.8221560116948093 -0.569262235208067 1.941125531621961e-18
    outer loop
      vertex 14.420328432336802 21.498150258069813 0
      vertex 14.64651653034549 21.824822032605653 0
      vertex 14.64651653034549 21.824822032605653 1
    endloop
  endfacet
  facet normal 0.7767488051760857 -0.6298105220282709 -1.3183504961209922e-17
    outer loop
      vertex 14.64651653034549 21.824822032605653 0
      vertex 14.896762612507196 22.13345191178442 0
      vertex 14.896762612507196 22.13345191178442 1
    endloop
  endfacet
  facet normal 0.7268924518431423 -0.6867513112135026 1.6297538496445126e-17
    outer loop
      vertex 14.896762612507196 22.13345191178442 0
      vertex 15.169633291925404 22.42227209160748 0
      vertex 15.169633291925404 22.42227209160748 1
    endloop
  endfacet
  facet normal 0.6728725243729199 -0.7397584510798199 1.5152792055337556e-17
    outer loop
      vertex 15.169633291925404 22.42227209160748 0
      vertex 15.463565590059392 22.689628236240168 0
      vertex 15.463565590059392 22.689628236240168 1
    endloop
  endfacet
  facet normal 0.6149984440179567 -0.7885283215303635 2.848259181036841e-18
    outer loop
      vertex 15.463565590059392 22.689628236240168 0
      vertex 15.776875889323748 22.93398895389761 0
      vertex 15.776875889323748 22.93398895389761 1
    endloop
  endfacet
  facet normal 0.5536017082694781 -0.8327815731637651 -1.401706433182623e-17
    outer loop
      vertex 15.776875889323748 22.93398895389761 0
      vertex 16.107769576697454 23.153954568518202 0
      vertex 16.107769576697454 23.153954568518202 1
    endloop
  endfacet
  facet normal 0.48903399206983666 -0.8722647273621918 3.466903857793829e-18
    outer loop
      vertex 16.107769576697454 23.153954568518202 0
      vertex 16.454351323104728 23.348265136981333 0
      vertex 16.454351323104728 23.348265136981333 1
    endloop
  endfacet
  facet normal 0.9971360452796522 -0.07562874588445634 0
    outer loop
      vertex 13.600410287214256 18.87366775276777 0
      vertex 13.630460273193275 19.26986530740667 1
      vertex 13.600410287214256 18.87366775276777 1
    endloop
  endfacet
  facet normal 0.9885605855918874 -0.15082429716138135 0
    outer loop
      vertex 13.630460273193275 19.26986530740667 0
      vertex 13.690388121552935 19.66265552743533 1
      vertex 13.630460273193275 19.26986530740667 1
    endloop
  endfacet
  facet normal 0.9743227403932148 -0.2251559405226882 0
    outer loop
      vertex 13.690388121552935 19.66265552743533 0
      vertex 13.779850571004847 20.049788546044237 1
      vertex 13.690388121552935 19.66265552743533 1
    endloop
  endfacet
  facet normal 0.9545040627715543 -0.2981979110466686 0
    outer loop
      vertex 13.779850571004847 20.049788546044237 0
      vertex 13.898335188740216 20.429046900361296 1
      vertex 13.779850571004847 20.049788546044237 1
    endloop
  endfacet
  facet normal 0.929218072317564 -0.36953183094075953 0
    outer loop
      vertex 13.898335188740216 20.429046900361296 0
      vertex 14.045163305598535 20.798258232878354 1
      vertex 13.898335188740216 20.429046900361296 1
    endloop
  endfacet
  facet normal 0.898609604894686 -0.4387491059717572 0
    outer loop
      vertex 14.045163305598535 20.798258232878354 0
      vertex 14.21949390342309 21.155307734518274 1
      vertex 14.045163305598535 20.798258232878354 1
    endloop
  endfacet
  facet normal 0.862853983032422 -0.505453265856582 0
    outer loop
      vertex 14.21949390342309 21.155307734518274 0
      vertex 14.420328432336802 21.498150258069813 1
      vertex 14.21949390342309 21.155307734518274 1
    endloop
  endfacet
  facet normal 0.8221560116948093 -0.569262235208067 0
    outer loop
      vertex 14.420328432336802 21.498150258069813 0
      vertex 14.64651653034549 21.824822032605653 1
      vertex 14.420328432336802 21.498150258069813 1
    endloop
  endfacet
  facet normal 0.7767488051760857 -0.6298105220282709 0
    outer loop
      vertex 14.64651653034549 21.824822032605653 0
      vertex 14.896762612507196 22.13345191178442 1
      vertex 14.64651653034549 21.824822032605653 1
    endloop
  endfacet
  facet normal 0.7268924518431423 -0.6867513112135026 0
    outer loop
      vertex 14.896762612507196 22.13345191178442 0
      vertex 15.169633291925404 22.42227209160748 1
      vertex 14.896762612507196 22.13345191178442 1
    endloop
  endfacet
  facet normal 0.6728725243729199 -0.7397584510798199 0
    outer loop
      vertex 15.169633291925404 22.42227209160748 0
      vertex 15.463565590059392 22.689628236240168 1
      vertex 15.169633291925404 22.42227209160748 1
    endloop
  endfacet
  facet normal 0.6149984440179567 -0.7885283215303635 0
    outer loop
      vertex 15.463565590059392 22.689628236240168 0
      vertex 15.776875889323748 22.93398895389761 1
      vertex 15.463565590059392 22.689628236240168 1
    endloop
  endfacet
  facet normal 0.5536017082694781 -0.8327815731637651 0
    outer loop
      vertex 15.776875889323748 22.93398895389761 0
      vertex 16.107769576697454 23.153954568518202 1
      vertex 15.776875889323748 22.93398895389761 1
    endloop
  endfacet
  facet normal 0.48903399206983666 -0.8722647273621918 0
    outer loop
      vertex 16.107769576697454 23.153954568518202 0
      vertex 16.454351323104728 23.348265136981333 1
      vertex 16.107769576697454 23.153954568518202 1
    endloop
  endfacet
  facet normal 0.42166513345017925 -0.9067516281939849 -5.1834794725881646e-18
    outer loop
      vertex 16.454351323104728 23.348265136981333 0
      vertex 16.81463593968836 23.51580766594747 0
      vertex 16.81463593968836 23.51580766594747 1
    endloop
  endfacet
  facet normal 0.3518810151318361 -0.9360447378142716 -1.7086429279816775e-18
    outer loop
      vertex 16.81463593968836 23.51580766594747 0
      vertex 17.186559748791673 23.655622486983237 0
      vertex 17.186559748791673 23.655622486983237 1
    endloop
  endfacet
  facet normal 0.2800813542249097 -0.959976267943922 8.174981110263226e-18
    outer loop
      vertex 17.186559748791673 23.655622486983237 0
      vertex 17.567992404517287 23.76690875345527 0
      vertex 17.567992404517287 23.76690875345527 1
    endloop
  endfacet
  facet normal 0.20667741268495252 -0.9784091409455729 -1.3219042776860824e-18
    outer loop
      vertex 17.567992404517287 23.76690875345527 0
      vertex 17.956749095155487 23.84902902770722 0
      vertex 17.956749095155487 23.84902902770722 1
    endloop
  endfacet
  facet normal 0.13208964164169903 -0.9912377749919378 2.711742651951537e-20
    outer loop
      vertex 17.956749095155487 23.84902902770722 0
      vertex 18.350603057587833 23.901512932244934 0
      vertex 18.350603057587833 23.901512932244934 1
    endloop
  endfacet
  facet normal 0.05674527309307771 -0.998388688828951 -1.0388229021038328e-18
    outer loop
      vertex 18.350603057587833 23.901512932244934 0
      vertex 18.74729833198465 23.924059844016124 0
      vertex 18.74729833198465 23.924059844016124 1
    endloop
  endfacet
  facet normal -0.018924127241020307 -0.9998209226697378 -9.016794349806735e-20
    outer loop
      vertex 18.74729833198465 23.924059844016124 0
      vertex 19.144562683738634 23.916540616351995 0
      vertex 19.144562683738634 23.916540616351995 1
    endloop
  endfacet
  facet normal -0.09448513188802798 -0.9955262728085592 -1.1793325163256795e-18
    outer loop
      vertex 19.144562683738634 23.916540616351995 0
      vertex 19.540120618618936 23.878998318707673 0
      vertex 19.540120618618936 23.878998318707673 1
    endloop
  endfacet
  facet normal -0.1695049342561009 -0.9855293386108984 -1.1775960009929261e-18
    outer loop
      vertex 19.540120618618936 23.878998318707673 0
      vertex 19.931706416596 23.811647989964257 0
      vertex 19.931706416596 23.811647989964257 1
    endloop
  endfacet
  facet normal -0.2435538277109913 -0.9698873816105275 1.1842542829917548e-18
    outer loop
      vertex 19.931706416596 23.811647989964257 0
      vertex 20.31707710968076 23.714875406705595 0
      vertex 20.31707710968076 23.714875406705595 1
    endloop
  endfacet
  facet normal 0.42166513345017925 -0.9067516281939849 0
    outer loop
      vertex 16.454351323104728 23.348265136981333 0
      vertex 16.81463593968836 23.51580766594747 1
      vertex 16.454351323104728 23.348265136981333 1
    endloop
  endfacet
  facet normal 0.3518810151318361 -0.9360447378142716 0
    outer loop
      vertex 16.81463593968836 23.51580766594747 0
      vertex 17.186559748791673 23.655622486983237 1
      vertex 16.81463593968836 23.51580766594747 1
    endloop
  endfacet
  facet normal 0.2800813542249097 -0.959976267943922 0
    outer loop
      vertex 17.186559748791673 23.655622486983237 0
      vertex 17.567992404517287 23.76690875345527 1
      vertex 17.186559748791673 23.655622486983237 1
    endloop
  endfacet
  facet normal 0.20667741268495252 -0.9784091409455729 0
    outer loop
      vertex 17.567992404517287 23.76690875345527 0
      vertex 17.956749095155487 23.84902902770722 1
      vertex 17.567992404517287 23.76690875345527 1
    endloop
  endfacet
  facet normal 0.13208964164169903 -0.9912377749919378 0
    outer loop
      vertex 17.956749095155487 23.84902902770722 0
      vertex 18.350603057587833 23.901512932244934 1
      vertex 17.956749095155487 23.84902902770722 1
    endloop
  endfacet
  facet normal 0.05674527309307771 -0.998388688828951 0
    outer loop
      vertex 18.350603057587833 23.901512932244934 0
      vertex 18.74729833198465 23.924059844016124 1
      vertex 18.350603057587833 23.901512932244934 1
    endloop
  endfacet
  facet normal -0.018924127241020307 -0.9998209226697378 0
    outer loop
      vertex 18.74729833198465 23.924059844016124 0
      vertex 19.144562683738634 23.916540616351995 1
      vertex 18.74729833198465 23.924059844016124 1
    endloop
  endfacet
  facet normal -0.09448513188802798 -0.9955262728085592 0
    outer loop
      vertex 19.144562683738634 23.916540616351995 0
      vertex 19.540120618618936 23.878998318707673 1
      vertex 19.144562683738634 23.916540616351995 1
    endloop
  endfacet
  facet normal -0.1695049342561009 -0.9855293386108984 0
    outer loop
      vertex 19.540120618618936 23.878998318707673 0
      vertex 19.931706416596 23.811647989964257 1
      vertex 19.540120618618936 23.878998318707673 1
    endloop
  endfacet
  facet normal -0.2435538277109913 -0.9698873816105275 0
    outer loop
      vertex 19.931706416596 23.811647989964257 0
      vertex 20.31707710968076 23.714875406705595 1
      vertex 19.931706416596 23.811647989964257 1
    endloop
  endfacet
  facet normal 0 0 -1
    outer loop
      vertex 13.630460273193275 18.080134692593333 1
      vertex 13.600410287214256 18.87366775276777 1
      vertex 13.630460273193275 19.26986530740667 1
    endloop
  endfacet
  facet normal 0 0 -1
    outer loop
      vertex 13.690388121552935 17.68734447256467 1
      vertex 13.630460273193275 19.26986530740667 1
      vertex 13.690388121552935 19.66265552743533 1
    endloop
  endfacet
  facet normal 0 0 -1
    outer loop
      vertex 13.779850571004847 17.300211453955765 1
      vertex 13.690388121552935 19.66265552743533 1
      vertex 13.779850571004847 20.049788546044237 1
    endloop
  endfacet
  facet normal 0 0 -1
    outer loop
      vertex 13.898335188740216 16.920953099638705 1
      vertex 13.779850571004847 20.049788546044237 1
      vertex 13.898335188740216 20.429046900361296 1
    endloop
  endfacet
  facet normal 0 0 -1
    outer loop
      vertex 14.045163305598535 16.551741767121648 1
      vertex 13.898335188740216 20.429046900361296 1
      vertex 14.045163305598535 20.798258232878354 1
    endloop
  endfacet
  facet normal 0 0 -1
    outer loop
      vertex 14.21949390342309 16.194692265481727 1
      vertex 14.045163305598535 20.798258232878354 1
      vertex 14.21949390342309 21.155307734518274 1
    endloop
  endfacet
  facet normal 0 0 -1
    outer loop
      vertex 14.420328432336802 15.851849741930186 1
      vertex 14.21949390342309 21.155307734518274 1
      vertex 14.420328432336802 21.498150258069813 1
    endloop
  endfacet
  facet normal 0 0 -1
    outer loop
      vertex 14.64651653034549 15.525177967394349 1
      vertex 14.420328432336802 21.498150258069813 1
      vertex 14.64651653034549 21.824822032605653 1
    endloop
  endfacet
  facet normal 0 0 -1
    outer loop
      vertex 14.896762612507196 15.216548088215584 1
      vertex 14.64651653034549 21.824822032605653 1
      vertex 14.896762612507196 22.13345191178442 1
    endloop
  endfacet
  facet normal 0 0 -1
    outer loop
      vertex 15.169633291925404 14.927727908392523 1
      vertex 14.896762612507196 22.13345191178442 1
      vertex 15.169633291925404 22.42227209160748 1
    endloop
  endfacet
  facet normal 0 0 -1
    outer loop
      vertex 15.25211654084006 18.476684062718885 1
      vertex 15.169633291925404 22.42227209160748 1
      vertex 15.25211654084006 18.873315937281117 1
    endloop
  endfacet
  facet normal 0 0 -1
    outer loop
      vertex 15.25211654084006 18.873315937281117 1
      vertex 15.169633291925404 22.42227209160748 1
      vertex 15.295749307750196 19.267540525010645 1
    endloop
  endfacet
  facet normal 0 0 -1
    outer loop
      vertex 15.295749307750196 19.267540525010645 1
      vertex 15.169633291925404 22.42227209160748 1
      vertex 15.382485198886695 19.654572473443206 1
    endloop
  endfacet
  facet normal 0 0 -1
    outer loop
      vertex 15.169633291925404 22.42227209160748 1
      vertex 15.511271358026711 20.02971373901221 1
      vertex 15.382485198886695 19.654572473443206 1
    endloop
  endfacet
  facet normal 0 0 -1
    outer loop
      vertex 15.511271358026711 20.02971373901221 1
      vertex 15.463565590059392 22.689628236240168 1
      vertex 15.680544495656637 20.388410614933466 1
    endloop
  endfacet
  facet normal 0 0 -1
    outer loop
      vertex 15.680544495656637 20.388410614933466 1
      vertex 15.463565590059392 22.689628236240168 1
      vertex 15.888249865189113 20.72630900703696 1
    endloop
  endfacet
  facet normal 0 0 -1
    outer loop
      vertex 15.888249865189113 20.72630900703696 1
      vertex 15.776875889323748 22.93398895389761 1
      vertex 16.13186620480317 21.039307286571844 1
    endloop
  endfacet
  facet normal 0 0 -1
    outer loop
      vertex 15.169633291925404 22.42227209160748 1
      vertex 15.463565590059392 22.689628236240168 1
      vertex 15.511271358026711 20.02971373901221 1
    endloop
  endfacet
  facet normal 0 0 -1
    outer loop
      vertex 15.888249865189113 20.72630900703696 1
      vertex 15.463565590059392 22.689628236240168 1
      vertex 15.776875889323748 22.93398895389761 1
    endloop
  endfacet
  facet normal 0 0 -1
    outer loop
      vertex 16.13186620480317 21.039307286571844 1
      vertex 16.107769576697454 23.153954568518202 1
      vertex 16.40843634214733 21.323606078423275 1
    endloop
  endfacet
  facet normal 0 0 -1
    outer loop
      vertex 16.40843634214733 21.323606078423275 1
      vertex 16.107769576697454 23.153954568518202 1
      vertex 16.71460309040607 21.57575438037952 1
    endloop
  endfacet
  facet normal 0 0 -1
    outer loop
      vertex 16.13186620480317 21.039307286571844 1
      vertex 15.776875889323748 22.93398895389761 1
      vertex 16.107769576697454 23.153954568518202 1
    endloop
  endfacet
  facet normal 0 0 -1
    outer loop
      vertex 16.71460309040607 21.57575438037952 1
      vertex 16.107769576697454 23.153954568518202 1
      vertex 16.454351323104728 23.348265136981333 1
    endloop
  endfacet
  facet normal 0 0 -1
    outer loop
      vertex 16.71460309040607 21.57575438037952 1
      vertex 16.454351323104728 23.348265136981333 1
      vertex 17.046649999999996 21.79269145362398 1
    endloop
  endfacet
  facet normal 0 0 -1
    outer loop
      vertex 17.046649999999996 21.79269145362398 1
      vertex 16.81463593968836 23.51580766594747 1
      vertex 17.400546471249307 21.971783975958207 1
    endloop
  endfacet
  facet normal 0 0 -1
    outer loop
      vertex 17.400546471249307 21.971783975958207 1
      vertex 17.186559748791673 23.655622486983237 1
      vertex 17.771996680393897 22.11085800676623 1
    endloop
  endfacet
  facet normal 0 0 -1
    outer loop
      vertex 17.771996680393897 22.11085800676623 1
      vertex 17.567992404517287 23.76690875345527 1
      vertex 18.156491725074538 22.208225375708704 1
    endloop
  endfacet
  facet normal 0 0 -1
    outer loop
      vertex 17.046649999999996 21.79269145362398 1
      vertex 16.454351323104728 23.348265136981333 1
      vertex 16.81463593968836 23.51580766594747 1
    endloop
  endfacet
  facet normal 0 0 -1
    outer loop
      vertex 17.400546471249307 21.971783975958207 1
      vertex 16.81463593968836 23.51580766594747 1
      vertex 17.186559748791673 23.655622486983237 1
    endloop
  endfacet
  facet normal 0 0 -1
    outer loop
      vertex 17.771996680393897 22.11085800676623 1
      vertex 17.186559748791673 23.655622486983237 1
      vertex 17.567992404517287 23.76690875345527 1
    endloop
  endfacet
  facet normal 0 0 -1
    outer loop
      vertex 18.156491725074538 22.208225375708704 1
      vertex 17.956749095155487 23.84902902770722 1
      vertex 18.5493643562996 22.262704174824012 1
    endloop
  endfacet
  facet normal 0 0 -1
    outer loop
      vertex 18.156491725074538 22.208225375708704 1
      vertex 17.567992404517287 23.76690875345527 1
      vertex 17.956749095155487 23.84902902770722 1
    endloop
  endfacet
  facet normal 0 0 -1
    outer loop
      vertex 18.5493643562996 22.262704174824012 1
      vertex 17.956749095155487 23.84902902770722 1
      vertex 18.350603057587833 23.901512932244934 1
    endloop
  endfacet
  facet normal 0 0 -1
    outer loop
      vertex 18.5493643562996 22.262704174824012 1
      vertex 18.74729833198465 23.924059844016124 1
      vertex 18.94584563252538 22.273633105289825 1
    endloop
  endfacet
  facet normal 0 0 -1
    outer loop
      vertex 18.94584563252538 22.273633105289825 1
      vertex 19.144562683738634 23.916540616351995 1
      vertex 19.341122808146267 22.240879504695013 1
    endloop
  endfacet
  facet normal 0 0 -1
    outer loop
      vertex 19.730397753706875 22.16484095738159 1
      vertex 19.931706416596 23.811647989964257 1
      vertex 20.108945198693913 22.0464404683094 1
    endloop
  endfacet
  facet normal 0 0 -1
    outer loop
      vertex 20.108945198693913 22.0464404683094 1
      vertex 20.31707710968076 23.714875406705595 1
      vertex 20.4721700899192 21.88711525902622 1
    endloop
  endfacet
  facet normal 0 0 -1
    outer loop
      vertex 19.730397753706875 22.16484095738159 1
      vertex 19.341122808146267 22.240879504695013 1
      vertex 19.540120618618936 23.878998318707673 1
    endloop
  endfacet
  facet normal 0 0 -1
    outer loop
      vertex 19.730397753706875 22.16484095738159 1
      vertex 19.540120618618936 23.878998318707673 1
      vertex 19.931706416596 23.811647989964257 1
    endloop
  endfacet
  facet normal 0 0 -1
    outer loop
      vertex 20.108945198693913 22.0464404683094 1
      vertex 19.931706416596 23.811647989964257 1
      vertex 20.31707710968076 23.714875406705595 1
    endloop
  endfacet
  facet normal 0 0 -1
    outer loop
      vertex 18.5493643562996 22.262704174824012 1
      vertex 18.350603057587833 23.901512932244934 1
      vertex 18.74729833198465 23.924059844016124 1
    endloop
  endfacet
  facet normal 0 0 -1
    outer loop
      vertex 18.94584563252538 22.273633105289825 1
      vertex 18.74729833198465 23.924059844016124 1
      vertex 19.144562683738634 23.916540616351995 1
    endloop
  endfacet
  facet normal 0 0 -1
    outer loop
      vertex 19.341122808146267 22.240879504695013 1
      vertex 19.144562683738634 23.916540616351995 1
      vertex 19.540120618618936 23.878998318707673 1
    endloop
  endfacet
  facet normal -0.9992837548163315 -0.03784147671766874 0
    outer loop
      vertex 24.096649999999997 18.675 0
      vertex 24.096649999999997 18.675 1
      vertex 24.08161423771817 19.0720509158934 0
    endloop
  endfacet
  facet normal -0.9935599479631849 -0.11330767760126984 0
    outer loop
      vertex 24.08161423771817 19.0720509158934 0
      vertex 24.08161423771817 19.0720509158934 1
      vertex 24.036593074357413 19.46682756009721 0
    endloop
  endfacet
  facet normal -0.9821451197042026 -0.1881248623686335 0
    outer loop
      vertex 24.036593074357413 19.46682756009721 0
      vertex 24.036593074357413 19.46682756009721 1
      vertex 23.961844387064367 19.857068687744146 0
    endloop
  endfacet
  facet normal -0.9651046531419336 -0.2618644849608054 0
    outer loop
      vertex 23.961844387064367 19.857068687744146 0
      vertex 23.961844387064367 19.857068687744146 1
      vertex 23.857796329550663 20.240539032994995 0
    endloop
  endfacet
  facet normal -0.942536154525673 -0.33410417149738897 0
    outer loop
      vertex 23.857796329550663 20.240539032994995 0
      vertex 23.857796329550663 20.240539032994995 1
      vertex 23.725044879667216 20.615042112438974 0
    endloop
  endfacet
  facet normal -0.9145688941717065 -0.4044301395958786 -1.7542681026475526e-18
    outer loop
      vertex 23.56435042569708 20.97843280635177 0
      vertex 23.725044879667216 20.615042112438974 0
      vertex 23.725044879667216 20.615042112438974 1
    endloop
  endfacet
  facet normal -0.7523595023795842 -0.6587527451017903 0
    outer loop
      vertex 22.924581227174446 21.981505240648424 0
      vertex 22.924581227174446 21.981505240648424 1
      vertex 22.662835372176502 22.280444383870883 0
    endloop
  endfacet
  facet normal -0.45567593845624393 -0.8901457403773954 0
    outer loop
      vertex 21.41407845836662 23.254389818651518 0
      vertex 21.41407845836662 23.254389818651518 1
      vertex 21.060391950613464 23.43544604801841 0
    endloop
  endfacet
  facet normal -0.5216915092004809 -0.8531342035272789 -1.6574399420081392e-17
    outer loop
      vertex 21.41407845836662 23.254389818651518 0
      vertex 21.75305896841479 23.047103259109747 0
      vertex 21.75305896841479 23.047103259109747 1
    endloop
  endfacet
  facet normal -0.6443970304648767 -0.7646910926171748 0
    outer loop
      vertex 22.37923075295782 22.558731868169062 0
      vertex 22.37923075295782 22.558731868169062 1
      vertex 22.075391831094255 22.81477368803442 0
    endloop
  endfacet
  facet normal -0.7003841348713489 -0.7137661126871406 0
    outer loop
      vertex 22.662835372176502 22.280444383870883 0
      vertex 22.662835372176502 22.280444383870883 1
      vertex 22.37923075295782 22.558731868169062 0
    endloop
  endfacet
  facet normal -0.5847188782240484 -0.8112359912185914 -3.2122549658770152e-18
    outer loop
      vertex 21.75305896841479 23.047103259109747 0
      vertex 22.075391831094255 22.81477368803442 0
      vertex 22.075391831094255 22.81477368803442 1
    endloop
  endfacet
  facet normal -0.8813630660146478 -0.4724395684796728 0
    outer loop
      vertex 23.56435042569708 20.97843280635177 0
      vertex 23.56435042569708 20.97843280635177 1
      vertex 23.376633410920217 21.32862964574705 0
    endloop
  endfacet
  facet normal -0.8431088700310836 -0.5377429062990136 0
    outer loop
      vertex 23.376633410920217 21.32862964574705 0
      vertex 23.376633410920217 21.32862964574705 1
      vertex 23.16296906139775 21.663626734842346 0
    endloop
  endfacet
  facet normal -0.8000254227913354 -0.5999661014486944 1.5457638499787224e-17
    outer loop
      vertex 22.924581227174446 21.981505240648424 0
      vertex 23.16296906139775 21.663626734842346 0
      vertex 23.16296906139775 21.663626734842346 1
    endloop
  endfacet
  facet normal -0.9992837548163315 -0.03784147671766874 0
    outer loop
      vertex 24.08161423771817 19.0720509158934 0
      vertex 24.096649999999997 18.675 1
      vertex 24.08161423771817 19.0720509158934 1
    endloop
  endfacet
  facet normal -0.9935599479631849 -0.11330767760126984 0
    outer loop
      vertex 24.036593074357413 19.46682756009721 0
      vertex 24.08161423771817 19.0720509158934 1
      vertex 24.036593074357413 19.46682756009721 1
    endloop
  endfacet
  facet normal -0.9821451197042026 -0.1881248623686335 0
    outer loop
      vertex 23.961844387064367 19.857068687744146 0
      vertex 24.036593074357413 19.46682756009721 1
      vertex 23.961844387064367 19.857068687744146 1
    endloop
  endfacet
  facet normal -0.9651046531419336 -0.2618644849608054 0
    outer loop
      vertex 23.857796329550663 20.240539032994995 0
      vertex 23.961844387064367 19.857068687744146 1
      vertex 23.857796329550663 20.240539032994995 1
    endloop
  endfacet
  facet normal -0.942536154525673 -0.33410417149738897 0
    outer loop
      vertex 23.725044879667216 20.615042112438974 0
      vertex 23.857796329550663 20.240539032994995 1
      vertex 23.725044879667216 20.615042112438974 1
    endloop
  endfacet
  facet normal -0.9145688941717065 -0.4044301395958786 0
    outer loop
      vertex 23.56435042569708 20.97843280635177 0
      vertex 23.725044879667216 20.615042112438974 1
      vertex 23.56435042569708 20.97843280635177 1
    endloop
  endfacet
  facet normal -0.5216915092004809 -0.8531342035272789 0
    outer loop
      vertex 21.41407845836662 23.254389818651518 0
      vertex 21.75305896841479 23.047103259109747 1
      vertex 21.41407845836662 23.254389818651518 1
    endloop
  endfacet
  facet normal -0.6443970304648767 -0.7646910926171748 0
    outer loop
      vertex 22.075391831094255 22.81477368803442 0
      vertex 22.37923075295782 22.558731868169062 1
      vertex 22.075391831094255 22.81477368803442 1
    endloop
  endfacet
  facet normal -0.7003841348713489 -0.7137661126871406 0
    outer loop
      vertex 22.37923075295782 22.558731868169062 0
      vertex 22.662835372176502 22.280444383870883 1
      vertex 22.37923075295782 22.558731868169062 1
    endloop
  endfacet
  facet normal -0.7523595023795842 -0.6587527451017903 0
    outer loop
      vertex 22.662835372176502 22.280444383870883 0
      vertex 22.924581227174446 21.981505240648424 1
      vertex 22.662835372176502 22.280444383870883 1
    endloop
  endfacet
  facet normal -0.5847188782240484 -0.8112359912185914 0
    outer loop
      vertex 21.75305896841479 23.047103259109747 0
      vertex 22.075391831094255 22.81477368803442 1
      vertex 21.75305896841479 23.047103259109747 1
    endloop
  endfacet
  facet normal -0.8813630660146478 -0.4724395684796728 0
    outer loop
      vertex 23.376633410920217 21.32862964574705 0
      vertex 23.56435042569708 20.97843280635177 1
      vertex 23.376633410920217 21.32862964574705 1
    endloop
  endfacet
  facet normal -0.8431088700310836 -0.5377429062990136 0
    outer loop
      vertex 23.16296906139775 21.663626734842346 0
      vertex 23.376633410920217 21.32862964574705 1
      vertex 23.16296906139775 21.663626734842346 1
    endloop
  endfacet
  facet normal -0.8000254227913354 -0.5999661014486944 0
    outer loop
      vertex 22.924581227174446 21.981505240648424 0
      vertex 23.16296906139775 21.663626734842346 1
      vertex 22.924581227174446 21.981505240648424 1
    endloop
  endfacet
  facet normal -0.3162076668968227 -0.9486899975206169 -3.0549734463228227e-18
    outer loop
      vertex 20.31707710968076 23.714875406705595 0
      vertex 20.69402532944212 23.589234873524934 0
      vertex 20.69402532944212 23.589234873524934 1
    endloop
  endfacet
  facet normal -0.3870502972022167 -0.9220586030376138 3.7929993029914984e-18
    outer loop
      vertex 20.69402532944212 23.589234873524934 0
      vertex 21.060391950613464 23.43544604801841 0
      vertex 21.060391950613464 23.43544604801841 1
    endloop
  endfacet
  facet normal -0.3870502972022167 -0.9220586030376138 0
    outer loop
      vertex 20.69402532944212 23.589234873524934 0
      vertex 21.060391950613464 23.43544604801841 1
      vertex 20.69402532944212 23.589234873524934 1
    endloop
  endfacet
  facet normal -0.3162076668968227 -0.9486899975206169 0
    outer loop
      vertex 20.31707710968076 23.714875406705595 0
      vertex 20.69402532944212 23.589234873524934 1
      vertex 20.31707710968076 23.714875406705595 1
    endloop
  endfacet
  facet normal -0.45567593845624393 -0.8901457403773954 0
    outer loop
      vertex 21.060391950613464 23.43544604801841 0
      vertex 21.41407845836662 23.254389818651518 1
      vertex 21.060391950613464 23.43544604801841 1
    endloop
  endfacet
  facet normal 0 0 -1
    outer loop
      vertex 22.662835372176502 15.06955561612912 1
      vertex 22.424800438344615 19.071029595578686 1
      vertex 22.37923075295782 22.558731868169062 1
    endloop
  endfacet
  facet normal 0 0 -1
    outer loop
      vertex 22.662835372176502 15.06955561612912 1
      vertex 22.37923075295782 22.558731868169062 1
      vertex 22.662835372176502 22.280444383870883 1
    endloop
  endfacet
  facet normal 0 0 -1
    outer loop
      vertex 22.924581227174443 15.368494759351575 1
      vertex 22.662835372176502 22.280444383870883 1
      vertex 22.924581227174446 21.981505240648424 1
    endloop
  endfacet
  facet normal 0 0 -1
    outer loop
      vertex 22.424800438344615 19.071029595578686 1
      vertex 22.359516977458764 19.462251928342955 1
      vertex 22.37923075295782 22.558731868169062 1
    endloop
  endfacet
  facet normal 0 0 -1
    outer loop
      vertex 22.359516977458764 19.462251928342955 1
      vertex 22.251592070122282 19.84391808913686 1
      vertex 22.37923075295782 22.558731868169062 1
    endloop
  endfacet
  facet normal 0 0 -1
    outer loop
      vertex 22.251592070122282 19.84391808913686 1
      vertex 22.102335778511275 20.211395167787053 1
      vertex 22.075391831094255 22.81477368803442 1
    endloop
  endfacet
  facet normal 0 0 -1
    outer loop
      vertex 24.08161423771817 18.277949084106606 1
      vertex 24.08161423771817 19.0720509158934 1
      vertex 24.096649999999997 18.675 1
    endloop
  endfacet
  facet normal 0 0 -1
    outer loop
      vertex 24.08161423771817 18.277949084106606 1
      vertex 24.036593074357413 19.46682756009721 1
      vertex 24.08161423771817 19.0720509158934 1
    endloop
  endfacet
  facet normal 0 0 -1
    outer loop
      vertex 23.961844387064367 17.492931312255855 1
      vertex 23.857796329550663 20.240539032994995 1
      vertex 23.961844387064367 19.857068687744146 1
    endloop
  endfacet
  facet normal 0 0 -1
    outer loop
      vertex 24.036593074357413 17.883172439902786 1
      vertex 23.961844387064367 19.857068687744146 1
      vertex 24.036593074357413 19.46682756009721 1
    endloop
  endfacet
  facet normal 0 0 -1
    outer loop
      vertex 23.16296906139775 15.686373265157656 1
      vertex 22.924581227174446 21.981505240648424 1
      vertex 23.16296906139775 21.663626734842346 1
    endloop
  endfacet
  facet normal 0 0 -1
    outer loop
      vertex 23.376633410920217 16.02137035425295 1
      vertex 23.16296906139775 21.663626734842346 1
      vertex 23.376633410920217 21.32862964574705 1
    endloop
  endfacet
  facet normal 0 0 -1
    outer loop
      vertex 23.56435042569708 16.371567193648232 1
      vertex 23.376633410920217 21.32862964574705 1
      vertex 23.56435042569708 20.97843280635177 1
    endloop
  endfacet
  facet normal 0 0 -1
    outer loop
      vertex 23.857796329550663 17.109460967005006 1
      vertex 23.725044879667216 20.615042112438974 1
      vertex 23.857796329550663 20.240539032994995 1
    endloop
  endfacet
  facet normal 0 0 -1
    outer loop
      vertex 23.725044879667212 16.734957887561023 1
      vertex 23.56435042569708 20.97843280635177 1
      vertex 23.725044879667216 20.615042112438974 1
    endloop
  endfacet
  facet normal 0 0 -1
    outer loop
      vertex 21.687555833827012 20.886165765682804 1
      vertex 21.42706704740642 21.185268483938383 1
      vertex 21.41407845836662 23.254389818651518 1
    endloop
  endfacet
  facet normal 0 0 -1
    outer loop
      vertex 21.42706704740642 21.185268483938383 1
      vertex 21.13525549355588 21.453899943298754 1
      vertex 21.060391950613464 23.43544604801841 1
    endloop
  endfacet
  facet normal 0 0 -1
    outer loop
      vertex 22.102335778511275 20.211395167787053 1
      vertex 21.913559871817974 20.56022249035636 1
      vertex 22.075391831094255 22.81477368803442 1
    endloop
  endfacet
  facet normal 0 0 -1
    outer loop
      vertex 21.687555833827012 20.886165765682804 1
      vertex 21.75305896841479 23.047103259109747 1
      vertex 21.913559871817974 20.56022249035636 1
    endloop
  endfacet
  facet normal 0 0 -1
    outer loop
      vertex 22.251592070122282 19.84391808913686 1
      vertex 22.075391831094255 22.81477368803442 1
      vertex 22.37923075295782 22.558731868169062 1
    endloop
  endfacet
  facet normal 0 0 -1
    outer loop
      vertex 21.913559871817974 20.56022249035636 1
      vertex 21.75305896841479 23.047103259109747 1
      vertex 22.075391831094255 22.81477368803442 1
    endloop
  endfacet
  facet normal 0 0 -1
    outer loop
      vertex 20.815663369240735 21.688799321745105 1
      vertex 20.4721700899192 21.88711525902622 1
      vertex 20.69402532944212 23.589234873524934 1
    endloop
  endfacet
  facet normal 0 0 -1
    outer loop
      vertex 21.13525549355588 21.453899943298754 1
      vertex 20.815663369240735 21.688799321745105 1
      vertex 21.060391950613464 23.43544604801841 1
    endloop
  endfacet
  facet normal 0 0 -1
    outer loop
      vertex 21.687555833827012 20.886165765682804 1
      vertex 21.41407845836662 23.254389818651518 1
      vertex 21.75305896841479 23.047103259109747 1
    endloop
  endfacet
  facet normal 0 0 -1
    outer loop
      vertex 21.42706704740642 21.185268483938383 1
      vertex 21.060391950613464 23.43544604801841 1
      vertex 21.41407845836662 23.254389818651518 1
    endloop
  endfacet
  facet normal 0 0 -1
    outer loop
      vertex 20.815663369240735 21.688799321745105 1
      vertex 20.69402532944212 23.589234873524934 1
      vertex 21.060391950613464 23.43544604801841 1
    endloop
  endfacet
  facet normal 0 0 -1
    outer loop
      vertex 20.31707710968076 23.714875406705595 1
      vertex 20.69402532944212 23.589234873524934 1
      vertex 20.4721700899192 21.88711525902622 1
    endloop
  endfacet
  facet normal 0.42166513345018264 0.9067516281939834 0
    outer loop
      vertex 38.45435132310473 14.001734863018669 0
      vertex 38.45435132310473 14.001734863018669 1
      vertex 38.81463593968836 13.834192334052531 0
    endloop
  endfacet
  facet normal 0.2800813542249073 0.9599762679439227 0
    outer loop
      vertex 39.18655974879167 13.694377513016764 0
      vertex 39.18655974879167 13.694377513016764 1
      vertex 39.56799240451729 13.583091246544733 0
    endloop
  endfacet
  facet normal 0.3518810151318361 0.9360447378142716 0
    outer loop
      vertex 38.81463593968836 13.834192334052531 0
      vertex 38.81463593968836 13.834192334052531 1
      vertex 39.18655974879167 13.694377513016764 0
    endloop
  endfacet
  facet normal 0.20667741268495432 0.9784091409455725 0
    outer loop
      vertex 39.56799240451729 13.583091246544733 0
      vertex 39.56799240451729 13.583091246544733 1
      vertex 39.95674909515549 13.50097097229278 0
    endloop
  endfacet
  facet normal 0.13208964164169903 0.9912377749919378 0
    outer loop
      vertex 39.95674909515549 13.50097097229278 0
      vertex 39.95674909515549 13.50097097229278 1
      vertex 40.35060305758783 13.448487067755067 0
    endloop
  endfacet
  facet normal 0.056745273093077205 0.998388688828951 0
    outer loop
      vertex 40.35060305758783 13.448487067755067 0
      vertex 40.35060305758783 13.448487067755067 1
      vertex 40.74729833198465 13.425940155983877 0
    endloop
  endfacet
  facet normal 0.42166513345018264 0.9067516281939834 0
    outer loop
      vertex 38.81463593968836 13.834192334052531 0
      vertex 38.45435132310473 14.001734863018669 1
      vertex 38.81463593968836 13.834192334052531 1
    endloop
  endfacet
  facet normal 0.2800813542249073 0.9599762679439227 0
    outer loop
      vertex 39.56799240451729 13.583091246544733 0
      vertex 39.18655974879167 13.694377513016764 1
      vertex 39.56799240451729 13.583091246544733 1
    endloop
  endfacet
  facet normal 0.3518810151318361 0.9360447378142716 0
    outer loop
      vertex 39.18655974879167 13.694377513016764 0
      vertex 38.81463593968836 13.834192334052531 1
      vertex 39.18655974879167 13.694377513016764 1
    endloop
  endfacet
  facet normal 0.20667741268495432 0.9784091409455725 0
    outer loop
      vertex 39.95674909515549 13.50097097229278 0
      vertex 39.56799240451729 13.583091246544733 1
      vertex 39.95674909515549 13.50097097229278 1
    endloop
  endfacet
  facet normal 0.13208964164169903 0.9912377749919378 0
    outer loop
      vertex 40.35060305758783 13.448487067755067 0
      vertex 39.95674909515549 13.50097097229278 1
      vertex 40.35060305758783 13.448487067755067 1
    endloop
  endfacet
  facet normal 0.056745273093077205 0.998388688828951 0
    outer loop
      vertex 40.74729833198465 13.425940155983877 0
      vertex 40.35060305758783 13.448487067755067 1
      vertex 40.74729833198465 13.425940155983877 1
    endloop
  endfacet
  facet normal 0.9743227403932168 0.22515594052267973 0
    outer loop
      vertex 35.690388121552935 17.68734447256467 0
      vertex 35.690388121552935 17.68734447256467 1
      vertex 35.77985057100484 17.300211453955765 0
    endloop
  endfacet
  facet normal 0.9885605855918886 0.1508242971613726 1.615179700457351e-18
    outer loop
      vertex 35.690388121552935 17.68734447256467 0
      vertex 35.63046027319328 18.080134692593333 0
      vertex 35.63046027319328 18.080134692593333 1
    endloop
  endfacet
  facet normal 0.9971360452796522 0.07562874588445634 6.511338744882229e-19
    outer loop
      vertex 35.63046027319328 18.080134692593333 0
      vertex 35.60041028721426 18.476332247232232 0
      vertex 35.60041028721426 18.476332247232232 1
    endloop
  endfacet
  facet normal 0.7268924518431399 0.6867513112135051 -1.159680121417532e-17
    outer loop
      vertex 37.16963329192541 14.927727908392523 0
      vertex 36.896762612507196 15.216548088215584 0
      vertex 36.896762612507196 15.216548088215584 1
    endloop
  endfacet
  facet normal 0.614998444017961 0.7885283215303601 1.6583228795862864e-17
    outer loop
      vertex 37.77687588932375 14.41601104610239 0
      vertex 37.463565590059396 14.660371763759834 0
      vertex 37.463565590059396 14.660371763759834 1
    endloop
  endfacet
  facet normal 0.489033992069829 0.8722647273621961 1.4450326425767074e-17
    outer loop
      vertex 38.45435132310473 14.001734863018669 0
      vertex 38.10776957669745 14.1960454314818 0
      vertex 38.10776957669745 14.1960454314818 1
    endloop
  endfacet
  facet normal 0.5536017082694823 0.8327815731637624 -1.0040833801910459e-17
    outer loop
      vertex 38.10776957669745 14.1960454314818 0
      vertex 37.77687588932375 14.41601104610239 0
      vertex 37.77687588932375 14.41601104610239 1
    endloop
  endfacet
  facet normal 0.6728725243729199 0.7397584510798199 -1.5152792055337556e-17
    outer loop
      vertex 37.463565590059396 14.660371763759834 0
      vertex 37.16963329192541 14.927727908392523 0
      vertex 37.16963329192541 14.927727908392523 1
    endloop
  endfacet
  facet normal 0.7767488051760882 0.6298105220282677 1.4606701103323873e-17
    outer loop
      vertex 36.896762612507196 15.216548088215584 0
      vertex 36.646516530345494 15.525177967394349 0
      vertex 36.646516530345494 15.525177967394349 1
    endloop
  endfacet
  facet normal 0.8221560116948038 0.5692622352080751 9.3788355196741e-18
    outer loop
      vertex 36.646516530345494 15.525177967394349 0
      vertex 36.4203284323368 15.851849741930186 0
      vertex 36.4203284323368 15.851849741930186 1
    endloop
  endfacet
  facet normal 0.8628539830324271 0.5054532658565735 0
    outer loop
      vertex 36.21949390342309 16.194692265481727 0
      vertex 36.21949390342309 16.194692265481727 1
      vertex 36.4203284323368 15.851849741930186 0
    endloop
  endfacet
  facet normal 0.8986096048946826 0.4387491059717644 6.714971876850519e-18
    outer loop
      vertex 36.21949390342309 16.194692265481727 0
      vertex 36.045163305598535 16.551741767121648 0
      vertex 36.045163305598535 16.551741767121648 1
    endloop
  endfacet
  facet normal 0.9292180723175671 0.3695318309407518 -3.705705690603485e-18
    outer loop
      vertex 36.045163305598535 16.551741767121648 0
      vertex 35.89833518874022 16.920953099638705 0
      vertex 35.89833518874022 16.920953099638705 1
    endloop
  endfacet
  facet normal 0.9545040627715492 0.29819791104668486 4.0564465220564945e-18
    outer loop
      vertex 35.89833518874022 16.920953099638705 0
      vertex 35.77985057100484 17.300211453955765 0
      vertex 35.77985057100484 17.300211453955765 1
    endloop
  endfacet
  facet normal 0.9885605855918886 0.1508242971613726 0
    outer loop
      vertex 35.690388121552935 17.68734447256467 0
      vertex 35.63046027319328 18.080134692593333 1
      vertex 35.690388121552935 17.68734447256467 1
    endloop
  endfacet
  facet normal 0.9971360452796522 0.07562874588445634 0
    outer loop
      vertex 35.63046027319328 18.080134692593333 0
      vertex 35.60041028721426 18.476332247232232 1
      vertex 35.63046027319328 18.080134692593333 1
    endloop
  endfacet
  facet normal 1 0 0
    outer loop
      vertex 35.60041028721426 18.476332247232232 0
      vertex 35.60041028721426 18.87366775276777 1
      vertex 35.60041028721426 18.476332247232232 1
    endloop
  endfacet
  facet normal 0.5536017082694823 0.8327815731637624 0
    outer loop
      vertex 38.10776957669745 14.1960454314818 0
      vertex 37.77687588932375 14.41601104610239 1
      vertex 38.10776957669745 14.1960454314818 1
    endloop
  endfacet
  facet normal 0.614998444017961 0.7885283215303601 0
    outer loop
      vertex 37.77687588932375 14.41601104610239 0
      vertex 37.463565590059396 14.660371763759834 1
      vertex 37.77687588932375 14.41601104610239 1
    endloop
  endfacet
  facet normal 0.6728725243729199 0.7397584510798199 0
    outer loop
      vertex 37.463565590059396 14.660371763759834 0
      vertex 37.16963329192541 14.927727908392523 1
      vertex 37.463565590059396 14.660371763759834 1
    endloop
  endfacet
  facet normal 0.7268924518431399 0.6867513112135051 0
    outer loop
      vertex 37.16963329192541 14.927727908392523 0
      vertex 36.896762612507196 15.216548088215584 1
      vertex 37.16963329192541 14.927727908392523 1
    endloop
  endfacet
  facet normal 0.7767488051760882 0.6298105220282677 0
    outer loop
      vertex 36.896762612507196 15.216548088215584 0
      vertex 36.646516530345494 15.525177967394349 1
      vertex 36.896762612507196 15.216548088215584 1
    endloop
  endfacet
  facet normal 0.8221560116948038 0.5692622352080751 0
    outer loop
      vertex 36.646516530345494 15.525177967394349 0
      vertex 36.4203284323368 15.851849741930186 1
      vertex 36.646516530345494 15.525177967394349 1
    endloop
  endfacet
  facet normal 0.8628539830324271 0.5054532658565735 0
    outer loop
      vertex 36.4203284323368 15.851849741930186 0
      vertex 36.21949390342309 16.194692265481727 1
      vertex 36.4203284323368 15.851849741930186 1
    endloop
  endfacet
  facet normal 0.8986096048946826 0.4387491059717644 0
    outer loop
      vertex 36.21949390342309 16.194692265481727 0
      vertex 36.045163305598535 16.551741767121648 1
      vertex 36.21949390342309 16.194692265481727 1
    endloop
  endfacet
  facet normal 0.489033992069829 0.8722647273621961 0
    outer loop
      vertex 38.45435132310473 14.001734863018669 0
      vertex 38.10776957669745 14.1960454314818 1
      vertex 38.45435132310473 14.001734863018669 1
    endloop
  endfacet
  facet normal 0.9292180723175671 0.3695318309407518 0
    outer loop
      vertex 36.045163305598535 16.551741767121648 0
      vertex 35.89833518874022 16.920953099638705 1
      vertex 36.045163305598535 16.551741767121648 1
    endloop
  endfacet
  facet normal 0.9545040627715492 0.29819791104668486 0
    outer loop
      vertex 35.89833518874022 16.920953099638705 0
      vertex 35.77985057100484 17.300211453955765 1
      vertex 35.89833518874022 16.920953099638705 1
    endloop
  endfacet
  facet normal 0.9743227403932168 0.22515594052267973 0
    outer loop
      vertex 35.77985057100484 17.300211453955765 0
      vertex 35.690388121552935 17.68734447256467 1
      vertex 35.77985057100484 17.300211453955765 1
    endloop
  endfacet
  facet normal 0 0 -1
    outer loop
      vertex 40.35060305758783 13.448487067755067 1
      vertex 40.5493643562996 15.087295825175989 1
      vertex 40.74729833198465 13.425940155983877 1
    endloop
  endfacet
  facet normal 0 0 -1
    outer loop
      vertex 35.690388121552935 17.68734447256467 1
      vertex 35.690388121552935 19.66265552743533 1
      vertex 35.77985057100484 17.300211453955765 1
    endloop
  endfacet
  facet normal 0 0 -1
    outer loop
      vertex 35.690388121552935 17.68734447256467 1
      vertex 35.63046027319328 18.080134692593333 1
      vertex 35.63046027319328 19.26986530740667 1
    endloop
  endfacet
  facet normal 0 0 -1
    outer loop
      vertex 35.63046027319328 18.080134692593333 1
      vertex 35.60041028721426 18.476332247232232 1
      vertex 35.60041028721426 18.87366775276777 1
    endloop
  endfacet
  facet normal 0 0 -1
    outer loop
      vertex 38.45435132310473 14.001734863018669 1
      vertex 38.10776957669745 14.1960454314818 1
      vertex 38.13186620480317 16.310692713428157 1
    endloop
  endfacet
  facet normal 0 0 -1
    outer loop
      vertex 38.10776957669745 14.1960454314818 1
      vertex 37.77687588932375 14.41601104610239 1
      vertex 37.88824986518912 16.62369099296304 1
    endloop
  endfacet
  facet normal 0 0 -1
    outer loop
      vertex 37.77687588932375 14.41601104610239 1
      vertex 37.463565590059396 14.660371763759834 1
      vertex 37.51127135802671 17.320286260987793 1
    endloop
  endfacet
  facet normal 0 0 -1
    outer loop
      vertex 38.10776957669745 14.1960454314818 1
      vertex 37.88824986518912 16.62369099296304 1
      vertex 38.13186620480317 16.310692713428157 1
    endloop
  endfacet
  facet normal 0 0 -1
    outer loop
      vertex 37.463565590059396 14.660371763759834 1
      vertex 37.16963329192541 14.927727908392523 1
      vertex 37.2957493077502 18.082459474989356 1
    endloop
  endfacet
  facet normal 0 0 -1
    outer loop
      vertex 37.77687588932375 14.41601104610239 1
      vertex 37.68054449565663 16.961589385066535 1
      vertex 37.88824986518912 16.62369099296304 1
    endloop
  endfacet
  facet normal 0 0 -1
    outer loop
      vertex 37.77687588932375 14.41601104610239 1
      vertex 37.51127135802671 17.320286260987793 1
      vertex 37.68054449565663 16.961589385066535 1
    endloop
  endfacet
  facet normal 0 0 -1
    outer loop
      vertex 38.45435132310473 14.001734863018669 1
      vertex 38.714603090406065 15.77424561962048 1
      vertex 38.81463593968836 13.834192334052531 1
    endloop
  endfacet
  facet normal 0 0 -1
    outer loop
      vertex 39.18655974879167 13.694377513016764 1
      vertex 39.40054647124931 15.378216024041794 1
      vertex 39.56799240451729 13.583091246544733 1
    endloop
  endfacet
  facet normal 0 0 -1
    outer loop
      vertex 38.81463593968836 13.834192334052531 1
      vertex 39.04665 15.55730854637602 1
      vertex 39.18655974879167 13.694377513016764 1
    endloop
  endfacet
  facet normal 0 0 -1
    outer loop
      vertex 38.81463593968836 13.834192334052531 1
      vertex 38.714603090406065 15.77424561962048 1
      vertex 39.04665 15.55730854637602 1
    endloop
  endfacet
  facet normal 0 0 -1
    outer loop
      vertex 39.18655974879167 13.694377513016764 1
      vertex 39.04665 15.55730854637602 1
      vertex 39.40054647124931 15.378216024041794 1
    endloop
  endfacet
  facet normal 0 0 -1
    outer loop
      vertex 39.56799240451729 13.583091246544733 1
      vertex 39.7719966803939 15.239141993233774 1
      vertex 39.95674909515549 13.50097097229278 1
    endloop
  endfacet
  facet normal 0 0 -1
    outer loop
      vertex 39.95674909515549 13.50097097229278 1
      vertex 40.15649172507454 15.141774624291296 1
      vertex 40.35060305758783 13.448487067755067 1
    endloop
  endfacet
  facet normal 0 0 -1
    outer loop
      vertex 40.35060305758783 13.448487067755067 1
      vertex 40.15649172507454 15.141774624291296 1
      vertex 40.5493643562996 15.087295825175989 1
    endloop
  endfacet
  facet normal 0 0 -1
    outer loop
      vertex 40.74729833198465 13.425940155983877 1
      vertex 40.5493643562996 15.087295825175989 1
      vertex 40.945845632525376 15.076366894710176 1
    endloop
  endfacet
  facet normal 0 0 -1
    outer loop
      vertex 39.56799240451729 13.583091246544733 1
      vertex 39.40054647124931 15.378216024041794 1
      vertex 39.7719966803939 15.239141993233774 1
    endloop
  endfacet
  facet normal 0 0 -1
    outer loop
      vertex 39.95674909515549 13.50097097229278 1
      vertex 39.7719966803939 15.239141993233774 1
      vertex 40.15649172507454 15.141774624291296 1
    endloop
  endfacet
  facet normal 0 0 -1
    outer loop
      vertex 38.45435132310473 14.001734863018669 1
      vertex 38.408436342147326 16.026393921576727 1
      vertex 38.714603090406065 15.77424561962048 1
    endloop
  endfacet
  facet normal 0 0 -1
    outer loop
      vertex 38.45435132310473 14.001734863018669 1
      vertex 38.13186620480317 16.310692713428157 1
      vertex 38.408436342147326 16.026393921576727 1
    endloop
  endfacet
  facet normal 0 0 -1
    outer loop
      vertex 37.16963329192541 14.927727908392523 1
      vertex 36.896762612507196 15.216548088215584 1
      vertex 36.896762612507196 22.13345191178442 1
    endloop
  endfacet
  facet normal 0 0 -1
    outer loop
      vertex 37.463565590059396 14.660371763759834 1
      vertex 37.3824851988867 17.695427526556795 1
      vertex 37.51127135802671 17.320286260987793 1
    endloop
  endfacet
  facet normal 0 0 -1
    outer loop
      vertex 37.463565590059396 14.660371763759834 1
      vertex 37.2957493077502 18.082459474989356 1
      vertex 37.3824851988867 17.695427526556795 1
    endloop
  endfacet
  facet normal 0 0 -1
    outer loop
      vertex 37.16963329192541 14.927727908392523 1
      vertex 37.252116540840056 18.476684062718885 1
      vertex 37.2957493077502 18.082459474989356 1
    endloop
  endfacet
  facet normal 0 0 -1
    outer loop
      vertex 36.21949390342309 16.194692265481727 1
      vertex 36.21949390342309 21.155307734518274 1
      vertex 36.4203284323368 15.851849741930186 1
    endloop
  endfacet
  facet normal 0 0 -1
    outer loop
      vertex 35.89833518874022 16.920953099638705 1
      vertex 35.77985057100484 17.300211453955765 1
      vertex 35.77985057100484 20.049788546044237 1
    endloop
  endfacet
  facet normal 0 0 -1
    outer loop
      vertex 36.045163305598535 16.551741767121648 1
      vertex 35.89833518874022 16.920953099638705 1
      vertex 35.89833518874022 20.429046900361296 1
    endloop
  endfacet
  facet normal 0 0 -1
    outer loop
      vertex 36.21949390342309 16.194692265481727 1
      vertex 36.045163305598535 16.551741767121648 1
      vertex 36.045163305598535 20.798258232878354 1
    endloop
  endfacet
  facet normal 0 0 -1
    outer loop
      vertex 36.646516530345494 15.525177967394349 1
      vertex 36.4203284323368 15.851849741930186 1
      vertex 36.4203284323368 21.498150258069813 1
    endloop
  endfacet
  facet normal 0 0 -1
    outer loop
      vertex 36.896762612507196 15.216548088215584 1
      vertex 36.646516530345494 15.525177967394349 1
      vertex 36.646516530345494 21.824822032605653 1
    endloop
  endfacet
  facet normal 0 0 -1
    outer loop
      vertex 37.16963329192541 14.927727908392523 1
      vertex 37.16963329192541 22.42227209160748 1
      vertex 37.252116540840056 18.476684062718885 1
    endloop
  endfacet
  facet normal 1 0 0
    outer loop
      vertex 35.60041028721426 18.476332247232232 0
      vertex 35.60041028721426 18.87366775276777 0
      vertex 35.60041028721426 18.87366775276777 1
    endloop
  endfacet
  facet normal 0.9971360452796522 -0.07562874588445634 -6.511338744882229e-19
    outer loop
      vertex 35.60041028721426 18.87366775276777 0
      vertex 35.63046027319328 19.26986530740667 0
      vertex 35.63046027319328 19.26986530740667 1
    endloop
  endfacet
  facet normal 0.9885605855918886 -0.1508242971613726 -1.615179700457351e-18
    outer loop
      vertex 35.63046027319328 19.26986530740667 0
      vertex 35.690388121552935 19.66265552743533 0
      vertex 35.690388121552935 19.66265552743533 1
    endloop
  endfacet
  facet normal 0.9743227403932168 -0.22515594052267973 -5.753124427560354e-18
    outer loop
      vertex 35.690388121552935 19.66265552743533 0
      vertex 35.77985057100484 20.049788546044237 0
      vertex 35.77985057100484 20.049788546044237 1
    endloop
  endfacet
  facet normal 0.9545040627715492 -0.29819791104668486 -4.0564465220564945e-18
    outer loop
      vertex 35.77985057100484 20.049788546044237 0
      vertex 35.89833518874022 20.429046900361296 0
      vertex 35.89833518874022 20.429046900361296 1
    endloop
  endfacet
  facet normal 0.9292180723175671 -0.3695318309407518 3.705705690603485e-18
    outer loop
      vertex 35.89833518874022 20.429046900361296 0
      vertex 36.045163305598535 20.798258232878354 0
      vertex 36.045163305598535 20.798258232878354 1
    endloop
  endfacet
  facet normal 0.8986096048946826 -0.4387491059717644 -6.714971876850519e-18
    outer loop
      vertex 36.045163305598535 20.798258232878354 0
      vertex 36.21949390342309 21.155307734518274 0
      vertex 36.21949390342309 21.155307734518274 1
    endloop
  endfacet
  facet normal 0.862853983032426 -0.5054532658565755 -1.3920577404869227e-17
    outer loop
      vertex 36.21949390342309 21.155307734518274 0
      vertex 36.4203284323368 21.498150258069813 0
      vertex 36.4203284323368 21.498150258069813 1
    endloop
  endfacet
  facet normal 0.8221560116948052 -0.5692622352080731 -1.1052664132220608e-17
    outer loop
      vertex 36.4203284323368 21.498150258069813 0
      vertex 36.646516530345494 21.824822032605653 0
      vertex 36.646516530345494 21.824822032605653 1
    endloop
  endfacet
  facet normal 0.77674880517609 -0.6298105220282656 -1.3506548398861357e-17
    outer loop
      vertex 36.646516530345494 21.824822032605653 0
      vertex 36.896762612507196 22.13345191178442 0
      vertex 36.896762612507196 22.13345191178442 1
    endloop
  endfacet
  facet normal 0.7268924518431378 -0.6867513112135073 1.413087028966737e-17
    outer loop
      vertex 36.896762612507196 22.13345191178442 0
      vertex 37.16963329192541 22.42227209160748 0
      vertex 37.16963329192541 22.42227209160748 1
    endloop
  endfacet
  facet normal 0.6728725243729199 -0.7397584510798199 1.5152792055337556e-17
    outer loop
      vertex 37.16963329192541 22.42227209160748 0
      vertex 37.463565590059396 22.689628236240168 0
      vertex 37.463565590059396 22.689628236240168 1
    endloop
  endfacet
  facet normal 0.614998444017961 -0.7885283215303601 -1.6583228795862864e-17
    outer loop
      vertex 37.463565590059396 22.689628236240168 0
      vertex 37.77687588932375 22.93398895389761 0
      vertex 37.77687588932375 22.93398895389761 1
    endloop
  endfacet
  facet normal 0.5536017082694823 -0.8327815731637624 1.0040833801910459e-17
    outer loop
      vertex 37.77687588932375 22.93398895389761 0
      vertex 38.10776957669745 23.153954568518202 0
      vertex 38.10776957669745 23.153954568518202 1
    endloop
  endfacet
  facet normal 0.489033992069829 -0.8722647273621961 -1.4450326425767074e-17
    outer loop
      vertex 38.10776957669745 23.153954568518202 0
      vertex 38.45435132310473 23.348265136981333 0
      vertex 38.45435132310473 23.348265136981333 1
    endloop
  endfacet
  facet normal 0.9971360452796522 -0.07562874588445634 0
    outer loop
      vertex 35.60041028721426 18.87366775276777 0
      vertex 35.63046027319328 19.26986530740667 1
      vertex 35.60041028721426 18.87366775276777 1
    endloop
  endfacet
  facet normal 0.9885605855918886 -0.1508242971613726 0
    outer loop
      vertex 35.63046027319328 19.26986530740667 0
      vertex 35.690388121552935 19.66265552743533 1
      vertex 35.63046027319328 19.26986530740667 1
    endloop
  endfacet
  facet normal 0.9743227403932168 -0.22515594052267973 0
    outer loop
      vertex 35.690388121552935 19.66265552743533 0
      vertex 35.77985057100484 20.049788546044237 1
      vertex 35.690388121552935 19.66265552743533 1
    endloop
  endfacet
  facet normal 0.9545040627715492 -0.29819791104668486 0
    outer loop
      vertex 35.77985057100484 20.049788546044237 0
      vertex 35.89833518874022 20.429046900361296 1
      vertex 35.77985057100484 20.049788546044237 1
    endloop
  endfacet
  facet normal 0.9292180723175671 -0.3695318309407518 0
    outer loop
      vertex 35.89833518874022 20.429046900361296 0
      vertex 36.045163305598535 20.798258232878354 1
      vertex 35.89833518874022 20.429046900361296 1
    endloop
  endfacet
  facet normal 0.8986096048946826 -0.4387491059717644 0
    outer loop
      vertex 36.045163305598535 20.798258232878354 0
      vertex 36.21949390342309 21.155307734518274 1
      vertex 36.045163305598535 20.798258232878354 1
    endloop
  endfacet
  facet normal 0.862853983032426 -0.5054532658565755 0
    outer loop
      vertex 36.21949390342309 21.155307734518274 0
      vertex 36.4203284323368 21.498150258069813 1
      vertex 36.21949390342309 21.155307734518274 1
    endloop
  endfacet
  facet normal 0.8221560116948052 -0.5692622352080731 0
    outer loop
      vertex 36.4203284323368 21.498150258069813 0
      vertex 36.646516530345494 21.824822032605653 1
      vertex 36.4203284323368 21.498150258069813 1
    endloop
  endfacet
  facet normal 0.77674880517609 -0.6298105220282656 0
    outer loop
      vertex 36.646516530345494 21.824822032605653 0
      vertex 36.896762612507196 22.13345191178442 1
      vertex 36.646516530345494 21.824822032605653 1
    endloop
  endfacet
  facet normal 0.7268924518431378 -0.6867513112135073 0
    outer loop
      vertex 36.896762612507196 22.13345191178442 0
      vertex 37.16963329192541 22.42227209160748 1
      vertex 36.896762612507196 22.13345191178442 1
    endloop
  endfacet
  facet normal 0.6728725243729199 -0.7397584510798199 0
    outer loop
      vertex 37.16963329192541 22.42227209160748 0
      vertex 37.463565590059396 22.689628236240168 1
      vertex 37.16963329192541 22.42227209160748 1
    endloop
  endfacet
  facet normal 0.614998444017961 -0.7885283215303601 0
    outer loop
      vertex 37.463565590059396 22.689628236240168 0
      vertex 37.77687588932375 22.93398895389761 1
      vertex 37.463565590059396 22.689628236240168 1
    endloop
  endfacet
  facet normal 0.5536017082694823 -0.8327815731637624 0
    outer loop
      vertex 37.77687588932375 22.93398895389761 0
      vertex 38.10776957669745 23.153954568518202 1
      vertex 37.77687588932375 22.93398895389761 1
    endloop
  endfacet
  facet normal 0.489033992069829 -0.8722647273621961 0
    outer loop
      vertex 38.10776957669745 23.153954568518202 0
      vertex 38.45435132310473 23.348265136981333 1
      vertex 38.10776957669745 23.153954568518202 1
    endloop
  endfacet
  facet normal 0.42166513345018264 -0.9067516281939834 -1.372490330919677e-18
    outer loop
      vertex 38.45435132310473 23.348265136981333 0
      vertex 38.81463593968836 23.51580766594747 0
      vertex 38.81463593968836 23.51580766594747 1
    endloop
  endfacet
  facet normal 0.3518810151318361 -0.9360447378142716 -1.7086429279816775e-18
    outer loop
      vertex 38.81463593968836 23.51580766594747 0
      vertex 39.18655974879167 23.655622486983237 0
      vertex 39.18655974879167 23.655622486983237 1
    endloop
  endfacet
  facet normal 0.2800813542249073 -0.9599762679439227 7.800709587040612e-18
    outer loop
      vertex 39.18655974879167 23.655622486983237 0
      vertex 39.56799240451729 23.76690875345527 0
      vertex 39.56799240451729 23.76690875345527 1
    endloop
  endfacet
  facet normal 0.20667741268495432 -0.9784091409455725 -2.1179007925965234e-18
    outer loop
      vertex 39.56799240451729 23.76690875345527 0
      vertex 39.95674909515549 23.84902902770722 0
      vertex 39.95674909515549 23.84902902770722 1
    endloop
  endfacet
  facet normal 0.13208964164169903 -0.9912377749919378 2.711742651951537e-20
    outer loop
      vertex 39.95674909515549 23.84902902770722 0
      vertex 40.35060305758783 23.901512932244934 0
      vertex 40.35060305758783 23.901512932244934 1
    endloop
  endfacet
  facet normal 0.05674527309307822 -0.998388688828951 -1.807548487981035e-18
    outer loop
      vertex 40.35060305758783 23.901512932244934 0
      vertex 40.747298331984645 23.924059844016124 0
      vertex 40.747298331984645 23.924059844016124 1
    endloop
  endfacet
  facet normal 0.42166513345018264 -0.9067516281939834 0
    outer loop
      vertex 38.45435132310473 23.348265136981333 0
      vertex 38.81463593968836 23.51580766594747 1
      vertex 38.45435132310473 23.348265136981333 1
    endloop
  endfacet
  facet normal 0.3518810151318361 -0.9360447378142716 0
    outer loop
      vertex 38.81463593968836 23.51580766594747 0
      vertex 39.18655974879167 23.655622486983237 1
      vertex 38.81463593968836 23.51580766594747 1
    endloop
  endfacet
  facet normal 0.2800813542249073 -0.9599762679439227 0
    outer loop
      vertex 39.18655974879167 23.655622486983237 0
      vertex 39.56799240451729 23.76690875345527 1
      vertex 39.18655974879167 23.655622486983237 1
    endloop
  endfacet
  facet normal 0.20667741268495432 -0.9784091409455725 0
    outer loop
      vertex 39.56799240451729 23.76690875345527 0
      vertex 39.95674909515549 23.84902902770722 1
      vertex 39.56799240451729 23.76690875345527 1
    endloop
  endfacet
  facet normal 0.13208964164169903 -0.9912377749919378 0
    outer loop
      vertex 39.95674909515549 23.84902902770722 0
      vertex 40.35060305758783 23.901512932244934 1
      vertex 39.95674909515549 23.84902902770722 1
    endloop
  endfacet
  facet normal 0.05674527309307822 -0.998388688828951 0
    outer loop
      vertex 40.35060305758783 23.901512932244934 0
      vertex 40.747298331984645 23.924059844016124 1
      vertex 40.35060305758783 23.901512932244934 1
    endloop
  endfacet
  facet normal 0 0 -1
    outer loop
      vertex 35.63046027319328 18.080134692593333 1
      vertex 35.60041028721426 18.87366775276777 1
      vertex 35.63046027319328 19.26986530740667 1
    endloop
  endfacet
  facet normal 0 0 -1
    outer loop
      vertex 35.690388121552935 17.68734447256467 1
      vertex 35.63046027319328 19.26986530740667 1
      vertex 35.690388121552935 19.66265552743533 1
    endloop
  endfacet
  facet normal 0 0 -1
    outer loop
      vertex 35.77985057100484 17.300211453955765 1
      vertex 35.690388121552935 19.66265552743533 1
      vertex 35.77985057100484 20.049788546044237 1
    endloop
  endfacet
  facet normal 0 0 -1
    outer loop
      vertex 35.89833518874022 16.920953099638705 1
      vertex 35.77985057100484 20.049788546044237 1
      vertex 35.89833518874022 20.429046900361296 1
    endloop
  endfacet
  facet normal 0 0 -1
    outer loop
      vertex 36.045163305598535 16.551741767121648 1
      vertex 35.89833518874022 20.429046900361296 1
      vertex 36.045163305598535 20.798258232878354 1
    endloop
  endfacet
  facet normal 0 0 -1
    outer loop
      vertex 36.21949390342309 16.194692265481727 1
      vertex 36.045163305598535 20.798258232878354 1
      vertex 36.21949390342309 21.155307734518274 1
    endloop
  endfacet
  facet normal 0 0 -1
    outer loop
      vertex 36.4203284323368 15.851849741930186 1
      vertex 36.21949390342309 21.155307734518274 1
      vertex 36.4203284323368 21.498150258069813 1
    endloop
  endfacet
  facet normal 0 0 -1
    outer loop
      vertex 36.646516530345494 15.525177967394349 1
      vertex 36.4203284323368 21.498150258069813 1
      vertex 36.646516530345494 21.824822032605653 1
    endloop
  endfacet
  facet normal 0 0 -1
    outer loop
      vertex 36.896762612507196 15.216548088215584 1
      vertex 36.646516530345494 21.824822032605653 1
      vertex 36.896762612507196 22.13345191178442 1
    endloop
  endfacet
  facet normal 0 0 -1
    outer loop
      vertex 37.16963329192541 14.927727908392523 1
      vertex 36.896762612507196 22.13345191178442 1
      vertex 37.16963329192541 22.42227209160748 1
    endloop
  endfacet
  facet normal 0 0 -1
    outer loop
      vertex 37.252116540840056 18.476684062718885 1
      vertex 37.16963329192541 22.42227209160748 1
      vertex 37.252116540840056 18.873315937281117 1
    endloop
  endfacet
  facet normal 0 0 -1
    outer loop
      vertex 37.252116540840056 18.873315937281117 1
      vertex 37.16963329192541 22.42227209160748 1
      vertex 37.2957493077502 19.267540525010645 1
    endloop
  endfacet
  facet normal 0 0 -1
    outer loop
      vertex 37.2957493077502 19.267540525010645 1
      vertex 37.16963329192541 22.42227209160748 1
      vertex 37.3824851988867 19.654572473443206 1
    endloop
  endfacet
  facet normal 0 0 -1
    outer loop
      vertex 37.3824851988867 19.654572473443206 1
      vertex 37.16963329192541 22.42227209160748 1
      vertex 37.51127135802671 20.02971373901221 1
    endloop
  endfacet
  facet normal 0 0 -1
    outer loop
      vertex 37.51127135802671 20.02971373901221 1
      vertex 37.463565590059396 22.689628236240168 1
      vertex 37.68054449565663 20.388410614933466 1
    endloop
  endfacet
  facet normal 0 0 -1
    outer loop
      vertex 37.68054449565663 20.388410614933466 1
      vertex 37.463565590059396 22.689628236240168 1
      vertex 37.88824986518912 20.72630900703696 1
    endloop
  endfacet
  facet normal 0 0 -1
    outer loop
      vertex 37.88824986518912 20.72630900703696 1
      vertex 37.77687588932375 22.93398895389761 1
      vertex 38.13186620480317 21.039307286571844 1
    endloop
  endfacet
  facet normal 0 0 -1
    outer loop
      vertex 37.51127135802671 20.02971373901221 1
      vertex 37.16963329192541 22.42227209160748 1
      vertex 37.463565590059396 22.689628236240168 1
    endloop
  endfacet
  facet normal 0 0 -1
    outer loop
      vertex 38.13186620480317 21.039307286571844 1
      vertex 38.10776957669745 23.153954568518202 1
      vertex 38.408436342147326 21.323606078423275 1
    endloop
  endfacet
  facet normal 0 0 -1
    outer loop
      vertex 37.88824986518912 20.72630900703696 1
      vertex 37.463565590059396 22.689628236240168 1
      vertex 37.77687588932375 22.93398895389761 1
    endloop
  endfacet
  facet normal 0 0 -1
    outer loop
      vertex 38.13186620480317 21.039307286571844 1
      vertex 37.77687588932375 22.93398895389761 1
      vertex 38.10776957669745 23.153954568518202 1
    endloop
  endfacet
  facet normal 0 0 -1
    outer loop
      vertex 38.10776957669745 23.153954568518202 1
      vertex 38.71460309040607 21.57575438037952 1
      vertex 38.408436342147326 21.323606078423275 1
    endloop
  endfacet
  facet normal 0 0 -1
    outer loop
      vertex 38.71460309040607 21.57575438037952 1
      vertex 38.45435132310473 23.348265136981333 1
      vertex 39.04665 21.79269145362398 1
    endloop
  endfacet
  facet normal 0 0 -1
    outer loop
      vertex 38.10776957669745 23.153954568518202 1
      vertex 38.45435132310473 23.348265136981333 1
      vertex 38.71460309040607 21.57575438037952 1
    endloop
  endfacet
  facet normal 0 0 -1
    outer loop
      vertex 39.04665 21.79269145362398 1
      vertex 38.81463593968836 23.51580766594747 1
      vertex 39.40054647124931 21.971783975958207 1
    endloop
  endfacet
  facet normal 0 0 -1
    outer loop
      vertex 39.40054647124931 21.971783975958207 1
      vertex 39.18655974879167 23.655622486983237 1
      vertex 39.7719966803939 22.11085800676623 1
    endloop
  endfacet
  facet normal 0 0 -1
    outer loop
      vertex 39.04665 21.79269145362398 1
      vertex 38.45435132310473 23.348265136981333 1
      vertex 38.81463593968836 23.51580766594747 1
    endloop
  endfacet
  facet normal 0 0 -1
    outer loop
      vertex 39.40054647124931 21.971783975958207 1
      vertex 38.81463593968836 23.51580766594747 1
      vertex 39.18655974879167 23.655622486983237 1
    endloop
  endfacet
  facet normal 0 0 -1
    outer loop
      vertex 39.7719966803939 22.11085800676623 1
      vertex 39.18655974879167 23.655622486983237 1
      vertex 39.56799240451729 23.76690875345527 1
    endloop
  endfacet
  facet normal 0 0 -1
    outer loop
      vertex 39.7719966803939 22.11085800676623 1
      vertex 39.56799240451729 23.76690875345527 1
      vertex 40.15649172507454 22.208225375708704 1
    endloop
  endfacet
  facet normal 0 0 -1
    outer loop
      vertex 40.15649172507454 22.208225375708704 1
      vertex 39.56799240451729 23.76690875345527 1
      vertex 39.95674909515549 23.84902902770722 1
    endloop
  endfacet
  facet normal 0 0 -1
    outer loop
      vertex 40.15649172507454 22.208225375708704 1
      vertex 39.95674909515549 23.84902902770722 1
      vertex 40.5493643562996 22.262704174824012 1
    endloop
  endfacet
  facet normal 0 0 -1
    outer loop
      vertex 40.5493643562996 22.262704174824012 1
      vertex 40.747298331984645 23.924059844016124 1
      vertex 40.94584563252538 22.273633105289825 1
    endloop
  endfacet
  facet normal 0 0 -1
    outer loop
      vertex 40.5493643562996 22.262704174824012 1
      vertex 39.95674909515549 23.84902902770722 1
      vertex 40.35060305758783 23.901512932244934 1
    endloop
  endfacet
  facet normal 0 0 -1
    outer loop
      vertex 40.5493643562996 22.262704174824012 1
      vertex 40.35060305758783 23.901512932244934 1
      vertex 40.747298331984645 23.924059844016124 1
    endloop
  endfacet
  facet normal -0.018924127241020477 0.9998209226697378 0
    outer loop
      vertex 40.74729833198465 13.425940155983877 0
      vertex 40.74729833198465 13.425940155983877 1
      vertex 41.144562683738634 13.433459383648007 0
    endloop
  endfacet
  facet normal -0.09448513188802798 0.9955262728085592 0
    outer loop
      vertex 41.144562683738634 13.433459383648007 0
      vertex 41.144562683738634 13.433459383648007 1
      vertex 41.540120618618936 13.471001681292329 0
    endloop
  endfacet
  facet normal -0.1695049342561009 0.9855293386108984 0
    outer loop
      vertex 41.540120618618936 13.471001681292329 0
      vertex 41.540120618618936 13.471001681292329 1
      vertex 41.931706416596 13.538352010035744 0
    endloop
  endfacet
  facet normal -0.2435538277109913 0.9698873816105275 0
    outer loop
      vertex 41.931706416596 13.538352010035744 0
      vertex 41.931706416596 13.538352010035744 1
      vertex 42.31707710968076 13.635124593294407 0
    endloop
  endfacet
  facet normal -0.3162076668968227 0.9486899975206169 0
    outer loop
      vertex 42.31707710968076 13.635124593294407 0
      vertex 42.31707710968076 13.635124593294407 1
      vertex 42.69402532944212 13.760765126475068 0
    endloop
  endfacet
  facet normal -0.387050297202223 0.922058603037611 0
    outer loop
      vertex 42.69402532944212 13.760765126475068 0
      vertex 42.69402532944212 13.760765126475068 1
      vertex 43.06039195061346 13.914553951981592 0
    endloop
  endfacet
  facet normal -0.4556759384562331 0.890145740377401 0
    outer loop
      vertex 43.06039195061346 13.914553951981592 0
      vertex 43.06039195061346 13.914553951981592 1
      vertex 43.414078458366625 14.095610181348484 0
    endloop
  endfacet
  facet normal -0.018924127241020477 0.9998209226697378 5.294715014241932e-19
    outer loop
      vertex 40.74729833198465 13.425940155983877 1
      vertex 41.144562683738634 13.433459383648007 1
      vertex 41.144562683738634 13.433459383648007 0
    endloop
  endfacet
  facet normal -0.09448513188802798 0.9955262728085592 0
    outer loop
      vertex 41.540120618618936 13.471001681292329 0
      vertex 41.144562683738634 13.433459383648007 1
      vertex 41.540120618618936 13.471001681292329 1
    endloop
  endfacet
  facet normal -0.1695049342561009 0.9855293386108984 0
    outer loop
      vertex 41.931706416596 13.538352010035744 0
      vertex 41.540120618618936 13.471001681292329 1
      vertex 41.931706416596 13.538352010035744 1
    endloop
  endfacet
  facet normal -0.2435538277109913 0.9698873816105275 0
    outer loop
      vertex 42.31707710968076 13.635124593294407 0
      vertex 41.931706416596 13.538352010035744 1
      vertex 42.31707710968076 13.635124593294407 1
    endloop
  endfacet
  facet normal -0.3162076668968227 0.9486899975206169 0
    outer loop
      vertex 42.69402532944212 13.760765126475068 0
      vertex 42.31707710968076 13.635124593294407 1
      vertex 42.69402532944212 13.760765126475068 1
    endloop
  endfacet
  facet normal -0.387050297202223 0.922058603037611 0
    outer loop
      vertex 43.06039195061346 13.914553951981592 0
      vertex 42.69402532944212 13.760765126475068 1
      vertex 43.06039195061346 13.914553951981592 1
    endloop
  endfacet
  facet normal -0.5216915092004849 0.8531342035272765 0
    outer loop
      vertex 43.414078458366625 14.095610181348484 0
      vertex 43.414078458366625 14.095610181348484 1
      vertex 43.75305896841479 14.302896740890255 0
    endloop
  endfacet
  facet normal -0.5847188782240498 0.8112359912185904 0
    outer loop
      vertex 43.75305896841479 14.302896740890255 0
      vertex 43.75305896841479 14.302896740890255 1
      vertex 44.07539183109425 14.535226311965578 0
    endloop
  endfacet
  facet normal -0.6443970304648757 0.7646910926171756 0
    outer loop
      vertex 44.07539183109425 14.535226311965578 0
      vertex 44.07539183109425 14.535226311965578 1
      vertex 44.379230752957824 14.791268131830943 0
    endloop
  endfacet
  facet normal -0.7003841348713511 0.7137661126871385 0
    outer loop
      vertex 44.379230752957824 14.791268131830943 0
      vertex 44.379230752957824 14.791268131830943 1
      vertex 44.6628353721765 15.06955561612912 0
    endloop
  endfacet
  facet normal -0.7523595023795848 0.6587527451017897 0
    outer loop
      vertex 44.6628353721765 15.06955561612912 0
      vertex 44.6628353721765 15.06955561612912 1
      vertex 44.92458122717444 15.368494759351575 0
    endloop
  endfacet
  facet normal -0.8000254227913285 0.5999661014487038 0
    outer loop
      vertex 44.92458122717444 15.368494759351575 0
      vertex 44.92458122717444 15.368494759351575 1
      vertex 45.16296906139775 15.686373265157656 0
    endloop
  endfacet
  facet normal -0.8431088700310836 0.5377429062990136 0
    outer loop
      vertex 45.16296906139775 15.686373265157656 0
      vertex 45.16296906139775 15.686373265157656 1
      vertex 45.37663341092022 16.02137035425295 0
    endloop
  endfacet
  facet normal -0.8813630660146515 0.47243956847966584 0
    outer loop
      vertex 45.37663341092022 16.02137035425295 0
      vertex 45.37663341092022 16.02137035425295 1
      vertex 45.56435042569708 16.371567193648232 0
    endloop
  endfacet
  facet normal -0.914568894171705 0.40443013959588187 0
    outer loop
      vertex 45.56435042569708 16.371567193648232 0
      vertex 45.56435042569708 16.371567193648232 1
      vertex 45.725044879667216 16.734957887561023 0
    endloop
  endfacet
  facet normal -0.9425361545256767 0.33410417149737826 0
    outer loop
      vertex 45.725044879667216 16.734957887561023 0
      vertex 45.725044879667216 16.734957887561023 1
      vertex 45.85779632955066 17.109460967005006 0
    endloop
  endfacet
  facet normal -0.9651046531419314 0.26186448496081366 0
    outer loop
      vertex 45.85779632955066 17.109460967005006 0
      vertex 45.85779632955066 17.109460967005006 1
      vertex 45.96184438706437 17.492931312255855 0
    endloop
  endfacet
  facet normal -0.9821451197042024 0.18812486236863513 0
    outer loop
      vertex 45.96184438706437 17.492931312255855 0
      vertex 45.96184438706437 17.492931312255855 1
      vertex 46.03659307435741 17.883172439902786 0
    endloop
  endfacet
  facet normal -0.993559947963185 0.11330767760126781 0
    outer loop
      vertex 46.03659307435741 17.883172439902786 0
      vertex 46.03659307435741 17.883172439902786 1
      vertex 46.08161423771817 18.277949084106606 0
    endloop
  endfacet
  facet normal -0.9992837548163316 0.03784147671766909 0
    outer loop
      vertex 46.08161423771817 18.277949084106606 0
      vertex 46.08161423771817 18.277949084106606 1
      vertex 46.09665 18.675 0
    endloop
  endfacet
  facet normal -0.4556759384562331 0.890145740377401 0
    outer loop
      vertex 43.414078458366625 14.095610181348484 0
      vertex 43.06039195061346 13.914553951981592 1
      vertex 43.414078458366625 14.095610181348484 1
    endloop
  endfacet
  facet normal -0.5216915092004849 0.8531342035272765 0
    outer loop
      vertex 43.75305896841479 14.302896740890255 0
      vertex 43.414078458366625 14.095610181348484 1
      vertex 43.75305896841479 14.302896740890255 1
    endloop
  endfacet
  facet normal -0.5847188782240498 0.8112359912185904 0
    outer loop
      vertex 44.07539183109425 14.535226311965578 0
      vertex 43.75305896841479 14.302896740890255 1
      vertex 44.07539183109425 14.535226311965578 1
    endloop
  endfacet
  facet normal -0.6443970304648757 0.7646910926171756 0
    outer loop
      vertex 44.379230752957824 14.791268131830943 0
      vertex 44.07539183109425 14.535226311965578 1
      vertex 44.379230752957824 14.791268131830943 1
    endloop
  endfacet
  facet normal -0.7003841348713511 0.7137661126871385 0
    outer loop
      vertex 44.6628353721765 15.06955561612912 0
      vertex 44.379230752957824 14.791268131830943 1
      vertex 44.6628353721765 15.06955561612912 1
    endloop
  endfacet
  facet normal -0.7523595023795848 0.6587527451017897 0
    outer loop
      vertex 44.92458122717444 15.368494759351575 0
      vertex 44.6628353721765 15.06955561612912 1
      vertex 44.92458122717444 15.368494759351575 1
    endloop
  endfacet
  facet normal -0.8000254227913285 0.5999661014487038 0
    outer loop
      vertex 45.16296906139775 15.686373265157656 0
      vertex 44.92458122717444 15.368494759351575 1
      vertex 45.16296906139775 15.686373265157656 1
    endloop
  endfacet
  facet normal -0.8431088700310836 0.5377429062990136 0
    outer loop
      vertex 45.37663341092022 16.02137035425295 0
      vertex 45.16296906139775 15.686373265157656 1
      vertex 45.37663341092022 16.02137035425295 1
    endloop
  endfacet
  facet normal -0.8813630660146515 0.47243956847966584 0
    outer loop
      vertex 45.56435042569708 16.371567193648232 0
      vertex 45.37663341092022 16.02137035425295 1
      vertex 45.56435042569708 16.371567193648232 1
    endloop
  endfacet
  facet normal -0.914568894171705 0.40443013959588187 0
    outer loop
      vertex 45.725044879667216 16.734957887561023 0
      vertex 45.56435042569708 16.371567193648232 1
      vertex 45.725044879667216 16.734957887561023 1
    endloop
  endfacet
  facet normal -0.9425361545256767 0.33410417149737826 0
    outer loop
      vertex 45.85779632955066 17.109460967005006 0
      vertex 45.725044879667216 16.734957887561023 1
      vertex 45.85779632955066 17.109460967005006 1
    endloop
  endfacet
  facet normal -0.9651046531419314 0.26186448496081366 0
    outer loop
      vertex 45.96184438706437 17.492931312255855 0
      vertex 45.85779632955066 17.109460967005006 1
      vertex 45.96184438706437 17.492931312255855 1
    endloop
  endfacet
  facet normal -0.9821451197042024 0.18812486236863513 0
    outer loop
      vertex 46.03659307435741 17.883172439902786 0
      vertex 45.96184438706437 17.492931312255855 1
      vertex 46.03659307435741 17.883172439902786 1
    endloop
  endfacet
  facet normal -0.993559947963185 0.11330767760126781 0
    outer loop
      vertex 46.08161423771817 18.277949084106606 0
      vertex 46.03659307435741 17.883172439902786 1
      vertex 46.08161423771817 18.277949084106606 1
    endloop
  endfacet
  facet normal -0.9992837548163316 0.03784147671766909 -4.2839550564409495e-19
    outer loop
      vertex 46.08161423771817 18.277949084106606 1
      vertex 46.09665 18.675 1
      vertex 46.09665 18.675 0
    endloop
  endfacet
  facet normal 0 0 -1
    outer loop
      vertex 40.74729833198465 13.425940155983877 1
      vertex 40.945845632525376 15.076366894710176 1
      vertex 41.144562683738634 13.433459383648007 1
    endloop
  endfacet
  facet normal 0 0 -1
    outer loop
      vertex 41.144562683738634 13.433459383648007 1
      vertex 40.945845632525376 15.076366894710176 1
      vertex 41.540120618618936 13.471001681292329 1
    endloop
  endfacet
  facet normal 0 0 -1
    outer loop
      vertex 41.540120618618936 13.471001681292329 1
      vertex 40.945845632525376 15.076366894710176 1
      vertex 41.34112280814627 15.109120495304989 1
    endloop
  endfacet
  facet normal 0 0 -1
    outer loop
      vertex 41.540120618618936 13.471001681292329 1
      vertex 41.34112280814627 15.109120495304989 1
      vertex 41.931706416596 13.538352010035744 1
    endloop
  endfacet
  facet normal 0 0 -1
    outer loop
      vertex 41.931706416596 13.538352010035744 1
      vertex 41.730397753706875 15.18515904261841 1
      vertex 42.31707710968076 13.635124593294407 1
    endloop
  endfacet
  facet normal 0 0 -1
    outer loop
      vertex 41.931706416596 13.538352010035744 1
      vertex 41.34112280814627 15.109120495304989 1
      vertex 41.730397753706875 15.18515904261841 1
    endloop
  endfacet
  facet normal 0 0 -1
    outer loop
      vertex 42.31707710968076 13.635124593294407 1
      vertex 41.730397753706875 15.18515904261841 1
      vertex 42.10894519869392 15.303559531690603 1
    endloop
  endfacet
  facet normal 0 0 -1
    outer loop
      vertex 42.31707710968076 13.635124593294407 1
      vertex 42.10894519869392 15.303559531690603 1
      vertex 42.69402532944212 13.760765126475068 1
    endloop
  endfacet
  facet normal 0 0 -1
    outer loop
      vertex 42.69402532944212 13.760765126475068 1
      vertex 42.4721700899192 15.462884740973783 1
      vertex 43.06039195061346 13.914553951981592 1
    endloop
  endfacet
  facet normal 0 0 -1
    outer loop
      vertex 43.06039195061346 13.914553951981592 1
      vertex 42.81566336924073 15.661200678254897 1
      vertex 43.414078458366625 14.095610181348484 1
    endloop
  endfacet
  facet normal 0 0 -1
    outer loop
      vertex 42.69402532944212 13.760765126475068 1
      vertex 42.10894519869392 15.303559531690603 1
      vertex 42.4721700899192 15.462884740973783 1
    endloop
  endfacet
  facet normal 0 0 -1
    outer loop
      vertex 43.06039195061346 13.914553951981592 1
      vertex 42.4721700899192 15.462884740973783 1
      vertex 42.81566336924073 15.661200678254897 1
    endloop
  endfacet
  facet normal 0 0 -1
    outer loop
      vertex 42.81566336924073 15.661200678254897 1
      vertex 43.13525549355588 15.896100056701245 1
      vertex 43.414078458366625 14.095610181348484 1
    endloop
  endfacet
  facet normal 0 0 -1
    outer loop
      vertex 43.13525549355588 15.896100056701245 1
      vertex 43.75305896841479 14.302896740890255 1
      vertex 43.414078458366625 14.095610181348484 1
    endloop
  endfacet
  facet normal 0 0 -1
    outer loop
      vertex 43.75305896841479 14.302896740890255 1
      vertex 43.68755583382701 16.463834234317197 1
      vertex 44.07539183109425 14.535226311965578 1
    endloop
  endfacet
  facet normal 0 0 -1
    outer loop
      vertex 43.13525549355588 15.896100056701245 1
      vertex 43.427067047406425 16.164731516061618 1
      vertex 43.75305896841479 14.302896740890255 1
    endloop
  endfacet
  facet normal 0 0 -1
    outer loop
      vertex 43.75305896841479 14.302896740890255 1
      vertex 43.427067047406425 16.164731516061618 1
      vertex 43.68755583382701 16.463834234317197 1
    endloop
  endfacet
  facet normal 0 0 -1
    outer loop
      vertex 44.07539183109425 14.535226311965578 1
      vertex 43.913559871817974 16.789777509643642 1
      vertex 44.379230752957824 14.791268131830943 1
    endloop
  endfacet
  facet normal 0 0 -1
    outer loop
      vertex 44.07539183109425 14.535226311965578 1
      vertex 43.68755583382701 16.463834234317197 1
      vertex 43.913559871817974 16.789777509643642 1
    endloop
  endfacet
  facet normal 0 0 -1
    outer loop
      vertex 44.379230752957824 14.791268131830943 1
      vertex 44.35951697745877 17.887748071657047 1
      vertex 44.6628353721765 15.06955561612912 1
    endloop
  endfacet
  facet normal 0 0 -1
    outer loop
      vertex 44.379230752957824 14.791268131830943 1
      vertex 43.913559871817974 16.789777509643642 1
      vertex 44.102335778511275 17.13860483221295 1
    endloop
  endfacet
  facet normal 0 0 -1
    outer loop
      vertex 44.379230752957824 14.791268131830943 1
      vertex 44.102335778511275 17.13860483221295 1
      vertex 44.25159207012228 17.506081910863138 1
    endloop
  endfacet
  facet normal 0 0 -1
    outer loop
      vertex 44.379230752957824 14.791268131830943 1
      vertex 44.25159207012228 17.506081910863138 1
      vertex 44.35951697745877 17.887748071657047 1
    endloop
  endfacet
  facet normal 0 0 -1
    outer loop
      vertex 44.6628353721765 15.06955561612912 1
      vertex 44.35951697745877 17.887748071657047 1
      vertex 44.42480043834462 18.278970404421315 1
    endloop
  endfacet
  facet normal 0 0 -1
    outer loop
      vertex 44.6628353721765 15.06955561612912 1
      vertex 44.42480043834462 18.278970404421315 1
      vertex 44.44665 18.675 1
    endloop
  endfacet
  facet normal 0 0 -1
    outer loop
      vertex 44.6628353721765 15.06955561612912 1
      vertex 44.44665 18.675 1
      vertex 44.42480043834462 19.071029595578686 1
    endloop
  endfacet
  facet normal 0 0 -1
    outer loop
      vertex 44.6628353721765 15.06955561612912 1
      vertex 44.6628353721765 22.280444383870883 1
      vertex 44.92458122717444 15.368494759351575 1
    endloop
  endfacet
  facet normal 0 0 -1
    outer loop
      vertex 44.92458122717444 15.368494759351575 1
      vertex 44.92458122717444 21.981505240648424 1
      vertex 45.16296906139775 15.686373265157656 1
    endloop
  endfacet
  facet normal 0 0 -1
    outer loop
      vertex 45.16296906139775 15.686373265157656 1
      vertex 45.162969061397746 21.663626734842346 1
      vertex 45.37663341092022 16.02137035425295 1
    endloop
  endfacet
  facet normal 0 0 -1
    outer loop
      vertex 45.37663341092022 16.02137035425295 1
      vertex 45.37663341092021 21.32862964574705 1
      vertex 45.56435042569708 16.371567193648232 1
    endloop
  endfacet
  facet normal 0 0 -1
    outer loop
      vertex 45.56435042569708 16.371567193648232 1
      vertex 45.56435042569708 20.97843280635177 1
      vertex 45.725044879667216 16.734957887561023 1
    endloop
  endfacet
  facet normal 0 0 -1
    outer loop
      vertex 45.725044879667216 16.734957887561023 1
      vertex 45.725044879667216 20.615042112438974 1
      vertex 45.85779632955066 17.109460967005006 1
    endloop
  endfacet
  facet normal 0 0 -1
    outer loop
      vertex 45.85779632955066 17.109460967005006 1
      vertex 45.85779632955066 20.240539032994995 1
      vertex 45.96184438706437 17.492931312255855 1
    endloop
  endfacet
  facet normal 0 0 -1
    outer loop
      vertex 45.96184438706437 17.492931312255855 1
      vertex 45.96184438706437 19.857068687744146 1
      vertex 46.03659307435741 17.883172439902786 1
    endloop
  endfacet
  facet normal 0 0 -1
    outer loop
      vertex 46.03659307435741 17.883172439902786 1
      vertex 46.03659307435741 19.46682756009721 1
      vertex 46.08161423771817 18.277949084106606 1
    endloop
  endfacet
  facet normal -0.9651046531419314 -0.26186448496081366 -4.011629324490483e-19
    outer loop
      vertex 45.85779632955066 20.240539032994995 0
      vertex 45.96184438706437 19.857068687744146 0
      vertex 45.96184438706437 19.857068687744146 1
    endloop
  endfacet
  facet normal -0.9425361545256759 -0.3341041714973811 0
    outer loop
      vertex 45.85779632955066 20.240539032994995 0
      vertex 45.85779632955066 20.240539032994995 1
      vertex 45.725044879667216 20.615042112438974 0
    endloop
  endfacet
  facet normal -0.9145688941717065 -0.4044301395958786 0
    outer loop
      vertex 45.725044879667216 20.615042112438974 0
      vertex 45.725044879667216 20.615042112438974 1
      vertex 45.56435042569708 20.97843280635177 0
    endloop
  endfacet
  facet normal -0.4556759384562476 -0.8901457403773936 0
    outer loop
      vertex 43.41407845836662 23.254389818651518 0
      vertex 43.41407845836662 23.254389818651518 1
      vertex 43.060391950613464 23.43544604801841 0
    endloop
  endfacet
  facet normal -0.8431088700310836 -0.5377429062990136 0
    outer loop
      vertex 45.37663341092021 21.32862964574705 0
      vertex 45.37663341092021 21.32862964574705 1
      vertex 45.162969061397746 21.663626734842346 0
    endloop
  endfacet
  facet normal -0.8813630660146441 -0.4724395684796797 0
    outer loop
      vertex 45.56435042569708 20.97843280635177 0
      vertex 45.56435042569708 20.97843280635177 1
      vertex 45.37663341092021 21.32862964574705 0
    endloop
  endfacet
  facet normal -0.8000254227913354 -0.5999661014486944 0
    outer loop
      vertex 45.162969061397746 21.663626734842346 0
      vertex 45.162969061397746 21.663626734842346 1
      vertex 44.92458122717444 21.981505240648424 0
    endloop
  endfacet
  facet normal -0.7523595023795887 -0.6587527451017853 0
    outer loop
      vertex 44.92458122717444 21.981505240648424 0
      vertex 44.92458122717444 21.981505240648424 1
      vertex 44.6628353721765 22.280444383870883 0
    endloop
  endfacet
  facet normal -0.7003841348713534 -0.7137661126871363 0
    outer loop
      vertex 44.6628353721765 22.280444383870883 0
      vertex 44.6628353721765 22.280444383870883 1
      vertex 44.379230752957824 22.558731868169062 0
    endloop
  endfacet
  facet normal -0.644397030464868 -0.7646910926171823 0
    outer loop
      vertex 44.379230752957824 22.558731868169062 0
      vertex 44.379230752957824 22.558731868169062 1
      vertex 44.07539183109425 22.81477368803442 0
    endloop
  endfacet
  facet normal -0.5847188782240527 -0.8112359912185882 1.3425987516881952e-17
    outer loop
      vertex 43.75305896841479 23.047103259109747 0
      vertex 44.07539183109425 22.81477368803442 0
      vertex 44.07539183109425 22.81477368803442 1
    endloop
  endfacet
  facet normal -0.5216915092004768 -0.8531342035272813 0
    outer loop
      vertex 43.75305896841479 23.047103259109747 0
      vertex 43.75305896841479 23.047103259109747 1
      vertex 43.41407845836662 23.254389818651518 0
    endloop
  endfacet
  facet normal -0.9992837548163315 -0.03784147671766874 0
    outer loop
      vertex 46.09665 18.675 0
      vertex 46.09665 18.675 1
      vertex 46.08161423771817 19.0720509158934 0
    endloop
  endfacet
  facet normal -0.9935599479631849 -0.11330767760126984 0
    outer loop
      vertex 46.08161423771817 19.0720509158934 0
      vertex 46.08161423771817 19.0720509158934 1
      vertex 46.03659307435741 19.46682756009721 0
    endloop
  endfacet
  facet normal -0.9821451197042026 -0.1881248623686335 0
    outer loop
      vertex 46.03659307435741 19.46682756009721 0
      vertex 46.03659307435741 19.46682756009721 1
      vertex 45.96184438706437 19.857068687744146 0
    endloop
  endfacet
  facet normal -0.9651046531419314 -0.26186448496081366 0
    outer loop
      vertex 45.85779632955066 20.240539032994995 0
      vertex 45.96184438706437 19.857068687744146 1
      vertex 45.85779632955066 20.240539032994995 1
    endloop
  endfacet
  facet normal -0.9425361545256759 -0.3341041714973811 0
    outer loop
      vertex 45.725044879667216 20.615042112438974 0
      vertex 45.85779632955066 20.240539032994995 1
      vertex 45.725044879667216 20.615042112438974 1
    endloop
  endfacet
  facet normal -0.9145688941717065 -0.4044301395958786 0
    outer loop
      vertex 45.56435042569708 20.97843280635177 0
      vertex 45.725044879667216 20.615042112438974 1
      vertex 45.56435042569708 20.97843280635177 1
    endloop
  endfacet
  facet normal -0.8431088700310836 -0.5377429062990136 0
    outer loop
      vertex 45.162969061397746 21.663626734842346 0
      vertex 45.37663341092021 21.32862964574705 1
      vertex 45.162969061397746 21.663626734842346 1
    endloop
  endfacet
  facet normal -0.8813630660146441 -0.4724395684796797 0
    outer loop
      vertex 45.37663341092021 21.32862964574705 0
      vertex 45.56435042569708 20.97843280635177 1
      vertex 45.37663341092021 21.32862964574705 1
    endloop
  endfacet
  facet normal -0.8000254227913354 -0.5999661014486944 0
    outer loop
      vertex 44.92458122717444 21.981505240648424 0
      vertex 45.162969061397746 21.663626734842346 1
      vertex 44.92458122717444 21.981505240648424 1
    endloop
  endfacet
  facet normal -0.7003841348713534 -0.7137661126871363 0
    outer loop
      vertex 44.379230752957824 22.558731868169062 0
      vertex 44.6628353721765 22.280444383870883 1
      vertex 44.379230752957824 22.558731868169062 1
    endloop
  endfacet
  facet normal -0.644397030464868 -0.7646910926171823 0
    outer loop
      vertex 44.07539183109425 22.81477368803442 0
      vertex 44.379230752957824 22.558731868169062 1
      vertex 44.07539183109425 22.81477368803442 1
    endloop
  endfacet
  facet normal -0.5847188782240527 -0.8112359912185882 0
    outer loop
      vertex 43.75305896841479 23.047103259109747 0
      vertex 44.07539183109425 22.81477368803442 1
      vertex 43.75305896841479 23.047103259109747 1
    endloop
  endfacet
  facet normal -0.5216915092004768 -0.8531342035272813 0
    outer loop
      vertex 43.41407845836662 23.254389818651518 0
      vertex 43.75305896841479 23.047103259109747 1
      vertex 43.41407845836662 23.254389818651518 1
    endloop
  endfacet
  facet normal -0.7523595023795887 -0.6587527451017853 0
    outer loop
      vertex 44.6628353721765 22.280444383870883 0
      vertex 44.92458122717444 21.981505240648424 1
      vertex 44.6628353721765 22.280444383870883 1
    endloop
  endfacet
  facet normal -0.9992837548163315 -0.03784147671766874 0
    outer loop
      vertex 46.08161423771817 19.0720509158934 0
      vertex 46.09665 18.675 1
      vertex 46.08161423771817 19.0720509158934 1
    endloop
  endfacet
  facet normal -0.9935599479631849 -0.11330767760126984 0
    outer loop
      vertex 46.03659307435741 19.46682756009721 0
      vertex 46.08161423771817 19.0720509158934 1
      vertex 46.03659307435741 19.46682756009721 1
    endloop
  endfacet
  facet normal -0.9821451197042026 -0.1881248623686335 0
    outer loop
      vertex 45.96184438706437 19.857068687744146 0
      vertex 46.03659307435741 19.46682756009721 1
      vertex 45.96184438706437 19.857068687744146 1
    endloop
  endfacet
  facet normal -0.018924127241020133 -0.9998209226697377 3.491356144280506e-19
    outer loop
      vertex 40.747298331984645 23.924059844016124 0
      vertex 41.144562683738634 23.916540616351995 0
      vertex 41.144562683738634 23.916540616351995 1
    endloop
  endfacet
  facet normal -0.09448513188802798 -0.9955262728085592 -1.1793325163256795e-18
    outer loop
      vertex 41.144562683738634 23.916540616351995 0
      vertex 41.540120618618936 23.878998318707673 0
      vertex 41.540120618618936 23.878998318707673 1
    endloop
  endfacet
  facet normal -0.1695049342561009 -0.9855293386108984 -1.1775960009929261e-18
    outer loop
      vertex 41.540120618618936 23.878998318707673 0
      vertex 41.931706416596 23.811647989964257 0
      vertex 41.931706416596 23.811647989964257 1
    endloop
  endfacet
  facet normal -0.3162076668968227 -0.9486899975206169 0
    outer loop
      vertex 42.69402532944212 23.589234873524934 0
      vertex 42.69402532944212 23.589234873524934 1
      vertex 42.31707710968076 23.714875406705595 0
    endloop
  endfacet
  facet normal -0.2435538277109913 -0.9698873816105275 1.1842542829917548e-18
    outer loop
      vertex 41.931706416596 23.811647989964257 0
      vertex 42.31707710968076 23.714875406705595 0
      vertex 42.31707710968076 23.714875406705595 1
    endloop
  endfacet
  facet normal -0.3870502972022167 -0.9220586030376138 3.7929993029914984e-18
    outer loop
      vertex 42.69402532944212 23.589234873524934 0
      vertex 43.060391950613464 23.43544604801841 0
      vertex 43.060391950613464 23.43544604801841 1
    endloop
  endfacet
  facet normal -0.018924127241020133 -0.9998209226697377 0
    outer loop
      vertex 40.747298331984645 23.924059844016124 0
      vertex 41.144562683738634 23.916540616351995 1
      vertex 40.747298331984645 23.924059844016124 1
    endloop
  endfacet
  facet normal -0.09448513188802798 -0.9955262728085592 0
    outer loop
      vertex 41.144562683738634 23.916540616351995 0
      vertex 41.540120618618936 23.878998318707673 1
      vertex 41.144562683738634 23.916540616351995 1
    endloop
  endfacet
  facet normal -0.1695049342561009 -0.9855293386108984 0
    outer loop
      vertex 41.540120618618936 23.878998318707673 0
      vertex 41.931706416596 23.811647989964257 1
      vertex 41.540120618618936 23.878998318707673 1
    endloop
  endfacet
  facet normal -0.2435538277109913 -0.9698873816105275 0
    outer loop
      vertex 41.931706416596 23.811647989964257 0
      vertex 42.31707710968076 23.714875406705595 1
      vertex 41.931706416596 23.811647989964257 1
    endloop
  endfacet
  facet normal -0.3162076668968227 -0.9486899975206169 0
    outer loop
      vertex 42.31707710968076 23.714875406705595 0
      vertex 42.69402532944212 23.589234873524934 1
      vertex 42.31707710968076 23.714875406705595 1
    endloop
  endfacet
  facet normal -0.3870502972022167 -0.9220586030376138 0
    outer loop
      vertex 42.69402532944212 23.589234873524934 0
      vertex 43.060391950613464 23.43544604801841 1
      vertex 42.69402532944212 23.589234873524934 1
    endloop
  endfacet
  facet normal -0.4556759384562476 -0.8901457403773936 0
    outer loop
      vertex 43.060391950613464 23.43544604801841 0
      vertex 43.41407845836662 23.254389818651518 1
      vertex 43.060391950613464 23.43544604801841 1
    endloop
  endfacet
  facet normal 0 0 -1
    outer loop
      vertex 44.6628353721765 15.06955561612912 1
      vertex 44.42480043834462 19.071029595578686 1
      vertex 44.379230752957824 22.558731868169062 1
    endloop
  endfacet
  facet normal 0 0 -1
    outer loop
      vertex 45.96184438706437 17.492931312255855 1
      vertex 45.85779632955066 20.240539032994995 1
      vertex 45.96184438706437 19.857068687744146 1
    endloop
  endfacet
  facet normal 0 0 -1
    outer loop
      vertex 45.37663341092022 16.02137035425295 1
      vertex 45.162969061397746 21.663626734842346 1
      vertex 45.37663341092021 21.32862964574705 1
    endloop
  endfacet
  facet normal 0 0 -1
    outer loop
      vertex 45.16296906139775 15.686373265157656 1
      vertex 44.92458122717444 21.981505240648424 1
      vertex 45.162969061397746 21.663626734842346 1
    endloop
  endfacet
  facet normal 0 0 -1
    outer loop
      vertex 45.85779632955066 17.109460967005006 1
      vertex 45.725044879667216 20.615042112438974 1
      vertex 45.85779632955066 20.240539032994995 1
    endloop
  endfacet
  facet normal 0 0 -1
    outer loop
      vertex 45.725044879667216 16.734957887561023 1
      vertex 45.56435042569708 20.97843280635177 1
      vertex 45.725044879667216 20.615042112438974 1
    endloop
  endfacet
  facet normal 0 0 -1
    outer loop
      vertex 45.56435042569708 16.371567193648232 1
      vertex 45.37663341092021 21.32862964574705 1
      vertex 45.56435042569708 20.97843280635177 1
    endloop
  endfacet
  facet normal 0 0 -1
    outer loop
      vertex 44.6628353721765 15.06955561612912 1
      vertex 44.379230752957824 22.558731868169062 1
      vertex 44.6628353721765 22.280444383870883 1
    endloop
  endfacet
  facet normal 0 0 -1
    outer loop
      vertex 44.42480043834462 19.071029595578686 1
      vertex 44.35951697745877 19.462251928342955 1
      vertex 44.379230752957824 22.558731868169062 1
    endloop
  endfacet
  facet normal 0 0 -1
    outer loop
      vertex 44.35951697745877 19.462251928342955 1
      vertex 44.25159207012228 19.84391808913686 1
      vertex 44.379230752957824 22.558731868169062 1
    endloop
  endfacet
  facet normal 0 0 -1
    outer loop
      vertex 44.25159207012228 19.84391808913686 1
      vertex 44.102335778511275 20.211395167787053 1
      vertex 44.07539183109425 22.81477368803442 1
    endloop
  endfacet
  facet normal 0 0 -1
    outer loop
      vertex 44.92458122717444 15.368494759351575 1
      vertex 44.6628353721765 22.280444383870883 1
      vertex 44.92458122717444 21.981505240648424 1
    endloop
  endfacet
  facet normal 0 0 -1
    outer loop
      vertex 43.13525549355588 21.453899943298754 1
      vertex 43.060391950613464 23.43544604801841 1
      vertex 43.427067047406425 21.185268483938383 1
    endloop
  endfacet
  facet normal 0 0 -1
    outer loop
      vertex 41.730397753706875 22.16484095738159 1
      vertex 41.931706416596 23.811647989964257 1
      vertex 42.10894519869391 22.0464404683094 1
    endloop
  endfacet
  facet normal 0 0 -1
    outer loop
      vertex 40.94584563252538 22.273633105289825 1
      vertex 41.144562683738634 23.916540616351995 1
      vertex 41.34112280814627 22.240879504695013 1
    endloop
  endfacet
  facet normal 0 0 -1
    outer loop
      vertex 41.730397753706875 22.16484095738159 1
      vertex 41.34112280814627 22.240879504695013 1
      vertex 41.540120618618936 23.878998318707673 1
    endloop
  endfacet
  facet normal 0 0 -1
    outer loop
      vertex 41.730397753706875 22.16484095738159 1
      vertex 41.540120618618936 23.878998318707673 1
      vertex 41.931706416596 23.811647989964257 1
    endloop
  endfacet
  facet normal 0 0 -1
    outer loop
      vertex 42.10894519869391 22.0464404683094 1
      vertex 41.931706416596 23.811647989964257 1
      vertex 42.31707710968076 23.714875406705595 1
    endloop
  endfacet
  facet normal 0 0 -1
    outer loop
      vertex 42.472170089919196 21.88711525902622 1
      vertex 42.69402532944212 23.589234873524934 1
      vertex 42.81566336924073 21.688799321745105 1
    endloop
  endfacet
  facet normal 0 0 -1
    outer loop
      vertex 42.10894519869391 22.0464404683094 1
      vertex 42.31707710968076 23.714875406705595 1
      vertex 42.472170089919196 21.88711525902622 1
    endloop
  endfacet
  facet normal 0 0 -1
    outer loop
      vertex 43.13525549355588 21.453899943298754 1
      vertex 42.81566336924073 21.688799321745105 1
      vertex 43.060391950613464 23.43544604801841 1
    endloop
  endfacet
  facet normal 0 0 -1
    outer loop
      vertex 43.427067047406425 21.185268483938383 1
      vertex 43.060391950613464 23.43544604801841 1
      vertex 43.41407845836662 23.254389818651518 1
    endloop
  endfacet
  facet normal 0 0 -1
    outer loop
      vertex 42.472170089919196 21.88711525902622 1
      vertex 42.31707710968076 23.714875406705595 1
      vertex 42.69402532944212 23.589234873524934 1
    endloop
  endfacet
  facet normal 0 0 -1
    outer loop
      vertex 42.81566336924073 21.688799321745105 1
      vertex 42.69402532944212 23.589234873524934 1
      vertex 43.060391950613464 23.43544604801841 1
    endloop
  endfacet
  facet normal 0 0 -1
    outer loop
      vertex 44.102335778511275 20.211395167787053 1
      vertex 43.913559871817974 20.56022249035636 1
      vertex 44.07539183109425 22.81477368803442 1
    endloop
  endfacet
  facet normal 0 0 -1
    outer loop
      vertex 43.913559871817974 20.56022249035636 1
      vertex 43.68755583382701 20.886165765682804 1
      vertex 43.75305896841479 23.047103259109747 1
    endloop
  endfacet
  facet normal 0 0 -1
    outer loop
      vertex 43.68755583382701 20.886165765682804 1
      vertex 43.427067047406425 21.185268483938383 1
      vertex 43.41407845836662 23.254389818651518 1
    endloop
  endfacet
  facet normal 0 0 -1
    outer loop
      vertex 43.913559871817974 20.56022249035636 1
      vertex 43.75305896841479 23.047103259109747 1
      vertex 44.07539183109425 22.81477368803442 1
    endloop
  endfacet
  facet normal 0 0 -1
    outer loop
      vertex 44.25159207012228 19.84391808913686 1
      vertex 44.07539183109425 22.81477368803442 1
      vertex 44.379230752957824 22.558731868169062 1
    endloop
  endfacet
  facet normal 0 0 -1
    outer loop
      vertex 43.68755583382701 20.886165765682804 1
      vertex 43.41407845836662 23.254389818651518 1
      vertex 43.75305896841479 23.047103259109747 1
    endloop
  endfacet
  facet normal 0 0 -1
    outer loop
      vertex 46.08161423771817 18.277949084106606 1
      vertex 46.08161423771817 19.0720509158934 1
      vertex 46.09665 18.675 1
    endloop
  endfacet
  facet normal 0 0 -1
    outer loop
      vertex 46.08161423771817 18.277949084106606 1
      vertex 46.03659307435741 19.46682756009721 1
      vertex 46.08161423771817 19.0720509158934 1
    endloop
  endfacet
  facet normal 0 0 -1
    outer loop
      vertex 46.03659307435741 17.883172439902786 1
      vertex 45.96184438706437 19.857068687744146 1
      vertex 46.03659307435741 19.46682756009721 1
    endloop
  endfacet
  facet normal 0 0 -1
    outer loop
      vertex 40.747298331984645 23.924059844016124 1
      vertex 41.144562683738634 23.916540616351995 1
      vertex 40.94584563252538 22.273633105289825 1
    endloop
  endfacet
  facet normal 0 0 -1
    outer loop
      vertex 41.34112280814627 22.240879504695013 1
      vertex 41.144562683738634 23.916540616351995 1
      vertex 41.540120618618936 23.878998318707673 1
    endloop
  endfacet
  facet normal 0.42166513345018264 0.9067516281939834 0
    outer loop
      vertex 60.45435132310473 14.001734863018669 0
      vertex 60.45435132310473 14.001734863018669 1
      vertex 60.81463593968836 13.834192334052531 0
    endloop
  endfacet
  facet normal 0.3518810151318361 0.9360447378142716 1.7086429279816775e-18
    outer loop
      vertex 61.18655974879167 13.694377513016764 0
      vertex 60.81463593968836 13.834192334052531 0
      vertex 60.81463593968836 13.834192334052531 1
    endloop
  endfacet
  facet normal 0.42166513345018264 0.9067516281939834 0
    outer loop
      vertex 60.81463593968836 13.834192334052531 0
      vertex 60.45435132310473 14.001734863018669 1
      vertex 60.81463593968836 13.834192334052531 1
    endloop
  endfacet
  facet normal 0.3518810151318361 0.9360447378142716 0
    outer loop
      vertex 61.18655974879167 13.694377513016764 0
      vertex 60.81463593968836 13.834192334052531 1
      vertex 61.18655974879167 13.694377513016764 1
    endloop
  endfacet
  facet normal 0.8221560116948038 0.5692622352080751 9.3788355196741e-18
    outer loop
      vertex 58.646516530345494 15.525177967394349 0
      vertex 58.4203284323368 15.851849741930186 0
      vertex 58.4203284323368 15.851849741930186 1
    endloop
  endfacet
  facet normal 0.8628539830324193 0.5054532658565868 5.461514979919351e-18
    outer loop
      vertex 58.4203284323368 15.851849741930186 0
      vertex 58.219493903423086 16.194692265481727 0
      vertex 58.219493903423086 16.194692265481727 1
    endloop
  endfacet
  facet normal 0.6149984440179523 0.7885283215303669 1.2647380205397661e-17
    outer loop
      vertex 59.77687588932375 14.41601104610239 0
      vertex 59.46356559005939 14.660371763759834 0
      vertex 59.46356559005939 14.660371763759834 1
    endloop
  endfacet
  facet normal 0.5536017082694823 0.8327815731637624 0
    outer loop
      vertex 59.77687588932375 14.41601104610239 0
      vertex 59.77687588932375 14.41601104610239 1
      vertex 60.10776957669745 14.1960454314818 0
    endloop
  endfacet
  facet normal 0.6728725243729289 0.7397584510798118 0
    outer loop
      vertex 59.16963329192541 14.927727908392523 0
      vertex 59.16963329192541 14.927727908392523 1
      vertex 59.46356559005939 14.660371763759834 0
    endloop
  endfacet
  facet normal 0.7268924518431399 0.6867513112135051 -1.159680121417532e-17
    outer loop
      vertex 59.16963329192541 14.927727908392523 0
      vertex 58.896762612507196 15.216548088215584 0
      vertex 58.896762612507196 15.216548088215584 1
    endloop
  endfacet
  facet normal 0.489033992069829 0.8722647273621961 1.4450326425767074e-17
    outer loop
      vertex 60.45435132310473 14.001734863018669 0
      vertex 60.10776957669745 14.1960454314818 0
      vertex 60.10776957669745 14.1960454314818 1
    endloop
  endfacet
  facet normal 0.7767488051760882 0.6298105220282677 0
    outer loop
      vertex 58.646516530345494 15.525177967394349 0
      vertex 58.646516530345494 15.525177967394349 1
      vertex 58.896762612507196 15.216548088215584 0
    endloop
  endfacet
  facet normal 0.9292180723175671 0.3695318309407518 -3.705705690603485e-18
    outer loop
      vertex 58.045163305598535 16.551741767121648 0
      vertex 57.89833518874022 16.920953099638705 0
      vertex 57.89833518874022 16.920953099638705 1
    endloop
  endfacet
  facet normal 0.8986096048946896 0.43874910597175 5.593480845829052e-20
    outer loop
      vertex 58.219493903423086 16.194692265481727 0
      vertex 58.045163305598535 16.551741767121648 0
      vertex 58.045163305598535 16.551741767121648 1
    endloop
  endfacet
  facet normal 0.9545040627715492 0.29819791104668486 4.0564465220564945e-18
    outer loop
      vertex 57.89833518874022 16.920953099638705 0
      vertex 57.77985057100484 17.300211453955765 0
      vertex 57.77985057100484 17.300211453955765 1
    endloop
  endfacet
  facet normal 0.9743227403932168 0.22515594052267973 5.753124427560354e-18
    outer loop
      vertex 57.77985057100484 17.300211453955765 0
      vertex 57.690388121552935 17.68734447256467 0
      vertex 57.690388121552935 17.68734447256467 1
    endloop
  endfacet
  facet normal 0.9885605855918886 0.1508242971613726 1.615179700457351e-18
    outer loop
      vertex 57.690388121552935 17.68734447256467 0
      vertex 57.63046027319328 18.080134692593333 0
      vertex 57.63046027319328 18.080134692593333 1
    endloop
  endfacet
  facet normal 0.9971360452796522 0.07562874588445634 6.511338744882229e-19
    outer loop
      vertex 57.63046027319328 18.080134692593333 0
      vertex 57.60041028721426 18.476332247232232 0
      vertex 57.60041028721426 18.476332247232232 1
    endloop
  endfacet
  facet normal 0.8221560116948038 0.5692622352080751 0
    outer loop
      vertex 58.646516530345494 15.525177967394349 0
      vertex 58.4203284323368 15.851849741930186 1
      vertex 58.646516530345494 15.525177967394349 1
    endloop
  endfacet
  facet normal 0.8628539830324193 0.5054532658565868 0
    outer loop
      vertex 58.4203284323368 15.851849741930186 0
      vertex 58.219493903423086 16.194692265481727 1
      vertex 58.4203284323368 15.851849741930186 1
    endloop
  endfacet
  facet normal 0.8986096048946896 0.43874910597175 0
    outer loop
      vertex 58.219493903423086 16.194692265481727 0
      vertex 58.045163305598535 16.551741767121648 1
      vertex 58.219493903423086 16.194692265481727 1
    endloop
  endfacet
  facet normal 0.6149984440179523 0.7885283215303669 0
    outer loop
      vertex 59.77687588932375 14.41601104610239 0
      vertex 59.46356559005939 14.660371763759834 1
      vertex 59.77687588932375 14.41601104610239 1
    endloop
  endfacet
  facet normal 0.7268924518431399 0.6867513112135051 0
    outer loop
      vertex 59.16963329192541 14.927727908392523 0
      vertex 58.896762612507196 15.216548088215584 1
      vertex 59.16963329192541 14.927727908392523 1
    endloop
  endfacet
  facet normal 0.6728725243729289 0.7397584510798118 0
    outer loop
      vertex 59.46356559005939 14.660371763759834 0
      vertex 59.16963329192541 14.927727908392523 1
      vertex 59.46356559005939 14.660371763759834 1
    endloop
  endfacet
  facet normal 0.5536017082694823 0.8327815731637624 0
    outer loop
      vertex 60.10776957669745 14.1960454314818 0
      vertex 59.77687588932375 14.41601104610239 1
      vertex 60.10776957669745 14.1960454314818 1
    endloop
  endfacet
  facet normal 0.489033992069829 0.8722647273621961 0
    outer loop
      vertex 60.45435132310473 14.001734863018669 0
      vertex 60.10776957669745 14.1960454314818 1
      vertex 60.45435132310473 14.001734863018669 1
    endloop
  endfacet
  facet normal 0.7767488051760882 0.6298105220282677 0
    outer loop
      vertex 58.896762612507196 15.216548088215584 0
      vertex 58.646516530345494 15.525177967394349 1
      vertex 58.896762612507196 15.216548088215584 1
    endloop
  endfacet
  facet normal 0.9292180723175671 0.3695318309407518 0
    outer loop
      vertex 58.045163305598535 16.551741767121648 0
      vertex 57.89833518874022 16.920953099638705 1
      vertex 58.045163305598535 16.551741767121648 1
    endloop
  endfacet
  facet normal 0.9545040627715492 0.29819791104668486 0
    outer loop
      vertex 57.89833518874022 16.920953099638705 0
      vertex 57.77985057100484 17.300211453955765 1
      vertex 57.89833518874022 16.920953099638705 1
    endloop
  endfacet
  facet normal 0.9743227403932168 0.22515594052267973 0
    outer loop
      vertex 57.77985057100484 17.300211453955765 0
      vertex 57.690388121552935 17.68734447256467 1
      vertex 57.77985057100484 17.300211453955765 1
    endloop
  endfacet
  facet normal 0.9885605855918886 0.1508242971613726 0
    outer loop
      vertex 57.690388121552935 17.68734447256467 0
      vertex 57.63046027319328 18.080134692593333 1
      vertex 57.690388121552935 17.68734447256467 1
    endloop
  endfacet
  facet normal 0.9971360452796522 0.07562874588445634 0
    outer loop
      vertex 57.63046027319328 18.080134692593333 0
      vertex 57.60041028721426 18.476332247232232 1
      vertex 57.63046027319328 18.080134692593333 1
    endloop
  endfacet
  facet normal 1 0 0
    outer loop
      vertex 57.60041028721426 18.476332247232232 0
      vertex 57.60041028721426 18.87366775276777 1
      vertex 57.60041028721426 18.476332247232232 1
    endloop
  endfacet
  facet normal 0 0 -1
    outer loop
      vertex 59.77687588932375 14.41601104610239 1
      vertex 59.88824986518911 16.62369099296304 1
      vertex 60.10776957669745 14.1960454314818 1
    endloop
  endfacet
  facet normal 0 0 -1
    outer loop
      vertex 60.45435132310473 14.001734863018669 1
      vertex 60.71460309040607 15.77424561962048 1
      vertex 60.81463593968836 13.834192334052531 1
    endloop
  endfacet
  facet normal 0 0 -1
    outer loop
      vertex 61.18655974879167 13.694377513016764 1
      vertex 60.81463593968836 13.834192334052531 1
      vertex 61.04665 15.55730854637602 1
    endloop
  endfacet
  facet normal 0 0 -1
    outer loop
      vertex 60.45435132310473 14.001734863018669 1
      vertex 60.10776957669745 14.1960454314818 1
      vertex 60.131866204803174 16.310692713428157 1
    endloop
  endfacet
  facet normal 0 0 -1
    outer loop
      vertex 61.18655974879167 13.694377513016764 1
      vertex 61.04665 15.55730854637602 1
      vertex 61.40054647124931 15.378216024041794 1
    endloop
  endfacet
  facet normal 0 0 -1
    outer loop
      vertex 60.81463593968836 13.834192334052531 1
      vertex 60.71460309040607 15.77424561962048 1
      vertex 61.04665 15.55730854637602 1
    endloop
  endfacet
  facet normal 0 0 -1
    outer loop
      vertex 59.77687588932375 14.41601104610239 1
      vertex 59.46356559005939 14.660371763759834 1
      vertex 59.51127135802671 17.320286260987793 1
    endloop
  endfacet
  facet normal 0 0 -1
    outer loop
      vertex 59.16963329192541 14.927727908392523 1
      vertex 59.2957493077502 18.082459474989356 1
      vertex 59.46356559005939 14.660371763759834 1
    endloop
  endfacet
  facet normal 0 0 -1
    outer loop
      vertex 59.77687588932375 14.41601104610239 1
      vertex 59.68054449565663 16.961589385066535 1
      vertex 59.88824986518911 16.62369099296304 1
    endloop
  endfacet
  facet normal 0 0 -1
    outer loop
      vertex 59.77687588932375 14.41601104610239 1
      vertex 59.51127135802671 17.320286260987793 1
      vertex 59.68054449565663 16.961589385066535 1
    endloop
  endfacet
  facet normal 0 0 -1
    outer loop
      vertex 60.45435132310473 14.001734863018669 1
      vertex 60.408436342147326 16.026393921576727 1
      vertex 60.71460309040607 15.77424561962048 1
    endloop
  endfacet
  facet normal 0 0 -1
    outer loop
      vertex 60.45435132310473 14.001734863018669 1
      vertex 60.131866204803174 16.310692713428157 1
      vertex 60.408436342147326 16.026393921576727 1
    endloop
  endfacet
  facet normal 0 0 -1
    outer loop
      vertex 60.10776957669745 14.1960454314818 1
      vertex 59.88824986518911 16.62369099296304 1
      vertex 60.131866204803174 16.310692713428157 1
    endloop
  endfacet
  facet normal 0 0 -1
    outer loop
      vertex 57.89833518874022 16.920953099638705 1
      vertex 57.77985057100484 17.300211453955765 1
      vertex 57.77985057100484 20.049788546044237 1
    endloop
  endfacet
  facet normal 0 0 -1
    outer loop
      vertex 58.045163305598535 16.551741767121648 1
      vertex 57.89833518874022 16.920953099638705 1
      vertex 57.89833518874022 20.429046900361296 1
    endloop
  endfacet
  facet normal 0 0 -1
    outer loop
      vertex 58.4203284323368 15.851849741930186 1
      vertex 58.219493903423086 16.194692265481727 1
      vertex 58.219493903423086 21.155307734518274 1
    endloop
  endfacet
  facet normal 0 0 -1
    outer loop
      vertex 58.646516530345494 15.525177967394349 1
      vertex 58.4203284323368 15.851849741930186 1
      vertex 58.4203284323368 21.498150258069813 1
    endloop
  endfacet
  facet normal 0 0 -1
    outer loop
      vertex 58.219493903423086 16.194692265481727 1
      vertex 58.045163305598535 16.551741767121648 1
      vertex 58.045163305598535 20.798258232878354 1
    endloop
  endfacet
  facet normal 0 0 -1
    outer loop
      vertex 57.77985057100484 17.300211453955765 1
      vertex 57.690388121552935 17.68734447256467 1
      vertex 57.690388121552935 19.66265552743533 1
    endloop
  endfacet
  facet normal 0 0 -1
    outer loop
      vertex 57.690388121552935 17.68734447256467 1
      vertex 57.63046027319328 18.080134692593333 1
      vertex 57.63046027319328 19.26986530740667 1
    endloop
  endfacet
  facet normal 0 0 -1
    outer loop
      vertex 57.63046027319328 18.080134692593333 1
      vertex 57.60041028721426 18.476332247232232 1
      vertex 57.60041028721426 18.87366775276777 1
    endloop
  endfacet
  facet normal 0 0 -1
    outer loop
      vertex 59.46356559005939 14.660371763759834 1
      vertex 59.3824851988867 17.695427526556795 1
      vertex 59.51127135802671 17.320286260987793 1
    endloop
  endfacet
  facet normal 0 0 -1
    outer loop
      vertex 59.46356559005939 14.660371763759834 1
      vertex 59.2957493077502 18.082459474989356 1
      vertex 59.3824851988867 17.695427526556795 1
    endloop
  endfacet
  facet normal 0 0 -1
    outer loop
      vertex 59.16963329192541 14.927727908392523 1
      vertex 59.25211654084006 18.476684062718885 1
      vertex 59.2957493077502 18.082459474989356 1
    endloop
  endfacet
  facet normal 0 0 -1
    outer loop
      vertex 59.16963329192541 14.927727908392523 1
      vertex 58.896762612507196 15.216548088215584 1
      vertex 58.896762612507196 22.13345191178442 1
    endloop
  endfacet
  facet normal 0 0 -1
    outer loop
      vertex 58.646516530345494 15.525177967394349 1
      vertex 58.646516530345494 21.824822032605653 1
      vertex 58.896762612507196 15.216548088215584 1
    endloop
  endfacet
  facet normal 0 0 -1
    outer loop
      vertex 59.16963329192541 14.927727908392523 1
      vertex 59.16963329192541 22.42227209160748 1
      vertex 59.25211654084006 18.476684062718885 1
    endloop
  endfacet
  facet normal 0.2800813542249073 0.9599762679439227 0
    outer loop
      vertex 61.18655974879167 13.694377513016764 0
      vertex 61.18655974879167 13.694377513016764 1
      vertex 61.56799240451729 13.583091246544733 0
    endloop
  endfacet
  facet normal 0.20667741268495432 0.9784091409455725 0
    outer loop
      vertex 61.56799240451729 13.583091246544733 0
      vertex 61.56799240451729 13.583091246544733 1
      vertex 61.95674909515549 13.50097097229278 0
    endloop
  endfacet
  facet normal 0.13208964164169903 0.9912377749919378 0
    outer loop
      vertex 61.95674909515549 13.50097097229278 0
      vertex 61.95674909515549 13.50097097229278 1
      vertex 62.35060305758783 13.448487067755067 0
    endloop
  endfacet
  facet normal 0.056745273093077205 0.998388688828951 0
    outer loop
      vertex 62.35060305758783 13.448487067755067 0
      vertex 62.35060305758783 13.448487067755067 1
      vertex 62.74729833198465 13.425940155983877 0
    endloop
  endfacet
  facet normal -0.018924127241020477 0.9998209226697378 0
    outer loop
      vertex 62.74729833198465 13.425940155983877 0
      vertex 62.74729833198465 13.425940155983877 1
      vertex 63.144562683738634 13.433459383648007 0
    endloop
  endfacet
  facet normal -0.09448513188802968 0.9955262728085592 0
    outer loop
      vertex 63.144562683738634 13.433459383648007 0
      vertex 63.144562683738634 13.433459383648007 1
      vertex 63.54012061861893 13.471001681292329 0
    endloop
  endfacet
  facet normal -0.16950493425609792 0.985529338610899 0
    outer loop
      vertex 63.54012061861893 13.471001681292329 0
      vertex 63.54012061861893 13.471001681292329 1
      vertex 63.931706416596 13.538352010035744 0
    endloop
  endfacet
  facet normal -0.2435538277109955 0.9698873816105263 0
    outer loop
      vertex 63.931706416596 13.538352010035744 0
      vertex 63.931706416596 13.538352010035744 1
      vertex 64.31707710968075 13.635124593294407 0
    endloop
  endfacet
  facet normal -0.316207666896812 0.9486899975206204 0
    outer loop
      vertex 64.31707710968075 13.635124593294407 0
      vertex 64.31707710968075 13.635124593294407 1
      vertex 64.69402532944213 13.760765126475068 0
    endloop
  endfacet
  facet normal -0.387050297202223 0.922058603037611 0
    outer loop
      vertex 64.69402532944213 13.760765126475068 0
      vertex 64.69402532944213 13.760765126475068 1
      vertex 65.06039195061346 13.914553951981592 0
    endloop
  endfacet
  facet normal -0.4556759384562476 0.8901457403773936 0
    outer loop
      vertex 65.06039195061346 13.914553951981592 0
      vertex 65.06039195061346 13.914553951981592 1
      vertex 65.41407845836662 14.095610181348484 0
    endloop
  endfacet
  facet normal 0.2800813542249073 0.9599762679439227 -7.800709587040612e-18
    outer loop
      vertex 61.18655974879167 13.694377513016764 1
      vertex 61.56799240451729 13.583091246544733 1
      vertex 61.56799240451729 13.583091246544733 0
    endloop
  endfacet
  facet normal 0.20667741268495432 0.9784091409455725 0
    outer loop
      vertex 61.95674909515549 13.50097097229278 0
      vertex 61.56799240451729 13.583091246544733 1
      vertex 61.95674909515549 13.50097097229278 1
    endloop
  endfacet
  facet normal 0.13208964164169903 0.9912377749919378 0
    outer loop
      vertex 62.35060305758783 13.448487067755067 0
      vertex 61.95674909515549 13.50097097229278 1
      vertex 62.35060305758783 13.448487067755067 1
    endloop
  endfacet
  facet normal 0.056745273093077205 0.998388688828951 0
    outer loop
      vertex 62.74729833198465 13.425940155983877 0
      vertex 62.35060305758783 13.448487067755067 1
      vertex 62.74729833198465 13.425940155983877 1
    endloop
  endfacet
  facet normal -0.018924127241020477 0.9998209226697378 0
    outer loop
      vertex 63.144562683738634 13.433459383648007 0
      vertex 62.74729833198465 13.425940155983877 1
      vertex 63.144562683738634 13.433459383648007 1
    endloop
  endfacet
  facet normal -0.09448513188802968 0.9955262728085592 0
    outer loop
      vertex 63.54012061861893 13.471001681292329 0
      vertex 63.144562683738634 13.433459383648007 1
      vertex 63.54012061861893 13.471001681292329 1
    endloop
  endfacet
  facet normal -0.16950493425609792 0.985529338610899 0
    outer loop
      vertex 63.931706416596 13.538352010035744 0
      vertex 63.54012061861893 13.471001681292329 1
      vertex 63.931706416596 13.538352010035744 1
    endloop
  endfacet
  facet normal -0.2435538277109955 0.9698873816105263 0
    outer loop
      vertex 64.31707710968075 13.635124593294407 0
      vertex 63.931706416596 13.538352010035744 1
      vertex 64.31707710968075 13.635124593294407 1
    endloop
  endfacet
  facet normal -0.316207666896812 0.9486899975206204 0
    outer loop
      vertex 64.69402532944213 13.760765126475068 0
      vertex 64.31707710968075 13.635124593294407 1
      vertex 64.69402532944213 13.760765126475068 1
    endloop
  endfacet
  facet normal -0.387050297202223 0.922058603037611 0
    outer loop
      vertex 65.06039195061346 13.914553951981592 0
      vertex 64.69402532944213 13.760765126475068 1
      vertex 65.06039195061346 13.914553951981592 1
    endloop
  endfacet
  facet normal -0.5216915092004768 0.8531342035272813 0
    outer loop
      vertex 65.41407845836662 14.095610181348484 0
      vertex 65.41407845836662 14.095610181348484 1
      vertex 65.75305896841479 14.302896740890255 0
    endloop
  endfacet
  facet normal -0.5847188782240498 0.8112359912185904 0
    outer loop
      vertex 65.75305896841479 14.302896740890255 0
      vertex 65.75305896841479 14.302896740890255 1
      vertex 66.07539183109425 14.535226311965578 0
    endloop
  endfacet
  facet normal -0.6443970304648757 0.7646910926171756 0
    outer loop
      vertex 66.07539183109425 14.535226311965578 0
      vertex 66.07539183109425 14.535226311965578 1
      vertex 66.37923075295782 14.791268131830943 0
    endloop
  endfacet
  facet normal -0.7003841348713511 0.7137661126871385 0
    outer loop
      vertex 66.37923075295782 14.791268131830943 0
      vertex 66.37923075295782 14.791268131830943 1
      vertex 66.6628353721765 15.06955561612912 0
    endloop
  endfacet
  facet normal -0.7523595023795848 0.6587527451017897 0
    outer loop
      vertex 66.6628353721765 15.06955561612912 0
      vertex 66.6628353721765 15.06955561612912 1
      vertex 66.92458122717444 15.368494759351575 0
    endloop
  endfacet
  facet normal -0.8000254227913369 0.5999661014486922 0
    outer loop
      vertex 66.92458122717444 15.368494759351575 0
      vertex 66.92458122717444 15.368494759351575 1
      vertex 67.16296906139775 15.686373265157656 0
    endloop
  endfacet
  facet normal -0.8431088700310754 0.5377429062990262 0
    outer loop
      vertex 67.16296906139775 15.686373265157656 0
      vertex 67.16296906139775 15.686373265157656 1
      vertex 67.37663341092022 16.02137035425295 0
    endloop
  endfacet
  facet normal -0.8813630660146441 0.4724395684796797 0
    outer loop
      vertex 67.37663341092022 16.02137035425295 0
      vertex 67.37663341092022 16.02137035425295 1
      vertex 67.56435042569709 16.371567193648232 0
    endloop
  endfacet
  facet normal -0.9145688941717183 0.40443013959585195 0
    outer loop
      vertex 67.56435042569709 16.371567193648232 0
      vertex 67.56435042569709 16.371567193648232 1
      vertex 67.72504487966721 16.734957887561023 0
    endloop
  endfacet
  facet normal -0.9425361545256655 0.33410417149741 0
    outer loop
      vertex 67.72504487966721 16.734957887561023 0
      vertex 67.72504487966721 16.734957887561023 1
      vertex 67.85779632955067 17.109460967005006 0
    endloop
  endfacet
  facet normal -0.9651046531419405 0.2618644849607804 0
    outer loop
      vertex 67.85779632955067 17.109460967005006 0
      vertex 67.85779632955067 17.109460967005006 1
      vertex 67.96184438706436 17.492931312255855 0
    endloop
  endfacet
  facet normal -0.982145119704199 0.1881248623686524 0
    outer loop
      vertex 67.96184438706436 17.492931312255855 0
      vertex 67.96184438706436 17.492931312255855 1
      vertex 68.03659307435741 17.883172439902786 0
    endloop
  endfacet
  facet normal -0.993559947963185 0.11330767760126781 0
    outer loop
      vertex 68.03659307435741 17.883172439902786 0
      vertex 68.03659307435741 17.883172439902786 1
      vertex 68.08161423771817 18.277949084106606 0
    endloop
  endfacet
  facet normal -0.9992837548163316 0.03784147671766909 0
    outer loop
      vertex 68.08161423771817 18.277949084106606 0
      vertex 68.08161423771817 18.277949084106606 1
      vertex 68.09665 18.675 0
    endloop
  endfacet
  facet normal -0.4556759384562476 0.8901457403773936 0
    outer loop
      vertex 65.41407845836662 14.095610181348484 0
      vertex 65.06039195061346 13.914553951981592 1
      vertex 65.41407845836662 14.095610181348484 1
    endloop
  endfacet
  facet normal -0.5216915092004768 0.8531342035272813 0
    outer loop
      vertex 65.75305896841479 14.302896740890255 0
      vertex 65.41407845836662 14.095610181348484 1
      vertex 65.75305896841479 14.302896740890255 1
    endloop
  endfacet
  facet normal -0.5847188782240498 0.8112359912185904 0
    outer loop
      vertex 66.07539183109425 14.535226311965578 0
      vertex 65.75305896841479 14.302896740890255 1
      vertex 66.07539183109425 14.535226311965578 1
    endloop
  endfacet
  facet normal -0.6443970304648757 0.7646910926171756 0
    outer loop
      vertex 66.37923075295782 14.791268131830943 0
      vertex 66.07539183109425 14.535226311965578 1
      vertex 66.37923075295782 14.791268131830943 1
    endloop
  endfacet
  facet normal -0.7003841348713511 0.7137661126871385 0
    outer loop
      vertex 66.6628353721765 15.06955561612912 0
      vertex 66.37923075295782 14.791268131830943 1
      vertex 66.6628353721765 15.06955561612912 1
    endloop
  endfacet
  facet normal -0.7523595023795848 0.6587527451017897 0
    outer loop
      vertex 66.92458122717444 15.368494759351575 0
      vertex 66.6628353721765 15.06955561612912 1
      vertex 66.92458122717444 15.368494759351575 1
    endloop
  endfacet
  facet normal -0.8000254227913369 0.5999661014486922 0
    outer loop
      vertex 67.16296906139775 15.686373265157656 0
      vertex 66.92458122717444 15.368494759351575 1
      vertex 67.16296906139775 15.686373265157656 1
    endloop
  endfacet
  facet normal -0.8431088700310754 0.5377429062990262 0
    outer loop
      vertex 67.37663341092022 16.02137035425295 0
      vertex 67.16296906139775 15.686373265157656 1
      vertex 67.37663341092022 16.02137035425295 1
    endloop
  endfacet
  facet normal -0.8813630660146441 0.4724395684796797 0
    outer loop
      vertex 67.56435042569709 16.371567193648232 0
      vertex 67.37663341092022 16.02137035425295 1
      vertex 67.56435042569709 16.371567193648232 1
    endloop
  endfacet
  facet normal -0.9145688941717183 0.40443013959585195 0
    outer loop
      vertex 67.72504487966721 16.734957887561023 0
      vertex 67.56435042569709 16.371567193648232 1
      vertex 67.72504487966721 16.734957887561023 1
    endloop
  endfacet
  facet normal -0.9425361545256655 0.33410417149741 0
    outer loop
      vertex 67.85779632955067 17.109460967005006 0
      vertex 67.72504487966721 16.734957887561023 1
      vertex 67.85779632955067 17.109460967005006 1
    endloop
  endfacet
  facet normal -0.9651046531419405 0.2618644849607804 0
    outer loop
      vertex 67.96184438706436 17.492931312255855 0
      vertex 67.85779632955067 17.109460967005006 1
      vertex 67.96184438706436 17.492931312255855 1
    endloop
  endfacet
  facet normal -0.982145119704199 0.1881248623686524 0
    outer loop
      vertex 68.03659307435741 17.883172439902786 0
      vertex 67.96184438706436 17.492931312255855 1
      vertex 68.03659307435741 17.883172439902786 1
    endloop
  endfacet
  facet normal -0.993559947963185 0.11330767760126781 0
    outer loop
      vertex 68.08161423771817 18.277949084106606 0
      vertex 68.03659307435741 17.883172439902786 1
      vertex 68.08161423771817 18.277949084106606 1
    endloop
  endfacet
  facet normal -0.9992837548163316 0.03784147671766909 -4.2839550564409495e-19
    outer loop
      vertex 68.08161423771817 18.277949084106606 1
      vertex 68.09665 18.675 1
      vertex 68.09665 18.675 0
    endloop
  endfacet
  facet normal 0 0 -1
    outer loop
      vertex 62.35060305758783 13.448487067755067 1
      vertex 62.5493643562996 15.087295825175989 1
      vertex 62.74729833198465 13.425940155983877 1
    endloop
  endfacet
  facet normal 0 0 -1
    outer loop
      vertex 62.74729833198465 13.425940155983877 1
      vertex 62.945845632525376 15.076366894710176 1
      vertex 63.144562683738634 13.433459383648007 1
    endloop
  endfacet
  facet normal 0 0 -1
    outer loop
      vertex 63.144562683738634 13.433459383648007 1
      vertex 62.945845632525376 15.076366894710176 1
      vertex 63.54012061861893 13.471001681292329 1
    endloop
  endfacet
  facet normal 0 0 -1
    outer loop
      vertex 61.18655974879167 13.694377513016764 1
      vertex 61.40054647124931 15.378216024041794 1
      vertex 61.56799240451729 13.583091246544733 1
    endloop
  endfacet
  facet normal 0 0 -1
    outer loop
      vertex 61.56799240451729 13.583091246544733 1
      vertex 61.7719966803939 15.239141993233774 1
      vertex 61.95674909515549 13.50097097229278 1
    endloop
  endfacet
  facet normal 0 0 -1
    outer loop
      vertex 61.95674909515549 13.50097097229278 1
      vertex 62.156491725074545 15.141774624291296 1
      vertex 62.35060305758783 13.448487067755067 1
    endloop
  endfacet
  facet normal 0 0 -1
    outer loop
      vertex 62.35060305758783 13.448487067755067 1
      vertex 62.156491725074545 15.141774624291296 1
      vertex 62.5493643562996 15.087295825175989 1
    endloop
  endfacet
  facet normal 0 0 -1
    outer loop
      vertex 61.56799240451729 13.583091246544733 1
      vertex 61.40054647124931 15.378216024041794 1
      vertex 61.7719966803939 15.239141993233774 1
    endloop
  endfacet
  facet normal 0 0 -1
    outer loop
      vertex 61.95674909515549 13.50097097229278 1
      vertex 61.7719966803939 15.239141993233774 1
      vertex 62.156491725074545 15.141774624291296 1
    endloop
  endfacet
  facet normal 0 0 -1
    outer loop
      vertex 62.74729833198465 13.425940155983877 1
      vertex 62.5493643562996 15.087295825175989 1
      vertex 62.945845632525376 15.076366894710176 1
    endloop
  endfacet
  facet normal 0 0 -1
    outer loop
      vertex 63.54012061861893 13.471001681292329 1
      vertex 63.34112280814627 15.109120495304989 1
      vertex 63.931706416596 13.538352010035744 1
    endloop
  endfacet
  facet normal 0 0 -1
    outer loop
      vertex 63.54012061861893 13.471001681292329 1
      vertex 62.945845632525376 15.076366894710176 1
      vertex 63.34112280814627 15.109120495304989 1
    endloop
  endfacet
  facet normal 0 0 -1
    outer loop
      vertex 63.931706416596 13.538352010035744 1
      vertex 63.34112280814627 15.109120495304989 1
      vertex 63.730397753706875 15.18515904261841 1
    endloop
  endfacet
  facet normal 0 0 -1
    outer loop
      vertex 63.931706416596 13.538352010035744 1
      vertex 63.730397753706875 15.18515904261841 1
      vertex 64.31707710968075 13.635124593294407 1
    endloop
  endfacet
  facet normal 0 0 -1
    outer loop
      vertex 64.31707710968075 13.635124593294407 1
      vertex 64.10894519869392 15.303559531690603 1
      vertex 64.69402532944213 13.760765126475068 1
    endloop
  endfacet
  facet normal 0 0 -1
    outer loop
      vertex 64.69402532944213 13.760765126475068 1
      vertex 64.4721700899192 15.462884740973783 1
      vertex 65.06039195061346 13.914553951981592 1
    endloop
  endfacet
  facet normal 0 0 -1
    outer loop
      vertex 65.06039195061346 13.914553951981592 1
      vertex 64.81566336924072 15.661200678254897 1
      vertex 65.41407845836662 14.095610181348484 1
    endloop
  endfacet
  facet normal 0 0 -1
    outer loop
      vertex 64.31707710968075 13.635124593294407 1
      vertex 63.730397753706875 15.18515904261841 1
      vertex 64.10894519869392 15.303559531690603 1
    endloop
  endfacet
  facet normal 0 0 -1
    outer loop
      vertex 64.69402532944213 13.760765126475068 1
      vertex 64.10894519869392 15.303559531690603 1
      vertex 64.4721700899192 15.462884740973783 1
    endloop
  endfacet
  facet normal 0 0 -1
    outer loop
      vertex 65.06039195061346 13.914553951981592 1
      vertex 64.4721700899192 15.462884740973783 1
      vertex 64.81566336924072 15.661200678254897 1
    endloop
  endfacet
  facet normal 0 0 -1
    outer loop
      vertex 65.41407845836662 14.095610181348484 1
      vertex 65.13525549355589 15.896100056701245 1
      vertex 65.75305896841479 14.302896740890255 1
    endloop
  endfacet
  facet normal 0 0 -1
    outer loop
      vertex 65.75305896841479 14.302896740890255 1
      vertex 65.68755583382702 16.463834234317197 1
      vertex 66.07539183109425 14.535226311965578 1
    endloop
  endfacet
  facet normal 0 0 -1
    outer loop
      vertex 65.41407845836662 14.095610181348484 1
      vertex 64.81566336924072 15.661200678254897 1
      vertex 65.13525549355589 15.896100056701245 1
    endloop
  endfacet
  facet normal 0 0 -1
    outer loop
      vertex 65.75305896841479 14.302896740890255 1
      vertex 65.13525549355589 15.896100056701245 1
      vertex 65.42706704740642 16.164731516061618 1
    endloop
  endfacet
  facet normal 0 0 -1
    outer loop
      vertex 65.75305896841479 14.302896740890255 1
      vertex 65.42706704740642 16.164731516061618 1
      vertex 65.68755583382702 16.463834234317197 1
    endloop
  endfacet
  facet normal 0 0 -1
    outer loop
      vertex 66.07539183109425 14.535226311965578 1
      vertex 65.91355987181797 16.789777509643642 1
      vertex 66.37923075295782 14.791268131830943 1
    endloop
  endfacet
  facet normal 0 0 -1
    outer loop
      vertex 66.07539183109425 14.535226311965578 1
      vertex 65.68755583382702 16.463834234317197 1
      vertex 65.91355987181797 16.789777509643642 1
    endloop
  endfacet
  facet normal 0 0 -1
    outer loop
      vertex 65.91355987181797 16.789777509643642 1
      vertex 66.10233577851128 17.13860483221295 1
      vertex 66.37923075295782 14.791268131830943 1
    endloop
  endfacet
  facet normal 0 0 -1
    outer loop
      vertex 66.10233577851128 17.13860483221295 1
      vertex 66.25159207012229 17.506081910863138 1
      vertex 66.37923075295782 14.791268131830943 1
    endloop
  endfacet
  facet normal 0 0 -1
    outer loop
      vertex 66.25159207012229 17.506081910863138 1
      vertex 66.35951697745877 17.887748071657047 1
      vertex 66.37923075295782 14.791268131830943 1
    endloop
  endfacet
  facet normal 0 0 -1
    outer loop
      vertex 66.35951697745877 17.887748071657047 1
      vertex 66.6628353721765 15.06955561612912 1
      vertex 66.37923075295782 14.791268131830943 1
    endloop
  endfacet
  facet normal 0 0 -1
    outer loop
      vertex 66.35951697745877 17.887748071657047 1
      vertex 66.42480043834462 18.278970404421315 1
      vertex 66.6628353721765 15.06955561612912 1
    endloop
  endfacet
  facet normal 0 0 -1
    outer loop
      vertex 66.6628353721765 15.06955561612912 1
      vertex 66.42480043834462 18.278970404421315 1
      vertex 66.44665 18.675 1
    endloop
  endfacet
  facet normal 0 0 -1
    outer loop
      vertex 66.6628353721765 15.06955561612912 1
      vertex 66.44665 18.675 1
      vertex 66.42480043834462 19.071029595578686 1
    endloop
  endfacet
  facet normal 0 0 -1
    outer loop
      vertex 66.6628353721765 15.06955561612912 1
      vertex 66.6628353721765 22.280444383870883 1
      vertex 66.92458122717444 15.368494759351575 1
    endloop
  endfacet
  facet normal 0 0 -1
    outer loop
      vertex 66.92458122717444 15.368494759351575 1
      vertex 66.92458122717444 21.981505240648424 1
      vertex 67.16296906139775 15.686373265157656 1
    endloop
  endfacet
  facet normal 0 0 -1
    outer loop
      vertex 67.16296906139775 15.686373265157656 1
      vertex 67.16296906139775 21.663626734842346 1
      vertex 67.37663341092022 16.02137035425295 1
    endloop
  endfacet
  facet normal 0 0 -1
    outer loop
      vertex 67.37663341092022 16.02137035425295 1
      vertex 67.37663341092022 21.32862964574705 1
      vertex 67.56435042569709 16.371567193648232 1
    endloop
  endfacet
  facet normal 0 0 -1
    outer loop
      vertex 67.56435042569709 16.371567193648232 1
      vertex 67.56435042569709 20.97843280635177 1
      vertex 67.72504487966721 16.734957887561023 1
    endloop
  endfacet
  facet normal 0 0 -1
    outer loop
      vertex 67.72504487966721 16.734957887561023 1
      vertex 67.72504487966722 20.615042112438974 1
      vertex 67.85779632955067 17.109460967005006 1
    endloop
  endfacet
  facet normal 0 0 -1
    outer loop
      vertex 67.85779632955067 17.109460967005006 1
      vertex 67.85779632955067 20.240539032994995 1
      vertex 67.96184438706436 17.492931312255855 1
    endloop
  endfacet
  facet normal 0 0 -1
    outer loop
      vertex 67.96184438706436 17.492931312255855 1
      vertex 67.96184438706436 19.857068687744146 1
      vertex 68.03659307435741 17.883172439902786 1
    endloop
  endfacet
  facet normal 0 0 -1
    outer loop
      vertex 68.03659307435741 17.883172439902786 1
      vertex 68.03659307435741 19.46682756009721 1
      vertex 68.08161423771817 18.277949084106606 1
    endloop
  endfacet
  facet normal 1 0 0
    outer loop
      vertex 57.60041028721426 18.476332247232232 0
      vertex 57.60041028721426 18.87366775276777 0
      vertex 57.60041028721426 18.87366775276777 1
    endloop
  endfacet
  facet normal 0.9971360452796522 -0.07562874588445634 -6.511338744882229e-19
    outer loop
      vertex 57.60041028721426 18.87366775276777 0
      vertex 57.63046027319328 19.26986530740667 0
      vertex 57.63046027319328 19.26986530740667 1
    endloop
  endfacet
  facet normal 0.9885605855918886 -0.1508242971613726 -1.615179700457351e-18
    outer loop
      vertex 57.63046027319328 19.26986530740667 0
      vertex 57.690388121552935 19.66265552743533 0
      vertex 57.690388121552935 19.66265552743533 1
    endloop
  endfacet
  facet normal 0.9743227403932168 -0.22515594052267973 -5.753124427560354e-18
    outer loop
      vertex 57.690388121552935 19.66265552743533 0
      vertex 57.77985057100484 20.049788546044237 0
      vertex 57.77985057100484 20.049788546044237 1
    endloop
  endfacet
  facet normal 0.9545040627715492 -0.29819791104668486 -4.0564465220564945e-18
    outer loop
      vertex 57.77985057100484 20.049788546044237 0
      vertex 57.89833518874022 20.429046900361296 0
      vertex 57.89833518874022 20.429046900361296 1
    endloop
  endfacet
  facet normal 0.9292180723175671 -0.3695318309407518 3.705705690603485e-18
    outer loop
      vertex 57.89833518874022 20.429046900361296 0
      vertex 58.045163305598535 20.798258232878354 0
      vertex 58.045163305598535 20.798258232878354 1
    endloop
  endfacet
  facet normal 0.8986096048946896 -0.43874910597175 -5.593480845829052e-20
    outer loop
      vertex 58.045163305598535 20.798258232878354 0
      vertex 58.219493903423086 21.155307734518274 0
      vertex 58.219493903423086 21.155307734518274 1
    endloop
  endfacet
  facet normal 0.8628539830324181 -0.5054532658565887 4.7784306652195615e-18
    outer loop
      vertex 58.219493903423086 21.155307734518274 0
      vertex 58.4203284323368 21.498150258069813 0
      vertex 58.4203284323368 21.498150258069813 1
    endloop
  endfacet
  facet normal 0.8221560116948052 -0.5692622352080731 -1.1052664132220608e-17
    outer loop
      vertex 58.4203284323368 21.498150258069813 0
      vertex 58.646516530345494 21.824822032605653 0
      vertex 58.646516530345494 21.824822032605653 1
    endloop
  endfacet
  facet normal 0.77674880517609 -0.6298105220282656 -1.3506548398861357e-17
    outer loop
      vertex 58.646516530345494 21.824822032605653 0
      vertex 58.896762612507196 22.13345191178442 0
      vertex 58.896762612507196 22.13345191178442 1
    endloop
  endfacet
  facet normal 0.7268924518431378 -0.6867513112135073 1.413087028966737e-17
    outer loop
      vertex 58.896762612507196 22.13345191178442 0
      vertex 59.16963329192541 22.42227209160748 0
      vertex 59.16963329192541 22.42227209160748 1
    endloop
  endfacet
  facet normal 0.6728725243729289 -0.7397584510798118 -1.5804729388651766e-17
    outer loop
      vertex 59.16963329192541 22.42227209160748 0
      vertex 59.46356559005939 22.689628236240168 0
      vertex 59.46356559005939 22.689628236240168 1
    endloop
  endfacet
  facet normal 0.6149984440179523 -0.7885283215303669 -1.2647380205397661e-17
    outer loop
      vertex 59.46356559005939 22.689628236240168 0
      vertex 59.77687588932375 22.93398895389761 0
      vertex 59.77687588932375 22.93398895389761 1
    endloop
  endfacet
  facet normal 0.5536017082694823 -0.8327815731637624 1.0040833801910459e-17
    outer loop
      vertex 59.77687588932375 22.93398895389761 0
      vertex 60.10776957669745 23.153954568518202 0
      vertex 60.10776957669745 23.153954568518202 1
    endloop
  endfacet
  facet normal 0.489033992069829 -0.8722647273621961 -1.4450326425767074e-17
    outer loop
      vertex 60.10776957669745 23.153954568518202 0
      vertex 60.45435132310473 23.348265136981333 0
      vertex 60.45435132310473 23.348265136981333 1
    endloop
  endfacet
  facet normal 0.9971360452796522 -0.07562874588445634 0
    outer loop
      vertex 57.60041028721426 18.87366775276777 0
      vertex 57.63046027319328 19.26986530740667 1
      vertex 57.60041028721426 18.87366775276777 1
    endloop
  endfacet
  facet normal 0.9885605855918886 -0.1508242971613726 0
    outer loop
      vertex 57.63046027319328 19.26986530740667 0
      vertex 57.690388121552935 19.66265552743533 1
      vertex 57.63046027319328 19.26986530740667 1
    endloop
  endfacet
  facet normal 0.9743227403932168 -0.22515594052267973 0
    outer loop
      vertex 57.690388121552935 19.66265552743533 0
      vertex 57.77985057100484 20.049788546044237 1
      vertex 57.690388121552935 19.66265552743533 1
    endloop
  endfacet
  facet normal 0.9545040627715492 -0.29819791104668486 0
    outer loop
      vertex 57.77985057100484 20.049788546044237 0
      vertex 57.89833518874022 20.429046900361296 1
      vertex 57.77985057100484 20.049788546044237 1
    endloop
  endfacet
  facet normal 0.9292180723175671 -0.3695318309407518 0
    outer loop
      vertex 57.89833518874022 20.429046900361296 0
      vertex 58.045163305598535 20.798258232878354 1
      vertex 57.89833518874022 20.429046900361296 1
    endloop
  endfacet
  facet normal 0.8986096048946896 -0.43874910597175 0
    outer loop
      vertex 58.045163305598535 20.798258232878354 0
      vertex 58.219493903423086 21.155307734518274 1
      vertex 58.045163305598535 20.798258232878354 1
    endloop
  endfacet
  facet normal 0.8628539830324181 -0.5054532658565887 0
    outer loop
      vertex 58.219493903423086 21.155307734518274 0
      vertex 58.4203284323368 21.498150258069813 1
      vertex 58.219493903423086 21.155307734518274 1
    endloop
  endfacet
  facet normal 0.8221560116948052 -0.5692622352080731 0
    outer loop
      vertex 58.4203284323368 21.498150258069813 0
      vertex 58.646516530345494 21.824822032605653 1
      vertex 58.4203284323368 21.498150258069813 1
    endloop
  endfacet
  facet normal 0.77674880517609 -0.6298105220282656 0
    outer loop
      vertex 58.646516530345494 21.824822032605653 0
      vertex 58.896762612507196 22.13345191178442 1
      vertex 58.646516530345494 21.824822032605653 1
    endloop
  endfacet
  facet normal 0.7268924518431378 -0.6867513112135073 0
    outer loop
      vertex 58.896762612507196 22.13345191178442 0
      vertex 59.16963329192541 22.42227209160748 1
      vertex 58.896762612507196 22.13345191178442 1
    endloop
  endfacet
  facet normal 0.6728725243729289 -0.7397584510798118 0
    outer loop
      vertex 59.16963329192541 22.42227209160748 0
      vertex 59.46356559005939 22.689628236240168 1
      vertex 59.16963329192541 22.42227209160748 1
    endloop
  endfacet
  facet normal 0.6149984440179523 -0.7885283215303669 0
    outer loop
      vertex 59.46356559005939 22.689628236240168 0
      vertex 59.77687588932375 22.93398895389761 1
      vertex 59.46356559005939 22.689628236240168 1
    endloop
  endfacet
  facet normal 0.5536017082694823 -0.8327815731637624 0
    outer loop
      vertex 59.77687588932375 22.93398895389761 0
      vertex 60.10776957669745 23.153954568518202 1
      vertex 59.77687588932375 22.93398895389761 1
    endloop
  endfacet
  facet normal 0.489033992069829 -0.8722647273621961 0
    outer loop
      vertex 60.10776957669745 23.153954568518202 0
      vertex 60.45435132310473 23.348265136981333 1
      vertex 60.10776957669745 23.153954568518202 1
    endloop
  endfacet
  facet normal 0.42166513345018264 -0.9067516281939834 -1.372490330919677e-18
    outer loop
      vertex 60.45435132310473 23.348265136981333 0
      vertex 60.81463593968836 23.51580766594747 0
      vertex 60.81463593968836 23.51580766594747 1
    endloop
  endfacet
  facet normal 0.3518810151318361 -0.9360447378142716 -1.7086429279816775e-18
    outer loop
      vertex 60.81463593968836 23.51580766594747 0
      vertex 61.18655974879167 23.655622486983237 0
      vertex 61.18655974879167 23.655622486983237 1
    endloop
  endfacet
  facet normal 0.42166513345018264 -0.9067516281939834 0
    outer loop
      vertex 60.45435132310473 23.348265136981333 0
      vertex 60.81463593968836 23.51580766594747 1
      vertex 60.45435132310473 23.348265136981333 1
    endloop
  endfacet
  facet normal 0.3518810151318361 -0.9360447378142716 0
    outer loop
      vertex 60.81463593968836 23.51580766594747 0
      vertex 61.18655974879167 23.655622486983237 1
      vertex 60.81463593968836 23.51580766594747 1
    endloop
  endfacet
  facet normal 0 0 -1
    outer loop
      vertex 57.63046027319328 18.080134692593333 1
      vertex 57.60041028721426 18.87366775276777 1
      vertex 57.63046027319328 19.26986530740667 1
    endloop
  endfacet
  facet normal 0 0 -1
    outer loop
      vertex 57.690388121552935 17.68734447256467 1
      vertex 57.63046027319328 19.26986530740667 1
      vertex 57.690388121552935 19.66265552743533 1
    endloop
  endfacet
  facet normal 0 0 -1
    outer loop
      vertex 57.77985057100484 17.300211453955765 1
      vertex 57.690388121552935 19.66265552743533 1
      vertex 57.77985057100484 20.049788546044237 1
    endloop
  endfacet
  facet normal 0 0 -1
    outer loop
      vertex 57.89833518874022 16.920953099638705 1
      vertex 57.77985057100484 20.049788546044237 1
      vertex 57.89833518874022 20.429046900361296 1
    endloop
  endfacet
  facet normal 0 0 -1
    outer loop
      vertex 58.045163305598535 16.551741767121648 1
      vertex 57.89833518874022 20.429046900361296 1
      vertex 58.045163305598535 20.798258232878354 1
    endloop
  endfacet
  facet normal 0 0 -1
    outer loop
      vertex 58.219493903423086 16.194692265481727 1
      vertex 58.045163305598535 20.798258232878354 1
      vertex 58.219493903423086 21.155307734518274 1
    endloop
  endfacet
  facet normal 0 0 -1
    outer loop
      vertex 58.4203284323368 15.851849741930186 1
      vertex 58.219493903423086 21.155307734518274 1
      vertex 58.4203284323368 21.498150258069813 1
    endloop
  endfacet
  facet normal 0 0 -1
    outer loop
      vertex 58.646516530345494 15.525177967394349 1
      vertex 58.4203284323368 21.498150258069813 1
      vertex 58.646516530345494 21.824822032605653 1
    endloop
  endfacet
  facet normal 0 0 -1
    outer loop
      vertex 58.896762612507196 15.216548088215584 1
      vertex 58.646516530345494 21.824822032605653 1
      vertex 58.896762612507196 22.13345191178442 1
    endloop
  endfacet
  facet normal 0 0 -1
    outer loop
      vertex 59.16963329192541 14.927727908392523 1
      vertex 58.896762612507196 22.13345191178442 1
      vertex 59.16963329192541 22.42227209160748 1
    endloop
  endfacet
  facet normal 0 0 -1
    outer loop
      vertex 59.25211654084006 18.476684062718885 1
      vertex 59.16963329192541 22.42227209160748 1
      vertex 59.25211654084006 18.873315937281117 1
    endloop
  endfacet
  facet normal 0 0 -1
    outer loop
      vertex 59.25211654084006 18.873315937281117 1
      vertex 59.16963329192541 22.42227209160748 1
      vertex 59.2957493077502 19.267540525010645 1
    endloop
  endfacet
  facet normal 0 0 -1
    outer loop
      vertex 59.2957493077502 19.267540525010645 1
      vertex 59.16963329192541 22.42227209160748 1
      vertex 59.3824851988867 19.654572473443206 1
    endloop
  endfacet
  facet normal 0 0 -1
    outer loop
      vertex 59.3824851988867 19.654572473443206 1
      vertex 59.16963329192541 22.42227209160748 1
      vertex 59.51127135802671 20.02971373901221 1
    endloop
  endfacet
  facet normal 0 0 -1
    outer loop
      vertex 59.51127135802671 20.02971373901221 1
      vertex 59.46356559005939 22.689628236240168 1
      vertex 59.68054449565663 20.388410614933466 1
    endloop
  endfacet
  facet normal 0 0 -1
    outer loop
      vertex 59.68054449565663 20.388410614933466 1
      vertex 59.46356559005939 22.689628236240168 1
      vertex 59.88824986518911 20.72630900703696 1
    endloop
  endfacet
  facet normal 0 0 -1
    outer loop
      vertex 59.88824986518911 20.72630900703696 1
      vertex 59.77687588932375 22.93398895389761 1
      vertex 60.131866204803174 21.039307286571844 1
    endloop
  endfacet
  facet normal 0 0 -1
    outer loop
      vertex 59.51127135802671 20.02971373901221 1
      vertex 59.16963329192541 22.42227209160748 1
      vertex 59.46356559005939 22.689628236240168 1
    endloop
  endfacet
  facet normal 0 0 -1
    outer loop
      vertex 59.88824986518911 20.72630900703696 1
      vertex 59.46356559005939 22.689628236240168 1
      vertex 59.77687588932375 22.93398895389761 1
    endloop
  endfacet
  facet normal 0 0 -1
    outer loop
      vertex 60.131866204803174 21.039307286571844 1
      vertex 60.10776957669745 23.153954568518202 1
      vertex 60.408436342147326 21.323606078423275 1
    endloop
  endfacet
  facet normal 0 0 -1
    outer loop
      vertex 60.408436342147326 21.323606078423275 1
      vertex 60.10776957669745 23.153954568518202 1
      vertex 60.71460309040607 21.57575438037952 1
    endloop
  endfacet
  facet normal 0 0 -1
    outer loop
      vertex 60.131866204803174 21.039307286571844 1
      vertex 59.77687588932375 22.93398895389761 1
      vertex 60.10776957669745 23.153954568518202 1
    endloop
  endfacet
  facet normal 0 0 -1
    outer loop
      vertex 60.71460309040607 21.57575438037952 1
      vertex 60.10776957669745 23.153954568518202 1
      vertex 60.45435132310473 23.348265136981333 1
    endloop
  endfacet
  facet normal 0 0 -1
    outer loop
      vertex 60.71460309040607 21.57575438037952 1
      vertex 60.45435132310473 23.348265136981333 1
      vertex 61.04665 21.79269145362398 1
    endloop
  endfacet
  facet normal 0 0 -1
    outer loop
      vertex 61.04665 21.79269145362398 1
      vertex 60.81463593968836 23.51580766594747 1
      vertex 61.40054647124931 21.971783975958207 1
    endloop
  endfacet
  facet normal 0 0 -1
    outer loop
      vertex 61.04665 21.79269145362398 1
      vertex 60.45435132310473 23.348265136981333 1
      vertex 60.81463593968836 23.51580766594747 1
    endloop
  endfacet
  facet normal 0 0 -1
    outer loop
      vertex 60.81463593968836 23.51580766594747 1
      vertex 61.18655974879167 23.655622486983237 1
      vertex 61.40054647124931 21.971783975958207 1
    endloop
  endfacet
  facet normal -0.644397030464868 -0.7646910926171823 1.610445432991533e-17
    outer loop
      vertex 66.07539183109425 22.81477368803442 0
      vertex 66.37923075295782 22.558731868169062 0
      vertex 66.37923075295782 22.558731868169062 1
    endloop
  endfacet
  facet normal -0.4556759384562476 -0.8901457403773936 0
    outer loop
      vertex 65.41407845836662 23.254389818651518 0
      vertex 65.41407845836662 23.254389818651518 1
      vertex 65.06039195061346 23.43544604801841 0
    endloop
  endfacet
  facet normal -0.5216915092004768 -0.8531342035272813 1.606991734932992e-17
    outer loop
      vertex 65.41407845836662 23.254389818651518 0
      vertex 65.75305896841479 23.047103259109747 0
      vertex 65.75305896841479 23.047103259109747 1
    endloop
  endfacet
  facet normal -0.5847188782240527 -0.8112359912185882 1.3425987516881952e-17
    outer loop
      vertex 65.75305896841479 23.047103259109747 0
      vertex 66.07539183109425 22.81477368803442 0
      vertex 66.07539183109425 22.81477368803442 1
    endloop
  endfacet
  facet normal -0.9992837548163315 -0.03784147671766874 0
    outer loop
      vertex 68.09665 18.675 0
      vertex 68.09665 18.675 1
      vertex 68.08161423771817 19.0720509158934 0
    endloop
  endfacet
  facet normal -0.9935599479631849 -0.11330767760126984 0
    outer loop
      vertex 68.08161423771817 19.0720509158934 0
      vertex 68.08161423771817 19.0720509158934 1
      vertex 68.03659307435741 19.46682756009721 0
    endloop
  endfacet
  facet normal -0.9821451197041994 -0.18812486236865072 0
    outer loop
      vertex 68.03659307435741 19.46682756009721 0
      vertex 68.03659307435741 19.46682756009721 1
      vertex 67.96184438706436 19.857068687744146 0
    endloop
  endfacet
  facet normal -0.9651046531419405 -0.2618644849607804 0
    outer loop
      vertex 67.96184438706436 19.857068687744146 0
      vertex 67.96184438706436 19.857068687744146 1
      vertex 67.85779632955067 20.240539032994995 0
    endloop
  endfacet
  facet normal -0.9425361545256759 -0.3341041714973811 0
    outer loop
      vertex 67.85779632955067 20.240539032994995 0
      vertex 67.85779632955067 20.240539032994995 1
      vertex 67.72504487966722 20.615042112438974 0
    endloop
  endfacet
  facet normal -0.9145688941717065 -0.4044301395958786 -1.7542681026475526e-18
    outer loop
      vertex 67.56435042569709 20.97843280635177 0
      vertex 67.72504487966722 20.615042112438974 0
      vertex 67.72504487966722 20.615042112438974 1
    endloop
  endfacet
  facet normal -0.8813630660146441 -0.4724395684796797 0
    outer loop
      vertex 67.56435042569709 20.97843280635177 0
      vertex 67.56435042569709 20.97843280635177 1
      vertex 67.37663341092022 21.32862964574705 0
    endloop
  endfacet
  facet normal -0.8431088700310754 -0.5377429062990262 0
    outer loop
      vertex 67.37663341092022 21.32862964574705 0
      vertex 67.37663341092022 21.32862964574705 1
      vertex 67.16296906139775 21.663626734842346 0
    endloop
  endfacet
  facet normal -0.7523595023795887 -0.6587527451017853 0
    outer loop
      vertex 66.92458122717444 21.981505240648424 0
      vertex 66.92458122717444 21.981505240648424 1
      vertex 66.6628353721765 22.280444383870883 0
    endloop
  endfacet
  facet normal -0.8000254227913354 -0.5999661014486944 1.5457638499787224e-17
    outer loop
      vertex 66.92458122717444 21.981505240648424 0
      vertex 67.16296906139775 21.663626734842346 0
      vertex 67.16296906139775 21.663626734842346 1
    endloop
  endfacet
  facet normal -0.7003841348713534 -0.7137661126871363 0
    outer loop
      vertex 66.6628353721765 22.280444383870883 0
      vertex 66.6628353721765 22.280444383870883 1
      vertex 66.37923075295782 22.558731868169062 0
    endloop
  endfacet
  facet normal -0.644397030464868 -0.7646910926171823 0
    outer loop
      vertex 66.07539183109425 22.81477368803442 0
      vertex 66.37923075295782 22.558731868169062 1
      vertex 66.07539183109425 22.81477368803442 1
    endloop
  endfacet
  facet normal -0.5216915092004768 -0.8531342035272813 0
    outer loop
      vertex 65.41407845836662 23.254389818651518 0
      vertex 65.75305896841479 23.047103259109747 1
      vertex 65.41407845836662 23.254389818651518 1
    endloop
  endfacet
  facet normal -0.5847188782240527 -0.8112359912185882 0
    outer loop
      vertex 65.75305896841479 23.047103259109747 0
      vertex 66.07539183109425 22.81477368803442 1
      vertex 65.75305896841479 23.047103259109747 1
    endloop
  endfacet
  facet normal -0.9992837548163315 -0.03784147671766874 0
    outer loop
      vertex 68.08161423771817 19.0720509158934 0
      vertex 68.09665 18.675 1
      vertex 68.08161423771817 19.0720509158934 1
    endloop
  endfacet
  facet normal -0.9935599479631849 -0.11330767760126984 0
    outer loop
      vertex 68.03659307435741 19.46682756009721 0
      vertex 68.08161423771817 19.0720509158934 1
      vertex 68.03659307435741 19.46682756009721 1
    endloop
  endfacet
  facet normal -0.9821451197041994 -0.18812486236865072 0
    outer loop
      vertex 67.96184438706436 19.857068687744146 0
      vertex 68.03659307435741 19.46682756009721 1
      vertex 67.96184438706436 19.857068687744146 1
    endloop
  endfacet
  facet normal -0.9145688941717065 -0.4044301395958786 0
    outer loop
      vertex 67.56435042569709 20.97843280635177 0
      vertex 67.72504487966722 20.615042112438974 1
      vertex 67.56435042569709 20.97843280635177 1
    endloop
  endfacet
  facet normal -0.9651046531419405 -0.2618644849607804 0
    outer loop
      vertex 67.85779632955067 20.240539032994995 0
      vertex 67.96184438706436 19.857068687744146 1
      vertex 67.85779632955067 20.240539032994995 1
    endloop
  endfacet
  facet normal -0.9425361545256759 -0.3341041714973811 0
    outer loop
      vertex 67.72504487966722 20.615042112438974 0
      vertex 67.85779632955067 20.240539032994995 1
      vertex 67.72504487966722 20.615042112438974 1
    endloop
  endfacet
  facet normal -0.8813630660146441 -0.4724395684796797 0
    outer loop
      vertex 67.37663341092022 21.32862964574705 0
      vertex 67.56435042569709 20.97843280635177 1
      vertex 67.37663341092022 21.32862964574705 1
    endloop
  endfacet
  facet normal -0.8431088700310754 -0.5377429062990262 0
    outer loop
      vertex 67.16296906139775 21.663626734842346 0
      vertex 67.37663341092022 21.32862964574705 1
      vertex 67.16296906139775 21.663626734842346 1
    endloop
  endfacet
  facet normal -0.8000254227913354 -0.5999661014486944 0
    outer loop
      vertex 66.92458122717444 21.981505240648424 0
      vertex 67.16296906139775 21.663626734842346 1
      vertex 66.92458122717444 21.981505240648424 1
    endloop
  endfacet
  facet normal -0.7003841348713534 -0.7137661126871363 0
    outer loop
      vertex 66.37923075295782 22.558731868169062 0
      vertex 66.6628353721765 22.280444383870883 1
      vertex 66.37923075295782 22.558731868169062 1
    endloop
  endfacet
  facet normal -0.7523595023795887 -0.6587527451017853 0
    outer loop
      vertex 66.6628353721765 22.280444383870883 0
      vertex 66.92458122717444 21.981505240648424 1
      vertex 66.6628353721765 22.280444383870883 1
    endloop
  endfacet
  facet normal 0.2800813542249121 -0.9599762679439212 8.549252633485846e-18
    outer loop
      vertex 61.18655974879167 23.655622486983237 0
      vertex 61.567992404517284 23.76690875345527 0
      vertex 61.567992404517284 23.76690875345527 1
    endloop
  endfacet
  facet normal 0.2066774126849507 -0.9784091409455733 -5.259077627756554e-19
    outer loop
      vertex 61.567992404517284 23.76690875345527 0
      vertex 61.95674909515549 23.84902902770722 0
      vertex 61.95674909515549 23.84902902770722 1
    endloop
  endfacet
  facet normal 0.13208964164169903 -0.9912377749919378 2.711742651951537e-20
    outer loop
      vertex 61.95674909515549 23.84902902770722 0
      vertex 62.35060305758783 23.901512932244934 0
      vertex 62.35060305758783 23.901512932244934 1
    endloop
  endfacet
  facet normal 0.056745273093077205 -0.998388688828951 -2.700973162266444e-19
    outer loop
      vertex 62.35060305758783 23.901512932244934 0
      vertex 62.74729833198465 23.924059844016124 0
      vertex 62.74729833198465 23.924059844016124 1
    endloop
  endfacet
  facet normal -0.018924127241020477 -0.9998209226697378 -5.294715014241932e-19
    outer loop
      vertex 62.74729833198465 23.924059844016124 0
      vertex 63.144562683738634 23.916540616351995 0
      vertex 63.144562683738634 23.916540616351995 1
    endloop
  endfacet
  facet normal -0.09448513188802798 -0.9955262728085592 -1.1793325163256795e-18
    outer loop
      vertex 63.144562683738634 23.916540616351995 0
      vertex 63.540120618618936 23.878998318707673 0
      vertex 63.540120618618936 23.878998318707673 1
    endloop
  endfacet
  facet normal -0.1695049342561009 -0.9855293386108984 -1.1775960009929261e-18
    outer loop
      vertex 63.540120618618936 23.878998318707673 0
      vertex 63.931706416596 23.811647989964257 0
      vertex 63.931706416596 23.811647989964257 1
    endloop
  endfacet
  facet normal -0.2435538277109955 -0.9698873816105263 2.8454802640800463e-18
    outer loop
      vertex 63.931706416596 23.811647989964257 0
      vertex 64.31707710968075 23.714875406705595 0
      vertex 64.31707710968075 23.714875406705595 1
    endloop
  endfacet
  facet normal -0.316207666896812 -0.9486899975206204 -8.500321361602487e-18
    outer loop
      vertex 64.31707710968075 23.714875406705595 0
      vertex 64.69402532944213 23.589234873524934 0
      vertex 64.69402532944213 23.589234873524934 1
    endloop
  endfacet
  facet normal -0.387050297202223 -0.922058603037611 -5.292291892150367e-18
    outer loop
      vertex 64.69402532944213 23.589234873524934 0
      vertex 65.06039195061346 23.43544604801841 0
      vertex 65.06039195061346 23.43544604801841 1
    endloop
  endfacet
  facet normal 0.2800813542249121 -0.9599762679439212 0
    outer loop
      vertex 61.18655974879167 23.655622486983237 0
      vertex 61.567992404517284 23.76690875345527 1
      vertex 61.18655974879167 23.655622486983237 1
    endloop
  endfacet
  facet normal 0.2066774126849507 -0.9784091409455733 0
    outer loop
      vertex 61.567992404517284 23.76690875345527 0
      vertex 61.95674909515549 23.84902902770722 1
      vertex 61.567992404517284 23.76690875345527 1
    endloop
  endfacet
  facet normal 0.13208964164169903 -0.9912377749919378 0
    outer loop
      vertex 61.95674909515549 23.84902902770722 0
      vertex 62.35060305758783 23.901512932244934 1
      vertex 61.95674909515549 23.84902902770722 1
    endloop
  endfacet
  facet normal 0.056745273093077205 -0.998388688828951 0
    outer loop
      vertex 62.35060305758783 23.901512932244934 0
      vertex 62.74729833198465 23.924059844016124 1
      vertex 62.35060305758783 23.901512932244934 1
    endloop
  endfacet
  facet normal -0.018924127241020477 -0.9998209226697378 0
    outer loop
      vertex 62.74729833198465 23.924059844016124 0
      vertex 63.144562683738634 23.916540616351995 1
      vertex 62.74729833198465 23.924059844016124 1
    endloop
  endfacet
  facet normal -0.09448513188802798 -0.9955262728085592 0
    outer loop
      vertex 63.144562683738634 23.916540616351995 0
      vertex 63.540120618618936 23.878998318707673 1
      vertex 63.144562683738634 23.916540616351995 1
    endloop
  endfacet
  facet normal -0.1695049342561009 -0.9855293386108984 0
    outer loop
      vertex 63.540120618618936 23.878998318707673 0
      vertex 63.931706416596 23.811647989964257 1
      vertex 63.540120618618936 23.878998318707673 1
    endloop
  endfacet
  facet normal -0.2435538277109955 -0.9698873816105263 0
    outer loop
      vertex 63.931706416596 23.811647989964257 0
      vertex 64.31707710968075 23.714875406705595 1
      vertex 63.931706416596 23.811647989964257 1
    endloop
  endfacet
  facet normal -0.316207666896812 -0.9486899975206204 0
    outer loop
      vertex 64.31707710968075 23.714875406705595 0
      vertex 64.69402532944213 23.589234873524934 1
      vertex 64.31707710968075 23.714875406705595 1
    endloop
  endfacet
  facet normal -0.387050297202223 -0.922058603037611 0
    outer loop
      vertex 64.69402532944213 23.589234873524934 0
      vertex 65.06039195061346 23.43544604801841 1
      vertex 64.69402532944213 23.589234873524934 1
    endloop
  endfacet
  facet normal -0.4556759384562476 -0.8901457403773936 0
    outer loop
      vertex 65.06039195061346 23.43544604801841 0
      vertex 65.41407845836662 23.254389818651518 1
      vertex 65.06039195061346 23.43544604801841 1
    endloop
  endfacet
  facet normal 0 0 -1
    outer loop
      vertex 66.35951697745877 19.462251928342955 1
      vertex 66.25159207012229 19.84391808913686 1
      vertex 66.37923075295782 22.558731868169062 1
    endloop
  endfacet
  facet normal 0 0 -1
    outer loop
      vertex 66.25159207012229 19.84391808913686 1
      vertex 66.10233577851128 20.211395167787053 1
      vertex 66.07539183109425 22.81477368803442 1
    endloop
  endfacet
  facet normal 0 0 -1
    outer loop
      vertex 61.18655974879167 23.655622486983237 1
      vertex 61.7719966803939 22.11085800676623 1
      vertex 61.40054647124931 21.971783975958207 1
    endloop
  endfacet
  facet normal 0 0 -1
    outer loop
      vertex 61.7719966803939 22.11085800676623 1
      vertex 61.567992404517284 23.76690875345527 1
      vertex 62.15649172507454 22.208225375708704 1
    endloop
  endfacet
  facet normal 0 0 -1
    outer loop
      vertex 61.18655974879167 23.655622486983237 1
      vertex 61.567992404517284 23.76690875345527 1
      vertex 61.7719966803939 22.11085800676623 1
    endloop
  endfacet
  facet normal 0 0 -1
    outer loop
      vertex 62.15649172507454 22.208225375708704 1
      vertex 61.567992404517284 23.76690875345527 1
      vertex 61.95674909515549 23.84902902770722 1
    endloop
  endfacet
  facet normal 0 0 -1
    outer loop
      vertex 62.15649172507454 22.208225375708704 1
      vertex 61.95674909515549 23.84902902770722 1
      vertex 62.5493643562996 22.262704174824012 1
    endloop
  endfacet
  facet normal 0 0 -1
    outer loop
      vertex 62.5493643562996 22.262704174824012 1
      vertex 61.95674909515549 23.84902902770722 1
      vertex 62.35060305758783 23.901512932244934 1
    endloop
  endfacet
  facet normal 0 0 -1
    outer loop
      vertex 62.5493643562996 22.262704174824012 1
      vertex 62.74729833198465 23.924059844016124 1
      vertex 62.945845632525376 22.273633105289825 1
    endloop
  endfacet
  facet normal 0 0 -1
    outer loop
      vertex 62.945845632525376 22.273633105289825 1
      vertex 63.144562683738634 23.916540616351995 1
      vertex 63.34112280814627 22.240879504695013 1
    endloop
  endfacet
  facet normal 0 0 -1
    outer loop
      vertex 63.730397753706875 22.16484095738159 1
      vertex 63.34112280814627 22.240879504695013 1
      vertex 63.540120618618936 23.878998318707673 1
    endloop
  endfacet
  facet normal 0 0 -1
    outer loop
      vertex 63.730397753706875 22.16484095738159 1
      vertex 63.540120618618936 23.878998318707673 1
      vertex 63.931706416596 23.811647989964257 1
    endloop
  endfacet
  facet normal 0 0 -1
    outer loop
      vertex 66.10233577851128 20.211395167787053 1
      vertex 65.91355987181797 20.56022249035636 1
      vertex 66.07539183109425 22.81477368803442 1
    endloop
  endfacet
  facet normal 0 0 -1
    outer loop
      vertex 65.68755583382702 20.886165765682804 1
      vertex 65.75305896841479 23.047103259109747 1
      vertex 65.91355987181797 20.56022249035636 1
    endloop
  endfacet
  facet normal 0 0 -1
    outer loop
      vertex 65.68755583382702 20.886165765682804 1
      vertex 65.42706704740642 21.185268483938383 1
      vertex 65.41407845836662 23.254389818651518 1
    endloop
  endfacet
  facet normal 0 0 -1
    outer loop
      vertex 65.42706704740642 21.185268483938383 1
      vertex 65.13525549355589 21.453899943298754 1
      vertex 65.06039195061346 23.43544604801841 1
    endloop
  endfacet
  facet normal 0 0 -1
    outer loop
      vertex 66.25159207012229 19.84391808913686 1
      vertex 66.07539183109425 22.81477368803442 1
      vertex 66.37923075295782 22.558731868169062 1
    endloop
  endfacet
  facet normal 0 0 -1
    outer loop
      vertex 65.91355987181797 20.56022249035636 1
      vertex 65.75305896841479 23.047103259109747 1
      vertex 66.07539183109425 22.81477368803442 1
    endloop
  endfacet
  facet normal 0 0 -1
    outer loop
      vertex 63.730397753706875 22.16484095738159 1
      vertex 63.931706416596 23.811647989964257 1
      vertex 64.10894519869392 22.0464404683094 1
    endloop
  endfacet
  facet normal 0 0 -1
    outer loop
      vertex 64.10894519869392 22.0464404683094 1
      vertex 64.31707710968075 23.714875406705595 1
      vertex 64.4721700899192 21.88711525902622 1
    endloop
  endfacet
  facet normal 0 0 -1
    outer loop
      vertex 64.81566336924074 21.688799321745105 1
      vertex 64.4721700899192 21.88711525902622 1
      vertex 64.69402532944213 23.589234873524934 1
    endloop
  endfacet
  facet normal 0 0 -1
    outer loop
      vertex 64.81566336924074 21.688799321745105 1
      vertex 65.06039195061346 23.43544604801841 1
      vertex 65.13525549355589 21.453899943298754 1
    endloop
  endfacet
  facet normal 0 0 -1
    outer loop
      vertex 64.10894519869392 22.0464404683094 1
      vertex 63.931706416596 23.811647989964257 1
      vertex 64.31707710968075 23.714875406705595 1
    endloop
  endfacet
  facet normal 0 0 -1
    outer loop
      vertex 64.81566336924074 21.688799321745105 1
      vertex 64.69402532944213 23.589234873524934 1
      vertex 65.06039195061346 23.43544604801841 1
    endloop
  endfacet
  facet normal 0 0 -1
    outer loop
      vertex 64.4721700899192 21.88711525902622 1
      vertex 64.31707710968075 23.714875406705595 1
      vertex 64.69402532944213 23.589234873524934 1
    endloop
  endfacet
  facet normal 0 0 -1
    outer loop
      vertex 65.68755583382702 20.886165765682804 1
      vertex 65.41407845836662 23.254389818651518 1
      vertex 65.75305896841479 23.047103259109747 1
    endloop
  endfacet
  facet normal 0 0 -1
    outer loop
      vertex 65.42706704740642 21.185268483938383 1
      vertex 65.06039195061346 23.43544604801841 1
      vertex 65.41407845836662 23.254389818651518 1
    endloop
  endfacet
  facet normal 0 0 -1
    outer loop
      vertex 66.6628353721765 15.06955561612912 1
      vertex 66.42480043834462 19.071029595578686 1
      vertex 66.37923075295782 22.558731868169062 1
    endloop
  endfacet
  facet normal 0 0 -1
    outer loop
      vertex 67.37663341092022 16.02137035425295 1
      vertex 67.16296906139775 21.663626734842346 1
      vertex 67.37663341092022 21.32862964574705 1
    endloop
  endfacet
  facet normal 0 0 -1
    outer loop
      vertex 67.16296906139775 15.686373265157656 1
      vertex 66.92458122717444 21.981505240648424 1
      vertex 67.16296906139775 21.663626734842346 1
    endloop
  endfacet
  facet normal 0 0 -1
    outer loop
      vertex 67.56435042569709 16.371567193648232 1
      vertex 67.37663341092022 21.32862964574705 1
      vertex 67.56435042569709 20.97843280635177 1
    endloop
  endfacet
  facet normal 0 0 -1
    outer loop
      vertex 68.08161423771817 18.277949084106606 1
      vertex 68.08161423771817 19.0720509158934 1
      vertex 68.09665 18.675 1
    endloop
  endfacet
  facet normal 0 0 -1
    outer loop
      vertex 68.08161423771817 18.277949084106606 1
      vertex 68.03659307435741 19.46682756009721 1
      vertex 68.08161423771817 19.0720509158934 1
    endloop
  endfacet
  facet normal 0 0 -1
    outer loop
      vertex 67.96184438706436 17.492931312255855 1
      vertex 67.85779632955067 20.240539032994995 1
      vertex 67.96184438706436 19.857068687744146 1
    endloop
  endfacet
  facet normal 0 0 -1
    outer loop
      vertex 68.03659307435741 17.883172439902786 1
      vertex 67.96184438706436 19.857068687744146 1
      vertex 68.03659307435741 19.46682756009721 1
    endloop
  endfacet
  facet normal 0 0 -1
    outer loop
      vertex 67.85779632955067 17.109460967005006 1
      vertex 67.72504487966722 20.615042112438974 1
      vertex 67.85779632955067 20.240539032994995 1
    endloop
  endfacet
  facet normal 0 0 -1
    outer loop
      vertex 67.72504487966721 16.734957887561023 1
      vertex 67.56435042569709 20.97843280635177 1
      vertex 67.72504487966722 20.615042112438974 1
    endloop
  endfacet
  facet normal 0 0 -1
    outer loop
      vertex 66.6628353721765 15.06955561612912 1
      vertex 66.37923075295782 22.558731868169062 1
      vertex 66.6628353721765 22.280444383870883 1
    endloop
  endfacet
  facet normal 0 0 -1
    outer loop
      vertex 66.92458122717444 15.368494759351575 1
      vertex 66.6628353721765 22.280444383870883 1
      vertex 66.92458122717444 21.981505240648424 1
    endloop
  endfacet
  facet normal 0 0 -1
    outer loop
      vertex 66.35951697745877 19.462251928342955 1
      vertex 66.37923075295782 22.558731868169062 1
      vertex 66.42480043834462 19.071029595578686 1
    endloop
  endfacet
  facet normal 0 0 -1
    outer loop
      vertex 62.5493643562996 22.262704174824012 1
      vertex 62.35060305758783 23.901512932244934 1
      vertex 62.74729833198465 23.924059844016124 1
    endloop
  endfacet
  facet normal 0 0 -1
    outer loop
      vertex 62.945845632525376 22.273633105289825 1
      vertex 62.74729833198465 23.924059844016124 1
      vertex 63.144562683738634 23.916540616351995 1
    endloop
  endfacet
  facet normal 0 0 -1
    outer loop
      vertex 63.34112280814627 22.240879504695013 1
      vertex 63.144562683738634 23.916540616351995 1
      vertex 63.540120618618936 23.878998318707673 1
    endloop
  endfacet
  facet normal 1 0 0
    outer loop
      vertex 2.5355516771221573 4.130385766836904 0
      vertex 2.5355516771221573 4.519614233163095 0
      vertex 2.5355516771221573 4.479260059225924 1.2000000000000028
    endloop
  endfacet
  facet normal 0.26752833852922736 0.9635499925192211 -3.420879991772105e-17
    outer loop
      vertex 3.6587513203881556 2.652841904329776 0
      vertex 3.682076427072964 2.6463657203374034 1.2000000000000028
      vertex 4.033792406205023 2.548712259425251 0
    endloop
  endfacet
  facet normal 0.46840844069979065 0.8835120444460227 -5.147626268240042e-17
    outer loop
      vertex 3.3148632823477158 2.8351598033175964 0
      vertex 3.344824715727313 2.8192752566623582 1.2000000000000028
      vertex 3.6587513203881556 2.652841904329776 0
    endloop
  endfacet
  facet normal 0.6473862847818265 0.7621620551276375 2.063319505050331e-15
    outer loop
      vertex 3.3148632823477158 2.8351598033175964 0
      vertex 3.0182081145383677 3.0871409740638374 0
      vertex 3.0456873591243863 3.063799893329797 1.2000000000000028
    endloop
  endfacet
  facet normal 0.7960930657056393 0.6051742151937709 -2.0086649792995444e-15
    outer loop
      vertex 3.0182081145383677 3.0871409740638374 0
      vertex 2.7826570828983392 3.39700305708136 0
      vertex 2.784633316785971 3.394403365860791 1.2000000000000028
    endloop
  endfacet
  facet normal 0.054138908585409914 0.9985334138511243 -1.9361425963298056e-15
    outer loop
      vertex 4.033792406205023 2.548712259425251 0
      vertex 4.0773598798956385 2.546350099638996 1.2000000000000028
      vertex 4.422450035453757 2.527639855067978 0
    endloop
  endfacet
  facet normal -0.16178199655275957 0.986826522541527 -4.445876992989244e-16
    outer loop
      vertex 4.422450035453757 2.527639855067978 0
      vertex 4.431943413847371 2.5291962154570307 1.2000000000000028
      vertex 4.806551009352603 2.5906100134653975 0
    endloop
  endfacet
  facet normal -0.37013815533992 0.9289767198167891 3.1363506836834376e-18
    outer loop
      vertex 4.806551009352603 2.5906100134653975 0
      vertex 4.843359869078981 2.6052760036335627 1.2000000000000028
      vertex 5.168135193259623 2.7346783199971583 0
    endloop
  endfacet
  facet normal 0.9075754196709588 0.4198891015602609 5.913786772008611e-16
    outer loop
      vertex 2.7826570828983392 3.39700305708136 0
      vertex 2.6192242918709567 3.750257245755236 0
      vertex 2.637315344723241 3.71115407583801 1.2000000000000028
    endloop
  endfacet
  facet normal 0.9766205557100884 0.21497044021101613 1.6063727818717987e-15
    outer loop
      vertex 2.5355516771221573 4.130385766836904 0
      vertex 2.5395564830936337 4.1121917498849125 1.2000000000000028
      vertex 2.6192242918709567 3.750257245755236 0
    endloop
  endfacet
  facet normal -0.5611870653623767 0.8276889981568943 7.200586054770378e-17
    outer loop
      vertex 5.168135193259623 2.7346783199971583 0
      vertex 5.1861745457928095 2.746909304499404 1.2000000000000028
      vertex 5.490295312607294 2.9531083007702534 0
    endloop
  endfacet
  facet normal -0.725995491923132 0.6876994588534222 -2.22954737197196e-15
    outer loop
      vertex 5.490295312607294 2.9531083007702534 0
      vertex 5.510484372699686 2.9744216323783395 1.2000000000000028
      vertex 5.7579675182701635 3.235686412651223 0
    endloop
  endfacet
  facet normal -0.8568571761675889 0.5155538571770223 -2.3024821730954956e-15
    outer loop
      vertex 5.7579675182701635 3.235686412651223 0
      vertex 5.7796896017717145 3.2717887962732455 1.2000000000000028
      vertex 5.958635755407727 3.569199617191522 0
    endloop
  endfacet
  facet normal -0.9476531711828042 0.31930153013597484 -2.5503099130515887e-15
    outer loop
      vertex 5.958635755407727 3.569199617191522 0
      vertex 5.96365018520315 3.584081914483633 1.2000000000000028
      vertex 6.082917000278158 3.9380532076201558 0
    endloop
  endfacet
  facet normal -0.9941379571543603 0.10811901842393654 2.885940296152519e-15
    outer loop
      vertex 6.082917000278158 3.9380532076201558 0
      vertex 6.087483107954114 3.980037874363237 1.2000000000000028
      vertex 6.125 4.324999999999999 0
    endloop
  endfacet
  facet normal -0.9941379571543603 -0.10811901842393654 0
    outer loop
      vertex 6.125 4.324999999999999 0
      vertex 6.125 4.324999999999999 1.2000000000000028
      vertex 6.082917000278158 4.711946792379843 0
    endloop
  endfacet
  facet normal 0.9766205557101106 0.21497044021091505 0
    outer loop
      vertex 2.5355516771221573 4.130385766836904 0
      vertex 2.5355516771221573 4.130385766836904 1.2045670436676659
      vertex 2.5395564830936337 4.1121917498849125 1.2000000000000028
    endloop
  endfacet
  facet normal 1 0 0
    outer loop
      vertex 2.5355516771221573 4.130385766836904 0
      vertex 2.5355516771221573 4.170739940774075 1.2000000000000028
      vertex 2.5355516771221573 4.130385766836904 1.2045670436676659
    endloop
  endfacet
  facet normal 1 0 0
    outer loop
      vertex 2.5355516771221573 4.130385766836904 0
      vertex 2.5355516771221573 4.479260059225924 1.2000000000000028
      vertex 2.5355516771221573 4.170739940774075 1.2000000000000028
    endloop
  endfacet
  facet normal 1 0 0
    outer loop
      vertex 2.5355516771221573 4.519614233163095 0
      vertex 2.5355516771221573 4.519614233163095 1.2045670436676659
      vertex 2.5355516771221573 4.479260059225924 1.2000000000000028
    endloop
  endfacet
  facet normal 0.9766205557101106 -0.21497044021091505 0
    outer loop
      vertex 2.5355516771221573 4.519614233163095 0
      vertex 2.5395564830936337 4.537808250115086 1.2000000000000028
      vertex 2.5355516771221573 4.519614233163095 1.2045670436676659
    endloop
  endfacet
  facet normal 0.46840844069978893 0.8835120444460235 0
    outer loop
      vertex 3.3148632823477158 2.8351598033175964 0
      vertex 3.3148632823477158 2.8351598033175964 1.2033092193879895
      vertex 3.344824715727313 2.8192752566623582 1.2000000000000028
    endloop
  endfacet
  facet normal 0.6473862847816524 0.7621620551277852 0
    outer loop
      vertex 3.3148632823477158 2.8351598033175964 0
      vertex 3.305184621404166 2.843380932023427 1.2000000000000028
      vertex 3.3148632823477158 2.8351598033175964 1.2033092193879895
    endloop
  endfacet
  facet normal 0.6473862847818272 0.7621620551276368 2.4286982297836913e-15
    outer loop
      vertex 3.3148632823477158 2.8351598033175964 0
      vertex 3.0456873591243863 3.063799893329797 1.2000000000000028
      vertex 3.305184621404166 2.843380932023427 1.2000000000000028
    endloop
  endfacet
  facet normal 0.4684084406997934 0.8835120444460212 9.102443177502267e-16
    outer loop
      vertex 3.6587513203881556 2.652841904329776 0
      vertex 3.344824715727313 2.8192752566623582 1.2000000000000028
      vertex 3.6205974258740596 2.673069818989589 1.2000000000000028
    endloop
  endfacet
  facet normal 0.4684084406997711 0.883512044446033 0
    outer loop
      vertex 3.6587513203881556 2.652841904329776 0
      vertex 3.6205974258740596 2.673069818989589 1.2000000000000028
      vertex 3.6587513203881556 2.652841904329776 1.205560187691347
    endloop
  endfacet
  facet normal 0.26752833852922575 0.9635499925192215 0
    outer loop
      vertex 3.6587513203881556 2.652841904329776 0
      vertex 3.6587513203881556 2.652841904329776 1.205560187691347
      vertex 3.682076427072964 2.6463657203374034 1.2000000000000028
    endloop
  endfacet
  facet normal 0.7960930657056445 0.6051742151937642 7.410204569674019e-16
    outer loop
      vertex 3.0182081145383677 3.0871409740638374 0
      vertex 2.784633316785971 3.394403365860791 1.2000000000000028
      vertex 2.9933571221094084 3.1198318955404947 1.2000000000000028
    endloop
  endfacet
  facet normal 0.6473862847818788 0.7621620551275928 0
    outer loop
      vertex 3.0182081145383677 3.0871409740638374 0
      vertex 3.0182081145383677 3.0871409740638374 1.2068845511069242
      vertex 3.0456873591243863 3.063799893329797 1.2000000000000028
    endloop
  endfacet
  facet normal 0.7960930657056313 0.6051742151937815 0
    outer loop
      vertex 3.0182081145383677 3.0871409740638374 0
      vertex 2.9933571221094084 3.1198318955404947 1.2000000000000028
      vertex 3.0182081145383677 3.0871409740638374 1.2068845511069242
    endloop
  endfacet
  facet normal 0.7960930657051949 0.6051742151943555 0
    outer loop
      vertex 2.7826570828983392 3.39700305708136 0
      vertex 2.7826570828983392 3.39700305708136 1.2009264580673715
      vertex 2.784633316785971 3.394403365860791 1.2000000000000028
    endloop
  endfacet
  facet normal 0.9075754196711594 0.4198891015598271 0
    outer loop
      vertex 2.7826570828983392 3.39700305708136 0
      vertex 2.777413050936559 3.4083378464121648 1.2000000000000028
      vertex 2.7826570828983392 3.39700305708136 1.2009264580673715
    endloop
  endfacet
  facet normal 0.26752833852922375 0.9635499925192221 -1.1724998900973551e-15
    outer loop
      vertex 4.033792406205023 2.548712259425251 0
      vertex 3.682076427072964 2.6463657203374034 1.2000000000000028
      vertex 4.007929316578291 2.5558931109127627 1.2000000000000028
    endloop
  endfacet
  facet normal 0.054138908585416486 0.9985334138511238 -3.9333395966119776e-17
    outer loop
      vertex 4.422450035453757 2.527639855067978 0
      vertex 4.0773598798956385 2.546350099638996 1.2000000000000028
      vertex 4.3937446571395355 2.5291962154570307 1.2000000000000028
    endloop
  endfacet
  facet normal 0.05413890858541814 0.9985334138511239 0
    outer loop
      vertex 4.422450035453757 2.527639855067978 0
      vertex 4.3937446571395355 2.5291962154570307 1.2000000000000028
      vertex 4.422450035453757 2.527639855067978 1.2025810861148187
    endloop
  endfacet
  facet normal -0.16178199655281428 0.986826522541518 0
    outer loop
      vertex 4.422450035453757 2.527639855067978 0
      vertex 4.422450035453757 2.527639855067978 1.2025810861148187
      vertex 4.431943413847371 2.5291962154570307 1.2000000000000028
    endloop
  endfacet
  facet normal 0.2675283385292743 0.9635499925192081 0
    outer loop
      vertex 4.033792406205023 2.548712259425251 0
      vertex 4.007929316578291 2.5558931109127627 1.2000000000000028
      vertex 4.033792406205023 2.548712259425251 1.2059574761493081
    endloop
  endfacet
  facet normal 0.05413890858535674 0.998533413851127 0
    outer loop
      vertex 4.033792406205023 2.548712259425251 0
      vertex 4.033792406205023 2.548712259425251 1.2059574761493081
      vertex 4.0773598798956385 2.546350099638996 1.2000000000000028
    endloop
  endfacet
  facet normal -0.1617819965527623 0.9868265225415265 -1.3179621901079071e-15
    outer loop
      vertex 4.806551009352603 2.5906100134653975 0
      vertex 4.431943413847371 2.5291962154570307 1.2000000000000028
      vertex 4.769107467270025 2.584471456325158 1.2000000000000028
    endloop
  endfacet
  facet normal -0.16178199655272119 0.9868265225415334 0
    outer loop
      vertex 4.806551009352603 2.5906100134653975 0
      vertex 4.769107467270025 2.584471456325158 1.2000000000000028
      vertex 4.806551009352603 2.5906100134653975 1.2069507744194965
    endloop
  endfacet
  facet normal -0.37013815533992006 0.9289767198167893 0
    outer loop
      vertex 4.806551009352603 2.5906100134653975 0
      vertex 4.806551009352603 2.5906100134653975 1.2069507744194965
      vertex 4.843359869078981 2.6052760036335627 1.2000000000000028
    endloop
  endfacet
  facet normal -0.3701381553399173 0.9289767198167902 8.836529857617756e-16
    outer loop
      vertex 5.168135193259623 2.7346783199971583 0
      vertex 4.843359869078981 2.6052760036335627 1.2000000000000028
      vertex 5.162121129320688 2.732282097912181 1.2000000000000028
    endloop
  endfacet
  facet normal 0.9075754196709503 0.41988910156027903 -5.18208249029307e-15
    outer loop
      vertex 2.7826570828983392 3.39700305708136 0
      vertex 2.637315344723241 3.71115407583801 1.2000000000000028
      vertex 2.777413050936559 3.4083378464121648 1.2000000000000028
    endloop
  endfacet
  facet normal 0.9075754196709658 0.41988910156024595 0
    outer loop
      vertex 2.6192242918709567 3.750257245755236 0
      vertex 2.6192242918709567 3.750257245755236 1.2065534418896533
      vertex 2.637315344723241 3.71115407583801 1.2000000000000028
    endloop
  endfacet
  facet normal 0.9766205557100759 0.21497044021107314 0
    outer loop
      vertex 2.6192242918709567 3.750257245755236 0
      vertex 2.6124006819353838 3.7812572182197517 1.2000000000000028
      vertex 2.6192242918709567 3.750257245755236 1.2065534418896533
    endloop
  endfacet
  facet normal 0.9766205557100884 0.21497044021101636 1.5388195893504708e-15
    outer loop
      vertex 2.6192242918709567 3.750257245755236 0
      vertex 2.5395564830936337 4.1121917498849125 1.2000000000000028
      vertex 2.6124006819353838 3.7812572182197517 1.2000000000000028
    endloop
  endfacet
  facet normal 0.9766205557100884 -0.21497044021101636 1.6096576620669395e-15
    outer loop
      vertex 2.5355516771221573 4.519614233163095 0
      vertex 2.6124006819353838 4.868742781780247 1.2000000000000028
      vertex 2.5395564830936337 4.537808250115086 1.2000000000000028
    endloop
  endfacet
  facet normal -0.37013815534006944 0.9289767198167297 0
    outer loop
      vertex 5.168135193259623 2.7346783199971583 0
      vertex 5.162121129320688 2.732282097912181 1.2000000000000028
      vertex 5.168135193259623 2.7346783199971583 1.2017868264678953
    endloop
  endfacet
  facet normal -0.5611870653623735 0.8276889981568966 0
    outer loop
      vertex 5.168135193259623 2.7346783199971583 0
      vertex 5.168135193259623 2.7346783199971583 1.2017868264678953
      vertex 5.1861745457928095 2.746909304499404 1.2000000000000028
    endloop
  endfacet
  facet normal -0.561187065362385 0.8276889981568887 -3.0162865474025597e-15
    outer loop
      vertex 5.490295312607294 2.9531083007702534 0
      vertex 5.1861745457928095 2.746909304499404 1.2000000000000028
      vertex 5.454230785664237 2.928655944771899 1.2000000000000028
    endloop
  endfacet
  facet normal -0.7259954919231218 0.6876994588534328 2.1671200676455764e-15
    outer loop
      vertex 5.7579675182701635 3.235686412651223 0
      vertex 5.510484372699686 2.9744216323783395 1.2000000000000028
      vertex 5.743204780147124 3.2201015794980314 1.2000000000000028
    endloop
  endfacet
  facet normal -0.5611870653623163 0.8276889981569353 0
    outer loop
      vertex 5.490295312607294 2.9531083007702534 0
      vertex 5.454230785664237 2.928655944771899 1.2000000000000028
      vertex 5.490295312607294 2.9531083007702534 1.2062885633303893
    endloop
  endfacet
  facet normal -0.7259954919231947 0.6876994588533559 0
    outer loop
      vertex 5.490295312607294 2.9531083007702534 0
      vertex 5.490295312607294 2.9531083007702534 1.2062885633303893
      vertex 5.510484372699686 2.9744216323783395 1.2000000000000028
    endloop
  endfacet
  facet normal -0.8568571761675904 0.5155538571770198 -3.1176265627020324e-15
    outer loop
      vertex 5.958635755407727 3.569199617191522 0
      vertex 5.7796896017717145 3.2717887962732455 1.2000000000000028
      vertex 5.939207246743557 3.5369091846026173 1.2000000000000028
    endloop
  endfacet
  facet normal -0.7259954919232052 0.6876994588533448 0
    outer loop
      vertex 5.7579675182701635 3.235686412651223 0
      vertex 5.743204780147124 3.2201015794980314 1.2000000000000028
      vertex 5.7579675182701635 3.235686412651223 1.2050967067701208
    endloop
  endfacet
  facet normal -0.8568571761676227 0.5155538571769661 0
    outer loop
      vertex 5.7579675182701635 3.235686412651223 0
      vertex 5.7579675182701635 3.235686412651223 1.2050967067701208
      vertex 5.7796896017717145 3.2717887962732455 1.2000000000000028
    endloop
  endfacet
  facet normal -0.8568571761675391 0.5155538571771049 0
    outer loop
      vertex 5.958635755407727 3.569199617191522 0
      vertex 5.939207246743557 3.5369091846026173 1.2000000000000028
      vertex 5.958635755407727 3.569199617191522 1.2039712101342275
    endloop
  endfacet
  facet normal -0.9476531711828664 0.3193015301357902 0
    outer loop
      vertex 5.958635755407727 3.569199617191522 0
      vertex 5.958635755407727 3.569199617191522 1.2039712101342275
      vertex 5.96365018520315 3.584081914483633 1.2000000000000028
    endloop
  endfacet
  facet normal -0.9476531711828005 0.3193015301359862 1.1826687655742022e-15
    outer loop
      vertex 6.082917000278158 3.9380532076201558 0
      vertex 5.96365018520315 3.584081914483633 1.2000000000000028
      vertex 6.072067034892314 3.905851657878939 1.2000000000000028
    endloop
  endfacet
  facet normal -0.9476531711828137 0.3193015301359466 0
    outer loop
      vertex 6.082917000278158 3.9380532076201558 0
      vertex 6.072067034892314 3.905851657878939 1.2000000000000028
      vertex 6.082917000278158 3.9380532076201558 1.2067521059509119
    endloop
  endfacet
  facet normal -0.9941379571543513 0.10811901842401805 0
    outer loop
      vertex 6.082917000278158 3.9380532076201558 0
      vertex 6.082917000278158 3.9380532076201558 1.2067521059509119
      vertex 6.087483107954114 3.980037874363237 1.2000000000000028
    endloop
  endfacet
  facet normal -0.9941379571543613 0.1081190184239266 0
    outer loop
      vertex 6.125 4.324999999999999 0
      vertex 6.087483107954114 3.980037874363237 1.2000000000000028
      vertex 6.125 4.324999999999999 1.2000000000000028
    endloop
  endfacet
  facet normal -0.9941379571543613 -0.1081190184239266 3.2369797855082363e-15
    outer loop
      vertex 6.082917000278158 4.711946792379843 0
      vertex 6.125 4.324999999999999 1.2000000000000028
      vertex 6.087483107954114 4.669962125636761 1.2000000000000028
    endloop
  endfacet
  facet normal 0.9766205557100884 -0.21497044021101613 1.5440030150918125e-15
    outer loop
      vertex 2.5355516771221573 4.519614233163095 0
      vertex 2.6192242918709567 4.8997427542447625 0
      vertex 2.6124006819353838 4.868742781780247 1.2000000000000028
    endloop
  endfacet
  facet normal 0.9075754196709588 -0.4198891015602609 -4.979212804226678e-15
    outer loop
      vertex 2.6192242918709567 4.8997427542447625 0
      vertex 2.7826570828983392 5.252996942918639 0
      vertex 2.777413050936559 5.241662153587834 1.2000000000000028
    endloop
  endfacet
  facet normal 0.7960930657056393 -0.6051742151937709 4.468487564270322e-16
    outer loop
      vertex 2.7826570828983392 5.252996942918639 0
      vertex 3.0182081145383677 5.562859025936161 0
      vertex 2.9933571221094084 5.530168104459504 1.2000000000000028
    endloop
  endfacet
  facet normal 0.6473862847818265 -0.7621620551276375 2.4205388991009915e-15
    outer loop
      vertex 3.0182081145383677 5.562859025936161 0
      vertex 3.3148632823477158 5.814840196682402 0
      vertex 3.305184621404166 5.8066190679765715 1.2000000000000028
    endloop
  endfacet
  facet normal 0.46840844069979415 -0.8835120444460208 -3.6718864512588327e-16
    outer loop
      vertex 3.3148632823477158 5.814840196682402 0
      vertex 3.6587513203881556 5.997158095670224 0
      vertex 3.6205974258740596 5.97693018101041 1.2000000000000028
    endloop
  endfacet
  facet normal 0.2675283385292189 -0.9635499925192236 -1.8456754927035085e-17
    outer loop
      vertex 3.6587513203881556 5.997158095670224 0
      vertex 4.033792406205023 6.101287740574746 0
      vertex 4.0079293165782985 6.094106889087238 1.2000000000000028
    endloop
  endfacet
  facet normal 0.05413890858541901 -0.9985334138511237 2.1651338851031928e-17
    outer loop
      vertex 4.033792406205023 6.101287740574746 0
      vertex 4.422450035453757 6.122360144932022 0
      vertex 4.3937446571395355 6.12080378454297 1.2000000000000028
    endloop
  endfacet
  facet normal -0.16178199655276398 -0.9868265225415263 -1.3765997205711735e-15
    outer loop
      vertex 4.422450035453757 6.122360144932022 0
      vertex 4.806551009352603 6.059389986534601 0
      vertex 4.769107467270025 6.065528543674841 1.2000000000000028
    endloop
  endfacet
  facet normal -0.37013815533992 -0.9289767198167891 8.609920769273761e-16
    outer loop
      vertex 4.806551009352603 6.059389986534601 0
      vertex 5.168135193259623 5.91532168000284 0
      vertex 5.162121129320688 5.9177179020878174 1.2000000000000028
    endloop
  endfacet
  facet normal -0.9476531711828042 -0.31930153013597484 8.431002459051531e-16
    outer loop
      vertex 6.082917000278158 4.711946792379843 0
      vertex 6.072067034892314 4.7441483421210595 1.2000000000000028
      vertex 5.958635755407727 5.0808003828084765 0
    endloop
  endfacet
  facet normal -0.8568571761675889 -0.5155538571770223 5.182313551930358e-16
    outer loop
      vertex 5.958635755407727 5.0808003828084765 0
      vertex 5.939207246743564 5.113090815397378 1.2000000000000028
      vertex 5.7579675182701635 5.414313587348776 0
    endloop
  endfacet
  facet normal -0.725995491923132 -0.6876994588534222 1.902894076176489e-15
    outer loop
      vertex 5.490295312607294 5.696891699229745 0
      vertex 5.7579675182701635 5.414313587348776 0
      vertex 5.743204780147124 5.429898420501967 1.2000000000000028
    endloop
  endfacet
  facet normal -0.5611870653623767 -0.8276889981568943 -2.649003680243967e-15
    outer loop
      vertex 5.490295312607294 5.696891699229745 0
      vertex 5.454230785664237 5.7213440552281 1.2000000000000028
      vertex 5.168135193259623 5.91532168000284 0
    endloop
  endfacet
  facet normal 0.9766205557100759 -0.21497044021107314 0
    outer loop
      vertex 2.6192242918709567 4.8997427542447625 0
      vertex 2.6192242918709567 4.8997427542447625 1.2065534418896533
      vertex 2.6124006819353838 4.868742781780247 1.2000000000000028
    endloop
  endfacet
  facet normal 0.9075754196709658 -0.41988910156024595 0
    outer loop
      vertex 2.6192242918709567 4.8997427542447625 0
      vertex 2.637315344723241 4.938845924161988 1.2000000000000028
      vertex 2.6192242918709567 4.8997427542447625 1.2065534418896533
    endloop
  endfacet
  facet normal 0.9075754196709503 -0.41988910156027903 1.3116806624571764e-15
    outer loop
      vertex 2.6192242918709567 4.8997427542447625 0
      vertex 2.777413050936559 5.241662153587834 1.2000000000000028
      vertex 2.637315344723241 4.938845924161988 1.2000000000000028
    endloop
  endfacet
  facet normal 0.9075754196711594 -0.4198891015598271 0
    outer loop
      vertex 2.7826570828983392 5.252996942918639 0
      vertex 2.7826570828983392 5.252996942918639 1.2009264580673715
      vertex 2.777413050936559 5.241662153587834 1.2000000000000028
    endloop
  endfacet
  facet normal 0.7960930657051949 -0.6051742151943555 0
    outer loop
      vertex 2.7826570828983392 5.252996942918639 0
      vertex 2.784633316785971 5.2555966341392075 1.2000000000000028
      vertex 2.7826570828983392 5.252996942918639 1.2009264580673715
    endloop
  endfacet
  facet normal 0.7960930657056445 -0.6051742151937642 -2.021334074253431e-15
    outer loop
      vertex 2.7826570828983392 5.252996942918639 0
      vertex 2.9933571221094084 5.530168104459504 1.2000000000000028
      vertex 2.784633316785971 5.2555966341392075 1.2000000000000028
    endloop
  endfacet
  facet normal 0.6473862847818274 -0.7621620551276367 2.0299612792433693e-15
    outer loop
      vertex 3.0182081145383677 5.562859025936161 0
      vertex 3.305184621404166 5.8066190679765715 1.2000000000000028
      vertex 3.0456873591243863 5.586200106670201 1.2000000000000028
    endloop
  endfacet
  facet normal 0.7960930657056313 -0.6051742151937815 0
    outer loop
      vertex 3.0182081145383677 5.562859025936161 0
      vertex 3.0182081145383677 5.562859025936161 1.2068845511069242
      vertex 2.9933571221094084 5.530168104459504 1.2000000000000028
    endloop
  endfacet
  facet normal 0.6473862847818788 -0.7621620551275928 0
    outer loop
      vertex 3.0182081145383677 5.562859025936161 0
      vertex 3.0456873591243863 5.586200106670201 1.2000000000000028
      vertex 3.0182081145383677 5.562859025936161 1.2068845511069242
    endloop
  endfacet
  facet normal 0.6473862847816524 -0.7621620551277852 0
    outer loop
      vertex 3.3148632823477158 5.814840196682402 0
      vertex 3.3148632823477158 5.814840196682402 1.2033092193879895
      vertex 3.305184621404166 5.8066190679765715 1.2000000000000028
    endloop
  endfacet
  facet normal 0.46840844069982984 -0.8835120444460018 0
    outer loop
      vertex 3.3148632823477158 5.814840196682402 0
      vertex 3.344824715727313 5.830724743337642 1.2000000000000028
      vertex 3.3148632823477158 5.814840196682402 1.2033092193879895
    endloop
  endfacet
  facet normal 0.468408440699789 -0.8835120444460234 1.3056947105591725e-15
    outer loop
      vertex 3.3148632823477158 5.814840196682402 0
      vertex 3.6205974258740596 5.97693018101041 1.2000000000000028
      vertex 3.344824715727313 5.830724743337642 1.2000000000000028
    endloop
  endfacet
  facet normal 0.26752833852921837 -0.9635499925192237 1.5549045066879677e-16
    outer loop
      vertex 3.6587513203881556 5.997158095670224 0
      vertex 4.0079293165782985 6.094106889087238 1.2000000000000028
      vertex 3.682076427072964 6.003634279662597 1.2000000000000028
    endloop
  endfacet
  facet normal 0.4684084406998032 -0.8835120444460159 0
    outer loop
      vertex 3.6587513203881556 5.997158095670224 0
      vertex 3.6587513203881556 5.997158095670224 1.205560187691347
      vertex 3.6205974258740596 5.97693018101041 1.2000000000000028
    endloop
  endfacet
  facet normal 0.26752833852922575 -0.9635499925192215 0
    outer loop
      vertex 3.6587513203881556 5.997158095670224 0
      vertex 3.682076427072964 6.003634279662597 1.2000000000000028
      vertex 3.6587513203881556 5.997158095670224 1.205560187691347
    endloop
  endfacet
  facet normal 0.054138908585416506 -0.998533413851124 7.805354967093892e-16
    outer loop
      vertex 4.033792406205023 6.101287740574746 0
      vertex 4.3937446571395355 6.12080378454297 1.2000000000000028
      vertex 4.0773598798956385 6.103649900361004 1.2000000000000028
    endloop
  endfacet
  facet normal 0.05413890858541814 -0.9985334138511239 0
    outer loop
      vertex 4.422450035453757 6.122360144932022 0
      vertex 4.422450035453757 6.122360144932022 1.2025810861148187
      vertex 4.3937446571395355 6.12080378454297 1.2000000000000028
    endloop
  endfacet
  facet normal -0.16178199655281428 -0.986826522541518 0
    outer loop
      vertex 4.422450035453757 6.122360144932022 0
      vertex 4.431943413847371 6.12080378454297 1.2000000000000028
      vertex 4.422450035453757 6.122360144932022 1.2025810861148187
    endloop
  endfacet
  facet normal 0.26752833852921964 -0.9635499925192232 0
    outer loop
      vertex 4.033792406205023 6.101287740574746 0
      vertex 4.033792406205023 6.101287740574746 1.2059574761493081
      vertex 4.0079293165782985 6.094106889087238 1.2000000000000028
    endloop
  endfacet
  facet normal 0.054138908585437934 -0.9985334138511227 0
    outer loop
      vertex 4.033792406205023 6.101287740574746 0
      vertex 4.0773598798956385 6.103649900361004 1.2000000000000028
      vertex 4.033792406205023 6.101287740574746 1.2059574761493081
    endloop
  endfacet
  facet normal -0.16178199655276734 -0.9868265225415257 -3.813964684964611e-16
    outer loop
      vertex 4.422450035453757 6.122360144932022 0
      vertex 4.769107467270025 6.065528543674841 1.2000000000000028
      vertex 4.431943413847371 6.12080378454297 1.2000000000000028
    endloop
  endfacet
  facet normal -0.37013815533991273 -0.928976719816792 -1.6304425206581929e-15
    outer loop
      vertex 4.806551009352603 6.059389986534601 0
      vertex 5.162121129320688 5.9177179020878174 1.2000000000000028
      vertex 4.843359869078981 6.044723996366434 1.2000000000000028
    endloop
  endfacet
  facet normal -0.37013815533995864 -0.9289767198167738 0
    outer loop
      vertex 4.806551009352603 6.059389986534601 0
      vertex 4.843359869078981 6.044723996366434 1.2000000000000028
      vertex 4.806551009352603 6.059389986534601 1.2069507744194965
    endloop
  endfacet
  facet normal -0.16178199655272119 -0.9868265225415334 0
    outer loop
      vertex 4.806551009352603 6.059389986534601 0
      vertex 4.806551009352603 6.059389986534601 1.2069507744194965
      vertex 4.769107467270025 6.065528543674841 1.2000000000000028
    endloop
  endfacet
  facet normal -0.9941379571543513 -0.10811901842401805 0
    outer loop
      vertex 6.082917000278158 4.711946792379843 0
      vertex 6.087483107954114 4.669962125636761 1.2000000000000028
      vertex 6.082917000278158 4.711946792379843 1.2067521059509119
    endloop
  endfacet
  facet normal -0.9476531711828137 -0.3193015301359466 0
    outer loop
      vertex 6.082917000278158 4.711946792379843 0
      vertex 6.082917000278158 4.711946792379843 1.2067521059509119
      vertex 6.072067034892314 4.7441483421210595 1.2000000000000028
    endloop
  endfacet
  facet normal -0.9476531711828008 -0.3193015301359846 -2.2125734777750815e-15
    outer loop
      vertex 5.958635755407727 5.0808003828084765 0
      vertex 6.072067034892314 4.7441483421210595 1.2000000000000028
      vertex 5.96365018520315 5.065918085516367 1.2000000000000028
    endloop
  endfacet
  facet normal -0.8568571761675975 -0.5155538571770082 0
    outer loop
      vertex 5.958635755407727 5.0808003828084765 0
      vertex 5.958635755407727 5.0808003828084765 1.2039712101342133
      vertex 5.939207246743564 5.113090815397378 1.2000000000000028
    endloop
  endfacet
  facet normal -0.9476531711828549 -0.3193015301358244 0
    outer loop
      vertex 5.958635755407727 5.0808003828084765 0
      vertex 5.96365018520315 5.065918085516367 1.2000000000000028
      vertex 5.958635755407727 5.0808003828084765 1.2039712101342133
    endloop
  endfacet
  facet normal -0.7259954919231244 -0.6876994588534301 -1.4819803722386786e-15
    outer loop
      vertex 5.490295312607294 5.696891699229745 0
      vertex 5.743204780147124 5.429898420501967 1.2000000000000028
      vertex 5.510484372699686 5.675578367621661 1.2000000000000028
    endloop
  endfacet
  facet normal -0.725995491923166 -0.6876994588533861 0
    outer loop
      vertex 5.490295312607294 5.696891699229745 0
      vertex 5.510484372699686 5.675578367621661 1.2000000000000028
      vertex 5.490295312607294 5.696891699229745 1.2062885633303893
    endloop
  endfacet
  facet normal -0.5611870653623163 -0.8276889981569353 0
    outer loop
      vertex 5.490295312607294 5.696891699229745 0
      vertex 5.490295312607294 5.696891699229745 1.2062885633303893
      vertex 5.454230785664237 5.7213440552281 1.2000000000000028
    endloop
  endfacet
  facet normal -0.8568571761675833 -0.5155538571770317 -2.6870390639934807e-15
    outer loop
      vertex 5.7579675182701635 5.414313587348776 0
      vertex 5.939207246743564 5.113090815397378 1.2000000000000028
      vertex 5.7796896017717145 5.378211203726753 1.2000000000000028
    endloop
  endfacet
  facet normal -0.8568571761676227 -0.5155538571769661 0
    outer loop
      vertex 5.7579675182701635 5.414313587348776 0
      vertex 5.7796896017717145 5.378211203726753 1.2000000000000028
      vertex 5.7579675182701635 5.414313587348776 1.2050967067701208
    endloop
  endfacet
  facet normal -0.7259954919232052 -0.6876994588533448 0
    outer loop
      vertex 5.7579675182701635 5.414313587348776 0
      vertex 5.7579675182701635 5.414313587348776 1.2050967067701208
      vertex 5.743204780147124 5.429898420501967 1.2000000000000028
    endloop
  endfacet
  facet normal -0.37013815534006944 -0.9289767198167297 0
    outer loop
      vertex 5.168135193259623 5.91532168000284 0
      vertex 5.168135193259623 5.91532168000284 1.2017868264678953
      vertex 5.162121129320688 5.9177179020878174 1.2000000000000028
    endloop
  endfacet
  facet normal -0.5611870653623735 -0.8276889981568966 0
    outer loop
      vertex 5.168135193259623 5.91532168000284 0
      vertex 5.1861745457928095 5.903090695500595 1.2000000000000028
      vertex 5.168135193259623 5.91532168000284 1.2017868264678953
    endloop
  endfacet
  facet normal -0.561187065362385 -0.8276889981568887 2.542891551097318e-16
    outer loop
      vertex 5.168135193259623 5.91532168000284 0
      vertex 5.454230785664237 5.7213440552281 1.2000000000000028
      vertex 5.1861745457928095 5.903090695500595 1.2000000000000028
    endloop
  endfacet
  facet normal 0 0 1
    outer loop
      vertex 2.5355516771221573 4.170739940774075 1.2000000000000028
      vertex 2.5355516771221573 4.479260059225924 1.2000000000000028
      vertex 2.5250000000000057 4.324999999999999 1.2000000000000028
    endloop
  endfacet
  facet normal 0 0 1
    outer loop
      vertex 3.7222166980922253 2.6289303401861233 1.2000000000000028
      vertex 3.95877917650526 2.562648642171819 1.2000000000000028
      vertex 3.682076427072964 2.6463657203374034 1.2000000000000028
    endloop
  endfacet
  facet normal 0 0 1
    outer loop
      vertex 3.4968829320839276 2.7268066068757246 1.2000000000000028
      vertex 3.6205974258740596 2.673069818989589 1.2000000000000028
      vertex 3.344824715727313 2.8192752566623582 1.2000000000000028
    endloop
  endfacet
  facet normal 0 0 1
    outer loop
      vertex 3.2869754201932437 2.854454192581203 1.2000000000000028
      vertex 3.0456873591243863 3.063799893329797 1.2000000000000028
      vertex 3.0964043422064265 3.0094952642993764 1.2000000000000028
    endloop
  endfacet
  facet normal 0 0 1
    outer loop
      vertex 2.928719676732044 3.189041700213105 1.2000000000000028
      vertex 2.784633316785971 3.394403365860791 1.2000000000000028
      vertex 2.7870450718163227 3.389748889936218 1.2000000000000028
    endloop
  endfacet
  facet normal 0 0 1
    outer loop
      vertex 2.9933571221094084 3.1198318955404947 1.2000000000000028
      vertex 2.784633316785971 3.394403365860791 1.2000000000000028
      vertex 2.928719676732044 3.189041700213105 1.2000000000000028
    endloop
  endfacet
  facet normal 0 0 1
    outer loop
      vertex 3.305184621404166 2.843380932023427 1.2000000000000028
      vertex 3.0456873591243863 3.063799893329797 1.2000000000000028
      vertex 3.2869754201932437 2.854454192581203 1.2000000000000028
    endloop
  endfacet
  facet normal 0 0 1
    outer loop
      vertex 3.682076427072964 2.6463657203374034 1.2000000000000028
      vertex 3.95877917650526 2.562648642171819 1.2000000000000028
      vertex 4.007929316578291 2.5558931109127627 1.2000000000000028
    endloop
  endfacet
  facet normal 0 0 1
    outer loop
      vertex 4.0773598798956385 2.546350099638996 1.2000000000000028
      vertex 4.202163655943593 2.5291962154570307 1.2000000000000028
      vertex 4.3937446571395355 2.5291962154570307 1.2000000000000028
    endloop
  endfacet
  facet normal 0 0 1
    outer loop
      vertex 4.431943413847371 2.5291962154570307 1.2000000000000028
      vertex 4.447836344056412 2.5291962154570307 1.2000000000000028
      vertex 4.691220823494746 2.562648642171819 1.2000000000000028
    endloop
  endfacet
  facet normal 0 0 1
    outer loop
      vertex 4.431943413847371 2.5291962154570307 1.2000000000000028
      vertex 4.691220823494746 2.562648642171819 1.2000000000000028
      vertex 4.769107467270025 2.584471456325158 1.2000000000000028
    endloop
  endfacet
  facet normal 0 0 1
    outer loop
      vertex 4.843359869078981 2.6052760036335627 1.2000000000000028
      vertex 4.92778330190778 2.6289303401861233 1.2000000000000028
      vertex 5.153117067916078 2.726806606875723 1.2000000000000028
    endloop
  endfacet
  facet normal 0 0 1
    outer loop
      vertex 4.843359869078981 2.6052760036335627 1.2000000000000028
      vertex 5.153117067916078 2.726806606875723 1.2000000000000028
      vertex 5.162121129320688 2.732282097912181 1.2000000000000028
    endloop
  endfacet
  facet normal 0 0 1
    outer loop
      vertex 2.777413050936559 3.4083378464121648 1.2000000000000028
      vertex 2.637315344723241 3.71115407583801 1.2000000000000028
      vertex 2.674019657290188 3.6078780382767643 1.2000000000000028
    endloop
  endfacet
  facet normal 0 0 1
    outer loop
      vertex 2.5395564830936337 4.1121917498849125 1.2000000000000028
      vertex 2.591748882773963 3.8393658119173555 1.2000000000000028
      vertex 2.6124006819353838 3.7812572182197517 1.2000000000000028
    endloop
  endfacet
  facet normal 0 0 1
    outer loop
      vertex 2.54176529713461 4.079900031626755 1.2000000000000028
      vertex 2.591748882773963 3.8393658119173555 1.2000000000000028
      vertex 2.5395564830936337 4.1121917498849125 1.2000000000000028
    endloop
  endfacet
  facet normal 0 0 1
    outer loop
      vertex 2.5395564830936337 4.537808250115086 1.2000000000000028
      vertex 2.6124006819353838 4.868742781780247 1.2000000000000028
      vertex 2.54176529713461 4.570099968373244 1.2000000000000028
    endloop
  endfacet
  facet normal 0 0 1
    outer loop
      vertex 5.1861745457928095 2.746909304499404 1.2000000000000028
      vertex 5.363024579806762 2.854454192581203 1.2000000000000028
      vertex 5.454230785664237 2.928655944771899 1.2000000000000028
    endloop
  endfacet
  facet normal 0 0 1
    outer loop
      vertex 5.510484372699686 2.9744216323783395 1.2000000000000028
      vertex 5.553595657793579 3.0094952642993764 1.2000000000000028
      vertex 5.721280323267962 3.189041700213105 1.2000000000000028
    endloop
  endfacet
  facet normal 0 0 1
    outer loop
      vertex 5.510484372699686 2.9744216323783395 1.2000000000000028
      vertex 5.721280323267962 3.189041700213105 1.2000000000000028
      vertex 5.743204780147124 3.2201015794980314 1.2000000000000028
    endloop
  endfacet
  facet normal 0 0 1
    outer loop
      vertex 5.7796896017717145 3.2717887962732455 1.2000000000000028
      vertex 5.862954928183683 3.38974888993622 1.2000000000000028
      vertex 5.939207246743557 3.5369091846026173 1.2000000000000028
    endloop
  endfacet
  facet normal 0 0 1
    outer loop
      vertex 5.96365018520315 3.584081914483633 1.2000000000000028
      vertex 5.975980342709818 3.607878038276766 1.2000000000000028
      vertex 6.0582511172260425 3.8393658119173555 1.2000000000000028
    endloop
  endfacet
  facet normal 0 0 1
    outer loop
      vertex 5.96365018520315 3.584081914483633 1.2000000000000028
      vertex 6.0582511172260425 3.8393658119173555 1.2000000000000028
      vertex 6.072067034892314 3.905851657878939 1.2000000000000028
    endloop
  endfacet
  facet normal 0 0 1
    outer loop
      vertex 6.087483107954114 3.980037874363237 1.2000000000000028
      vertex 6.108234702865396 4.079900031626755 1.2000000000000028
      vertex 6.125 4.324999999999999 1.2000000000000028
    endloop
  endfacet
  facet normal 0 0 1
    outer loop
      vertex 6.125 4.324999999999999 1.2000000000000028
      vertex 6.108234702865396 4.570099968373244 1.2000000000000028
      vertex 6.087483107954114 4.669962125636761 1.2000000000000028
    endloop
  endfacet
  facet normal 0.23104383691723362 0.8246062536207578 0.5163751271237811
    outer loop
      vertex 3.7222166980922253 2.6289303401861233 1.2000000000000028
      vertex 3.357897120016098 1.6038332930458665 3
      vertex 3.95877917650526 2.562648642171819 1.2000000000000028
    endloop
  endfacet
  facet normal 0.11660801177287307 0.848386291543113 0.5163751271237816
    outer loop
      vertex 3.95877917650526 2.562648642171819 1.2000000000000028
      vertex 3.737436920546898 1.4974912280998396 3
      vertex 4.007929316578291 2.5558931109127627 1.2000000000000028
    endloop
  endfacet
  facet normal 0.11660801177289239 0.8483862915431096 0.5163751271237828
    outer loop
      vertex 4.033792406205023 2.548712259425251 1.2059574761493081
      vertex 4.007929316578291 2.5558931109127627 1.2000000000000028
      vertex 3.737436920546898 1.4974912280998396 3
    endloop
  endfacet
  facet normal 0.11660801177282887 0.8483862915431207 0.5163751271237788
    outer loop
      vertex 4.0773598798956385 2.546350099638996 1.2000000000000028
      vertex 4.033792406205023 2.548712259425251 1.2059574761493081
      vertex 3.737436920546898 1.4974912280998396 3
    endloop
  endfacet
  facet normal 0.11660801177286335 0.8483862915431144 0.5163751271237815
    outer loop
      vertex 4.0773598798956385 2.546350099638996 1.2000000000000028
      vertex 3.737436920546898 1.4974912280998396 3
      vertex 4.202163655943593 2.5291962154570307 1.2000000000000028
    endloop
  endfacet
  facet normal 0 0.8563624980625311 0.5163751271237818
    outer loop
      vertex 4.202163655943593 2.5291962154570307 1.2000000000000028
      vertex 4.127921909535871 1.4438203017222655 3
      vertex 4.3937446571395355 2.5291962154570307 1.2000000000000028
    endloop
  endfacet
  facet normal -2.5044658499691133e-14 0.8563624980625325 0.516375127123779
    outer loop
      vertex 4.3937446571395355 2.5291962154570307 1.2000000000000028
      vertex 4.127921909535871 1.4438203017222655 3
      vertex 4.422450035453757 2.527639855067978 1.2025810861148187
    endloop
  endfacet
  facet normal 8.043555522229703e-14 0.856362498062525 0.5163751271237916
    outer loop
      vertex 4.431943413847371 2.5291962154570307 1.2000000000000028
      vertex 4.422450035453757 2.527639855067978 1.2025810861148187
      vertex 4.127921909535871 1.4438203017222655 3
    endloop
  endfacet
  facet normal 0 0.856362498062531 0.5163751271237818
    outer loop
      vertex 4.431943413847371 2.5291962154570307 1.2000000000000028
      vertex 4.127921909535871 1.4438203017222655 3
      vertex 4.447836344056412 2.5291962154570307 1.2000000000000028
    endloop
  endfacet
  facet normal -0.11660801177286241 0.8483862915431143 0.5163751271237819
    outer loop
      vertex 4.447836344056412 2.5291962154570307 1.2000000000000028
      vertex 4.5220780904641344 1.4438203017222655 3
      vertex 4.691220823494746 2.562648642171819 1.2000000000000028
    endloop
  endfacet
  facet normal -0.23104383691723765 0.8246062536207566 0.5163751271237815
    outer loop
      vertex 4.691220823494746 2.562648642171819 1.2000000000000028
      vertex 4.912563079453108 1.4974912280998396 3
      vertex 4.769107467270025 2.584471456325158 1.2000000000000028
    endloop
  endfacet
  facet normal -0.23104383691708472 0.8246062536207932 0.5163751271237913
    outer loop
      vertex 4.769107467270025 2.584471456325158 1.2000000000000028
      vertex 4.912563079453108 1.4974912280998396 3
      vertex 4.806551009352603 2.5906100134653975 1.2069507744194965
    endloop
  endfacet
  facet normal -0.23104383691734082 0.8246062536207344 0.5163751271237706
    outer loop
      vertex 4.843359869078981 2.6052760036335627 1.2000000000000028
      vertex 4.806551009352603 2.5906100134653975 1.2069507744194965
      vertex 4.912563079453108 1.4974912280998396 3
    endloop
  endfacet
  facet normal -0.23104383691724817 0.8246062536207546 0.5163751271237796
    outer loop
      vertex 4.843359869078981 2.6052760036335627 1.2000000000000028
      vertex 4.912563079453108 1.4974912280998396 3
      vertex 4.92778330190778 2.6289303401861233 1.2000000000000028
    endloop
  endfacet
  facet normal 0.6996223784203042 0.4938474012297895 0.5163751271237802
    outer loop
      vertex 2.928719676732044 3.189041700213105 1.2000000000000028
      vertex 2.7870450718163227 3.389748889936218 1.2000000000000028
      vertex 1.857511873463551 2.824487230007561 3
    endloop
  endfacet
  facet normal 0.7603516036240882 0.3939824449821346 0.5163751271238545
    outer loop
      vertex 2.7826570828983392 3.39700305708136 1.2009264580673715
      vertex 2.777413050936559 3.4083378464121648 1.2000000000000028
      vertex 1.6761743952128256 3.1744526767956884 3
    endloop
  endfacet
  facet normal 0.760351603623902 0.39398244498256996 0.5163751271237965
    outer loop
      vertex 2.7870450718163227 3.389748889936218 1.2000000000000028
      vertex 2.784633316785971 3.394403365860791 1.2000000000000028
      vertex 1.6761743952128256 3.1744526767956884 3
    endloop
  endfacet
  facet normal 0.7603516036232576 0.3939824449840898 0.5163751271235855
    outer loop
      vertex 2.7826570828983392 3.39700305708136 1.2009264580673715
      vertex 1.6761743952128256 3.1744526767956884 3
      vertex 2.784633316785971 3.394403365860791 1.2000000000000028
    endloop
  endfacet
  facet normal 0.7603516036238498 0.3939824449826912 0.5163751271237809
    outer loop
      vertex 2.777413050936559 3.4083378464121648 1.2000000000000028
      vertex 2.674019657290188 3.6078780382767643 1.2000000000000028
      vertex 1.6761743952128256 3.1744526767956884 3
    endloop
  endfacet
  facet normal 0.806916917092373 0.2867783412289769 0.516375127123777
    outer loop
      vertex 2.674019657290188 3.6078780382767643 1.2000000000000028
      vertex 2.637315344723241 3.71115407583801 1.2000000000000028
      vertex 1.5441795262087794 3.545850643295978 3
    endloop
  endfacet
  facet normal 0.8069169170923928 0.2867783412289105 0.5163751271237831
    outer loop
      vertex 2.637315344723241 3.71115407583801 1.2000000000000028
      vertex 2.6192242918709567 3.750257245755236 1.2065534418896533
      vertex 1.5441795262087794 3.545850643295978 3
    endloop
  endfacet
  facet normal 0.8069169170923518 0.28677834122904317 0.5163751271237735
    outer loop
      vertex 2.6124006819353838 3.7812572182197517 1.2000000000000028
      vertex 1.5441795262087794 3.545850643295978 3
      vertex 2.6192242918709567 3.750257245755236 1.2065534418896533
    endloop
  endfacet
  facet normal 0.8069169170923879 0.2867783412289296 0.5163751271237801
    outer loop
      vertex 2.6124006819353838 3.7812572182197517 1.2000000000000028
      vertex 2.591748882773963 3.8393658119173555 1.2000000000000028
      vertex 1.5441795262087794 3.545850643295978 3
    endloop
  endfacet
  facet normal 0.8384508951409108 0.17423209958358507 0.516375127123781
    outer loop
      vertex 2.54176529713461 4.079900031626755 1.2000000000000028
      vertex 1.4639860811170635 3.931762688104465 3
      vertex 2.591748882773963 3.8393658119173555 1.2000000000000028
    endloop
  endfacet
  facet normal 0.8543661194229821 0.05844024358286536 0.5163751271237702
    outer loop
      vertex 2.54176529713461 4.079900031626755 1.2000000000000028
      vertex 2.5395564830936337 4.1121917498849125 1.2000000000000028
      vertex 1.437087912087918 4.324999999999999 3
    endloop
  endfacet
  facet normal 0.8543661194229819 0.058440243582739464 0.5163751271237849
    outer loop
      vertex 2.5395564830936337 4.1121917498849125 1.2000000000000028
      vertex 2.5355516771221573 4.130385766836904 1.2045670436676659
      vertex 1.437087912087918 4.324999999999999 3
    endloop
  endfacet
  facet normal 0.8543661194229819 0.05844024358276043 0.5163751271237826
    outer loop
      vertex 2.5355516771221573 4.130385766836904 1.2045670436676659
      vertex 2.5355516771221573 4.170739940774075 1.2000000000000028
      vertex 1.437087912087918 4.324999999999999 3
    endloop
  endfacet
  facet normal 0.8543661194229817 0.05844024358277918 0.5163751271237809
    outer loop
      vertex 2.5355516771221573 4.170739940774075 1.2000000000000028
      vertex 2.5250000000000057 4.324999999999999 1.2000000000000028
      vertex 1.437087912087918 4.324999999999999 3
    endloop
  endfacet
  facet normal 0.8543661194229822 -0.058440243582779224 0.51637512712378
    outer loop
      vertex 2.5250000000000057 4.324999999999999 1.2000000000000028
      vertex 2.5355516771221573 4.479260059225924 1.2000000000000028
      vertex 1.4639860811170635 4.718237311895534 3
    endloop
  endfacet
  facet normal 0.8543661194229842 -0.058440243582759996 0.5163751271237786
    outer loop
      vertex 2.5355516771221573 4.479260059225924 1.2000000000000028
      vertex 2.5355516771221573 4.519614233163095 1.2045670436676659
      vertex 1.4639860811170635 4.718237311895534 3
    endloop
  endfacet
  facet normal 0.8543661194229861 -0.05844024358274217 0.5163751271237778
    outer loop
      vertex 2.5355516771221573 4.519614233163095 1.2045670436676659
      vertex 2.5395564830936337 4.537808250115086 1.2000000000000028
      vertex 1.4639860811170635 4.718237311895534 3
    endloop
  endfacet
  facet normal 0.8543661194229745 -0.05844024358286484 0.5163751271237832
    outer loop
      vertex 2.5395564830936337 4.537808250115086 1.2000000000000028
      vertex 2.54176529713461 4.570099968373244 1.2000000000000028
      vertex 1.4639860811170635 4.718237311895534 3
    endloop
  endfacet
  facet normal 0.44495220940556146 0.7316927356705183 0.5163751271237825
    outer loop
      vertex 3.344824715727313 2.8192752566623582 1.2000000000000028
      vertex 3.3148632823477158 2.8351598033175964 1.2033092193879895
      vertex 2.6595979269034444 1.9656627705148964 3
    endloop
  endfacet
  facet normal 0.44495220940535085 0.7316927356706541 0.5163751271237715
    outer loop
      vertex 3.305184621404166 2.843380932023427 1.2000000000000028
      vertex 2.6595979269034444 1.9656627705148964 3
      vertex 3.3148632823477158 2.8351598033175964 1.2033092193879895
    endloop
  endfacet
  facet normal 0.44495220940554475 0.7316927356705292 0.5163751271237814
    outer loop
      vertex 3.4968829320839276 2.7268066068757246 1.2000000000000028
      vertex 3.344824715727313 2.8192752566623582 1.2000000000000028
      vertex 2.6595979269034444 1.9656627705148964 3
    endloop
  endfacet
  facet normal 0.44495220940560953 0.7316927356704883 0.5163751271237834
    outer loop
      vertex 3.305184621404166 2.843380932023427 1.2000000000000028
      vertex 3.2869754201932437 2.854454192581203 1.2000000000000028
      vertex 2.6595979269034444 1.9656627705148964 3
    endloop
  endfacet
  facet normal 0.6258605120432083 0.5845129147870961 0.5163751271237862
    outer loop
      vertex 2.9933571221094084 3.1198318955404947 1.2000000000000028
      vertex 2.0848139868448214 2.5024734970452016 3
      vertex 3.0182081145383677 3.0871409740638374 1.2068845511069242
    endloop
  endfacet
  facet normal 0.6258605120431283 0.584512914787191 0.5163751271237756
    outer loop
      vertex 3.0964043422064265 3.0094952642993764 1.2000000000000028
      vertex 3.0456873591243863 3.063799893329797 1.2000000000000028
      vertex 2.0848139868448214 2.5024734970452016 3
    endloop
  endfacet
  facet normal 0.6258605120431219 0.5845129147871988 0.5163751271237746
    outer loop
      vertex 3.0456873591243863 3.063799893329797 1.2000000000000028
      vertex 3.0182081145383677 3.0871409740638374 1.2068845511069242
      vertex 2.0848139868448214 2.5024734970452016 3
    endloop
  endfacet
  facet normal 0.5404400485002075 0.6642900586829468 0.5163751271237808
    outer loop
      vertex 3.2869754201932437 2.854454192581203 1.2000000000000028
      vertex 3.0964043422064265 3.0094952642993764 1.2000000000000028
      vertex 2.3538465270564615 2.2144099844803193 3
    endloop
  endfacet
  facet normal 0.34117575253159665 0.7854653614083785 0.516375127123784
    outer loop
      vertex 3.6205974258740596 2.673069818989589 1.2000000000000028
      vertex 2.996372616310474 1.7608655450973174 3
      vertex 3.6587513203881556 2.652841904329776 1.205560187691347
    endloop
  endfacet
  facet normal 0.3411757525315641 0.7854653614083947 0.5163751271237809
    outer loop
      vertex 3.4968829320839276 2.7268066068757246 1.2000000000000028
      vertex 2.996372616310474 1.7608655450973174 3
      vertex 3.6205974258740596 2.673069818989589 1.2000000000000028
    endloop
  endfacet
  facet normal 0.34117575253157545 0.7854653614083886 0.5163751271237825
    outer loop
      vertex 3.7222166980922253 2.6289303401861233 1.2000000000000028
      vertex 3.682076427072964 2.6463657203374034 1.2000000000000028
      vertex 2.996372616310474 1.7608655450973174 3
    endloop
  endfacet
  facet normal 0.3411757525314742 0.785465361408441 0.5163751271237699
    outer loop
      vertex 3.6587513203881556 2.652841904329776 1.205560187691347
      vertex 2.996372616310474 1.7608655450973174 3
      vertex 3.682076427072964 2.6463657203374034 1.2000000000000028
    endloop
  endfacet
  facet normal 0.6258605120431437 0.584512914787171 0.5163751271237793
    outer loop
      vertex 2.9933571221094084 3.1198318955404947 1.2000000000000028
      vertex 2.928719676732044 3.189041700213105 1.2000000000000028
      vertex 2.0848139868448214 2.5024734970452016 3
    endloop
  endfacet
  facet normal -0.3411757525315581 0.785465361408397 0.5163751271237813
    outer loop
      vertex 4.92778330190778 2.6289303401861233 1.2000000000000028
      vertex 5.292102879983908 1.6038332930458665 3
      vertex 5.153117067916078 2.726806606875723 1.2000000000000028
    endloop
  endfacet
  facet normal -0.4449522094056334 0.7316927356704784 0.516375127123777
    outer loop
      vertex 5.153117067916078 2.726806606875723 1.2000000000000028
      vertex 5.653627383689525 1.7608655450973139 3
      vertex 5.162121129320688 2.732282097912181 1.2000000000000028
    endloop
  endfacet
  facet normal -0.4449522094058123 0.7316927356703747 0.5163751271237699
    outer loop
      vertex 5.162121129320688 2.732282097912181 1.2000000000000028
      vertex 5.653627383689525 1.7608655450973139 3
      vertex 5.168135193259623 2.7346783199971583 1.2017868264678953
    endloop
  endfacet
  facet normal -0.44495220940550667 0.7316927356705514 0.516375127123783
    outer loop
      vertex 5.1861745457928095 2.746909304499404 1.2000000000000028
      vertex 5.168135193259623 2.7346783199971583 1.2017868264678953
      vertex 5.653627383689525 1.7608655450973139 3
    endloop
  endfacet
  facet normal -0.4449522094055388 0.731692735670533 0.5163751271237812
    outer loop
      vertex 5.1861745457928095 2.746909304499404 1.2000000000000028
      vertex 5.653627383689525 1.7608655450973139 3
      vertex 5.363024579806762 2.854454192581203 1.2000000000000028
    endloop
  endfacet
  facet normal -0.5404400485002161 0.6642900586829398 0.5163751271237805
    outer loop
      vertex 5.363024579806762 2.854454192581203 1.2000000000000028
      vertex 5.990402073096561 1.9656627705148964 3
      vertex 5.454230785664237 2.928655944771899 1.2000000000000028
    endloop
  endfacet
  facet normal -0.5404400485001027 0.6642900586830234 0.5163751271237915
    outer loop
      vertex 5.454230785664237 2.928655944771899 1.2000000000000028
      vertex 5.990402073096561 1.9656627705148964 3
      vertex 5.490295312607294 2.9531083007702534 1.2062885633303893
    endloop
  endfacet
  facet normal -0.5404400485003388 0.6642900586828531 0.5163751271237637
    outer loop
      vertex 5.510484372699686 2.9744216323783395 1.2000000000000028
      vertex 5.490295312607294 2.9531083007702534 1.2062885633303893
      vertex 5.990402073096561 1.9656627705148964 3
    endloop
  endfacet
  facet normal -0.5404400485002057 0.6642900586829479 0.5163751271237812
    outer loop
      vertex 5.510484372699686 2.9744216323783395 1.2000000000000028
      vertex 5.990402073096561 1.9656627705148964 3
      vertex 5.553595657793579 3.0094952642993764 1.2000000000000028
    endloop
  endfacet
  facet normal -0.6258605120431457 0.5845129147871674 0.516375127123781
    outer loop
      vertex 5.553595657793579 3.0094952642993764 1.2000000000000028
      vertex 6.296153472943544 2.2144099844803193 3
      vertex 5.721280323267962 3.189041700213105 1.2000000000000028
    endloop
  endfacet
  facet normal -0.6996223784202891 0.49384740122981047 0.5163751271237803
    outer loop
      vertex 5.721280323267962 3.189041700213105 1.2000000000000028
      vertex 6.565186013155184 2.5024734970452016 3
      vertex 5.743204780147124 3.2201015794980314 1.2000000000000028
    endloop
  endfacet
  facet normal -0.6996223784202732 0.49384740122983195 0.5163751271237815
    outer loop
      vertex 5.743204780147124 3.2201015794980314 1.2000000000000028
      vertex 6.565186013155184 2.5024734970452016 3
      vertex 5.7579675182701635 3.235686412651223 1.2050967067701208
    endloop
  endfacet
  facet normal -0.6996223784203766 0.4938474012296953 0.5163751271237722
    outer loop
      vertex 5.7796896017717145 3.2717887962732455 1.2000000000000028
      vertex 5.7579675182701635 3.235686412651223 1.2050967067701208
      vertex 6.565186013155184 2.5024734970452016 3
    endloop
  endfacet
  facet normal -0.6996223784202957 0.4938474012297999 0.5163751271237816
    outer loop
      vertex 5.7796896017717145 3.2717887962732455 1.2000000000000028
      vertex 6.565186013155184 2.5024734970452016 3
      vertex 5.862954928183683 3.38974888993622 1.2000000000000028
    endloop
  endfacet
  facet normal -0.7603516036238611 0.3939824449826708 0.5163751271237798
    outer loop
      vertex 5.862954928183683 3.38974888993622 1.2000000000000028
      vertex 6.792488126536455 2.8244872300075627 3
      vertex 5.939207246743557 3.5369091846026173 1.2000000000000028
    endloop
  endfacet
  facet normal -0.7603516036238434 0.39398244498270085 0.5163751271237831
    outer loop
      vertex 5.939207246743557 3.5369091846026173 1.2000000000000028
      vertex 6.792488126536455 2.8244872300075627 3
      vertex 5.958635755407727 3.569199617191522 1.2039712101342275
    endloop
  endfacet
  facet normal -0.760351603623861 0.39398244498267154 0.5163751271237791
    outer loop
      vertex 5.958635755407727 3.569199617191522 1.2039712101342275
      vertex 6.792488126536455 2.8244872300075627 3
      vertex 5.96365018520315 3.584081914483633 1.2000000000000028
    endloop
  endfacet
  facet normal -0.7603516036238478 0.39398244498269314 0.5163751271237822
    outer loop
      vertex 5.96365018520315 3.584081914483633 1.2000000000000028
      vertex 6.792488126536455 2.8244872300075627 3
      vertex 5.975980342709818 3.607878038276766 1.2000000000000028
    endloop
  endfacet
  facet normal -0.806916917092375 0.2867783412289636 0.5163751271237814
    outer loop
      vertex 5.975980342709818 3.607878038276766 1.2000000000000028
      vertex 6.97382560478718 3.17445267679569 3
      vertex 6.0582511172260425 3.8393658119173555 1.2000000000000028
    endloop
  endfacet
  facet normal -0.8384508951409101 0.174232099583594 0.5163751271237791
    outer loop
      vertex 6.0582511172260425 3.8393658119173555 1.2000000000000028
      vertex 7.105820473791226 3.545850643295978 3
      vertex 6.072067034892314 3.905851657878939 1.2000000000000028
    endloop
  endfacet
  facet normal -0.8384508951409267 0.174232099583526 0.5163751271237751
    outer loop
      vertex 6.072067034892314 3.905851657878939 1.2000000000000028
      vertex 7.105820473791226 3.545850643295978 3
      vertex 6.082917000278158 3.9380532076201558 1.2067521059509119
    endloop
  endfacet
  facet normal -0.8384508951408847 0.17423209958369273 0.5163751271237874
    outer loop
      vertex 6.082917000278158 3.9380532076201558 1.2067521059509119
      vertex 7.105820473791226 3.545850643295978 3
      vertex 6.087483107954114 3.980037874363237 1.2000000000000028
    endloop
  endfacet
  facet normal -0.8384508951409206 0.17423209958355623 0.5163751271237749
    outer loop
      vertex 6.087483107954114 3.980037874363237 1.2000000000000028
      vertex 7.105820473791226 3.545850643295978 3
      vertex 6.108234702865396 4.079900031626755 1.2000000000000028
    endloop
  endfacet
  facet normal -0.8543661194229815 0.058440243582784525 0.5163751271237806
    outer loop
      vertex 6.108234702865396 4.079900031626755 1.2000000000000028
      vertex 7.186013918882942 3.931762688104465 3
      vertex 6.125 4.324999999999999 1.2000000000000028
    endloop
  endfacet
  facet normal -0.8543661194229815 -0.058440243582784525 0.5163751271237806
    outer loop
      vertex 6.125 4.324999999999999 1.2000000000000028
      vertex 7.212912087912088 4.324999999999999 3
      vertex 6.108234702865396 4.570099968373244 1.2000000000000028
    endloop
  endfacet
  facet normal -0.8384508951409165 -0.17423209958355537 0.5163751271237819
    outer loop
      vertex 6.108234702865396 4.570099968373244 1.2000000000000028
      vertex 7.186013918882942 4.718237311895534 3
      vertex 6.087483107954114 4.669962125636761 1.2000000000000028
    endloop
  endfacet
  facet normal 0 0 1
    outer loop
      vertex 2.54176529713461 4.570099968373244 1.2000000000000028
      vertex 2.6124006819353838 4.868742781780247 1.2000000000000028
      vertex 2.591748882773963 4.810634188082643 1.2000000000000028
    endloop
  endfacet
  facet normal 0 0 1
    outer loop
      vertex 2.637315344723241 4.938845924161988 1.2000000000000028
      vertex 2.777413050936559 5.241662153587834 1.2000000000000028
      vertex 2.674019657290188 5.042121961723234 1.2000000000000028
    endloop
  endfacet
  facet normal 0 0 1
    outer loop
      vertex 2.784633316785971 5.2555966341392075 1.2000000000000028
      vertex 2.9933571221094084 5.530168104459504 1.2000000000000028
      vertex 2.7870450718163227 5.2602511100637805 1.2000000000000028
    endloop
  endfacet
  facet normal 0 0 1
    outer loop
      vertex 2.7870450718163227 5.2602511100637805 1.2000000000000028
      vertex 2.9933571221094084 5.530168104459504 1.2000000000000028
      vertex 2.928719676732044 5.460958299786894 1.2000000000000028
    endloop
  endfacet
  facet normal 0 0 1
    outer loop
      vertex 3.0456873591243863 5.586200106670201 1.2000000000000028
      vertex 3.305184621404166 5.8066190679765715 1.2000000000000028
      vertex 3.0964043422064265 5.640504735700622 1.2000000000000028
    endloop
  endfacet
  facet normal 0 0 1
    outer loop
      vertex 3.0964043422064265 5.640504735700622 1.2000000000000028
      vertex 3.305184621404166 5.8066190679765715 1.2000000000000028
      vertex 3.2869754201932437 5.7955458074187955 1.2000000000000028
    endloop
  endfacet
  facet normal 0 0 1
    outer loop
      vertex 3.344824715727313 5.830724743337642 1.2000000000000028
      vertex 3.6205974258740596 5.97693018101041 1.2000000000000028
      vertex 3.4968829320839276 5.923193393124274 1.2000000000000028
    endloop
  endfacet
  facet normal 0 0 1
    outer loop
      vertex 3.682076427072964 6.003634279662597 1.2000000000000028
      vertex 4.0079293165782985 6.094106889087238 1.2000000000000028
      vertex 3.7222166980922253 6.021069659813875 1.2000000000000028
    endloop
  endfacet
  facet normal 0 0 1
    outer loop
      vertex 3.7222166980922253 6.021069659813875 1.2000000000000028
      vertex 4.0079293165782985 6.094106889087238 1.2000000000000028
      vertex 3.95877917650526 6.087351357828181 1.2000000000000028
    endloop
  endfacet
  facet normal 0 0 1
    outer loop
      vertex 4.0773598798956385 6.103649900361004 1.2000000000000028
      vertex 4.3937446571395355 6.12080378454297 1.2000000000000028
      vertex 4.202163655943593 6.12080378454297 1.2000000000000028
    endloop
  endfacet
  facet normal 0 0 1
    outer loop
      vertex 4.431943413847371 6.12080378454297 1.2000000000000028
      vertex 4.769107467270025 6.065528543674841 1.2000000000000028
      vertex 4.447836344056412 6.12080378454297 1.2000000000000028
    endloop
  endfacet
  facet normal 0 0 1
    outer loop
      vertex 4.447836344056412 6.12080378454297 1.2000000000000028
      vertex 4.769107467270025 6.065528543674841 1.2000000000000028
      vertex 4.691220823494746 6.087351357828181 1.2000000000000028
    endloop
  endfacet
  facet normal 0 0 1
    outer loop
      vertex 4.92778330190778 6.021069659813875 1.2000000000000028
      vertex 5.162121129320688 5.9177179020878174 1.2000000000000028
      vertex 5.153117067916078 5.923193393124274 1.2000000000000028
    endloop
  endfacet
  facet normal 0 0 1
    outer loop
      vertex 4.843359869078981 6.044723996366434 1.2000000000000028
      vertex 5.162121129320688 5.9177179020878174 1.2000000000000028
      vertex 4.92778330190778 6.021069659813875 1.2000000000000028
    endloop
  endfacet
  facet normal 0 0 1
    outer loop
      vertex 6.0582511172260425 4.810634188082643 1.2000000000000028
      vertex 5.975980342709818 5.042121961723234 1.2000000000000028
      vertex 6.072067034892314 4.7441483421210595 1.2000000000000028
    endloop
  endfacet
  facet normal 0 0 1
    outer loop
      vertex 6.072067034892314 4.7441483421210595 1.2000000000000028
      vertex 5.975980342709818 5.042121961723234 1.2000000000000028
      vertex 5.96365018520315 5.065918085516367 1.2000000000000028
    endloop
  endfacet
  facet normal 0 0 1
    outer loop
      vertex 5.939207246743564 5.113090815397378 1.2000000000000028
      vertex 5.862954928183683 5.2602511100637805 1.2000000000000028
      vertex 5.7796896017717145 5.378211203726753 1.2000000000000028
    endloop
  endfacet
  facet normal 0 0 1
    outer loop
      vertex 5.743204780147124 5.429898420501967 1.2000000000000028
      vertex 5.721280323267962 5.460958299786894 1.2000000000000028
      vertex 5.553595657793579 5.640504735700622 1.2000000000000028
    endloop
  endfacet
  facet normal 0 0 1
    outer loop
      vertex 5.363024579806762 5.7955458074187955 1.2000000000000028
      vertex 5.1861745457928095 5.903090695500595 1.2000000000000028
      vertex 5.454230785664237 5.7213440552281 1.2000000000000028
    endloop
  endfacet
  facet normal 0 0 1
    outer loop
      vertex 5.743204780147124 5.429898420501967 1.2000000000000028
      vertex 5.553595657793579 5.640504735700622 1.2000000000000028
      vertex 5.510484372699686 5.675578367621661 1.2000000000000028
    endloop
  endfacet
  facet normal 0.838450895140912 -0.17423209958358532 0.5163751271237788
    outer loop
      vertex 2.54176529713461 4.570099968373244 1.2000000000000028
      vertex 2.591748882773963 4.810634188082643 1.2000000000000028
      vertex 1.5441795262087794 5.104149356704021 3
    endloop
  endfacet
  facet normal 0.8069169170923898 -0.28677834122893026 0.516375127123777
    outer loop
      vertex 2.591748882773963 4.810634188082643 1.2000000000000028
      vertex 2.6124006819353838 4.868742781780247 1.2000000000000028
      vertex 1.6761743952128256 5.47554732320431 3
    endloop
  endfacet
  facet normal 0.806916917092341 -0.2867783412290443 0.5163751271237899
    outer loop
      vertex 2.6124006819353838 4.868742781780247 1.2000000000000028
      vertex 2.6192242918709567 4.8997427542447625 1.2065534418896533
      vertex 1.6761743952128256 5.47554732320431 3
    endloop
  endfacet
  facet normal 0.806916917092396 -0.28677834122891305 0.5163751271237768
    outer loop
      vertex 2.637315344723241 4.938845924161988 1.2000000000000028
      vertex 1.6761743952128256 5.47554732320431 3
      vertex 2.6192242918709567 4.8997427542447625 1.2065534418896533
    endloop
  endfacet
  facet normal 0.8069169170923703 -0.28677834122897594 0.5163751271237818
    outer loop
      vertex 2.637315344723241 4.938845924161988 1.2000000000000028
      vertex 2.674019657290188 5.042121961723234 1.2000000000000028
      vertex 1.6761743952128256 5.47554732320431 3
    endloop
  endfacet
  facet normal 0.7603516036238492 -0.3939824449826909 0.5163751271237819
    outer loop
      vertex 2.674019657290188 5.042121961723234 1.2000000000000028
      vertex 2.777413050936559 5.241662153587834 1.2000000000000028
      vertex 1.857511873463551 5.825512769992438 3
    endloop
  endfacet
  facet normal 0.7603516036241442 -0.3939824449821526 0.516375127123758
    outer loop
      vertex 2.777413050936559 5.241662153587834 1.2000000000000028
      vertex 2.7826570828983392 5.252996942918639 1.2009264580673715
      vertex 1.857511873463551 5.825512769992438 3
    endloop
  endfacet
  facet normal 0.7603516036231722 -0.39398244498393886 0.5163751271238266
    outer loop
      vertex 2.7826570828983392 5.252996942918639 1.2009264580673715
      vertex 2.784633316785971 5.2555966341392075 1.2000000000000028
      vertex 1.857511873463551 5.825512769992438 3
    endloop
  endfacet
  facet normal 0.7603516036239127 -0.3939824449825755 0.5163751271237764
    outer loop
      vertex 2.784633316785971 5.2555966341392075 1.2000000000000028
      vertex 2.7870450718163227 5.2602511100637805 1.2000000000000028
      vertex 1.857511873463551 5.825512769992438 3
    endloop
  endfacet
  facet normal 0.6996223784203045 -0.4938474012297897 0.5163751271237795
    outer loop
      vertex 2.7870450718163227 5.2602511100637805 1.2000000000000028
      vertex 2.928719676732044 5.460958299786894 1.2000000000000028
      vertex 2.0848139868448214 6.147526502954797 3
    endloop
  endfacet
  facet normal 0.6258605120431425 -0.5845129147871699 0.516375127123782
    outer loop
      vertex 2.928719676732044 5.460958299786894 1.2000000000000028
      vertex 2.9933571221094084 5.530168104459504 1.2000000000000028
      vertex 2.3538465270564615 6.435590015519681 3
    endloop
  endfacet
  facet normal 0.6258605120432162 -0.5845129147870993 0.5163751271237725
    outer loop
      vertex 2.9933571221094084 5.530168104459504 1.2000000000000028
      vertex 3.0182081145383677 5.562859025936161 1.2068845511069242
      vertex 2.3538465270564615 6.435590015519681 3
    endloop
  endfacet
  facet normal 0.6258605120431197 -0.5845129147871937 0.5163751271237828
    outer loop
      vertex 3.0182081145383677 5.562859025936161 1.2068845511069242
      vertex 3.0456873591243863 5.586200106670201 1.2000000000000028
      vertex 2.3538465270564615 6.435590015519681 3
    endloop
  endfacet
  facet normal 0.6258605120431253 -0.5845129147871881 0.5163751271237823
    outer loop
      vertex 3.0456873591243863 5.586200106670201 1.2000000000000028
      vertex 3.0964043422064265 5.640504735700622 1.2000000000000028
      vertex 2.3538465270564615 6.435590015519681 3
    endloop
  endfacet
  facet normal 0.5404400485002077 -0.6642900586829469 0.5163751271237804
    outer loop
      vertex 3.0964043422064265 5.640504735700622 1.2000000000000028
      vertex 3.2869754201932437 5.7955458074187955 1.2000000000000028
      vertex 2.6595979269034444 6.6843372294851005 3
    endloop
  endfacet
  facet normal 0.4449522094056135 -0.7316927356704948 0.5163751271237711
    outer loop
      vertex 3.2869754201932437 5.7955458074187955 1.2000000000000028
      vertex 3.305184621404166 5.8066190679765715 1.2000000000000028
      vertex 2.996372616310474 6.889134454902683 3
    endloop
  endfacet
  facet normal 0.4449522094053269 -0.7316927356706413 0.5163751271238102
    outer loop
      vertex 3.305184621404166 5.8066190679765715 1.2000000000000028
      vertex 3.3148632823477158 5.814840196682402 1.2033092193879895
      vertex 2.996372616310474 6.889134454902683 3
    endloop
  endfacet
  facet normal 0.4449522094055957 -0.7316927356705027 0.516375127123775
    outer loop
      vertex 3.344824715727313 5.830724743337642 1.2000000000000028
      vertex 2.996372616310474 6.889134454902683 3
      vertex 3.3148632823477158 5.814840196682402 1.2033092193879895
    endloop
  endfacet
  facet normal 0.4449522094055385 -0.731692735670533 0.5163751271237815
    outer loop
      vertex 3.344824715727313 5.830724743337642 1.2000000000000028
      vertex 3.4968829320839276 5.923193393124274 1.2000000000000028
      vertex 2.996372616310474 6.889134454902683 3
    endloop
  endfacet
  facet normal 0.3411757525315642 -0.785465361408395 0.5163751271237804
    outer loop
      vertex 3.4968829320839276 5.923193393124274 1.2000000000000028
      vertex 3.6205974258740596 5.97693018101041 1.2000000000000028
      vertex 3.357897120016098 7.04616670695413 3
    endloop
  endfacet
  facet normal 0.34117575253162996 -0.7854653614083699 0.5163751271237751
    outer loop
      vertex 3.6205974258740596 5.97693018101041 1.2000000000000028
      vertex 3.6587513203881556 5.997158095670224 1.205560187691347
      vertex 3.357897120016098 7.04616670695413 3
    endloop
  endfacet
  facet normal 0.34117575253154653 -0.7854653614084022 0.5163751271237811
    outer loop
      vertex 3.682076427072964 6.003634279662597 1.2000000000000028
      vertex 3.7222166980922253 6.021069659813875 1.2000000000000028
      vertex 3.357897120016098 7.04616670695413 3
    endloop
  endfacet
  facet normal 0.3411757525314749 -0.7854653614084307 0.5163751271237849
    outer loop
      vertex 3.6587513203881556 5.997158095670224 1.205560187691347
      vertex 3.682076427072964 6.003634279662597 1.2000000000000028
      vertex 3.357897120016098 7.04616670695413 3
    endloop
  endfacet
  facet normal 0.23104383691723948 -0.8246062536207567 0.5163751271237801
    outer loop
      vertex 3.7222166980922253 6.021069659813875 1.2000000000000028
      vertex 3.95877917650526 6.087351357828181 1.2000000000000028
      vertex 3.737436920546898 7.152508771900157 3
    endloop
  endfacet
  facet normal -0.23104383691725483 -0.8246062536207508 0.5163751271237829
    outer loop
      vertex 4.691220823494746 6.087351357828181 1.2000000000000028
      vertex 4.769107467270025 6.065528543674841 1.2000000000000028
      vertex 5.292102879983908 7.04616670695413 3
    endloop
  endfacet
  facet normal -0.23104383691723196 -0.8246062536207587 0.5163751271237805
    outer loop
      vertex 4.843359869078981 6.044723996366434 1.2000000000000028
      vertex 4.92778330190778 6.021069659813875 1.2000000000000028
      vertex 5.292102879983908 7.04616670695413 3
    endloop
  endfacet
  facet normal -0.23104383691708266 -0.8246062536208102 0.5163751271237651
    outer loop
      vertex 4.769107467270025 6.065528543674841 1.2000000000000028
      vertex 4.806551009352603 6.059389986534601 1.2069507744194965
      vertex 5.292102879983908 7.04616670695413 3
    endloop
  endfacet
  facet normal -0.231043836917369 -0.8246062536207144 0.51637512712379
    outer loop
      vertex 4.843359869078981 6.044723996366434 1.2000000000000028
      vertex 5.292102879983908 7.04616670695413 3
      vertex 4.806551009352603 6.059389986534601 1.2069507744194965
    endloop
  endfacet
  facet normal 0.11660801177285654 -0.8483862915431153 0.5163751271237815
    outer loop
      vertex 3.95877917650526 6.087351357828181 1.2000000000000028
      vertex 4.0079293165782985 6.094106889087238 1.2000000000000028
      vertex 4.127921909535871 7.206179698277731 3
    endloop
  endfacet
  facet normal 0.11660801177280945 -0.8483862915431186 0.5163751271237867
    outer loop
      vertex 4.0079293165782985 6.094106889087238 1.2000000000000028
      vertex 4.033792406205023 6.101287740574746 1.2059574761493081
      vertex 4.127921909535871 7.206179698277731 3
    endloop
  endfacet
  facet normal 0.1166080117728634 -0.8483862915431147 0.5163751271237806
    outer loop
      vertex 4.0773598798956385 6.103649900361004 1.2000000000000028
      vertex 4.202163655943593 6.12080378454297 1.2000000000000028
      vertex 4.127921909535871 7.206179698277731 3
    endloop
  endfacet
  facet normal 0.11660801177289744 -0.8483862915431118 0.5163751271237779
    outer loop
      vertex 4.0773598798956385 6.103649900361004 1.2000000000000028
      vertex 4.127921909535871 7.206179698277731 3
      vertex 4.033792406205023 6.101287740574746 1.2059574761493081
    endloop
  endfacet
  facet normal 0 -0.8563624980625317 0.5163751271237804
    outer loop
      vertex 4.202163655943593 6.12080378454297 1.2000000000000028
      vertex 4.3937446571395355 6.12080378454297 1.2000000000000028
      vertex 4.5220780904641344 7.206179698277731 3
    endloop
  endfacet
  facet normal -2.538449715316321e-14 -0.8563624980625308 0.5163751271237818
    outer loop
      vertex 4.3937446571395355 6.12080378454297 1.2000000000000028
      vertex 4.422450035453757 6.122360144932022 1.2025810861148187
      vertex 4.5220780904641344 7.206179698277731 3
    endloop
  endfacet
  facet normal 7.52497430391452e-14 -0.8563624980625333 0.5163751271237778
    outer loop
      vertex 4.431943413847371 6.12080378454297 1.2000000000000028
      vertex 4.5220780904641344 7.206179698277731 3
      vertex 4.422450035453757 6.122360144932022 1.2025810861148187
    endloop
  endfacet
  facet normal 0 -0.8563624980625317 0.5163751271237804
    outer loop
      vertex 4.431943413847371 6.12080378454297 1.2000000000000028
      vertex 4.447836344056412 6.12080378454297 1.2000000000000028
      vertex 4.5220780904641344 7.206179698277731 3
    endloop
  endfacet
  facet normal -0.11660801177286256 -0.8483862915431153 0.5163751271237802
    outer loop
      vertex 4.447836344056412 6.12080378454297 1.2000000000000028
      vertex 4.691220823494746 6.087351357828181 1.2000000000000028
      vertex 4.912563079453108 7.152508771900157 3
    endloop
  endfacet
  facet normal -0.8069169170923771 -0.2867783412289621 0.5163751271237791
    outer loop
      vertex 6.0582511172260425 4.810634188082643 1.2000000000000028
      vertex 7.105820473791226 5.104149356704021 3
      vertex 5.975980342709818 5.042121961723234 1.2000000000000028
    endloop
  endfacet
  facet normal -0.760351603624044 -0.39398244498229246 0.5163751271237991
    outer loop
      vertex 5.96365018520315 5.065918085516367 1.2000000000000028
      vertex 6.97382560478718 5.47554732320431 3
      vertex 5.958635755407727 5.0808003828084765 1.2039712101342133
    endloop
  endfacet
  facet normal -0.760351603623807 -0.3939824449827835 0.5163751271237732
    outer loop
      vertex 5.958635755407727 5.0808003828084765 1.2039712101342133
      vertex 6.97382560478718 5.47554732320431 3
      vertex 5.939207246743564 5.113090815397378 1.2000000000000028
    endloop
  endfacet
  facet normal -0.7603516036238486 -0.3939824449826935 0.5163751271237808
    outer loop
      vertex 5.96365018520315 5.065918085516367 1.2000000000000028
      vertex 5.975980342709818 5.042121961723234 1.2000000000000028
      vertex 6.97382560478718 5.47554732320431 3
    endloop
  endfacet
  facet normal -0.7603516036238518 -0.3939824449826884 0.5163751271237798
    outer loop
      vertex 5.939207246743564 5.113090815397378 1.2000000000000028
      vertex 6.97382560478718 5.47554732320431 3
      vertex 5.862954928183683 5.2602511100637805 1.2000000000000028
    endloop
  endfacet
  facet normal -0.699622378420365 -0.4938474012296912 0.5163751271237916
    outer loop
      vertex 5.7796896017717145 5.378211203726753 1.2000000000000028
      vertex 6.792488126536455 5.825512769992438 3
      vertex 5.7579675182701635 5.414313587348776 1.2050967067701208
    endloop
  endfacet
  facet normal -0.6996223784202933 -0.4938474012298056 0.5163751271237795
    outer loop
      vertex 5.862954928183683 5.2602511100637805 1.2000000000000028
      vertex 6.792488126536455 5.825512769992438 3
      vertex 5.7796896017717145 5.378211203726753 1.2000000000000028
    endloop
  endfacet
  facet normal -0.6258605120431463 -0.5845129147871678 0.5163751271237799
    outer loop
      vertex 5.721280323267962 5.460958299786894 1.2000000000000028
      vertex 6.565186013155184 6.147526502954799 3
      vertex 5.553595657793579 5.640504735700622 1.2000000000000028
    endloop
  endfacet
  facet normal -0.6996223784202755 -0.49384740122983695 0.5163751271237733
    outer loop
      vertex 5.743204780147124 5.429898420501967 1.2000000000000028
      vertex 5.7579675182701635 5.414313587348776 1.2050967067701208
      vertex 6.792488126536455 5.825512769992438 3
    endloop
  endfacet
  facet normal -0.6996223784202908 -0.4938474012298117 0.5163751271237768
    outer loop
      vertex 5.743204780147124 5.429898420501967 1.2000000000000028
      vertex 6.792488126536455 5.825512769992438 3
      vertex 5.721280323267962 5.460958299786894 1.2000000000000028
    endloop
  endfacet
  facet normal -0.8384508951408943 -0.17423209958369126 0.5163751271237721
    outer loop
      vertex 6.087483107954114 4.669962125636761 1.2000000000000028
      vertex 7.186013918882942 4.718237311895534 3
      vertex 6.082917000278158 4.711946792379843 1.2067521059509119
    endloop
  endfacet
  facet normal -0.8384508951409202 -0.17423209958352115 0.5163751271237873
    outer loop
      vertex 6.082917000278158 4.711946792379843 1.2067521059509119
      vertex 7.186013918882942 4.718237311895534 3
      vertex 6.072067034892314 4.7441483421210595 1.2000000000000028
    endloop
  endfacet
  facet normal -0.8384508951409098 -0.17423209958359395 0.51637512712378
    outer loop
      vertex 6.0582511172260425 4.810634188082643 1.2000000000000028
      vertex 6.072067034892314 4.7441483421210595 1.2000000000000028
      vertex 7.186013918882942 4.718237311895534 3
    endloop
  endfacet
  facet normal -0.44495220940553915 -0.7316927356705334 0.5163751271237804
    outer loop
      vertex 5.363024579806762 5.7955458074187955 1.2000000000000028
      vertex 5.990402073096561 6.6843372294851005 3
      vertex 5.1861745457928095 5.903090695500595 1.2000000000000028
    endloop
  endfacet
  facet normal -0.5404400485002153 -0.6642900586829388 0.5163751271237825
    outer loop
      vertex 5.363024579806762 5.7955458074187955 1.2000000000000028
      vertex 5.454230785664237 5.7213440552281 1.2000000000000028
      vertex 6.296153472943544 6.435590015519681 3
    endloop
  endfacet
  facet normal -0.3411757525315633 -0.7854653614083946 0.5163751271237813
    outer loop
      vertex 4.92778330190778 6.021069659813875 1.2000000000000028
      vertex 5.153117067916078 5.923193393124274 1.2000000000000028
      vertex 5.653627383689532 6.889134454902683 3
    endloop
  endfacet
  facet normal -0.44495220940581304 -0.7316927356703372 0.5163751271238223
    outer loop
      vertex 5.162121129320688 5.9177179020878174 1.2000000000000028
      vertex 5.168135193259623 5.91532168000284 1.2017868264678953
      vertex 5.990402073096561 6.6843372294851005 3
    endloop
  endfacet
  facet normal -0.44495220940550945 -0.7316927356705545 0.5163751271237762
    outer loop
      vertex 5.1861745457928095 5.903090695500595 1.2000000000000028
      vertex 5.990402073096561 6.6843372294851005 3
      vertex 5.168135193259623 5.91532168000284 1.2017868264678953
    endloop
  endfacet
  facet normal -0.44495220940552754 -0.7316927356705418 0.5163751271237781
    outer loop
      vertex 5.162121129320688 5.9177179020878174 1.2000000000000028
      vertex 5.990402073096561 6.6843372294851005 3
      vertex 5.153117067916078 5.923193393124274 1.2000000000000028
    endloop
  endfacet
  facet normal -0.5404400485002219 -0.6642900586829341 0.5163751271237818
    outer loop
      vertex 5.553595657793579 5.640504735700622 1.2000000000000028
      vertex 6.296153472943544 6.435590015519681 3
      vertex 5.510484372699686 5.675578367621661 1.2000000000000028
    endloop
  endfacet
  facet normal -0.5404400485002933 -0.6642900586828722 0.5163751271237866
    outer loop
      vertex 5.510484372699686 5.675578367621661 1.2000000000000028
      vertex 6.296153472943544 6.435590015519681 3
      vertex 5.490295312607294 5.696891699229745 1.2062885633303893
    endloop
  endfacet
  facet normal -0.5404400485001075 -0.6642900586830358 0.5163751271237706
    outer loop
      vertex 5.454230785664237 5.7213440552281 1.2000000000000028
      vertex 5.490295312607294 5.696891699229745 1.2062885633303893
      vertex 6.296153472943544 6.435590015519681 3
    endloop
  endfacet
  facet normal 0.44495220940554164 0.7316927356705314 0.516375127123781
    outer loop
      vertex 3.4968829320839276 2.7268066068757246 1.2000000000000028
      vertex 2.6595979269034444 1.9656627705148964 3
      vertex 2.996372616310474 1.7608655450973174 3
    endloop
  endfacet
  facet normal 0.3411757525315652 0.7854653614083942 0.516375127123781
    outer loop
      vertex 3.7222166980922253 2.6289303401861233 1.2000000000000028
      vertex 2.996372616310474 1.7608655450973174 3
      vertex 3.357897120016098 1.6038332930458665 3
    endloop
  endfacet
  facet normal 0.23104383691723607 0.8246062536207569 0.5163751271237814
    outer loop
      vertex 3.95877917650526 2.562648642171819 1.2000000000000028
      vertex 3.357897120016098 1.6038332930458665 3
      vertex 3.737436920546898 1.4974912280998396 3
    endloop
  endfacet
  facet normal 0.11660801177286578 0.8483862915431138 0.5163751271237818
    outer loop
      vertex 4.202163655943593 2.5291962154570307 1.2000000000000028
      vertex 3.737436920546898 1.4974912280998396 3
      vertex 4.127921909535871 1.4438203017222655 3
    endloop
  endfacet
  facet normal -2.8727935663443635e-17 0.856362498062531 0.5163751271237818
    outer loop
      vertex 4.447836344056412 2.5291962154570307 1.2000000000000028
      vertex 4.127921909535871 1.4438203017222655 3
      vertex 4.5220780904641344 1.4438203017222655 3
    endloop
  endfacet
  facet normal -0.1166080117728658 0.8483862915431141 0.5163751271237815
    outer loop
      vertex 4.691220823494746 2.562648642171819 1.2000000000000028
      vertex 4.5220780904641344 1.4438203017222655 3
      vertex 4.912563079453108 1.4974912280998396 3
    endloop
  endfacet
  facet normal -0.231043836917236 0.8246062536207571 0.5163751271237812
    outer loop
      vertex 4.92778330190778 2.6289303401861233 1.2000000000000028
      vertex 4.912563079453108 1.4974912280998396 3
      vertex 5.292102879983908 1.6038332930458665 3
    endloop
  endfacet
  facet normal 0.6258605120431526 0.5845129147871604 0.5163751271237808
    outer loop
      vertex 3.0964043422064265 3.0094952642993764 1.2000000000000028
      vertex 2.0848139868448214 2.5024734970452016 3
      vertex 2.3538465270564615 2.2144099844803193 3
    endloop
  endfacet
  facet normal 0.6996223784203022 0.49384740122979287 0.5163751271237796
    outer loop
      vertex 2.928719676732044 3.189041700213105 1.2000000000000028
      vertex 1.857511873463551 2.824487230007561 3
      vertex 2.0848139868448214 2.5024734970452016 3
    endloop
  endfacet
  facet normal 0.7603516036238529 0.39398244498268603 0.5163751271237801
    outer loop
      vertex 2.7870450718163227 3.389748889936218 1.2000000000000028
      vertex 1.6761743952128256 3.1744526767956884 3
      vertex 1.857511873463551 2.824487230007561 3
    endloop
  endfacet
  facet normal 0.8069169170923807 0.2867783412289483 0.516375127123781
    outer loop
      vertex 2.674019657290188 3.6078780382767643 1.2000000000000028
      vertex 1.5441795262087794 3.545850643295978 3
      vertex 1.6761743952128256 3.1744526767956884 3
    endloop
  endfacet
  facet normal 0.8384508951409091 0.17423209958359887 0.5163751271237792
    outer loop
      vertex 2.591748882773963 3.8393658119173555 1.2000000000000028
      vertex 1.4639860811170635 3.931762688104465 3
      vertex 1.5441795262087794 3.545850643295978 3
    endloop
  endfacet
  facet normal 0.8543661194229815 0.05844024358278455 0.5163751271237806
    outer loop
      vertex 2.54176529713461 4.079900031626755 1.2000000000000028
      vertex 1.437087912087918 4.324999999999999 3
      vertex 1.4639860811170635 3.931762688104465 3
    endloop
  endfacet
  facet normal 0.8543661194229815 -0.05844024358278441 0.5163751271237806
    outer loop
      vertex 2.5250000000000057 4.324999999999999 1.2000000000000028
      vertex 1.4639860811170635 4.718237311895534 3
      vertex 1.437087912087918 4.324999999999999 3
    endloop
  endfacet
  facet normal 0.5404400485002083 0.6642900586829457 0.5163751271237809
    outer loop
      vertex 3.2869754201932437 2.854454192581203 1.2000000000000028
      vertex 2.3538465270564615 2.2144099844803193 3
      vertex 2.6595979269034444 1.9656627705148964 3
    endloop
  endfacet
  facet normal -0.3411757525315644 0.7854653614083948 0.5163751271237803
    outer loop
      vertex 5.153117067916078 2.726806606875723 1.2000000000000028
      vertex 5.292102879983908 1.6038332930458665 3
      vertex 5.653627383689525 1.7608655450973139 3
    endloop
  endfacet
  facet normal -0.4449522094055406 0.7316927356705321 0.516375127123781
    outer loop
      vertex 5.363024579806762 2.854454192581203 1.2000000000000028
      vertex 5.653627383689525 1.7608655450973139 3
      vertex 5.990402073096561 1.9656627705148964 3
    endloop
  endfacet
  facet normal -0.5404400485002087 0.6642900586829458 0.5163751271237806
    outer loop
      vertex 5.553595657793579 3.0094952642993764 1.2000000000000028
      vertex 5.990402073096561 1.9656627705148964 3
      vertex 6.296153472943544 2.2144099844803193 3
    endloop
  endfacet
  facet normal -0.6258605120431532 0.5845129147871607 0.5163751271237796
    outer loop
      vertex 5.721280323267962 3.189041700213105 1.2000000000000028
      vertex 6.296153472943544 2.2144099844803193 3
      vertex 6.565186013155184 2.5024734970452016 3
    endloop
  endfacet
  facet normal -0.6996223784203033 0.4938474012297908 0.5163751271237802
    outer loop
      vertex 5.862954928183683 3.38974888993622 1.2000000000000028
      vertex 6.565186013155184 2.5024734970452016 3
      vertex 6.792488126536455 2.8244872300075627 3
    endloop
  endfacet
  facet normal -0.7603516036238523 0.39398244498268575 0.5163751271237811
    outer loop
      vertex 5.975980342709818 3.607878038276766 1.2000000000000028
      vertex 6.792488126536455 2.8244872300075627 3
      vertex 6.97382560478718 3.17445267679569 3
    endloop
  endfacet
  facet normal -0.806916917092381 0.28677834122894996 0.5163751271237794
    outer loop
      vertex 6.0582511172260425 3.8393658119173555 1.2000000000000028
      vertex 6.97382560478718 3.17445267679569 3
      vertex 7.105820473791226 3.545850643295978 3
    endloop
  endfacet
  facet normal -0.8384508951409083 0.17423209958359867 0.5163751271237806
    outer loop
      vertex 6.108234702865396 4.079900031626755 1.2000000000000028
      vertex 7.105820473791226 3.545850643295978 3
      vertex 7.186013918882942 3.931762688104465 3
    endloop
  endfacet
  facet normal -0.8543661194229815 0.05844024358278441 0.5163751271237806
    outer loop
      vertex 6.125 4.324999999999999 1.2000000000000028
      vertex 7.186013918882942 3.931762688104465 3
      vertex 7.212912087912088 4.324999999999999 3
    endloop
  endfacet
  facet normal -0.8543661194229815 -0.05844024358278455 0.5163751271237806
    outer loop
      vertex 6.108234702865396 4.570099968373244 1.2000000000000028
      vertex 7.212912087912088 4.324999999999999 3
      vertex 7.186013918882942 4.718237311895534 3
    endloop
  endfacet
  facet normal 0.8384508951409083 -0.17423209958359867 0.5163751271237806
    outer loop
      vertex 2.54176529713461 4.570099968373244 1.2000000000000028
      vertex 1.5441795262087794 5.104149356704021 3
      vertex 1.4639860811170635 4.718237311895534 3
    endloop
  endfacet
  facet normal 0.8069169170923813 -0.2867783412289487 0.5163751271237794
    outer loop
      vertex 2.591748882773963 4.810634188082643 1.2000000000000028
      vertex 1.6761743952128256 5.47554732320431 3
      vertex 1.5441795262087794 5.104149356704021 3
    endloop
  endfacet
  facet normal 0.7603516036238523 -0.39398244498268575 0.5163751271237811
    outer loop
      vertex 2.674019657290188 5.042121961723234 1.2000000000000028
      vertex 1.857511873463551 5.825512769992438 3
      vertex 1.6761743952128256 5.47554732320431 3
    endloop
  endfacet
  facet normal 0.6996223784203021 -0.49384740122979265 0.5163751271237801
    outer loop
      vertex 2.7870450718163227 5.2602511100637805 1.2000000000000028
      vertex 2.0848139868448214 6.147526502954797 3
      vertex 1.857511873463551 5.825512769992438 3
    endloop
  endfacet
  facet normal 0.6258605120431548 -0.5845129147871587 0.5163751271237796
    outer loop
      vertex 2.928719676732044 5.460958299786894 1.2000000000000028
      vertex 2.3538465270564615 6.435590015519681 3
      vertex 2.0848139868448214 6.147526502954797 3
    endloop
  endfacet
  facet normal 0.5404400485002037 -0.6642900586829494 0.516375127123781
    outer loop
      vertex 3.0964043422064265 5.640504735700622 1.2000000000000028
      vertex 2.6595979269034444 6.6843372294851005 3
      vertex 2.3538465270564615 6.435590015519681 3
    endloop
  endfacet
  facet normal 0.44495220940554736 -0.7316927356705281 0.5163751271237806
    outer loop
      vertex 3.2869754201932437 5.7955458074187955 1.2000000000000028
      vertex 2.996372616310474 6.889134454902683 3
      vertex 2.6595979269034444 6.6843372294851005 3
    endloop
  endfacet
  facet normal 0.3411757525315586 -0.7854653614083968 0.5163751271237812
    outer loop
      vertex 3.4968829320839276 5.923193393124274 1.2000000000000028
      vertex 3.357897120016098 7.04616670695413 3
      vertex 2.996372616310474 6.889134454902683 3
    endloop
  endfacet
  facet normal 0.23104383691723626 -0.8246062536207575 0.5163751271237806
    outer loop
      vertex 3.7222166980922253 6.021069659813875 1.2000000000000028
      vertex 3.737436920546898 7.152508771900157 3
      vertex 3.357897120016098 7.04616670695413 3
    endloop
  endfacet
  facet normal 0.11660801177286594 -0.8483862915431147 0.5163751271237802
    outer loop
      vertex 3.95877917650526 6.087351357828181 1.2000000000000028
      vertex 4.127921909535871 7.206179698277731 3
      vertex 3.737436920546898 7.152508771900157 3
    endloop
  endfacet
  facet normal 8.233067875971641e-17 -0.8563624980625316 0.5163751271237804
    outer loop
      vertex 4.202163655943593 6.12080378454297 1.2000000000000028
      vertex 4.5220780904641344 7.206179698277731 3
      vertex 4.127921909535871 7.206179698277731 3
    endloop
  endfacet
  facet normal -0.11660801177286584 -0.8483862915431146 0.5163751271237805
    outer loop
      vertex 4.447836344056412 6.12080378454297 1.2000000000000028
      vertex 4.912563079453108 7.152508771900157 3
      vertex 4.5220780904641344 7.206179698277731 3
    endloop
  endfacet
  facet normal -0.23104383691723626 -0.8246062536207577 0.5163751271237803
    outer loop
      vertex 4.691220823494746 6.087351357828181 1.2000000000000028
      vertex 5.292102879983908 7.04616670695413 3
      vertex 4.912563079453108 7.152508771900157 3
    endloop
  endfacet
  facet normal -0.6996223784203034 -0.49384740122979087 0.5163751271237799
    outer loop
      vertex 5.721280323267962 5.460958299786894 1.2000000000000028
      vertex 6.792488126536455 5.825512769992438 3
      vertex 6.565186013155184 6.147526502954799 3
    endloop
  endfacet
  facet normal -0.8384508951409091 -0.17423209958359887 0.5163751271237792
    outer loop
      vertex 6.0582511172260425 4.810634188082643 1.2000000000000028
      vertex 7.186013918882942 4.718237311895534 3
      vertex 7.105820473791226 5.104149356704021 3
    endloop
  endfacet
  facet normal -0.8069169170923807 -0.2867783412289483 0.516375127123781
    outer loop
      vertex 5.975980342709818 5.042121961723234 1.2000000000000028
      vertex 7.105820473791226 5.104149356704021 3
      vertex 6.97382560478718 5.47554732320431 3
    endloop
  endfacet
  facet normal -0.7603516036238529 -0.39398244498268603 0.5163751271237801
    outer loop
      vertex 5.862954928183683 5.2602511100637805 1.2000000000000028
      vertex 6.97382560478718 5.47554732320431 3
      vertex 6.792488126536455 5.825512769992438 3
    endloop
  endfacet
  facet normal -0.6258605120431525 -0.5845129147871602 0.5163751271237811
    outer loop
      vertex 5.553595657793579 5.640504735700622 1.2000000000000028
      vertex 6.565186013155184 6.147526502954799 3
      vertex 6.296153472943544 6.435590015519681 3
    endloop
  endfacet
  facet normal -0.540440048500204 -0.6642900586829497 0.5163751271237805
    outer loop
      vertex 5.363024579806762 5.7955458074187955 1.2000000000000028
      vertex 6.296153472943544 6.435590015519681 3
      vertex 5.990402073096561 6.6843372294851005 3
    endloop
  endfacet
  facet normal -0.34117575253155863 -0.7854653614083972 0.5163751271237806
    outer loop
      vertex 4.92778330190778 6.021069659813875 1.2000000000000028
      vertex 5.653627383689532 6.889134454902683 3
      vertex 5.292102879983908 7.04616670695413 3
    endloop
  endfacet
  facet normal -0.44495220940554725 -0.7316927356705277 0.5163751271237812
    outer loop
      vertex 5.153117067916078 5.923193393124274 1.2000000000000028
      vertex 5.990402073096561 6.6843372294851005 3
      vertex 5.653627383689532 6.889134454902683 3
    endloop
  endfacet
  facet normal 0.46840844069978704 0.8835120444460246 -1.2429620230697706e-15
    outer loop
      vertex 3.6587513203881556 31.35284190432978 0
      vertex 3.3148632823477158 31.535159803317597 0
      vertex 3.344824715727313 31.51927525666236 1.2000000000000028
    endloop
  endfacet
  facet normal 0.26752833852922736 0.9635499925192211 2.819088225944206e-15
    outer loop
      vertex 3.6587513203881556 31.35284190432978 0
      vertex 3.682076427072964 31.346365720337403 1.2000000000000028
      vertex 4.033792406205023 31.248712259425254 0
    endloop
  endfacet
  facet normal 0.05413890858541901 0.9985334138511237 6.88830551871284e-16
    outer loop
      vertex 4.033792406205023 31.248712259425254 0
      vertex 4.0773598798956385 31.246350099638995 1.2000000000000028
      vertex 4.422450035453757 31.227639855067977 0
    endloop
  endfacet
  facet normal -0.16178199655276845 0.9868265225415255 -3.7237806281095157e-16
    outer loop
      vertex 4.422450035453757 31.227639855067977 0
      vertex 4.431943413847371 31.22919621545703 1.2000000000000028
      vertex 4.806551009352603 31.2906100134654 0
    endloop
  endfacet
  facet normal -0.37013815533992 0.9289767198167891 3.1363506836834376e-18
    outer loop
      vertex 4.806551009352603 31.2906100134654 0
      vertex 4.843359869078981 31.305276003633566 1.2000000000000028
      vertex 5.168135193259623 31.43467831999716 0
    endloop
  endfacet
  facet normal 0.6473862847818265 0.7621620551276375 9.37537888484517e-16
    outer loop
      vertex 3.0182081145383677 31.78714097406384 0
      vertex 3.0456873591243863 31.7637998933298 1.2000000000000028
      vertex 3.3148632823477158 31.535159803317597 0
    endloop
  endfacet
  facet normal 0.7960930657056443 0.6051742151937644 6.654305086543351e-16
    outer loop
      vertex 3.0182081145383677 31.78714097406384 0
      vertex 2.7826570828983392 32.097003057081366 0
      vertex 2.784633316785971 32.09440336586079 1.2000000000000028
    endloop
  endfacet
  facet normal 0.9075754196709571 0.4198891015602643 7.351497721745887e-16
    outer loop
      vertex 2.7826570828983392 32.097003057081366 0
      vertex 2.6192242918709567 32.45025724575524 0
      vertex 2.637315344723241 32.41115407583801 1.2000000000000028
    endloop
  endfacet
  facet normal -0.5611870653623767 0.8276889981568943 7.200586054770378e-17
    outer loop
      vertex 5.168135193259623 31.43467831999716 0
      vertex 5.1861745457928095 31.446909304499407 1.2000000000000028
      vertex 5.490295312607294 31.653108300770256 0
    endloop
  endfacet
  facet normal -0.725995491923132 0.6876994588534222 -1.2119054779450615e-15
    outer loop
      vertex 5.490295312607294 31.653108300770256 0
      vertex 5.510484372699686 31.67442163237834 1.2000000000000028
      vertex 5.7579675182701635 31.935686412651226 0
    endloop
  endfacet
  facet normal -0.8568571761675889 0.5155538571770223 -2.3024821730954956e-15
    outer loop
      vertex 5.7579675182701635 31.935686412651226 0
      vertex 5.7796896017717145 31.97178879627325 1.2000000000000028
      vertex 5.958635755407727 32.269199617191525 0
    endloop
  endfacet
  facet normal -0.9476531711828047 0.31930153013597345 -2.53123924412272e-15
    outer loop
      vertex 5.958635755407727 32.269199617191525 0
      vertex 5.96365018520315 32.284081914483636 1.2000000000000028
      vertex 6.082917000278158 32.63805320762016 0
    endloop
  endfacet
  facet normal 0.4684084406997934 0.8835120444460212 9.102443177502267e-16
    outer loop
      vertex 3.6587513203881556 31.35284190432978 0
      vertex 3.344824715727313 31.51927525666236 1.2000000000000028
      vertex 3.6205974258740596 31.373069818989592 1.2000000000000028
    endloop
  endfacet
  facet normal 0.4684084406997711 0.883512044446033 0
    outer loop
      vertex 3.6587513203881556 31.35284190432978 0
      vertex 3.6205974258740596 31.373069818989592 1.2000000000000028
      vertex 3.6587513203881556 31.35284190432978 1.205560187691347
    endloop
  endfacet
  facet normal 0.26752833852936203 0.9635499925191837 0
    outer loop
      vertex 3.6587513203881556 31.35284190432978 0
      vertex 3.6587513203881556 31.35284190432978 1.205560187691347
      vertex 3.682076427072964 31.346365720337403 1.2000000000000028
    endloop
  endfacet
  facet normal 0.26752833852921404 0.9635499925192249 -1.3990569266341158e-15
    outer loop
      vertex 4.033792406205023 31.248712259425254 0
      vertex 3.682076427072964 31.346365720337403 1.2000000000000028
      vertex 4.007929316578291 31.255893110912766 1.2000000000000028
    endloop
  endfacet
  facet normal 0.054138908585416486 0.9985334138511238 -3.9333395966119776e-17
    outer loop
      vertex 4.422450035453757 31.227639855067977 0
      vertex 4.0773598798956385 31.246350099638995 1.2000000000000028
      vertex 4.3937446571395355 31.22919621545703 1.2000000000000028
    endloop
  endfacet
  facet normal 0.05413890858541814 0.9985334138511239 0
    outer loop
      vertex 4.422450035453757 31.227639855067977 0
      vertex 4.3937446571395355 31.22919621545703 1.2000000000000028
      vertex 4.422450035453757 31.227639855067977 1.2025810861148187
    endloop
  endfacet
  facet normal -0.16178199655281428 0.986826522541518 0
    outer loop
      vertex 4.422450035453757 31.227639855067977 0
      vertex 4.422450035453757 31.227639855067977 1.2025810861148187
      vertex 4.431943413847371 31.22919621545703 1.2000000000000028
    endloop
  endfacet
  facet normal 0.2675283385292743 0.9635499925192081 0
    outer loop
      vertex 4.033792406205023 31.248712259425254 0
      vertex 4.007929316578291 31.255893110912766 1.2000000000000028
      vertex 4.033792406205023 31.248712259425254 1.2059574761493081
    endloop
  endfacet
  facet normal 0.054138908585437934 0.9985334138511227 0
    outer loop
      vertex 4.033792406205023 31.248712259425254 0
      vertex 4.033792406205023 31.248712259425254 1.2059574761493081
      vertex 4.0773598798956385 31.246350099638995 1.2000000000000028
    endloop
  endfacet
  facet normal -0.16178199655277242 0.9868265225415249 -1.6426955760908221e-15
    outer loop
      vertex 4.806551009352603 31.2906100134654 0
      vertex 4.431943413847371 31.22919621545703 1.2000000000000028
      vertex 4.769107467270025 31.28447145632516 1.2000000000000028
    endloop
  endfacet
  facet normal -0.37013815533992184 0.9289767198167886 -5.174539628084132e-16
    outer loop
      vertex 5.168135193259623 31.43467831999716 0
      vertex 4.843359869078981 31.305276003633566 1.2000000000000028
      vertex 5.162121129320688 31.432282097912186 1.2000000000000028
    endloop
  endfacet
  facet normal -0.16178199655272119 0.9868265225415334 0
    outer loop
      vertex 4.806551009352603 31.2906100134654 0
      vertex 4.769107467270025 31.28447145632516 1.2000000000000028
      vertex 4.806551009352603 31.2906100134654 1.2069507744194965
    endloop
  endfacet
  facet normal -0.37013815533992006 0.9289767198167893 0
    outer loop
      vertex 4.806551009352603 31.2906100134654 0
      vertex 4.806551009352603 31.2906100134654 1.2069507744194965
      vertex 4.843359869078981 31.305276003633566 1.2000000000000028
    endloop
  endfacet
  facet normal 0.7960930657056313 0.6051742151937815 0
    outer loop
      vertex 3.0182081145383677 31.78714097406384 0
      vertex 2.9933571221094084 31.819831895540496 1.2000000000000028
      vertex 3.0182081145383677 31.78714097406384 1.2068845511069242
    endloop
  endfacet
  facet normal 0.6473862847818502 0.7621620551276174 0
    outer loop
      vertex 3.0182081145383677 31.78714097406384 0
      vertex 3.0182081145383677 31.78714097406384 1.2068845511069242
      vertex 3.0456873591243863 31.7637998933298 1.2000000000000028
    endloop
  endfacet
  facet normal 0.7960930657057925 0.6051742151935693 0
    outer loop
      vertex 2.7826570828983392 32.097003057081366 0
      vertex 2.7826570828983392 32.097003057081366 1.2009264580673715
      vertex 2.784633316785971 32.09440336586079 1.2000000000000028
    endloop
  endfacet
  facet normal 0.7960930657056445 0.6051742151937642 7.410204569674019e-16
    outer loop
      vertex 3.0182081145383677 31.78714097406384 0
      vertex 2.784633316785971 32.09440336586079 1.2000000000000028
      vertex 2.9933571221094084 31.819831895540496 1.2000000000000028
    endloop
  endfacet
  facet normal 0.468408440699748 0.8835120444460451 0
    outer loop
      vertex 3.3148632823477158 31.535159803317597 0
      vertex 3.3148632823477158 31.535159803317597 1.2033092193879895
      vertex 3.344824715727313 31.51927525666236 1.2000000000000028
    endloop
  endfacet
  facet normal 0.6473862847818149 0.7621620551276472 0
    outer loop
      vertex 3.3148632823477158 31.535159803317597 0
      vertex 3.305184621404166 31.54338093202343 1.2000000000000028
      vertex 3.3148632823477158 31.535159803317597 1.2033092193879895
    endloop
  endfacet
  facet normal 0.6473862847818244 0.7621620551276393 1.3054306529817814e-16
    outer loop
      vertex 3.3148632823477158 31.535159803317597 0
      vertex 3.0456873591243863 31.7637998933298 1.2000000000000028
      vertex 3.305184621404166 31.54338093202343 1.2000000000000028
    endloop
  endfacet
  facet normal 0.9075754196711344 0.4198891015598814 0
    outer loop
      vertex 2.7826570828983392 32.097003057081366 0
      vertex 2.777413050936559 32.10833784641217 1.2000000000000028
      vertex 2.7826570828983392 32.097003057081366 1.2009264580673715
    endloop
  endfacet
  facet normal 0.9075754196709493 0.41988910156028103 -4.583290263555194e-15
    outer loop
      vertex 2.7826570828983392 32.097003057081366 0
      vertex 2.637315344723241 32.41115407583801 1.2000000000000028
      vertex 2.777413050936559 32.10833784641217 1.2000000000000028
    endloop
  endfacet
  facet normal 0.9766205557100889 0.21497044021101414 1.9167115538649187e-15
    outer loop
      vertex 2.6192242918709567 32.45025724575524 0
      vertex 2.5395564830936337 32.81219174988492 1.2000000000000028
      vertex 2.6124006819353838 32.48125721821975 1.2000000000000028
    endloop
  endfacet
  facet normal 0.9075754196709658 0.41988910156024595 0
    outer loop
      vertex 2.6192242918709567 32.45025724575524 0
      vertex 2.6192242918709567 32.45025724575524 1.2065534418896533
      vertex 2.637315344723241 32.41115407583801 1.2000000000000028
    endloop
  endfacet
  facet normal 0.9766205557100732 0.21497044021108486 0
    outer loop
      vertex 2.6192242918709567 32.45025724575524 0
      vertex 2.6124006819353838 32.48125721821975 1.2000000000000028
      vertex 2.6192242918709567 32.45025724575524 1.2065534418896533
    endloop
  endfacet
  facet normal -0.37013815533983263 0.928976719816824 0
    outer loop
      vertex 5.168135193259623 31.43467831999716 0
      vertex 5.162121129320688 31.432282097912186 1.2000000000000028
      vertex 5.168135193259623 31.43467831999716 1.2017868264678953
    endloop
  endfacet
  facet normal -0.5611870653623735 0.8276889981568966 0
    outer loop
      vertex 5.168135193259623 31.43467831999716 0
      vertex 5.168135193259623 31.43467831999716 1.2017868264678953
      vertex 5.1861745457928095 31.446909304499407 1.2000000000000028
    endloop
  endfacet
  facet normal -0.5611870653623813 0.8276889981568912 -1.6262177194211073e-15
    outer loop
      vertex 5.490295312607294 31.653108300770256 0
      vertex 5.1861745457928095 31.446909304499407 1.2000000000000028
      vertex 5.454230785664237 31.6286559447719 1.2000000000000028
    endloop
  endfacet
  facet normal -0.5611870653623443 0.8276889981569164 0
    outer loop
      vertex 5.490295312607294 31.653108300770256 0
      vertex 5.454230785664237 31.6286559447719 1.2000000000000028
      vertex 5.490295312607294 31.653108300770256 1.2062885633303893
    endloop
  endfacet
  facet normal -0.725995491923166 0.6876994588533861 0
    outer loop
      vertex 5.490295312607294 31.653108300770256 0
      vertex 5.490295312607294 31.653108300770256 1.2062885633303893
      vertex 5.510484372699686 31.67442163237834 1.2000000000000028
    endloop
  endfacet
  facet normal -0.7259954919231244 0.6876994588534302 2.1030427264717485e-15
    outer loop
      vertex 5.7579675182701635 31.935686412651226 0
      vertex 5.510484372699686 31.67442163237834 1.2000000000000028
      vertex 5.743204780147124 31.920101579498034 1.2000000000000028
    endloop
  endfacet
  facet normal -0.7259954919232052 0.6876994588533448 0
    outer loop
      vertex 5.7579675182701635 31.935686412651226 0
      vertex 5.743204780147124 31.920101579498034 1.2000000000000028
      vertex 5.7579675182701635 31.935686412651226 1.2050967067701208
    endloop
  endfacet
  facet normal -0.8568571761676227 0.5155538571769661 0
    outer loop
      vertex 5.7579675182701635 31.935686412651226 0
      vertex 5.7579675182701635 31.935686412651226 1.2050967067701208
      vertex 5.7796896017717145 31.97178879627325 1.2000000000000028
    endloop
  endfacet
  facet normal -0.8568571761675934 0.5155538571770149 -4.829874457992732e-15
    outer loop
      vertex 5.958635755407727 32.269199617191525 0
      vertex 5.7796896017717145 31.97178879627325 1.2000000000000028
      vertex 5.939207246743557 32.236909184602624 1.2000000000000028
    endloop
  endfacet
  facet normal -0.8568571761675141 0.5155538571771465 0
    outer loop
      vertex 5.958635755407727 32.269199617191525 0
      vertex 5.939207246743557 32.236909184602624 1.2000000000000028
      vertex 5.958635755407727 32.269199617191525 1.2039712101342275
    endloop
  endfacet
  facet normal -0.9476531711828664 0.3193015301357902 0
    outer loop
      vertex 5.958635755407727 32.269199617191525 0
      vertex 5.958635755407727 32.269199617191525 1.2039712101342275
      vertex 5.96365018520315 32.284081914483636 1.2000000000000028
    endloop
  endfacet
  facet normal -0.9476531711828008 0.3193015301359846 1.1358364198630748e-15
    outer loop
      vertex 6.082917000278158 32.63805320762016 0
      vertex 5.96365018520315 32.284081914483636 1.2000000000000028
      vertex 6.072067034892314 32.605851657878944 1.2000000000000028
    endloop
  endfacet
  facet normal -0.9476531711828137 0.3193015301359466 0
    outer loop
      vertex 6.082917000278158 32.63805320762016 0
      vertex 6.072067034892314 32.605851657878944 1.2000000000000028
      vertex 6.082917000278158 32.63805320762016 1.2067521059509119
    endloop
  endfacet
  facet normal -0.9941379571543498 0.1081190184240316 0
    outer loop
      vertex 6.082917000278158 32.63805320762016 0
      vertex 6.082917000278158 32.63805320762016 1.2067521059509119
      vertex 6.087483107954114 32.68003787436324 1.2000000000000028
    endloop
  endfacet
  facet normal 1 0 0
    outer loop
      vertex 2.5355516771221573 32.830385766836905 0
      vertex 2.5355516771221573 33.2196142331631 0
      vertex 2.5355516771221573 33.179260059225925 1.2000000000000028
    endloop
  endfacet
  facet normal 0.9766205557100882 0.21497044021101708 9.857619381646424e-16
    outer loop
      vertex 2.6192242918709567 32.45025724575524 0
      vertex 2.5355516771221573 32.830385766836905 0
      vertex 2.5395564830936337 32.81219174988492 1.2000000000000028
    endloop
  endfacet
  facet normal 0.9766205557100882 -0.21497044021101708 1.8336966929534944e-15
    outer loop
      vertex 2.5355516771221573 33.2196142331631 0
      vertex 2.6192242918709567 33.599742754244765 0
      vertex 2.6124006819353838 33.56874278178025 1.2000000000000028
    endloop
  endfacet
  facet normal 0.9075754196709603 -0.4198891015602574 -6.804116504927703e-15
    outer loop
      vertex 2.6192242918709567 33.599742754244765 0
      vertex 2.7826570828983392 33.952996942918645 0
      vertex 2.777413050936559 33.941662153587835 1.2000000000000028
    endloop
  endfacet
  facet normal 0.7960930657056378 -0.6051742151937732 3.532396059897567e-16
    outer loop
      vertex 2.7826570828983392 33.952996942918645 0
      vertex 3.0182081145383677 34.262859025936166 0
      vertex 2.9933571221094084 34.23016810445951 1.2000000000000028
    endloop
  endfacet
  facet normal 0.6473862847818265 -0.7621620551276375 1.6408593350544754e-16
    outer loop
      vertex 3.0182081145383677 34.262859025936166 0
      vertex 3.3148632823477158 34.51484019668241 0
      vertex 3.305184621404166 34.50661906797657 1.2000000000000028
    endloop
  endfacet
  facet normal 0.46840844069978704 -0.8835120444460246 6.425002253973576e-16
    outer loop
      vertex 3.3148632823477158 34.51484019668241 0
      vertex 3.6587513203881556 34.697158095670225 0
      vertex 3.6205974258740596 34.67693018101041 1.2000000000000028
    endloop
  endfacet
  facet normal 0.26752833852922736 -0.9635499925192211 -2.6776961568367518e-15
    outer loop
      vertex 3.6587513203881556 34.697158095670225 0
      vertex 4.033792406205023 34.80128774057475 0
      vertex 4.0079293165782985 34.79410688908724 1.2000000000000028
    endloop
  endfacet
  facet normal 0.05413890858540081 -0.9985334138511248 5.496119046134361e-15
    outer loop
      vertex 4.033792406205023 34.80128774057475 0
      vertex 4.422450035453757 34.82236014493202 0
      vertex 4.3937446571395355 34.820803784542974 1.2000000000000028
    endloop
  endfacet
  facet normal -0.3701381553399122 -0.9289767198167923 -4.676537915397974e-16
    outer loop
      vertex 4.806551009352603 34.7593899865346 0
      vertex 5.168135193259623 34.61532168000284 0
      vertex 5.162121129320688 34.61771790208782 1.2000000000000028
    endloop
  endfacet
  facet normal -0.16178199655275957 -0.986826522541527 4.6126201754273366e-15
    outer loop
      vertex 4.422450035453757 34.82236014493202 0
      vertex 4.806551009352603 34.7593899865346 0
      vertex 4.769107467270025 34.76552854367485 1.2000000000000028
    endloop
  endfacet
  facet normal -0.9941379571543602 0.10811901842393602 3.3833432055167217e-15
    outer loop
      vertex 6.082917000278158 32.63805320762016 0
      vertex 6.087483107954114 32.68003787436324 1.2000000000000028
      vertex 6.125 33.025000000000006 0
    endloop
  endfacet
  facet normal -0.99413795715436 -0.108119018423938 0
    outer loop
      vertex 6.125 33.025000000000006 0
      vertex 6.125 33.025000000000006 1.2000000000000028
      vertex 6.082917000278158 33.411946792379844 0
    endloop
  endfacet
  facet normal -0.9476531711828047 -0.31930153013597345 8.018361129519156e-16
    outer loop
      vertex 6.082917000278158 33.411946792379844 0
      vertex 6.072067034892314 33.44414834212106 1.2000000000000028
      vertex 5.958635755407727 33.78080038280848 0
    endloop
  endfacet
  facet normal -0.7259954919231363 -0.6876994588534175 5.870184657231136e-15
    outer loop
      vertex 5.490295312607294 34.39689169922975 0
      vertex 5.7579675182701635 34.114313587348775 0
      vertex 5.743204780147124 34.12989842050197 1.2000000000000028
    endloop
  endfacet
  facet normal -0.8568571761675865 -0.5155538571770264 6.660107325626729e-16
    outer loop
      vertex 5.958635755407727 33.78080038280848 0
      vertex 5.939207246743564 33.81309081539738 1.2000000000000028
      vertex 5.7579675182701635 34.114313587348775 0
    endloop
  endfacet
  facet normal -0.5611870653623767 -0.8276889981568943 -1.4233765815984398e-15
    outer loop
      vertex 5.490295312607294 34.39689169922975 0
      vertex 5.454230785664237 34.421344055228104 1.2000000000000028
      vertex 5.168135193259623 34.61532168000284 0
    endloop
  endfacet
  facet normal 0.9766205557101018 0.21497044021095507 0
    outer loop
      vertex 2.5355516771221573 32.830385766836905 0
      vertex 2.5355516771221573 32.830385766836905 1.2045670436676659
      vertex 2.5395564830936337 32.81219174988492 1.2000000000000028
    endloop
  endfacet
  facet normal 1 0 0
    outer loop
      vertex 2.5355516771221573 32.830385766836905 0
      vertex 2.5355516771221573 32.87073994077408 1.2000000000000028
      vertex 2.5355516771221573 32.830385766836905 1.2045670436676659
    endloop
  endfacet
  facet normal 1 0 0
    outer loop
      vertex 2.5355516771221573 32.830385766836905 0
      vertex 2.5355516771221573 33.179260059225925 1.2000000000000028
      vertex 2.5355516771221573 32.87073994077408 1.2000000000000028
    endloop
  endfacet
  facet normal 1 0 0
    outer loop
      vertex 2.5355516771221573 33.2196142331631 0
      vertex 2.5355516771221573 33.2196142331631 1.2045670436676659
      vertex 2.5355516771221573 33.179260059225925 1.2000000000000028
    endloop
  endfacet
  facet normal 0.9766205557101018 -0.21497044021095507 0
    outer loop
      vertex 2.5355516771221573 33.2196142331631 0
      vertex 2.5395564830936337 33.23780825011509 1.2000000000000028
      vertex 2.5355516771221573 33.2196142331631 1.2045670436676659
    endloop
  endfacet
  facet normal 0.9766205557100889 -0.21497044021101414 9.382272870921776e-16
    outer loop
      vertex 2.5355516771221573 33.2196142331631 0
      vertex 2.6124006819353838 33.56874278178025 1.2000000000000028
      vertex 2.5395564830936337 33.23780825011509 1.2000000000000028
    endloop
  endfacet
  facet normal 0.9075754196709493 -0.41988910156028103 1.3918344992401794e-15
    outer loop
      vertex 2.6192242918709567 33.599742754244765 0
      vertex 2.777413050936559 33.941662153587835 1.2000000000000028
      vertex 2.637315344723241 33.63884592416199 1.2000000000000028
    endloop
  endfacet
  facet normal 0.9766205557100732 -0.21497044021108486 0
    outer loop
      vertex 2.6192242918709567 33.599742754244765 0
      vertex 2.6192242918709567 33.599742754244765 1.2065534418896533
      vertex 2.6124006819353838 33.56874278178025 1.2000000000000028
    endloop
  endfacet
  facet normal 0.9075754196709658 -0.41988910156024595 0
    outer loop
      vertex 2.6192242918709567 33.599742754244765 0
      vertex 2.637315344723241 33.63884592416199 1.2000000000000028
      vertex 2.6192242918709567 33.599742754244765 1.2065534418896533
    endloop
  endfacet
  facet normal 0.9075754196712347 -0.4198891015596645 0
    outer loop
      vertex 2.7826570828983392 33.952996942918645 0
      vertex 2.7826570828983392 33.952996942918645 1.2009264580673715
      vertex 2.777413050936559 33.941662153587835 1.2000000000000028
    endloop
  endfacet
  facet normal 0.7960930657049957 -0.6051742151946176 0
    outer loop
      vertex 2.7826570828983392 33.952996942918645 0
      vertex 2.784633316785971 33.95559663413921 1.2000000000000028
      vertex 2.7826570828983392 33.952996942918645 1.2009264580673715
    endloop
  endfacet
  facet normal 0.7960930657056445 -0.6051742151937642 -2.9172710538938462e-15
    outer loop
      vertex 2.7826570828983392 33.952996942918645 0
      vertex 2.9933571221094084 34.23016810445951 1.2000000000000028
      vertex 2.784633316785971 33.95559663413921 1.2000000000000028
    endloop
  endfacet
  facet normal 0.6473862847818183 -0.7621620551276443 3.515427358454636e-15
    outer loop
      vertex 3.0182081145383677 34.262859025936166 0
      vertex 3.305184621404166 34.50661906797657 1.2000000000000028
      vertex 3.0456873591243863 34.28620010667021 1.2000000000000028
    endloop
  endfacet
  facet normal 0.7960930657056313 -0.6051742151937815 0
    outer loop
      vertex 3.0182081145383677 34.262859025936166 0
      vertex 3.0182081145383677 34.262859025936166 1.2068845511069242
      vertex 2.9933571221094084 34.23016810445951 1.2000000000000028
    endloop
  endfacet
  facet normal 0.6473862847819074 -0.7621620551275686 0
    outer loop
      vertex 3.0182081145383677 34.262859025936166 0
      vertex 3.0456873591243863 34.28620010667021 1.2000000000000028
      vertex 3.0182081145383677 34.262859025936166 1.2068845511069242
    endloop
  endfacet
  facet normal 0.6473862847818149 -0.7621620551276472 0
    outer loop
      vertex 3.3148632823477158 34.51484019668241 0
      vertex 3.3148632823477158 34.51484019668241 1.2033092193879895
      vertex 3.305184621404166 34.50661906797657 1.2000000000000028
    endloop
  endfacet
  facet normal 0.468408440699748 -0.8835120444460451 0
    outer loop
      vertex 3.3148632823477158 34.51484019668241 0
      vertex 3.344824715727313 34.53072474333764 1.2000000000000028
      vertex 3.3148632823477158 34.51484019668241 1.2033092193879895
    endloop
  endfacet
  facet normal 0.4684084406997934 -0.8835120444460212 -1.4506397235702396e-15
    outer loop
      vertex 3.3148632823477158 34.51484019668241 0
      vertex 3.6205974258740596 34.67693018101041 1.2000000000000028
      vertex 3.344824715727313 34.53072474333764 1.2000000000000028
    endloop
  endfacet
  facet normal 0.4684084406997711 -0.883512044446033 0
    outer loop
      vertex 3.6587513203881556 34.697158095670225 0
      vertex 3.6587513203881556 34.697158095670225 1.205560187691347
      vertex 3.6205974258740596 34.67693018101041 1.2000000000000028
    endloop
  endfacet
  facet normal 0.2675283385290895 -0.9635499925192594 0
    outer loop
      vertex 3.6587513203881556 34.697158095670225 0
      vertex 3.682076427072964 34.703634279662595 1.2000000000000028
      vertex 3.6587513203881556 34.697158095670225 1.205560187691347
    endloop
  endfacet
  facet normal 0.26752833852922814 -0.963549992519221 -2.901390364789929e-15
    outer loop
      vertex 3.6587513203881556 34.697158095670225 0
      vertex 4.0079293165782985 34.79410688908724 1.2000000000000028
      vertex 3.682076427072964 34.703634279662595 1.2000000000000028
    endloop
  endfacet
  facet normal 0.054138908585416506 -0.998533413851124 7.805354967093892e-16
    outer loop
      vertex 4.033792406205023 34.80128774057475 0
      vertex 4.3937446571395355 34.820803784542974 1.2000000000000028
      vertex 4.0773598798956385 34.80364990036101 1.2000000000000028
    endloop
  endfacet
  facet normal 0.0541389085851717 -0.9985334138511374 0
    outer loop
      vertex 4.422450035453757 34.82236014493202 0
      vertex 4.422450035453757 34.82236014493202 1.2025810861148187
      vertex 4.3937446571395355 34.820803784542974 1.2000000000000028
    endloop
  endfacet
  facet normal -0.16178199655209502 -0.9868265225416359 0
    outer loop
      vertex 4.422450035453757 34.82236014493202 0
      vertex 4.431943413847371 34.820803784542974 1.2000000000000028
      vertex 4.422450035453757 34.82236014493202 1.2025810861148187
    endloop
  endfacet
  facet normal 0.26752833852934255 -0.9635499925191892 0
    outer loop
      vertex 4.033792406205023 34.80128774057475 0
      vertex 4.033792406205023 34.80128774057475 1.2059574761493081
      vertex 4.0079293165782985 34.79410688908724 1.2000000000000028
    endloop
  endfacet
  facet normal 0.054138908585437934 -0.9985334138511227 0
    outer loop
      vertex 4.033792406205023 34.80128774057475 0
      vertex 4.0773598798956385 34.80364990036101 1.2000000000000028
      vertex 4.033792406205023 34.80128774057475 1.2059574761493081
    endloop
  endfacet
  facet normal -0.3701381553399217 -0.9289767198167885 2.8134456721946035e-15
    outer loop
      vertex 4.806551009352603 34.7593899865346 0
      vertex 5.162121129320688 34.61771790208782 1.2000000000000028
      vertex 4.843359869078981 34.74472399636644 1.2000000000000028
    endloop
  endfacet
  facet normal -0.1617819965527623 -0.9868265225415265 5.420579358741094e-15
    outer loop
      vertex 4.422450035453757 34.82236014493202 0
      vertex 4.769107467270025 34.76552854367485 1.2000000000000028
      vertex 4.431943413847371 34.820803784542974 1.2000000000000028
    endloop
  endfacet
  facet normal -0.3701381553398426 -0.92897671981682 0
    outer loop
      vertex 4.806551009352603 34.7593899865346 0
      vertex 4.843359869078981 34.74472399636644 1.2000000000000028
      vertex 4.806551009352603 34.7593899865346 1.2069507744194965
    endloop
  endfacet
  facet normal -0.16178199655290354 -0.9868265225415035 0
    outer loop
      vertex 4.806551009352603 34.7593899865346 0
      vertex 4.806551009352603 34.7593899865346 1.2069507744194965
      vertex 4.769107467270025 34.76552854367485 1.2000000000000028
    endloop
  endfacet
  facet normal -0.9941379571543615 0.10811901842392439 0
    outer loop
      vertex 6.125 33.025000000000006 0
      vertex 6.087483107954114 32.68003787436324 1.2000000000000028
      vertex 6.125 33.025000000000006 1.2000000000000028
    endloop
  endfacet
  facet normal -0.9941379571543609 -0.10811901842392879 2.999127651995298e-15
    outer loop
      vertex 6.082917000278158 33.411946792379844 0
      vertex 6.125 33.025000000000006 1.2000000000000028
      vertex 6.087483107954114 33.36996212563676 1.2000000000000028
    endloop
  endfacet
  facet normal -0.9941379571543518 -0.10811901842401353 0
    outer loop
      vertex 6.082917000278158 33.411946792379844 0
      vertex 6.087483107954114 33.36996212563676 1.2000000000000028
      vertex 6.082917000278158 33.411946792379844 1.2067521059509119
    endloop
  endfacet
  facet normal -0.9476531711828137 -0.3193015301359466 0
    outer loop
      vertex 6.082917000278158 33.411946792379844 0
      vertex 6.082917000278158 33.411946792379844 1.2067521059509119
      vertex 6.072067034892314 33.44414834212106 1.2000000000000028
    endloop
  endfacet
  facet normal -0.9476531711828008 -0.3193015301359846 -2.6852763135018206e-15
    outer loop
      vertex 5.958635755407727 33.78080038280848 0
      vertex 6.072067034892314 33.44414834212106 1.2000000000000028
      vertex 5.96365018520315 33.76591808551637 1.2000000000000028
    endloop
  endfacet
  facet normal -0.8568571761675975 -0.5155538571770082 0
    outer loop
      vertex 5.958635755407727 33.78080038280848 0
      vertex 5.958635755407727 33.78080038280848 1.2039712101342133
      vertex 5.939207246743564 33.81309081539738 1.2000000000000028
    endloop
  endfacet
  facet normal -0.9476531711828664 -0.3193015301357902 0
    outer loop
      vertex 5.958635755407727 33.78080038280848 0
      vertex 5.96365018520315 33.76591808551637 1.2000000000000028
      vertex 5.958635755407727 33.78080038280848 1.2039712101342133
    endloop
  endfacet
  facet normal -0.7259954919231194 -0.6876994588534353 -1.6571251047804654e-15
    outer loop
      vertex 5.490295312607294 34.39689169922975 0
      vertex 5.743204780147124 34.12989842050197 1.2000000000000028
      vertex 5.510484372699686 34.375578367621664 1.2000000000000028
    endloop
  endfacet
  facet normal -0.725995491923166 -0.6876994588533861 0
    outer loop
      vertex 5.490295312607294 34.39689169922975 0
      vertex 5.510484372699686 34.375578367621664 1.2000000000000028
      vertex 5.490295312607294 34.39689169922975 1.2062885633303893
    endloop
  endfacet
  facet normal -0.5611870653623443 -0.8276889981569164 0
    outer loop
      vertex 5.490295312607294 34.39689169922975 0
      vertex 5.490295312607294 34.39689169922975 1.2062885633303893
      vertex 5.454230785664237 34.421344055228104 1.2000000000000028
    endloop
  endfacet
  facet normal -0.8568571761675804 -0.5155538571770368 -2.8926125011863117e-15
    outer loop
      vertex 5.7579675182701635 34.114313587348775 0
      vertex 5.939207246743564 33.81309081539738 1.2000000000000028
      vertex 5.7796896017717145 34.07821120372675 1.2000000000000028
    endloop
  endfacet
  facet normal -0.8568571761676227 -0.5155538571769661 0
    outer loop
      vertex 5.7579675182701635 34.114313587348775 0
      vertex 5.7796896017717145 34.07821120372675 1.2000000000000028
      vertex 5.7579675182701635 34.114313587348775 1.2050967067701208
    endloop
  endfacet
  facet normal -0.7259954919233617 -0.6876994588531795 0
    outer loop
      vertex 5.7579675182701635 34.114313587348775 0
      vertex 5.7579675182701635 34.114313587348775 1.2050967067701208
      vertex 5.743204780147124 34.12989842050197 1.2000000000000028
    endloop
  endfacet
  facet normal -0.5611870653623813 -0.8276889981568912 1.7282751686379726e-16
    outer loop
      vertex 5.168135193259623 34.61532168000284 0
      vertex 5.454230785664237 34.421344055228104 1.2000000000000028
      vertex 5.1861745457928095 34.6030906955006 1.2000000000000028
    endloop
  endfacet
  facet normal -0.5611870653623735 -0.8276889981568966 0
    outer loop
      vertex 5.168135193259623 34.61532168000284 0
      vertex 5.1861745457928095 34.6030906955006 1.2000000000000028
      vertex 5.168135193259623 34.61532168000284 1.2017868264678953
    endloop
  endfacet
  facet normal -0.37013815533983263 -0.928976719816824 0
    outer loop
      vertex 5.168135193259623 34.61532168000284 0
      vertex 5.168135193259623 34.61532168000284 1.2017868264678953
      vertex 5.162121129320688 34.61771790208782 1.2000000000000028
    endloop
  endfacet
  facet normal 0 0 1
    outer loop
      vertex 3.4968829320839276 31.42680660687573 1.2000000000000028
      vertex 3.6205974258740596 31.373069818989592 1.2000000000000028
      vertex 3.344824715727313 31.51927525666236 1.2000000000000028
    endloop
  endfacet
  facet normal 0 0 1
    outer loop
      vertex 3.7222166980922253 31.328930340186126 1.2000000000000028
      vertex 3.95877917650526 31.262648642171822 1.2000000000000028
      vertex 3.682076427072964 31.346365720337403 1.2000000000000028
    endloop
  endfacet
  facet normal 0 0 1
    outer loop
      vertex 3.682076427072964 31.346365720337403 1.2000000000000028
      vertex 3.95877917650526 31.262648642171822 1.2000000000000028
      vertex 4.007929316578291 31.255893110912766 1.2000000000000028
    endloop
  endfacet
  facet normal 0 0 1
    outer loop
      vertex 4.0773598798956385 31.246350099638995 1.2000000000000028
      vertex 4.202163655943593 31.22919621545703 1.2000000000000028
      vertex 4.3937446571395355 31.22919621545703 1.2000000000000028
    endloop
  endfacet
  facet normal 0 0 1
    outer loop
      vertex 4.431943413847371 31.22919621545703 1.2000000000000028
      vertex 4.447836344056412 31.22919621545703 1.2000000000000028
      vertex 4.691220823494746 31.262648642171822 1.2000000000000028
    endloop
  endfacet
  facet normal 0 0 1
    outer loop
      vertex 4.431943413847371 31.22919621545703 1.2000000000000028
      vertex 4.691220823494746 31.262648642171822 1.2000000000000028
      vertex 4.769107467270025 31.28447145632516 1.2000000000000028
    endloop
  endfacet
  facet normal 0 0 1
    outer loop
      vertex 4.843359869078981 31.305276003633566 1.2000000000000028
      vertex 4.92778330190778 31.328930340186126 1.2000000000000028
      vertex 5.153117067916078 31.426806606875726 1.2000000000000028
    endloop
  endfacet
  facet normal 0 0 1
    outer loop
      vertex 4.843359869078981 31.305276003633566 1.2000000000000028
      vertex 5.153117067916078 31.426806606875726 1.2000000000000028
      vertex 5.162121129320688 31.432282097912186 1.2000000000000028
    endloop
  endfacet
  facet normal 0 0 1
    outer loop
      vertex 3.0964043422064265 31.709495264299377 1.2000000000000028
      vertex 3.2869754201932437 31.554454192581204 1.2000000000000028
      vertex 3.0456873591243863 31.7637998933298 1.2000000000000028
    endloop
  endfacet
  facet normal 0 0 1
    outer loop
      vertex 2.7870450718163227 32.08974888993622 1.2000000000000028
      vertex 2.928719676732044 31.889041700213106 1.2000000000000028
      vertex 2.784633316785971 32.09440336586079 1.2000000000000028
    endloop
  endfacet
  facet normal 0 0 1
    outer loop
      vertex 2.784633316785971 32.09440336586079 1.2000000000000028
      vertex 2.928719676732044 31.889041700213106 1.2000000000000028
      vertex 2.9933571221094084 31.819831895540496 1.2000000000000028
    endloop
  endfacet
  facet normal 0 0 1
    outer loop
      vertex 3.0456873591243863 31.7637998933298 1.2000000000000028
      vertex 3.2869754201932437 31.554454192581204 1.2000000000000028
      vertex 3.305184621404166 31.54338093202343 1.2000000000000028
    endloop
  endfacet
  facet normal 0 0 1
    outer loop
      vertex 2.777413050936559 32.10833784641217 1.2000000000000028
      vertex 2.637315344723241 32.41115407583801 1.2000000000000028
      vertex 2.674019657290188 32.30787803827677 1.2000000000000028
    endloop
  endfacet
  facet normal 0 0 1
    outer loop
      vertex 2.6124006819353838 32.48125721821975 1.2000000000000028
      vertex 2.5395564830936337 32.81219174988492 1.2000000000000028
      vertex 2.591748882773963 32.53936581191736 1.2000000000000028
    endloop
  endfacet
  facet normal 0 0 1
    outer loop
      vertex 5.1861745457928095 31.446909304499407 1.2000000000000028
      vertex 5.363024579806762 31.554454192581204 1.2000000000000028
      vertex 5.454230785664237 31.6286559447719 1.2000000000000028
    endloop
  endfacet
  facet normal 0 0 1
    outer loop
      vertex 5.510484372699686 31.67442163237834 1.2000000000000028
      vertex 5.553595657793579 31.709495264299377 1.2000000000000028
      vertex 5.721280323267962 31.889041700213106 1.2000000000000028
    endloop
  endfacet
  facet normal 0 0 1
    outer loop
      vertex 5.510484372699686 31.67442163237834 1.2000000000000028
      vertex 5.721280323267962 31.889041700213106 1.2000000000000028
      vertex 5.743204780147124 31.920101579498034 1.2000000000000028
    endloop
  endfacet
  facet normal 0 0 1
    outer loop
      vertex 5.7796896017717145 31.97178879627325 1.2000000000000028
      vertex 5.862954928183683 32.089748889936224 1.2000000000000028
      vertex 5.939207246743557 32.236909184602624 1.2000000000000028
    endloop
  endfacet
  facet normal 0 0 1
    outer loop
      vertex 5.96365018520315 32.284081914483636 1.2000000000000028
      vertex 5.975980342709818 32.30787803827677 1.2000000000000028
      vertex 6.0582511172260425 32.53936581191736 1.2000000000000028
    endloop
  endfacet
  facet normal 0 0 1
    outer loop
      vertex 5.96365018520315 32.284081914483636 1.2000000000000028
      vertex 6.0582511172260425 32.53936581191736 1.2000000000000028
      vertex 6.072067034892314 32.605851657878944 1.2000000000000028
    endloop
  endfacet
  facet normal 0.6996223784203027 0.49384740122979276 0.516375127123779
    outer loop
      vertex 2.7870450718163227 32.08974888993622 1.2000000000000028
      vertex 1.857511873463551 31.524487230007566 3
      vertex 2.928719676732044 31.889041700213106 1.2000000000000028
    endloop
  endfacet
  facet normal 0.7603516036238496 0.3939824449826911 0.5163751271237812
    outer loop
      vertex 2.777413050936559 32.10833784641217 1.2000000000000028
      vertex 2.674019657290188 32.30787803827677 1.2000000000000028
      vertex 1.6761743952128256 31.87445267679569 3
    endloop
  endfacet
  facet normal 0.7603516036239544 0.3939824449824468 0.5163751271238134
    outer loop
      vertex 2.7870450718163227 32.08974888993622 1.2000000000000028
      vertex 2.784633316785971 32.09440336586079 1.2000000000000028
      vertex 1.6761743952128256 31.87445267679569 3
    endloop
  endfacet
  facet normal 0.7603516036235268 0.39398244498345547 0.5163751271236734
    outer loop
      vertex 2.7826570828983392 32.097003057081366 1.2009264580673715
      vertex 1.6761743952128256 31.87445267679569 3
      vertex 2.784633316785971 32.09440336586079 1.2000000000000028
    endloop
  endfacet
  facet normal 0.7603516036240661 0.3939824449821856 0.516375127123848
    outer loop
      vertex 2.7826570828983392 32.097003057081366 1.2009264580673715
      vertex 2.777413050936559 32.10833784641217 1.2000000000000028
      vertex 1.6761743952128256 31.87445267679569 3
    endloop
  endfacet
  facet normal 0.8069169170923717 0.2867783412289814 0.5163751271237768
    outer loop
      vertex 2.674019657290188 32.30787803827677 1.2000000000000028
      vertex 2.637315344723241 32.41115407583801 1.2000000000000028
      vertex 1.5441795262087794 32.24585064329598 3
    endloop
  endfacet
  facet normal 0.8069169170923928 0.2867783412289105 0.5163751271237831
    outer loop
      vertex 2.637315344723241 32.41115407583801 1.2000000000000028
      vertex 2.6192242918709567 32.45025724575524 1.2065534418896533
      vertex 1.5441795262087794 32.24585064329598 3
    endloop
  endfacet
  facet normal 0.8384508951409112 0.17423209958358254 0.5163751271237813
    outer loop
      vertex 2.591748882773963 32.53936581191736 1.2000000000000028
      vertex 2.54176529713461 32.77990003162676 1.2000000000000028
      vertex 1.4639860811170635 32.631762688104466 3
    endloop
  endfacet
  facet normal 0.8069169170923879 0.2867783412289296 0.5163751271237799
    outer loop
      vertex 2.6124006819353838 32.48125721821975 1.2000000000000028
      vertex 2.591748882773963 32.53936581191736 1.2000000000000028
      vertex 1.5441795262087794 32.24585064329598 3
    endloop
  endfacet
  facet normal 0.806916917092347 0.2867783412290583 0.5163751271237724
    outer loop
      vertex 2.6192242918709567 32.45025724575524 1.2065534418896533
      vertex 2.6124006819353838 32.48125721821975 1.2000000000000028
      vertex 1.5441795262087794 32.24585064329598 3
    endloop
  endfacet
  facet normal 0.4449522094055387 0.7316927356705333 0.516375127123781
    outer loop
      vertex 3.4968829320839276 31.42680660687573 1.2000000000000028
      vertex 3.344824715727313 31.51927525666236 1.2000000000000028
      vertex 2.6595979269034444 30.6656627705149 3
    endloop
  endfacet
  facet normal 0.4449522094055066 0.7316927356705538 0.5163751271237791
    outer loop
      vertex 3.305184621404166 31.54338093202343 1.2000000000000028
      vertex 3.2869754201932437 31.554454192581204 1.2000000000000028
      vertex 2.6595979269034444 30.6656627705149 3
    endloop
  endfacet
  facet normal 0.444952209405529 0.7316927356705395 0.5163751271237803
    outer loop
      vertex 3.344824715727313 31.51927525666236 1.2000000000000028
      vertex 3.3148632823477158 31.535159803317597 1.2033092193879895
      vertex 2.6595979269034444 30.6656627705149 3
    endloop
  endfacet
  facet normal 0.4449522094055227 0.7316927356705435 0.51637512712378
    outer loop
      vertex 3.305184621404166 31.54338093202343 1.2000000000000028
      vertex 2.6595979269034444 30.6656627705149 3
      vertex 3.3148632823477158 31.535159803317597 1.2033092193879895
    endloop
  endfacet
  facet normal 0.5404400485002077 0.6642900586829469 0.5163751271237801
    outer loop
      vertex 3.0964043422064265 31.709495264299377 1.2000000000000028
      vertex 2.3538465270564615 30.914409984480322 3
      vertex 3.2869754201932437 31.554454192581204 1.2000000000000028
    endloop
  endfacet
  facet normal 0.3411757525315967 0.7854653614083785 0.516375127123784
    outer loop
      vertex 3.6587513203881556 31.35284190432978 1.205560187691347
      vertex 3.6205974258740596 31.373069818989592 1.2000000000000028
      vertex 2.996372616310474 30.46086554509732 3
    endloop
  endfacet
  facet normal 0.3411757525315189 0.7854653614084186 0.5163751271237742
    outer loop
      vertex 3.7222166980922253 31.328930340186126 1.2000000000000028
      vertex 3.682076427072964 31.346365720337403 1.2000000000000028
      vertex 2.996372616310474 30.46086554509732 3
    endloop
  endfacet
  facet normal 0.34117575253158156 0.7854653614083862 0.5163751271237822
    outer loop
      vertex 3.6587513203881556 31.35284190432978 1.205560187691347
      vertex 2.996372616310474 30.46086554509732 3
      vertex 3.682076427072964 31.346365720337403 1.2000000000000028
    endloop
  endfacet
  facet normal 0.34117575253157345 0.7854653614083902 0.5163751271237818
    outer loop
      vertex 3.4968829320839276 31.42680660687573 1.2000000000000028
      vertex 2.996372616310474 30.46086554509732 3
      vertex 3.6205974258740596 31.373069818989592 1.2000000000000028
    endloop
  endfacet
  facet normal 0.23104383691723362 0.8246062536207578 0.5163751271237811
    outer loop
      vertex 3.7222166980922253 31.328930340186126 1.2000000000000028
      vertex 3.357897120016098 30.30383329304587 3
      vertex 3.95877917650526 31.262648642171822 1.2000000000000028
    endloop
  endfacet
  facet normal 0.11660801177287307 0.848386291543113 0.5163751271237816
    outer loop
      vertex 3.95877917650526 31.262648642171822 1.2000000000000028
      vertex 3.737436920546898 30.197491228099842 3
      vertex 4.007929316578291 31.255893110912766 1.2000000000000028
    endloop
  endfacet
  facet normal 0.11660801177289236 0.8483862915431097 0.5163751271237826
    outer loop
      vertex 4.007929316578291 31.255893110912766 1.2000000000000028
      vertex 3.737436920546898 30.197491228099842 3
      vertex 4.033792406205023 31.248712259425254 1.2059574761493081
    endloop
  endfacet
  facet normal 0.11660801177289798 0.8483862915431086 0.5163751271237831
    outer loop
      vertex 4.0773598798956385 31.246350099638995 1.2000000000000028
      vertex 4.033792406205023 31.248712259425254 1.2059574761493081
      vertex 3.737436920546898 30.197491228099842 3
    endloop
  endfacet
  facet normal 0.11660801177286345 0.8483862915431151 0.5163751271237803
    outer loop
      vertex 4.0773598798956385 31.246350099638995 1.2000000000000028
      vertex 3.737436920546898 30.197491228099842 3
      vertex 4.202163655943593 31.22919621545703 1.2000000000000028
    endloop
  endfacet
  facet normal 0 0.8563624980625324 0.5163751271237792
    outer loop
      vertex 4.202163655943593 31.22919621545703 1.2000000000000028
      vertex 4.127921909535871 30.143820301722272 3
      vertex 4.3937446571395355 31.22919621545703 1.2000000000000028
    endloop
  endfacet
  facet normal -2.47446831267579e-14 0.8563624980625341 0.5163751271237765
    outer loop
      vertex 4.3937446571395355 31.22919621545703 1.2000000000000028
      vertex 4.127921909535871 30.143820301722272 3
      vertex 4.422450035453757 31.227639855067977 1.2025810861148187
    endloop
  endfacet
  facet normal 7.9456022765126e-14 0.8563624980625265 0.516375127123789
    outer loop
      vertex 4.431943413847371 31.22919621545703 1.2000000000000028
      vertex 4.422450035453757 31.227639855067977 1.2025810861148187
      vertex 4.127921909535871 30.143820301722272 3
    endloop
  endfacet
  facet normal 0 0.8563624980625324 0.5163751271237792
    outer loop
      vertex 4.431943413847371 31.22919621545703 1.2000000000000028
      vertex 4.127921909535871 30.143820301722272 3
      vertex 4.447836344056412 31.22919621545703 1.2000000000000028
    endloop
  endfacet
  facet normal -0.1166080117728748 0.8483862915431143 0.5163751271237791
    outer loop
      vertex 4.447836344056412 31.22919621545703 1.2000000000000028
      vertex 4.5220780904641344 30.143820301722272 3
      vertex 4.691220823494746 31.262648642171822 1.2000000000000028
    endloop
  endfacet
  facet normal -0.23104383691723765 0.8246062536207566 0.5163751271237815
    outer loop
      vertex 4.691220823494746 31.262648642171822 1.2000000000000028
      vertex 4.912563079453108 30.197491228099842 3
      vertex 4.769107467270025 31.28447145632516 1.2000000000000028
    endloop
  endfacet
  facet normal -0.23104383691708472 0.8246062536207932 0.5163751271237913
    outer loop
      vertex 4.769107467270025 31.28447145632516 1.2000000000000028
      vertex 4.912563079453108 30.197491228099842 3
      vertex 4.806551009352603 31.2906100134654 1.2069507744194965
    endloop
  endfacet
  facet normal -0.23104383691734082 0.8246062536207344 0.5163751271237706
    outer loop
      vertex 4.806551009352603 31.2906100134654 1.2069507744194965
      vertex 4.912563079453108 30.197491228099842 3
      vertex 4.843359869078981 31.305276003633566 1.2000000000000028
    endloop
  endfacet
  facet normal -0.23104383691724817 0.8246062536207546 0.5163751271237796
    outer loop
      vertex 4.843359869078981 31.305276003633566 1.2000000000000028
      vertex 4.912563079453108 30.197491228099842 3
      vertex 4.92778330190778 31.328930340186126 1.2000000000000028
    endloop
  endfacet
  facet normal 0.6258605120432085 0.5845129147870961 0.5163751271237856
    outer loop
      vertex 3.0182081145383677 31.78714097406384 1.2068845511069242
      vertex 2.9933571221094084 31.819831895540496 1.2000000000000028
      vertex 2.0848139868448214 31.202473497045204 3
    endloop
  endfacet
  facet normal 0.625860512043144 0.5845129147871713 0.5163751271237789
    outer loop
      vertex 2.9933571221094084 31.819831895540496 1.2000000000000028
      vertex 2.928719676732044 31.889041700213106 1.2000000000000028
      vertex 2.0848139868448214 31.202473497045204 3
    endloop
  endfacet
  facet normal 0.6258605120431372 0.5845129147871801 0.5163751271237771
    outer loop
      vertex 3.0964043422064265 31.709495264299377 1.2000000000000028
      vertex 3.0456873591243863 31.7637998933298 1.2000000000000028
      vertex 2.0848139868448214 31.202473497045204 3
    endloop
  endfacet
  facet normal 0.6258605120431028 0.5845129147872217 0.5163751271237716
    outer loop
      vertex 3.0182081145383677 31.78714097406384 1.2068845511069242
      vertex 2.0848139868448214 31.202473497045204 3
      vertex 3.0456873591243863 31.7637998933298 1.2000000000000028
    endloop
  endfacet
  facet normal -0.3411757525315581 0.785465361408397 0.5163751271237813
    outer loop
      vertex 4.92778330190778 31.328930340186126 1.2000000000000028
      vertex 5.292102879983908 30.30383329304587 3
      vertex 5.153117067916078 31.426806606875726 1.2000000000000028
    endloop
  endfacet
  facet normal -0.44495220940574026 0.7316927356704168 0.5163751271237722
    outer loop
      vertex 5.153117067916078 31.426806606875726 1.2000000000000028
      vertex 5.653627383689525 30.46086554509732 3
      vertex 5.162121129320688 31.432282097912186 1.2000000000000028
    endloop
  endfacet
  facet normal -0.44495220940563845 0.7316927356704759 0.5163751271237762
    outer loop
      vertex 5.162121129320688 31.432282097912186 1.2000000000000028
      vertex 5.653627383689525 30.46086554509732 3
      vertex 5.168135193259623 31.43467831999716 1.2017868264678953
    endloop
  endfacet
  facet normal -0.444952209405507 0.7316927356705517 0.5163751271237819
    outer loop
      vertex 5.168135193259623 31.43467831999716 1.2017868264678953
      vertex 5.653627383689525 30.46086554509732 3
      vertex 5.1861745457928095 31.446909304499407 1.2000000000000028
    endloop
  endfacet
  facet normal -0.4449522094055337 0.7316927356705365 0.5163751271237804
    outer loop
      vertex 5.1861745457928095 31.446909304499407 1.2000000000000028
      vertex 5.653627383689525 30.46086554509732 3
      vertex 5.363024579806762 31.554454192581204 1.2000000000000028
    endloop
  endfacet
  facet normal -0.5404400485002163 0.66429005868294 0.51637512712378
    outer loop
      vertex 5.363024579806762 31.554454192581204 1.2000000000000028
      vertex 5.990402073096561 30.6656627705149 3
      vertex 5.454230785664237 31.6286559447719 1.2000000000000028
    endloop
  endfacet
  facet normal -0.5404400485001245 0.6642900586830078 0.5163751271237891
    outer loop
      vertex 5.454230785664237 31.6286559447719 1.2000000000000028
      vertex 5.990402073096561 30.6656627705149 3
      vertex 5.490295312607294 31.653108300770256 1.2062885633303893
    endloop
  endfacet
  facet normal -0.5404400485003049 0.6642900586828776 0.5163751271237677
    outer loop
      vertex 5.490295312607294 31.653108300770256 1.2062885633303893
      vertex 5.990402073096561 30.6656627705149 3
      vertex 5.510484372699686 31.67442163237834 1.2000000000000028
    endloop
  endfacet
  facet normal -0.5404400485002058 0.664290058682948 0.5163751271237806
    outer loop
      vertex 5.510484372699686 31.67442163237834 1.2000000000000028
      vertex 5.990402073096561 30.6656627705149 3
      vertex 5.553595657793579 31.709495264299377 1.2000000000000028
    endloop
  endfacet
  facet normal -0.6258605120431461 0.5845129147871676 0.5163751271237806
    outer loop
      vertex 5.553595657793579 31.709495264299377 1.2000000000000028
      vertex 6.296153472943544 30.914409984480322 3
      vertex 5.721280323267962 31.889041700213106 1.2000000000000028
    endloop
  endfacet
  facet normal -0.6996223784203031 0.49384740122979204 0.5163751271237792
    outer loop
      vertex 5.721280323267962 31.889041700213106 1.2000000000000028
      vertex 6.565186013155184 31.202473497045204 3
      vertex 5.743204780147124 31.920101579498034 1.2000000000000028
    endloop
  endfacet
  facet normal -0.6996223784202732 0.49384740122983195 0.5163751271237815
    outer loop
      vertex 5.743204780147124 31.920101579498034 1.2000000000000028
      vertex 6.565186013155184 31.202473497045204 3
      vertex 5.7579675182701635 31.935686412651226 1.2050967067701208
    endloop
  endfacet
  facet normal -0.6996223784203766 0.4938474012296952 0.5163751271237722
    outer loop
      vertex 5.7579675182701635 31.935686412651226 1.2050967067701208
      vertex 6.565186013155184 31.202473497045204 3
      vertex 5.7796896017717145 31.97178879627325 1.2000000000000028
    endloop
  endfacet
  facet normal -0.6996223784202993 0.49384740122979504 0.5163751271237811
    outer loop
      vertex 5.7796896017717145 31.97178879627325 1.2000000000000028
      vertex 6.565186013155184 31.202473497045204 3
      vertex 5.862954928183683 32.089748889936224 1.2000000000000028
    endloop
  endfacet
  facet normal -0.760351603623863 0.393982444982667 0.5163751271237798
    outer loop
      vertex 5.862954928183683 32.089748889936224 1.2000000000000028
      vertex 6.792488126536455 31.524487230007566 3
      vertex 5.939207246743557 32.236909184602624 1.2000000000000028
    endloop
  endfacet
  facet normal -0.7603516036238241 0.39398244498273216 0.5163751271237871
    outer loop
      vertex 5.939207246743557 32.236909184602624 1.2000000000000028
      vertex 6.792488126536455 31.524487230007566 3
      vertex 5.958635755407727 32.269199617191525 1.2039712101342275
    endloop
  endfacet
  facet normal -0.760351603623861 0.39398244498267154 0.5163751271237791
    outer loop
      vertex 5.96365018520315 32.284081914483636 1.2000000000000028
      vertex 5.958635755407727 32.269199617191525 1.2039712101342275
      vertex 6.792488126536455 31.524487230007566 3
    endloop
  endfacet
  facet normal -0.7603516036238478 0.39398244498269314 0.5163751271237822
    outer loop
      vertex 5.96365018520315 32.284081914483636 1.2000000000000028
      vertex 6.792488126536455 31.524487230007566 3
      vertex 5.975980342709818 32.30787803827677 1.2000000000000028
    endloop
  endfacet
  facet normal -0.806916917092374 0.28677834122896545 0.5163751271237816
    outer loop
      vertex 5.975980342709818 32.30787803827677 1.2000000000000028
      vertex 6.97382560478718 31.87445267679569 3
      vertex 6.0582511172260425 32.53936581191736 1.2000000000000028
    endloop
  endfacet
  facet normal -0.8384508951409123 0.17423209958358518 0.5163751271237788
    outer loop
      vertex 6.0582511172260425 32.53936581191736 1.2000000000000028
      vertex 7.105820473791226 32.24585064329598 3
      vertex 6.072067034892314 32.605851657878944 1.2000000000000028
    endloop
  endfacet
  facet normal -0.8384508951409269 0.17423209958352598 0.5163751271237752
    outer loop
      vertex 6.072067034892314 32.605851657878944 1.2000000000000028
      vertex 7.105820473791226 32.24585064329598 3
      vertex 6.082917000278158 32.63805320762016 1.2067521059509119
    endloop
  endfacet
  facet normal -0.8384508951408789 0.17423209958371447 0.5163751271237891
    outer loop
      vertex 6.087483107954114 32.68003787436324 1.2000000000000028
      vertex 6.082917000278158 32.63805320762016 1.2067521059509119
      vertex 7.105820473791226 32.24585064329598 3
    endloop
  endfacet
  facet normal -0.8384508951409231 0.17423209958354746 0.5163751271237738
    outer loop
      vertex 6.087483107954114 32.68003787436324 1.2000000000000028
      vertex 7.105820473791226 32.24585064329598 3
      vertex 6.108234702865396 32.77990003162676 1.2000000000000028
    endloop
  endfacet
  facet normal 0 0 1
    outer loop
      vertex 2.5355516771221573 32.87073994077408 1.2000000000000028
      vertex 2.5355516771221573 33.179260059225925 1.2000000000000028
      vertex 2.5250000000000057 33.025000000000006 1.2000000000000028
    endloop
  endfacet
  facet normal 0 0 1
    outer loop
      vertex 2.591748882773963 32.53936581191736 1.2000000000000028
      vertex 2.5395564830936337 32.81219174988492 1.2000000000000028
      vertex 2.54176529713461 32.77990003162676 1.2000000000000028
    endloop
  endfacet
  facet normal 0 0 1
    outer loop
      vertex 2.5395564830936337 33.23780825011509 1.2000000000000028
      vertex 2.6124006819353838 33.56874278178025 1.2000000000000028
      vertex 2.54176529713461 33.270099968373245 1.2000000000000028
    endloop
  endfacet
  facet normal 0 0 1
    outer loop
      vertex 2.54176529713461 33.270099968373245 1.2000000000000028
      vertex 2.6124006819353838 33.56874278178025 1.2000000000000028
      vertex 2.591748882773963 33.51063418808265 1.2000000000000028
    endloop
  endfacet
  facet normal 0 0 1
    outer loop
      vertex 2.637315344723241 33.63884592416199 1.2000000000000028
      vertex 2.777413050936559 33.941662153587835 1.2000000000000028
      vertex 2.674019657290188 33.742121961723235 1.2000000000000028
    endloop
  endfacet
  facet normal 0 0 1
    outer loop
      vertex 2.784633316785971 33.95559663413921 1.2000000000000028
      vertex 2.9933571221094084 34.23016810445951 1.2000000000000028
      vertex 2.7870450718163227 33.96025111006378 1.2000000000000028
    endloop
  endfacet
  facet normal 0 0 1
    outer loop
      vertex 2.7870450718163227 33.96025111006378 1.2000000000000028
      vertex 2.9933571221094084 34.23016810445951 1.2000000000000028
      vertex 2.928719676732044 34.1609582997869 1.2000000000000028
    endloop
  endfacet
  facet normal 0 0 1
    outer loop
      vertex 3.0456873591243863 34.28620010667021 1.2000000000000028
      vertex 3.305184621404166 34.50661906797657 1.2000000000000028
      vertex 3.0964043422064265 34.34050473570063 1.2000000000000028
    endloop
  endfacet
  facet normal 0 0 1
    outer loop
      vertex 3.0964043422064265 34.34050473570063 1.2000000000000028
      vertex 3.305184621404166 34.50661906797657 1.2000000000000028
      vertex 3.2869754201932437 34.4955458074188 1.2000000000000028
    endloop
  endfacet
  facet normal 0 0 1
    outer loop
      vertex 3.344824715727313 34.53072474333764 1.2000000000000028
      vertex 3.6205974258740596 34.67693018101041 1.2000000000000028
      vertex 3.4968829320839276 34.623193393124275 1.2000000000000028
    endloop
  endfacet
  facet normal 0 0 1
    outer loop
      vertex 3.682076427072964 34.703634279662595 1.2000000000000028
      vertex 4.0079293165782985 34.79410688908724 1.2000000000000028
      vertex 3.7222166980922253 34.72106965981388 1.2000000000000028
    endloop
  endfacet
  facet normal 0 0 1
    outer loop
      vertex 3.7222166980922253 34.72106965981388 1.2000000000000028
      vertex 4.0079293165782985 34.79410688908724 1.2000000000000028
      vertex 3.95877917650526 34.787351357828186 1.2000000000000028
    endloop
  endfacet
  facet normal 0 0 1
    outer loop
      vertex 4.0773598798956385 34.80364990036101 1.2000000000000028
      vertex 4.3937446571395355 34.820803784542974 1.2000000000000028
      vertex 4.202163655943593 34.820803784542974 1.2000000000000028
    endloop
  endfacet
  facet normal 0 0 1
    outer loop
      vertex 4.92778330190778 34.72106965981388 1.2000000000000028
      vertex 4.843359869078981 34.74472399636644 1.2000000000000028
      vertex 5.162121129320688 34.61771790208782 1.2000000000000028
    endloop
  endfacet
  facet normal 0 0 1
    outer loop
      vertex 4.92778330190778 34.72106965981388 1.2000000000000028
      vertex 5.162121129320688 34.61771790208782 1.2000000000000028
      vertex 5.153117067916078 34.623193393124275 1.2000000000000028
    endloop
  endfacet
  facet normal 0 0 1
    outer loop
      vertex 4.431943413847371 34.820803784542974 1.2000000000000028
      vertex 4.769107467270025 34.76552854367485 1.2000000000000028
      vertex 4.447836344056412 34.820803784542974 1.2000000000000028
    endloop
  endfacet
  facet normal 0 0 1
    outer loop
      vertex 4.447836344056412 34.820803784542974 1.2000000000000028
      vertex 4.769107467270025 34.76552854367485 1.2000000000000028
      vertex 4.691220823494746 34.787351357828186 1.2000000000000028
    endloop
  endfacet
  facet normal 0 0 1
    outer loop
      vertex 6.087483107954114 32.68003787436324 1.2000000000000028
      vertex 6.108234702865396 32.77990003162676 1.2000000000000028
      vertex 6.125 33.025000000000006 1.2000000000000028
    endloop
  endfacet
  facet normal 0 0 1
    outer loop
      vertex 6.125 33.025000000000006 1.2000000000000028
      vertex 6.108234702865396 33.270099968373245 1.2000000000000028
      vertex 6.087483107954114 33.36996212563676 1.2000000000000028
    endloop
  endfacet
  facet normal 0 0 1
    outer loop
      vertex 6.0582511172260425 33.51063418808265 1.2000000000000028
      vertex 5.975980342709818 33.742121961723235 1.2000000000000028
      vertex 6.072067034892314 33.44414834212106 1.2000000000000028
    endloop
  endfacet
  facet normal 0 0 1
    outer loop
      vertex 6.072067034892314 33.44414834212106 1.2000000000000028
      vertex 5.975980342709818 33.742121961723235 1.2000000000000028
      vertex 5.96365018520315 33.76591808551637 1.2000000000000028
    endloop
  endfacet
  facet normal 0 0 1
    outer loop
      vertex 5.743204780147124 34.12989842050197 1.2000000000000028
      vertex 5.721280323267962 34.1609582997869 1.2000000000000028
      vertex 5.553595657793579 34.34050473570063 1.2000000000000028
    endloop
  endfacet
  facet normal 0 0 1
    outer loop
      vertex 5.743204780147124 34.12989842050197 1.2000000000000028
      vertex 5.553595657793579 34.34050473570063 1.2000000000000028
      vertex 5.510484372699686 34.375578367621664 1.2000000000000028
    endloop
  endfacet
  facet normal 0 0 1
    outer loop
      vertex 5.939207246743564 33.81309081539738 1.2000000000000028
      vertex 5.862954928183683 33.96025111006378 1.2000000000000028
      vertex 5.7796896017717145 34.07821120372675 1.2000000000000028
    endloop
  endfacet
  facet normal 0 0 1
    outer loop
      vertex 5.454230785664237 34.421344055228104 1.2000000000000028
      vertex 5.363024579806762 34.4955458074188 1.2000000000000028
      vertex 5.1861745457928095 34.6030906955006 1.2000000000000028
    endloop
  endfacet
  facet normal 0.8543661194229824 0.05844024358286538 0.5163751271237702
    outer loop
      vertex 2.54176529713461 32.77990003162676 1.2000000000000028
      vertex 2.5395564830936337 32.81219174988492 1.2000000000000028
      vertex 1.437087912087918 33.025000000000006 3
    endloop
  endfacet
  facet normal 0.854366119422982 0.05844024358275125 0.5163751271237834
    outer loop
      vertex 2.5395564830936337 32.81219174988492 1.2000000000000028
      vertex 2.5355516771221573 32.830385766836905 1.2045670436676659
      vertex 1.437087912087918 33.025000000000006 3
    endloop
  endfacet
  facet normal 0.854366119422982 0.05844024358275534 0.516375127123783
    outer loop
      vertex 2.5355516771221573 32.87073994077408 1.2000000000000028
      vertex 1.437087912087918 33.025000000000006 3
      vertex 2.5355516771221573 32.830385766836905 1.2045670436676659
    endloop
  endfacet
  facet normal 0.8543661194229818 0.058440243582778516 0.5163751271237809
    outer loop
      vertex 2.5355516771221573 32.87073994077408 1.2000000000000028
      vertex 2.5250000000000057 33.025000000000006 1.2000000000000028
      vertex 1.437087912087918 33.025000000000006 3
    endloop
  endfacet
  facet normal 0.854366119422982 -0.05844024358278123 0.5163751271237802
    outer loop
      vertex 2.5250000000000057 33.025000000000006 1.2000000000000028
      vertex 2.5355516771221573 33.179260059225925 1.2000000000000028
      vertex 1.4639860811170635 33.41823731189554 3
    endloop
  endfacet
  facet normal 0.8543661194229848 -0.05844024358275482 0.5163751271237783
    outer loop
      vertex 2.5355516771221573 33.179260059225925 1.2000000000000028
      vertex 2.5355516771221573 33.2196142331631 1.2045670436676659
      vertex 1.4639860811170635 33.41823731189554 3
    endloop
  endfacet
  facet normal 0.8543661194229851 -0.0584402435827532 0.5163751271237783
    outer loop
      vertex 2.5395564830936337 33.23780825011509 1.2000000000000028
      vertex 1.4639860811170635 33.41823731189554 3
      vertex 2.5355516771221573 33.2196142331631 1.2045670436676659
    endloop
  endfacet
  facet normal 0.8543661194229744 -0.05844024358286483 0.5163751271237832
    outer loop
      vertex 2.5395564830936337 33.23780825011509 1.2000000000000028
      vertex 2.54176529713461 33.270099968373245 1.2000000000000028
      vertex 1.4639860811170635 33.41823731189554 3
    endloop
  endfacet
  facet normal 0.8384508951409128 -0.17423209958358288 0.5163751271237785
    outer loop
      vertex 2.54176529713461 33.270099968373245 1.2000000000000028
      vertex 2.591748882773963 33.51063418808265 1.2000000000000028
      vertex 1.5441795262087794 33.80414935670402 3
    endloop
  endfacet
  facet normal 0.80691691709239 -0.2867783412289303 0.5163751271237768
    outer loop
      vertex 2.591748882773963 33.51063418808265 1.2000000000000028
      vertex 2.6124006819353838 33.56874278178025 1.2000000000000028
      vertex 1.6761743952128256 34.17554732320431 3
    endloop
  endfacet
  facet normal 0.8069169170923344 -0.2867783412290596 0.5163751271237914
    outer loop
      vertex 2.6124006819353838 33.56874278178025 1.2000000000000028
      vertex 2.6192242918709567 33.599742754244765 1.2065534418896533
      vertex 1.6761743952128256 34.17554732320431 3
    endloop
  endfacet
  facet normal 0.806916917092396 -0.28677834122891305 0.5163751271237766
    outer loop
      vertex 2.6192242918709567 33.599742754244765 1.2065534418896533
      vertex 2.637315344723241 33.63884592416199 1.2000000000000028
      vertex 1.6761743952128256 34.17554732320431 3
    endloop
  endfacet
  facet normal 0.8069169170923686 -0.28677834122898027 0.5163751271237822
    outer loop
      vertex 2.637315344723241 33.63884592416199 1.2000000000000028
      vertex 2.674019657290188 33.742121961723235 1.2000000000000028
      vertex 1.6761743952128256 34.17554732320431 3
    endloop
  endfacet
  facet normal 0.7603516036238492 -0.3939824449826909 0.5163751271237819
    outer loop
      vertex 2.674019657290188 33.742121961723235 1.2000000000000028
      vertex 2.777413050936559 33.941662153587835 1.2000000000000028
      vertex 1.857511873463551 34.52551276999244 3
    endloop
  endfacet
  facet normal 0.7603516036242255 -0.39398244498200446 0.5163751271237514
    outer loop
      vertex 2.777413050936559 33.941662153587835 1.2000000000000028
      vertex 2.7826570828983392 33.952996942918645 1.2009264580673715
      vertex 1.857511873463551 34.52551276999244 3
    endloop
  endfacet
  facet normal 0.7603516036230699 -0.39398244498412793 0.5163751271238329
    outer loop
      vertex 2.7826570828983392 33.952996942918645 1.2009264580673715
      vertex 2.784633316785971 33.95559663413921 1.2000000000000028
      vertex 1.857511873463551 34.52551276999244 3
    endloop
  endfacet
  facet normal 0.7603516036237218 -0.3939824449829276 0.5163751271237886
    outer loop
      vertex 2.784633316785971 33.95559663413921 1.2000000000000028
      vertex 2.7870450718163227 33.96025111006378 1.2000000000000028
      vertex 1.857511873463551 34.52551276999244 3
    endloop
  endfacet
  facet normal 0.699622378420311 -0.4938474012297812 0.5163751271237789
    outer loop
      vertex 2.7870450718163227 33.96025111006378 1.2000000000000028
      vertex 2.928719676732044 34.1609582997869 1.2000000000000028
      vertex 2.0848139868448214 34.8475265029548 3
    endloop
  endfacet
  facet normal 0.625860512043143 -0.5845129147871704 0.5163751271237811
    outer loop
      vertex 2.928719676732044 34.1609582997869 1.2000000000000028
      vertex 2.9933571221094084 34.23016810445951 1.2000000000000028
      vertex 2.3538465270564615 35.13559001551968 3
    endloop
  endfacet
  facet normal 0.6258605120432168 -0.5845129147870995 0.5163751271237718
    outer loop
      vertex 2.9933571221094084 34.23016810445951 1.2000000000000028
      vertex 3.0182081145383677 34.262859025936166 1.2068845511069242
      vertex 2.3538465270564615 35.13559001551968 3
    endloop
  endfacet
  facet normal 0.6258605120431403 -0.5845129147871745 0.5163751271237799
    outer loop
      vertex 3.0182081145383677 34.262859025936166 1.2068845511069242
      vertex 3.0456873591243863 34.28620010667021 1.2000000000000028
      vertex 2.3538465270564615 35.13559001551968 3
    endloop
  endfacet
  facet normal 0.6258605120431159 -0.5845129147871986 0.516375127123782
    outer loop
      vertex 3.0456873591243863 34.28620010667021 1.2000000000000028
      vertex 3.0964043422064265 34.34050473570063 1.2000000000000028
      vertex 2.3538465270564615 35.13559001551968 3
    endloop
  endfacet
  facet normal 0.5404400485002077 -0.6642900586829469 0.5163751271237804
    outer loop
      vertex 3.0964043422064265 34.34050473570063 1.2000000000000028
      vertex 3.2869754201932437 34.4955458074188 1.2000000000000028
      vertex 2.6595979269034444 35.384337229485105 3
    endloop
  endfacet
  facet normal 0.44495220940550456 -0.7316927356705504 0.5163751271237859
    outer loop
      vertex 3.2869754201932437 34.4955458074188 1.2000000000000028
      vertex 3.305184621404166 34.50661906797657 1.2000000000000028
      vertex 2.996372616310474 35.589134454902684 3
    endloop
  endfacet
  facet normal 0.44495220940552044 -0.7316927356705424 0.5163751271237839
    outer loop
      vertex 3.305184621404166 34.50661906797657 1.2000000000000028
      vertex 3.3148632823477158 34.51484019668241 1.2033092193879895
      vertex 2.996372616310474 35.589134454902684 3
    endloop
  endfacet
  facet normal 0.4449522094055285 -0.731692735670538 0.5163751271237828
    outer loop
      vertex 3.344824715727313 34.53072474333764 1.2000000000000028
      vertex 2.996372616310474 35.589134454902684 3
      vertex 3.3148632823477158 34.51484019668241 1.2033092193879895
    endloop
  endfacet
  facet normal 0.4449522094055385 -0.731692735670533 0.5163751271237815
    outer loop
      vertex 3.344824715727313 34.53072474333764 1.2000000000000028
      vertex 3.4968829320839276 34.623193393124275 1.2000000000000028
      vertex 2.996372616310474 35.589134454902684 3
    endloop
  endfacet
  facet normal 0.3411757525315738 -0.785465361408391 0.5163751271237803
    outer loop
      vertex 3.4968829320839276 34.623193393124275 1.2000000000000028
      vertex 3.6205974258740596 34.67693018101041 1.2000000000000028
      vertex 3.357897120016098 35.746166706954135 3
    endloop
  endfacet
  facet normal 0.34117575253159893 -0.7854653614083813 0.5163751271237782
    outer loop
      vertex 3.6205974258740596 34.67693018101041 1.2000000000000028
      vertex 3.6587513203881556 34.697158095670225 1.205560187691347
      vertex 3.357897120016098 35.746166706954135 3
    endloop
  endfacet
  facet normal 0.34117575253136856 -0.7854653614084719 0.5163751271237925
    outer loop
      vertex 3.6587513203881556 34.697158095670225 1.205560187691347
      vertex 3.682076427072964 34.703634279662595 1.2000000000000028
      vertex 3.357897120016098 35.746166706954135 3
    endloop
  endfacet
  facet normal 0.34117575253163474 -0.7854653614083653 0.5163751271237786
    outer loop
      vertex 3.682076427072964 34.703634279662595 1.2000000000000028
      vertex 3.7222166980922253 34.72106965981388 1.2000000000000028
      vertex 3.357897120016098 35.746166706954135 3
    endloop
  endfacet
  facet normal 0.23104383691724528 -0.8246062536207553 0.51637512712378
    outer loop
      vertex 3.7222166980922253 34.72106965981388 1.2000000000000028
      vertex 3.95877917650526 34.787351357828186 1.2000000000000028
      vertex 3.737436920546898 35.85250877190016 3
    endloop
  endfacet
  facet normal 0.11660801177279562 -0.8483862915431181 0.5163751271237906
    outer loop
      vertex 3.95877917650526 34.787351357828186 1.2000000000000028
      vertex 4.0079293165782985 34.79410688908724 1.2000000000000028
      vertex 4.127921909535871 35.90617969827774 3
    endloop
  endfacet
  facet normal 0.11660801177292567 -0.8483862915431089 0.5163751271237762
    outer loop
      vertex 4.0079293165782985 34.79410688908724 1.2000000000000028
      vertex 4.033792406205023 34.80128774057475 1.2059574761493081
      vertex 4.127921909535871 35.90617969827774 3
    endloop
  endfacet
  facet normal 0.1166080117728633 -0.8483862915431141 0.5163751271237819
    outer loop
      vertex 4.0773598798956385 34.80364990036101 1.2000000000000028
      vertex 4.202163655943593 34.820803784542974 1.2000000000000028
      vertex 4.127921909535871 35.90617969827774 3
    endloop
  endfacet
  facet normal 0.11660801177289758 -0.8483862915431112 0.5163751271237791
    outer loop
      vertex 4.0773598798956385 34.80364990036101 1.2000000000000028
      vertex 4.127921909535871 35.90617969827774 3
      vertex 4.033792406205023 34.80128774057475 1.2059574761493081
    endloop
  endfacet
  facet normal 0 -0.8563624980625311 0.5163751271237818
    outer loop
      vertex 4.202163655943593 34.820803784542974 1.2000000000000028
      vertex 4.3937446571395355 34.820803784542974 1.2000000000000028
      vertex 4.5220780904641344 35.90617969827774 3
    endloop
  endfacet
  facet normal -2.3888629022398e-13 -0.8563624980625234 0.5163751271237942
    outer loop
      vertex 4.3937446571395355 34.820803784542974 1.2000000000000028
      vertex 4.422450035453757 34.82236014493202 1.2025810861148187
      vertex 4.5220780904641344 35.90617969827774 3
    endloop
  endfacet
  facet normal 7.080440547681782e-13 -0.8563624980625467 0.5163751271237558
    outer loop
      vertex 4.431943413847371 34.820803784542974 1.2000000000000028
      vertex 4.5220780904641344 35.90617969827774 3
      vertex 4.422450035453757 34.82236014493202 1.2025810861148187
    endloop
  endfacet
  facet normal 0 -0.856362498062531 0.5163751271237818
    outer loop
      vertex 4.431943413847371 34.820803784542974 1.2000000000000028
      vertex 4.447836344056412 34.820803784542974 1.2000000000000028
      vertex 4.5220780904641344 35.90617969827774 3
    endloop
  endfacet
  facet normal -0.11660801177286256 -0.8483862915431153 0.5163751271237802
    outer loop
      vertex 4.447836344056412 34.820803784542974 1.2000000000000028
      vertex 4.691220823494746 34.787351357828186 1.2000000000000028
      vertex 4.912563079453108 35.85250877190016 3
    endloop
  endfacet
  facet normal -0.2310438369172378 -0.8246062536207571 0.5163751271237805
    outer loop
      vertex 4.691220823494746 34.787351357828186 1.2000000000000028
      vertex 4.769107467270025 34.76552854367485 1.2000000000000028
      vertex 5.292102879983908 35.746166706954135 3
    endloop
  endfacet
  facet normal -0.2310438369172479 -0.8246062536207536 0.5163751271237816
    outer loop
      vertex 4.92778330190778 34.72106965981388 1.2000000000000028
      vertex 5.292102879983908 35.746166706954135 3
      vertex 4.843359869078981 34.74472399636644 1.2000000000000028
    endloop
  endfacet
  facet normal -0.23104383691726446 -0.8246062536207482 0.5163751271237829
    outer loop
      vertex 4.843359869078981 34.74472399636644 1.2000000000000028
      vertex 5.292102879983908 35.746166706954135 3
      vertex 4.806551009352603 34.7593899865346 1.2069507744194965
    endloop
  endfacet
  facet normal -0.23104383691723343 -0.8246062536207587 0.5163751271237801
    outer loop
      vertex 4.769107467270025 34.76552854367485 1.2000000000000028
      vertex 4.806551009352603 34.7593899865346 1.2069507744194965
      vertex 5.292102879983908 35.746166706954135 3
    endloop
  endfacet
  facet normal -0.8069169170923758 -0.28677834122896606 0.5163751271237788
    outer loop
      vertex 6.0582511172260425 33.51063418808265 1.2000000000000028
      vertex 7.105820473791226 33.80414935670402 3
      vertex 5.975980342709818 33.742121961723235 1.2000000000000028
    endloop
  endfacet
  facet normal -0.8543661194229815 0.058440243582784095 0.5163751271237806
    outer loop
      vertex 6.108234702865396 32.77990003162676 1.2000000000000028
      vertex 7.186013918882942 32.631762688104466 3
      vertex 6.125 33.025000000000006 1.2000000000000028
    endloop
  endfacet
  facet normal -0.8543661194229814 -0.05844024358278579 0.5163751271237806
    outer loop
      vertex 6.125 33.025000000000006 1.2000000000000028
      vertex 7.212912087912088 33.025000000000006 3
      vertex 6.108234702865396 33.270099968373245 1.2000000000000028
    endloop
  endfacet
  facet normal -0.8384508951409156 -0.17423209958355831 0.5163751271237821
    outer loop
      vertex 6.108234702865396 33.270099968373245 1.2000000000000028
      vertex 7.186013918882942 33.41823731189554 3
      vertex 6.087483107954114 33.36996212563676 1.2000000000000028
    endloop
  endfacet
  facet normal -0.8384508951408952 -0.17423209958368413 0.5163751271237729
    outer loop
      vertex 6.087483107954114 33.36996212563676 1.2000000000000028
      vertex 7.186013918882942 33.41823731189554 3
      vertex 6.082917000278158 33.411946792379844 1.2067521059509119
    endloop
  endfacet
  facet normal -0.83845089514092 -0.17423209958352107 0.5163751271237876
    outer loop
      vertex 6.072067034892314 33.44414834212106 1.2000000000000028
      vertex 6.082917000278158 33.411946792379844 1.2067521059509119
      vertex 7.186013918882942 33.41823731189554 3
    endloop
  endfacet
  facet normal -0.8384508951409109 -0.17423209958358488 0.516375127123781
    outer loop
      vertex 6.0582511172260425 33.51063418808265 1.2000000000000028
      vertex 6.072067034892314 33.44414834212106 1.2000000000000028
      vertex 7.186013918882942 33.41823731189554 3
    endloop
  endfacet
  facet normal -0.7603516036240632 -0.39398244498225243 0.5163751271238012
    outer loop
      vertex 5.96365018520315 33.76591808551637 1.2000000000000028
      vertex 6.97382560478718 34.17554732320431 3
      vertex 5.958635755407727 33.78080038280848 1.2039712101342133
    endloop
  endfacet
  facet normal -0.7603516036238483 -0.3939824449826934 0.5163751271237811
    outer loop
      vertex 5.975980342709818 33.742121961723235 1.2000000000000028
      vertex 6.97382560478718 34.17554732320431 3
      vertex 5.96365018520315 33.76591808551637 1.2000000000000028
    endloop
  endfacet
  facet normal -0.760351603623807 -0.3939824449827835 0.5163751271237732
    outer loop
      vertex 5.939207246743564 33.81309081539738 1.2000000000000028
      vertex 5.958635755407727 33.78080038280848 1.2039712101342133
      vertex 6.97382560478718 34.17554732320431 3
    endloop
  endfacet
  facet normal -0.7603516036238482 -0.3939824449826961 0.5163751271237792
    outer loop
      vertex 5.939207246743564 33.81309081539738 1.2000000000000028
      vertex 6.97382560478718 34.17554732320431 3
      vertex 5.862954928183683 33.96025111006378 1.2000000000000028
    endloop
  endfacet
  facet normal -0.699622378420293 -0.4938474012298054 0.51637512712378
    outer loop
      vertex 5.862954928183683 33.96025111006378 1.2000000000000028
      vertex 6.792488126536455 34.52551276999244 3
      vertex 5.7796896017717145 34.07821120372675 1.2000000000000028
    endloop
  endfacet
  facet normal -0.6996223784203649 -0.49384740122969106 0.5163751271237919
    outer loop
      vertex 5.7796896017717145 34.07821120372675 1.2000000000000028
      vertex 6.792488126536455 34.52551276999244 3
      vertex 5.7579675182701635 34.114313587348775 1.2050967067701208
    endloop
  endfacet
  facet normal -0.6996223784203652 -0.4938474012296906 0.516375127123792
    outer loop
      vertex 5.743204780147124 34.12989842050197 1.2000000000000028
      vertex 5.7579675182701635 34.114313587348775 1.2050967067701208
      vertex 6.792488126536455 34.52551276999244 3
    endloop
  endfacet
  facet normal -0.6996223784202794 -0.49384740122983195 0.5163751271237731
    outer loop
      vertex 5.743204780147124 34.12989842050197 1.2000000000000028
      vertex 6.792488126536455 34.52551276999244 3
      vertex 5.721280323267962 34.1609582997869 1.2000000000000028
    endloop
  endfacet
  facet normal -0.5404400485002157 -0.6642900586829392 0.5163751271237815
    outer loop
      vertex 5.454230785664237 34.421344055228104 1.2000000000000028
      vertex 6.296153472943544 35.13559001551968 3
      vertex 5.363024579806762 34.4955458074188 1.2000000000000028
    endloop
  endfacet
  facet normal -0.34117575253156845 -0.7854653614083922 0.5163751271237815
    outer loop
      vertex 4.92778330190778 34.72106965981388 1.2000000000000028
      vertex 5.153117067916078 34.623193393124275 1.2000000000000028
      vertex 5.653627383689532 35.589134454902684 3
    endloop
  endfacet
  facet normal -0.44495220940550917 -0.7316927356705542 0.5163751271237768
    outer loop
      vertex 5.1861745457928095 34.6030906955006 1.2000000000000028
      vertex 5.990402073096561 35.384337229485105 3
      vertex 5.168135193259623 34.61532168000284 1.2017868264678953
    endloop
  endfacet
  facet normal -0.44495220940553376 -0.7316927356705366 0.5163751271237802
    outer loop
      vertex 5.363024579806762 34.4955458074188 1.2000000000000028
      vertex 5.990402073096561 35.384337229485105 3
      vertex 5.1861745457928095 34.6030906955006 1.2000000000000028
    endloop
  endfacet
  facet normal -0.44495220940563873 -0.7316927356704614 0.5163751271237964
    outer loop
      vertex 5.162121129320688 34.61771790208782 1.2000000000000028
      vertex 5.168135193259623 34.61532168000284 1.2017868264678953
      vertex 5.990402073096561 35.384337229485105 3
    endloop
  endfacet
  facet normal -0.44495220940552727 -0.7316927356705414 0.5163751271237791
    outer loop
      vertex 5.162121129320688 34.61771790208782 1.2000000000000028
      vertex 5.990402073096561 35.384337229485105 3
      vertex 5.153117067916078 34.623193393124275 1.2000000000000028
    endloop
  endfacet
  facet normal -0.6258605120431467 -0.5845129147871683 0.5163751271237791
    outer loop
      vertex 5.721280323267962 34.1609582997869 1.2000000000000028
      vertex 6.565186013155184 34.8475265029548 3
      vertex 5.553595657793579 34.34050473570063 1.2000000000000028
    endloop
  endfacet
  facet normal -0.540440048500206 -0.6642900586829483 0.5163751271237802
    outer loop
      vertex 5.553595657793579 34.34050473570063 1.2000000000000028
      vertex 6.296153472943544 35.13559001551968 3
      vertex 5.510484372699686 34.375578367621664 1.2000000000000028
    endloop
  endfacet
  facet normal -0.5404400485002935 -0.6642900586828724 0.5163751271237863
    outer loop
      vertex 5.510484372699686 34.375578367621664 1.2000000000000028
      vertex 6.296153472943544 35.13559001551968 3
      vertex 5.490295312607294 34.39689169922975 1.2062885633303893
    endloop
  endfacet
  facet normal -0.5404400485001283 -0.6642900586830179 0.516375127123772
    outer loop
      vertex 5.454230785664237 34.421344055228104 1.2000000000000028
      vertex 5.490295312607294 34.39689169922975 1.2062885633303893
      vertex 6.296153472943544 35.13559001551968 3
    endloop
  endfacet
  facet normal 0.625860512043153 0.5845129147871605 0.5163751271237802
    outer loop
      vertex 3.0964043422064265 31.709495264299377 1.2000000000000028
      vertex 2.0848139868448214 31.202473497045204 3
      vertex 2.3538465270564615 30.914409984480322 3
    endloop
  endfacet
  facet normal 0.6996223784203036 0.49384740122979115 0.5163751271237792
    outer loop
      vertex 2.928719676732044 31.889041700213106 1.2000000000000028
      vertex 1.857511873463551 31.524487230007566 3
      vertex 2.0848139868448214 31.202473497045204 3
    endloop
  endfacet
  facet normal 0.7603516036238525 0.3939824449826878 0.5163751271237793
    outer loop
      vertex 2.7870450718163227 32.08974888993622 1.2000000000000028
      vertex 1.6761743952128256 31.87445267679569 3
      vertex 1.857511873463551 31.524487230007566 3
    endloop
  endfacet
  facet normal 0.8384508951409089 0.17423209958359964 0.5163751271237791
    outer loop
      vertex 2.591748882773963 32.53936581191736 1.2000000000000028
      vertex 1.4639860811170635 32.631762688104466 3
      vertex 1.5441795262087794 32.24585064329598 3
    endloop
  endfacet
  facet normal 0.8069169170923806 0.28677834122894824 0.5163751271237812
    outer loop
      vertex 2.674019657290188 32.30787803827677 1.2000000000000028
      vertex 1.5441795262087794 32.24585064329598 3
      vertex 1.6761743952128256 31.87445267679569 3
    endloop
  endfacet
  facet normal 0.4449522094055416 0.7316927356705311 0.5163751271237814
    outer loop
      vertex 3.4968829320839276 31.42680660687573 1.2000000000000028
      vertex 2.6595979269034444 30.6656627705149 3
      vertex 2.996372616310474 30.46086554509732 3
    endloop
  endfacet
  facet normal 0.23104383691723607 0.8246062536207569 0.5163751271237814
    outer loop
      vertex 3.95877917650526 31.262648642171822 1.2000000000000028
      vertex 3.357897120016098 30.30383329304587 3
      vertex 3.737436920546898 30.197491228099842 3
    endloop
  endfacet
  facet normal 0.3411757525315652 0.7854653614083942 0.516375127123781
    outer loop
      vertex 3.7222166980922253 31.328930340186126 1.2000000000000028
      vertex 2.996372616310474 30.46086554509732 3
      vertex 3.357897120016098 30.30383329304587 3
    endloop
  endfacet
  facet normal 0.5404400485002087 0.664290058682946 0.5163751271237803
    outer loop
      vertex 3.2869754201932437 31.554454192581204 1.2000000000000028
      vertex 2.3538465270564615 30.914409984480322 3
      vertex 2.6595979269034444 30.6656627705149 3
    endloop
  endfacet
  facet normal 0.11660801177285855 0.8483862915431162 0.5163751271237795
    outer loop
      vertex 4.202163655943593 31.22919621545703 1.2000000000000028
      vertex 3.737436920546898 30.197491228099842 3
      vertex 4.127921909535871 30.143820301722272 3
    endloop
  endfacet
  facet normal 1.320802936253138e-16 0.8563624980625323 0.5163751271237792
    outer loop
      vertex 4.447836344056412 31.22919621545703 1.2000000000000028
      vertex 4.127921909535871 30.143820301722272 3
      vertex 4.5220780904641344 30.143820301722272 3
    endloop
  endfacet
  facet normal -0.11660801177285823 0.8483862915431152 0.5163751271237812
    outer loop
      vertex 4.691220823494746 31.262648642171822 1.2000000000000028
      vertex 4.5220780904641344 30.143820301722272 3
      vertex 4.912563079453108 30.197491228099842 3
    endloop
  endfacet
  facet normal -0.231043836917236 0.8246062536207571 0.5163751271237812
    outer loop
      vertex 4.92778330190778 31.328930340186126 1.2000000000000028
      vertex 4.912563079453108 30.197491228099842 3
      vertex 5.292102879983908 30.30383329304587 3
    endloop
  endfacet
  facet normal -0.3411757525315712 0.7854653614083925 0.5163751271237794
    outer loop
      vertex 5.153117067916078 31.426806606875726 1.2000000000000028
      vertex 5.292102879983908 30.30383329304587 3
      vertex 5.653627383689525 30.46086554509732 3
    endloop
  endfacet
  facet normal -0.444952209405535 0.7316927356705358 0.5163751271237802
    outer loop
      vertex 5.363024579806762 31.554454192581204 1.2000000000000028
      vertex 5.653627383689525 30.46086554509732 3
      vertex 5.990402073096561 30.6656627705149 3
    endloop
  endfacet
  facet normal -0.5404400485002088 0.664290058682946 0.5163751271237802
    outer loop
      vertex 5.553595657793579 31.709495264299377 1.2000000000000028
      vertex 5.990402073096561 30.6656627705149 3
      vertex 6.296153472943544 30.914409984480322 3
    endloop
  endfacet
  facet normal -0.6258605120431532 0.5845129147871609 0.5163751271237793
    outer loop
      vertex 5.721280323267962 31.889041700213106 1.2000000000000028
      vertex 6.296153472943544 30.914409984480322 3
      vertex 6.565186013155184 31.202473497045204 3
    endloop
  endfacet
  facet normal -0.699622378420303 0.4938474012297907 0.5163751271237805
    outer loop
      vertex 5.862954928183683 32.089748889936224 1.2000000000000028
      vertex 6.565186013155184 31.202473497045204 3
      vertex 6.792488126536455 31.524487230007566 3
    endloop
  endfacet
  facet normal -0.7603516036238515 0.39398244498268725 0.5163751271237813
    outer loop
      vertex 5.975980342709818 32.30787803827677 1.2000000000000028
      vertex 6.792488126536455 31.524487230007566 3
      vertex 6.97382560478718 31.87445267679569 3
    endloop
  endfacet
  facet normal -0.8069169170923816 0.2867783412289488 0.5163751271237792
    outer loop
      vertex 6.0582511172260425 32.53936581191736 1.2000000000000028
      vertex 6.97382560478718 31.87445267679569 3
      vertex 7.105820473791226 32.24585064329598 3
    endloop
  endfacet
  facet normal -0.838450895140908 0.17423209958359942 0.5163751271237809
    outer loop
      vertex 6.108234702865396 32.77990003162676 1.2000000000000028
      vertex 7.105820473791226 32.24585064329598 3
      vertex 7.186013918882942 32.631762688104466 3
    endloop
  endfacet
  facet normal 0.8543661194229815 0.058440243582783755 0.5163751271237808
    outer loop
      vertex 2.54176529713461 32.77990003162676 1.2000000000000028
      vertex 1.437087912087918 33.025000000000006 3
      vertex 1.4639860811170635 32.631762688104466 3
    endloop
  endfacet
  facet normal 0.8543661194229814 -0.05844024358278466 0.5163751271237806
    outer loop
      vertex 2.5250000000000057 33.025000000000006 1.2000000000000028
      vertex 1.4639860811170635 33.41823731189554 3
      vertex 1.437087912087918 33.025000000000006 3
    endloop
  endfacet
  facet normal 0.838450895140908 -0.17423209958359942 0.5163751271237809
    outer loop
      vertex 2.54176529713461 33.270099968373245 1.2000000000000028
      vertex 1.5441795262087794 33.80414935670402 3
      vertex 1.4639860811170635 33.41823731189554 3
    endloop
  endfacet
  facet normal 0.8069169170923816 -0.2867783412289488 0.5163751271237792
    outer loop
      vertex 2.591748882773963 33.51063418808265 1.2000000000000028
      vertex 1.6761743952128256 34.17554732320431 3
      vertex 1.5441795262087794 33.80414935670402 3
    endloop
  endfacet
  facet normal 0.7603516036238515 -0.39398244498268725 0.5163751271237813
    outer loop
      vertex 2.674019657290188 33.742121961723235 1.2000000000000028
      vertex 1.857511873463551 34.52551276999244 3
      vertex 1.6761743952128256 34.17554732320431 3
    endloop
  endfacet
  facet normal 0.699622378420303 -0.4938474012297907 0.5163751271237805
    outer loop
      vertex 2.7870450718163227 33.96025111006378 1.2000000000000028
      vertex 2.0848139868448214 34.8475265029548 3
      vertex 1.857511873463551 34.52551276999244 3
    endloop
  endfacet
  facet normal 0.6258605120431532 -0.5845129147871609 0.5163751271237793
    outer loop
      vertex 2.928719676732044 34.1609582997869 1.2000000000000028
      vertex 2.3538465270564615 35.13559001551968 3
      vertex 2.0848139868448214 34.8475265029548 3
    endloop
  endfacet
  facet normal 0.5404400485002088 -0.664290058682946 0.5163751271237802
    outer loop
      vertex 3.0964043422064265 34.34050473570063 1.2000000000000028
      vertex 2.6595979269034444 35.384337229485105 3
      vertex 2.3538465270564615 35.13559001551968 3
    endloop
  endfacet
  facet normal 0.4449522094055418 -0.7316927356705315 0.5163751271237804
    outer loop
      vertex 3.2869754201932437 34.4955458074188 1.2000000000000028
      vertex 2.996372616310474 35.589134454902684 3
      vertex 2.6595979269034444 35.384337229485105 3
    endloop
  endfacet
  facet normal 0.341175752531565 -0.785465361408394 0.5163751271237814
    outer loop
      vertex 3.4968829320839276 34.623193393124275 1.2000000000000028
      vertex 3.357897120016098 35.746166706954135 3
      vertex 2.996372616310474 35.589134454902684 3
    endloop
  endfacet
  facet normal 0.231043836917236 -0.8246062536207571 0.5163751271237812
    outer loop
      vertex 3.7222166980922253 34.72106965981388 1.2000000000000028
      vertex 3.737436920546898 35.85250877190016 3
      vertex 3.357897120016098 35.746166706954135 3
    endloop
  endfacet
  facet normal 0.11660801177287351 -0.8483862915431136 0.5163751271237804
    outer loop
      vertex 3.95877917650526 34.787351357828186 1.2000000000000028
      vertex 4.127921909535871 35.90617969827774 3
      vertex 3.737436920546898 35.85250877190016 3
    endloop
  endfacet
  facet normal 2.8727935663443635e-17 -0.856362498062531 0.5163751271237818
    outer loop
      vertex 4.202163655943593 34.820803784542974 1.2000000000000028
      vertex 4.5220780904641344 35.90617969827774 3
      vertex 4.127921909535871 35.90617969827774 3
    endloop
  endfacet
  facet normal -0.1166080117728734 -0.8483862915431131 0.5163751271237816
    outer loop
      vertex 4.447836344056412 34.820803784542974 1.2000000000000028
      vertex 4.912563079453108 35.85250877190016 3
      vertex 4.5220780904641344 35.90617969827774 3
    endloop
  endfacet
  facet normal -0.23104383691723626 -0.8246062536207577 0.5163751271237803
    outer loop
      vertex 4.691220823494746 34.787351357828186 1.2000000000000028
      vertex 5.292102879983908 35.746166706954135 3
      vertex 4.912563079453108 35.85250877190016 3
    endloop
  endfacet
  facet normal -0.8543661194229816 0.058440243582783616 0.5163751271237808
    outer loop
      vertex 6.125 33.025000000000006 1.2000000000000028
      vertex 7.186013918882942 32.631762688104466 3
      vertex 7.212912087912088 33.025000000000006 3
    endloop
  endfacet
  facet normal -0.8543661194229814 -0.0584402435827848 0.5163751271237808
    outer loop
      vertex 6.108234702865396 33.270099968373245 1.2000000000000028
      vertex 7.212912087912088 33.025000000000006 3
      vertex 7.186013918882942 33.41823731189554 3
    endloop
  endfacet
  facet normal -0.8384508951409089 -0.17423209958359964 0.5163751271237791
    outer loop
      vertex 6.0582511172260425 33.51063418808265 1.2000000000000028
      vertex 7.186013918882942 33.41823731189554 3
      vertex 7.105820473791226 33.80414935670402 3
    endloop
  endfacet
  facet normal -0.6996223784203036 -0.49384740122979115 0.5163751271237792
    outer loop
      vertex 5.721280323267962 34.1609582997869 1.2000000000000028
      vertex 6.792488126536455 34.52551276999244 3
      vertex 6.565186013155184 34.8475265029548 3
    endloop
  endfacet
  facet normal -0.5404400485002087 -0.664290058682946 0.5163751271237803
    outer loop
      vertex 5.363024579806762 34.4955458074188 1.2000000000000028
      vertex 6.296153472943544 35.13559001551968 3
      vertex 5.990402073096561 35.384337229485105 3
    endloop
  endfacet
  facet normal -0.625860512043153 -0.5845129147871605 0.5163751271237802
    outer loop
      vertex 5.553595657793579 34.34050473570063 1.2000000000000028
      vertex 6.565186013155184 34.8475265029548 3
      vertex 6.296153472943544 35.13559001551968 3
    endloop
  endfacet
  facet normal -0.8069169170923806 -0.28677834122894824 0.5163751271237812
    outer loop
      vertex 5.975980342709818 33.742121961723235 1.2000000000000028
      vertex 7.105820473791226 33.80414935670402 3
      vertex 6.97382560478718 34.17554732320431 3
    endloop
  endfacet
  facet normal -0.7603516036238519 -0.3939824449826875 0.5163751271237804
    outer loop
      vertex 5.862954928183683 33.96025111006378 1.2000000000000028
      vertex 6.97382560478718 34.17554732320431 3
      vertex 6.792488126536455 34.52551276999244 3
    endloop
  endfacet
  facet normal -0.4449522094055416 -0.7316927356705311 0.5163751271237814
    outer loop
      vertex 5.153117067916078 34.623193393124275 1.2000000000000028
      vertex 5.990402073096561 35.384337229485105 3
      vertex 5.653627383689532 35.589134454902684 3
    endloop
  endfacet
  facet normal -0.3411757525315652 -0.7854653614083942 0.516375127123781
    outer loop
      vertex 4.92778330190778 34.72106965981388 1.2000000000000028
      vertex 5.653627383689532 35.589134454902684 3
      vertex 5.292102879983908 35.746166706954135 3
    endloop
  endfacet
  facet normal 0.46840844069979815 0.8835120444460187 -2.928876609004672e-16
    outer loop
      vertex 76.3581632823477 2.8351598033175964 0
      vertex 76.3881247157273 2.8192752566623582 1.2000000000000028
      vertex 76.70205132038814 2.652841904329776 0
    endloop
  endfacet
  facet normal 0.7960930657056393 0.6051742151937709 -1.9982043231244864e-15
    outer loop
      vertex 75.82595708289833 3.39700305708136 0
      vertex 75.82793331678596 3.394403365860791 1.2000000000000028
      vertex 76.06150811453836 3.0871409740638374 0
    endloop
  endfacet
  facet normal 0.6473862847818265 0.7621620551276375 2.063319505050331e-15
    outer loop
      vertex 76.3581632823477 2.8351598033175964 0
      vertex 76.06150811453836 3.0871409740638374 0
      vertex 76.08898735912437 3.063799893329797 1.2000000000000028
    endloop
  endfacet
  facet normal 0.9075754196709518 0.41988910156027587 -9.565588345885883e-15
    outer loop
      vertex 75.82595708289833 3.39700305708136 0
      vertex 75.66252429187094 3.750257245755236 0
      vertex 75.68061534472324 3.71115407583801 1.2000000000000028
    endloop
  endfacet
  facet normal 0.9766205557100922 0.21497044021099868 1.3280628232754256e-15
    outer loop
      vertex 75.66252429187094 3.750257245755236 0
      vertex 75.57885167712215 4.130385766836904 0
      vertex 75.58285648309362 4.1121917498849125 1.2000000000000028
    endloop
  endfacet
  facet normal 1 0 0
    outer loop
      vertex 75.57885167712215 4.130385766836904 0
      vertex 75.57885167712215 4.519614233163095 0
      vertex 75.57885167712215 4.479260059225924 1.2000000000000028
    endloop
  endfacet
  facet normal 0.2675283385292227 0.9635499925192225 7.124208813536381e-17
    outer loop
      vertex 77.07709240620501 2.548712259425251 0
      vertex 76.70205132038814 2.652841904329776 0
      vertex 76.72537642707294 2.6463657203374034 1.2000000000000028
    endloop
  endfacet
  facet normal 0.0541389085854109 0.9985334138511242 -1.9721221797181094e-15
    outer loop
      vertex 77.07709240620501 2.548712259425251 0
      vertex 77.12065987989563 2.546350099638996 1.2000000000000028
      vertex 77.46575003545374 2.527639855067978 0
    endloop
  endfacet
  facet normal -0.16178199655275666 0.9868265225415275 -4.682645864318411e-16
    outer loop
      vertex 77.46575003545374 2.527639855067978 0
      vertex 77.47524341384735 2.5291962154570307 1.2000000000000028
      vertex 77.84985100935259 2.5906100134653975 0
    endloop
  endfacet
  facet normal -0.3701381553399263 0.9289767198167866 2.259776413465146e-16
    outer loop
      vertex 77.84985100935259 2.5906100134653975 0
      vertex 77.88665986907897 2.6052760036335627 1.2000000000000028
      vertex 78.2114351932596 2.7346783199971583 0
    endloop
  endfacet
  facet normal -0.5611870653623767 0.8276889981568943 3.3949007996790735e-15
    outer loop
      vertex 78.2114351932596 2.7346783199971583 0
      vertex 78.2294745457928 2.746909304499404 1.2000000000000028
      vertex 78.53359531260728 2.9531083007702534 0
    endloop
  endfacet
  facet normal -0.7259954919231228 0.6876994588534316 6.0448464729095465e-15
    outer loop
      vertex 78.53359531260728 2.9531083007702534 0
      vertex 78.55378437269968 2.9744216323783395 1.2000000000000028
      vertex 78.80126751827015 3.235686412651223 0
    endloop
  endfacet
  facet normal -0.8568571761675889 0.5155538571770223 -7.376095857343757e-15
    outer loop
      vertex 78.80126751827015 3.235686412651223 0
      vertex 78.8229896017717 3.2717887962732455 1.2000000000000028
      vertex 79.00193575540771 3.569199617191522 0
    endloop
  endfacet
  facet normal -0.9476531711828042 0.31930153013597484 -2.5503099130515887e-15
    outer loop
      vertex 79.00193575540771 3.569199617191522 0
      vertex 79.00695018520314 3.584081914483633 1.2000000000000028
      vertex 79.12621700027815 3.9380532076201558 0
    endloop
  endfacet
  facet normal -0.9941379571543603 0.10811901842393654 2.885940296152519e-15
    outer loop
      vertex 79.12621700027815 3.9380532076201558 0
      vertex 79.1307831079541 3.980037874363237 1.2000000000000028
      vertex 79.16829999999999 4.324999999999999 0
    endloop
  endfacet
  facet normal -0.9941379571543603 -0.10811901842393654 0
    outer loop
      vertex 79.16829999999999 4.324999999999999 0
      vertex 79.16829999999999 4.324999999999999 1.2000000000000028
      vertex 79.12621700027815 4.711946792379843 0
    endloop
  endfacet
  facet normal 0.6473862847818272 0.7621620551276368 2.4286982297836913e-15
    outer loop
      vertex 76.3581632823477 2.8351598033175964 0
      vertex 76.08898735912437 3.063799893329797 1.2000000000000028
      vertex 76.34848462140415 2.843380932023427 1.2000000000000028
    endloop
  endfacet
  facet normal 0.4684084406998029 0.8835120444460162 1.2939703452632973e-15
    outer loop
      vertex 76.70205132038814 2.652841904329776 0
      vertex 76.3881247157273 2.8192752566623582 1.2000000000000028
      vertex 76.66389742587404 2.673069818989589 1.2000000000000028
    endloop
  endfacet
  facet normal 0.46840844069978893 0.8835120444460235 0
    outer loop
      vertex 76.3581632823477 2.8351598033175964 0
      vertex 76.3581632823477 2.8351598033175964 1.2033092193879895
      vertex 76.3881247157273 2.8192752566623582 1.2000000000000028
    endloop
  endfacet
  facet normal 0.6473862847816524 0.7621620551277852 0
    outer loop
      vertex 76.3581632823477 2.8351598033175964 0
      vertex 76.34848462140415 2.843380932023427 1.2000000000000028
      vertex 76.3581632823477 2.8351598033175964 1.2033092193879895
    endloop
  endfacet
  facet normal 0.7960930657051949 0.6051742151943555 0
    outer loop
      vertex 75.82595708289833 3.39700305708136 0
      vertex 75.82595708289833 3.39700305708136 1.2009264580673715
      vertex 75.82793331678596 3.394403365860791 1.2000000000000028
    endloop
  endfacet
  facet normal 0.9075754196711594 0.4198891015598271 0
    outer loop
      vertex 75.82595708289833 3.39700305708136 0
      vertex 75.82071305093655 3.4083378464121648 1.2000000000000028
      vertex 75.82595708289833 3.39700305708136 1.2009264580673715
    endloop
  endfacet
  facet normal 0.7960930657056347 0.6051742151937773 -4.533836188906297e-15
    outer loop
      vertex 76.06150811453836 3.0871409740638374 0
      vertex 75.82793331678596 3.394403365860791 1.2000000000000028
      vertex 76.0366571221094 3.1198318955404947 1.2000000000000028
    endloop
  endfacet
  facet normal 0.6473862847818788 0.7621620551275928 0
    outer loop
      vertex 76.06150811453836 3.0871409740638374 0
      vertex 76.06150811453836 3.0871409740638374 1.2068845511069242
      vertex 76.08898735912437 3.063799893329797 1.2000000000000028
    endloop
  endfacet
  facet normal 0.7960930657057147 0.6051742151936719 0
    outer loop
      vertex 76.06150811453836 3.0871409740638374 0
      vertex 76.0366571221094 3.1198318955404947 1.2000000000000028
      vertex 76.06150811453836 3.0871409740638374 1.2068845511069242
    endloop
  endfacet
  facet normal 0.9075754196709586 0.41988910156026155 -4.980929733863544e-15
    outer loop
      vertex 75.82595708289833 3.39700305708136 0
      vertex 75.68061534472324 3.71115407583801 1.2000000000000028
      vertex 75.82071305093655 3.4083378464121648 1.2000000000000028
    endloop
  endfacet
  facet normal 0.9075754196708401 0.4198891015605176 0
    outer loop
      vertex 75.66252429187094 3.750257245755236 0
      vertex 75.66252429187094 3.750257245755236 1.2065534418896533
      vertex 75.68061534472324 3.71115407583801 1.2000000000000028
    endloop
  endfacet
  facet normal 0.9766205557101229 0.21497044021085962 0
    outer loop
      vertex 75.66252429187094 3.750257245755236 0
      vertex 75.65570068193537 3.7812572182197517 1.2000000000000028
      vertex 75.66252429187094 3.750257245755236 1.2065534418896533
    endloop
  endfacet
  facet normal 0.9766205557100884 0.2149704402110163 -4.24400517045306e-15
    outer loop
      vertex 75.66252429187094 3.750257245755236 0
      vertex 75.58285648309362 4.1121917498849125 1.2000000000000028
      vertex 75.65570068193537 3.7812572182197517 1.2000000000000028
    endloop
  endfacet
  facet normal 0.9766205557101106 0.21497044021091505 0
    outer loop
      vertex 75.57885167712215 4.130385766836904 0
      vertex 75.57885167712215 4.130385766836904 1.2045670436676659
      vertex 75.58285648309362 4.1121917498849125 1.2000000000000028
    endloop
  endfacet
  facet normal 1 0 0
    outer loop
      vertex 75.57885167712215 4.130385766836904 0
      vertex 75.57885167712215 4.170739940774075 1.2000000000000028
      vertex 75.57885167712215 4.130385766836904 1.2045670436676659
    endloop
  endfacet
  facet normal 1 0 0
    outer loop
      vertex 75.57885167712215 4.130385766836904 0
      vertex 75.57885167712215 4.479260059225924 1.2000000000000028
      vertex 75.57885167712215 4.170739940774075 1.2000000000000028
    endloop
  endfacet
  facet normal 1 0 0
    outer loop
      vertex 75.57885167712215 4.519614233163095 0
      vertex 75.57885167712215 4.519614233163095 1.2045670436676659
      vertex 75.57885167712215 4.479260059225924 1.2000000000000028
    endloop
  endfacet
  facet normal 0.9766205557101106 -0.21497044021091505 0
    outer loop
      vertex 75.57885167712215 4.519614233163095 0
      vertex 75.58285648309362 4.537808250115086 1.2000000000000028
      vertex 75.57885167712215 4.519614233163095 1.2045670436676659
    endloop
  endfacet
  facet normal 0.9766205557100884 -0.21497044021101636 1.6096576620669395e-15
    outer loop
      vertex 75.57885167712215 4.519614233163095 0
      vertex 75.65570068193537 4.868742781780247 1.2000000000000028
      vertex 75.58285648309362 4.537808250115086 1.2000000000000028
    endloop
  endfacet
  facet normal 0.267528338529213 0.963549992519225 -3.0080939297111633e-15
    outer loop
      vertex 77.07709240620501 2.548712259425251 0
      vertex 76.72537642707294 2.6463657203374034 1.2000000000000028
      vertex 77.05122931657829 2.5558931109127627 1.2000000000000028
    endloop
  endfacet
  facet normal 0.26752833852934255 0.9635499925191892 0
    outer loop
      vertex 77.07709240620501 2.548712259425251 0
      vertex 77.05122931657829 2.5558931109127627 1.2000000000000028
      vertex 77.07709240620501 2.548712259425251 1.2059574761493081
    endloop
  endfacet
  facet normal 0.05413890858535674 0.998533413851127 0
    outer loop
      vertex 77.07709240620501 2.548712259425251 0
      vertex 77.07709240620501 2.548712259425251 1.2059574761493081
      vertex 77.12065987989563 2.546350099638996 1.2000000000000028
    endloop
  endfacet
  facet normal 0.26752833852922575 0.9635499925192215 0
    outer loop
      vertex 76.70205132038814 2.652841904329776 0
      vertex 76.70205132038814 2.652841904329776 1.205560187691347
      vertex 76.72537642707294 2.6463657203374034 1.2000000000000028
    endloop
  endfacet
  facet normal 0.4684084406997711 0.883512044446033 0
    outer loop
      vertex 76.70205132038814 2.652841904329776 0
      vertex 76.66389742587404 2.673069818989589 1.2000000000000028
      vertex 76.70205132038814 2.652841904329776 1.205560187691347
    endloop
  endfacet
  facet normal 0.054138908585416506 0.998533413851124 -3.6012979569775727e-16
    outer loop
      vertex 77.46575003545374 2.527639855067978 0
      vertex 77.12065987989563 2.546350099638996 1.2000000000000028
      vertex 77.43704465713952 2.5291962154570307 1.2000000000000028
    endloop
  endfacet
  facet normal 0.0541389085854315 0.9985334138511232 0
    outer loop
      vertex 77.46575003545374 2.527639855067978 0
      vertex 77.43704465713952 2.5291962154570307 1.2000000000000028
      vertex 77.46575003545374 2.527639855067978 1.2025810861148187
    endloop
  endfacet
  facet normal -0.16178199655281428 0.986826522541518 0
    outer loop
      vertex 77.46575003545374 2.527639855067978 0
      vertex 77.46575003545374 2.527639855067978 1.2025810861148187
      vertex 77.47524341384735 2.5291962154570307 1.2000000000000028
    endloop
  endfacet
  facet normal -0.16178199655275566 0.9868265225415276 -1.474685064304862e-16
    outer loop
      vertex 77.84985100935259 2.5906100134653975 0
      vertex 77.47524341384735 2.5291962154570307 1.2000000000000028
      vertex 77.81240746727002 2.584471456325158 1.2000000000000028
    endloop
  endfacet
  facet normal -0.16178199655275105 0.9868265225415284 0
    outer loop
      vertex 77.84985100935259 2.5906100134653975 0
      vertex 77.81240746727002 2.584471456325158 1.2000000000000028
      vertex 77.84985100935259 2.5906100134653975 1.2069507744194965
    endloop
  endfacet
  facet normal -0.37013815533992006 0.9289767198167893 0
    outer loop
      vertex 77.84985100935259 2.5906100134653975 0
      vertex 77.84985100935259 2.5906100134653975 1.2069507744194965
      vertex 77.88665986907897 2.6052760036335627 1.2000000000000028
    endloop
  endfacet
  facet normal -0.3701381553399101 0.9289767198167931 5.308313884749165e-15
    outer loop
      vertex 78.2114351932596 2.7346783199971583 0
      vertex 77.88665986907897 2.6052760036335627 1.2000000000000028
      vertex 78.20542112932068 2.732282097912181 1.2000000000000028
    endloop
  endfacet
  facet normal -0.3701381553408242 0.9289767198164289 0
    outer loop
      vertex 78.2114351932596 2.7346783199971583 0
      vertex 78.20542112932068 2.732282097912181 1.2000000000000028
      vertex 78.2114351932596 2.7346783199971583 1.2017868264678953
    endloop
  endfacet
  facet normal -0.561187065362222 0.8276889981569993 0
    outer loop
      vertex 78.2114351932596 2.7346783199971583 0
      vertex 78.2114351932596 2.7346783199971583 1.2017868264678953
      vertex 78.2294745457928 2.746909304499404 1.2000000000000028
    endloop
  endfacet
  facet normal -0.5611870653623852 0.8276889981568887 3.0620180341122797e-16
    outer loop
      vertex 78.53359531260728 2.9531083007702534 0
      vertex 78.2294745457928 2.746909304499404 1.2000000000000028
      vertex 78.49753078566422 2.928655944771899 1.2000000000000028
    endloop
  endfacet
  facet normal -0.7259954919231324 0.6876994588534217 1.8944262267921734e-15
    outer loop
      vertex 78.80126751827015 3.235686412651223 0
      vertex 78.55378437269968 2.9744216323783395 1.2000000000000028
      vertex 78.78650478014711 3.2201015794980314 1.2000000000000028
    endloop
  endfacet
  facet normal -0.561187065362392 0.8276889981568839 0
    outer loop
      vertex 78.53359531260728 2.9531083007702534 0
      vertex 78.49753078566422 2.928655944771899 1.2000000000000028
      vertex 78.53359531260728 2.9531083007702534 1.2062885633303893
    endloop
  endfacet
  facet normal -0.725995491922953 0.6876994588536111 0
    outer loop
      vertex 78.53359531260728 2.9531083007702534 0
      vertex 78.53359531260728 2.9531083007702534 1.2062885633303893
      vertex 78.55378437269968 2.9744216323783395 1.2000000000000028
    endloop
  endfacet
  facet normal -0.8568571761675701 0.5155538571770536 3.1909625433098344e-15
    outer loop
      vertex 79.00193575540771 3.569199617191522 0
      vertex 78.8229896017717 3.2717887962732455 1.2000000000000028
      vertex 78.98250724674355 3.5369091846026173 1.2000000000000028
    endloop
  endfacet
  facet normal -0.7259954919232052 0.6876994588533448 0
    outer loop
      vertex 78.80126751827015 3.235686412651223 0
      vertex 78.78650478014711 3.2201015794980314 1.2000000000000028
      vertex 78.80126751827015 3.235686412651223 1.2050967067701208
    endloop
  endfacet
  facet normal -0.8568571761676972 0.5155538571768423 0
    outer loop
      vertex 78.80126751827015 3.235686412651223 0
      vertex 78.80126751827015 3.235686412651223 1.2050967067701208
      vertex 78.8229896017717 3.2717887962732455 1.2000000000000028
    endloop
  endfacet
  facet normal -0.8568571761676224 0.5155538571769666 0
    outer loop
      vertex 79.00193575540771 3.569199617191522 0
      vertex 78.98250724674355 3.5369091846026173 1.2000000000000028
      vertex 79.00193575540771 3.569199617191522 1.2039712101342275
    endloop
  endfacet
  facet normal -0.9476531711828664 0.3193015301357902 0
    outer loop
      vertex 79.00193575540771 3.569199617191522 0
      vertex 79.00193575540771 3.569199617191522 1.2039712101342275
      vertex 79.00695018520314 3.584081914483633 1.2000000000000028
    endloop
  endfacet
  facet normal -0.9476531711828005 0.3193015301359862 1.1826687655742022e-15
    outer loop
      vertex 79.12621700027815 3.9380532076201558 0
      vertex 79.00695018520314 3.584081914483633 1.2000000000000028
      vertex 79.1153670348923 3.905851657878939 1.2000000000000028
    endloop
  endfacet
  facet normal -0.9476531711828137 0.3193015301359466 0
    outer loop
      vertex 79.12621700027815 3.9380532076201558 0
      vertex 79.1153670348923 3.905851657878939 1.2000000000000028
      vertex 79.12621700027815 3.9380532076201558 1.2067521059509119
    endloop
  endfacet
  facet normal -0.9941379571543513 0.10811901842401805 0
    outer loop
      vertex 79.12621700027815 3.9380532076201558 0
      vertex 79.12621700027815 3.9380532076201558 1.2067521059509119
      vertex 79.1307831079541 3.980037874363237 1.2000000000000028
    endloop
  endfacet
  facet normal -0.9941379571543613 0.1081190184239266 0
    outer loop
      vertex 79.16829999999999 4.324999999999999 0
      vertex 79.1307831079541 3.980037874363237 1.2000000000000028
      vertex 79.16829999999999 4.324999999999999 1.2000000000000028
    endloop
  endfacet
  facet normal -0.9941379571543613 -0.1081190184239266 3.2369797855082363e-15
    outer loop
      vertex 79.12621700027815 4.711946792379843 0
      vertex 79.16829999999999 4.324999999999999 1.2000000000000028
      vertex 79.1307831079541 4.669962125636761 1.2000000000000028
    endloop
  endfacet
  facet normal 0.9766205557100922 -0.21497044021099868 -3.767161153856963e-15
    outer loop
      vertex 75.57885167712215 4.519614233163095 0
      vertex 75.66252429187094 4.8997427542447625 0
      vertex 75.65570068193537 4.868742781780247 1.2000000000000028
    endloop
  endfacet
  facet normal 0.9075754196709518 -0.41988910156027587 -5.1407658329571375e-15
    outer loop
      vertex 75.66252429187094 4.8997427542447625 0
      vertex 75.82595708289833 5.252996942918639 0
      vertex 75.82071305093655 5.241662153587834 1.2000000000000028
    endloop
  endfacet
  facet normal 0.7960930657056393 -0.6051742151937709 -4.277386605624834e-15
    outer loop
      vertex 75.82595708289833 5.252996942918639 0
      vertex 76.06150811453836 5.562859025936161 0
      vertex 76.0366571221094 5.530168104459504 1.2000000000000028
    endloop
  endfacet
  facet normal 0.6473862847818265 -0.7621620551276375 2.4205388991009915e-15
    outer loop
      vertex 76.06150811453836 5.562859025936161 0
      vertex 76.3581632823477 5.814840196682402 0
      vertex 76.34848462140415 5.8066190679765715 1.2000000000000028
    endloop
  endfacet
  facet normal 0.4684084406998017 -0.8835120444460168 -5.491585503855428e-17
    outer loop
      vertex 76.3581632823477 5.814840196682402 0
      vertex 76.70205132038814 5.997158095670224 0
      vertex 76.66389742587404 5.97693018101041 1.2000000000000028
    endloop
  endfacet
  facet normal -0.9476531711828042 -0.31930153013597484 8.431002459051531e-16
    outer loop
      vertex 79.12621700027815 4.711946792379843 0
      vertex 79.1153670348923 4.7441483421210595 1.2000000000000028
      vertex 79.00193575540771 5.0808003828084765 0
    endloop
  endfacet
  facet normal -0.8568571761675889 -0.5155538571770223 5.182313551930358e-16
    outer loop
      vertex 79.00193575540771 5.0808003828084765 0
      vertex 78.98250724674355 5.113090815397378 1.2000000000000028
      vertex 78.80126751827015 5.414313587348776 0
    endloop
  endfacet
  facet normal -0.5611870653623767 -0.8276889981568943 6.738912588874027e-16
    outer loop
      vertex 78.53359531260728 5.696891699229745 0
      vertex 78.49753078566422 5.7213440552281 1.2000000000000028
      vertex 78.2114351932596 5.91532168000284 0
    endloop
  endfacet
  facet normal -0.7259954919231228 -0.6876994588534316 2.1424251848840154e-15
    outer loop
      vertex 78.80126751827015 5.414313587348776 0
      vertex 78.78650478014711 5.429898420501967 1.2000000000000028
      vertex 78.53359531260728 5.696891699229745 0
    endloop
  endfacet
  facet normal 0.2675283385292142 -0.9635499925192248 -1.3321163396659552e-16
    outer loop
      vertex 76.70205132038814 5.997158095670224 0
      vertex 77.07709240620501 6.101287740574746 0
      vertex 77.05122931657829 6.094106889087238 1.2000000000000028
    endloop
  endfacet
  facet normal 0.054138908585420004 -0.9985334138511237 -2.7523905826548635e-16
    outer loop
      vertex 77.07709240620501 6.101287740574746 0
      vertex 77.46575003545374 6.122360144932022 0
      vertex 77.43704465713952 6.12080378454297 1.2000000000000028
    endloop
  endfacet
  facet normal -0.16178199655276107 -0.9868265225415268 -3.2472286297590283e-16
    outer loop
      vertex 77.46575003545374 6.122360144932022 0
      vertex 77.84985100935259 6.059389986534601 0
      vertex 77.81240746727002 6.065528543674841 1.2000000000000028
    endloop
  endfacet
  facet normal -0.3701381553399263 -0.9289767198167866 5.214898112306739e-15
    outer loop
      vertex 77.84985100935259 6.059389986534601 0
      vertex 78.2114351932596 5.91532168000284 0
      vertex 78.20542112932068 5.9177179020878174 1.2000000000000028
    endloop
  endfacet
  facet normal 0.9766205557101229 -0.21497044021085962 0
    outer loop
      vertex 75.66252429187094 4.8997427542447625 0
      vertex 75.66252429187094 4.8997427542447625 1.2065534418896533
      vertex 75.65570068193537 4.868742781780247 1.2000000000000028
    endloop
  endfacet
  facet normal 0.9075754196708401 -0.4198891015605176 0
    outer loop
      vertex 75.66252429187094 4.8997427542447625 0
      vertex 75.68061534472324 4.938845924161988 1.2000000000000028
      vertex 75.66252429187094 4.8997427542447625 1.2065534418896533
    endloop
  endfacet
  facet normal 0.9075754196709586 -0.41988910156026155 -1.0130099369903613e-14
    outer loop
      vertex 75.66252429187094 4.8997427542447625 0
      vertex 75.82071305093655 5.241662153587834 1.2000000000000028
      vertex 75.68061534472324 4.938845924161988 1.2000000000000028
    endloop
  endfacet
  facet normal 0.9075754196711594 -0.4198891015598271 0
    outer loop
      vertex 75.82595708289833 5.252996942918639 0
      vertex 75.82595708289833 5.252996942918639 1.2009264580673715
      vertex 75.82071305093655 5.241662153587834 1.2000000000000028
    endloop
  endfacet
  facet normal 0.7960930657051949 -0.6051742151943555 0
    outer loop
      vertex 75.82595708289833 5.252996942918639 0
      vertex 75.82793331678596 5.2555966341392075 1.2000000000000028
      vertex 75.82595708289833 5.252996942918639 1.2009264580673715
    endloop
  endfacet
  facet normal 0.7960930657056347 -0.6051742151937772 -1.976702813303622e-15
    outer loop
      vertex 75.82595708289833 5.252996942918639 0
      vertex 76.0366571221094 5.530168104459504 1.2000000000000028
      vertex 75.82793331678596 5.2555966341392075 1.2000000000000028
    endloop
  endfacet
  facet normal 0.6473862847818274 -0.7621620551276367 2.0299612792433693e-15
    outer loop
      vertex 76.06150811453836 5.562859025936161 0
      vertex 76.34848462140415 5.8066190679765715 1.2000000000000028
      vertex 76.08898735912437 5.586200106670201 1.2000000000000028
    endloop
  endfacet
  facet normal 0.6473862847816524 -0.7621620551277852 0
    outer loop
      vertex 76.3581632823477 5.814840196682402 0
      vertex 76.3581632823477 5.814840196682402 1.2033092193879895
      vertex 76.34848462140415 5.8066190679765715 1.2000000000000028
    endloop
  endfacet
  facet normal 0.46840844069982984 -0.8835120444460018 0
    outer loop
      vertex 76.3581632823477 5.814840196682402 0
      vertex 76.3881247157273 5.830724743337642 1.2000000000000028
      vertex 76.3581632823477 5.814840196682402 1.2033092193879895
    endloop
  endfacet
  facet normal 0.7960930657057147 -0.6051742151936719 0
    outer loop
      vertex 76.06150811453836 5.562859025936161 0
      vertex 76.06150811453836 5.562859025936161 1.2068845511069242
      vertex 76.0366571221094 5.530168104459504 1.2000000000000028
    endloop
  endfacet
  facet normal 0.6473862847818788 -0.7621620551275928 0
    outer loop
      vertex 76.06150811453836 5.562859025936161 0
      vertex 76.08898735912437 5.586200106670201 1.2000000000000028
      vertex 76.06150811453836 5.562859025936161 1.2068845511069242
    endloop
  endfacet
  facet normal 0.46840844069979853 -0.8835120444460185 1.0043629079799338e-15
    outer loop
      vertex 76.3581632823477 5.814840196682402 0
      vertex 76.66389742587404 5.97693018101041 1.2000000000000028
      vertex 76.3881247157273 5.830724743337642 1.2000000000000028
    endloop
  endfacet
  facet normal -0.9941379571543513 -0.10811901842401805 0
    outer loop
      vertex 79.12621700027815 4.711946792379843 0
      vertex 79.1307831079541 4.669962125636761 1.2000000000000028
      vertex 79.12621700027815 4.711946792379843 1.2067521059509119
    endloop
  endfacet
  facet normal -0.9476531711828137 -0.3193015301359466 0
    outer loop
      vertex 79.12621700027815 4.711946792379843 0
      vertex 79.12621700027815 4.711946792379843 1.2067521059509119
      vertex 79.1153670348923 4.7441483421210595 1.2000000000000028
    endloop
  endfacet
  facet normal -0.9476531711828008 -0.3193015301359846 -2.2125734777750815e-15
    outer loop
      vertex 79.00193575540771 5.0808003828084765 0
      vertex 79.1153670348923 4.7441483421210595 1.2000000000000028
      vertex 79.00695018520314 5.065918085516367 1.2000000000000028
    endloop
  endfacet
  facet normal -0.8568571761675975 -0.5155538571770082 0
    outer loop
      vertex 79.00193575540771 5.0808003828084765 0
      vertex 79.00193575540771 5.0808003828084765 1.2039712101342133
      vertex 78.98250724674355 5.113090815397378 1.2000000000000028
    endloop
  endfacet
  facet normal -0.9476531711828549 -0.3193015301358244 0
    outer loop
      vertex 79.00193575540771 5.0808003828084765 0
      vertex 79.00695018520314 5.065918085516367 1.2000000000000028
      vertex 79.00193575540771 5.0808003828084765 1.2039712101342133
    endloop
  endfacet
  facet normal -0.8568571761675732 -0.5155538571770486 -8.450103490750697e-15
    outer loop
      vertex 78.80126751827015 5.414313587348776 0
      vertex 78.98250724674355 5.113090815397378 1.2000000000000028
      vertex 78.8229896017717 5.378211203726753 1.2000000000000028
    endloop
  endfacet
  facet normal -0.8568571761676972 -0.5155538571768423 0
    outer loop
      vertex 78.80126751827015 5.414313587348776 0
      vertex 78.8229896017717 5.378211203726753 1.2000000000000028
      vertex 78.80126751827015 5.414313587348776 1.2050967067701208
    endloop
  endfacet
  facet normal -0.7259954919232052 -0.6876994588533448 0
    outer loop
      vertex 78.80126751827015 5.414313587348776 0
      vertex 78.80126751827015 5.414313587348776 1.2050967067701208
      vertex 78.78650478014711 5.429898420501967 1.2000000000000028
    endloop
  endfacet
  facet normal -0.725995491923135 -0.6876994588534191 7.489704292968557e-15
    outer loop
      vertex 78.53359531260728 5.696891699229745 0
      vertex 78.78650478014711 5.429898420501967 1.2000000000000028
      vertex 78.55378437269968 5.675578367621661 1.2000000000000028
    endloop
  endfacet
  facet normal -0.7259954919229243 -0.6876994588536413 0
    outer loop
      vertex 78.53359531260728 5.696891699229745 0
      vertex 78.55378437269968 5.675578367621661 1.2000000000000028
      vertex 78.53359531260728 5.696891699229745 1.2062885633303893
    endloop
  endfacet
  facet normal -0.561187065362392 -0.8276889981568839 0
    outer loop
      vertex 78.53359531260728 5.696891699229745 0
      vertex 78.53359531260728 5.696891699229745 1.2062885633303893
      vertex 78.49753078566422 5.7213440552281 1.2000000000000028
    endloop
  endfacet
  facet normal 0.267528338529213 -0.9635499925192252 2.6888203215254806e-16
    outer loop
      vertex 76.70205132038814 5.997158095670224 0
      vertex 77.05122931657829 6.094106889087238 1.2000000000000028
      vertex 76.72537642707294 6.003634279662597 1.2000000000000028
    endloop
  endfacet
  facet normal 0.054138908585416506 -0.998533413851124 7.805354967093892e-16
    outer loop
      vertex 77.07709240620501 6.101287740574746 0
      vertex 77.43704465713952 6.12080378454297 1.2000000000000028
      vertex 77.12065987989563 6.103649900361004 1.2000000000000028
    endloop
  endfacet
  facet normal 0.4684084406998032 -0.8835120444460159 0
    outer loop
      vertex 76.70205132038814 5.997158095670224 0
      vertex 76.70205132038814 5.997158095670224 1.205560187691347
      vertex 76.66389742587404 5.97693018101041 1.2000000000000028
    endloop
  endfacet
  facet normal 0.26752833852922575 -0.9635499925192215 0
    outer loop
      vertex 76.70205132038814 5.997158095670224 0
      vertex 76.72537642707294 6.003634279662597 1.2000000000000028
      vertex 76.70205132038814 5.997158095670224 1.205560187691347
    endloop
  endfacet
  facet normal 0.26752833852921964 -0.9635499925192232 0
    outer loop
      vertex 77.07709240620501 6.101287740574746 0
      vertex 77.07709240620501 6.101287740574746 1.2059574761493081
      vertex 77.05122931657829 6.094106889087238 1.2000000000000028
    endloop
  endfacet
  facet normal 0.054138908585437934 -0.9985334138511227 0
    outer loop
      vertex 77.07709240620501 6.101287740574746 0
      vertex 77.12065987989563 6.103649900361004 1.2000000000000028
      vertex 77.07709240620501 6.101287740574746 1.2059574761493081
    endloop
  endfacet
  facet normal 0.0541389085854315 -0.9985334138511232 0
    outer loop
      vertex 77.46575003545374 6.122360144932022 0
      vertex 77.46575003545374 6.122360144932022 1.2025810861148187
      vertex 77.43704465713952 6.12080378454297 1.2000000000000028
    endloop
  endfacet
  facet normal -0.16178199655281428 -0.986826522541518 0
    outer loop
      vertex 77.46575003545374 6.122360144932022 0
      vertex 77.47524341384735 6.12080378454297 1.2000000000000028
      vertex 77.46575003545374 6.122360144932022 1.2025810861148187
    endloop
  endfacet
  facet normal -0.1617819965527607 -0.9868265225415268 -4.3534115448904264e-16
    outer loop
      vertex 77.46575003545374 6.122360144932022 0
      vertex 77.81240746727002 6.065528543674841 1.2000000000000028
      vertex 77.47524341384735 6.12080378454297 1.2000000000000028
    endloop
  endfacet
  facet normal -0.37013815533995864 -0.9289767198167738 0
    outer loop
      vertex 77.84985100935259 6.059389986534601 0
      vertex 77.88665986907897 6.044723996366434 1.2000000000000028
      vertex 77.84985100935259 6.059389986534601 1.2069507744194965
    endloop
  endfacet
  facet normal -0.16178199655275105 -0.9868265225415284 0
    outer loop
      vertex 77.84985100935259 6.059389986534601 0
      vertex 77.84985100935259 6.059389986534601 1.2069507744194965
      vertex 77.81240746727002 6.065528543674841 1.2000000000000028
    endloop
  endfacet
  facet normal -0.3701381553399057 -0.9289767198167949 -1.8835235794993333e-15
    outer loop
      vertex 77.84985100935259 6.059389986534601 0
      vertex 78.20542112932068 5.9177179020878174 1.2000000000000028
      vertex 77.88665986907897 6.044723996366434 1.2000000000000028
    endloop
  endfacet
  facet normal -0.5611870653623852 -0.8276889981568887 3.578155603161838e-15
    outer loop
      vertex 78.2114351932596 5.91532168000284 0
      vertex 78.49753078566422 5.7213440552281 1.2000000000000028
      vertex 78.2294745457928 5.903090695500595 1.2000000000000028
    endloop
  endfacet
  facet normal -0.3701381553408242 -0.9289767198164289 0
    outer loop
      vertex 78.2114351932596 5.91532168000284 0
      vertex 78.2114351932596 5.91532168000284 1.2017868264678953
      vertex 78.20542112932068 5.9177179020878174 1.2000000000000028
    endloop
  endfacet
  facet normal -0.561187065362222 -0.8276889981569993 0
    outer loop
      vertex 78.2114351932596 5.91532168000284 0
      vertex 78.2294745457928 5.903090695500595 1.2000000000000028
      vertex 78.2114351932596 5.91532168000284 1.2017868264678953
    endloop
  endfacet
  facet normal 0 0 1
    outer loop
      vertex 76.54018293208392 2.7268066068757246 1.2000000000000028
      vertex 76.66389742587404 2.673069818989589 1.2000000000000028
      vertex 76.3881247157273 2.8192752566623582 1.2000000000000028
    endloop
  endfacet
  facet normal 0 0 1
    outer loop
      vertex 75.82793331678596 3.394403365860791 1.2000000000000028
      vertex 75.97201967673203 3.189041700213105 1.2000000000000028
      vertex 76.0366571221094 3.1198318955404947 1.2000000000000028
    endloop
  endfacet
  facet normal 0 0 1
    outer loop
      vertex 75.83034507181631 3.389748889936218 1.2000000000000028
      vertex 75.97201967673203 3.189041700213105 1.2000000000000028
      vertex 75.82793331678596 3.394403365860791 1.2000000000000028
    endloop
  endfacet
  facet normal 0 0 1
    outer loop
      vertex 76.33027542019323 2.854454192581203 1.2000000000000028
      vertex 76.08898735912437 3.063799893329797 1.2000000000000028
      vertex 76.13970434220641 3.0094952642993764 1.2000000000000028
    endloop
  endfacet
  facet normal 0 0 1
    outer loop
      vertex 76.34848462140415 2.843380932023427 1.2000000000000028
      vertex 76.08898735912437 3.063799893329797 1.2000000000000028
      vertex 76.33027542019323 2.854454192581203 1.2000000000000028
    endloop
  endfacet
  facet normal 0 0 1
    outer loop
      vertex 75.82071305093655 3.4083378464121648 1.2000000000000028
      vertex 75.68061534472324 3.71115407583801 1.2000000000000028
      vertex 75.71731965729018 3.6078780382767643 1.2000000000000028
    endloop
  endfacet
  facet normal 0 0 1
    outer loop
      vertex 75.65570068193537 3.7812572182197517 1.2000000000000028
      vertex 75.58285648309362 4.1121917498849125 1.2000000000000028
      vertex 75.63504888277396 3.8393658119173555 1.2000000000000028
    endloop
  endfacet
  facet normal 0 0 1
    outer loop
      vertex 75.5850652971346 4.079900031626755 1.2000000000000028
      vertex 75.63504888277396 3.8393658119173555 1.2000000000000028
      vertex 75.58285648309362 4.1121917498849125 1.2000000000000028
    endloop
  endfacet
  facet normal 0 0 1
    outer loop
      vertex 75.57885167712215 4.170739940774075 1.2000000000000028
      vertex 75.57885167712215 4.479260059225924 1.2000000000000028
      vertex 75.5683 4.324999999999999 1.2000000000000028
    endloop
  endfacet
  facet normal 0 0 1
    outer loop
      vertex 75.58285648309362 4.537808250115086 1.2000000000000028
      vertex 75.65570068193537 4.868742781780247 1.2000000000000028
      vertex 75.5850652971346 4.570099968373244 1.2000000000000028
    endloop
  endfacet
  facet normal 0 0 1
    outer loop
      vertex 77.00207917650525 2.562648642171819 1.2000000000000028
      vertex 76.72537642707294 2.6463657203374034 1.2000000000000028
      vertex 76.76551669809221 2.6289303401861233 1.2000000000000028
    endloop
  endfacet
  facet normal 0 0 1
    outer loop
      vertex 77.00207917650525 2.562648642171819 1.2000000000000028
      vertex 77.05122931657829 2.5558931109127627 1.2000000000000028
      vertex 76.72537642707294 2.6463657203374034 1.2000000000000028
    endloop
  endfacet
  facet normal 0 0 1
    outer loop
      vertex 77.12065987989563 2.546350099638996 1.2000000000000028
      vertex 77.24546365594358 2.5291962154570307 1.2000000000000028
      vertex 77.43704465713952 2.5291962154570307 1.2000000000000028
    endloop
  endfacet
  facet normal 0 0 1
    outer loop
      vertex 77.47524341384735 2.5291962154570307 1.2000000000000028
      vertex 77.4911363440564 2.5291962154570307 1.2000000000000028
      vertex 77.73452082349473 2.562648642171819 1.2000000000000028
    endloop
  endfacet
  facet normal 0 0 1
    outer loop
      vertex 77.47524341384735 2.5291962154570307 1.2000000000000028
      vertex 77.73452082349473 2.562648642171819 1.2000000000000028
      vertex 77.81240746727002 2.584471456325158 1.2000000000000028
    endloop
  endfacet
  facet normal 0 0 1
    outer loop
      vertex 77.88665986907897 2.6052760036335627 1.2000000000000028
      vertex 77.97108330190777 2.6289303401861233 1.2000000000000028
      vertex 78.19641706791606 2.726806606875723 1.2000000000000028
    endloop
  endfacet
  facet normal 0 0 1
    outer loop
      vertex 77.88665986907897 2.6052760036335627 1.2000000000000028
      vertex 78.19641706791606 2.726806606875723 1.2000000000000028
      vertex 78.20542112932068 2.732282097912181 1.2000000000000028
    endloop
  endfacet
  facet normal 0 0 1
    outer loop
      vertex 78.2294745457928 2.746909304499404 1.2000000000000028
      vertex 78.40632457980675 2.854454192581203 1.2000000000000028
      vertex 78.49753078566422 2.928655944771899 1.2000000000000028
    endloop
  endfacet
  facet normal 0 0 1
    outer loop
      vertex 78.55378437269968 2.9744216323783395 1.2000000000000028
      vertex 78.59689565779357 3.0094952642993764 1.2000000000000028
      vertex 78.76458032326795 3.189041700213105 1.2000000000000028
    endloop
  endfacet
  facet normal 0 0 1
    outer loop
      vertex 78.55378437269968 2.9744216323783395 1.2000000000000028
      vertex 78.76458032326795 3.189041700213105 1.2000000000000028
      vertex 78.78650478014711 3.2201015794980314 1.2000000000000028
    endloop
  endfacet
  facet normal 0 0 1
    outer loop
      vertex 78.8229896017717 3.2717887962732455 1.2000000000000028
      vertex 78.90625492818367 3.38974888993622 1.2000000000000028
      vertex 78.98250724674355 3.5369091846026173 1.2000000000000028
    endloop
  endfacet
  facet normal 0 0 1
    outer loop
      vertex 79.00695018520314 3.584081914483633 1.2000000000000028
      vertex 79.0192803427098 3.607878038276766 1.2000000000000028
      vertex 79.10155111722602 3.8393658119173555 1.2000000000000028
    endloop
  endfacet
  facet normal 0 0 1
    outer loop
      vertex 79.00695018520314 3.584081914483633 1.2000000000000028
      vertex 79.10155111722602 3.8393658119173555 1.2000000000000028
      vertex 79.1153670348923 3.905851657878939 1.2000000000000028
    endloop
  endfacet
  facet normal 0 0 1
    outer loop
      vertex 79.1307831079541 3.980037874363237 1.2000000000000028
      vertex 79.15153470286538 4.079900031626755 1.2000000000000028
      vertex 79.16829999999999 4.324999999999999 1.2000000000000028
    endloop
  endfacet
  facet normal 0 0 1
    outer loop
      vertex 79.16829999999999 4.324999999999999 1.2000000000000028
      vertex 79.15153470286538 4.570099968373244 1.2000000000000028
      vertex 79.1307831079541 4.669962125636761 1.2000000000000028
    endloop
  endfacet
  facet normal 0.6258605120431283 0.584512914787191 0.5163751271237756
    outer loop
      vertex 76.08898735912437 3.063799893329797 1.2000000000000028
      vertex 75.12811398684481 2.5024734970452016 3
      vertex 76.13970434220641 3.0094952642993764 1.2000000000000028
    endloop
  endfacet
  facet normal 0.6258605120432771 0.5845129147870143 0.5163751271237953
    outer loop
      vertex 76.0366571221094 3.1198318955404947 1.2000000000000028
      vertex 75.12811398684481 2.5024734970452016 3
      vertex 76.06150811453836 3.0871409740638374 1.2068845511069242
    endloop
  endfacet
  facet normal 0.6258605120431219 0.5845129147871988 0.5163751271237746
    outer loop
      vertex 76.08898735912437 3.063799893329797 1.2000000000000028
      vertex 76.06150811453836 3.0871409740638374 1.2068845511069242
      vertex 75.12811398684481 2.5024734970452016 3
    endloop
  endfacet
  facet normal 0.44495220940556146 0.7316927356705183 0.5163751271237825
    outer loop
      vertex 76.3881247157273 2.8192752566623582 1.2000000000000028
      vertex 76.3581632823477 2.8351598033175964 1.2033092193879895
      vertex 75.70289792690343 1.9656627705148964 3
    endloop
  endfacet
  facet normal 0.44495220940535085 0.7316927356706541 0.5163751271237715
    outer loop
      vertex 76.34848462140415 2.843380932023427 1.2000000000000028
      vertex 75.70289792690343 1.9656627705148964 3
      vertex 76.3581632823477 2.8351598033175964 1.2033092193879895
    endloop
  endfacet
  facet normal 0.44495220940552993 0.7316927356705389 0.5163751271237804
    outer loop
      vertex 76.54018293208392 2.7268066068757246 1.2000000000000028
      vertex 76.3881247157273 2.8192752566623582 1.2000000000000028
      vertex 75.70289792690343 1.9656627705148964 3
    endloop
  endfacet
  facet normal 0.44495220940560953 0.7316927356704883 0.5163751271237834
    outer loop
      vertex 76.34848462140415 2.843380932023427 1.2000000000000028
      vertex 76.33027542019323 2.854454192581203 1.2000000000000028
      vertex 75.70289792690343 1.9656627705148964 3
    endloop
  endfacet
  facet normal 0.3411757525315969 0.7854653614083799 0.5163751271237819
    outer loop
      vertex 76.54018293208392 2.7268066068757246 1.2000000000000028
      vertex 76.03967261631047 1.7608655450973174 3
      vertex 76.66389742587404 2.673069818989589 1.2000000000000028
    endloop
  endfacet
  facet normal 0.34117575253159743 0.7854653614083794 0.516375127123782
    outer loop
      vertex 76.66389742587404 2.673069818989589 1.2000000000000028
      vertex 76.03967261631047 1.7608655450973174 3
      vertex 76.70205132038814 2.652841904329776 1.205560187691347
    endloop
  endfacet
  facet normal 0.34117575253147414 0.7854653614084424 0.5163751271237678
    outer loop
      vertex 76.72537642707294 2.6463657203374034 1.2000000000000028
      vertex 76.70205132038814 2.652841904329776 1.205560187691347
      vertex 76.03967261631047 1.7608655450973174 3
    endloop
  endfacet
  facet normal 0.34117575253152665 0.7854653614084153 0.5163751271237743
    outer loop
      vertex 76.72537642707294 2.6463657203374034 1.2000000000000028
      vertex 76.03967261631047 1.7608655450973174 3
      vertex 76.76551669809221 2.6289303401861233 1.2000000000000028
    endloop
  endfacet
  facet normal 0.5404400485002075 0.6642900586829468 0.5163751271237808
    outer loop
      vertex 76.33027542019323 2.854454192581203 1.2000000000000028
      vertex 76.13970434220641 3.0094952642993764 1.2000000000000028
      vertex 75.39714652705645 2.2144099844803193 3
    endloop
  endfacet
  facet normal 0.6996223784203042 0.4938474012297895 0.5163751271237802
    outer loop
      vertex 75.83034507181631 3.389748889936218 1.2000000000000028
      vertex 74.90081187346354 2.824487230007561 3
      vertex 75.97201967673203 3.189041700213105 1.2000000000000028
    endloop
  endfacet
  facet normal 0.6258605120431123 0.5845129147872059 0.5163751271237779
    outer loop
      vertex 76.0366571221094 3.1198318955404947 1.2000000000000028
      vertex 75.97201967673203 3.189041700213105 1.2000000000000028
      vertex 75.12811398684481 2.5024734970452016 3
    endloop
  endfacet
  facet normal 0.7603516036240882 0.3939824449821346 0.5163751271238545
    outer loop
      vertex 75.82595708289833 3.39700305708136 1.2009264580673715
      vertex 75.82071305093655 3.4083378464121648 1.2000000000000028
      vertex 74.71947439521281 3.1744526767956884 3
    endloop
  endfacet
  facet normal 0.760351603623902 0.39398244498256996 0.5163751271237965
    outer loop
      vertex 75.83034507181631 3.389748889936218 1.2000000000000028
      vertex 75.82793331678596 3.394403365860791 1.2000000000000028
      vertex 74.71947439521281 3.1744526767956884 3
    endloop
  endfacet
  facet normal 0.7603516036232576 0.3939824449840898 0.5163751271235855
    outer loop
      vertex 75.82595708289833 3.39700305708136 1.2009264580673715
      vertex 74.71947439521281 3.1744526767956884 3
      vertex 75.82793331678596 3.394403365860791 1.2000000000000028
    endloop
  endfacet
  facet normal 0.7603516036238498 0.3939824449826912 0.5163751271237809
    outer loop
      vertex 75.82071305093655 3.4083378464121648 1.2000000000000028
      vertex 75.71731965729018 3.6078780382767643 1.2000000000000028
      vertex 74.71947439521281 3.1744526767956884 3
    endloop
  endfacet
  facet normal 0.8069169170923136 0.2867783412291707 0.5163751271237621
    outer loop
      vertex 75.68061534472324 3.71115407583801 1.2000000000000028
      vertex 75.66252429187094 3.750257245755236 1.2065534418896533
      vertex 74.58747952620877 3.545850643295978 3
    endloop
  endfacet
  facet normal 0.8069169170924061 0.2867783412288723 0.5163751271237834
    outer loop
      vertex 75.65570068193537 3.7812572182197517 1.2000000000000028
      vertex 74.58747952620877 3.545850643295978 3
      vertex 75.66252429187094 3.750257245755236 1.2065534418896533
    endloop
  endfacet
  facet normal 0.8069169170924161 0.28677834122884094 0.5163751271237853
    outer loop
      vertex 75.65570068193537 3.7812572182197517 1.2000000000000028
      vertex 75.63504888277396 3.8393658119173555 1.2000000000000028
      vertex 74.58747952620877 3.545850643295978 3
    endloop
  endfacet
  facet normal 0.8384508951409108 0.17423209958358507 0.516375127123781
    outer loop
      vertex 75.5850652971346 4.079900031626755 1.2000000000000028
      vertex 74.50728608111706 3.931762688104465 3
      vertex 75.63504888277396 3.8393658119173555 1.2000000000000028
    endloop
  endfacet
  facet normal 0.8543661194229827 0.0584402435830534 0.5163751271237482
    outer loop
      vertex 75.5850652971346 4.079900031626755 1.2000000000000028
      vertex 75.58285648309362 4.1121917498849125 1.2000000000000028
      vertex 74.4803879120879 4.324999999999999 3
    endloop
  endfacet
  facet normal 0.8543661194229819 0.058440243582739464 0.5163751271237849
    outer loop
      vertex 75.58285648309362 4.1121917498849125 1.2000000000000028
      vertex 75.57885167712215 4.130385766836904 1.2045670436676659
      vertex 74.4803879120879 4.324999999999999 3
    endloop
  endfacet
  facet normal 0.8543661194229819 0.05844024358276043 0.5163751271237826
    outer loop
      vertex 75.57885167712215 4.130385766836904 1.2045670436676659
      vertex 75.57885167712215 4.170739940774075 1.2000000000000028
      vertex 74.4803879120879 4.324999999999999 3
    endloop
  endfacet
  facet normal 0.8543661194229817 0.05844024358277918 0.5163751271237809
    outer loop
      vertex 75.57885167712215 4.170739940774075 1.2000000000000028
      vertex 75.5683 4.324999999999999 1.2000000000000028
      vertex 74.4803879120879 4.324999999999999 3
    endloop
  endfacet
  facet normal 0.8543661194229837 -0.05844024358277933 0.5163751271237774
    outer loop
      vertex 75.5683 4.324999999999999 1.2000000000000028
      vertex 75.57885167712215 4.479260059225924 1.2000000000000028
      vertex 74.50728608111706 4.718237311895534 3
    endloop
  endfacet
  facet normal 0.8543661194229858 -0.05844024358275972 0.5163751271237762
    outer loop
      vertex 75.57885167712215 4.479260059225924 1.2000000000000028
      vertex 75.57885167712215 4.519614233163095 1.2045670436676659
      vertex 74.50728608111706 4.718237311895534 3
    endloop
  endfacet
  facet normal 0.8543661194229875 -0.058440243582743086 0.5163751271237753
    outer loop
      vertex 75.57885167712215 4.519614233163095 1.2045670436676659
      vertex 75.58285648309362 4.537808250115086 1.2000000000000028
      vertex 74.50728608111706 4.718237311895534 3
    endloop
  endfacet
  facet normal 0.8543661194229583 -0.058440243583051735 0.5163751271237887
    outer loop
      vertex 75.58285648309362 4.537808250115086 1.2000000000000028
      vertex 75.5850652971346 4.570099968373244 1.2000000000000028
      vertex 74.50728608111706 4.718237311895534 3
    endloop
  endfacet
  facet normal 0.8069169170923867 0.2867783412289262 0.5163751271237839
    outer loop
      vertex 75.71731965729018 3.6078780382767643 1.2000000000000028
      vertex 75.68061534472324 3.71115407583801 1.2000000000000028
      vertex 74.58747952620877 3.545850643295978 3
    endloop
  endfacet
  facet normal 0.23104383691723376 0.8246062536207583 0.5163751271237805
    outer loop
      vertex 77.00207917650525 2.562648642171819 1.2000000000000028
      vertex 76.76551669809221 2.6289303401861233 1.2000000000000028
      vertex 76.40119712001609 1.6038332930458665 3
    endloop
  endfacet
  facet normal 0.11660801177285658 0.8483862915431155 0.5163751271237812
    outer loop
      vertex 77.00207917650525 2.562648642171819 1.2000000000000028
      vertex 76.78073692054689 1.4974912280998396 3
      vertex 77.05122931657829 2.5558931109127627 1.2000000000000028
    endloop
  endfacet
  facet normal 0.1166080117729225 0.8483862915431044 0.5163751271237846
    outer loop
      vertex 77.05122931657829 2.5558931109127627 1.2000000000000028
      vertex 76.78073692054689 1.4974912280998396 3
      vertex 77.07709240620501 2.548712259425251 1.2059574761493081
    endloop
  endfacet
  facet normal 0.11660801177286335 0.8483862915431144 0.5163751271237815
    outer loop
      vertex 77.12065987989563 2.546350099638996 1.2000000000000028
      vertex 76.78073692054689 1.4974912280998396 3
      vertex 77.24546365594358 2.5291962154570307 1.2000000000000028
    endloop
  endfacet
  facet normal 0.11660801177282887 0.8483862915431207 0.5163751271237788
    outer loop
      vertex 77.12065987989563 2.546350099638996 1.2000000000000028
      vertex 77.07709240620501 2.548712259425251 1.2059574761493081
      vertex 76.78073692054689 1.4974912280998396 3
    endloop
  endfacet
  facet normal 0 0.8563624980625311 0.5163751271237818
    outer loop
      vertex 77.24546365594358 2.5291962154570307 1.2000000000000028
      vertex 77.17122190953586 1.4438203017222655 3
      vertex 77.43704465713952 2.5291962154570307 1.2000000000000028
    endloop
  endfacet
  facet normal -2.504465849969725e-14 0.8563624980625326 0.516375127123779
    outer loop
      vertex 77.43704465713952 2.5291962154570307 1.2000000000000028
      vertex 77.17122190953586 1.4438203017222655 3
      vertex 77.46575003545374 2.527639855067978 1.2025810861148187
    endloop
  endfacet
  facet normal 8.043555522229695e-14 0.8563624980625248 0.5163751271237915
    outer loop
      vertex 77.47524341384735 2.5291962154570307 1.2000000000000028
      vertex 77.46575003545374 2.527639855067978 1.2025810861148187
      vertex 77.17122190953586 1.4438203017222655 3
    endloop
  endfacet
  facet normal 0 0.8563624980625308 0.5163751271237818
    outer loop
      vertex 77.47524341384735 2.5291962154570307 1.2000000000000028
      vertex 77.17122190953586 1.4438203017222655 3
      vertex 77.4911363440564 2.5291962154570307 1.2000000000000028
    endloop
  endfacet
  facet normal -0.11660801177286241 0.8483862915431143 0.5163751271237819
    outer loop
      vertex 77.4911363440564 2.5291962154570307 1.2000000000000028
      vertex 77.56537809046412 1.4438203017222655 3
      vertex 77.73452082349473 2.562648642171819 1.2000000000000028
    endloop
  endfacet
  facet normal -0.231043836917218 0.8246062536207618 0.5163751271237821
    outer loop
      vertex 77.73452082349473 2.562648642171819 1.2000000000000028
      vertex 77.9558630794531 1.4974912280998396 3
      vertex 77.81240746727002 2.584471456325158 1.2000000000000028
    endloop
  endfacet
  facet normal -0.2310438369171264 0.8246062536207837 0.5163751271237881
    outer loop
      vertex 77.81240746727002 2.584471456325158 1.2000000000000028
      vertex 77.9558630794531 1.4974912280998396 3
      vertex 77.84985100935259 2.5906100134653975 1.2069507744194965
    endloop
  endfacet
  facet normal -0.23104383691724817 0.8246062536207546 0.5163751271237796
    outer loop
      vertex 77.88665986907897 2.6052760036335627 1.2000000000000028
      vertex 77.9558630794531 1.4974912280998396 3
      vertex 77.97108330190777 2.6289303401861233 1.2000000000000028
    endloop
  endfacet
  facet normal -0.23104383691734082 0.8246062536207344 0.5163751271237706
    outer loop
      vertex 77.84985100935259 2.5906100134653975 1.2069507744194965
      vertex 77.9558630794531 1.4974912280998396 3
      vertex 77.88665986907897 2.6052760036335627 1.2000000000000028
    endloop
  endfacet
  facet normal -0.34117575253156746 0.7854653614083938 0.5163751271237801
    outer loop
      vertex 77.97108330190777 2.6289303401861233 1.2000000000000028
      vertex 78.33540287998389 1.6038332930458665 3
      vertex 78.19641706791606 2.726806606875723 1.2000000000000028
    endloop
  endfacet
  facet normal -0.4449522094051146 0.7316927356707802 0.5163751271237964
    outer loop
      vertex 78.19641706791606 2.726806606875723 1.2000000000000028
      vertex 78.69692738368951 1.7608655450973139 3
      vertex 78.20542112932068 2.732282097912181 1.2000000000000028
    endloop
  endfacet
  facet normal -0.4449522094066582 0.731692735669885 0.5163751271237348
    outer loop
      vertex 78.20542112932068 2.732282097912181 1.2000000000000028
      vertex 78.69692738368951 1.7608655450973139 3
      vertex 78.2114351932596 2.7346783199971583 1.2017868264678953
    endloop
  endfacet
  facet normal -0.4449522094053798 0.7316927356706237 0.5163751271237896
    outer loop
      vertex 78.2294745457928 2.746909304499404 1.2000000000000028
      vertex 78.2114351932596 2.7346783199971583 1.2017868264678953
      vertex 78.69692738368951 1.7608655450973139 3
    endloop
  endfacet
  facet normal -0.4449522094055388 0.731692735670533 0.5163751271237812
    outer loop
      vertex 78.2294745457928 2.746909304499404 1.2000000000000028
      vertex 78.69692738368951 1.7608655450973139 3
      vertex 78.40632457980675 2.854454192581203 1.2000000000000028
    endloop
  endfacet
  facet normal -0.5404400485002161 0.6642900586829398 0.5163751271237805
    outer loop
      vertex 78.40632457980675 2.854454192581203 1.2000000000000028
      vertex 79.03370207309655 1.9656627705148964 3
      vertex 78.49753078566422 2.928655944771899 1.2000000000000028
    endloop
  endfacet
  facet normal -0.5404400485001729 0.6642900586829716 0.5163751271237847
    outer loop
      vertex 78.49753078566422 2.928655944771899 1.2000000000000028
      vertex 79.03370207309655 1.9656627705148964 3
      vertex 78.53359531260728 2.9531083007702534 1.2062885633303893
    endloop
  endfacet
  facet normal -0.5404400485002626 0.6642900586829085 0.5163751271237721
    outer loop
      vertex 78.55378437269968 2.9744216323783395 1.2000000000000028
      vertex 79.03370207309655 1.9656627705148964 3
      vertex 78.59689565779357 3.0094952642993764 1.2000000000000028
    endloop
  endfacet
  facet normal -0.5404400485001172 0.6642900586830118 0.5163751271237913
    outer loop
      vertex 78.55378437269968 2.9744216323783395 1.2000000000000028
      vertex 78.53359531260728 2.9531083007702534 1.2062885633303893
      vertex 79.03370207309655 1.9656627705148964 3
    endloop
  endfacet
  facet normal -0.6258605120431457 0.5845129147871674 0.516375127123781
    outer loop
      vertex 78.59689565779357 3.0094952642993764 1.2000000000000028
      vertex 79.33945347294353 2.2144099844803193 3
      vertex 78.76458032326795 3.189041700213105 1.2000000000000028
    endloop
  endfacet
  facet normal -0.6996223784202891 0.49384740122981047 0.5163751271237803
    outer loop
      vertex 78.76458032326795 3.189041700213105 1.2000000000000028
      vertex 79.60848601315517 2.5024734970452016 3
      vertex 78.78650478014711 3.2201015794980314 1.2000000000000028
    endloop
  endfacet
  facet normal -0.6996223784202732 0.49384740122983195 0.5163751271237815
    outer loop
      vertex 78.78650478014711 3.2201015794980314 1.2000000000000028
      vertex 79.60848601315517 2.5024734970452016 3
      vertex 78.80126751827015 3.235686412651223 1.2050967067701208
    endloop
  endfacet
  facet normal -0.6996223784204486 0.49384740122959997 0.5163751271237657
    outer loop
      vertex 78.80126751827015 3.235686412651223 1.2050967067701208
      vertex 79.60848601315517 2.5024734970452016 3
      vertex 78.8229896017717 3.2717887962732455 1.2000000000000028
    endloop
  endfacet
  facet normal -0.6996223784202736 0.49384740122982645 0.5163751271237861
    outer loop
      vertex 78.8229896017717 3.2717887962732455 1.2000000000000028
      vertex 79.60848601315517 2.5024734970452016 3
      vertex 78.90625492818367 3.38974888993622 1.2000000000000028
    endloop
  endfacet
  facet normal -0.7603516036238457 0.3939824449826995 0.5163751271237806
    outer loop
      vertex 78.90625492818367 3.38974888993622 1.2000000000000028
      vertex 79.83578812653644 2.8244872300075627 3
      vertex 78.98250724674355 3.5369091846026173 1.2000000000000028
    endloop
  endfacet
  facet normal -0.7603516036239168 0.39398244498257967 0.516375127123767
    outer loop
      vertex 78.98250724674355 3.5369091846026173 1.2000000000000028
      vertex 79.83578812653644 2.8244872300075627 3
      vertex 79.00193575540771 3.569199617191522 1.2039712101342275
    endloop
  endfacet
  facet normal -0.760351603623861 0.39398244498267154 0.5163751271237791
    outer loop
      vertex 79.00193575540771 3.569199617191522 1.2039712101342275
      vertex 79.83578812653644 2.8244872300075627 3
      vertex 79.00695018520314 3.584081914483633 1.2000000000000028
    endloop
  endfacet
  facet normal -0.7603516036238478 0.39398244498269314 0.5163751271237822
    outer loop
      vertex 79.00695018520314 3.584081914483633 1.2000000000000028
      vertex 79.83578812653644 2.8244872300075627 3
      vertex 79.0192803427098 3.607878038276766 1.2000000000000028
    endloop
  endfacet
  facet normal -0.8069169170923832 0.2867783412289418 0.5163751271237808
    outer loop
      vertex 79.0192803427098 3.607878038276766 1.2000000000000028
      vertex 80.01712560478717 3.17445267679569 3
      vertex 79.10155111722602 3.8393658119173555 1.2000000000000028
    endloop
  endfacet
  facet normal -0.8384508951408894 0.17423209958367933 0.5163751271237842
    outer loop
      vertex 79.10155111722602 3.8393658119173555 1.2000000000000028
      vertex 80.14912047379121 3.545850643295978 3
      vertex 79.1153670348923 3.905851657878939 1.2000000000000028
    endloop
  endfacet
  facet normal -0.8384508951409267 0.174232099583526 0.5163751271237751
    outer loop
      vertex 79.1153670348923 3.905851657878939 1.2000000000000028
      vertex 80.14912047379121 3.545850643295978 3
      vertex 79.12621700027815 3.9380532076201558 1.2067521059509119
    endloop
  endfacet
  facet normal -0.8384508951408847 0.17423209958369273 0.5163751271237874
    outer loop
      vertex 79.12621700027815 3.9380532076201558 1.2067521059509119
      vertex 80.14912047379121 3.545850643295978 3
      vertex 79.1307831079541 3.980037874363237 1.2000000000000028
    endloop
  endfacet
  facet normal -0.8384508951409356 0.1742320995834997 0.5163751271237697
    outer loop
      vertex 79.1307831079541 3.980037874363237 1.2000000000000028
      vertex 80.14912047379121 3.545850643295978 3
      vertex 79.15153470286538 4.079900031626755 1.2000000000000028
    endloop
  endfacet
  facet normal -0.8543661194229795 0.05844024358280916 0.5163751271237815
    outer loop
      vertex 79.15153470286538 4.079900031626755 1.2000000000000028
      vertex 80.22931391888292 3.931762688104465 3
      vertex 79.16829999999999 4.324999999999999 1.2000000000000028
    endloop
  endfacet
  facet normal -0.8543661194229801 -0.058440243582809207 0.5163751271237799
    outer loop
      vertex 79.16829999999999 4.324999999999999 1.2000000000000028
      vertex 80.25621208791208 4.324999999999999 3
      vertex 79.15153470286538 4.570099968373244 1.2000000000000028
    endloop
  endfacet
  facet normal -0.8384508951409273 -0.17423209958349797 0.5163751271237838
    outer loop
      vertex 79.15153470286538 4.570099968373244 1.2000000000000028
      vertex 80.22931391888292 4.718237311895534 3
      vertex 79.1307831079541 4.669962125636761 1.2000000000000028
    endloop
  endfacet
  facet normal 0 0 1
    outer loop
      vertex 75.5850652971346 4.570099968373244 1.2000000000000028
      vertex 75.65570068193537 4.868742781780247 1.2000000000000028
      vertex 75.63504888277396 4.810634188082643 1.2000000000000028
    endloop
  endfacet
  facet normal 0 0 1
    outer loop
      vertex 75.68061534472324 4.938845924161988 1.2000000000000028
      vertex 75.82071305093655 5.241662153587834 1.2000000000000028
      vertex 75.71731965729018 5.042121961723234 1.2000000000000028
    endloop
  endfacet
  facet normal 0 0 1
    outer loop
      vertex 75.82793331678596 5.2555966341392075 1.2000000000000028
      vertex 76.0366571221094 5.530168104459504 1.2000000000000028
      vertex 75.83034507181631 5.2602511100637805 1.2000000000000028
    endloop
  endfacet
  facet normal 0 0 1
    outer loop
      vertex 75.83034507181631 5.2602511100637805 1.2000000000000028
      vertex 76.0366571221094 5.530168104459504 1.2000000000000028
      vertex 75.97201967673203 5.460958299786894 1.2000000000000028
    endloop
  endfacet
  facet normal 0 0 1
    outer loop
      vertex 76.08898735912437 5.586200106670201 1.2000000000000028
      vertex 76.34848462140415 5.8066190679765715 1.2000000000000028
      vertex 76.13970434220641 5.640504735700622 1.2000000000000028
    endloop
  endfacet
  facet normal 0 0 1
    outer loop
      vertex 76.13970434220641 5.640504735700622 1.2000000000000028
      vertex 76.34848462140415 5.8066190679765715 1.2000000000000028
      vertex 76.33027542019323 5.7955458074187955 1.2000000000000028
    endloop
  endfacet
  facet normal 0 0 1
    outer loop
      vertex 76.3881247157273 5.830724743337642 1.2000000000000028
      vertex 76.66389742587404 5.97693018101041 1.2000000000000028
      vertex 76.54018293208392 5.923193393124274 1.2000000000000028
    endloop
  endfacet
  facet normal 0 0 1
    outer loop
      vertex 79.1153670348923 4.7441483421210595 1.2000000000000028
      vertex 79.10155111722602 4.810634188082643 1.2000000000000028
      vertex 79.0192803427098 5.042121961723234 1.2000000000000028
    endloop
  endfacet
  facet normal 0 0 1
    outer loop
      vertex 79.1153670348923 4.7441483421210595 1.2000000000000028
      vertex 79.0192803427098 5.042121961723234 1.2000000000000028
      vertex 79.00695018520314 5.065918085516367 1.2000000000000028
    endloop
  endfacet
  facet normal 0 0 1
    outer loop
      vertex 78.98250724674355 5.113090815397378 1.2000000000000028
      vertex 78.90625492818367 5.2602511100637805 1.2000000000000028
      vertex 78.8229896017717 5.378211203726753 1.2000000000000028
    endloop
  endfacet
  facet normal 0 0 1
    outer loop
      vertex 78.49753078566422 5.7213440552281 1.2000000000000028
      vertex 78.40632457980675 5.7955458074187955 1.2000000000000028
      vertex 78.2294745457928 5.903090695500595 1.2000000000000028
    endloop
  endfacet
  facet normal 0 0 1
    outer loop
      vertex 78.78650478014711 5.429898420501967 1.2000000000000028
      vertex 78.76458032326795 5.460958299786894 1.2000000000000028
      vertex 78.59689565779357 5.640504735700622 1.2000000000000028
    endloop
  endfacet
  facet normal 0 0 1
    outer loop
      vertex 78.78650478014711 5.429898420501967 1.2000000000000028
      vertex 78.59689565779357 5.640504735700622 1.2000000000000028
      vertex 78.55378437269968 5.675578367621661 1.2000000000000028
    endloop
  endfacet
  facet normal 0 0 1
    outer loop
      vertex 76.72537642707294 6.003634279662597 1.2000000000000028
      vertex 77.05122931657829 6.094106889087238 1.2000000000000028
      vertex 76.76551669809221 6.021069659813875 1.2000000000000028
    endloop
  endfacet
  facet normal 0 0 1
    outer loop
      vertex 76.76551669809221 6.021069659813875 1.2000000000000028
      vertex 77.05122931657829 6.094106889087238 1.2000000000000028
      vertex 77.00207917650525 6.087351357828181 1.2000000000000028
    endloop
  endfacet
  facet normal 0 0 1
    outer loop
      vertex 77.12065987989563 6.103649900361004 1.2000000000000028
      vertex 77.43704465713952 6.12080378454297 1.2000000000000028
      vertex 77.24546365594358 6.12080378454297 1.2000000000000028
    endloop
  endfacet
  facet normal 0 0 1
    outer loop
      vertex 77.47524341384735 6.12080378454297 1.2000000000000028
      vertex 77.81240746727002 6.065528543674841 1.2000000000000028
      vertex 77.4911363440564 6.12080378454297 1.2000000000000028
    endloop
  endfacet
  facet normal 0 0 1
    outer loop
      vertex 77.4911363440564 6.12080378454297 1.2000000000000028
      vertex 77.81240746727002 6.065528543674841 1.2000000000000028
      vertex 77.73452082349473 6.087351357828181 1.2000000000000028
    endloop
  endfacet
  facet normal 0 0 1
    outer loop
      vertex 77.97108330190777 6.021069659813875 1.2000000000000028
      vertex 78.20542112932068 5.9177179020878174 1.2000000000000028
      vertex 78.19641706791606 5.923193393124274 1.2000000000000028
    endloop
  endfacet
  facet normal 0 0 1
    outer loop
      vertex 77.88665986907897 6.044723996366434 1.2000000000000028
      vertex 78.20542112932068 5.9177179020878174 1.2000000000000028
      vertex 77.97108330190777 6.021069659813875 1.2000000000000028
    endloop
  endfacet
  facet normal 0.8384508951409105 -0.17423209958358502 0.5163751271237812
    outer loop
      vertex 75.5850652971346 4.570099968373244 1.2000000000000028
      vertex 75.63504888277396 4.810634188082643 1.2000000000000028
      vertex 74.58747952620877 5.104149356704021 3
    endloop
  endfacet
  facet normal 0.8069169170924264 -0.2867783412288446 0.5163751271237671
    outer loop
      vertex 75.63504888277396 4.810634188082643 1.2000000000000028
      vertex 75.65570068193537 4.868742781780247 1.2000000000000028
      vertex 74.71947439521281 5.47554732320431 3
    endloop
  endfacet
  facet normal 0.8069169170924149 -0.2867783412288714 0.5163751271237701
    outer loop
      vertex 75.65570068193537 4.868742781780247 1.2000000000000028
      vertex 75.66252429187094 4.8997427542447625 1.2065534418896533
      vertex 74.71947439521281 5.47554732320431 3
    endloop
  endfacet
  facet normal 0.8069169170922954 -0.2867783412291561 0.5163751271237987
    outer loop
      vertex 75.68061534472324 4.938845924161988 1.2000000000000028
      vertex 74.71947439521281 5.47554732320431 3
      vertex 75.66252429187094 4.8997427542447625 1.2065534418896533
    endloop
  endfacet
  facet normal 0.8069169170923888 -0.2867783412289269 0.5163751271237802
    outer loop
      vertex 75.68061534472324 4.938845924161988 1.2000000000000028
      vertex 75.71731965729018 5.042121961723234 1.2000000000000028
      vertex 74.71947439521281 5.47554732320431 3
    endloop
  endfacet
  facet normal 0.7603516036238492 -0.3939824449826909 0.5163751271237819
    outer loop
      vertex 75.71731965729018 5.042121961723234 1.2000000000000028
      vertex 75.82071305093655 5.241662153587834 1.2000000000000028
      vertex 74.90081187346354 5.825512769992438 3
    endloop
  endfacet
  facet normal 0.7603516036241442 -0.3939824449821526 0.516375127123758
    outer loop
      vertex 75.82071305093655 5.241662153587834 1.2000000000000028
      vertex 75.82595708289833 5.252996942918639 1.2009264580673715
      vertex 74.90081187346354 5.825512769992438 3
    endloop
  endfacet
  facet normal 0.7603516036231722 -0.39398244498393886 0.5163751271238266
    outer loop
      vertex 75.82595708289833 5.252996942918639 1.2009264580673715
      vertex 75.82793331678596 5.2555966341392075 1.2000000000000028
      vertex 74.90081187346354 5.825512769992438 3
    endloop
  endfacet
  facet normal 0.7603516036239127 -0.3939824449825755 0.5163751271237764
    outer loop
      vertex 75.82793331678596 5.2555966341392075 1.2000000000000028
      vertex 75.83034507181631 5.2602511100637805 1.2000000000000028
      vertex 74.90081187346354 5.825512769992438 3
    endloop
  endfacet
  facet normal 0.6996223784203045 -0.4938474012297897 0.5163751271237795
    outer loop
      vertex 75.83034507181631 5.2602511100637805 1.2000000000000028
      vertex 75.97201967673203 5.460958299786894 1.2000000000000028
      vertex 75.12811398684481 6.147526502954797 3
    endloop
  endfacet
  facet normal 0.6258605120431079 -0.5845129147872018 0.5163751271237882
    outer loop
      vertex 75.97201967673203 5.460958299786894 1.2000000000000028
      vertex 76.0366571221094 5.530168104459504 1.2000000000000028
      vertex 75.39714652705645 6.435590015519681 3
    endloop
  endfacet
  facet normal 0.6258605120432956 -0.5845129147870217 0.5163751271237643
    outer loop
      vertex 76.0366571221094 5.530168104459504 1.2000000000000028
      vertex 76.06150811453836 5.562859025936161 1.2068845511069242
      vertex 75.39714652705645 6.435590015519681 3
    endloop
  endfacet
  facet normal 0.6258605120431197 -0.5845129147871937 0.5163751271237828
    outer loop
      vertex 76.08898735912437 5.586200106670201 1.2000000000000028
      vertex 75.39714652705645 6.435590015519681 3
      vertex 76.06150811453836 5.562859025936161 1.2068845511069242
    endloop
  endfacet
  facet normal 0.6258605120431253 -0.5845129147871881 0.5163751271237823
    outer loop
      vertex 76.08898735912437 5.586200106670201 1.2000000000000028
      vertex 76.13970434220641 5.640504735700622 1.2000000000000028
      vertex 75.39714652705645 6.435590015519681 3
    endloop
  endfacet
  facet normal 0.5404400485002077 -0.6642900586829469 0.5163751271237804
    outer loop
      vertex 76.13970434220641 5.640504735700622 1.2000000000000028
      vertex 76.33027542019323 5.7955458074187955 1.2000000000000028
      vertex 75.70289792690343 6.6843372294851005 3
    endloop
  endfacet
  facet normal 0.4449522094056138 -0.7316927356704953 0.5163751271237698
    outer loop
      vertex 76.33027542019323 5.7955458074187955 1.2000000000000028
      vertex 76.34848462140415 5.8066190679765715 1.2000000000000028
      vertex 76.03967261631047 6.889134454902683 3
    endloop
  endfacet
  facet normal 0.4449522094053277 -0.7316927356706419 0.5163751271238088
    outer loop
      vertex 76.34848462140415 5.8066190679765715 1.2000000000000028
      vertex 76.3581632823477 5.814840196682402 1.2033092193879895
      vertex 76.03967261631047 6.889134454902683 3
    endloop
  endfacet
  facet normal 0.44495220940559593 -0.7316927356705035 0.5163751271237736
    outer loop
      vertex 76.3881247157273 5.830724743337642 1.2000000000000028
      vertex 76.03967261631047 6.889134454902683 3
      vertex 76.3581632823477 5.814840196682402 1.2033092193879895
    endloop
  endfacet
  facet normal 0.44495220940552316 -0.7316927356705418 0.5163751271237821
    outer loop
      vertex 76.3881247157273 5.830724743337642 1.2000000000000028
      vertex 76.54018293208392 5.923193393124274 1.2000000000000028
      vertex 76.03967261631047 6.889134454902683 3
    endloop
  endfacet
  facet normal 0.3411757525315983 -0.7854653614083832 0.5163751271237759
    outer loop
      vertex 76.54018293208392 5.923193393124274 1.2000000000000028
      vertex 76.66389742587404 5.97693018101041 1.2000000000000028
      vertex 76.40119712001609 7.04616670695413 3
    endloop
  endfacet
  facet normal -0.6996223784202908 -0.4938474012298117 0.5163751271237768
    outer loop
      vertex 78.78650478014711 5.429898420501967 1.2000000000000028
      vertex 79.83578812653644 5.825512769992438 3
      vertex 78.76458032326795 5.460958299786894 1.2000000000000028
    endloop
  endfacet
  facet normal -0.6258605120431463 -0.5845129147871678 0.5163751271237799
    outer loop
      vertex 78.76458032326795 5.460958299786894 1.2000000000000028
      vertex 79.60848601315517 6.147526502954799 3
      vertex 78.59689565779357 5.640504735700622 1.2000000000000028
    endloop
  endfacet
  facet normal 0.34117575253163074 -0.7854653614083709 0.5163751271237732
    outer loop
      vertex 76.66389742587404 5.97693018101041 1.2000000000000028
      vertex 76.70205132038814 5.997158095670224 1.205560187691347
      vertex 76.40119712001609 7.04616670695413 3
    endloop
  endfacet
  facet normal 0.3411757525314956 -0.7854653614084238 0.5163751271237819
    outer loop
      vertex 76.72537642707294 6.003634279662597 1.2000000000000028
      vertex 76.76551669809221 6.021069659813875 1.2000000000000028
      vertex 76.40119712001609 7.04616670695413 3
    endloop
  endfacet
  facet normal 0.34117575253147486 -0.7854653614084322 0.5163751271237829
    outer loop
      vertex 76.72537642707294 6.003634279662597 1.2000000000000028
      vertex 76.40119712001609 7.04616670695413 3
      vertex 76.70205132038814 5.997158095670224 1.205560187691347
    endloop
  endfacet
  facet normal 0.23104383691723948 -0.8246062536207567 0.5163751271237801
    outer loop
      vertex 76.76551669809221 6.021069659813875 1.2000000000000028
      vertex 77.00207917650525 6.087351357828181 1.2000000000000028
      vertex 76.78073692054689 7.152508771900157 3
    endloop
  endfacet
  facet normal 0.11660801177285654 -0.8483862915431153 0.5163751271237815
    outer loop
      vertex 77.00207917650525 6.087351357828181 1.2000000000000028
      vertex 77.05122931657829 6.094106889087238 1.2000000000000028
      vertex 77.17122190953586 7.206179698277731 3
    endloop
  endfacet
  facet normal 0.11660801177280945 -0.8483862915431186 0.5163751271237867
    outer loop
      vertex 77.05122931657829 6.094106889087238 1.2000000000000028
      vertex 77.07709240620501 6.101287740574746 1.2059574761493081
      vertex 77.17122190953586 7.206179698277731 3
    endloop
  endfacet
  facet normal 0.11660801177289744 -0.8483862915431118 0.5163751271237779
    outer loop
      vertex 77.12065987989563 6.103649900361004 1.2000000000000028
      vertex 77.17122190953586 7.206179698277731 3
      vertex 77.07709240620501 6.101287740574746 1.2059574761493081
    endloop
  endfacet
  facet normal 0.1166080117728634 -0.8483862915431147 0.5163751271237806
    outer loop
      vertex 77.12065987989563 6.103649900361004 1.2000000000000028
      vertex 77.24546365594358 6.12080378454297 1.2000000000000028
      vertex 77.17122190953586 7.206179698277731 3
    endloop
  endfacet
  facet normal 0 -0.8563624980625317 0.5163751271237804
    outer loop
      vertex 77.24546365594358 6.12080378454297 1.2000000000000028
      vertex 77.43704465713952 6.12080378454297 1.2000000000000028
      vertex 77.56537809046412 7.206179698277731 3
    endloop
  endfacet
  facet normal -2.5384497153169537e-14 -0.856362498062531 0.5163751271237818
    outer loop
      vertex 77.43704465713952 6.12080378454297 1.2000000000000028
      vertex 77.46575003545374 6.122360144932022 1.2025810861148187
      vertex 77.56537809046412 7.206179698277731 3
    endloop
  endfacet
  facet normal 7.524974303914512e-14 -0.8563624980625333 0.5163751271237776
    outer loop
      vertex 77.47524341384735 6.12080378454297 1.2000000000000028
      vertex 77.56537809046412 7.206179698277731 3
      vertex 77.46575003545374 6.122360144932022 1.2025810861148187
    endloop
  endfacet
  facet normal 0 -0.8563624980625317 0.5163751271237804
    outer loop
      vertex 77.47524341384735 6.12080378454297 1.2000000000000028
      vertex 77.4911363440564 6.12080378454297 1.2000000000000028
      vertex 77.56537809046412 7.206179698277731 3
    endloop
  endfacet
  facet normal -0.11660801177286256 -0.8483862915431153 0.5163751271237802
    outer loop
      vertex 77.4911363440564 6.12080378454297 1.2000000000000028
      vertex 77.73452082349473 6.087351357828181 1.2000000000000028
      vertex 77.9558630794531 7.152508771900157 3
    endloop
  endfacet
  facet normal -0.23104383691723582 -0.8246062536207582 0.5163751271237795
    outer loop
      vertex 77.73452082349473 6.087351357828181 1.2000000000000028
      vertex 77.81240746727002 6.065528543674841 1.2000000000000028
      vertex 78.33540287998389 7.04616670695413 3
    endloop
  endfacet
  facet normal -0.23104383691712482 -0.8246062536207964 0.5163751271237681
    outer loop
      vertex 77.81240746727002 6.065528543674841 1.2000000000000028
      vertex 77.84985100935259 6.059389986534601 1.2069507744194965
      vertex 78.33540287998389 7.04616670695413 3
    endloop
  endfacet
  facet normal -0.23104383691723207 -0.824606253620759 0.5163751271237799
    outer loop
      vertex 77.88665986907897 6.044723996366434 1.2000000000000028
      vertex 77.97108330190777 6.021069659813875 1.2000000000000028
      vertex 78.33540287998389 7.04616670695413 3
    endloop
  endfacet
  facet normal -0.2310438369173693 -0.8246062536207148 0.5163751271237894
    outer loop
      vertex 77.84985100935259 6.059389986534601 1.2069507744194965
      vertex 77.88665986907897 6.044723996366434 1.2000000000000028
      vertex 78.33540287998389 7.04616670695413 3
    endloop
  endfacet
  facet normal -0.44495220940666097 -0.73169273566973 0.5163751271239521
    outer loop
      vertex 78.20542112932068 5.9177179020878174 1.2000000000000028
      vertex 78.2114351932596 5.91532168000284 1.2017868264678953
      vertex 79.03370207309655 6.6843372294851005 3
    endloop
  endfacet
  facet normal -0.44495220940539204 -0.7316927356706373 0.5163751271237598
    outer loop
      vertex 78.2294745457928 5.903090695500595 1.2000000000000028
      vertex 79.03370207309655 6.6843372294851005 3
      vertex 78.2114351932596 5.91532168000284 1.2017868264678953
    endloop
  endfacet
  facet normal -0.444952209405039 -0.7316927356708933 0.5163751271237011
    outer loop
      vertex 78.20542112932068 5.9177179020878174 1.2000000000000028
      vertex 79.03370207309655 6.6843372294851005 3
      vertex 78.19641706791606 5.923193393124274 1.2000000000000028
    endloop
  endfacet
  facet normal -0.34117575253157234 -0.7854653614083906 0.5163751271237818
    outer loop
      vertex 77.97108330190777 6.021069659813875 1.2000000000000028
      vertex 78.19641706791606 5.923193393124274 1.2000000000000028
      vertex 78.69692738368951 6.889134454902683 3
    endloop
  endfacet
  facet normal -0.540440048500098 -0.664290058683043 0.5163751271237714
    outer loop
      vertex 78.55378437269968 5.675578367621661 1.2000000000000028
      vertex 79.33945347294353 6.435590015519681 3
      vertex 78.53359531260728 5.696891699229745 1.2062885633303893
    endloop
  endfacet
  facet normal -0.5404400485001745 -0.6642900586829756 0.5163751271237781
    outer loop
      vertex 78.49753078566422 5.7213440552281 1.2000000000000028
      vertex 78.53359531260728 5.696891699229745 1.2062885633303893
      vertex 79.33945347294353 6.435590015519681 3
    endloop
  endfacet
  facet normal -0.44495220940553915 -0.7316927356705334 0.5163751271237804
    outer loop
      vertex 78.40632457980675 5.7955458074187955 1.2000000000000028
      vertex 79.03370207309655 6.6843372294851005 3
      vertex 78.2294745457928 5.903090695500595 1.2000000000000028
    endloop
  endfacet
  facet normal -0.5404400485002153 -0.6642900586829388 0.5163751271237825
    outer loop
      vertex 78.49753078566422 5.7213440552281 1.2000000000000028
      vertex 79.33945347294353 6.435590015519681 3
      vertex 78.40632457980675 5.7955458074187955 1.2000000000000028
    endloop
  endfacet
  facet normal -0.5404400485002747 -0.6642900586828896 0.5163751271237838
    outer loop
      vertex 78.55378437269968 5.675578367621661 1.2000000000000028
      vertex 78.59689565779357 5.640504735700622 1.2000000000000028
      vertex 79.33945347294353 6.435590015519681 3
    endloop
  endfacet
  facet normal -0.8384508951408959 -0.1742320995836911 0.5163751271237698
    outer loop
      vertex 79.1307831079541 4.669962125636761 1.2000000000000028
      vertex 80.22931391888292 4.718237311895534 3
      vertex 79.12621700027815 4.711946792379843 1.2067521059509119
    endloop
  endfacet
  facet normal -0.8384508951409215 -0.17423209958352215 0.5163751271237849
    outer loop
      vertex 79.12621700027815 4.711946792379843 1.2067521059509119
      vertex 80.22931391888292 4.718237311895534 3
      vertex 79.1153670348923 4.7441483421210595 1.2000000000000028
    endloop
  endfacet
  facet normal -0.8384508951408985 -0.17423209958368122 0.5163751271237684
    outer loop
      vertex 79.1153670348923 4.7441483421210595 1.2000000000000028
      vertex 80.22931391888292 4.718237311895534 3
      vertex 79.10155111722602 4.810634188082643 1.2000000000000028
    endloop
  endfacet
  facet normal -0.806916917092383 -0.28677834122893947 0.516375127123782
    outer loop
      vertex 79.10155111722602 4.810634188082643 1.2000000000000028
      vertex 80.14912047379121 5.104149356704021 3
      vertex 79.0192803427098 5.042121961723234 1.2000000000000028
    endloop
  endfacet
  facet normal -0.7603516036238486 -0.3939824449826935 0.5163751271237808
    outer loop
      vertex 79.0192803427098 5.042121961723234 1.2000000000000028
      vertex 80.01712560478717 5.47554732320431 3
      vertex 79.00695018520314 5.065918085516367 1.2000000000000028
    endloop
  endfacet
  facet normal -0.760351603624044 -0.39398244498229246 0.5163751271237991
    outer loop
      vertex 79.00695018520314 5.065918085516367 1.2000000000000028
      vertex 80.01712560478717 5.47554732320431 3
      vertex 79.00193575540771 5.0808003828084765 1.2039712101342133
    endloop
  endfacet
  facet normal -0.760351603623807 -0.3939824449827835 0.5163751271237732
    outer loop
      vertex 79.00193575540771 5.0808003828084765 1.2039712101342133
      vertex 80.01712560478717 5.47554732320431 3
      vertex 78.98250724674355 5.113090815397378 1.2000000000000028
    endloop
  endfacet
  facet normal -0.7603516036238518 -0.3939824449826884 0.5163751271237798
    outer loop
      vertex 78.98250724674355 5.113090815397378 1.2000000000000028
      vertex 80.01712560478717 5.47554732320431 3
      vertex 78.90625492818367 5.2602511100637805 1.2000000000000028
    endloop
  endfacet
  facet normal -0.6996223784202739 -0.493847401229834 0.5163751271237784
    outer loop
      vertex 78.90625492818367 5.2602511100637805 1.2000000000000028
      vertex 79.83578812653644 5.825512769992438 3
      vertex 78.8229896017717 5.378211203726753 1.2000000000000028
    endloop
  endfacet
  facet normal -0.6996223784204261 -0.49384740122959186 0.516375127123804
    outer loop
      vertex 78.80126751827015 5.414313587348776 1.2050967067701208
      vertex 78.8229896017717 5.378211203726753 1.2000000000000028
      vertex 79.83578812653644 5.825512769992438 3
    endloop
  endfacet
  facet normal -0.6996223784202755 -0.49384740122983695 0.5163751271237733
    outer loop
      vertex 78.78650478014711 5.429898420501967 1.2000000000000028
      vertex 78.80126751827015 5.414313587348776 1.2050967067701208
      vertex 79.83578812653644 5.825512769992438 3
    endloop
  endfacet
  facet normal 0.3411757525315654 0.7854653614083945 0.51637512712378
    outer loop
      vertex 76.76551669809221 2.6289303401861233 1.2000000000000028
      vertex 76.03967261631047 1.7608655450973174 3
      vertex 76.40119712001609 1.6038332930458665 3
    endloop
  endfacet
  facet normal 0.44495220940553476 0.7316927356705354 0.5163751271237812
    outer loop
      vertex 76.54018293208392 2.7268066068757246 1.2000000000000028
      vertex 75.70289792690343 1.9656627705148964 3
      vertex 76.03967261631047 1.7608655450973174 3
    endloop
  endfacet
  facet normal 0.7603516036238529 0.39398244498268603 0.5163751271237801
    outer loop
      vertex 75.83034507181631 3.389748889936218 1.2000000000000028
      vertex 74.71947439521281 3.1744526767956884 3
      vertex 74.90081187346354 2.824487230007561 3
    endloop
  endfacet
  facet normal 0.8069169170923807 0.2867783412289483 0.516375127123781
    outer loop
      vertex 75.71731965729018 3.6078780382767643 1.2000000000000028
      vertex 74.58747952620877 3.545850643295978 3
      vertex 74.71947439521281 3.1744526767956884 3
    endloop
  endfacet
  facet normal 0.6258605120431526 0.5845129147871604 0.5163751271237808
    outer loop
      vertex 76.13970434220641 3.0094952642993764 1.2000000000000028
      vertex 75.12811398684481 2.5024734970452016 3
      vertex 75.39714652705645 2.2144099844803193 3
    endloop
  endfacet
  facet normal 0.5404400485002083 0.6642900586829457 0.5163751271237809
    outer loop
      vertex 76.33027542019323 2.854454192581203 1.2000000000000028
      vertex 75.39714652705645 2.2144099844803193 3
      vertex 75.70289792690343 1.9656627705148964 3
    endloop
  endfacet
  facet normal 0.6996223784203022 0.49384740122979287 0.5163751271237796
    outer loop
      vertex 75.97201967673203 3.189041700213105 1.2000000000000028
      vertex 74.90081187346354 2.824487230007561 3
      vertex 75.12811398684481 2.5024734970452016 3
    endloop
  endfacet
  facet normal 0.8384508951409111 0.17423209958358388 0.5163751271237813
    outer loop
      vertex 75.63504888277396 3.8393658119173555 1.2000000000000028
      vertex 74.50728608111706 3.931762688104465 3
      vertex 74.58747952620877 3.545850643295978 3
    endloop
  endfacet
  facet normal 0.85436611942298 0.058440243582799735 0.5163751271237811
    outer loop
      vertex 75.5850652971346 4.079900031626755 1.2000000000000028
      vertex 74.4803879120879 4.324999999999999 3
      vertex 74.50728608111706 3.931762688104465 3
    endloop
  endfacet
  facet normal 0.8543661194229808 -0.05844024358279991 0.5163751271237802
    outer loop
      vertex 75.5683 4.324999999999999 1.2000000000000028
      vertex 74.50728608111706 4.718237311895534 3
      vertex 74.4803879120879 4.324999999999999 3
    endloop
  endfacet
  facet normal 0.23104383691724018 0.8246062536207559 0.5163751271237815
    outer loop
      vertex 77.00207917650525 2.562648642171819 1.2000000000000028
      vertex 76.40119712001609 1.6038332930458665 3
      vertex 76.78073692054689 1.4974912280998396 3
    endloop
  endfacet
  facet normal 0.11660801177286578 0.8483862915431138 0.5163751271237818
    outer loop
      vertex 77.24546365594358 2.5291962154570307 1.2000000000000028
      vertex 76.78073692054689 1.4974912280998396 3
      vertex 77.17122190953586 1.4438203017222655 3
    endloop
  endfacet
  facet normal -2.8727935663443635e-17 0.856362498062531 0.5163751271237818
    outer loop
      vertex 77.4911363440564 2.5291962154570307 1.2000000000000028
      vertex 77.17122190953586 1.4438203017222655 3
      vertex 77.56537809046412 1.4438203017222655 3
    endloop
  endfacet
  facet normal -0.1166080117728658 0.8483862915431141 0.5163751271237815
    outer loop
      vertex 77.73452082349473 2.562648642171819 1.2000000000000028
      vertex 77.56537809046412 1.4438203017222655 3
      vertex 77.9558630794531 1.4974912280998396 3
    endloop
  endfacet
  facet normal -0.23104383691724012 0.8246062536207562 0.5163751271237808
    outer loop
      vertex 77.97108330190777 2.6289303401861233 1.2000000000000028
      vertex 77.9558630794531 1.4974912280998396 3
      vertex 78.33540287998389 1.6038332930458665 3
    endloop
  endfacet
  facet normal -0.3411757525315586 0.7854653614083968 0.5163751271237812
    outer loop
      vertex 78.19641706791606 2.726806606875723 1.2000000000000028
      vertex 78.33540287998389 1.6038332930458665 3
      vertex 78.69692738368951 1.7608655450973139 3
    endloop
  endfacet
  facet normal -0.4449522094055406 0.7316927356705321 0.516375127123781
    outer loop
      vertex 78.40632457980675 2.854454192581203 1.2000000000000028
      vertex 78.69692738368951 1.7608655450973139 3
      vertex 79.03370207309655 1.9656627705148964 3
    endloop
  endfacet
  facet normal -0.5404400485002087 0.6642900586829458 0.5163751271237806
    outer loop
      vertex 78.59689565779357 3.0094952642993764 1.2000000000000028
      vertex 79.03370207309655 1.9656627705148964 3
      vertex 79.33945347294353 2.2144099844803193 3
    endloop
  endfacet
  facet normal -0.6258605120431532 0.5845129147871607 0.5163751271237796
    outer loop
      vertex 78.76458032326795 3.189041700213105 1.2000000000000028
      vertex 79.33945347294353 2.2144099844803193 3
      vertex 79.60848601315517 2.5024734970452016 3
    endloop
  endfacet
  facet normal -0.6996223784203033 0.4938474012297908 0.5163751271237802
    outer loop
      vertex 78.90625492818367 3.38974888993622 1.2000000000000028
      vertex 79.60848601315517 2.5024734970452016 3
      vertex 79.83578812653644 2.8244872300075627 3
    endloop
  endfacet
  facet normal -0.7603516036238523 0.39398244498268575 0.5163751271237811
    outer loop
      vertex 79.0192803427098 3.607878038276766 1.2000000000000028
      vertex 79.83578812653644 2.8244872300075627 3
      vertex 80.01712560478717 3.17445267679569 3
    endloop
  endfacet
  facet normal -0.8069169170923797 0.28677834122894963 0.5163751271237818
    outer loop
      vertex 79.10155111722602 3.8393658119173555 1.2000000000000028
      vertex 80.01712560478717 3.17445267679569 3
      vertex 80.14912047379121 3.545850643295978 3
    endloop
  endfacet
  facet normal -0.8384508951409111 0.1742320995835837 0.5163751271237811
    outer loop
      vertex 79.15153470286538 4.079900031626755 1.2000000000000028
      vertex 80.14912047379121 3.545850643295978 3
      vertex 80.22931391888292 3.931762688104465 3
    endloop
  endfacet
  facet normal -0.8543661194229808 0.05844024358279991 0.5163751271237802
    outer loop
      vertex 79.16829999999999 4.324999999999999 1.2000000000000028
      vertex 80.22931391888292 3.931762688104465 3
      vertex 80.25621208791208 4.324999999999999 3
    endloop
  endfacet
  facet normal -0.85436611942298 -0.058440243582799735 0.5163751271237811
    outer loop
      vertex 79.15153470286538 4.570099968373244 1.2000000000000028
      vertex 80.25621208791208 4.324999999999999 3
      vertex 80.22931391888292 4.718237311895534 3
    endloop
  endfacet
  facet normal 0.8384508951409111 -0.1742320995835837 0.5163751271237811
    outer loop
      vertex 75.5850652971346 4.570099968373244 1.2000000000000028
      vertex 74.58747952620877 5.104149356704021 3
      vertex 74.50728608111706 4.718237311895534 3
    endloop
  endfacet
  facet normal 0.8069169170923801 -0.28677834122894835 0.5163751271237819
    outer loop
      vertex 75.63504888277396 4.810634188082643 1.2000000000000028
      vertex 74.71947439521281 5.47554732320431 3
      vertex 74.58747952620877 5.104149356704021 3
    endloop
  endfacet
  facet normal 0.7603516036238523 -0.39398244498268575 0.5163751271237811
    outer loop
      vertex 75.71731965729018 5.042121961723234 1.2000000000000028
      vertex 74.90081187346354 5.825512769992438 3
      vertex 74.71947439521281 5.47554732320431 3
    endloop
  endfacet
  facet normal 0.6996223784203021 -0.49384740122979265 0.5163751271237801
    outer loop
      vertex 75.83034507181631 5.2602511100637805 1.2000000000000028
      vertex 75.12811398684481 6.147526502954797 3
      vertex 74.90081187346354 5.825512769992438 3
    endloop
  endfacet
  facet normal 0.6258605120431548 -0.5845129147871587 0.5163751271237796
    outer loop
      vertex 75.97201967673203 5.460958299786894 1.2000000000000028
      vertex 75.39714652705645 6.435590015519681 3
      vertex 75.12811398684481 6.147526502954797 3
    endloop
  endfacet
  facet normal 0.5404400485002037 -0.6642900586829494 0.516375127123781
    outer loop
      vertex 76.13970434220641 5.640504735700622 1.2000000000000028
      vertex 75.70289792690343 6.6843372294851005 3
      vertex 75.39714652705645 6.435590015519681 3
    endloop
  endfacet
  facet normal 0.44495220940554064 -0.7316927356705324 0.5163751271237804
    outer loop
      vertex 76.33027542019323 5.7955458074187955 1.2000000000000028
      vertex 76.03967261631047 6.889134454902683 3
      vertex 75.70289792690343 6.6843372294851005 3
    endloop
  endfacet
  facet normal 0.3411757525315586 -0.7854653614083968 0.5163751271237812
    outer loop
      vertex 76.54018293208392 5.923193393124274 1.2000000000000028
      vertex 76.40119712001609 7.04616670695413 3
      vertex 76.03967261631047 6.889134454902683 3
    endloop
  endfacet
  facet normal 0.2310438369172404 -0.8246062536207566 0.5163751271237802
    outer loop
      vertex 76.76551669809221 6.021069659813875 1.2000000000000028
      vertex 76.78073692054689 7.152508771900157 3
      vertex 76.40119712001609 7.04616670695413 3
    endloop
  endfacet
  facet normal 0.11660801177286594 -0.8483862915431147 0.5163751271237802
    outer loop
      vertex 77.00207917650525 6.087351357828181 1.2000000000000028
      vertex 77.17122190953586 7.206179698277731 3
      vertex 76.78073692054689 7.152508771900157 3
    endloop
  endfacet
  facet normal 8.233067875971641e-17 -0.8563624980625316 0.5163751271237804
    outer loop
      vertex 77.24546365594358 6.12080378454297 1.2000000000000028
      vertex 77.56537809046412 7.206179698277731 3
      vertex 77.17122190953586 7.206179698277731 3
    endloop
  endfacet
  facet normal -0.11660801177286584 -0.8483862915431146 0.5163751271237805
    outer loop
      vertex 77.4911363440564 6.12080378454297 1.2000000000000028
      vertex 77.9558630794531 7.152508771900157 3
      vertex 77.56537809046412 7.206179698277731 3
    endloop
  endfacet
  facet normal -0.540440048500204 -0.6642900586829497 0.5163751271237805
    outer loop
      vertex 78.40632457980675 5.7955458074187955 1.2000000000000028
      vertex 79.33945347294353 6.435590015519681 3
      vertex 79.03370207309655 6.6843372294851005 3
    endloop
  endfacet
  facet normal -0.3411757525315589 -0.7854653614083977 0.5163751271237798
    outer loop
      vertex 77.97108330190777 6.021069659813875 1.2000000000000028
      vertex 78.69692738368951 6.889134454902683 3
      vertex 78.33540287998389 7.04616670695413 3
    endloop
  endfacet
  facet normal -0.23104383691724031 -0.8246062536207566 0.5163751271237802
    outer loop
      vertex 77.73452082349473 6.087351357828181 1.2000000000000028
      vertex 78.33540287998389 7.04616670695413 3
      vertex 77.9558630794531 7.152508771900157 3
    endloop
  endfacet
  facet normal -0.44495220940554037 -0.7316927356705317 0.5163751271237815
    outer loop
      vertex 78.19641706791606 5.923193393124274 1.2000000000000028
      vertex 79.03370207309655 6.6843372294851005 3
      vertex 78.69692738368951 6.889134454902683 3
    endloop
  endfacet
  facet normal -0.8069169170923807 -0.2867783412289483 0.516375127123781
    outer loop
      vertex 79.0192803427098 5.042121961723234 1.2000000000000028
      vertex 80.14912047379121 5.104149356704021 3
      vertex 80.01712560478717 5.47554732320431 3
    endloop
  endfacet
  facet normal -0.8384508951409111 -0.17423209958358388 0.5163751271237813
    outer loop
      vertex 79.10155111722602 4.810634188082643 1.2000000000000028
      vertex 80.22931391888292 4.718237311895534 3
      vertex 80.14912047379121 5.104149356704021 3
    endloop
  endfacet
  facet normal -0.7603516036238529 -0.39398244498268603 0.5163751271237801
    outer loop
      vertex 78.90625492818367 5.2602511100637805 1.2000000000000028
      vertex 80.01712560478717 5.47554732320431 3
      vertex 79.83578812653644 5.825512769992438 3
    endloop
  endfacet
  facet normal -0.6996223784203034 -0.49384740122979087 0.5163751271237799
    outer loop
      vertex 78.76458032326795 5.460958299786894 1.2000000000000028
      vertex 79.83578812653644 5.825512769992438 3
      vertex 79.60848601315517 6.147526502954799 3
    endloop
  endfacet
  facet normal -0.6258605120431525 -0.5845129147871602 0.5163751271237811
    outer loop
      vertex 78.59689565779357 5.640504735700622 1.2000000000000028
      vertex 79.60848601315517 6.147526502954799 3
      vertex 79.33945347294353 6.435590015519681 3
    endloop
  endfacet
  facet normal 0.4684084406997946 0.8835120444460206 -1.4881321776771994e-15
    outer loop
      vertex 76.3581632823477 31.535159803317597 0
      vertex 76.3881247157273 31.51927525666236 1.2000000000000028
      vertex 76.70205132038814 31.35284190432978 0
    endloop
  endfacet
  facet normal 0.7960930657056443 0.6051742151937644 6.66806703486158e-16
    outer loop
      vertex 75.82595708289833 32.097003057081366 0
      vertex 75.82793331678596 32.09440336586079 1.2000000000000028
      vertex 76.06150811453836 31.78714097406384 0
    endloop
  endfacet
  facet normal 0.6473862847818265 0.7621620551276375 9.37537888484517e-16
    outer loop
      vertex 76.06150811453836 31.78714097406384 0
      vertex 76.08898735912437 31.7637998933298 1.2000000000000028
      vertex 76.3581632823477 31.535159803317597 0
    endloop
  endfacet
  facet normal 0.9075754196709501 0.41988910156027937 -9.421817250912188e-15
    outer loop
      vertex 75.82595708289833 32.097003057081366 0
      vertex 75.66252429187094 32.45025724575524 0
      vertex 75.68061534472324 32.41115407583801 1.2000000000000028
    endloop
  endfacet
  facet normal 0.2675283385292227 0.9635499925192225 2.917509795986903e-15
    outer loop
      vertex 76.70205132038814 31.35284190432978 0
      vertex 76.72537642707294 31.346365720337403 1.2000000000000028
      vertex 77.07709240620501 31.248712259425254 0
    endloop
  endfacet
  facet normal 0.054138908585420004 0.9985334138511237 6.528509684830278e-16
    outer loop
      vertex 77.07709240620501 31.248712259425254 0
      vertex 77.12065987989563 31.246350099638995 1.2000000000000028
      vertex 77.46575003545374 31.227639855067977 0
    endloop
  endfacet
  facet normal -0.16178199655276554 0.9868265225415261 -3.960549499438696e-16
    outer loop
      vertex 77.46575003545374 31.227639855067977 0
      vertex 77.47524341384735 31.22919621545703 1.2000000000000028
      vertex 77.84985100935259 31.2906100134654 0
    endloop
  endfacet
  facet normal -0.3701381553399263 0.9289767198167866 2.259776413465146e-16
    outer loop
      vertex 77.84985100935259 31.2906100134654 0
      vertex 77.88665986907897 31.305276003633566 1.2000000000000028
      vertex 78.2114351932596 31.43467831999716 0
    endloop
  endfacet
  facet normal -0.5611870653623767 0.8276889981568943 3.3949007996790735e-15
    outer loop
      vertex 78.2114351932596 31.43467831999716 0
      vertex 78.2294745457928 31.446909304499407 1.2000000000000028
      vertex 78.53359531260728 31.653108300770256 0
    endloop
  endfacet
  facet normal -0.7259954919231228 0.6876994588534316 7.062488366936432e-15
    outer loop
      vertex 78.53359531260728 31.653108300770256 0
      vertex 78.55378437269968 31.67442163237834 1.2000000000000028
      vertex 78.80126751827015 31.935686412651226 0
    endloop
  endfacet
  facet normal -0.8568571761675889 0.5155538571770223 -7.376095857343757e-15
    outer loop
      vertex 78.80126751827015 31.935686412651226 0
      vertex 78.8229896017717 31.97178879627325 1.2000000000000028
      vertex 79.00193575540771 32.269199617191525 0
    endloop
  endfacet
  facet normal -0.9476531711828047 0.31930153013597345 -2.53123924412272e-15
    outer loop
      vertex 79.00193575540771 32.269199617191525 0
      vertex 79.00695018520314 32.284081914483636 1.2000000000000028
      vertex 79.12621700027815 32.63805320762016 0
    endloop
  endfacet
  facet normal 0.4684084406998029 0.8835120444460162 1.2939703452632973e-15
    outer loop
      vertex 76.70205132038814 31.35284190432978 0
      vertex 76.3881247157273 31.51927525666236 1.2000000000000028
      vertex 76.66389742587404 31.373069818989592 1.2000000000000028
    endloop
  endfacet
  facet normal 0.7960930657057925 0.6051742151935693 0
    outer loop
      vertex 75.82595708289833 32.097003057081366 0
      vertex 75.82595708289833 32.097003057081366 1.2009264580673715
      vertex 75.82793331678596 32.09440336586079 1.2000000000000028
    endloop
  endfacet
  facet normal 0.6473862847818244 0.7621620551276393 1.3054306529817814e-16
    outer loop
      vertex 76.3581632823477 31.535159803317597 0
      vertex 76.08898735912437 31.7637998933298 1.2000000000000028
      vertex 76.34848462140415 31.54338093202343 1.2000000000000028
    endloop
  endfacet
  facet normal 0.468408440699748 0.8835120444460451 0
    outer loop
      vertex 76.3581632823477 31.535159803317597 0
      vertex 76.3581632823477 31.535159803317597 1.2033092193879895
      vertex 76.3881247157273 31.51927525666236 1.2000000000000028
    endloop
  endfacet
  facet normal 0.6473862847818149 0.7621620551276472 0
    outer loop
      vertex 76.3581632823477 31.535159803317597 0
      vertex 76.34848462140415 31.54338093202343 1.2000000000000028
      vertex 76.3581632823477 31.535159803317597 1.2033092193879895
    endloop
  endfacet
  facet normal 0.7960930657057147 0.6051742151936719 0
    outer loop
      vertex 76.06150811453836 31.78714097406384 0
      vertex 76.0366571221094 31.819831895540496 1.2000000000000028
      vertex 76.06150811453836 31.78714097406384 1.2068845511069242
    endloop
  endfacet
  facet normal 0.6473862847818502 0.7621620551276174 0
    outer loop
      vertex 76.06150811453836 31.78714097406384 0
      vertex 76.06150811453836 31.78714097406384 1.2068845511069242
      vertex 76.08898735912437 31.7637998933298 1.2000000000000028
    endloop
  endfacet
  facet normal 0.7960930657056347 0.6051742151937773 -4.533836188906297e-15
    outer loop
      vertex 76.06150811453836 31.78714097406384 0
      vertex 75.82793331678596 32.09440336586079 1.2000000000000028
      vertex 76.0366571221094 31.819831895540496 1.2000000000000028
    endloop
  endfacet
  facet normal 0.9075754196709576 0.41988910156026354 -4.3821375071256925e-15
    outer loop
      vertex 75.82595708289833 32.097003057081366 0
      vertex 75.68061534472324 32.41115407583801 1.2000000000000028
      vertex 75.82071305093655 32.10833784641217 1.2000000000000028
    endloop
  endfacet
  facet normal 0.9075754196711344 0.4198891015598814 0
    outer loop
      vertex 75.82595708289833 32.097003057081366 0
      vertex 75.82071305093655 32.10833784641217 1.2000000000000028
      vertex 75.82595708289833 32.097003057081366 1.2009264580673715
    endloop
  endfacet
  facet normal 0.9766205557100889 0.2149704402110141 -3.866113205938584e-15
    outer loop
      vertex 75.66252429187094 32.45025724575524 0
      vertex 75.58285648309362 32.81219174988492 1.2000000000000028
      vertex 75.65570068193537 32.48125721821975 1.2000000000000028
    endloop
  endfacet
  facet normal 0.9075754196708401 0.4198891015605176 0
    outer loop
      vertex 75.66252429187094 32.45025724575524 0
      vertex 75.66252429187094 32.45025724575524 1.2065534418896533
      vertex 75.68061534472324 32.41115407583801 1.2000000000000028
    endloop
  endfacet
  facet normal 0.9766205557101203 0.2149704402108714 0
    outer loop
      vertex 75.66252429187094 32.45025724575524 0
      vertex 75.65570068193537 32.48125721821975 1.2000000000000028
      vertex 75.66252429187094 32.45025724575524 1.2065534418896533
    endloop
  endfacet
  facet normal 0.2675283385292032 0.9635499925192278 -3.23465096624792e-15
    outer loop
      vertex 77.07709240620501 31.248712259425254 0
      vertex 76.72537642707294 31.346365720337403 1.2000000000000028
      vertex 77.05122931657829 31.255893110912766 1.2000000000000028
    endloop
  endfacet
  facet normal 0.26752833852936203 0.9635499925191837 0
    outer loop
      vertex 76.70205132038814 31.35284190432978 0
      vertex 76.70205132038814 31.35284190432978 1.205560187691347
      vertex 76.72537642707294 31.346365720337403 1.2000000000000028
    endloop
  endfacet
  facet normal 0.4684084406997711 0.883512044446033 0
    outer loop
      vertex 76.70205132038814 31.35284190432978 0
      vertex 76.66389742587404 31.373069818989592 1.2000000000000028
      vertex 76.70205132038814 31.35284190432978 1.205560187691347
    endloop
  endfacet
  facet normal 0.26752833852934255 0.9635499925191892 0
    outer loop
      vertex 77.07709240620501 31.248712259425254 0
      vertex 77.05122931657829 31.255893110912766 1.2000000000000028
      vertex 77.07709240620501 31.248712259425254 1.2059574761493081
    endloop
  endfacet
  facet normal 0.054138908585437934 0.9985334138511227 0
    outer loop
      vertex 77.07709240620501 31.248712259425254 0
      vertex 77.07709240620501 31.248712259425254 1.2059574761493081
      vertex 77.12065987989563 31.246350099638995 1.2000000000000028
    endloop
  endfacet
  facet normal 0.054138908585416506 0.998533413851124 -3.6012979569775727e-16
    outer loop
      vertex 77.46575003545374 31.227639855067977 0
      vertex 77.12065987989563 31.246350099638995 1.2000000000000028
      vertex 77.43704465713952 31.22919621545703 1.2000000000000028
    endloop
  endfacet
  facet normal 0.0541389085854315 0.9985334138511232 0
    outer loop
      vertex 77.46575003545374 31.227639855067977 0
      vertex 77.43704465713952 31.22919621545703 1.2000000000000028
      vertex 77.46575003545374 31.227639855067977 1.2025810861148187
    endloop
  endfacet
  facet normal -0.16178199655281428 0.986826522541518 0
    outer loop
      vertex 77.46575003545374 31.227639855067977 0
      vertex 77.46575003545374 31.227639855067977 1.2025810861148187
      vertex 77.47524341384735 31.22919621545703 1.2000000000000028
    endloop
  endfacet
  facet normal -0.1617819965527658 0.986826522541526 -4.711441289411328e-16
    outer loop
      vertex 77.84985100935259 31.2906100134654 0
      vertex 77.47524341384735 31.22919621545703 1.2000000000000028
      vertex 77.81240746727002 31.28447145632516 1.2000000000000028
    endloop
  endfacet
  facet normal -0.16178199655275105 0.9868265225415284 0
    outer loop
      vertex 77.84985100935259 31.2906100134654 0
      vertex 77.81240746727002 31.28447145632516 1.2000000000000028
      vertex 77.84985100935259 31.2906100134654 1.2069507744194965
    endloop
  endfacet
  facet normal -0.37013815533992006 0.9289767198167893 0
    outer loop
      vertex 77.84985100935259 31.2906100134654 0
      vertex 77.84985100935259 31.2906100134654 1.2069507744194965
      vertex 77.88665986907897 31.305276003633566 1.2000000000000028
    endloop
  endfacet
  facet normal -0.3701381553399146 0.9289767198167913 3.9072069361790256e-15
    outer loop
      vertex 78.2114351932596 31.43467831999716 0
      vertex 77.88665986907897 31.305276003633566 1.2000000000000028
      vertex 78.20542112932068 31.432282097912186 1.2000000000000028
    endloop
  endfacet
  facet normal -0.3701381553405874 0.9289767198165232 0
    outer loop
      vertex 78.2114351932596 31.43467831999716 0
      vertex 78.20542112932068 31.432282097912186 1.2000000000000028
      vertex 78.2114351932596 31.43467831999716 1.2017868264678953
    endloop
  endfacet
  facet normal -0.561187065362222 0.8276889981569993 0
    outer loop
      vertex 78.2114351932596 31.43467831999716 0
      vertex 78.2114351932596 31.43467831999716 1.2017868264678953
      vertex 78.2294745457928 31.446909304499407 1.2000000000000028
    endloop
  endfacet
  facet normal -0.5611870653623815 0.8276889981568913 1.6962706313926583e-15
    outer loop
      vertex 78.53359531260728 31.653108300770256 0
      vertex 78.2294745457928 31.446909304499407 1.2000000000000028
      vertex 78.49753078566422 31.6286559447719 1.2000000000000028
    endloop
  endfacet
  facet normal -0.56118706536242 0.827688998156865 0
    outer loop
      vertex 78.53359531260728 31.653108300770256 0
      vertex 78.49753078566422 31.6286559447719 1.2000000000000028
      vertex 78.53359531260728 31.653108300770256 1.2062885633303893
    endloop
  endfacet
  facet normal -0.7259954919229243 0.6876994588536413 0
    outer loop
      vertex 78.53359531260728 31.653108300770256 0
      vertex 78.53359531260728 31.653108300770256 1.2062885633303893
      vertex 78.55378437269968 31.67442163237834 1.2000000000000028
    endloop
  endfacet
  facet normal -0.725995491923135 0.6876994588534191 1.8303488856183455e-15
    outer loop
      vertex 78.80126751827015 31.935686412651226 0
      vertex 78.55378437269968 31.67442163237834 1.2000000000000028
      vertex 78.78650478014711 31.920101579498034 1.2000000000000028
    endloop
  endfacet
  facet normal -0.7259954919232052 0.6876994588533448 0
    outer loop
      vertex 78.80126751827015 31.935686412651226 0
      vertex 78.78650478014711 31.920101579498034 1.2000000000000028
      vertex 78.80126751827015 31.935686412651226 1.2050967067701208
    endloop
  endfacet
  facet normal -0.8568571761676972 0.5155538571768423 0
    outer loop
      vertex 78.80126751827015 31.935686412651226 0
      vertex 78.80126751827015 31.935686412651226 1.2050967067701208
      vertex 78.8229896017717 31.97178879627325 1.2000000000000028
    endloop
  endfacet
  facet normal -0.8568571761675732 0.5155538571770486 1.478714648019046e-15
    outer loop
      vertex 79.00193575540771 32.269199617191525 0
      vertex 78.8229896017717 31.97178879627325 1.2000000000000028
      vertex 78.98250724674355 32.236909184602624 1.2000000000000028
    endloop
  endfacet
  facet normal -0.8568571761675975 0.5155538571770082 0
    outer loop
      vertex 79.00193575540771 32.269199617191525 0
      vertex 78.98250724674355 32.236909184602624 1.2000000000000028
      vertex 79.00193575540771 32.269199617191525 1.2039712101342275
    endloop
  endfacet
  facet normal -0.9476531711828664 0.3193015301357902 0
    outer loop
      vertex 79.00193575540771 32.269199617191525 0
      vertex 79.00193575540771 32.269199617191525 1.2039712101342275
      vertex 79.00695018520314 32.284081914483636 1.2000000000000028
    endloop
  endfacet
  facet normal -0.9476531711828008 0.3193015301359846 1.1358364198630748e-15
    outer loop
      vertex 79.12621700027815 32.63805320762016 0
      vertex 79.00695018520314 32.284081914483636 1.2000000000000028
      vertex 79.1153670348923 32.605851657878944 1.2000000000000028
    endloop
  endfacet
  facet normal -0.9476531711828137 0.3193015301359466 0
    outer loop
      vertex 79.12621700027815 32.63805320762016 0
      vertex 79.1153670348923 32.605851657878944 1.2000000000000028
      vertex 79.12621700027815 32.63805320762016 1.2067521059509119
    endloop
  endfacet
  facet normal -0.9941379571543498 0.1081190184240316 0
    outer loop
      vertex 79.12621700027815 32.63805320762016 0
      vertex 79.12621700027815 32.63805320762016 1.2067521059509119
      vertex 79.1307831079541 32.68003787436324 1.2000000000000028
    endloop
  endfacet
  facet normal 0.9766205557100921 0.21497044021099965 7.052928829214912e-16
    outer loop
      vertex 75.66252429187094 32.45025724575524 0
      vertex 75.57885167712215 32.830385766836905 0
      vertex 75.58285648309362 32.81219174988492 1.2000000000000028
    endloop
  endfacet
  facet normal 1 0 0
    outer loop
      vertex 75.57885167712215 32.830385766836905 0
      vertex 75.57885167712215 33.2196142331631 0
      vertex 75.57885167712215 33.179260059225925 1.2000000000000028
    endloop
  endfacet
  facet normal 0.9766205557100921 -0.21497044021099965 -3.4774674759953036e-15
    outer loop
      vertex 75.57885167712215 33.2196142331631 0
      vertex 75.66252429187094 33.599742754244765 0
      vertex 75.65570068193537 33.56874278178025 1.2000000000000028
    endloop
  endfacet
  facet normal 0.9075754196709535 -0.4198891015602724 -6.9656695336581755e-15
    outer loop
      vertex 75.66252429187094 33.599742754244765 0
      vertex 75.82595708289833 33.952996942918645 0
      vertex 75.82071305093655 33.941662153587835 1.2000000000000028
    endloop
  endfacet
  facet normal 0.7960930657056378 -0.6051742151937732 -4.370995756062128e-15
    outer loop
      vertex 75.82595708289833 33.952996942918645 0
      vertex 76.06150811453836 34.262859025936166 0
      vertex 76.0366571221094 34.23016810445951 1.2000000000000028
    endloop
  endfacet
  facet normal 0.6473862847818265 -0.7621620551276375 1.6408593350544754e-16
    outer loop
      vertex 76.06150811453836 34.262859025936166 0
      vertex 76.3581632823477 34.51484019668241 0
      vertex 76.34848462140415 34.50661906797657 1.2000000000000028
    endloop
  endfacet
  facet normal 0.4684084406997946 -0.8835120444460206 9.547730154847311e-16
    outer loop
      vertex 76.3581632823477 34.51484019668241 0
      vertex 76.70205132038814 34.697158095670225 0
      vertex 76.66389742587404 34.67693018101041 1.2000000000000028
    endloop
  endfacet
  facet normal -0.9476531711828047 -0.31930153013597345 8.018361129519156e-16
    outer loop
      vertex 79.12621700027815 33.411946792379844 0
      vertex 79.1153670348923 33.44414834212106 1.2000000000000028
      vertex 79.00193575540771 33.78080038280848 0
    endloop
  endfacet
  facet normal 0.2675283385292227 -0.9635499925192225 -2.7775949498320773e-15
    outer loop
      vertex 76.70205132038814 34.697158095670225 0
      vertex 77.07709240620501 34.80128774057475 0
      vertex 77.05122931657829 34.79410688908724 1.2000000000000028
    endloop
  endfacet
  facet normal 0.0541389085854018 -0.9985334138511247 5.1992286490179424e-15
    outer loop
      vertex 77.07709240620501 34.80128774057475 0
      vertex 77.46575003545374 34.82236014493202 0
      vertex 77.43704465713952 34.820803784542974 1.2000000000000028
    endloop
  endfacet
  facet normal -0.16178199655275666 -0.9868265225415275 5.664497033022634e-15
    outer loop
      vertex 77.46575003545374 34.82236014493202 0
      vertex 77.84985100935259 34.7593899865346 0
      vertex 77.81240746727002 34.76552854367485 1.2000000000000028
    endloop
  endfacet
  facet normal -0.8568571761675865 -0.5155538571770264 6.660107325626729e-16
    outer loop
      vertex 79.00193575540771 33.78080038280848 0
      vertex 78.98250724674355 33.81309081539738 1.2000000000000028
      vertex 78.80126751827015 34.114313587348775 0
    endloop
  endfacet
  facet normal -0.7259954919231272 -0.6876994588534271 6.1025597197515526e-15
    outer loop
      vertex 78.80126751827015 34.114313587348775 0
      vertex 78.78650478014711 34.12989842050197 1.2000000000000028
      vertex 78.53359531260728 34.39689169922975 0
    endloop
  endfacet
  facet normal -0.37013815533991845 -0.9289767198167898 3.88625224383953e-15
    outer loop
      vertex 77.84985100935259 34.7593899865346 0
      vertex 78.2114351932596 34.61532168000284 0
      vertex 78.20542112932068 34.61771790208782 1.2000000000000028
    endloop
  endfacet
  facet normal -0.5611870653623767 -0.8276889981568943 1.89951835753293e-15
    outer loop
      vertex 78.53359531260728 34.39689169922975 0
      vertex 78.49753078566422 34.421344055228104 1.2000000000000028
      vertex 78.2114351932596 34.61532168000284 0
    endloop
  endfacet
  facet normal -0.9941379571543602 0.10811901842393602 3.3833432055167217e-15
    outer loop
      vertex 79.12621700027815 32.63805320762016 0
      vertex 79.1307831079541 32.68003787436324 1.2000000000000028
      vertex 79.16829999999999 33.025000000000006 0
    endloop
  endfacet
  facet normal -0.99413795715436 -0.108119018423938 1.8287099782335776e-18
    outer loop
      vertex 79.12621700027815 33.411946792379844 0
      vertex 79.16829999999999 33.025000000000006 0
      vertex 79.16829999999999 33.025000000000006 1.2000000000000028
    endloop
  endfacet
  facet normal 0.9766205557101018 0.21497044021095507 0
    outer loop
      vertex 75.57885167712215 32.830385766836905 0
      vertex 75.57885167712215 32.830385766836905 1.2045670436676659
      vertex 75.58285648309362 32.81219174988492 1.2000000000000028
    endloop
  endfacet
  facet normal 1 0 0
    outer loop
      vertex 75.57885167712215 32.830385766836905 0
      vertex 75.57885167712215 32.87073994077408 1.2000000000000028
      vertex 75.57885167712215 32.830385766836905 1.2045670436676659
    endloop
  endfacet
  facet normal 1 0 0
    outer loop
      vertex 75.57885167712215 32.830385766836905 0
      vertex 75.57885167712215 33.179260059225925 1.2000000000000028
      vertex 75.57885167712215 32.87073994077408 1.2000000000000028
    endloop
  endfacet
  facet normal 1 0 0
    outer loop
      vertex 75.57885167712215 33.2196142331631 0
      vertex 75.57885167712215 33.2196142331631 1.2045670436676659
      vertex 75.57885167712215 33.179260059225925 1.2000000000000028
    endloop
  endfacet
  facet normal 0.9766205557101018 -0.21497044021095507 0
    outer loop
      vertex 75.57885167712215 33.2196142331631 0
      vertex 75.58285648309362 33.23780825011509 1.2000000000000028
      vertex 75.57885167712215 33.2196142331631 1.2045670436676659
    endloop
  endfacet
  facet normal 0.9766205557100889 -0.21497044021101414 9.382272870921776e-16
    outer loop
      vertex 75.57885167712215 33.2196142331631 0
      vertex 75.65570068193537 33.56874278178025 1.2000000000000028
      vertex 75.58285648309362 33.23780825011509 1.2000000000000028
    endloop
  endfacet
  facet normal 0.9075754196709576 -0.41988910156026354 -1.0049945533120663e-14
    outer loop
      vertex 75.66252429187094 33.599742754244765 0
      vertex 75.82071305093655 33.941662153587835 1.2000000000000028
      vertex 75.68061534472324 33.63884592416199 1.2000000000000028
    endloop
  endfacet
  facet normal 0.9766205557101203 -0.2149704402108714 0
    outer loop
      vertex 75.66252429187094 33.599742754244765 0
      vertex 75.66252429187094 33.599742754244765 1.2065534418896533
      vertex 75.65570068193537 33.56874278178025 1.2000000000000028
    endloop
  endfacet
  facet normal 0.9075754196708401 -0.4198891015605176 0
    outer loop
      vertex 75.66252429187094 33.599742754244765 0
      vertex 75.68061534472324 33.63884592416199 1.2000000000000028
      vertex 75.66252429187094 33.599742754244765 1.2065534418896533
    endloop
  endfacet
  facet normal 0.9075754196712347 -0.4198891015596645 0
    outer loop
      vertex 75.82595708289833 33.952996942918645 0
      vertex 75.82595708289833 33.952996942918645 1.2009264580673715
      vertex 75.82071305093655 33.941662153587835 1.2000000000000028
    endloop
  endfacet
  facet normal 0.7960930657049957 -0.6051742151946176 0
    outer loop
      vertex 75.82595708289833 33.952996942918645 0
      vertex 75.82793331678596 33.95559663413921 1.2000000000000028
      vertex 75.82595708289833 33.952996942918645 1.2009264580673715
    endloop
  endfacet
  facet normal 0.7960930657056347 -0.6051742151937772 -2.8726397929440562e-15
    outer loop
      vertex 75.82595708289833 33.952996942918645 0
      vertex 76.0366571221094 34.23016810445951 1.2000000000000028
      vertex 75.82793331678596 33.95559663413921 1.2000000000000028
    endloop
  endfacet
  facet normal 0.6473862847818183 -0.7621620551276443 3.515427358454636e-15
    outer loop
      vertex 76.06150811453836 34.262859025936166 0
      vertex 76.34848462140415 34.50661906797657 1.2000000000000028
      vertex 76.08898735912437 34.28620010667021 1.2000000000000028
    endloop
  endfacet
  facet normal 0.7960930657057147 -0.6051742151936719 0
    outer loop
      vertex 76.06150811453836 34.262859025936166 0
      vertex 76.06150811453836 34.262859025936166 1.2068845511069242
      vertex 76.0366571221094 34.23016810445951 1.2000000000000028
    endloop
  endfacet
  facet normal 0.6473862847819074 -0.7621620551275686 0
    outer loop
      vertex 76.06150811453836 34.262859025936166 0
      vertex 76.08898735912437 34.28620010667021 1.2000000000000028
      vertex 76.06150811453836 34.262859025936166 1.2068845511069242
    endloop
  endfacet
  facet normal 0.6473862847818149 -0.7621620551276472 0
    outer loop
      vertex 76.3581632823477 34.51484019668241 0
      vertex 76.3581632823477 34.51484019668241 1.2033092193879895
      vertex 76.34848462140415 34.50661906797657 1.2000000000000028
    endloop
  endfacet
  facet normal 0.468408440699748 -0.8835120444460451 0
    outer loop
      vertex 76.3581632823477 34.51484019668241 0
      vertex 76.3881247157273 34.53072474333764 1.2000000000000028
      vertex 76.3581632823477 34.51484019668241 1.2033092193879895
    endloop
  endfacet
  facet normal 0.4684084406998029 -0.8835120444460162 -1.7519715261494659e-15
    outer loop
      vertex 76.3581632823477 34.51484019668241 0
      vertex 76.66389742587404 34.67693018101041 1.2000000000000028
      vertex 76.3881247157273 34.53072474333764 1.2000000000000028
    endloop
  endfacet
  facet normal -0.9941379571543518 -0.10811901842401353 0
    outer loop
      vertex 79.12621700027815 33.411946792379844 0
      vertex 79.1307831079541 33.36996212563676 1.2000000000000028
      vertex 79.12621700027815 33.411946792379844 1.2067521059509119
    endloop
  endfacet
  facet normal -0.9476531711828137 -0.3193015301359466 0
    outer loop
      vertex 79.12621700027815 33.411946792379844 0
      vertex 79.12621700027815 33.411946792379844 1.2067521059509119
      vertex 79.1153670348923 33.44414834212106 1.2000000000000028
    endloop
  endfacet
  facet normal -0.9476531711828008 -0.3193015301359846 -2.6852763135018206e-15
    outer loop
      vertex 79.00193575540771 33.78080038280848 0
      vertex 79.1153670348923 33.44414834212106 1.2000000000000028
      vertex 79.00695018520314 33.76591808551637 1.2000000000000028
    endloop
  endfacet
  facet normal -0.8568571761675975 -0.5155538571770082 0
    outer loop
      vertex 79.00193575540771 33.78080038280848 0
      vertex 79.00193575540771 33.78080038280848 1.2039712101342133
      vertex 78.98250724674355 33.81309081539738 1.2000000000000028
    endloop
  endfacet
  facet normal -0.9476531711828664 -0.3193015301357902 0
    outer loop
      vertex 79.00193575540771 33.78080038280848 0
      vertex 79.00695018520314 33.76591808551637 1.2000000000000028
      vertex 79.00193575540771 33.78080038280848 1.2039712101342133
    endloop
  endfacet
  facet normal 0.4684084406997711 -0.883512044446033 0
    outer loop
      vertex 76.70205132038814 34.697158095670225 0
      vertex 76.70205132038814 34.697158095670225 1.205560187691347
      vertex 76.66389742587404 34.67693018101041 1.2000000000000028
    endloop
  endfacet
  facet normal 0.2675283385290895 -0.9635499925192594 0
    outer loop
      vertex 76.70205132038814 34.697158095670225 0
      vertex 76.72537642707294 34.703634279662595 1.2000000000000028
      vertex 76.70205132038814 34.697158095670225 1.205560187691347
    endloop
  endfacet
  facet normal 0.2675283385292227 -0.9635499925192225 -2.7879987833061777e-15
    outer loop
      vertex 76.70205132038814 34.697158095670225 0
      vertex 77.05122931657829 34.79410688908724 1.2000000000000028
      vertex 76.72537642707294 34.703634279662595 1.2000000000000028
    endloop
  endfacet
  facet normal 0.054138908585416506 -0.998533413851124 7.805354967093892e-16
    outer loop
      vertex 77.07709240620501 34.80128774057475 0
      vertex 77.43704465713952 34.820803784542974 1.2000000000000028
      vertex 77.12065987989563 34.80364990036101 1.2000000000000028
    endloop
  endfacet
  facet normal 0.26752833852934255 -0.9635499925191892 0
    outer loop
      vertex 77.07709240620501 34.80128774057475 0
      vertex 77.07709240620501 34.80128774057475 1.2059574761493081
      vertex 77.05122931657829 34.79410688908724 1.2000000000000028
    endloop
  endfacet
  facet normal 0.054138908585437934 -0.9985334138511227 0
    outer loop
      vertex 77.07709240620501 34.80128774057475 0
      vertex 77.12065987989563 34.80364990036101 1.2000000000000028
      vertex 77.07709240620501 34.80128774057475 1.2059574761493081
    endloop
  endfacet
  facet normal 0.05413890858518505 -0.9985334138511364 0
    outer loop
      vertex 77.46575003545374 34.82236014493202 0
      vertex 77.46575003545374 34.82236014493202 1.2025810861148187
      vertex 77.43704465713952 34.820803784542974 1.2000000000000028
    endloop
  endfacet
  facet normal -0.16178199655209502 -0.9868265225416359 0
    outer loop
      vertex 77.46575003545374 34.82236014493202 0
      vertex 77.47524341384735 34.820803784542974 1.2000000000000028
      vertex 77.46575003545374 34.82236014493202 1.2025810861148187
    endloop
  endfacet
  facet normal -0.16178199655275566 -0.9868265225415276 5.366634672748521e-15
    outer loop
      vertex 77.46575003545374 34.82236014493202 0
      vertex 77.81240746727002 34.76552854367485 1.2000000000000028
      vertex 77.47524341384735 34.820803784542974 1.2000000000000028
    endloop
  endfacet
  facet normal -0.3701381553398426 -0.92897671981682 0
    outer loop
      vertex 77.84985100935259 34.7593899865346 0
      vertex 77.88665986907897 34.74472399636644 1.2000000000000028
      vertex 77.84985100935259 34.7593899865346 1.2069507744194965
    endloop
  endfacet
  facet normal -0.16178199655293343 -0.9868265225414985 0
    outer loop
      vertex 77.84985100935259 34.7593899865346 0
      vertex 77.84985100935259 34.7593899865346 1.2069507744194965
      vertex 77.81240746727002 34.76552854367485 1.2000000000000028
    endloop
  endfacet
  facet normal -0.8568571761675701 -0.5155538571770536 -8.658012989729863e-15
    outer loop
      vertex 78.80126751827015 34.114313587348775 0
      vertex 78.98250724674355 33.81309081539738 1.2000000000000028
      vertex 78.8229896017717 34.07821120372675 1.2000000000000028
    endloop
  endfacet
  facet normal -0.8568571761676972 -0.5155538571768423 0
    outer loop
      vertex 78.80126751827015 34.114313587348775 0
      vertex 78.8229896017717 34.07821120372675 1.2000000000000028
      vertex 78.80126751827015 34.114313587348775 1.2050967067701208
    endloop
  endfacet
  facet normal -0.7259954919233617 -0.6876994588531795 0
    outer loop
      vertex 78.80126751827015 34.114313587348775 0
      vertex 78.80126751827015 34.114313587348775 1.2050967067701208
      vertex 78.78650478014711 34.12989842050197 1.2000000000000028
    endloop
  endfacet
  facet normal -0.7259954919231298 -0.6876994588534242 7.312423649054373e-15
    outer loop
      vertex 78.53359531260728 34.39689169922975 0
      vertex 78.78650478014711 34.12989842050197 1.2000000000000028
      vertex 78.55378437269968 34.375578367621664 1.2000000000000028
    endloop
  endfacet
  facet normal -0.7259954919229243 -0.6876994588536413 0
    outer loop
      vertex 78.53359531260728 34.39689169922975 0
      vertex 78.55378437269968 34.375578367621664 1.2000000000000028
      vertex 78.53359531260728 34.39689169922975 1.2062885633303893
    endloop
  endfacet
  facet normal -0.56118706536242 -0.827688998156865 0
    outer loop
      vertex 78.53359531260728 34.39689169922975 0
      vertex 78.53359531260728 34.39689169922975 1.2062885633303893
      vertex 78.49753078566422 34.421344055228104 1.2000000000000028
    endloop
  endfacet
  facet normal -0.3701381553399146 -0.9289767198167913 2.560364613353471e-15
    outer loop
      vertex 77.84985100935259 34.7593899865346 0
      vertex 78.20542112932068 34.61771790208782 1.2000000000000028
      vertex 77.88665986907897 34.74472399636644 1.2000000000000028
    endloop
  endfacet
  facet normal -0.5611870653623815 -0.8276889981568913 3.4955780520632297e-15
    outer loop
      vertex 78.2114351932596 34.61532168000284 0
      vertex 78.49753078566422 34.421344055228104 1.2000000000000028
      vertex 78.2294745457928 34.6030906955006 1.2000000000000028
    endloop
  endfacet
  facet normal -0.561187065362222 -0.8276889981569993 0
    outer loop
      vertex 78.2114351932596 34.61532168000284 0
      vertex 78.2294745457928 34.6030906955006 1.2000000000000028
      vertex 78.2114351932596 34.61532168000284 1.2017868264678953
    endloop
  endfacet
  facet normal -0.3701381553405874 -0.9289767198165232 0
    outer loop
      vertex 78.2114351932596 34.61532168000284 0
      vertex 78.2114351932596 34.61532168000284 1.2017868264678953
      vertex 78.20542112932068 34.61771790208782 1.2000000000000028
    endloop
  endfacet
  facet normal -0.9941379571543615 0.10811901842392439 0
    outer loop
      vertex 79.16829999999999 33.025000000000006 0
      vertex 79.1307831079541 32.68003787436324 1.2000000000000028
      vertex 79.16829999999999 33.025000000000006 1.2000000000000028
    endloop
  endfacet
  facet normal -0.9941379571543609 -0.10811901842392879 2.999127651995298e-15
    outer loop
      vertex 79.12621700027815 33.411946792379844 0
      vertex 79.16829999999999 33.025000000000006 1.2000000000000028
      vertex 79.1307831079541 33.36996212563676 1.2000000000000028
    endloop
  endfacet
  facet normal 0 0 1
    outer loop
      vertex 76.54018293208392 31.42680660687573 1.2000000000000028
      vertex 76.66389742587404 31.373069818989592 1.2000000000000028
      vertex 76.3881247157273 31.51927525666236 1.2000000000000028
    endloop
  endfacet
  facet normal 0 0 1
    outer loop
      vertex 75.82793331678596 32.09440336586079 1.2000000000000028
      vertex 75.97201967673203 31.889041700213106 1.2000000000000028
      vertex 76.0366571221094 31.819831895540496 1.2000000000000028
    endloop
  endfacet
  facet normal 0 0 1
    outer loop
      vertex 75.83034507181631 32.08974888993622 1.2000000000000028
      vertex 75.97201967673203 31.889041700213106 1.2000000000000028
      vertex 75.82793331678596 32.09440336586079 1.2000000000000028
    endloop
  endfacet
  facet normal 0 0 1
    outer loop
      vertex 76.08898735912437 31.7637998933298 1.2000000000000028
      vertex 76.33027542019323 31.554454192581204 1.2000000000000028
      vertex 76.34848462140415 31.54338093202343 1.2000000000000028
    endloop
  endfacet
  facet normal 0 0 1
    outer loop
      vertex 76.08898735912437 31.7637998933298 1.2000000000000028
      vertex 76.13970434220641 31.709495264299377 1.2000000000000028
      vertex 76.33027542019323 31.554454192581204 1.2000000000000028
    endloop
  endfacet
  facet normal 0 0 1
    outer loop
      vertex 75.82071305093655 32.10833784641217 1.2000000000000028
      vertex 75.68061534472324 32.41115407583801 1.2000000000000028
      vertex 75.71731965729018 32.30787803827677 1.2000000000000028
    endloop
  endfacet
  facet normal 0 0 1
    outer loop
      vertex 75.65570068193537 32.48125721821975 1.2000000000000028
      vertex 75.58285648309362 32.81219174988492 1.2000000000000028
      vertex 75.63504888277396 32.53936581191736 1.2000000000000028
    endloop
  endfacet
  facet normal 0 0 1
    outer loop
      vertex 76.72537642707294 31.346365720337403 1.2000000000000028
      vertex 76.76551669809221 31.328930340186126 1.2000000000000028
      vertex 77.00207917650525 31.262648642171822 1.2000000000000028
    endloop
  endfacet
  facet normal 0 0 1
    outer loop
      vertex 76.72537642707294 31.346365720337403 1.2000000000000028
      vertex 77.00207917650525 31.262648642171822 1.2000000000000028
      vertex 77.05122931657829 31.255893110912766 1.2000000000000028
    endloop
  endfacet
  facet normal 0 0 1
    outer loop
      vertex 77.12065987989563 31.246350099638995 1.2000000000000028
      vertex 77.24546365594358 31.22919621545703 1.2000000000000028
      vertex 77.43704465713952 31.22919621545703 1.2000000000000028
    endloop
  endfacet
  facet normal 0 0 1
    outer loop
      vertex 77.47524341384735 31.22919621545703 1.2000000000000028
      vertex 77.4911363440564 31.22919621545703 1.2000000000000028
      vertex 77.73452082349473 31.262648642171822 1.2000000000000028
    endloop
  endfacet
  facet normal 0 0 1
    outer loop
      vertex 77.47524341384735 31.22919621545703 1.2000000000000028
      vertex 77.73452082349473 31.262648642171822 1.2000000000000028
      vertex 77.81240746727002 31.28447145632516 1.2000000000000028
    endloop
  endfacet
  facet normal 0 0 1
    outer loop
      vertex 77.88665986907897 31.305276003633566 1.2000000000000028
      vertex 77.97108330190777 31.328930340186126 1.2000000000000028
      vertex 78.19641706791606 31.426806606875726 1.2000000000000028
    endloop
  endfacet
  facet normal 0 0 1
    outer loop
      vertex 77.88665986907897 31.305276003633566 1.2000000000000028
      vertex 78.19641706791606 31.426806606875726 1.2000000000000028
      vertex 78.20542112932068 31.432282097912186 1.2000000000000028
    endloop
  endfacet
  facet normal 0 0 1
    outer loop
      vertex 78.2294745457928 31.446909304499407 1.2000000000000028
      vertex 78.40632457980675 31.554454192581204 1.2000000000000028
      vertex 78.49753078566422 31.6286559447719 1.2000000000000028
    endloop
  endfacet
  facet normal 0 0 1
    outer loop
      vertex 78.55378437269968 31.67442163237834 1.2000000000000028
      vertex 78.59689565779357 31.709495264299377 1.2000000000000028
      vertex 78.76458032326795 31.889041700213106 1.2000000000000028
    endloop
  endfacet
  facet normal 0 0 1
    outer loop
      vertex 78.55378437269968 31.67442163237834 1.2000000000000028
      vertex 78.76458032326795 31.889041700213106 1.2000000000000028
      vertex 78.78650478014711 31.920101579498034 1.2000000000000028
    endloop
  endfacet
  facet normal 0 0 1
    outer loop
      vertex 78.8229896017717 31.97178879627325 1.2000000000000028
      vertex 78.90625492818367 32.089748889936224 1.2000000000000028
      vertex 78.98250724674355 32.236909184602624 1.2000000000000028
    endloop
  endfacet
  facet normal 0 0 1
    outer loop
      vertex 79.00695018520314 32.284081914483636 1.2000000000000028
      vertex 79.0192803427098 32.30787803827677 1.2000000000000028
      vertex 79.10155111722602 32.53936581191736 1.2000000000000028
    endloop
  endfacet
  facet normal 0 0 1
    outer loop
      vertex 79.00695018520314 32.284081914483636 1.2000000000000028
      vertex 79.10155111722602 32.53936581191736 1.2000000000000028
      vertex 79.1153670348923 32.605851657878944 1.2000000000000028
    endloop
  endfacet
  facet normal 0.4449522094055238 0.7316927356705429 0.51637512712378
    outer loop
      vertex 76.54018293208392 31.42680660687573 1.2000000000000028
      vertex 76.3881247157273 31.51927525666236 1.2000000000000028
      vertex 75.70289792690343 30.6656627705149 3
    endloop
  endfacet
  facet normal 0.34117575253158144 0.7854653614083875 0.5163751271237801
    outer loop
      vertex 76.72537642707294 31.346365720337403 1.2000000000000028
      vertex 76.70205132038814 31.35284190432978 1.205560187691347
      vertex 76.03967261631047 30.46086554509732 3
    endloop
  endfacet
  facet normal 0.3411757525315975 0.7854653614083794 0.516375127123782
    outer loop
      vertex 76.70205132038814 31.35284190432978 1.205560187691347
      vertex 76.66389742587404 31.373069818989592 1.2000000000000028
      vertex 76.03967261631047 30.46086554509732 3
    endloop
  endfacet
  facet normal 0.3411757525314701 0.7854653614084453 0.5163751271237661
    outer loop
      vertex 76.72537642707294 31.346365720337403 1.2000000000000028
      vertex 76.03967261631047 30.46086554509732 3
      vertex 76.76551669809221 31.328930340186126 1.2000000000000028
    endloop
  endfacet
  facet normal 0.34117575253160615 0.7854653614083752 0.5163751271237828
    outer loop
      vertex 76.54018293208392 31.42680660687573 1.2000000000000028
      vertex 76.03967261631047 30.46086554509732 3
      vertex 76.66389742587404 31.373069818989592 1.2000000000000028
    endloop
  endfacet
  facet normal 0.444952209405529 0.7316927356705395 0.5163751271237803
    outer loop
      vertex 76.3881247157273 31.51927525666236 1.2000000000000028
      vertex 76.3581632823477 31.535159803317597 1.2033092193879895
      vertex 75.70289792690343 30.6656627705149 3
    endloop
  endfacet
  facet normal 0.4449522094055066 0.7316927356705538 0.5163751271237792
    outer loop
      vertex 76.33027542019323 31.554454192581204 1.2000000000000028
      vertex 75.70289792690343 30.6656627705149 3
      vertex 76.34848462140415 31.54338093202343 1.2000000000000028
    endloop
  endfacet
  facet normal 0.4449522094055227 0.7316927356705435 0.51637512712378
    outer loop
      vertex 76.34848462140415 31.54338093202343 1.2000000000000028
      vertex 75.70289792690343 30.6656627705149 3
      vertex 76.3581632823477 31.535159803317597 1.2033092193879895
    endloop
  endfacet
  facet normal 0.5404400485002077 0.6642900586829469 0.5163751271237801
    outer loop
      vertex 76.13970434220641 31.709495264299377 1.2000000000000028
      vertex 75.39714652705645 30.914409984480322 3
      vertex 76.33027542019323 31.554454192581204 1.2000000000000028
    endloop
  endfacet
  facet normal 0.8069169170923136 0.2867783412291707 0.5163751271237621
    outer loop
      vertex 75.68061534472324 32.41115407583801 1.2000000000000028
      vertex 75.66252429187094 32.45025724575524 1.2065534418896533
      vertex 74.58747952620877 32.24585064329598 3
    endloop
  endfacet
  facet normal 0.8069169170924162 0.286778341228841 0.5163751271237851
    outer loop
      vertex 75.65570068193537 32.48125721821975 1.2000000000000028
      vertex 75.63504888277396 32.53936581191736 1.2000000000000028
      vertex 74.58747952620877 32.24585064329598 3
    endloop
  endfacet
  facet normal 0.8069169170924015 0.2867783412288875 0.5163751271237823
    outer loop
      vertex 75.66252429187094 32.45025724575524 1.2065534418896533
      vertex 75.65570068193537 32.48125721821975 1.2000000000000028
      vertex 74.58747952620877 32.24585064329598 3
    endloop
  endfacet
  facet normal 0.8384508951409112 0.17423209958358254 0.5163751271237813
    outer loop
      vertex 75.63504888277396 32.53936581191736 1.2000000000000028
      vertex 75.5850652971346 32.77990003162676 1.2000000000000028
      vertex 74.50728608111706 32.631762688104466 3
    endloop
  endfacet
  facet normal 0.6258605120431372 0.5845129147871801 0.5163751271237771
    outer loop
      vertex 76.08898735912437 31.7637998933298 1.2000000000000028
      vertex 75.12811398684481 31.202473497045204 3
      vertex 76.13970434220641 31.709495264299377 1.2000000000000028
    endloop
  endfacet
  facet normal 0.6258605120431028 0.5845129147872217 0.5163751271237716
    outer loop
      vertex 76.08898735912437 31.7637998933298 1.2000000000000028
      vertex 76.06150811453836 31.78714097406384 1.2068845511069242
      vertex 75.12811398684481 31.202473497045204 3
    endloop
  endfacet
  facet normal 0.6258605120432773 0.5845129147870144 0.5163751271237947
    outer loop
      vertex 76.06150811453836 31.78714097406384 1.2068845511069242
      vertex 76.0366571221094 31.819831895540496 1.2000000000000028
      vertex 75.12811398684481 31.202473497045204 3
    endloop
  endfacet
  facet normal 0.6258605120431125 0.5845129147872061 0.5163751271237774
    outer loop
      vertex 76.0366571221094 31.819831895540496 1.2000000000000028
      vertex 75.97201967673203 31.889041700213106 1.2000000000000028
      vertex 75.12811398684481 31.202473497045204 3
    endloop
  endfacet
  facet normal 0.6996223784203027 0.49384740122979276 0.516375127123779
    outer loop
      vertex 75.83034507181631 32.08974888993622 1.2000000000000028
      vertex 74.90081187346354 31.524487230007566 3
      vertex 75.97201967673203 31.889041700213106 1.2000000000000028
    endloop
  endfacet
  facet normal 0.7603516036239544 0.3939824449824468 0.5163751271238134
    outer loop
      vertex 75.83034507181631 32.08974888993622 1.2000000000000028
      vertex 75.82793331678596 32.09440336586079 1.2000000000000028
      vertex 74.71947439521281 31.87445267679569 3
    endloop
  endfacet
  facet normal 0.7603516036235268 0.39398244498345547 0.5163751271236734
    outer loop
      vertex 75.82595708289833 32.097003057081366 1.2009264580673715
      vertex 74.71947439521281 31.87445267679569 3
      vertex 75.82793331678596 32.09440336586079 1.2000000000000028
    endloop
  endfacet
  facet normal 0.7603516036240661 0.3939824449821856 0.516375127123848
    outer loop
      vertex 75.82595708289833 32.097003057081366 1.2009264580673715
      vertex 75.82071305093655 32.10833784641217 1.2000000000000028
      vertex 74.71947439521281 31.87445267679569 3
    endloop
  endfacet
  facet normal 0.7603516036238496 0.3939824449826911 0.5163751271237812
    outer loop
      vertex 75.82071305093655 32.10833784641217 1.2000000000000028
      vertex 75.71731965729018 32.30787803827677 1.2000000000000028
      vertex 74.71947439521281 31.87445267679569 3
    endloop
  endfacet
  facet normal 0.8069169170923853 0.2867783412289307 0.5163751271237835
    outer loop
      vertex 75.71731965729018 32.30787803827677 1.2000000000000028
      vertex 75.68061534472324 32.41115407583801 1.2000000000000028
      vertex 74.58747952620877 32.24585064329598 3
    endloop
  endfacet
  facet normal 0.11660801177285658 0.8483862915431155 0.5163751271237812
    outer loop
      vertex 77.05122931657829 31.255893110912766 1.2000000000000028
      vertex 77.00207917650525 31.262648642171822 1.2000000000000028
      vertex 76.78073692054689 30.197491228099842 3
    endloop
  endfacet
  facet normal 0.1166080117729225 0.8483862915431044 0.5163751271237846
    outer loop
      vertex 77.05122931657829 31.255893110912766 1.2000000000000028
      vertex 76.78073692054689 30.197491228099842 3
      vertex 77.07709240620501 31.248712259425254 1.2059574761493081
    endloop
  endfacet
  facet normal 0.11660801177286345 0.8483862915431151 0.5163751271237803
    outer loop
      vertex 77.12065987989563 31.246350099638995 1.2000000000000028
      vertex 76.78073692054689 30.197491228099842 3
      vertex 77.24546365594358 31.22919621545703 1.2000000000000028
    endloop
  endfacet
  facet normal 0.11660801177289798 0.8483862915431086 0.5163751271237831
    outer loop
      vertex 77.12065987989563 31.246350099638995 1.2000000000000028
      vertex 77.07709240620501 31.248712259425254 1.2059574761493081
      vertex 76.78073692054689 30.197491228099842 3
    endloop
  endfacet
  facet normal 0 0.8563624980625324 0.5163751271237792
    outer loop
      vertex 77.24546365594358 31.22919621545703 1.2000000000000028
      vertex 77.17122190953586 30.143820301722272 3
      vertex 77.43704465713952 31.22919621545703 1.2000000000000028
    endloop
  endfacet
  facet normal -2.4744683126763946e-14 0.8563624980625341 0.5163751271237765
    outer loop
      vertex 77.43704465713952 31.22919621545703 1.2000000000000028
      vertex 77.17122190953586 30.143820301722272 3
      vertex 77.46575003545374 31.227639855067977 1.2025810861148187
    endloop
  endfacet
  facet normal 7.945602276512594e-14 0.8563624980625266 0.5163751271237891
    outer loop
      vertex 77.47524341384735 31.22919621545703 1.2000000000000028
      vertex 77.46575003545374 31.227639855067977 1.2025810861148187
      vertex 77.17122190953586 30.143820301722272 3
    endloop
  endfacet
  facet normal 0 0.8563624980625325 0.5163751271237792
    outer loop
      vertex 77.47524341384735 31.22919621545703 1.2000000000000028
      vertex 77.17122190953586 30.143820301722272 3
      vertex 77.4911363440564 31.22919621545703 1.2000000000000028
    endloop
  endfacet
  facet normal -0.1166080117728748 0.8483862915431143 0.5163751271237791
    outer loop
      vertex 77.4911363440564 31.22919621545703 1.2000000000000028
      vertex 77.56537809046412 30.143820301722272 3
      vertex 77.73452082349473 31.262648642171822 1.2000000000000028
    endloop
  endfacet
  facet normal -0.231043836917218 0.8246062536207618 0.5163751271237821
    outer loop
      vertex 77.73452082349473 31.262648642171822 1.2000000000000028
      vertex 77.9558630794531 30.197491228099842 3
      vertex 77.81240746727002 31.28447145632516 1.2000000000000028
    endloop
  endfacet
  facet normal 0.23104383691723376 0.8246062536207583 0.5163751271237805
    outer loop
      vertex 76.76551669809221 31.328930340186126 1.2000000000000028
      vertex 76.40119712001609 30.30383329304587 3
      vertex 77.00207917650525 31.262648642171822 1.2000000000000028
    endloop
  endfacet
  facet normal -0.2310438369171264 0.8246062536207837 0.5163751271237881
    outer loop
      vertex 77.81240746727002 31.28447145632516 1.2000000000000028
      vertex 77.9558630794531 30.197491228099842 3
      vertex 77.84985100935259 31.2906100134654 1.2069507744194965
    endloop
  endfacet
  facet normal -0.23104383691724817 0.8246062536207546 0.5163751271237796
    outer loop
      vertex 77.88665986907897 31.305276003633566 1.2000000000000028
      vertex 77.9558630794531 30.197491228099842 3
      vertex 77.97108330190777 31.328930340186126 1.2000000000000028
    endloop
  endfacet
  facet normal -0.23104383691734082 0.8246062536207344 0.5163751271237706
    outer loop
      vertex 77.84985100935259 31.2906100134654 1.2069507744194965
      vertex 77.9558630794531 30.197491228099842 3
      vertex 77.88665986907897 31.305276003633566 1.2000000000000028
    endloop
  endfacet
  facet normal -0.34117575253156746 0.7854653614083938 0.5163751271237801
    outer loop
      vertex 77.97108330190777 31.328930340186126 1.2000000000000028
      vertex 78.33540287998389 30.30383329304587 3
      vertex 78.19641706791606 31.426806606875726 1.2000000000000028
    endloop
  endfacet
  facet normal -0.44495220940522145 0.7316927356707185 0.5163751271237915
    outer loop
      vertex 78.19641706791606 31.426806606875726 1.2000000000000028
      vertex 78.69692738368951 30.46086554509732 3
      vertex 78.20542112932068 31.432282097912186 1.2000000000000028
    endloop
  endfacet
  facet normal -0.44495220940648433 0.7316927356699862 0.5163751271237412
    outer loop
      vertex 78.20542112932068 31.432282097912186 1.2000000000000028
      vertex 78.69692738368951 30.46086554509732 3
      vertex 78.2114351932596 31.43467831999716 1.2017868264678953
    endloop
  endfacet
  facet normal -0.4449522094053803 0.7316927356706242 0.5163751271237886
    outer loop
      vertex 78.2114351932596 31.43467831999716 1.2017868264678953
      vertex 78.69692738368951 30.46086554509732 3
      vertex 78.2294745457928 31.446909304499407 1.2000000000000028
    endloop
  endfacet
  facet normal -0.4449522094055337 0.7316927356705365 0.5163751271237804
    outer loop
      vertex 78.2294745457928 31.446909304499407 1.2000000000000028
      vertex 78.69692738368951 30.46086554509732 3
      vertex 78.40632457980675 31.554454192581204 1.2000000000000028
    endloop
  endfacet
  facet normal -0.5404400485002163 0.66429005868294 0.51637512712378
    outer loop
      vertex 78.40632457980675 31.554454192581204 1.2000000000000028
      vertex 79.03370207309655 30.6656627705149 3
      vertex 78.49753078566422 31.6286559447719 1.2000000000000028
    endloop
  endfacet
  facet normal -0.5404400485001946 0.664290058682956 0.5163751271237822
    outer loop
      vertex 78.49753078566422 31.6286559447719 1.2000000000000028
      vertex 79.03370207309655 30.6656627705149 3
      vertex 78.53359531260728 31.653108300770256 1.2062885633303893
    endloop
  endfacet
  facet normal -0.5404400485000834 0.6642900586830363 0.5163751271237953
    outer loop
      vertex 78.53359531260728 31.653108300770256 1.2062885633303893
      vertex 79.03370207309655 30.6656627705149 3
      vertex 78.55378437269968 31.67442163237834 1.2000000000000028
    endloop
  endfacet
  facet normal -0.5404400485002627 0.6642900586829087 0.5163751271237716
    outer loop
      vertex 78.55378437269968 31.67442163237834 1.2000000000000028
      vertex 79.03370207309655 30.6656627705149 3
      vertex 78.59689565779357 31.709495264299377 1.2000000000000028
    endloop
  endfacet
  facet normal -0.6258605120431461 0.5845129147871676 0.5163751271237806
    outer loop
      vertex 78.59689565779357 31.709495264299377 1.2000000000000028
      vertex 79.33945347294353 30.914409984480322 3
      vertex 78.76458032326795 31.889041700213106 1.2000000000000028
    endloop
  endfacet
  facet normal -0.6996223784203031 0.49384740122979204 0.5163751271237792
    outer loop
      vertex 78.76458032326795 31.889041700213106 1.2000000000000028
      vertex 79.60848601315517 31.202473497045204 3
      vertex 78.78650478014711 31.920101579498034 1.2000000000000028
    endloop
  endfacet
  facet normal -0.6996223784202732 0.49384740122983195 0.5163751271237815
    outer loop
      vertex 78.78650478014711 31.920101579498034 1.2000000000000028
      vertex 79.60848601315517 31.202473497045204 3
      vertex 78.80126751827015 31.935686412651226 1.2050967067701208
    endloop
  endfacet
  facet normal -0.6996223784204486 0.49384740122959997 0.5163751271237657
    outer loop
      vertex 78.80126751827015 31.935686412651226 1.2050967067701208
      vertex 79.60848601315517 31.202473497045204 3
      vertex 78.8229896017717 31.97178879627325 1.2000000000000028
    endloop
  endfacet
  facet normal -0.6996223784202773 0.4938474012298216 0.5163751271237856
    outer loop
      vertex 78.8229896017717 31.97178879627325 1.2000000000000028
      vertex 79.60848601315517 31.202473497045204 3
      vertex 78.90625492818367 32.089748889936224 1.2000000000000028
    endloop
  endfacet
  facet normal -0.7603516036238475 0.3939824449826957 0.5163751271237808
    outer loop
      vertex 78.90625492818367 32.089748889936224 1.2000000000000028
      vertex 79.83578812653644 31.524487230007566 3
      vertex 78.98250724674355 32.236909184602624 1.2000000000000028
    endloop
  endfacet
  facet normal -0.7603516036238979 0.3939824449826111 0.5163751271237712
    outer loop
      vertex 78.98250724674355 32.236909184602624 1.2000000000000028
      vertex 79.83578812653644 31.524487230007566 3
      vertex 79.00193575540771 32.269199617191525 1.2039712101342275
    endloop
  endfacet
  facet normal -0.760351603623861 0.39398244498267154 0.5163751271237791
    outer loop
      vertex 79.00695018520314 32.284081914483636 1.2000000000000028
      vertex 79.00193575540771 32.269199617191525 1.2039712101342275
      vertex 79.83578812653644 31.524487230007566 3
    endloop
  endfacet
  facet normal -0.7603516036238478 0.39398244498269314 0.5163751271237822
    outer loop
      vertex 79.00695018520314 32.284081914483636 1.2000000000000028
      vertex 79.83578812653644 31.524487230007566 3
      vertex 79.0192803427098 32.30787803827677 1.2000000000000028
    endloop
  endfacet
  facet normal -0.8069169170923823 0.2867783412289437 0.516375127123781
    outer loop
      vertex 79.0192803427098 32.30787803827677 1.2000000000000028
      vertex 80.01712560478717 31.87445267679569 3
      vertex 79.10155111722602 32.53936581191736 1.2000000000000028
    endloop
  endfacet
  facet normal -0.8384508951408913 0.1742320995836704 0.5163751271237838
    outer loop
      vertex 79.10155111722602 32.53936581191736 1.2000000000000028
      vertex 80.14912047379121 32.24585064329598 3
      vertex 79.1153670348923 32.605851657878944 1.2000000000000028
    endloop
  endfacet
  facet normal -0.8384508951409269 0.17423209958352598 0.5163751271237752
    outer loop
      vertex 79.1153670348923 32.605851657878944 1.2000000000000028
      vertex 80.14912047379121 32.24585064329598 3
      vertex 79.12621700027815 32.63805320762016 1.2067521059509119
    endloop
  endfacet
  facet normal -0.8384508951408789 0.17423209958371447 0.5163751271237891
    outer loop
      vertex 79.1307831079541 32.68003787436324 1.2000000000000028
      vertex 79.12621700027815 32.63805320762016 1.2067521059509119
      vertex 80.14912047379121 32.24585064329598 3
    endloop
  endfacet
  facet normal -0.8384508951409381 0.17423209958349092 0.5163751271237687
    outer loop
      vertex 79.1307831079541 32.68003787436324 1.2000000000000028
      vertex 80.14912047379121 32.24585064329598 3
      vertex 79.15153470286538 32.77990003162676 1.2000000000000028
    endloop
  endfacet
  facet normal 0 0 1
    outer loop
      vertex 75.63504888277396 32.53936581191736 1.2000000000000028
      vertex 75.58285648309362 32.81219174988492 1.2000000000000028
      vertex 75.5850652971346 32.77990003162676 1.2000000000000028
    endloop
  endfacet
  facet normal 0 0 1
    outer loop
      vertex 75.57885167712215 32.87073994077408 1.2000000000000028
      vertex 75.57885167712215 33.179260059225925 1.2000000000000028
      vertex 75.5683 33.025000000000006 1.2000000000000028
    endloop
  endfacet
  facet normal 0 0 1
    outer loop
      vertex 75.58285648309362 33.23780825011509 1.2000000000000028
      vertex 75.65570068193537 33.56874278178025 1.2000000000000028
      vertex 75.5850652971346 33.270099968373245 1.2000000000000028
    endloop
  endfacet
  facet normal 0 0 1
    outer loop
      vertex 75.5850652971346 33.270099968373245 1.2000000000000028
      vertex 75.65570068193537 33.56874278178025 1.2000000000000028
      vertex 75.63504888277396 33.51063418808265 1.2000000000000028
    endloop
  endfacet
  facet normal 0 0 1
    outer loop
      vertex 75.68061534472324 33.63884592416199 1.2000000000000028
      vertex 75.82071305093655 33.941662153587835 1.2000000000000028
      vertex 75.71731965729018 33.742121961723235 1.2000000000000028
    endloop
  endfacet
  facet normal 0 0 1
    outer loop
      vertex 75.82793331678596 33.95559663413921 1.2000000000000028
      vertex 76.0366571221094 34.23016810445951 1.2000000000000028
      vertex 75.83034507181631 33.96025111006378 1.2000000000000028
    endloop
  endfacet
  facet normal 0 0 1
    outer loop
      vertex 75.83034507181631 33.96025111006378 1.2000000000000028
      vertex 76.0366571221094 34.23016810445951 1.2000000000000028
      vertex 75.97201967673203 34.1609582997869 1.2000000000000028
    endloop
  endfacet
  facet normal 0 0 1
    outer loop
      vertex 76.08898735912437 34.28620010667021 1.2000000000000028
      vertex 76.34848462140415 34.50661906797657 1.2000000000000028
      vertex 76.13970434220641 34.34050473570063 1.2000000000000028
    endloop
  endfacet
  facet normal 0 0 1
    outer loop
      vertex 76.13970434220641 34.34050473570063 1.2000000000000028
      vertex 76.34848462140415 34.50661906797657 1.2000000000000028
      vertex 76.33027542019323 34.4955458074188 1.2000000000000028
    endloop
  endfacet
  facet normal 0 0 1
    outer loop
      vertex 76.3881247157273 34.53072474333764 1.2000000000000028
      vertex 76.66389742587404 34.67693018101041 1.2000000000000028
      vertex 76.54018293208392 34.623193393124275 1.2000000000000028
    endloop
  endfacet
  facet normal 0 0 1
    outer loop
      vertex 79.1153670348923 33.44414834212106 1.2000000000000028
      vertex 79.10155111722602 33.51063418808265 1.2000000000000028
      vertex 79.0192803427098 33.742121961723235 1.2000000000000028
    endloop
  endfacet
  facet normal 0 0 1
    outer loop
      vertex 79.1153670348923 33.44414834212106 1.2000000000000028
      vertex 79.0192803427098 33.742121961723235 1.2000000000000028
      vertex 79.00695018520314 33.76591808551637 1.2000000000000028
    endloop
  endfacet
  facet normal 0 0 1
    outer loop
      vertex 76.72537642707294 34.703634279662595 1.2000000000000028
      vertex 77.05122931657829 34.79410688908724 1.2000000000000028
      vertex 76.76551669809221 34.72106965981388 1.2000000000000028
    endloop
  endfacet
  facet normal 0 0 1
    outer loop
      vertex 76.76551669809221 34.72106965981388 1.2000000000000028
      vertex 77.05122931657829 34.79410688908724 1.2000000000000028
      vertex 77.00207917650525 34.787351357828186 1.2000000000000028
    endloop
  endfacet
  facet normal 0 0 1
    outer loop
      vertex 77.12065987989563 34.80364990036101 1.2000000000000028
      vertex 77.43704465713952 34.820803784542974 1.2000000000000028
      vertex 77.24546365594358 34.820803784542974 1.2000000000000028
    endloop
  endfacet
  facet normal 0 0 1
    outer loop
      vertex 77.4911363440564 34.820803784542974 1.2000000000000028
      vertex 77.81240746727002 34.76552854367485 1.2000000000000028
      vertex 77.73452082349473 34.787351357828186 1.2000000000000028
    endloop
  endfacet
  facet normal 0 0 1
    outer loop
      vertex 77.47524341384735 34.820803784542974 1.2000000000000028
      vertex 77.81240746727002 34.76552854367485 1.2000000000000028
      vertex 77.4911363440564 34.820803784542974 1.2000000000000028
    endloop
  endfacet
  facet normal 0 0 1
    outer loop
      vertex 78.98250724674355 33.81309081539738 1.2000000000000028
      vertex 78.90625492818367 33.96025111006378 1.2000000000000028
      vertex 78.8229896017717 34.07821120372675 1.2000000000000028
    endloop
  endfacet
  facet normal 0 0 1
    outer loop
      vertex 78.78650478014711 34.12989842050197 1.2000000000000028
      vertex 78.59689565779357 34.34050473570063 1.2000000000000028
      vertex 78.55378437269968 34.375578367621664 1.2000000000000028
    endloop
  endfacet
  facet normal 0 0 1
    outer loop
      vertex 78.78650478014711 34.12989842050197 1.2000000000000028
      vertex 78.76458032326795 34.1609582997869 1.2000000000000028
      vertex 78.59689565779357 34.34050473570063 1.2000000000000028
    endloop
  endfacet
  facet normal 0 0 1
    outer loop
      vertex 77.97108330190777 34.72106965981388 1.2000000000000028
      vertex 77.88665986907897 34.74472399636644 1.2000000000000028
      vertex 78.20542112932068 34.61771790208782 1.2000000000000028
    endloop
  endfacet
  facet normal 0 0 1
    outer loop
      vertex 77.97108330190777 34.72106965981388 1.2000000000000028
      vertex 78.20542112932068 34.61771790208782 1.2000000000000028
      vertex 78.19641706791606 34.623193393124275 1.2000000000000028
    endloop
  endfacet
  facet normal 0 0 1
    outer loop
      vertex 78.49753078566422 34.421344055228104 1.2000000000000028
      vertex 78.40632457980675 34.4955458074188 1.2000000000000028
      vertex 78.2294745457928 34.6030906955006 1.2000000000000028
    endloop
  endfacet
  facet normal 0 0 1
    outer loop
      vertex 79.1307831079541 32.68003787436324 1.2000000000000028
      vertex 79.15153470286538 32.77990003162676 1.2000000000000028
      vertex 79.16829999999999 33.025000000000006 1.2000000000000028
    endloop
  endfacet
  facet normal 0 0 1
    outer loop
      vertex 79.1307831079541 33.36996212563676 1.2000000000000028
      vertex 79.16829999999999 33.025000000000006 1.2000000000000028
      vertex 79.15153470286538 33.270099968373245 1.2000000000000028
    endloop
  endfacet
  facet normal 0.8543661194229827 0.0584402435830534 0.5163751271237481
    outer loop
      vertex 75.5850652971346 32.77990003162676 1.2000000000000028
      vertex 75.58285648309362 32.81219174988492 1.2000000000000028
      vertex 74.4803879120879 33.025000000000006 3
    endloop
  endfacet
  facet normal 0.854366119422982 0.05844024358275125 0.5163751271237834
    outer loop
      vertex 75.58285648309362 32.81219174988492 1.2000000000000028
      vertex 75.57885167712215 32.830385766836905 1.2045670436676659
      vertex 74.4803879120879 33.025000000000006 3
    endloop
  endfacet
  facet normal 0.854366119422982 0.05844024358275534 0.516375127123783
    outer loop
      vertex 75.57885167712215 32.87073994077408 1.2000000000000028
      vertex 74.4803879120879 33.025000000000006 3
      vertex 75.57885167712215 32.830385766836905 1.2045670436676659
    endloop
  endfacet
  facet normal 0.8543661194229818 0.058440243582778516 0.5163751271237809
    outer loop
      vertex 75.57885167712215 32.87073994077408 1.2000000000000028
      vertex 75.5683 33.025000000000006 1.2000000000000028
      vertex 74.4803879120879 33.025000000000006 3
    endloop
  endfacet
  facet normal 0.8543661194229835 -0.05844024358278133 0.5163751271237776
    outer loop
      vertex 75.5683 33.025000000000006 1.2000000000000028
      vertex 75.57885167712215 33.179260059225925 1.2000000000000028
      vertex 74.50728608111706 33.41823731189554 3
    endloop
  endfacet
  facet normal 0.8543661194229863 -0.05844024358275454 0.5163751271237759
    outer loop
      vertex 75.57885167712215 33.179260059225925 1.2000000000000028
      vertex 75.57885167712215 33.2196142331631 1.2045670436676659
      vertex 74.50728608111706 33.41823731189554 3
    endloop
  endfacet
  facet normal 0.8543661194229865 -0.05844024358275411 0.5163751271237759
    outer loop
      vertex 75.58285648309362 33.23780825011509 1.2000000000000028
      vertex 74.50728608111706 33.41823731189554 3
      vertex 75.57885167712215 33.2196142331631 1.2045670436676659
    endloop
  endfacet
  facet normal 0.8543661194229581 -0.05844024358305172 0.5163751271237887
    outer loop
      vertex 75.58285648309362 33.23780825011509 1.2000000000000028
      vertex 75.5850652971346 33.270099968373245 1.2000000000000028
      vertex 74.50728608111706 33.41823731189554 3
    endloop
  endfacet
  facet normal 0.8384508951409113 -0.1742320995835826 0.516375127123781
    outer loop
      vertex 75.5850652971346 33.270099968373245 1.2000000000000028
      vertex 75.63504888277396 33.51063418808265 1.2000000000000028
      vertex 74.58747952620877 33.80414935670402 3
    endloop
  endfacet
  facet normal 0.8069169170924266 -0.28677834122884466 0.516375127123767
    outer loop
      vertex 75.63504888277396 33.51063418808265 1.2000000000000028
      vertex 75.65570068193537 33.56874278178025 1.2000000000000028
      vertex 74.71947439521281 34.17554732320431 3
    endloop
  endfacet
  facet normal 0.8069169170924084 -0.2867783412288868 0.5163751271237718
    outer loop
      vertex 75.65570068193537 33.56874278178025 1.2000000000000028
      vertex 75.66252429187094 33.599742754244765 1.2065534418896533
      vertex 74.71947439521281 34.17554732320431 3
    endloop
  endfacet
  facet normal 0.8069169170922955 -0.286778341229156 0.5163751271237986
    outer loop
      vertex 75.66252429187094 33.599742754244765 1.2065534418896533
      vertex 75.68061534472324 33.63884592416199 1.2000000000000028
      vertex 74.71947439521281 34.17554732320431 3
    endloop
  endfacet
  facet normal 0.806916917092387 -0.28677834122893126 0.5163751271237806
    outer loop
      vertex 75.68061534472324 33.63884592416199 1.2000000000000028
      vertex 75.71731965729018 33.742121961723235 1.2000000000000028
      vertex 74.71947439521281 34.17554732320431 3
    endloop
  endfacet
  facet normal 0.7603516036238492 -0.3939824449826909 0.5163751271237819
    outer loop
      vertex 75.71731965729018 33.742121961723235 1.2000000000000028
      vertex 75.82071305093655 33.941662153587835 1.2000000000000028
      vertex 74.90081187346354 34.52551276999244 3
    endloop
  endfacet
  facet normal 0.7603516036242255 -0.39398244498200446 0.5163751271237514
    outer loop
      vertex 75.82071305093655 33.941662153587835 1.2000000000000028
      vertex 75.82595708289833 33.952996942918645 1.2009264580673715
      vertex 74.90081187346354 34.52551276999244 3
    endloop
  endfacet
  facet normal 0.7603516036230699 -0.39398244498412793 0.5163751271238329
    outer loop
      vertex 75.82595708289833 33.952996942918645 1.2009264580673715
      vertex 75.82793331678596 33.95559663413921 1.2000000000000028
      vertex 74.90081187346354 34.52551276999244 3
    endloop
  endfacet
  facet normal 0.7603516036237218 -0.3939824449829276 0.5163751271237886
    outer loop
      vertex 75.82793331678596 33.95559663413921 1.2000000000000028
      vertex 75.83034507181631 33.96025111006378 1.2000000000000028
      vertex 74.90081187346354 34.52551276999244 3
    endloop
  endfacet
  facet normal 0.699622378420311 -0.4938474012297812 0.5163751271237789
    outer loop
      vertex 75.83034507181631 33.96025111006378 1.2000000000000028
      vertex 75.97201967673203 34.1609582997869 1.2000000000000028
      vertex 75.12811398684481 34.8475265029548 3
    endloop
  endfacet
  facet normal 0.6258605120431081 -0.584512914787202 0.5163751271237872
    outer loop
      vertex 75.97201967673203 34.1609582997869 1.2000000000000028
      vertex 76.0366571221094 34.23016810445951 1.2000000000000028
      vertex 75.39714652705645 35.13559001551968 3
    endloop
  endfacet
  facet normal 0.6258605120432962 -0.584512914787022 0.5163751271237634
    outer loop
      vertex 76.0366571221094 34.23016810445951 1.2000000000000028
      vertex 76.06150811453836 34.262859025936166 1.2068845511069242
      vertex 75.39714652705645 35.13559001551968 3
    endloop
  endfacet
  facet normal 0.6258605120431403 -0.5845129147871745 0.5163751271237799
    outer loop
      vertex 76.06150811453836 34.262859025936166 1.2068845511069242
      vertex 76.08898735912437 34.28620010667021 1.2000000000000028
      vertex 75.39714652705645 35.13559001551968 3
    endloop
  endfacet
  facet normal 0.6258605120431159 -0.5845129147871986 0.516375127123782
    outer loop
      vertex 76.08898735912437 34.28620010667021 1.2000000000000028
      vertex 76.13970434220641 34.34050473570063 1.2000000000000028
      vertex 75.39714652705645 35.13559001551968 3
    endloop
  endfacet
  facet normal 0.5404400485002077 -0.6642900586829469 0.5163751271237804
    outer loop
      vertex 76.13970434220641 34.34050473570063 1.2000000000000028
      vertex 76.33027542019323 34.4955458074188 1.2000000000000028
      vertex 75.70289792690343 35.384337229485105 3
    endloop
  endfacet
  facet normal 0.44495220940550495 -0.731692735670551 0.5163751271237846
    outer loop
      vertex 76.33027542019323 34.4955458074188 1.2000000000000028
      vertex 76.34848462140415 34.50661906797657 1.2000000000000028
      vertex 76.03967261631047 35.589134454902684 3
    endloop
  endfacet
  facet normal 0.44495220940552127 -0.7316927356705428 0.5163751271237824
    outer loop
      vertex 76.34848462140415 34.50661906797657 1.2000000000000028
      vertex 76.3581632823477 34.51484019668241 1.2033092193879895
      vertex 76.03967261631047 35.589134454902684 3
    endloop
  endfacet
  facet normal 0.44495220940552876 -0.7316927356705389 0.5163751271237815
    outer loop
      vertex 76.3881247157273 34.53072474333764 1.2000000000000028
      vertex 76.03967261631047 35.589134454902684 3
      vertex 76.3581632823477 34.51484019668241 1.2033092193879895
    endloop
  endfacet
  facet normal 0.44495220940552316 -0.7316927356705418 0.5163751271237821
    outer loop
      vertex 76.3881247157273 34.53072474333764 1.2000000000000028
      vertex 76.54018293208392 34.623193393124275 1.2000000000000028
      vertex 76.03967261631047 35.589134454902684 3
    endloop
  endfacet
  facet normal 0.3411757525316079 -0.7854653614083792 0.5163751271237756
    outer loop
      vertex 76.54018293208392 34.623193393124275 1.2000000000000028
      vertex 76.66389742587404 34.67693018101041 1.2000000000000028
      vertex 76.40119712001609 35.746166706954135 3
    endloop
  endfacet
  facet normal -0.6996223784202794 -0.49384740122983195 0.5163751271237731
    outer loop
      vertex 78.78650478014711 34.12989842050197 1.2000000000000028
      vertex 79.83578812653644 34.52551276999244 3
      vertex 78.76458032326795 34.1609582997869 1.2000000000000028
    endloop
  endfacet
  facet normal -0.4449522094053918 -0.7316927356706371 0.5163751271237603
    outer loop
      vertex 78.2294745457928 34.6030906955006 1.2000000000000028
      vertex 79.03370207309655 35.384337229485105 3
      vertex 78.2114351932596 34.61532168000284 1.2017868264678953
    endloop
  endfacet
  facet normal -0.34117575253157745 -0.7854653614083883 0.516375127123782
    outer loop
      vertex 77.97108330190777 34.72106965981388 1.2000000000000028
      vertex 78.19641706791606 34.623193393124275 1.2000000000000028
      vertex 78.69692738368951 35.589134454902684 3
    endloop
  endfacet
  facet normal -0.44495220940648667 -0.7316927356698543 0.5163751271239262
    outer loop
      vertex 78.20542112932068 34.61771790208782 1.2000000000000028
      vertex 78.2114351932596 34.61532168000284 1.2017868264678953
      vertex 79.03370207309655 35.384337229485105 3
    endloop
  endfacet
  facet normal -0.44495220940503866 -0.7316927356708927 0.5163751271237021
    outer loop
      vertex 78.20542112932068 34.61771790208782 1.2000000000000028
      vertex 79.03370207309655 35.384337229485105 3
      vertex 78.19641706791606 34.623193393124275 1.2000000000000028
    endloop
  endfacet
  facet normal -0.5404400485000981 -0.664290058683043 0.516375127123771
    outer loop
      vertex 78.55378437269968 34.375578367621664 1.2000000000000028
      vertex 79.33945347294353 35.13559001551968 3
      vertex 78.53359531260728 34.39689169922975 1.2062885633303893
    endloop
  endfacet
  facet normal -0.5404400485002157 -0.6642900586829392 0.5163751271237815
    outer loop
      vertex 78.49753078566422 34.421344055228104 1.2000000000000028
      vertex 79.33945347294353 35.13559001551968 3
      vertex 78.40632457980675 34.4955458074188 1.2000000000000028
    endloop
  endfacet
  facet normal -0.5404400485001953 -0.6642900586829578 0.5163751271237794
    outer loop
      vertex 78.49753078566422 34.421344055228104 1.2000000000000028
      vertex 78.53359531260728 34.39689169922975 1.2062885633303893
      vertex 79.33945347294353 35.13559001551968 3
    endloop
  endfacet
  facet normal -0.6258605120431467 -0.5845129147871683 0.5163751271237791
    outer loop
      vertex 78.76458032326795 34.1609582997869 1.2000000000000028
      vertex 79.60848601315517 34.8475265029548 3
      vertex 78.59689565779357 34.34050473570063 1.2000000000000028
    endloop
  endfacet
  facet normal -0.5404400485002587 -0.6642900586829037 0.5163751271237822
    outer loop
      vertex 78.59689565779357 34.34050473570063 1.2000000000000028
      vertex 79.33945347294353 35.13559001551968 3
      vertex 78.55378437269968 34.375578367621664 1.2000000000000028
    endloop
  endfacet
  facet normal -0.44495220940553376 -0.7316927356705366 0.5163751271237802
    outer loop
      vertex 78.40632457980675 34.4955458074188 1.2000000000000028
      vertex 79.03370207309655 35.384337229485105 3
      vertex 78.2294745457928 34.6030906955006 1.2000000000000028
    endloop
  endfacet
  facet normal -0.8543661194229792 0.058440243582808714 0.5163751271237814
    outer loop
      vertex 79.15153470286538 32.77990003162676 1.2000000000000028
      vertex 80.22931391888292 32.631762688104466 3
      vertex 79.16829999999999 33.025000000000006 1.2000000000000028
    endloop
  endfacet
  facet normal -0.8543661194229801 -0.058440243582810476 0.5163751271237799
    outer loop
      vertex 79.16829999999999 33.025000000000006 1.2000000000000028
      vertex 80.25621208791208 33.025000000000006 3
      vertex 79.15153470286538 33.270099968373245 1.2000000000000028
    endloop
  endfacet
  facet normal -0.8384508951409265 -0.17423209958350092 0.5163751271237839
    outer loop
      vertex 79.1307831079541 33.36996212563676 1.2000000000000028
      vertex 79.15153470286538 33.270099968373245 1.2000000000000028
      vertex 80.22931391888292 33.41823731189554 3
    endloop
  endfacet
  facet normal -0.8384508951408968 -0.17423209958368396 0.5163751271237705
    outer loop
      vertex 79.1307831079541 33.36996212563676 1.2000000000000028
      vertex 80.22931391888292 33.41823731189554 3
      vertex 79.12621700027815 33.411946792379844 1.2067521059509119
    endloop
  endfacet
  facet normal -0.8384508951409213 -0.17423209958352207 0.5163751271237852
    outer loop
      vertex 79.1153670348923 33.44414834212106 1.2000000000000028
      vertex 79.12621700027815 33.411946792379844 1.2067521059509119
      vertex 80.22931391888292 33.41823731189554 3
    endloop
  endfacet
  facet normal -0.8384508951408998 -0.17423209958367217 0.5163751271237697
    outer loop
      vertex 79.1153670348923 33.44414834212106 1.2000000000000028
      vertex 80.22931391888292 33.41823731189554 3
      vertex 79.10155111722602 33.51063418808265 1.2000000000000028
    endloop
  endfacet
  facet normal -0.8069169170923818 -0.2867783412289435 0.5163751271237819
    outer loop
      vertex 79.10155111722602 33.51063418808265 1.2000000000000028
      vertex 80.14912047379121 33.80414935670402 3
      vertex 79.0192803427098 33.742121961723235 1.2000000000000028
    endloop
  endfacet
  facet normal -0.7603516036238483 -0.3939824449826934 0.5163751271237811
    outer loop
      vertex 79.0192803427098 33.742121961723235 1.2000000000000028
      vertex 80.01712560478717 34.17554732320431 3
      vertex 79.00695018520314 33.76591808551637 1.2000000000000028
    endloop
  endfacet
  facet normal -0.7603516036240632 -0.39398244498225243 0.5163751271238012
    outer loop
      vertex 79.00695018520314 33.76591808551637 1.2000000000000028
      vertex 80.01712560478717 34.17554732320431 3
      vertex 79.00193575540771 33.78080038280848 1.2039712101342133
    endloop
  endfacet
  facet normal -0.760351603623807 -0.3939824449827835 0.5163751271237732
    outer loop
      vertex 78.98250724674355 33.81309081539738 1.2000000000000028
      vertex 79.00193575540771 33.78080038280848 1.2039712101342133
      vertex 80.01712560478717 34.17554732320431 3
    endloop
  endfacet
  facet normal -0.7603516036238482 -0.3939824449826961 0.5163751271237792
    outer loop
      vertex 78.98250724674355 33.81309081539738 1.2000000000000028
      vertex 80.01712560478717 34.17554732320431 3
      vertex 78.90625492818367 33.96025111006378 1.2000000000000028
    endloop
  endfacet
  facet normal -0.6996223784202736 -0.49384740122983395 0.5163751271237789
    outer loop
      vertex 78.90625492818367 33.96025111006378 1.2000000000000028
      vertex 79.83578812653644 34.52551276999244 3
      vertex 78.8229896017717 34.07821120372675 1.2000000000000028
    endloop
  endfacet
  facet normal -0.6996223784204257 -0.49384740122959175 0.5163751271238043
    outer loop
      vertex 78.80126751827015 34.114313587348775 1.2050967067701208
      vertex 78.8229896017717 34.07821120372675 1.2000000000000028
      vertex 79.83578812653644 34.52551276999244 3
    endloop
  endfacet
  facet normal -0.6996223784203652 -0.4938474012296906 0.516375127123792
    outer loop
      vertex 78.78650478014711 34.12989842050197 1.2000000000000028
      vertex 78.80126751827015 34.114313587348775 1.2050967067701208
      vertex 79.83578812653644 34.52551276999244 3
    endloop
  endfacet
  facet normal 0.3411757525315998 -0.7854653614083823 0.5163751271237763
    outer loop
      vertex 76.66389742587404 34.67693018101041 1.2000000000000028
      vertex 76.70205132038814 34.697158095670225 1.205560187691347
      vertex 76.40119712001609 35.746166706954135 3
    endloop
  endfacet
  facet normal 0.34117575253136845 -0.7854653614084732 0.5163751271237906
    outer loop
      vertex 76.72537642707294 34.703634279662595 1.2000000000000028
      vertex 76.40119712001609 35.746166706954135 3
      vertex 76.70205132038814 34.697158095670225 1.205560187691347
    endloop
  endfacet
  facet normal 0.34117575253158383 -0.7854653614083871 0.5163751271237795
    outer loop
      vertex 76.72537642707294 34.703634279662595 1.2000000000000028
      vertex 76.76551669809221 34.72106965981388 1.2000000000000028
      vertex 76.40119712001609 35.746166706954135 3
    endloop
  endfacet
  facet normal 0.23104383691724528 -0.8246062536207553 0.51637512712378
    outer loop
      vertex 76.76551669809221 34.72106965981388 1.2000000000000028
      vertex 77.00207917650525 34.787351357828186 1.2000000000000028
      vertex 76.78073692054689 35.85250877190016 3
    endloop
  endfacet
  facet normal 0.11660801177279562 -0.8483862915431181 0.5163751271237906
    outer loop
      vertex 77.00207917650525 34.787351357828186 1.2000000000000028
      vertex 77.05122931657829 34.79410688908724 1.2000000000000028
      vertex 77.17122190953586 35.90617969827774 3
    endloop
  endfacet
  facet normal 0.11660801177292567 -0.8483862915431089 0.5163751271237762
    outer loop
      vertex 77.05122931657829 34.79410688908724 1.2000000000000028
      vertex 77.07709240620501 34.80128774057475 1.2059574761493081
      vertex 77.17122190953586 35.90617969827774 3
    endloop
  endfacet
  facet normal 0.11660801177289758 -0.8483862915431112 0.5163751271237791
    outer loop
      vertex 77.12065987989563 34.80364990036101 1.2000000000000028
      vertex 77.17122190953586 35.90617969827774 3
      vertex 77.07709240620501 34.80128774057475 1.2059574761493081
    endloop
  endfacet
  facet normal 0.1166080117728633 -0.8483862915431141 0.5163751271237819
    outer loop
      vertex 77.12065987989563 34.80364990036101 1.2000000000000028
      vertex 77.24546365594358 34.820803784542974 1.2000000000000028
      vertex 77.17122190953586 35.90617969827774 3
    endloop
  endfacet
  facet normal 0 -0.8563624980625311 0.5163751271237818
    outer loop
      vertex 77.24546365594358 34.820803784542974 1.2000000000000028
      vertex 77.43704465713952 34.820803784542974 1.2000000000000028
      vertex 77.56537809046412 35.90617969827774 3
    endloop
  endfacet
  facet normal -2.388862902240395e-13 -0.8563624980625234 0.5163751271237941
    outer loop
      vertex 77.43704465713952 34.820803784542974 1.2000000000000028
      vertex 77.46575003545374 34.82236014493202 1.2025810861148187
      vertex 77.56537809046412 35.90617969827774 3
    endloop
  endfacet
  facet normal 7.080440547681774e-13 -0.8563624980625467 0.5163751271237557
    outer loop
      vertex 77.47524341384735 34.820803784542974 1.2000000000000028
      vertex 77.56537809046412 35.90617969827774 3
      vertex 77.46575003545374 34.82236014493202 1.2025810861148187
    endloop
  endfacet
  facet normal 0 -0.8563624980625308 0.5163751271237818
    outer loop
      vertex 77.47524341384735 34.820803784542974 1.2000000000000028
      vertex 77.4911363440564 34.820803784542974 1.2000000000000028
      vertex 77.56537809046412 35.90617969827774 3
    endloop
  endfacet
  facet normal -0.11660801177286256 -0.8483862915431153 0.5163751271237802
    outer loop
      vertex 77.4911363440564 34.820803784542974 1.2000000000000028
      vertex 77.73452082349473 34.787351357828186 1.2000000000000028
      vertex 77.9558630794531 35.85250877190016 3
    endloop
  endfacet
  facet normal -0.23104383691721878 -0.8246062536207646 0.5163751271237773
    outer loop
      vertex 77.73452082349473 34.787351357828186 1.2000000000000028
      vertex 77.81240746727002 34.76552854367485 1.2000000000000028
      vertex 78.33540287998389 35.746166706954135 3
    endloop
  endfacet
  facet normal -0.2310438369172756 -0.8246062536207449 0.5163751271237831
    outer loop
      vertex 77.81240746727002 34.76552854367485 1.2000000000000028
      vertex 77.84985100935259 34.7593899865346 1.2069507744194965
      vertex 78.33540287998389 35.746166706954135 3
    endloop
  endfacet
  facet normal -0.23104383691724797 -0.8246062536207538 0.5163751271237809
    outer loop
      vertex 77.97108330190777 34.72106965981388 1.2000000000000028
      vertex 78.33540287998389 35.746166706954135 3
      vertex 77.88665986907897 34.74472399636644 1.2000000000000028
    endloop
  endfacet
  facet normal -0.23104383691726477 -0.8246062536207486 0.5163751271237821
    outer loop
      vertex 77.84985100935259 34.7593899865346 1.2069507744194965
      vertex 77.88665986907897 34.74472399636644 1.2000000000000028
      vertex 78.33540287998389 35.746166706954135 3
    endloop
  endfacet
  facet normal 0.4449522094055347 0.731692735670535 0.5163751271237818
    outer loop
      vertex 76.54018293208392 31.42680660687573 1.2000000000000028
      vertex 75.70289792690343 30.6656627705149 3
      vertex 76.03967261631047 30.46086554509732 3
    endloop
  endfacet
  facet normal 0.3411757525315654 0.7854653614083945 0.51637512712378
    outer loop
      vertex 76.76551669809221 31.328930340186126 1.2000000000000028
      vertex 76.03967261631047 30.46086554509732 3
      vertex 76.40119712001609 30.30383329304587 3
    endloop
  endfacet
  facet normal 0.5404400485002087 0.664290058682946 0.5163751271237803
    outer loop
      vertex 76.33027542019323 31.554454192581204 1.2000000000000028
      vertex 75.39714652705645 30.914409984480322 3
      vertex 75.70289792690343 30.6656627705149 3
    endloop
  endfacet
  facet normal 0.625860512043153 0.5845129147871605 0.5163751271237802
    outer loop
      vertex 76.13970434220641 31.709495264299377 1.2000000000000028
      vertex 75.12811398684481 31.202473497045204 3
      vertex 75.39714652705645 30.914409984480322 3
    endloop
  endfacet
  facet normal 0.7603516036238525 0.3939824449826878 0.5163751271237793
    outer loop
      vertex 75.83034507181631 32.08974888993622 1.2000000000000028
      vertex 74.71947439521281 31.87445267679569 3
      vertex 74.90081187346354 31.524487230007566 3
    endloop
  endfacet
  facet normal 0.8069169170923806 0.28677834122894824 0.5163751271237812
    outer loop
      vertex 75.71731965729018 32.30787803827677 1.2000000000000028
      vertex 74.58747952620877 32.24585064329598 3
      vertex 74.71947439521281 31.87445267679569 3
    endloop
  endfacet
  facet normal 0.838450895140911 0.17423209958358465 0.5163751271237812
    outer loop
      vertex 75.63504888277396 32.53936581191736 1.2000000000000028
      vertex 74.50728608111706 32.631762688104466 3
      vertex 74.58747952620877 32.24585064329598 3
    endloop
  endfacet
  facet normal 0.6996223784203036 0.49384740122979115 0.5163751271237792
    outer loop
      vertex 75.97201967673203 31.889041700213106 1.2000000000000028
      vertex 74.90081187346354 31.524487230007566 3
      vertex 75.12811398684481 31.202473497045204 3
    endloop
  endfacet
  facet normal 0.23104383691724018 0.8246062536207559 0.5163751271237815
    outer loop
      vertex 77.00207917650525 31.262648642171822 1.2000000000000028
      vertex 76.40119712001609 30.30383329304587 3
      vertex 76.78073692054689 30.197491228099842 3
    endloop
  endfacet
  facet normal 0.11660801177285855 0.8483862915431162 0.5163751271237795
    outer loop
      vertex 77.24546365594358 31.22919621545703 1.2000000000000028
      vertex 76.78073692054689 30.197491228099842 3
      vertex 77.17122190953586 30.143820301722272 3
    endloop
  endfacet
  facet normal 1.320802936253138e-16 0.8563624980625323 0.5163751271237792
    outer loop
      vertex 77.4911363440564 31.22919621545703 1.2000000000000028
      vertex 77.17122190953586 30.143820301722272 3
      vertex 77.56537809046412 30.143820301722272 3
    endloop
  endfacet
  facet normal -0.11660801177285823 0.8483862915431152 0.5163751271237812
    outer loop
      vertex 77.73452082349473 31.262648642171822 1.2000000000000028
      vertex 77.56537809046412 30.143820301722272 3
      vertex 77.9558630794531 30.197491228099842 3
    endloop
  endfacet
  facet normal -0.23104383691724012 0.8246062536207562 0.5163751271237808
    outer loop
      vertex 77.97108330190777 31.328930340186126 1.2000000000000028
      vertex 77.9558630794531 30.197491228099842 3
      vertex 78.33540287998389 30.30383329304587 3
    endloop
  endfacet
  facet normal -0.34117575253156535 0.7854653614083945 0.5163751271237803
    outer loop
      vertex 78.19641706791606 31.426806606875726 1.2000000000000028
      vertex 78.33540287998389 30.30383329304587 3
      vertex 78.69692738368951 30.46086554509732 3
    endloop
  endfacet
  facet normal -0.444952209405535 0.7316927356705358 0.5163751271237802
    outer loop
      vertex 78.40632457980675 31.554454192581204 1.2000000000000028
      vertex 78.69692738368951 30.46086554509732 3
      vertex 79.03370207309655 30.6656627705149 3
    endloop
  endfacet
  facet normal -0.5404400485002088 0.664290058682946 0.5163751271237802
    outer loop
      vertex 78.59689565779357 31.709495264299377 1.2000000000000028
      vertex 79.03370207309655 30.6656627705149 3
      vertex 79.33945347294353 30.914409984480322 3
    endloop
  endfacet
  facet normal -0.6258605120431532 0.5845129147871609 0.5163751271237793
    outer loop
      vertex 78.76458032326795 31.889041700213106 1.2000000000000028
      vertex 79.33945347294353 30.914409984480322 3
      vertex 79.60848601315517 31.202473497045204 3
    endloop
  endfacet
  facet normal -0.699622378420303 0.4938474012297907 0.5163751271237805
    outer loop
      vertex 78.90625492818367 32.089748889936224 1.2000000000000028
      vertex 79.60848601315517 31.202473497045204 3
      vertex 79.83578812653644 31.524487230007566 3
    endloop
  endfacet
  facet normal -0.7603516036238515 0.39398244498268725 0.5163751271237813
    outer loop
      vertex 79.0192803427098 32.30787803827677 1.2000000000000028
      vertex 79.83578812653644 31.524487230007566 3
      vertex 80.01712560478717 31.87445267679569 3
    endloop
  endfacet
  facet normal -0.8069169170923803 0.28677834122894846 0.5163751271237816
    outer loop
      vertex 79.10155111722602 32.53936581191736 1.2000000000000028
      vertex 80.01712560478717 31.87445267679569 3
      vertex 80.14912047379121 32.24585064329598 3
    endloop
  endfacet
  facet normal -0.8384508951409109 0.17423209958358446 0.5163751271237813
    outer loop
      vertex 79.15153470286538 32.77990003162676 1.2000000000000028
      vertex 80.14912047379121 32.24585064329598 3
      vertex 80.22931391888292 32.631762688104466 3
    endloop
  endfacet
  facet normal 0.8543661194229801 0.058440243582798944 0.5163751271237812
    outer loop
      vertex 75.5850652971346 32.77990003162676 1.2000000000000028
      vertex 74.4803879120879 33.025000000000006 3
      vertex 74.50728608111706 32.631762688104466 3
    endloop
  endfacet
  facet normal 0.8543661194229807 -0.05844024358280016 0.5163751271237802
    outer loop
      vertex 75.5683 33.025000000000006 1.2000000000000028
      vertex 74.50728608111706 33.41823731189554 3
      vertex 74.4803879120879 33.025000000000006 3
    endloop
  endfacet
  facet normal 0.8384508951409109 -0.17423209958358446 0.5163751271237813
    outer loop
      vertex 75.5850652971346 33.270099968373245 1.2000000000000028
      vertex 74.58747952620877 33.80414935670402 3
      vertex 74.50728608111706 33.41823731189554 3
    endloop
  endfacet
  facet normal 0.8069169170923803 -0.28677834122894846 0.5163751271237816
    outer loop
      vertex 75.63504888277396 33.51063418808265 1.2000000000000028
      vertex 74.71947439521281 34.17554732320431 3
      vertex 74.58747952620877 33.80414935670402 3
    endloop
  endfacet
  facet normal 0.7603516036238515 -0.39398244498268725 0.5163751271237813
    outer loop
      vertex 75.71731965729018 33.742121961723235 1.2000000000000028
      vertex 74.90081187346354 34.52551276999244 3
      vertex 74.71947439521281 34.17554732320431 3
    endloop
  endfacet
  facet normal 0.699622378420303 -0.4938474012297907 0.5163751271237805
    outer loop
      vertex 75.83034507181631 33.96025111006378 1.2000000000000028
      vertex 75.12811398684481 34.8475265029548 3
      vertex 74.90081187346354 34.52551276999244 3
    endloop
  endfacet
  facet normal 0.6258605120431532 -0.5845129147871609 0.5163751271237793
    outer loop
      vertex 75.97201967673203 34.1609582997869 1.2000000000000028
      vertex 75.39714652705645 35.13559001551968 3
      vertex 75.12811398684481 34.8475265029548 3
    endloop
  endfacet
  facet normal 0.5404400485002088 -0.664290058682946 0.5163751271237802
    outer loop
      vertex 76.13970434220641 34.34050473570063 1.2000000000000028
      vertex 75.70289792690343 35.384337229485105 3
      vertex 75.39714652705645 35.13559001551968 3
    endloop
  endfacet
  facet normal 0.444952209405535 -0.7316927356705358 0.5163751271237802
    outer loop
      vertex 76.33027542019323 34.4955458074188 1.2000000000000028
      vertex 76.03967261631047 35.589134454902684 3
      vertex 75.70289792690343 35.384337229485105 3
    endloop
  endfacet
  facet normal 0.341175752531565 -0.785465361408394 0.5163751271237814
    outer loop
      vertex 76.54018293208392 34.623193393124275 1.2000000000000028
      vertex 76.40119712001609 35.746166706954135 3
      vertex 76.03967261631047 35.589134454902684 3
    endloop
  endfacet
  facet normal -0.5404400485002087 -0.664290058682946 0.5163751271237803
    outer loop
      vertex 78.40632457980675 34.4955458074188 1.2000000000000028
      vertex 79.33945347294353 35.13559001551968 3
      vertex 79.03370207309655 35.384337229485105 3
    endloop
  endfacet
  facet normal -0.8543661194229807 0.05844024358279911 0.5163751271237802
    outer loop
      vertex 79.16829999999999 33.025000000000006 1.2000000000000028
      vertex 80.22931391888292 32.631762688104466 3
      vertex 80.25621208791208 33.025000000000006 3
    endloop
  endfacet
  facet normal -0.85436611942298 -0.058440243582799985 0.5163751271237812
    outer loop
      vertex 79.15153470286538 33.270099968373245 1.2000000000000028
      vertex 80.25621208791208 33.025000000000006 3
      vertex 80.22931391888292 33.41823731189554 3
    endloop
  endfacet
  facet normal -0.838450895140911 -0.17423209958358465 0.5163751271237812
    outer loop
      vertex 79.10155111722602 33.51063418808265 1.2000000000000028
      vertex 80.22931391888292 33.41823731189554 3
      vertex 80.14912047379121 33.80414935670402 3
    endloop
  endfacet
  facet normal -0.8069169170923806 -0.28677834122894824 0.5163751271237812
    outer loop
      vertex 79.0192803427098 33.742121961723235 1.2000000000000028
      vertex 80.14912047379121 33.80414935670402 3
      vertex 80.01712560478717 34.17554732320431 3
    endloop
  endfacet
  facet normal -0.7603516036238519 -0.3939824449826875 0.5163751271237804
    outer loop
      vertex 78.90625492818367 33.96025111006378 1.2000000000000028
      vertex 80.01712560478717 34.17554732320431 3
      vertex 79.83578812653644 34.52551276999244 3
    endloop
  endfacet
  facet normal -0.6996223784203036 -0.49384740122979115 0.5163751271237792
    outer loop
      vertex 78.76458032326795 34.1609582997869 1.2000000000000028
      vertex 79.83578812653644 34.52551276999244 3
      vertex 79.60848601315517 34.8475265029548 3
    endloop
  endfacet
  facet normal -0.625860512043153 -0.5845129147871605 0.5163751271237802
    outer loop
      vertex 78.59689565779357 34.34050473570063 1.2000000000000028
      vertex 79.60848601315517 34.8475265029548 3
      vertex 79.33945347294353 35.13559001551968 3
    endloop
  endfacet
  facet normal 0.23104383691724012 -0.8246062536207562 0.5163751271237808
    outer loop
      vertex 76.76551669809221 34.72106965981388 1.2000000000000028
      vertex 76.78073692054689 35.85250877190016 3
      vertex 76.40119712001609 35.746166706954135 3
    endloop
  endfacet
  facet normal 0.11660801177287351 -0.8483862915431136 0.5163751271237804
    outer loop
      vertex 77.00207917650525 34.787351357828186 1.2000000000000028
      vertex 77.17122190953586 35.90617969827774 3
      vertex 76.78073692054689 35.85250877190016 3
    endloop
  endfacet
  facet normal 2.8727935663443635e-17 -0.856362498062531 0.5163751271237818
    outer loop
      vertex 77.24546365594358 34.820803784542974 1.2000000000000028
      vertex 77.56537809046412 35.90617969827774 3
      vertex 77.17122190953586 35.90617969827774 3
    endloop
  endfacet
  facet normal -0.1166080117728734 -0.8483862915431131 0.5163751271237816
    outer loop
      vertex 77.4911363440564 34.820803784542974 1.2000000000000028
      vertex 77.9558630794531 35.85250877190016 3
      vertex 77.56537809046412 35.90617969827774 3
    endloop
  endfacet
  facet normal -0.23104383691724031 -0.8246062536207566 0.5163751271237802
    outer loop
      vertex 77.73452082349473 34.787351357828186 1.2000000000000028
      vertex 78.33540287998389 35.746166706954135 3
      vertex 77.9558630794531 35.85250877190016 3
    endloop
  endfacet
  facet normal -0.3411757525315654 -0.7854653614083945 0.51637512712378
    outer loop
      vertex 77.97108330190777 34.72106965981388 1.2000000000000028
      vertex 78.69692738368951 35.589134454902684 3
      vertex 78.33540287998389 35.746166706954135 3
    endloop
  endfacet
  facet normal -0.4449522094055347 -0.731692735670535 0.5163751271237818
    outer loop
      vertex 78.19641706791606 34.623193393124275 1.2000000000000028
      vertex 79.03370207309655 35.384337229485105 3
      vertex 78.69692738368951 35.589134454902684 3
    endloop
  endfacet
  facet normal 0 0 -1
    outer loop
      vertex 0.12116937645673431 1.8155264437198646 0
      vertex 4.033792406205023 2.548712259425251 0
      vertex 4.422450035453757 2.527639855067978 0
    endloop
  endfacet
  facet normal 0 0 -1
    outer loop
      vertex 0.12116937645673431 1.8155264437198646 0
      vertex 4.422450035453757 2.527639855067978 0
      vertex 4.806551009352603 2.5906100134653975 0
    endloop
  endfacet
  facet normal 0 0 -1
    outer loop
      vertex 0.12116937645673431 1.8155264437198646 0
      vertex 0.03047089585065521 2.20311186015606 0
      vertex 3.0182081145383677 3.0871409740638374 0
    endloop
  endfacet
  facet normal 0 0 -1
    outer loop
      vertex 0.03047089585065521 2.20311186015606 0
      vertex -4.386905061437574e-9 2.5999999970197685 0
      vertex 3.0182081145383677 3.0871409740638374 0
    endloop
  endfacet
  facet normal 0 0 -1
    outer loop
      vertex 0.12116937645673431 1.8155264437198646 0
      vertex 3.0182081145383677 3.0871409740638374 0
      vertex 3.3148632823477158 2.8351598033175964 0
    endloop
  endfacet
  facet normal 0 0 -1
    outer loop
      vertex 0.12116937645673431 1.8155264437198646 0
      vertex 3.3148632823477158 2.8351598033175964 0
      vertex 3.6587513203881556 2.652841904329776 0
    endloop
  endfacet
  facet normal 0 0 -1
    outer loop
      vertex -4.386905061437574e-9 2.5999999970197685 0
      vertex 2.6192242918709567 3.750257245755236 0
      vertex 2.7826570828983392 3.39700305708136 0
    endloop
  endfacet
  facet normal 0 0 -1
    outer loop
      vertex -4.386905061437574e-9 2.5999999970197685 0
      vertex 2.5355516771221573 4.130385766836904 0
      vertex 2.6192242918709567 3.750257245755236 0
    endloop
  endfacet
  facet normal 0 0 -1
    outer loop
      vertex -4.386905061437574e-9 2.5999999970197685 0
      vertex 2.7826570828983392 3.39700305708136 0
      vertex 3.0182081145383677 3.0871409740638374 0
    endloop
  endfacet
  facet normal 0 0 -1
    outer loop
      vertex 0.12116937645673431 1.8155264437198646 0
      vertex 3.6587513203881556 2.652841904329776 0
      vertex 4.033792406205023 2.548712259425251 0
    endloop
  endfacet
  facet normal 0 0 -1
    outer loop
      vertex 5.490295312607294 5.696891699229745 0
      vertex 15.169633291925404 14.927727908392523 0
      vertex 5.7579675182701635 5.414313587348776 0
    endloop
  endfacet
  facet normal 0 0 -1
    outer loop
      vertex 4.806551009352603 6.059389986534601 0
      vertex 14.64651653034549 15.525177967394349 0
      vertex 5.168135193259623 5.91532168000284 0
    endloop
  endfacet
  facet normal 0 0 -1
    outer loop
      vertex 5.490295312607294 5.696891699229745 0
      vertex 5.168135193259623 5.91532168000284 0
      vertex 14.896762612507196 15.216548088215584 0
    endloop
  endfacet
  facet normal 0 0 -1
    outer loop
      vertex 5.958635755407727 5.0808003828084765 0
      vertex 5.7579675182701635 5.414313587348776 0
      vertex 15.776875889323751 14.41601104610239 0
    endloop
  endfacet
  facet normal 0 0 -1
    outer loop
      vertex 5.168135193259623 2.7346783199971583 0
      vertex 5.490295312607294 2.9531083007702534 0
      vertex 40.74729833198465 13.425940155983877 0
    endloop
  endfacet
  facet normal 0 0 -1
    outer loop
      vertex 5.490295312607294 2.9531083007702534 0
      vertex 5.7579675182701635 3.235686412651223 0
      vertex 39.95674909515549 13.50097097229278 0
    endloop
  endfacet
  facet normal 0 0 -1
    outer loop
      vertex 5.7579675182701635 3.235686412651223 0
      vertex 5.958635755407727 3.569199617191522 0
      vertex 38.81463593968836 13.834192334052531 0
    endloop
  endfacet
  facet normal 0 0 -1
    outer loop
      vertex 6.082917000278158 3.9380532076201558 0
      vertex 6.125 4.324999999999999 0
      vertex 37.16963329192541 14.927727908392523 0
    endloop
  endfacet
  facet normal 0 0 -1
    outer loop
      vertex 5.958635755407727 3.569199617191522 0
      vertex 6.082917000278158 3.9380532076201558 0
      vertex 37.77687588932375 14.41601104610239 0
    endloop
  endfacet
  facet normal 0 0 -1
    outer loop
      vertex 6.125 4.324999999999999 0
      vertex 6.082917000278158 4.711946792379843 0
      vertex 36.21949390342309 16.194692265481727 0
    endloop
  endfacet
  facet normal 0 0 -1
    outer loop
      vertex 6.082917000278158 4.711946792379843 0
      vertex 5.958635755407727 5.0808003828084765 0
      vertex 36.045163305598535 16.551741767121648 0
    endloop
  endfacet
  facet normal -0.543567557486035 -0.8393654212848336 0
    outer loop
      vertex 1.023813928747174 0.5322385311126716 0
      vertex 1.3579284653902022 0.3158681422472007 0
      vertex 1.023813928747174 0.5322385311126716 3
    endloop
  endfacet
  facet normal -0.7714891756386579 -0.6362424473990902 0
    outer loop
      vertex 0.4733836606979338 1.1041714802384384 0
      vertex 0.7266438559532133 0.7970754981040962 0
      vertex 0.4733836606979338 1.1041714802384384 3
    endloop
  endfacet
  facet normal -0.6653257079666879 -0.7465532146596287 0
    outer loop
      vertex 1.023813928747174 0.5322385311126716 0
      vertex 0.7266438559532133 0.7970754981040962 3
      vertex 0.7266438559532133 0.7970754981040962 0
    endloop
  endfacet
  facet normal -0.40906862127484517 -0.9125036236028311 0
    outer loop
      vertex 1.721156115913388 0.1530358746647842 0
      vertex 1.3579284653902022 0.3158681422472007 3
      vertex 1.3579284653902022 0.3158681422472007 0
    endloop
  endfacet
  facet normal -0.26498151250182994 -0.9642534926212311 0
    outer loop
      vertex 1.721156115913388 0.1530358746647842 0
      vertex 2.1049831167697874 0.047558362782002206 0
      vertex 1.721156115913388 0.1530358746647842 3
    endloop
  endfacet
  facet normal -0.11468342257887829 -0.9934020900851751 0
    outer loop
      vertex 2.1049831167697874 0.047558362782002206 0
      vertex 2.5004128918886153 0.0019079253077514124 0
      vertex 2.1049831167697874 0.047558362782002206 3
    endloop
  endfacet
  facet normal -0.01915488679901077 -0.9998165283249307 0
    outer loop
      vertex 2.5004128918886153 0.0019079253077514124 0
      vertex 2.599999997103211 -4.470347647611561e-9 0
      vertex 2.5004128918886153 0.0019079253077514124 3
    endloop
  endfacet
  facet normal -0.8595696052506151 -0.5110186823681713 0
    outer loop
      vertex 0.4733836606979338 1.1041714802384384 0
      vertex 0.2699695483684508 1.446328419446946 3
      vertex 0.2699695483684508 1.446328419446946 0
    endloop
  endfacet
  facet normal -0.9275024512810598 -0.37381707139672676 0
    outer loop
      vertex 0.2699695483684508 1.446328419446946 0
      vertex 0.12116937645673431 1.8155264437198646 3
      vertex 0.12116937645673431 1.8155264437198646 0
    endloop
  endfacet
  facet normal -0.9736954248027249 -0.22785350495053003 0
    outer loop
      vertex 0.12116937645673431 1.8155264437198646 0
      vertex 0.03047089585065521 2.20311186015606 3
      vertex 0.03047089585065521 2.20311186015606 0
    endloop
  endfacet
  facet normal -0.997065800756516 -0.07654925840115992 0
    outer loop
      vertex 0.03047089585065521 2.20311186015606 0
      vertex -4.386905061437574e-9 2.5999999970197685 3
      vertex -4.386905061437574e-9 2.5999999970197685 0
    endloop
  endfacet
  facet normal 0 0 -1
    outer loop
      vertex -4.386905061437574e-9 2.5999999970197685 0
      vertex -4.386905061437574e-9 34.75000000298023 0
      vertex 2.5355516771221573 4.130385766836904 0
    endloop
  endfacet
  facet normal 0 0 -1
    outer loop
      vertex 3.3148632823477158 5.814840196682402 0
      vertex 13.690388121552935 17.68734447256467 0
      vertex 3.6587513203881556 5.997158095670224 0
    endloop
  endfacet
  facet normal 0 0 -1
    outer loop
      vertex 4.033792406205023 6.101287740574746 0
      vertex 14.045163305598535 16.551741767121648 0
      vertex 4.422450035453757 6.122360144932022 0
    endloop
  endfacet
  facet normal 0 0 -1
    outer loop
      vertex 3.6587513203881556 5.997158095670224 0
      vertex 13.779850571004847 17.300211453955765 0
      vertex 4.033792406205023 6.101287740574746 0
    endloop
  endfacet
  facet normal 0 0 -1
    outer loop
      vertex 3.0182081145383677 5.562859025936161 0
      vertex 13.600410287214256 18.476332247232232 0
      vertex 3.3148632823477158 5.814840196682402 0
    endloop
  endfacet
  facet normal 0 0 -1
    outer loop
      vertex 4.422450035453757 6.122360144932022 0
      vertex 14.21949390342309 16.194692265481727 0
      vertex 4.806551009352603 6.059389986534601 0
    endloop
  endfacet
  facet normal 0 0 -1
    outer loop
      vertex 2.5355516771221573 4.130385766836904 0
      vertex -4.386905061437574e-9 34.75000000298023 0
      vertex 2.5355516771221573 4.519614233163095 0
    endloop
  endfacet
  facet normal 0 0 -1
    outer loop
      vertex 2.5355516771221573 4.519614233163095 0
      vertex -4.386905061437574e-9 34.75000000298023 0
      vertex 2.6192242918709567 4.8997427542447625 0
    endloop
  endfacet
  facet normal 0 0 -1
    outer loop
      vertex 2.6192242918709567 4.8997427542447625 0
      vertex -4.386905061437574e-9 34.75000000298023 0
      vertex 2.7826570828983392 5.252996942918639 0
    endloop
  endfacet
  facet normal 0 0 -1
    outer loop
      vertex 2.7826570828983392 5.252996942918639 0
      vertex -4.386905061437574e-9 34.75000000298023 0
      vertex 3.0182081145383677 5.562859025936161 0
    endloop
  endfacet
  facet normal 0 0 -1
    outer loop
      vertex 3.3148632823477158 5.814840196682402 0
      vertex 13.600410287214256 18.476332247232232 0
      vertex 13.630460273193275 18.080134692593333 0
    endloop
  endfacet
  facet normal 0 0 -1
    outer loop
      vertex 3.0182081145383677 5.562859025936161 0
      vertex 13.600410287214256 18.87366775276777 0
      vertex 13.600410287214256 18.476332247232232 0
    endloop
  endfacet
  facet normal 0 0 -1
    outer loop
      vertex 5.958635755407727 5.0808003828084765 0
      vertex 15.776875889323751 14.41601104610239 0
      vertex 16.107769576697454 14.1960454314818 0
    endloop
  endfacet
  facet normal 0 0 -1
    outer loop
      vertex 5.7579675182701635 5.414313587348776 0
      vertex 15.463565590059392 14.660371763759834 0
      vertex 15.776875889323751 14.41601104610239 0
    endloop
  endfacet
  facet normal 0 0 -1
    outer loop
      vertex 5.7579675182701635 5.414313587348776 0
      vertex 15.169633291925404 14.927727908392523 0
      vertex 15.463565590059392 14.660371763759834 0
    endloop
  endfacet
  facet normal 0 0 -1
    outer loop
      vertex 5.958635755407727 5.0808003828084765 0
      vertex 16.454351323104728 14.001734863018669 0
      vertex 16.814635939688355 13.834192334052531 0
    endloop
  endfacet
  facet normal 0 0 -1
    outer loop
      vertex 5.958635755407727 5.0808003828084765 0
      vertex 16.814635939688355 13.834192334052531 0
      vertex 17.186559748791673 13.694377513016764 0
    endloop
  endfacet
  facet normal 0 0 -1
    outer loop
      vertex 5.958635755407727 5.0808003828084765 0
      vertex 17.186559748791673 13.694377513016764 0
      vertex 17.56799240451729 13.583091246544733 0
    endloop
  endfacet
  facet normal 0 0 -1
    outer loop
      vertex 5.958635755407727 5.0808003828084765 0
      vertex 17.56799240451729 13.583091246544733 0
      vertex 17.956749095155487 13.50097097229278 0
    endloop
  endfacet
  facet normal 0 0 -1
    outer loop
      vertex 5.958635755407727 5.0808003828084765 0
      vertex 16.107769576697454 14.1960454314818 0
      vertex 16.454351323104728 14.001734863018669 0
    endloop
  endfacet
  facet normal 0 0 -1
    outer loop
      vertex 5.958635755407727 5.0808003828084765 0
      vertex 17.956749095155487 13.50097097229278 0
      vertex 18.35060305758783 13.448487067755067 0
    endloop
  endfacet
  facet normal 0 0 -1
    outer loop
      vertex 5.958635755407727 5.0808003828084765 0
      vertex 18.35060305758783 13.448487067755067 0
      vertex 18.74729833198465 13.425940155983877 0
    endloop
  endfacet
  facet normal 0 0 -1
    outer loop
      vertex 5.958635755407727 5.0808003828084765 0
      vertex 18.74729833198465 13.425940155983877 0
      vertex 19.144562683738634 13.433459383648007 0
    endloop
  endfacet
  facet normal 0 0 -1
    outer loop
      vertex 5.958635755407727 5.0808003828084765 0
      vertex 19.144562683738634 13.433459383648007 0
      vertex 19.540120618618932 13.471001681292329 0
    endloop
  endfacet
  facet normal 0 0 -1
    outer loop
      vertex 5.958635755407727 5.0808003828084765 0
      vertex 19.540120618618932 13.471001681292329 0
      vertex 19.931706416596 13.538352010035744 0
    endloop
  endfacet
  facet normal 0 0 -1
    outer loop
      vertex 4.806551009352603 6.059389986534601 0
      vertex 14.420328432336802 15.851849741930186 0
      vertex 14.64651653034549 15.525177967394349 0
    endloop
  endfacet
  facet normal 0 0 -1
    outer loop
      vertex 4.806551009352603 6.059389986534601 0
      vertex 14.21949390342309 16.194692265481727 0
      vertex 14.420328432336802 15.851849741930186 0
    endloop
  endfacet
  facet normal 0 0 -1
    outer loop
      vertex 5.490295312607294 5.696891699229745 0
      vertex 14.896762612507196 15.216548088215584 0
      vertex 15.169633291925404 14.927727908392523 0
    endloop
  endfacet
  facet normal 0 0 -1
    outer loop
      vertex 5.168135193259623 5.91532168000284 0
      vertex 14.64651653034549 15.525177967394349 0
      vertex 14.896762612507196 15.216548088215584 0
    endloop
  endfacet
  facet normal 0 0 -1
    outer loop
      vertex 4.033792406205023 6.101287740574746 0
      vertex 13.898335188740216 16.920953099638705 0
      vertex 14.045163305598535 16.551741767121648 0
    endloop
  endfacet
  facet normal 0 0 -1
    outer loop
      vertex 4.422450035453757 6.122360144932022 0
      vertex 14.045163305598535 16.551741767121648 0
      vertex 14.21949390342309 16.194692265481727 0
    endloop
  endfacet
  facet normal 0 0 -1
    outer loop
      vertex 3.6587513203881556 5.997158095670224 0
      vertex 13.690388121552935 17.68734447256467 0
      vertex 13.779850571004847 17.300211453955765 0
    endloop
  endfacet
  facet normal 0 0 -1
    outer loop
      vertex 4.033792406205023 6.101287740574746 0
      vertex 13.779850571004847 17.300211453955765 0
      vertex 13.898335188740216 16.920953099638705 0
    endloop
  endfacet
  facet normal 0 0 -1
    outer loop
      vertex 3.3148632823477158 5.814840196682402 0
      vertex 13.630460273193275 18.080134692593333 0
      vertex 13.690388121552935 17.68734447256467 0
    endloop
  endfacet
  facet normal 0 0 -1
    outer loop
      vertex 1.721156115913388 0.1530358746647842 0
      vertex 1.3579284653902022 0.3158681422472007 0
      vertex 81.16106146880388 1.0238139286637313 0
    endloop
  endfacet
  facet normal 0 0 -1
    outer loop
      vertex 1.023813928747174 0.5322385311126716 0
      vertex 81.37743185766935 1.3579284653067596 0
      vertex 1.3579284653902022 0.3158681422472007 0
    endloop
  endfacet
  facet normal 0 0 -1
    outer loop
      vertex 1.023813928747174 0.5322385311126716 0
      vertex 0.7266438559532133 0.7970754981040962 0
      vertex 81.54026412525177 1.7211561158299453 0
    endloop
  endfacet
  facet normal 0 0 -1
    outer loop
      vertex 0.2699695483684508 1.446328419446946 0
      vertex 0.12116937645673431 1.8155264437198646 0
      vertex 77.07709240620501 2.548712259425251 0
    endloop
  endfacet
  facet normal 0 0 -1
    outer loop
      vertex 0.4733836606979338 1.1041714802384384 0
      vertex 81.64574163713455 2.104983116686345 0
      vertex 0.7266438559532133 0.7970754981040962 0
    endloop
  endfacet
  facet normal 0 0 -1
    outer loop
      vertex 0.4733836606979338 1.1041714802384384 0
      vertex 0.2699695483684508 1.446328419446946 0
      vertex 81.6913920746088 2.5004128918051727 0
    endloop
  endfacet
  facet normal 0 0 -1
    outer loop
      vertex 2.1049831167697874 0.047558362782002206 0
      vertex 80.58912851967811 0.4733836606144912 0
      vertex 2.5004128918886153 0.0019079253077514124 0
    endloop
  endfacet
  facet normal 0 0 -1
    outer loop
      vertex 2.5004128918886153 0.0019079253077514124 0
      vertex 80.2469715804696 0.2699695482850082 0
      vertex 2.599999997103211 -4.470347647611561e-9 0
    endloop
  endfacet
  facet normal 0 0 -1
    outer loop
      vertex 1.721156115913388 0.1530358746647842 0
      vertex 80.89622450181245 0.7266438558697708 0
      vertex 2.1049831167697874 0.047558362782002206 0
    endloop
  endfacet
  facet normal 0 0 -1
    outer loop
      vertex 0.12116937645673431 1.8155264437198646 0
      vertex 4.806551009352603 2.5906100134653975 0
      vertex 75.66252429187094 4.8997427542447625 0
    endloop
  endfacet
  facet normal 0 0 -1
    outer loop
      vertex 4.806551009352603 2.5906100134653975 0
      vertex 5.168135193259623 2.7346783199971583 0
      vertex 75.66252429187094 4.8997427542447625 0
    endloop
  endfacet
  facet normal 0 0 -1
    outer loop
      vertex 5.168135193259623 2.7346783199971583 0
      vertex 41.144562683738634 13.433459383648007 0
      vertex 75.66252429187094 4.8997427542447625 0
    endloop
  endfacet
  facet normal 0 -1 0
    outer loop
      vertex 2.599999997103211 -4.470347647611561e-9 0
      vertex 79.09330000289678 -4.470347647611561e-9 0
      vertex 2.599999997103211 -4.470347647611561e-9 3
    endloop
  endfacet
  facet normal 0 0 -1
    outer loop
      vertex 5.958635755407727 5.0808003828084765 0
      vertex 19.931706416596 13.538352010035744 0
      vertex 35.89833518874022 16.920953099638705 0
    endloop
  endfacet
  facet normal 0 0 -1
    outer loop
      vertex 5.958635755407727 3.569199617191522 0
      vertex 38.45435132310473 14.001734863018669 0
      vertex 38.81463593968836 13.834192334052531 0
    endloop
  endfacet
  facet normal 0 0 -1
    outer loop
      vertex 5.7579675182701635 3.235686412651223 0
      vertex 38.81463593968836 13.834192334052531 0
      vertex 39.18655974879167 13.694377513016764 0
    endloop
  endfacet
  facet normal 0 0 -1
    outer loop
      vertex 6.125 4.324999999999999 0
      vertex 36.896762612507196 15.216548088215584 0
      vertex 37.16963329192541 14.927727908392523 0
    endloop
  endfacet
  facet normal 0 0 -1
    outer loop
      vertex 5.958635755407727 3.569199617191522 0
      vertex 37.77687588932375 14.41601104610239 0
      vertex 38.10776957669745 14.1960454314818 0
    endloop
  endfacet
  facet normal 0 0 -1
    outer loop
      vertex 6.082917000278158 3.9380532076201558 0
      vertex 37.463565590059396 14.660371763759834 0
      vertex 37.77687588932375 14.41601104610239 0
    endloop
  endfacet
  facet normal 0 0 -1
    outer loop
      vertex 5.958635755407727 3.569199617191522 0
      vertex 38.10776957669745 14.1960454314818 0
      vertex 38.45435132310473 14.001734863018669 0
    endloop
  endfacet
  facet normal 0 0 -1
    outer loop
      vertex 6.082917000278158 3.9380532076201558 0
      vertex 37.16963329192541 14.927727908392523 0
      vertex 37.463565590059396 14.660371763759834 0
    endloop
  endfacet
  facet normal 0 0 -1
    outer loop
      vertex 5.168135193259623 2.7346783199971583 0
      vertex 40.74729833198465 13.425940155983877 0
      vertex 41.144562683738634 13.433459383648007 0
    endloop
  endfacet
  facet normal 0 0 -1
    outer loop
      vertex 5.7579675182701635 3.235686412651223 0
      vertex 39.18655974879167 13.694377513016764 0
      vertex 39.56799240451729 13.583091246544733 0
    endloop
  endfacet
  facet normal 0 0 -1
    outer loop
      vertex 5.490295312607294 2.9531083007702534 0
      vertex 39.95674909515549 13.50097097229278 0
      vertex 40.35060305758783 13.448487067755067 0
    endloop
  endfacet
  facet normal 0 0 -1
    outer loop
      vertex 5.7579675182701635 3.235686412651223 0
      vertex 39.56799240451729 13.583091246544733 0
      vertex 39.95674909515549 13.50097097229278 0
    endloop
  endfacet
  facet normal 0 0 -1
    outer loop
      vertex 5.490295312607294 2.9531083007702534 0
      vertex 40.35060305758783 13.448487067755067 0
      vertex 40.74729833198465 13.425940155983877 0
    endloop
  endfacet
  facet normal 0 0 -1
    outer loop
      vertex 6.125 4.324999999999999 0
      vertex 36.4203284323368 15.851849741930186 0
      vertex 36.646516530345494 15.525177967394349 0
    endloop
  endfacet
  facet normal 0 0 -1
    outer loop
      vertex 6.125 4.324999999999999 0
      vertex 36.646516530345494 15.525177967394349 0
      vertex 36.896762612507196 15.216548088215584 0
    endloop
  endfacet
  facet normal 0 0 -1
    outer loop
      vertex 6.125 4.324999999999999 0
      vertex 36.21949390342309 16.194692265481727 0
      vertex 36.4203284323368 15.851849741930186 0
    endloop
  endfacet
  facet normal 0 0 -1
    outer loop
      vertex 6.082917000278158 4.711946792379843 0
      vertex 36.045163305598535 16.551741767121648 0
      vertex 36.21949390342309 16.194692265481727 0
    endloop
  endfacet
  facet normal 0 0 -1
    outer loop
      vertex 5.958635755407727 5.0808003828084765 0
      vertex 35.89833518874022 16.920953099638705 0
      vertex 36.045163305598535 16.551741767121648 0
    endloop
  endfacet
  facet normal 0 0 -1
    outer loop
      vertex 19.931706416596 13.538352010035744 0
      vertex 20.31707710968076 13.635124593294407 0
      vertex 35.89833518874022 16.920953099638705 0
    endloop
  endfacet
  facet normal 0 0 -1
    outer loop
      vertex 20.31707710968076 13.635124593294407 0
      vertex 20.69402532944212 13.760765126475068 0
      vertex 35.89833518874022 16.920953099638705 0
    endloop
  endfacet
  facet normal 0 0 -1
    outer loop
      vertex 20.69402532944212 13.760765126475068 0
      vertex 21.06039195061346 13.914553951981592 0
      vertex 35.89833518874022 16.920953099638705 0
    endloop
  endfacet
  facet normal 0 0 -1
    outer loop
      vertex 21.06039195061346 13.914553951981592 0
      vertex 21.41407845836662 14.095610181348484 0
      vertex 35.89833518874022 16.920953099638705 0
    endloop
  endfacet
  facet normal 0 0 -1
    outer loop
      vertex 21.41407845836662 14.095610181348484 0
      vertex 21.75305896841479 14.302896740890255 0
      vertex 35.89833518874022 16.920953099638705 0
    endloop
  endfacet
  facet normal 0 0 -1
    outer loop
      vertex 21.75305896841479 14.302896740890255 0
      vertex 22.07539183109425 14.535226311965578 0
      vertex 35.89833518874022 16.920953099638705 0
    endloop
  endfacet
  facet normal 0 0 -1
    outer loop
      vertex 22.07539183109425 14.535226311965578 0
      vertex 22.379230752957824 14.791268131830943 0
      vertex 35.89833518874022 16.920953099638705 0
    endloop
  endfacet
  facet normal 0 0 -1
    outer loop
      vertex 22.379230752957824 14.791268131830943 0
      vertex 22.662835372176502 15.06955561612912 0
      vertex 35.89833518874022 16.920953099638705 0
    endloop
  endfacet
  facet normal 0 0 -1
    outer loop
      vertex 22.662835372176502 15.06955561612912 0
      vertex 22.924581227174443 15.368494759351575 0
      vertex 35.89833518874022 16.920953099638705 0
    endloop
  endfacet
  facet normal 0 0 -1
    outer loop
      vertex 22.924581227174443 15.368494759351575 0
      vertex 23.16296906139775 15.686373265157656 0
      vertex 35.89833518874022 16.920953099638705 0
    endloop
  endfacet
  facet normal 0 0 -1
    outer loop
      vertex 23.16296906139775 15.686373265157656 0
      vertex 23.376633410920217 16.02137035425295 0
      vertex 35.89833518874022 16.920953099638705 0
    endloop
  endfacet
  facet normal 0 0 -1
    outer loop
      vertex 23.376633410920217 16.02137035425295 0
      vertex 23.56435042569708 16.371567193648232 0
      vertex 35.89833518874022 16.920953099638705 0
    endloop
  endfacet
  facet normal 0 0 -1
    outer loop
      vertex 23.56435042569708 16.371567193648232 0
      vertex 23.725044879667212 16.734957887561023 0
      vertex 35.89833518874022 16.920953099638705 0
    endloop
  endfacet
  facet normal 0 0 -1
    outer loop
      vertex 23.725044879667212 16.734957887561023 0
      vertex 23.857796329550663 17.109460967005006 0
      vertex 35.89833518874022 16.920953099638705 0
    endloop
  endfacet
  facet normal 0 0 -1
    outer loop
      vertex 23.857796329550663 17.109460967005006 0
      vertex 23.961844387064367 17.492931312255855 0
      vertex 35.77985057100484 17.300211453955765 0
    endloop
  endfacet
  facet normal 0 0 -1
    outer loop
      vertex 23.961844387064367 17.492931312255855 0
      vertex 24.036593074357413 17.883172439902786 0
      vertex 35.690388121552935 17.68734447256467 0
    endloop
  endfacet
  facet normal 0 0 -1
    outer loop
      vertex 24.036593074357413 17.883172439902786 0
      vertex 24.08161423771817 18.277949084106606 0
      vertex 35.63046027319328 18.080134692593333 0
    endloop
  endfacet
  facet normal 0 0 -1
    outer loop
      vertex 24.08161423771817 18.277949084106606 0
      vertex 24.096649999999997 18.675 0
      vertex 35.60041028721426 18.476332247232232 0
    endloop
  endfacet
  facet normal 0 0 -1
    outer loop
      vertex 23.857796329550663 17.109460967005006 0
      vertex 35.77985057100484 17.300211453955765 0
      vertex 35.89833518874022 16.920953099638705 0
    endloop
  endfacet
  facet normal 0 0 -1
    outer loop
      vertex 23.961844387064367 17.492931312255855 0
      vertex 35.690388121552935 17.68734447256467 0
      vertex 35.77985057100484 17.300211453955765 0
    endloop
  endfacet
  facet normal 0 0 -1
    outer loop
      vertex 24.036593074357413 17.883172439902786 0
      vertex 35.63046027319328 18.080134692593333 0
      vertex 35.690388121552935 17.68734447256467 0
    endloop
  endfacet
  facet normal 0 0 -1
    outer loop
      vertex 24.08161423771817 18.277949084106606 0
      vertex 35.60041028721426 18.476332247232232 0
      vertex 35.63046027319328 18.080134692593333 0
    endloop
  endfacet
  facet normal -0.543567557486035 -0.8393654212848336 0
    outer loop
      vertex 1.3579284653902022 0.3158681422472007 0
      vertex 1.3579284653902022 0.3158681422472007 3
      vertex 1.023813928747174 0.5322385311126716 3
    endloop
  endfacet
  facet normal -0.6653257079666879 -0.7465532146596287 0
    outer loop
      vertex 1.023813928747174 0.5322385311126716 0
      vertex 1.023813928747174 0.5322385311126716 3
      vertex 0.7266438559532133 0.7970754981040962 3
    endloop
  endfacet
  facet normal -0.7714891756386579 -0.6362424473990902 0
    outer loop
      vertex 0.7266438559532133 0.7970754981040962 0
      vertex 0.7266438559532133 0.7970754981040962 3
      vertex 0.4733836606979338 1.1041714802384384 3
    endloop
  endfacet
  facet normal -0.40906862127484517 -0.9125036236028311 0
    outer loop
      vertex 1.721156115913388 0.1530358746647842 0
      vertex 1.721156115913388 0.1530358746647842 3
      vertex 1.3579284653902022 0.3158681422472007 3
    endloop
  endfacet
  facet normal -0.26498151250182994 -0.9642534926212311 0
    outer loop
      vertex 2.1049831167697874 0.047558362782002206 0
      vertex 2.1049831167697874 0.047558362782002206 3
      vertex 1.721156115913388 0.1530358746647842 3
    endloop
  endfacet
  facet normal -0.11468342257887829 -0.9934020900851751 0
    outer loop
      vertex 2.5004128918886153 0.0019079253077514124 0
      vertex 2.5004128918886153 0.0019079253077514124 3
      vertex 2.1049831167697874 0.047558362782002206 3
    endloop
  endfacet
  facet normal -0.8595696052506151 -0.5110186823681713 0
    outer loop
      vertex 0.4733836606979338 1.1041714802384384 0
      vertex 0.4733836606979338 1.1041714802384384 3
      vertex 0.2699695483684508 1.446328419446946 3
    endloop
  endfacet
  facet normal -0.9275024512810598 -0.37381707139672676 0
    outer loop
      vertex 0.2699695483684508 1.446328419446946 0
      vertex 0.2699695483684508 1.446328419446946 3
      vertex 0.12116937645673431 1.8155264437198646 3
    endloop
  endfacet
  facet normal -0.9736954248027249 -0.22785350495053003 0
    outer loop
      vertex 0.12116937645673431 1.8155264437198646 0
      vertex 0.12116937645673431 1.8155264437198646 3
      vertex 0.03047089585065521 2.20311186015606 3
    endloop
  endfacet
  facet normal -0.01915488679901077 -0.9998165283249307 0
    outer loop
      vertex 2.599999997103211 -4.470347647611561e-9 0
      vertex 2.599999997103211 -4.470347647611561e-9 3
      vertex 2.5004128918886153 0.0019079253077514124 3
    endloop
  endfacet
  facet normal -0.997065800756516 -0.07654925840115992 0
    outer loop
      vertex 0.03047089585065521 2.20311186015606 0
      vertex 0.03047089585065521 2.20311186015606 3
      vertex -4.386905061437574e-9 2.5999999970197685 3
    endloop
  endfacet
  facet normal 0 0 1
    outer loop
      vertex 0.2699695483684508 1.446328419446946 3
      vertex 2.6595979269034444 1.9656627705148964 3
      vertex 0.12116937645673431 1.8155264437198646 3
    endloop
  endfacet
  facet normal 0 0 1
    outer loop
      vertex 0.12116937645673431 1.8155264437198646 3
      vertex 1.857511873463551 2.824487230007561 3
      vertex 0.03047089585065521 2.20311186015606 3
    endloop
  endfacet
  facet normal 0 0 1
    outer loop
      vertex 0.4733836606979338 1.1041714802384384 3
      vertex 3.737436920546898 1.4974912280998396 3
      vertex 0.2699695483684508 1.446328419446946 3
    endloop
  endfacet
  facet normal 0 0 1
    outer loop
      vertex 0.2699695483684508 1.446328419446946 3
      vertex 3.357897120016098 1.6038332930458665 3
      vertex 2.996372616310474 1.7608655450973174 3
    endloop
  endfacet
  facet normal 0 0 1
    outer loop
      vertex 0.2699695483684508 1.446328419446946 3
      vertex 2.996372616310474 1.7608655450973174 3
      vertex 2.6595979269034444 1.9656627705148964 3
    endloop
  endfacet
  facet normal 0 0 1
    outer loop
      vertex 0.2699695483684508 1.446328419446946 3
      vertex 3.737436920546898 1.4974912280998396 3
      vertex 3.357897120016098 1.6038332930458665 3
    endloop
  endfacet
  facet normal 0 0 1
    outer loop
      vertex 0.12116937645673431 1.8155264437198646 3
      vertex 2.6595979269034444 1.9656627705148964 3
      vertex 2.3538465270564615 2.2144099844803193 3
    endloop
  endfacet
  facet normal 0 0 1
    outer loop
      vertex 0.12116937645673431 1.8155264437198646 3
      vertex 2.3538465270564615 2.2144099844803193 3
      vertex 2.0848139868448214 2.5024734970452016 3
    endloop
  endfacet
  facet normal 0 0 1
    outer loop
      vertex 0.4733836606979338 1.1041714802384384 3
      vertex 4.127921909535871 1.4438203017222655 3
      vertex 3.737436920546898 1.4974912280998396 3
    endloop
  endfacet
  facet normal 0 0 1
    outer loop
      vertex 0.4733836606979338 1.1041714802384384 3
      vertex 4.5220780904641344 1.4438203017222655 3
      vertex 4.127921909535871 1.4438203017222655 3
    endloop
  endfacet
  facet normal 0 0 1
    outer loop
      vertex 0.03047089585065521 2.20311186015606 3
      vertex 1.6761743952128256 3.1744526767956884 3
      vertex -4.386905061437574e-9 2.5999999970197685 3
    endloop
  endfacet
  facet normal 0 0 1
    outer loop
      vertex 0.03047089585065521 2.20311186015606 3
      vertex 1.857511873463551 2.824487230007561 3
      vertex 1.6761743952128256 3.1744526767956884 3
    endloop
  endfacet
  facet normal 0 0 1
    outer loop
      vertex -4.386905061437574e-9 2.5999999970197685 3
      vertex 1.6761743952128256 3.1744526767956884 3
      vertex 1.5441795262087794 3.545850643295978 3
    endloop
  endfacet
  facet normal 0 0 1
    outer loop
      vertex -4.386905061437574e-9 2.5999999970197685 3
      vertex 1.5441795262087794 3.545850643295978 3
      vertex 1.4639860811170635 3.931762688104465 3
    endloop
  endfacet
  facet normal 0 0 1
    outer loop
      vertex 0.12116937645673431 1.8155264437198646 3
      vertex 2.0848139868448214 2.5024734970452016 3
      vertex 1.857511873463551 2.824487230007561 3
    endloop
  endfacet
  facet normal 0 0 1
    outer loop
      vertex -4.386905061437574e-9 2.5999999970197685 3
      vertex 1.4639860811170635 3.931762688104465 3
      vertex 1.437087912087918 4.324999999999999 3
    endloop
  endfacet
  facet normal 0 0 1
    outer loop
      vertex 6.565186013155184 2.5024734970452016 3
      vertex 16.646650004470345 6.574999998509885 3
      vertex 6.792488126536455 2.8244872300075627 3
    endloop
  endfacet
  facet normal 0 0 1
    outer loop
      vertex 6.792488126536455 2.8244872300075627 3
      vertex 15.45664999940395 6.574999998509885 3
      vertex 6.97382560478718 3.17445267679569 3
    endloop
  endfacet
  facet normal 0 0 1
    outer loop
      vertex 6.97382560478718 3.17445267679569 3
      vertex 15.45664999940395 6.574999998509885 3
      vertex 7.105820473791226 3.545850643295978 3
    endloop
  endfacet
  facet normal 0 0 1
    outer loop
      vertex 7.105820473791226 3.545850643295978 3
      vertex 15.45664999940395 7.775000001490117 3
      vertex 7.186013918882942 3.931762688104465 3
    endloop
  endfacet
  facet normal 0 0 1
    outer loop
      vertex 7.186013918882942 3.931762688104465 3
      vertex 15.45664999940395 7.775000001490117 3
      vertex 7.212912087912088 4.324999999999999 3
    endloop
  endfacet
  facet normal 0 0 1
    outer loop
      vertex 6.792488126536455 5.825512769992438 3
      vertex 16.71460309040607 15.77424561962048 3
      vertex 6.565186013155184 6.147526502954799 3
    endloop
  endfacet
  facet normal 0 0 1
    outer loop
      vertex 7.105820473791226 3.545850643295978 3
      vertex 15.45664999940395 6.574999998509885 3
      vertex 15.45664999940395 7.775000001490117 3
    endloop
  endfacet
  facet normal 0 0 1
    outer loop
      vertex 6.565186013155184 2.5024734970452016 3
      vertex 18.856650005364415 5.175000000000001 3
      vertex 16.646650004470345 6.574999998509885 3
    endloop
  endfacet
  facet normal 0 0 1
    outer loop
      vertex 6.792488126536455 2.8244872300075627 3
      vertex 16.646650004470345 6.574999998509885 3
      vertex 15.45664999940395 6.574999998509885 3
    endloop
  endfacet
  facet normal 0 0 1
    outer loop
      vertex 7.105820473791226 5.104149356704021 3
      vertex 17.046649999999996 15.55730854637602 3
      vertex 6.97382560478718 5.47554732320431 3
    endloop
  endfacet
  facet normal 0 0 1
    outer loop
      vertex 6.97382560478718 5.47554732320431 3
      vertex 17.046649999999996 15.55730854637602 3
      vertex 6.792488126536455 5.825512769992438 3
    endloop
  endfacet
  facet normal 0 0 1
    outer loop
      vertex 19.756649996423718 6.574999998509885 3
      vertex 18.856650005364415 5.175000000000001 3
      vertex 22.236650000596043 6.574999998509885 3
    endloop
  endfacet
  facet normal 0 0 1
    outer loop
      vertex 19.756649996423718 7.775000001490117 3
      vertex 18.856650005364415 5.175000000000001 3
      vertex 19.756649996423718 6.574999998509885 3
    endloop
  endfacet
  facet normal 0 0 1
    outer loop
      vertex 18.856650005364415 9.175 3
      vertex 15.45664999940395 7.775000001490117 3
      vertex 16.646650004470345 7.775000001490117 3
    endloop
  endfacet
  facet normal 0 0 1
    outer loop
      vertex 7.186013918882942 4.718237311895534 3
      vertex 37.3824851988867 17.695427526556795 3
      vertex 7.105820473791226 5.104149356704021 3
    endloop
  endfacet
  facet normal 0 0 1
    outer loop
      vertex 7.212912087912088 4.324999999999999 3
      vertex 37.51127135802671 17.320286260987793 3
      vertex 7.186013918882942 4.718237311895534 3
    endloop
  endfacet
  facet normal 0 0 1
    outer loop
      vertex 18.856650005364415 9.175 3
      vertex 18.856650005364415 5.175000000000001 3
      vertex 19.756649996423718 7.775000001490117 3
    endloop
  endfacet
  facet normal -1 0 0
    outer loop
      vertex -4.386905061437574e-9 2.5999999970197685 0
      vertex -4.386905061437574e-9 2.5999999970197685 3
      vertex -4.386905061437574e-9 34.75000000298023 3
    endloop
  endfacet
  facet normal 0 0 1
    outer loop
      vertex -4.386905061437574e-9 2.5999999970197685 3
      vertex 1.437087912087918 4.324999999999999 3
      vertex -4.386905061437574e-9 34.75000000298023 3
    endloop
  endfacet
  facet normal 0 0 1
    outer loop
      vertex 6.296153472943544 6.435590015519681 3
      vertex 6.565186013155184 6.147526502954799 3
      vertex 16.40843634214733 16.026393921576727 3
    endloop
  endfacet
  facet normal 0 0 1
    outer loop
      vertex 1.437087912087918 4.324999999999999 3
      vertex 1.4639860811170635 4.718237311895534 3
      vertex -4.386905061437574e-9 34.75000000298023 3
    endloop
  endfacet
  facet normal 0 0 1
    outer loop
      vertex 1.4639860811170635 4.718237311895534 3
      vertex 1.5441795262087794 5.104149356704021 3
      vertex -4.386905061437574e-9 34.75000000298023 3
    endloop
  endfacet
  facet normal 0 0 1
    outer loop
      vertex 1.5441795262087794 5.104149356704021 3
      vertex 1.6761743952128256 5.47554732320431 3
      vertex -4.386905061437574e-9 34.75000000298023 3
    endloop
  endfacet
  facet normal 0 0 1
    outer loop
      vertex 1.6761743952128256 5.47554732320431 3
      vertex 1.857511873463551 5.825512769992438 3
      vertex -4.386905061437574e-9 34.75000000298023 3
    endloop
  endfacet
  facet normal 0 0 1
    outer loop
      vertex 1.857511873463551 5.825512769992438 3
      vertex 2.0848139868448214 6.147526502954797 3
      vertex -4.386905061437574e-9 34.75000000298023 3
    endloop
  endfacet
  facet normal 0 0 1
    outer loop
      vertex 2.0848139868448214 6.147526502954797 3
      vertex 2.3538465270564615 6.435590015519681 3
      vertex -4.386905061437574e-9 34.75000000298023 3
    endloop
  endfacet
  facet normal 0 0 1
    outer loop
      vertex 2.3538465270564615 6.435590015519681 3
      vertex 2.6595979269034444 6.6843372294851005 3
      vertex -4.386905061437574e-9 34.75000000298023 3
    endloop
  endfacet
  facet normal 0 0 1
    outer loop
      vertex 2.6595979269034444 6.6843372294851005 3
      vertex 2.996372616310474 6.889134454902683 3
      vertex -4.386905061437574e-9 34.75000000298023 3
    endloop
  endfacet
  facet normal 0 0 1
    outer loop
      vertex 2.996372616310474 6.889134454902683 3
      vertex 3.357897120016098 7.04616670695413 3
      vertex -4.386905061437574e-9 34.75000000298023 3
    endloop
  endfacet
  facet normal 0 0 1
    outer loop
      vertex 3.357897120016098 7.04616670695413 3
      vertex 3.737436920546898 7.152508771900157 3
      vertex -4.386905061437574e-9 34.75000000298023 3
    endloop
  endfacet
  facet normal 0 0 1
    outer loop
      vertex 4.912563079453108 7.152508771900157 3
      vertex 5.292102879983908 7.04616670695413 3
      vertex -4.386905061437574e-9 34.75000000298023 3
    endloop
  endfacet
  facet normal 0 0 1
    outer loop
      vertex 5.653627383689532 6.889134454902683 3
      vertex -4.386905061437574e-9 34.75000000298023 3
      vertex 5.292102879983908 7.04616670695413 3
    endloop
  endfacet
  facet normal 0 0 1
    outer loop
      vertex 5.990402073096561 6.6843372294851005 3
      vertex 6.296153472943544 6.435590015519681 3
      vertex -4.386905061437574e-9 34.75000000298023 3
    endloop
  endfacet
  facet normal 0 0 1
    outer loop
      vertex 5.653627383689532 6.889134454902683 3
      vertex 5.990402073096561 6.6843372294851005 3
      vertex -4.386905061437574e-9 34.75000000298023 3
    endloop
  endfacet
  facet normal 0 0 1
    outer loop
      vertex 3.737436920546898 7.152508771900157 3
      vertex 4.127921909535871 7.206179698277731 3
      vertex -4.386905061437574e-9 34.75000000298023 3
    endloop
  endfacet
  facet normal 0 0 1
    outer loop
      vertex 4.127921909535871 7.206179698277731 3
      vertex 4.5220780904641344 7.206179698277731 3
      vertex -4.386905061437574e-9 34.75000000298023 3
    endloop
  endfacet
  facet normal 0 0 1
    outer loop
      vertex 4.5220780904641344 7.206179698277731 3
      vertex 4.912563079453108 7.152508771900157 3
      vertex -4.386905061437574e-9 34.75000000298023 3
    endloop
  endfacet
  facet normal 0 0 1
    outer loop
      vertex 6.296153472943544 6.435590015519681 3
      vertex 15.25211654084006 18.873315937281117 3
      vertex 3.357897120016098 30.30383329304587 3
    endloop
  endfacet
  facet normal 0 0 1
    outer loop
      vertex 6.296153472943544 6.435590015519681 3
      vertex 15.888249865189113 16.62369099296304 3
      vertex 15.680544495656637 16.961589385066535 3
    endloop
  endfacet
  facet normal 0 0 1
    outer loop
      vertex 6.296153472943544 6.435590015519681 3
      vertex 15.680544495656637 16.961589385066535 3
      vertex 15.511271358026711 17.320286260987793 3
    endloop
  endfacet
  facet normal 0 0 1
    outer loop
      vertex 6.296153472943544 6.435590015519681 3
      vertex 15.511271358026711 17.320286260987793 3
      vertex 15.382485198886695 17.695427526556795 3
    endloop
  endfacet
  facet normal 0 0 1
    outer loop
      vertex 7.105820473791226 5.104149356704021 3
      vertex 17.400546471249307 15.378216024041794 3
      vertex 17.046649999999996 15.55730854637602 3
    endloop
  endfacet
  facet normal 0 0 1
    outer loop
      vertex 6.565186013155184 6.147526502954799 3
      vertex 16.71460309040607 15.77424561962048 3
      vertex 16.40843634214733 16.026393921576727 3
    endloop
  endfacet
  facet normal 0 0 1
    outer loop
      vertex 6.792488126536455 5.825512769992438 3
      vertex 17.046649999999996 15.55730854637602 3
      vertex 16.71460309040607 15.77424561962048 3
    endloop
  endfacet
  facet normal 0 0 1
    outer loop
      vertex 7.105820473791226 5.104149356704021 3
      vertex 17.771996680393897 15.239141993233774 3
      vertex 17.400546471249307 15.378216024041794 3
    endloop
  endfacet
  facet normal 0 0 1
    outer loop
      vertex 7.105820473791226 5.104149356704021 3
      vertex 18.15649172507454 15.141774624291296 3
      vertex 17.771996680393897 15.239141993233774 3
    endloop
  endfacet
  facet normal 0 0 1
    outer loop
      vertex 7.105820473791226 5.104149356704021 3
      vertex 18.5493643562996 15.087295825175989 3
      vertex 18.15649172507454 15.141774624291296 3
    endloop
  endfacet
  facet normal 0 0 1
    outer loop
      vertex 7.105820473791226 5.104149356704021 3
      vertex 18.94584563252538 15.076366894710176 3
      vertex 18.5493643562996 15.087295825175989 3
    endloop
  endfacet
  facet normal 0 0 1
    outer loop
      vertex 7.105820473791226 5.104149356704021 3
      vertex 19.341122808146267 15.109120495304989 3
      vertex 18.94584563252538 15.076366894710176 3
    endloop
  endfacet
  facet normal 0 0 1
    outer loop
      vertex 6.296153472943544 6.435590015519681 3
      vertex 16.40843634214733 16.026393921576727 3
      vertex 16.13186620480317 16.310692713428157 3
    endloop
  endfacet
  facet normal 0 0 1
    outer loop
      vertex 6.296153472943544 6.435590015519681 3
      vertex 16.13186620480317 16.310692713428157 3
      vertex 15.888249865189113 16.62369099296304 3
    endloop
  endfacet
  facet normal 0 0 1
    outer loop
      vertex 7.212912087912088 4.324999999999999 3
      vertex 15.45664999940395 7.775000001490117 3
      vertex 37.51127135802671 17.320286260987793 3
    endloop
  endfacet
  facet normal 0 0 1
    outer loop
      vertex 7.105820473791226 5.104149356704021 3
      vertex 19.730397753706875 15.18515904261841 3
      vertex 19.341122808146267 15.109120495304989 3
    endloop
  endfacet
  facet normal 0 0 1
    outer loop
      vertex 7.105820473791226 5.104149356704021 3
      vertex 20.108945198693913 15.303559531690603 3
      vertex 19.730397753706875 15.18515904261841 3
    endloop
  endfacet
  facet normal 0 0 1
    outer loop
      vertex 7.105820473791226 5.104149356704021 3
      vertex 20.4721700899192 15.462884740973783 3
      vertex 20.108945198693913 15.303559531690603 3
    endloop
  endfacet
  facet normal 0 0 1
    outer loop
      vertex 7.105820473791226 5.104149356704021 3
      vertex 20.81566336924073 15.661200678254897 3
      vertex 20.4721700899192 15.462884740973783 3
    endloop
  endfacet
  facet normal 0 0 1
    outer loop
      vertex 7.105820473791226 5.104149356704021 3
      vertex 21.13525549355588 15.896100056701245 3
      vertex 20.81566336924073 15.661200678254897 3
    endloop
  endfacet
  facet normal 0 0 1
    outer loop
      vertex 6.296153472943544 6.435590015519681 3
      vertex 15.382485198886695 17.695427526556795 3
      vertex 15.295749307750196 18.082459474989356 3
    endloop
  endfacet
  facet normal 0 0 1
    outer loop
      vertex 6.296153472943544 6.435590015519681 3
      vertex 15.295749307750196 18.082459474989356 3
      vertex 15.25211654084006 18.476684062718885 3
    endloop
  endfacet
  facet normal 0 0 1
    outer loop
      vertex 6.296153472943544 6.435590015519681 3
      vertex 15.25211654084006 18.476684062718885 3
      vertex 15.25211654084006 18.873315937281117 3
    endloop
  endfacet
  facet normal 0 0 1
    outer loop
      vertex 6.565186013155184 2.5024734970452016 3
      vertex 39.19665000149011 5.175000000000001 3
      vertex 18.856650005364415 5.175000000000001 3
    endloop
  endfacet
  facet normal 0 0 1
    outer loop
      vertex 1.023813928747174 0.5322385311126716 3
      vertex 76.03967261631047 1.7608655450973174 3
      vertex 0.7266438559532133 0.7970754981040962 3
    endloop
  endfacet
  facet normal 0 0 1
    outer loop
      vertex 1.721156115913388 0.1530358746647842 3
      vertex 81.16106146880388 1.0238139286637313 3
      vertex 1.3579284653902022 0.3158681422472007 3
    endloop
  endfacet
  facet normal 0 0 1
    outer loop
      vertex 1.023813928747174 0.5322385311126716 3
      vertex 1.3579284653902022 0.3158681422472007 3
      vertex 81.37743185766935 1.3579284653067596 3
    endloop
  endfacet
  facet normal 0 0 1
    outer loop
      vertex 0.4733836606979338 1.1041714802384384 3
      vertex 0.7266438559532133 0.7970754981040962 3
      vertex 75.39714652705645 2.2144099844803193 3
    endloop
  endfacet
  facet normal 0 0 1
    outer loop
      vertex 0.4733836606979338 1.1041714802384384 3
      vertex 75.12811398684481 2.5024734970452016 3
      vertex 4.5220780904641344 1.4438203017222655 3
    endloop
  endfacet
  facet normal 0 0 1
    outer loop
      vertex 2.1049831167697874 0.047558362782002206 3
      vertex 2.5004128918886153 0.0019079253077514124 3
      vertex 80.58912851967811 0.4733836606144912 3
    endloop
  endfacet
  facet normal 0 0 1
    outer loop
      vertex 2.5004128918886153 0.0019079253077514124 3
      vertex 2.599999997103211 -4.470347647611561e-9 3
      vertex 80.2469715804696 0.2699695482850082 3
    endloop
  endfacet
  facet normal 0 0 1
    outer loop
      vertex 1.721156115913388 0.1530358746647842 3
      vertex 2.1049831167697874 0.047558362782002206 3
      vertex 80.89622450181245 0.7266438558697708 3
    endloop
  endfacet
  facet normal 0 0 1
    outer loop
      vertex 4.5220780904641344 1.4438203017222655 3
      vertex 75.12811398684481 2.5024734970452016 3
      vertex 4.912563079453108 1.4974912280998396 3
    endloop
  endfacet
  facet normal 0 0 1
    outer loop
      vertex 4.912563079453108 1.4974912280998396 3
      vertex 74.90081187346354 2.824487230007561 3
      vertex 5.292102879983908 1.6038332930458665 3
    endloop
  endfacet
  facet normal 0 0 1
    outer loop
      vertex 5.292102879983908 1.6038332930458665 3
      vertex 74.90081187346354 2.824487230007561 3
      vertex 5.653627383689525 1.7608655450973139 3
    endloop
  endfacet
  facet normal 0 0 1
    outer loop
      vertex 5.653627383689525 1.7608655450973139 3
      vertex 74.90081187346354 2.824487230007561 3
      vertex 5.990402073096561 1.9656627705148964 3
    endloop
  endfacet
  facet normal 0 0 1
    outer loop
      vertex 5.990402073096561 1.9656627705148964 3
      vertex 74.90081187346354 2.824487230007561 3
      vertex 6.296153472943544 2.2144099844803193 3
    endloop
  endfacet
  facet normal 0 0 1
    outer loop
      vertex 6.296153472943544 2.2144099844803193 3
      vertex 74.90081187346354 2.824487230007561 3
      vertex 6.565186013155184 2.5024734970452016 3
    endloop
  endfacet
  facet normal 0 0 1
    outer loop
      vertex 6.565186013155184 2.5024734970452016 3
      vertex 40.396649997019765 5.175000000000001 3
      vertex 39.19665000149011 5.175000000000001 3
    endloop
  endfacet
  facet normal 0 0 1
    outer loop
      vertex 6.565186013155184 2.5024734970452016 3
      vertex 41.29665000298023 5.175000000000001 3
      vertex 40.396649997019765 5.175000000000001 3
    endloop
  endfacet
  facet normal 0 0 1
    outer loop
      vertex 6.565186013155184 2.5024734970452016 3
      vertex 42.49664999850988 5.175000000000001 3
      vertex 41.29665000298023 5.175000000000001 3
    endloop
  endfacet
  facet normal 0 0 1
    outer loop
      vertex 18.856650005364415 5.175000000000001 3
      vertex 39.19665000149011 5.175000000000001 3
      vertex 22.236650000596043 6.574999998509885 3
    endloop
  endfacet
  facet normal 0 0 1
    outer loop
      vertex 22.236650000596043 6.574999998509885 3
      vertex 39.19665000149011 9.175 3
      vertex 22.236650000596043 7.775000001490117 3
    endloop
  endfacet
  facet normal 0 0 1
    outer loop
      vertex 6.565186013155184 2.5024734970452016 3
      vertex 62.856650005364415 5.175000000000001 3
      vertex 42.49664999850988 5.175000000000001 3
    endloop
  endfacet
  facet normal 0 0 1
    outer loop
      vertex 39.19665000149011 9.175 3
      vertex 22.236650000596043 6.574999998509885 3
      vertex 39.19665000149011 5.175000000000001 3
    endloop
  endfacet
  facet normal 0 0 1
    outer loop
      vertex 40.396649997019765 5.175000000000001 3
      vertex 41.29665000298023 9.175 3
      vertex 40.396649997019765 9.175 3
    endloop
  endfacet
  facet normal 0 0 1
    outer loop
      vertex 37.51127135802671 17.320286260987793 3
      vertex 15.45664999940395 7.775000001490117 3
      vertex 18.856650005364415 9.175 3
    endloop
  endfacet
  facet normal 0 0 1
    outer loop
      vertex 7.105820473791226 5.104149356704021 3
      vertex 37.3824851988867 17.695427526556795 3
      vertex 21.13525549355588 15.896100056701245 3
    endloop
  endfacet
  facet normal 0 0 1
    outer loop
      vertex 39.40054647124931 15.378216024041794 3
      vertex 19.756649996423718 7.775000001490117 3
      vertex 22.236650000596043 7.775000001490117 3
    endloop
  endfacet
  facet normal 0 0 1
    outer loop
      vertex 39.40054647124931 15.378216024041794 3
      vertex 18.856650005364415 9.175 3
      vertex 19.756649996423718 7.775000001490117 3
    endloop
  endfacet
  facet normal 0 0 1
    outer loop
      vertex 7.186013918882942 4.718237311895534 3
      vertex 37.51127135802671 17.320286260987793 3
      vertex 37.3824851988867 17.695427526556795 3
    endloop
  endfacet
  facet normal 0 0 1
    outer loop
      vertex 21.13525549355588 15.896100056701245 3
      vertex 37.3824851988867 17.695427526556795 3
      vertex 21.42706704740642 16.164731516061618 3
    endloop
  endfacet
  facet normal 0 0 1
    outer loop
      vertex 21.42706704740642 16.164731516061618 3
      vertex 37.3824851988867 17.695427526556795 3
      vertex 21.687555833827012 16.463834234317197 3
    endloop
  endfacet
  facet normal 0 0 1
    outer loop
      vertex 21.687555833827012 16.463834234317197 3
      vertex 37.3824851988867 17.695427526556795 3
      vertex 21.913559871817974 16.789777509643642 3
    endloop
  endfacet
  facet normal 0 0 1
    outer loop
      vertex 21.913559871817974 16.789777509643642 3
      vertex 37.3824851988867 17.695427526556795 3
      vertex 22.102335778511275 17.13860483221295 3
    endloop
  endfacet
  facet normal 0 0 1
    outer loop
      vertex 22.102335778511275 17.13860483221295 3
      vertex 37.3824851988867 17.695427526556795 3
      vertex 22.251592070122282 17.506081910863138 3
    endloop
  endfacet
  facet normal 0 0 1
    outer loop
      vertex 22.251592070122282 17.506081910863138 3
      vertex 37.3824851988867 17.695427526556795 3
      vertex 22.359516977458764 17.887748071657047 3
    endloop
  endfacet
  facet normal 0 0 1
    outer loop
      vertex 22.359516977458764 17.887748071657047 3
      vertex 37.2957493077502 18.082459474989356 3
      vertex 22.424800438344615 18.278970404421315 3
    endloop
  endfacet
  facet normal 0 0 1
    outer loop
      vertex 22.424800438344615 18.278970404421315 3
      vertex 37.252116540840056 18.476684062718885 3
      vertex 22.446649999999998 18.675 3
    endloop
  endfacet
  facet normal 0 0 1
    outer loop
      vertex 40.15649172507454 15.141774624291296 3
      vertex 22.236650000596043 7.775000001490117 3
      vertex 39.19665000149011 9.175 3
    endloop
  endfacet
  facet normal 0 0 1
    outer loop
      vertex 38.13186620480317 16.310692713428157 3
      vertex 18.856650005364415 9.175 3
      vertex 38.408436342147326 16.026393921576727 3
    endloop
  endfacet
  facet normal 0 0 1
    outer loop
      vertex 39.40054647124931 15.378216024041794 3
      vertex 39.04665 15.55730854637602 3
      vertex 18.856650005364415 9.175 3
    endloop
  endfacet
  facet normal 0 0 1
    outer loop
      vertex 39.04665 15.55730854637602 3
      vertex 38.714603090406065 15.77424561962048 3
      vertex 18.856650005364415 9.175 3
    endloop
  endfacet
  facet normal 0 0 1
    outer loop
      vertex 38.408436342147326 16.026393921576727 3
      vertex 18.856650005364415 9.175 3
      vertex 38.714603090406065 15.77424561962048 3
    endloop
  endfacet
  facet normal 0 0 1
    outer loop
      vertex 39.40054647124931 15.378216024041794 3
      vertex 22.236650000596043 7.775000001490117 3
      vertex 39.7719966803939 15.239141993233774 3
    endloop
  endfacet
  facet normal 0 0 1
    outer loop
      vertex 40.15649172507454 15.141774624291296 3
      vertex 39.7719966803939 15.239141993233774 3
      vertex 22.236650000596043 7.775000001490117 3
    endloop
  endfacet
  facet normal 0 0 1
    outer loop
      vertex 40.15649172507454 15.141774624291296 3
      vertex 39.19665000149011 9.175 3
      vertex 40.396649997019765 9.175 3
    endloop
  endfacet
  facet normal 0 0 1
    outer loop
      vertex 40.15649172507454 15.141774624291296 3
      vertex 40.396649997019765 9.175 3
      vertex 41.29665000298023 9.175 3
    endloop
  endfacet
  facet normal 0 0 1
    outer loop
      vertex 37.88824986518912 16.62369099296304 3
      vertex 37.68054449565663 16.961589385066535 3
      vertex 18.856650005364415 9.175 3
    endloop
  endfacet
  facet normal 0 0 1
    outer loop
      vertex 38.13186620480317 16.310692713428157 3
      vertex 37.88824986518912 16.62369099296304 3
      vertex 18.856650005364415 9.175 3
    endloop
  endfacet
  facet normal 0 0 1
    outer loop
      vertex 37.51127135802671 17.320286260987793 3
      vertex 18.856650005364415 9.175 3
      vertex 37.68054449565663 16.961589385066535 3
    endloop
  endfacet
  facet normal 0 0 1
    outer loop
      vertex 22.359516977458764 17.887748071657047 3
      vertex 37.3824851988867 17.695427526556795 3
      vertex 37.2957493077502 18.082459474989356 3
    endloop
  endfacet
  facet normal 0 0 1
    outer loop
      vertex 22.424800438344615 18.278970404421315 3
      vertex 37.2957493077502 18.082459474989356 3
      vertex 37.252116540840056 18.476684062718885 3
    endloop
  endfacet
  facet normal 0 0 -1
    outer loop
      vertex 3.0182081145383677 5.562859025936161 0
      vertex -4.386905061437574e-9 34.75000000298023 0
      vertex 13.600410287214256 18.87366775276777 0
    endloop
  endfacet
  facet normal 0 0 -1
    outer loop
      vertex 13.600410287214256 18.87366775276777 0
      vertex -4.386905061437574e-9 34.75000000298023 0
      vertex 13.630460273193275 19.26986530740667 0
    endloop
  endfacet
  facet normal 0 0 -1
    outer loop
      vertex 13.630460273193275 19.26986530740667 0
      vertex -4.386905061437574e-9 34.75000000298023 0
      vertex 13.690388121552935 19.66265552743533 0
    endloop
  endfacet
  facet normal 0 0 -1
    outer loop
      vertex 13.690388121552935 19.66265552743533 0
      vertex -4.386905061437574e-9 34.75000000298023 0
      vertex 13.779850571004847 20.049788546044237 0
    endloop
  endfacet
  facet normal 0 0 -1
    outer loop
      vertex 13.779850571004847 20.049788546044237 0
      vertex -4.386905061437574e-9 34.75000000298023 0
      vertex 13.898335188740216 20.429046900361296 0
    endloop
  endfacet
  facet normal 0 0 -1
    outer loop
      vertex 13.898335188740216 20.429046900361296 0
      vertex -4.386905061437574e-9 34.75000000298023 0
      vertex 14.045163305598535 20.798258232878354 0
    endloop
  endfacet
  facet normal 0 0 -1
    outer loop
      vertex 14.045163305598535 20.798258232878354 0
      vertex 3.3148632823477158 31.535159803317597 0
      vertex 3.6587513203881556 31.35284190432978 0
    endloop
  endfacet
  facet normal 0 0 -1
    outer loop
      vertex 14.045163305598535 20.798258232878354 0
      vertex 3.6587513203881556 31.35284190432978 0
      vertex 4.033792406205023 31.248712259425254 0
    endloop
  endfacet
  facet normal 0 0 -1
    outer loop
      vertex 14.045163305598535 20.798258232878354 0
      vertex 4.033792406205023 31.248712259425254 0
      vertex 4.422450035453757 31.227639855067977 0
    endloop
  endfacet
  facet normal 0 0 -1
    outer loop
      vertex 14.045163305598535 20.798258232878354 0
      vertex 4.422450035453757 31.227639855067977 0
      vertex 4.806551009352603 31.2906100134654 0
    endloop
  endfacet
  facet normal 0 0 -1
    outer loop
      vertex 14.21949390342309 21.155307734518274 0
      vertex 4.806551009352603 31.2906100134654 0
      vertex 5.168135193259623 31.43467831999716 0
    endloop
  endfacet
  facet normal 0 0 -1
    outer loop
      vertex 14.045163305598535 20.798258232878354 0
      vertex 4.806551009352603 31.2906100134654 0
      vertex 14.21949390342309 21.155307734518274 0
    endloop
  endfacet
  facet normal 0 0 -1
    outer loop
      vertex 14.21949390342309 21.155307734518274 0
      vertex 5.168135193259623 31.43467831999716 0
      vertex 14.420328432336802 21.498150258069813 0
    endloop
  endfacet
  facet normal 0 0 -1
    outer loop
      vertex 14.420328432336802 21.498150258069813 0
      vertex 5.168135193259623 31.43467831999716 0
      vertex 14.64651653034549 21.824822032605653 0
    endloop
  endfacet
  facet normal 0 0 -1
    outer loop
      vertex 14.64651653034549 21.824822032605653 0
      vertex 5.168135193259623 31.43467831999716 0
      vertex 14.896762612507196 22.13345191178442 0
    endloop
  endfacet
  facet normal 0 0 -1
    outer loop
      vertex 14.896762612507196 22.13345191178442 0
      vertex 5.168135193259623 31.43467831999716 0
      vertex 15.169633291925404 22.42227209160748 0
    endloop
  endfacet
  facet normal 0 0 -1
    outer loop
      vertex 15.169633291925404 22.42227209160748 0
      vertex 5.168135193259623 31.43467831999716 0
      vertex 15.463565590059392 22.689628236240168 0
    endloop
  endfacet
  facet normal 0 0 -1
    outer loop
      vertex 15.463565590059392 22.689628236240168 0
      vertex 5.168135193259623 31.43467831999716 0
      vertex 15.776875889323748 22.93398895389761 0
    endloop
  endfacet
  facet normal 0 0 -1
    outer loop
      vertex 15.776875889323748 22.93398895389761 0
      vertex 5.168135193259623 31.43467831999716 0
      vertex 16.107769576697454 23.153954568518202 0
    endloop
  endfacet
  facet normal 0 0 -1
    outer loop
      vertex 16.107769576697454 23.153954568518202 0
      vertex 5.168135193259623 31.43467831999716 0
      vertex 16.454351323104728 23.348265136981333 0
    endloop
  endfacet
  facet normal 0 0 -1
    outer loop
      vertex 16.454351323104728 23.348265136981333 0
      vertex 5.168135193259623 31.43467831999716 0
      vertex 16.81463593968836 23.51580766594747 0
    endloop
  endfacet
  facet normal 0 0 -1
    outer loop
      vertex 16.81463593968836 23.51580766594747 0
      vertex 5.168135193259623 31.43467831999716 0
      vertex 17.186559748791673 23.655622486983237 0
    endloop
  endfacet
  facet normal 0 0 -1
    outer loop
      vertex 17.186559748791673 23.655622486983237 0
      vertex 5.168135193259623 31.43467831999716 0
      vertex 17.567992404517287 23.76690875345527 0
    endloop
  endfacet
  facet normal 0 0 -1
    outer loop
      vertex 17.567992404517287 23.76690875345527 0
      vertex 5.168135193259623 31.43467831999716 0
      vertex 17.956749095155487 23.84902902770722 0
    endloop
  endfacet
  facet normal 0 0 -1
    outer loop
      vertex 17.956749095155487 23.84902902770722 0
      vertex 5.168135193259623 31.43467831999716 0
      vertex 18.350603057587833 23.901512932244934 0
    endloop
  endfacet
  facet normal 0 0 -1
    outer loop
      vertex 18.350603057587833 23.901512932244934 0
      vertex 5.168135193259623 31.43467831999716 0
      vertex 18.74729833198465 23.924059844016124 0
    endloop
  endfacet
  facet normal 0 0 -1
    outer loop
      vertex 18.74729833198465 23.924059844016124 0
      vertex 5.168135193259623 31.43467831999716 0
      vertex 19.144562683738634 23.916540616351995 0
    endloop
  endfacet
  facet normal 0 0 -1
    outer loop
      vertex 19.144562683738634 23.916540616351995 0
      vertex 5.168135193259623 31.43467831999716 0
      vertex 19.540120618618936 23.878998318707673 0
    endloop
  endfacet
  facet normal 0 0 -1
    outer loop
      vertex 19.540120618618936 23.878998318707673 0
      vertex 5.168135193259623 31.43467831999716 0
      vertex 19.931706416596 23.811647989964257 0
    endloop
  endfacet
  facet normal 0 0 -1
    outer loop
      vertex 19.931706416596 23.811647989964257 0
      vertex 5.168135193259623 31.43467831999716 0
      vertex 20.31707710968076 23.714875406705595 0
    endloop
  endfacet
  facet normal 0 0 -1
    outer loop
      vertex 20.31707710968076 23.714875406705595 0
      vertex 5.168135193259623 31.43467831999716 0
      vertex 20.69402532944212 23.589234873524934 0
    endloop
  endfacet
  facet normal -1 0 0
    outer loop
      vertex -4.386905061437574e-9 2.5999999970197685 0
      vertex -4.386905061437574e-9 34.75000000298023 3
      vertex -4.386905061437574e-9 34.75000000298023 0
    endloop
  endfacet
  facet normal 0 0 -1
    outer loop
      vertex 14.045163305598535 20.798258232878354 0
      vertex -4.386905061437574e-9 34.75000000298023 0
      vertex 3.0182081145383677 31.78714097406384 0
    endloop
  endfacet
  facet normal 0 0 -1
    outer loop
      vertex 14.045163305598535 20.798258232878354 0
      vertex 3.0182081145383677 31.78714097406384 0
      vertex 3.3148632823477158 31.535159803317597 0
    endloop
  endfacet
  facet normal 0 0 -1
    outer loop
      vertex 2.7826570828983392 32.097003057081366 0
      vertex -4.386905061437574e-9 34.75000000298023 0
      vertex 2.6192242918709567 32.45025724575524 0
    endloop
  endfacet
  facet normal 0 0 -1
    outer loop
      vertex 3.0182081145383677 31.78714097406384 0
      vertex -4.386905061437574e-9 34.75000000298023 0
      vertex 2.7826570828983392 32.097003057081366 0
    endloop
  endfacet
  facet normal 0 0 -1
    outer loop
      vertex 2.6192242918709567 32.45025724575524 0
      vertex -4.386905061437574e-9 34.75000000298023 0
      vertex 2.5355516771221573 32.830385766836905 0
    endloop
  endfacet
  facet normal 0 0 -1
    outer loop
      vertex 2.5355516771221573 32.830385766836905 0
      vertex -4.386905061437574e-9 34.75000000298023 0
      vertex 2.5355516771221573 33.2196142331631 0
    endloop
  endfacet
  facet normal 0 0 -1
    outer loop
      vertex 2.5355516771221573 33.2196142331631 0
      vertex -4.386905061437574e-9 34.75000000298023 0
      vertex 2.6192242918709567 33.599742754244765 0
    endloop
  endfacet
  facet normal 0 0 -1
    outer loop
      vertex -4.386905061437574e-9 34.75000000298023 0
      vertex 2.7826570828983392 33.952996942918645 0
      vertex 2.6192242918709567 33.599742754244765 0
    endloop
  endfacet
  facet normal 0 0 -1
    outer loop
      vertex -4.386905061437574e-9 34.75000000298023 0
      vertex 3.0182081145383677 34.262859025936166 0
      vertex 2.7826570828983392 33.952996942918645 0
    endloop
  endfacet
  facet normal 0 0 -1
    outer loop
      vertex -4.386905061437574e-9 34.75000000298023 0
      vertex 0.0019079253911939986 34.849587108194825 0
      vertex 4.033792406205023 34.80128774057475 0
    endloop
  endfacet
  facet normal 0 0 -1
    outer loop
      vertex -4.386905061437574e-9 34.75000000298023 0
      vertex 3.3148632823477158 34.51484019668241 0
      vertex 3.0182081145383677 34.262859025936166 0
    endloop
  endfacet
  facet normal 0 0 -1
    outer loop
      vertex -4.386905061437574e-9 34.75000000298023 0
      vertex 3.6587513203881556 34.697158095670225 0
      vertex 3.3148632823477158 34.51484019668241 0
    endloop
  endfacet
  facet normal 0 0 -1
    outer loop
      vertex -4.386905061437574e-9 34.75000000298023 0
      vertex 4.033792406205023 34.80128774057475 0
      vertex 3.6587513203881556 34.697158095670225 0
    endloop
  endfacet
  facet normal 0 0 -1
    outer loop
      vertex 0.0019079253911939986 34.849587108194825 0
      vertex 4.422450035453757 34.82236014493202 0
      vertex 4.033792406205023 34.80128774057475 0
    endloop
  endfacet
  facet normal 0 0 -1
    outer loop
      vertex 1.8155264438033072 37.228830623626706 0
      vertex 2.2031118602395026 37.319529104232785 0
      vertex 2.599999997103211 37.350000004470346 0
    endloop
  endfacet
  facet normal -0.9998165283249307 0.01915488679901077 0
    outer loop
      vertex -4.386905061437574e-9 34.75000000298023 0
      vertex 0.0019079253911939986 34.849587108194825 3
      vertex 0.0019079253911939986 34.849587108194825 0
    endloop
  endfacet
  facet normal -0.9934020900851751 0.11468342257887829 0
    outer loop
      vertex 0.0019079253911939986 34.849587108194825 0
      vertex 0.04755836286544479 35.24501688331365 3
      vertex 0.04755836286544479 35.24501688331365 0
    endloop
  endfacet
  facet normal -0.9642534926212311 0.26498151250182994 0
    outer loop
      vertex 0.04755836286544479 35.24501688331365 0
      vertex 0.15303587474822677 35.62884388417005 3
      vertex 0.15303587474822677 35.62884388417005 0
    endloop
  endfacet
  facet normal -0.9125036236028311 0.40906862127484517 0
    outer loop
      vertex 0.15303587474822677 35.62884388417005 0
      vertex 0.3158681423306433 35.99207153469324 3
      vertex 0.3158681423306433 35.99207153469324 0
    endloop
  endfacet
  facet normal -0.8393654212848336 0.543567557486035 0
    outer loop
      vertex 0.3158681423306433 35.99207153469324 0
      vertex 0.5322385311961142 36.32618607133627 3
      vertex 0.5322385311961142 36.32618607133627 0
    endloop
  endfacet
  facet normal -0.7465532146596287 0.6653257079666879 0
    outer loop
      vertex 0.5322385311961142 36.32618607133627 0
      vertex 0.7970754981875388 36.62335614413023 3
      vertex 0.7970754981875388 36.62335614413023 0
    endloop
  endfacet
  facet normal -0.6362424473990902 0.7714891756386579 0
    outer loop
      vertex 0.7970754981875388 36.62335614413023 0
      vertex 1.104171480321881 36.87661633938551 3
      vertex 1.104171480321881 36.87661633938551 0
    endloop
  endfacet
  facet normal -0.5110186823681713 0.8595696052506151 0
    outer loop
      vertex 1.104171480321881 36.87661633938551 0
      vertex 1.4463284195303885 37.08003045171499 3
      vertex 1.4463284195303885 37.08003045171499 0
    endloop
  endfacet
  facet normal -0.37381707139672676 0.9275024512810598 0
    outer loop
      vertex 1.4463284195303885 37.08003045171499 0
      vertex 1.8155264438033072 37.228830623626706 3
      vertex 1.8155264438033072 37.228830623626706 0
    endloop
  endfacet
  facet normal -0.22785350495053003 0.9736954248027249 0
    outer loop
      vertex 1.8155264438033072 37.228830623626706 0
      vertex 2.2031118602395026 37.319529104232785 3
      vertex 2.2031118602395026 37.319529104232785 0
    endloop
  endfacet
  facet normal -0.07654925840115992 0.997065800756516 0
    outer loop
      vertex 2.2031118602395026 37.319529104232785 0
      vertex 2.599999997103211 37.350000004470346 3
      vertex 2.599999997103211 37.350000004470346 0
    endloop
  endfacet
  facet normal 0 0 -1
    outer loop
      vertex 24.096649999999997 18.675 0
      vertex 24.08161423771817 19.0720509158934 0
      vertex 35.60041028721426 18.87366775276777 0
    endloop
  endfacet
  facet normal 0 0 -1
    outer loop
      vertex 24.08161423771817 19.0720509158934 0
      vertex 24.036593074357413 19.46682756009721 0
      vertex 35.63046027319328 19.26986530740667 0
    endloop
  endfacet
  facet normal 0 0 -1
    outer loop
      vertex 24.036593074357413 19.46682756009721 0
      vertex 23.961844387064367 19.857068687744146 0
      vertex 35.690388121552935 19.66265552743533 0
    endloop
  endfacet
  facet normal 0 0 -1
    outer loop
      vertex 23.961844387064367 19.857068687744146 0
      vertex 23.857796329550663 20.240539032994995 0
      vertex 35.77985057100484 20.049788546044237 0
    endloop
  endfacet
  facet normal 0 0 -1
    outer loop
      vertex 23.857796329550663 20.240539032994995 0
      vertex 23.725044879667216 20.615042112438974 0
      vertex 35.89833518874022 20.429046900361296 0
    endloop
  endfacet
  facet normal 0 0 -1
    outer loop
      vertex 23.56435042569708 20.97843280635177 0
      vertex 36.045163305598535 20.798258232878354 0
      vertex 23.725044879667216 20.615042112438974 0
    endloop
  endfacet
  facet normal 0 0 -1
    outer loop
      vertex 23.56435042569708 20.97843280635177 0
      vertex 23.376633410920217 21.32862964574705 0
      vertex 36.21949390342309 21.155307734518274 0
    endloop
  endfacet
  facet normal 0 0 -1
    outer loop
      vertex 23.376633410920217 21.32862964574705 0
      vertex 23.16296906139775 21.663626734842346 0
      vertex 36.4203284323368 21.498150258069813 0
    endloop
  endfacet
  facet normal 0 0 -1
    outer loop
      vertex 22.924581227174446 21.981505240648424 0
      vertex 36.646516530345494 21.824822032605653 0
      vertex 23.16296906139775 21.663626734842346 0
    endloop
  endfacet
  facet normal 0 0 -1
    outer loop
      vertex 22.924581227174446 21.981505240648424 0
      vertex 22.662835372176502 22.280444383870883 0
      vertex 36.896762612507196 22.13345191178442 0
    endloop
  endfacet
  facet normal 0 0 -1
    outer loop
      vertex 22.662835372176502 22.280444383870883 0
      vertex 22.37923075295782 22.558731868169062 0
      vertex 37.16963329192541 22.42227209160748 0
    endloop
  endfacet
  facet normal 0 0 -1
    outer loop
      vertex 22.37923075295782 22.558731868169062 0
      vertex 22.075391831094255 22.81477368803442 0
      vertex 37.463565590059396 22.689628236240168 0
    endloop
  endfacet
  facet normal 0 0 -1
    outer loop
      vertex 21.75305896841479 23.047103259109747 0
      vertex 37.77687588932375 22.93398895389761 0
      vertex 22.075391831094255 22.81477368803442 0
    endloop
  endfacet
  facet normal 0 0 -1
    outer loop
      vertex 21.41407845836662 23.254389818651518 0
      vertex 38.10776957669745 23.153954568518202 0
      vertex 21.75305896841479 23.047103259109747 0
    endloop
  endfacet
  facet normal 0 0 -1
    outer loop
      vertex 5.168135193259623 31.43467831999716 0
      vertex 39.18655974879167 23.655622486983237 0
      vertex 20.69402532944212 23.589234873524934 0
    endloop
  endfacet
  facet normal 0 0 -1
    outer loop
      vertex 21.41407845836662 23.254389818651518 0
      vertex 21.060391950613464 23.43544604801841 0
      vertex 38.45435132310473 23.348265136981333 0
    endloop
  endfacet
  facet normal 0 0 -1
    outer loop
      vertex 20.69402532944212 23.589234873524934 0
      vertex 38.81463593968836 23.51580766594747 0
      vertex 21.060391950613464 23.43544604801841 0
    endloop
  endfacet
  facet normal 0 0 -1
    outer loop
      vertex 5.168135193259623 31.43467831999716 0
      vertex 39.56799240451729 23.76690875345527 0
      vertex 39.18655974879167 23.655622486983237 0
    endloop
  endfacet
  facet normal 0 0 -1
    outer loop
      vertex 5.168135193259623 31.43467831999716 0
      vertex 39.95674909515549 23.84902902770722 0
      vertex 39.56799240451729 23.76690875345527 0
    endloop
  endfacet
  facet normal 0 0 -1
    outer loop
      vertex 5.168135193259623 31.43467831999716 0
      vertex 40.35060305758783 23.901512932244934 0
      vertex 39.95674909515549 23.84902902770722 0
    endloop
  endfacet
  facet normal 0 0 -1
    outer loop
      vertex 5.168135193259623 31.43467831999716 0
      vertex 40.747298331984645 23.924059844016124 0
      vertex 40.35060305758783 23.901512932244934 0
    endloop
  endfacet
  facet normal 0 0 -1
    outer loop
      vertex 5.168135193259623 31.43467831999716 0
      vertex 41.144562683738634 23.916540616351995 0
      vertex 40.747298331984645 23.924059844016124 0
    endloop
  endfacet
  facet normal 0 0 -1
    outer loop
      vertex 35.60041028721426 18.476332247232232 0
      vertex 24.096649999999997 18.675 0
      vertex 35.60041028721426 18.87366775276777 0
    endloop
  endfacet
  facet normal 0 0 -1
    outer loop
      vertex 24.08161423771817 19.0720509158934 0
      vertex 35.63046027319328 19.26986530740667 0
      vertex 35.60041028721426 18.87366775276777 0
    endloop
  endfacet
  facet normal 0 0 -1
    outer loop
      vertex 24.036593074357413 19.46682756009721 0
      vertex 35.690388121552935 19.66265552743533 0
      vertex 35.63046027319328 19.26986530740667 0
    endloop
  endfacet
  facet normal 0 0 -1
    outer loop
      vertex 23.961844387064367 19.857068687744146 0
      vertex 35.77985057100484 20.049788546044237 0
      vertex 35.690388121552935 19.66265552743533 0
    endloop
  endfacet
  facet normal 0 0 -1
    outer loop
      vertex 23.857796329550663 20.240539032994995 0
      vertex 35.89833518874022 20.429046900361296 0
      vertex 35.77985057100484 20.049788546044237 0
    endloop
  endfacet
  facet normal 0 0 -1
    outer loop
      vertex 23.725044879667216 20.615042112438974 0
      vertex 36.045163305598535 20.798258232878354 0
      vertex 35.89833518874022 20.429046900361296 0
    endloop
  endfacet
  facet normal 0 0 -1
    outer loop
      vertex 23.56435042569708 20.97843280635177 0
      vertex 36.21949390342309 21.155307734518274 0
      vertex 36.045163305598535 20.798258232878354 0
    endloop
  endfacet
  facet normal 0 0 -1
    outer loop
      vertex 23.376633410920217 21.32862964574705 0
      vertex 36.4203284323368 21.498150258069813 0
      vertex 36.21949390342309 21.155307734518274 0
    endloop
  endfacet
  facet normal 0 0 -1
    outer loop
      vertex 23.16296906139775 21.663626734842346 0
      vertex 36.646516530345494 21.824822032605653 0
      vertex 36.4203284323368 21.498150258069813 0
    endloop
  endfacet
  facet normal 0 0 -1
    outer loop
      vertex 22.924581227174446 21.981505240648424 0
      vertex 36.896762612507196 22.13345191178442 0
      vertex 36.646516530345494 21.824822032605653 0
    endloop
  endfacet
  facet normal 0 0 -1
    outer loop
      vertex 22.662835372176502 22.280444383870883 0
      vertex 37.16963329192541 22.42227209160748 0
      vertex 36.896762612507196 22.13345191178442 0
    endloop
  endfacet
  facet normal 0 0 -1
    outer loop
      vertex 22.37923075295782 22.558731868169062 0
      vertex 37.463565590059396 22.689628236240168 0
      vertex 37.16963329192541 22.42227209160748 0
    endloop
  endfacet
  facet normal 0 0 -1
    outer loop
      vertex 22.075391831094255 22.81477368803442 0
      vertex 37.77687588932375 22.93398895389761 0
      vertex 37.463565590059396 22.689628236240168 0
    endloop
  endfacet
  facet normal 0 0 -1
    outer loop
      vertex 21.75305896841479 23.047103259109747 0
      vertex 38.10776957669745 23.153954568518202 0
      vertex 37.77687588932375 22.93398895389761 0
    endloop
  endfacet
  facet normal 0 0 -1
    outer loop
      vertex 21.41407845836662 23.254389818651518 0
      vertex 38.45435132310473 23.348265136981333 0
      vertex 38.10776957669745 23.153954568518202 0
    endloop
  endfacet
  facet normal 0 0 -1
    outer loop
      vertex 21.060391950613464 23.43544604801841 0
      vertex 38.81463593968836 23.51580766594747 0
      vertex 38.45435132310473 23.348265136981333 0
    endloop
  endfacet
  facet normal 0 0 -1
    outer loop
      vertex 20.69402532944212 23.589234873524934 0
      vertex 39.18655974879167 23.655622486983237 0
      vertex 38.81463593968836 23.51580766594747 0
    endloop
  endfacet
  facet normal 0 0 -1
    outer loop
      vertex 4.806551009352603 34.7593899865346 0
      vertex 81.57213062354326 35.53447355628013 0
      vertex 5.168135193259623 34.61532168000284 0
    endloop
  endfacet
  facet normal 0 0 -1
    outer loop
      vertex 0.0019079253911939986 34.849587108194825 0
      vertex 0.04755836286544479 35.24501688331365 0
      vertex 81.21991633930206 36.24582851976156 0
    endloop
  endfacet
  facet normal 0 0 -1
    outer loop
      vertex 0.04755836286544479 35.24501688331365 0
      vertex 0.15303587474822677 35.62884388417005 0
      vertex 80.96665614404678 36.5529245018959 0
    endloop
  endfacet
  facet normal 0 0 -1
    outer loop
      vertex 0.15303587474822677 35.62884388417005 0
      vertex 0.3158681423306433 35.99207153469324 0
      vertex 80.66948607125282 36.817761468887326 0
    endloop
  endfacet
  facet normal 0 0 -1
    outer loop
      vertex 0.3158681423306433 35.99207153469324 0
      vertex 0.5322385311961142 36.32618607133627 0
      vertex 80.33537153460979 37.0341318577528 0
    endloop
  endfacet
  facet normal 0 0 -1
    outer loop
      vertex 0.5322385311961142 36.32618607133627 0
      vertex 0.7970754981875388 36.62335614413023 0
      vertex 79.9721438840866 37.196964125335214 0
    endloop
  endfacet
  facet normal 0 0 -1
    outer loop
      vertex 0.7970754981875388 36.62335614413023 0
      vertex 1.104171480321881 36.87661633938551 0
      vertex 79.5883168832302 37.302441637217996 0
    endloop
  endfacet
  facet normal 0 0 -1
    outer loop
      vertex 1.104171480321881 36.87661633938551 0
      vertex 1.4463284195303885 37.08003045171499 0
      vertex 79.19288710811138 37.34809207469225 0
    endloop
  endfacet
  facet normal 0 0 -1
    outer loop
      vertex 1.4463284195303885 37.08003045171499 0
      vertex 1.8155264438033072 37.228830623626706 0
      vertex 79.09330000289678 37.350000004470346 0
    endloop
  endfacet
  facet normal 0 0 -1
    outer loop
      vertex 1.8155264438033072 37.228830623626706 0
      vertex 2.599999997103211 37.350000004470346 0
      vertex 79.09330000289678 37.350000004470346 0
    endloop
  endfacet
  facet normal 0 0 -1
    outer loop
      vertex 0.0019079253911939986 34.849587108194825 0
      vertex 81.42333045163154 35.90367158055305 0
      vertex 4.422450035453757 34.82236014493202 0
    endloop
  endfacet
  facet normal 0 0 -1
    outer loop
      vertex 4.422450035453757 34.82236014493202 0
      vertex 81.57213062354326 35.53447355628013 0
      vertex 4.806551009352603 34.7593899865346 0
    endloop
  endfacet
  facet normal 0 0 -1
    outer loop
      vertex 5.168135193259623 31.43467831999716 0
      vertex 5.490295312607294 31.653108300770256 0
      vertex 81.57213062354326 35.53447355628013 0
    endloop
  endfacet
  facet normal 0 0 -1
    outer loop
      vertex 5.490295312607294 31.653108300770256 0
      vertex 5.7579675182701635 31.935686412651226 0
      vertex 81.57213062354326 35.53447355628013 0
    endloop
  endfacet
  facet normal 0 0 -1
    outer loop
      vertex 5.7579675182701635 31.935686412651226 0
      vertex 5.958635755407727 32.269199617191525 0
      vertex 81.57213062354326 35.53447355628013 0
    endloop
  endfacet
  facet normal 0 0 -1
    outer loop
      vertex 5.958635755407727 32.269199617191525 0
      vertex 6.082917000278158 32.63805320762016 0
      vertex 81.57213062354326 35.53447355628013 0
    endloop
  endfacet
  facet normal 0 0 -1
    outer loop
      vertex 6.082917000278158 32.63805320762016 0
      vertex 6.125 33.025000000000006 0
      vertex 81.57213062354326 35.53447355628013 0
    endloop
  endfacet
  facet normal 0 0 -1
    outer loop
      vertex 6.125 33.025000000000006 0
      vertex 6.082917000278158 33.411946792379844 0
      vertex 81.57213062354326 35.53447355628013 0
    endloop
  endfacet
  facet normal 0 0 -1
    outer loop
      vertex 6.082917000278158 33.411946792379844 0
      vertex 5.958635755407727 33.78080038280848 0
      vertex 81.57213062354326 35.53447355628013 0
    endloop
  endfacet
  facet normal 0 0 -1
    outer loop
      vertex 5.490295312607294 34.39689169922975 0
      vertex 81.57213062354326 35.53447355628013 0
      vertex 5.7579675182701635 34.114313587348775 0
    endloop
  endfacet
  facet normal 0 0 -1
    outer loop
      vertex 5.958635755407727 33.78080038280848 0
      vertex 5.7579675182701635 34.114313587348775 0
      vertex 81.57213062354326 35.53447355628013 0
    endloop
  endfacet
  facet normal 0 0 -1
    outer loop
      vertex 5.490295312607294 34.39689169922975 0
      vertex 5.168135193259623 34.61532168000284 0
      vertex 81.57213062354326 35.53447355628013 0
    endloop
  endfacet
  facet normal 0 0 1
    outer loop
      vertex 6.296153472943544 6.435590015519681 3
      vertex 2.6595979269034444 30.6656627705149 3
      vertex 2.3538465270564615 30.914409984480322 3
    endloop
  endfacet
  facet normal 0 0 1
    outer loop
      vertex 6.296153472943544 6.435590015519681 3
      vertex 2.3538465270564615 30.914409984480322 3
      vertex 2.0848139868448214 31.202473497045204 3
    endloop
  endfacet
  facet normal 0 0 1
    outer loop
      vertex 6.296153472943544 6.435590015519681 3
      vertex 2.0848139868448214 31.202473497045204 3
      vertex 1.857511873463551 31.524487230007566 3
    endloop
  endfacet
  facet normal 0 0 1
    outer loop
      vertex 6.296153472943544 6.435590015519681 3
      vertex 1.857511873463551 31.524487230007566 3
      vertex 1.6761743952128256 31.87445267679569 3
    endloop
  endfacet
  facet normal 0 0 1
    outer loop
      vertex 6.296153472943544 6.435590015519681 3
      vertex 3.357897120016098 30.30383329304587 3
      vertex 2.996372616310474 30.46086554509732 3
    endloop
  endfacet
  facet normal 0 0 1
    outer loop
      vertex 6.296153472943544 6.435590015519681 3
      vertex 2.996372616310474 30.46086554509732 3
      vertex 2.6595979269034444 30.6656627705149 3
    endloop
  endfacet
  facet normal 0 0 1
    outer loop
      vertex 6.296153472943544 6.435590015519681 3
      vertex 1.6761743952128256 31.87445267679569 3
      vertex 1.5441795262087794 32.24585064329598 3
    endloop
  endfacet
  facet normal 0 0 1
    outer loop
      vertex 6.296153472943544 6.435590015519681 3
      vertex 1.5441795262087794 32.24585064329598 3
      vertex 1.4639860811170635 32.631762688104466 3
    endloop
  endfacet
  facet normal 0 0 1
    outer loop
      vertex 6.296153472943544 6.435590015519681 3
      vertex 1.4639860811170635 32.631762688104466 3
      vertex -4.386905061437574e-9 34.75000000298023 3
    endloop
  endfacet
  facet normal 0 0 1
    outer loop
      vertex 15.25211654084006 18.873315937281117 3
      vertex 3.737436920546898 30.197491228099842 3
      vertex 3.357897120016098 30.30383329304587 3
    endloop
  endfacet
  facet normal 0 0 1
    outer loop
      vertex 15.25211654084006 18.873315937281117 3
      vertex 4.127921909535871 30.143820301722272 3
      vertex 3.737436920546898 30.197491228099842 3
    endloop
  endfacet
  facet normal 0 0 1
    outer loop
      vertex 15.295749307750196 19.267540525010645 3
      vertex 4.5220780904641344 30.143820301722272 3
      vertex 4.127921909535871 30.143820301722272 3
    endloop
  endfacet
  facet normal 0 0 1
    outer loop
      vertex 15.295749307750196 19.267540525010645 3
      vertex 4.912563079453108 30.197491228099842 3
      vertex 4.5220780904641344 30.143820301722272 3
    endloop
  endfacet
  facet normal 0 0 1
    outer loop
      vertex 15.382485198886695 19.654572473443206 3
      vertex 5.292102879983908 30.30383329304587 3
      vertex 4.912563079453108 30.197491228099842 3
    endloop
  endfacet
  facet normal 0 0 1
    outer loop
      vertex 15.680544495656637 20.388410614933466 3
      vertex 5.653627383689525 30.46086554509732 3
      vertex 5.292102879983908 30.30383329304587 3
    endloop
  endfacet
  facet normal 0 0 1
    outer loop
      vertex 15.888249865189113 20.72630900703696 3
      vertex 5.990402073096561 30.6656627705149 3
      vertex 5.653627383689525 30.46086554509732 3
    endloop
  endfacet
  facet normal 0 0 1
    outer loop
      vertex 16.13186620480317 21.039307286571844 3
      vertex 6.296153472943544 30.914409984480322 3
      vertex 5.990402073096561 30.6656627705149 3
    endloop
  endfacet
  facet normal 0 0 1
    outer loop
      vertex 16.40843634214733 21.323606078423275 3
      vertex 6.565186013155184 31.202473497045204 3
      vertex 6.296153472943544 30.914409984480322 3
    endloop
  endfacet
  facet normal 0 0 1
    outer loop
      vertex 15.25211654084006 18.873315937281117 3
      vertex 15.295749307750196 19.267540525010645 3
      vertex 4.127921909535871 30.143820301722272 3
    endloop
  endfacet
  facet normal 0 0 1
    outer loop
      vertex 15.295749307750196 19.267540525010645 3
      vertex 15.382485198886695 19.654572473443206 3
      vertex 4.912563079453108 30.197491228099842 3
    endloop
  endfacet
  facet normal 0 0 1
    outer loop
      vertex 15.382485198886695 19.654572473443206 3
      vertex 15.511271358026711 20.02971373901221 3
      vertex 5.292102879983908 30.30383329304587 3
    endloop
  endfacet
  facet normal 0 0 1
    outer loop
      vertex 15.511271358026711 20.02971373901221 3
      vertex 15.680544495656637 20.388410614933466 3
      vertex 5.292102879983908 30.30383329304587 3
    endloop
  endfacet
  facet normal 0 0 1
    outer loop
      vertex 15.680544495656637 20.388410614933466 3
      vertex 15.888249865189113 20.72630900703696 3
      vertex 5.653627383689525 30.46086554509732 3
    endloop
  endfacet
  facet normal 0 0 1
    outer loop
      vertex 15.888249865189113 20.72630900703696 3
      vertex 16.13186620480317 21.039307286571844 3
      vertex 5.990402073096561 30.6656627705149 3
    endloop
  endfacet
  facet normal 0 0 1
    outer loop
      vertex 16.13186620480317 21.039307286571844 3
      vertex 16.40843634214733 21.323606078423275 3
      vertex 6.296153472943544 30.914409984480322 3
    endloop
  endfacet
  facet normal 0 0 1
    outer loop
      vertex 16.40843634214733 21.323606078423275 3
      vertex 16.71460309040607 21.57575438037952 3
      vertex 6.565186013155184 31.202473497045204 3
    endloop
  endfacet
  facet normal 0 0 1
    outer loop
      vertex 16.71460309040607 21.57575438037952 3
      vertex 17.046649999999996 21.79269145362398 3
      vertex 6.792488126536455 31.524487230007566 3
    endloop
  endfacet
  facet normal 0 0 1
    outer loop
      vertex 17.046649999999996 21.79269145362398 3
      vertex 17.400546471249307 21.971783975958207 3
      vertex 6.97382560478718 31.87445267679569 3
    endloop
  endfacet
  facet normal 0 0 1
    outer loop
      vertex 17.400546471249307 21.971783975958207 3
      vertex 17.771996680393897 22.11085800676623 3
      vertex 6.97382560478718 31.87445267679569 3
    endloop
  endfacet
  facet normal 0 0 1
    outer loop
      vertex 17.771996680393897 22.11085800676623 3
      vertex 18.156491725074538 22.208225375708704 3
      vertex 7.105820473791226 32.24585064329598 3
    endloop
  endfacet
  facet normal 0 0 1
    outer loop
      vertex 18.156491725074538 22.208225375708704 3
      vertex 18.5493643562996 22.262704174824012 3
      vertex 7.186013918882942 32.631762688104466 3
    endloop
  endfacet
  facet normal 0 0 1
    outer loop
      vertex 18.5493643562996 22.262704174824012 3
      vertex 18.94584563252538 22.273633105289825 3
      vertex 7.212912087912088 33.025000000000006 3
    endloop
  endfacet
  facet normal 0 0 1
    outer loop
      vertex 18.94584563252538 22.273633105289825 3
      vertex 19.341122808146267 22.240879504695013 3
      vertex 7.186013918882942 33.41823731189554 3
    endloop
  endfacet
  facet normal 0 0 1
    outer loop
      vertex 19.730397753706875 22.16484095738159 3
      vertex 7.105820473791226 33.80414935670402 3
      vertex 19.341122808146267 22.240879504695013 3
    endloop
  endfacet
  facet normal 0 0 1
    outer loop
      vertex 19.730397753706875 22.16484095738159 3
      vertex 20.108945198693913 22.0464404683094 3
      vertex 7.105820473791226 33.80414935670402 3
    endloop
  endfacet
  facet normal 0 0 1
    outer loop
      vertex 20.108945198693913 22.0464404683094 3
      vertex 20.4721700899192 21.88711525902622 3
      vertex 6.97382560478718 34.17554732320431 3
    endloop
  endfacet
  facet normal 0 0 1
    outer loop
      vertex 6.97382560478718 34.17554732320431 3
      vertex 20.4721700899192 21.88711525902622 3
      vertex 20.815663369240735 21.688799321745105 3
    endloop
  endfacet
  facet normal 0 0 1
    outer loop
      vertex 20.815663369240735 21.688799321745105 3
      vertex 17.24664999850988 28.175 3
      vertex 16.04665000298023 28.175 3
    endloop
  endfacet
  facet normal 0 0 1
    outer loop
      vertex 20.815663369240735 21.688799321745105 3
      vertex 17.24664999850988 30.175 3
      vertex 17.24664999850988 28.175 3
    endloop
  endfacet
  facet normal 0 0 1
    outer loop
      vertex 20.815663369240735 21.688799321745105 3
      vertex 19.446650001490113 28.175 3
      vertex 17.24664999850988 30.175 3
    endloop
  endfacet
  facet normal 0 0 1
    outer loop
      vertex 20.815663369240735 21.688799321745105 3
      vertex 19.446650001490113 30.175 3
      vertex 19.446650001490113 28.175 3
    endloop
  endfacet
  facet normal -0.9998165283249307 0.01915488679901077 0
    outer loop
      vertex -4.386905061437574e-9 34.75000000298023 0
      vertex -4.386905061437574e-9 34.75000000298023 3
      vertex 0.0019079253911939986 34.849587108194825 3
    endloop
  endfacet
  facet normal -0.9934020900851751 0.11468342257887829 0
    outer loop
      vertex 0.0019079253911939986 34.849587108194825 0
      vertex 0.0019079253911939986 34.849587108194825 3
      vertex 0.04755836286544479 35.24501688331365 3
    endloop
  endfacet
  facet normal -0.9642534926212311 0.26498151250182994 0
    outer loop
      vertex 0.04755836286544479 35.24501688331365 0
      vertex 0.04755836286544479 35.24501688331365 3
      vertex 0.15303587474822677 35.62884388417005 3
    endloop
  endfacet
  facet normal -0.9125036236028311 0.40906862127484517 0
    outer loop
      vertex 0.15303587474822677 35.62884388417005 0
      vertex 0.15303587474822677 35.62884388417005 3
      vertex 0.3158681423306433 35.99207153469324 3
    endloop
  endfacet
  facet normal -0.8393654212848336 0.543567557486035 0
    outer loop
      vertex 0.3158681423306433 35.99207153469324 0
      vertex 0.3158681423306433 35.99207153469324 3
      vertex 0.5322385311961142 36.32618607133627 3
    endloop
  endfacet
  facet normal -0.7465532146596287 0.6653257079666879 0
    outer loop
      vertex 0.5322385311961142 36.32618607133627 0
      vertex 0.5322385311961142 36.32618607133627 3
      vertex 0.7970754981875388 36.62335614413023 3
    endloop
  endfacet
  facet normal -0.6362424473990902 0.7714891756386579 0
    outer loop
      vertex 0.7970754981875388 36.62335614413023 0
      vertex 0.7970754981875388 36.62335614413023 3
      vertex 1.104171480321881 36.87661633938551 3
    endloop
  endfacet
  facet normal -0.5110186823681713 0.8595696052506151 0
    outer loop
      vertex 1.104171480321881 36.87661633938551 0
      vertex 1.104171480321881 36.87661633938551 3
      vertex 1.4463284195303885 37.08003045171499 3
    endloop
  endfacet
  facet normal -0.37381707139672676 0.9275024512810598 0
    outer loop
      vertex 1.4463284195303885 37.08003045171499 0
      vertex 1.4463284195303885 37.08003045171499 3
      vertex 1.8155264438033072 37.228830623626706 3
    endloop
  endfacet
  facet normal -0.22785350495053003 0.9736954248027249 0
    outer loop
      vertex 1.8155264438033072 37.228830623626706 0
      vertex 1.8155264438033072 37.228830623626706 3
      vertex 2.2031118602395026 37.319529104232785 3
    endloop
  endfacet
  facet normal -0.07654925840115992 0.997065800756516 0
    outer loop
      vertex 2.2031118602395026 37.319529104232785 0
      vertex 2.2031118602395026 37.319529104232785 3
      vertex 2.599999997103211 37.350000004470346 3
    endloop
  endfacet
  facet normal 0 0 1
    outer loop
      vertex 16.71460309040607 21.57575438037952 3
      vertex 6.792488126536455 31.524487230007566 3
      vertex 6.565186013155184 31.202473497045204 3
    endloop
  endfacet
  facet normal 0 0 1
    outer loop
      vertex 1.4639860811170635 32.631762688104466 3
      vertex 1.437087912087918 33.025000000000006 3
      vertex -4.386905061437574e-9 34.75000000298023 3
    endloop
  endfacet
  facet normal 0 0 1
    outer loop
      vertex 1.437087912087918 33.025000000000006 3
      vertex 1.4639860811170635 33.41823731189554 3
      vertex -4.386905061437574e-9 34.75000000298023 3
    endloop
  endfacet
  facet normal 0 0 1
    outer loop
      vertex 1.4639860811170635 33.41823731189554 3
      vertex 1.5441795262087794 33.80414935670402 3
      vertex -4.386905061437574e-9 34.75000000298023 3
    endloop
  endfacet
  facet normal 0 0 1
    outer loop
      vertex 1.5441795262087794 33.80414935670402 3
      vertex 1.6761743952128256 34.17554732320431 3
      vertex -4.386905061437574e-9 34.75000000298023 3
    endloop
  endfacet
  facet normal 0 0 1
    outer loop
      vertex -4.386905061437574e-9 34.75000000298023 3
      vertex 1.6761743952128256 34.17554732320431 3
      vertex 1.857511873463551 34.52551276999244 3
    endloop
  endfacet
  facet normal 0 0 1
    outer loop
      vertex -4.386905061437574e-9 34.75000000298023 3
      vertex 2.0848139868448214 34.8475265029548 3
      vertex 0.0019079253911939986 34.849587108194825 3
    endloop
  endfacet
  facet normal 0 0 1
    outer loop
      vertex -4.386905061437574e-9 34.75000000298023 3
      vertex 1.857511873463551 34.52551276999244 3
      vertex 2.0848139868448214 34.8475265029548 3
    endloop
  endfacet
  facet normal 0 0 1
    outer loop
      vertex 0.0019079253911939986 34.849587108194825 3
      vertex 2.0848139868448214 34.8475265029548 3
      vertex 2.3538465270564615 35.13559001551968 3
    endloop
  endfacet
  facet normal 0 0 1
    outer loop
      vertex 0.0019079253911939986 34.849587108194825 3
      vertex 2.3538465270564615 35.13559001551968 3
      vertex 0.04755836286544479 35.24501688331365 3
    endloop
  endfacet
  facet normal 0 0 1
    outer loop
      vertex 0.04755836286544479 35.24501688331365 3
      vertex 2.6595979269034444 35.384337229485105 3
      vertex 0.15303587474822677 35.62884388417005 3
    endloop
  endfacet
  facet normal 0 0 1
    outer loop
      vertex 0.15303587474822677 35.62884388417005 3
      vertex 3.357897120016098 35.746166706954135 3
      vertex 0.3158681423306433 35.99207153469324 3
    endloop
  endfacet
  facet normal 0 0 1
    outer loop
      vertex 0.04755836286544479 35.24501688331365 3
      vertex 2.3538465270564615 35.13559001551968 3
      vertex 2.6595979269034444 35.384337229485105 3
    endloop
  endfacet
  facet normal 0 0 1
    outer loop
      vertex 0.15303587474822677 35.62884388417005 3
      vertex 2.6595979269034444 35.384337229485105 3
      vertex 2.996372616310474 35.589134454902684 3
    endloop
  endfacet
  facet normal 0 0 1
    outer loop
      vertex 0.15303587474822677 35.62884388417005 3
      vertex 2.996372616310474 35.589134454902684 3
      vertex 3.357897120016098 35.746166706954135 3
    endloop
  endfacet
  facet normal 0 0 1
    outer loop
      vertex 0.3158681423306433 35.99207153469324 3
      vertex 3.357897120016098 35.746166706954135 3
      vertex 3.737436920546898 35.85250877190016 3
    endloop
  endfacet
  facet normal 0 0 1
    outer loop
      vertex 1.8155264438033072 37.228830623626706 3
      vertex 2.599999997103211 37.350000004470346 3
      vertex 2.2031118602395026 37.319529104232785 3
    endloop
  endfacet
  facet normal 0 0 1
    outer loop
      vertex 0.3158681423306433 35.99207153469324 3
      vertex 3.737436920546898 35.85250877190016 3
      vertex 4.127921909535871 35.90617969827774 3
    endloop
  endfacet
  facet normal 0 0 1
    outer loop
      vertex 6.97382560478718 34.17554732320431 3
      vertex 16.04665000298023 32.175 3
      vertex 6.792488126536455 34.52551276999244 3
    endloop
  endfacet
  facet normal 0 0 1
    outer loop
      vertex 17.046649999999996 21.79269145362398 3
      vertex 6.97382560478718 31.87445267679569 3
      vertex 6.792488126536455 31.524487230007566 3
    endloop
  endfacet
  facet normal 0 0 1
    outer loop
      vertex 17.771996680393897 22.11085800676623 3
      vertex 7.105820473791226 32.24585064329598 3
      vertex 6.97382560478718 31.87445267679569 3
    endloop
  endfacet
  facet normal 0 0 1
    outer loop
      vertex 18.156491725074538 22.208225375708704 3
      vertex 7.186013918882942 32.631762688104466 3
      vertex 7.105820473791226 32.24585064329598 3
    endloop
  endfacet
  facet normal 0 0 1
    outer loop
      vertex 18.5493643562996 22.262704174824012 3
      vertex 7.212912087912088 33.025000000000006 3
      vertex 7.186013918882942 32.631762688104466 3
    endloop
  endfacet
  facet normal 0 0 1
    outer loop
      vertex 18.94584563252538 22.273633105289825 3
      vertex 7.186013918882942 33.41823731189554 3
      vertex 7.212912087912088 33.025000000000006 3
    endloop
  endfacet
  facet normal 0 0 1
    outer loop
      vertex 19.341122808146267 22.240879504695013 3
      vertex 7.105820473791226 33.80414935670402 3
      vertex 7.186013918882942 33.41823731189554 3
    endloop
  endfacet
  facet normal 0 0 1
    outer loop
      vertex 20.108945198693913 22.0464404683094 3
      vertex 6.97382560478718 34.17554732320431 3
      vertex 7.105820473791226 33.80414935670402 3
    endloop
  endfacet
  facet normal 0 0 1
    outer loop
      vertex 6.97382560478718 34.17554732320431 3
      vertex 20.815663369240735 21.688799321745105 3
      vertex 16.04665000298023 28.175 3
    endloop
  endfacet
  facet normal 0 0 1
    outer loop
      vertex 6.97382560478718 34.17554732320431 3
      vertex 16.04665000298023 28.175 3
      vertex 16.04665000298023 32.175 3
    endloop
  endfacet
  facet normal 0 0 1
    outer loop
      vertex 17.24664999850988 32.175 3
      vertex 17.24664999850988 30.175 3
      vertex 19.446650001490113 32.175 3
    endloop
  endfacet
  facet normal 0 0 1
    outer loop
      vertex 19.446650001490113 32.175 3
      vertex 19.446650001490113 30.175 3
      vertex 21.646650004470345 32.175 3
    endloop
  endfacet
  facet normal 0 0 1
    outer loop
      vertex 6.792488126536455 34.52551276999244 3
      vertex 16.04665000298023 32.175 3
      vertex 17.24664999850988 32.175 3
    endloop
  endfacet
  facet normal 0 0 1
    outer loop
      vertex 22.446649999999998 18.675 3
      vertex 37.252116540840056 18.873315937281117 3
      vertex 22.424800438344615 19.071029595578686 3
    endloop
  endfacet
  facet normal 0 0 1
    outer loop
      vertex 22.424800438344615 19.071029595578686 3
      vertex 37.2957493077502 19.267540525010645 3
      vertex 22.359516977458764 19.462251928342955 3
    endloop
  endfacet
  facet normal 0 0 1
    outer loop
      vertex 22.359516977458764 19.462251928342955 3
      vertex 37.3824851988867 19.654572473443206 3
      vertex 22.251592070122282 19.84391808913686 3
    endloop
  endfacet
  facet normal 0 0 1
    outer loop
      vertex 22.251592070122282 19.84391808913686 3
      vertex 37.51127135802671 20.02971373901221 3
      vertex 22.102335778511275 20.211395167787053 3
    endloop
  endfacet
  facet normal 0 0 1
    outer loop
      vertex 22.102335778511275 20.211395167787053 3
      vertex 37.68054449565663 20.388410614933466 3
      vertex 21.913559871817974 20.56022249035636 3
    endloop
  endfacet
  facet normal 0 0 1
    outer loop
      vertex 21.687555833827012 20.886165765682804 3
      vertex 21.913559871817974 20.56022249035636 3
      vertex 37.88824986518912 20.72630900703696 3
    endloop
  endfacet
  facet normal 0 0 1
    outer loop
      vertex 21.687555833827012 20.886165765682804 3
      vertex 38.13186620480317 21.039307286571844 3
      vertex 21.42706704740642 21.185268483938383 3
    endloop
  endfacet
  facet normal 0 0 1
    outer loop
      vertex 21.42706704740642 21.185268483938383 3
      vertex 38.408436342147326 21.323606078423275 3
      vertex 21.13525549355588 21.453899943298754 3
    endloop
  endfacet
  facet normal 0 0 1
    outer loop
      vertex 21.13525549355588 21.453899943298754 3
      vertex 38.71460309040607 21.57575438037952 3
      vertex 20.815663369240735 21.688799321745105 3
    endloop
  endfacet
  facet normal 0 0 1
    outer loop
      vertex 20.815663369240735 21.688799321745105 3
      vertex 21.646650004470345 28.175 3
      vertex 19.446650001490113 30.175 3
    endloop
  endfacet
  facet normal 0 0 1
    outer loop
      vertex 20.815663369240735 21.688799321745105 3
      vertex 39.04665 21.79269145362398 3
      vertex 21.646650004470345 28.175 3
    endloop
  endfacet
  facet normal 0 0 1
    outer loop
      vertex 37.252116540840056 18.476684062718885 3
      vertex 37.252116540840056 18.873315937281117 3
      vertex 22.446649999999998 18.675 3
    endloop
  endfacet
  facet normal 0 0 1
    outer loop
      vertex 22.424800438344615 19.071029595578686 3
      vertex 37.252116540840056 18.873315937281117 3
      vertex 37.2957493077502 19.267540525010645 3
    endloop
  endfacet
  facet normal 0 0 1
    outer loop
      vertex 22.359516977458764 19.462251928342955 3
      vertex 37.2957493077502 19.267540525010645 3
      vertex 37.3824851988867 19.654572473443206 3
    endloop
  endfacet
  facet normal 0 0 1
    outer loop
      vertex 22.251592070122282 19.84391808913686 3
      vertex 37.3824851988867 19.654572473443206 3
      vertex 37.51127135802671 20.02971373901221 3
    endloop
  endfacet
  facet normal 0 0 1
    outer loop
      vertex 22.102335778511275 20.211395167787053 3
      vertex 37.51127135802671 20.02971373901221 3
      vertex 37.68054449565663 20.388410614933466 3
    endloop
  endfacet
  facet normal 0 0 1
    outer loop
      vertex 21.913559871817974 20.56022249035636 3
      vertex 37.68054449565663 20.388410614933466 3
      vertex 37.88824986518912 20.72630900703696 3
    endloop
  endfacet
  facet normal 0 0 1
    outer loop
      vertex 21.687555833827012 20.886165765682804 3
      vertex 37.88824986518912 20.72630900703696 3
      vertex 38.13186620480317 21.039307286571844 3
    endloop
  endfacet
  facet normal 0 0 1
    outer loop
      vertex 21.42706704740642 21.185268483938383 3
      vertex 38.13186620480317 21.039307286571844 3
      vertex 38.408436342147326 21.323606078423275 3
    endloop
  endfacet
  facet normal 0 0 1
    outer loop
      vertex 21.13525549355588 21.453899943298754 3
      vertex 38.408436342147326 21.323606078423275 3
      vertex 38.71460309040607 21.57575438037952 3
    endloop
  endfacet
  facet normal 0 0 1
    outer loop
      vertex 20.815663369240735 21.688799321745105 3
      vertex 38.71460309040607 21.57575438037952 3
      vertex 39.04665 21.79269145362398 3
    endloop
  endfacet
  facet normal 0 0 1
    outer loop
      vertex 39.04665 21.79269145362398 3
      vertex 39.40054647124931 21.971783975958207 3
      vertex 21.646650004470345 28.175 3
    endloop
  endfacet
  facet normal 0 0 1
    outer loop
      vertex 39.40054647124931 21.971783975958207 3
      vertex 39.7719966803939 22.11085800676623 3
      vertex 21.646650004470345 28.175 3
    endloop
  endfacet
  facet normal 0 0 1
    outer loop
      vertex 39.7719966803939 22.11085800676623 3
      vertex 40.15649172507454 22.208225375708704 3
      vertex 21.646650004470345 28.175 3
    endloop
  endfacet
  facet normal 0 0 1
    outer loop
      vertex 40.15649172507454 22.208225375708704 3
      vertex 40.5493643562996 22.262704174824012 3
      vertex 21.646650004470345 28.175 3
    endloop
  endfacet
  facet normal 0 0 1
    outer loop
      vertex 40.5493643562996 22.262704174824012 3
      vertex 40.94584563252538 22.273633105289825 3
      vertex 21.646650004470345 28.175 3
    endloop
  endfacet
  facet normal 0 0 1
    outer loop
      vertex 40.94584563252538 22.273633105289825 3
      vertex 41.34112280814627 22.240879504695013 3
      vertex 21.646650004470345 28.175 3
    endloop
  endfacet
  facet normal 0 0 1
    outer loop
      vertex 41.34112280814627 22.240879504695013 3
      vertex 39.146649997019765 28.175 3
      vertex 21.646650004470345 28.175 3
    endloop
  endfacet
  facet normal 0 1 0
    outer loop
      vertex 2.599999997103211 37.350000004470346 0
      vertex 2.599999997103211 37.350000004470346 3
      vertex 79.09330000289678 37.350000004470346 3
    endloop
  endfacet
  facet normal 0 0 1
    outer loop
      vertex 21.646650004470345 28.175 3
      vertex 39.146649997019765 32.175 3
      vertex 21.646650004470345 32.175 3
    endloop
  endfacet
  facet normal 0 0 1
    outer loop
      vertex 0.3158681423306433 35.99207153469324 3
      vertex 80.33537153460979 37.0341318577528 3
      vertex 0.5322385311961142 36.32618607133627 3
    endloop
  endfacet
  facet normal 0 0 1
    outer loop
      vertex 0.5322385311961142 36.32618607133627 3
      vertex 79.9721438840866 37.196964125335214 3
      vertex 0.7970754981875388 36.62335614413023 3
    endloop
  endfacet
  facet normal 0 0 1
    outer loop
      vertex 0.7970754981875388 36.62335614413023 3
      vertex 79.5883168832302 37.302441637217996 3
      vertex 1.104171480321881 36.87661633938551 3
    endloop
  endfacet
  facet normal 0 0 1
    outer loop
      vertex 1.104171480321881 36.87661633938551 3
      vertex 79.19288710811138 37.34809207469225 3
      vertex 1.4463284195303885 37.08003045171499 3
    endloop
  endfacet
  facet normal 0 0 1
    outer loop
      vertex 1.4463284195303885 37.08003045171499 3
      vertex 79.09330000289678 37.350000004470346 3
      vertex 1.8155264438033072 37.228830623626706 3
    endloop
  endfacet
  facet normal 0 0 1
    outer loop
      vertex 1.8155264438033072 37.228830623626706 3
      vertex 79.09330000289678 37.350000004470346 3
      vertex 2.599999997103211 37.350000004470346 3
    endloop
  endfacet
  facet normal 0 0 1
    outer loop
      vertex 6.792488126536455 34.52551276999244 3
      vertex 76.78073692054689 35.85250877190016 3
      vertex 6.565186013155184 34.8475265029548 3
    endloop
  endfacet
  facet normal 0 0 1
    outer loop
      vertex 4.912563079453108 35.85250877190016 3
      vertex 5.292102879983908 35.746166706954135 3
      vertex 80.66948607125282 36.817761468887326 3
    endloop
  endfacet
  facet normal 0 0 1
    outer loop
      vertex 5.653627383689532 35.589134454902684 3
      vertex 80.66948607125282 36.817761468887326 3
      vertex 5.292102879983908 35.746166706954135 3
    endloop
  endfacet
  facet normal 0 0 1
    outer loop
      vertex 0.3158681423306433 35.99207153469324 3
      vertex 4.127921909535871 35.90617969827774 3
      vertex 80.66948607125282 36.817761468887326 3
    endloop
  endfacet
  facet normal 0 0 1
    outer loop
      vertex 4.127921909535871 35.90617969827774 3
      vertex 4.5220780904641344 35.90617969827774 3
      vertex 80.66948607125282 36.817761468887326 3
    endloop
  endfacet
  facet normal 0 0 1
    outer loop
      vertex 4.912563079453108 35.85250877190016 3
      vertex 80.66948607125282 36.817761468887326 3
      vertex 4.5220780904641344 35.90617969827774 3
    endloop
  endfacet
  facet normal 0 0 1
    outer loop
      vertex 21.646650004470345 28.175 3
      vertex 39.146649997019765 28.175 3
      vertex 39.146649997019765 32.175 3
    endloop
  endfacet
  facet normal 0 0 1
    outer loop
      vertex 6.792488126536455 34.52551276999244 3
      vertex 17.24664999850988 32.175 3
      vertex 75.12811398684481 34.8475265029548 3
    endloop
  endfacet
  facet normal 0 0 1
    outer loop
      vertex 6.565186013155184 34.8475265029548 3
      vertex 81.21991633930206 36.24582851976156 3
      vertex 6.296153472943544 35.13559001551968 3
    endloop
  endfacet
  facet normal 0 0 1
    outer loop
      vertex 5.653627383689532 35.589134454902684 3
      vertex 5.990402073096561 35.384337229485105 3
      vertex 80.96665614404678 36.5529245018959 3
    endloop
  endfacet
  facet normal 0 0 1
    outer loop
      vertex 6.296153472943544 35.13559001551968 3
      vertex 80.96665614404678 36.5529245018959 3
      vertex 5.990402073096561 35.384337229485105 3
    endloop
  endfacet
  facet normal 0 0 1
    outer loop
      vertex 75.12811398684481 34.8475265029548 3
      vertex 17.24664999850988 32.175 3
      vertex 19.446650001490113 32.175 3
    endloop
  endfacet
  facet normal 0 0 1
    outer loop
      vertex 75.12811398684481 34.8475265029548 3
      vertex 19.446650001490113 32.175 3
      vertex 21.646650004470345 32.175 3
    endloop
  endfacet
  facet normal 0 0 -1
    outer loop
      vertex 0.12116937645673431 1.8155264437198646 0
      vertex 76.06150811453836 3.0871409740638374 0
      vertex 76.3581632823477 2.8351598033175964 0
    endloop
  endfacet
  facet normal 0 0 -1
    outer loop
      vertex 0.12116937645673431 1.8155264437198646 0
      vertex 75.82595708289833 3.39700305708136 0
      vertex 76.06150811453836 3.0871409740638374 0
    endloop
  endfacet
  facet normal 0 0 -1
    outer loop
      vertex 0.12116937645673431 1.8155264437198646 0
      vertex 75.66252429187094 3.750257245755236 0
      vertex 75.82595708289833 3.39700305708136 0
    endloop
  endfacet
  facet normal 0 0 -1
    outer loop
      vertex 0.12116937645673431 1.8155264437198646 0
      vertex 75.57885167712215 4.130385766836904 0
      vertex 75.66252429187094 3.750257245755236 0
    endloop
  endfacet
  facet normal 0 0 -1
    outer loop
      vertex 0.12116937645673431 1.8155264437198646 0
      vertex 75.57885167712215 4.519614233163095 0
      vertex 75.57885167712215 4.130385766836904 0
    endloop
  endfacet
  facet normal 0 0 -1
    outer loop
      vertex 0.12116937645673431 1.8155264437198646 0
      vertex 75.66252429187094 4.8997427542447625 0
      vertex 75.57885167712215 4.519614233163095 0
    endloop
  endfacet
  facet normal 0 0 -1
    outer loop
      vertex 0.2699695483684508 1.446328419446946 0
      vertex 77.07709240620501 2.548712259425251 0
      vertex 77.46575003545374 2.527639855067978 0
    endloop
  endfacet
  facet normal 0 0 -1
    outer loop
      vertex 0.2699695483684508 1.446328419446946 0
      vertex 77.46575003545374 2.527639855067978 0
      vertex 81.6913920746088 2.5004128918051727 0
    endloop
  endfacet
  facet normal 0 0 -1
    outer loop
      vertex 2.599999997103211 -4.470347647611561e-9 0
      vertex 79.87777355619669 0.12116937637329173 0
      vertex 79.09330000289678 -4.470347647611561e-9 0
    endloop
  endfacet
  facet normal 0 0 -1
    outer loop
      vertex 2.599999997103211 -4.470347647611561e-9 0
      vertex 80.2469715804696 0.2699695482850082 0
      vertex 79.87777355619669 0.12116937637329173 0
    endloop
  endfacet
  facet normal 0 0 -1
    outer loop
      vertex 2.5004128918886153 0.0019079253077514124 0
      vertex 80.58912851967811 0.4733836606144912 0
      vertex 80.2469715804696 0.2699695482850082 0
    endloop
  endfacet
  facet normal 0 0 -1
    outer loop
      vertex 2.1049831167697874 0.047558362782002206 0
      vertex 80.89622450181245 0.7266438558697708 0
      vertex 80.58912851967811 0.4733836606144912 0
    endloop
  endfacet
  facet normal 0 0 -1
    outer loop
      vertex 1.721156115913388 0.1530358746647842 0
      vertex 81.16106146880388 1.0238139286637313 0
      vertex 80.89622450181245 0.7266438558697708 0
    endloop
  endfacet
  facet normal 0 0 -1
    outer loop
      vertex 1.3579284653902022 0.3158681422472007 0
      vertex 81.37743185766935 1.3579284653067596 0
      vertex 81.16106146880388 1.0238139286637313 0
    endloop
  endfacet
  facet normal 0 0 -1
    outer loop
      vertex 1.023813928747174 0.5322385311126716 0
      vertex 81.54026412525177 1.7211561158299453 0
      vertex 81.37743185766935 1.3579284653067596 0
    endloop
  endfacet
  facet normal 0 0 -1
    outer loop
      vertex 0.7266438559532133 0.7970754981040962 0
      vertex 81.64574163713455 2.104983116686345 0
      vertex 81.54026412525177 1.7211561158299453 0
    endloop
  endfacet
  facet normal 0 0 -1
    outer loop
      vertex 0.4733836606979338 1.1041714802384384 0
      vertex 81.6913920746088 2.5004128918051727 0
      vertex 81.64574163713455 2.104983116686345 0
    endloop
  endfacet
  facet normal 0 0 -1
    outer loop
      vertex 0.12116937645673431 1.8155264437198646 0
      vertex 76.3581632823477 2.8351598033175964 0
      vertex 76.70205132038814 2.652841904329776 0
    endloop
  endfacet
  facet normal 0 0 -1
    outer loop
      vertex 0.12116937645673431 1.8155264437198646 0
      vertex 76.70205132038814 2.652841904329776 0
      vertex 77.07709240620501 2.548712259425251 0
    endloop
  endfacet
  facet normal 0 0 -1
    outer loop
      vertex 42.31707710968076 13.635124593294407 0
      vertex 42.69402532944212 13.760765126475068 0
      vertex 61.18655974879167 13.694377513016764 0
    endloop
  endfacet
  facet normal 0 0 -1
    outer loop
      vertex 42.69402532944212 13.760765126475068 0
      vertex 43.06039195061346 13.914553951981592 0
      vertex 60.81463593968836 13.834192334052531 0
    endloop
  endfacet
  facet normal 0 0 -1
    outer loop
      vertex 43.06039195061346 13.914553951981592 0
      vertex 43.414078458366625 14.095610181348484 0
      vertex 60.45435132310473 14.001734863018669 0
    endloop
  endfacet
  facet normal 0 0 -1
    outer loop
      vertex 43.414078458366625 14.095610181348484 0
      vertex 43.75305896841479 14.302896740890255 0
      vertex 60.10776957669745 14.1960454314818 0
    endloop
  endfacet
  facet normal 0 0 -1
    outer loop
      vertex 43.75305896841479 14.302896740890255 0
      vertex 44.07539183109425 14.535226311965578 0
      vertex 59.77687588932375 14.41601104610239 0
    endloop
  endfacet
  facet normal 0 0 -1
    outer loop
      vertex 44.07539183109425 14.535226311965578 0
      vertex 44.379230752957824 14.791268131830943 0
      vertex 59.46356559005939 14.660371763759834 0
    endloop
  endfacet
  facet normal 0 0 -1
    outer loop
      vertex 44.379230752957824 14.791268131830943 0
      vertex 44.6628353721765 15.06955561612912 0
      vertex 59.16963329192541 14.927727908392523 0
    endloop
  endfacet
  facet normal 0 0 -1
    outer loop
      vertex 44.6628353721765 15.06955561612912 0
      vertex 44.92458122717444 15.368494759351575 0
      vertex 58.896762612507196 15.216548088215584 0
    endloop
  endfacet
  facet normal 0 0 -1
    outer loop
      vertex 44.92458122717444 15.368494759351575 0
      vertex 45.16296906139775 15.686373265157656 0
      vertex 58.646516530345494 15.525177967394349 0
    endloop
  endfacet
  facet normal 0 0 -1
    outer loop
      vertex 45.16296906139775 15.686373265157656 0
      vertex 45.37663341092022 16.02137035425295 0
      vertex 58.4203284323368 15.851849741930186 0
    endloop
  endfacet
  facet normal 0 0 -1
    outer loop
      vertex 45.37663341092022 16.02137035425295 0
      vertex 45.56435042569708 16.371567193648232 0
      vertex 58.219493903423086 16.194692265481727 0
    endloop
  endfacet
  facet normal 0 0 -1
    outer loop
      vertex 45.56435042569708 16.371567193648232 0
      vertex 45.725044879667216 16.734957887561023 0
      vertex 58.045163305598535 16.551741767121648 0
    endloop
  endfacet
  facet normal 0 0 -1
    outer loop
      vertex 45.725044879667216 16.734957887561023 0
      vertex 45.85779632955066 17.109460967005006 0
      vertex 57.89833518874022 16.920953099638705 0
    endloop
  endfacet
  facet normal 0 0 -1
    outer loop
      vertex 45.85779632955066 17.109460967005006 0
      vertex 45.96184438706437 17.492931312255855 0
      vertex 57.77985057100484 17.300211453955765 0
    endloop
  endfacet
  facet normal 0 0 -1
    outer loop
      vertex 45.96184438706437 17.492931312255855 0
      vertex 46.03659307435741 17.883172439902786 0
      vertex 57.690388121552935 17.68734447256467 0
    endloop
  endfacet
  facet normal 0 0 -1
    outer loop
      vertex 46.03659307435741 17.883172439902786 0
      vertex 46.08161423771817 18.277949084106606 0
      vertex 57.63046027319328 18.080134692593333 0
    endloop
  endfacet
  facet normal 0 0 -1
    outer loop
      vertex 46.08161423771817 18.277949084106606 0
      vertex 46.09665 18.675 0
      vertex 57.60041028721426 18.476332247232232 0
    endloop
  endfacet
  facet normal 0 0 -1
    outer loop
      vertex 41.144562683738634 13.433459383648007 0
      vertex 41.540120618618936 13.471001681292329 0
      vertex 75.66252429187094 4.8997427542447625 0
    endloop
  endfacet
  facet normal 0 0 -1
    outer loop
      vertex 41.540120618618936 13.471001681292329 0
      vertex 41.931706416596 13.538352010035744 0
      vertex 75.66252429187094 4.8997427542447625 0
    endloop
  endfacet
  facet normal 0 0 -1
    outer loop
      vertex 41.931706416596 13.538352010035744 0
      vertex 42.31707710968076 13.635124593294407 0
      vertex 75.66252429187094 4.8997427542447625 0
    endloop
  endfacet
  facet normal 0 0 -1
    outer loop
      vertex 43.06039195061346 13.914553951981592 0
      vertex 60.45435132310473 14.001734863018669 0
      vertex 60.81463593968836 13.834192334052531 0
    endloop
  endfacet
  facet normal 0 0 -1
    outer loop
      vertex 42.31707710968076 13.635124593294407 0
      vertex 61.18655974879167 13.694377513016764 0
      vertex 61.56799240451729 13.583091246544733 0
    endloop
  endfacet
  facet normal 0 0 -1
    outer loop
      vertex 42.69402532944212 13.760765126475068 0
      vertex 60.81463593968836 13.834192334052531 0
      vertex 61.18655974879167 13.694377513016764 0
    endloop
  endfacet
  facet normal 0 0 -1
    outer loop
      vertex 42.31707710968076 13.635124593294407 0
      vertex 61.56799240451729 13.583091246544733 0
      vertex 75.66252429187094 4.8997427542447625 0
    endloop
  endfacet
  facet normal 0 0 -1
    outer loop
      vertex 43.414078458366625 14.095610181348484 0
      vertex 60.10776957669745 14.1960454314818 0
      vertex 60.45435132310473 14.001734863018669 0
    endloop
  endfacet
  facet normal 0 0 -1
    outer loop
      vertex 43.75305896841479 14.302896740890255 0
      vertex 59.77687588932375 14.41601104610239 0
      vertex 60.10776957669745 14.1960454314818 0
    endloop
  endfacet
  facet normal 0 0 -1
    outer loop
      vertex 44.07539183109425 14.535226311965578 0
      vertex 59.46356559005939 14.660371763759834 0
      vertex 59.77687588932375 14.41601104610239 0
    endloop
  endfacet
  facet normal 0 0 -1
    outer loop
      vertex 44.6628353721765 15.06955561612912 0
      vertex 58.896762612507196 15.216548088215584 0
      vertex 59.16963329192541 14.927727908392523 0
    endloop
  endfacet
  facet normal 0 0 -1
    outer loop
      vertex 44.379230752957824 14.791268131830943 0
      vertex 59.16963329192541 14.927727908392523 0
      vertex 59.46356559005939 14.660371763759834 0
    endloop
  endfacet
  facet normal 0 0 -1
    outer loop
      vertex 44.92458122717444 15.368494759351575 0
      vertex 58.646516530345494 15.525177967394349 0
      vertex 58.896762612507196 15.216548088215584 0
    endloop
  endfacet
  facet normal 0 0 -1
    outer loop
      vertex 45.16296906139775 15.686373265157656 0
      vertex 58.4203284323368 15.851849741930186 0
      vertex 58.646516530345494 15.525177967394349 0
    endloop
  endfacet
  facet normal 0 0 -1
    outer loop
      vertex 45.37663341092022 16.02137035425295 0
      vertex 58.219493903423086 16.194692265481727 0
      vertex 58.4203284323368 15.851849741930186 0
    endloop
  endfacet
  facet normal 0 0 -1
    outer loop
      vertex 45.56435042569708 16.371567193648232 0
      vertex 58.045163305598535 16.551741767121648 0
      vertex 58.219493903423086 16.194692265481727 0
    endloop
  endfacet
  facet normal 0 0 -1
    outer loop
      vertex 45.725044879667216 16.734957887561023 0
      vertex 57.89833518874022 16.920953099638705 0
      vertex 58.045163305598535 16.551741767121648 0
    endloop
  endfacet
  facet normal 0 0 -1
    outer loop
      vertex 45.85779632955066 17.109460967005006 0
      vertex 57.77985057100484 17.300211453955765 0
      vertex 57.89833518874022 16.920953099638705 0
    endloop
  endfacet
  facet normal 0 0 -1
    outer loop
      vertex 45.96184438706437 17.492931312255855 0
      vertex 57.690388121552935 17.68734447256467 0
      vertex 57.77985057100484 17.300211453955765 0
    endloop
  endfacet
  facet normal 0 0 -1
    outer loop
      vertex 46.03659307435741 17.883172439902786 0
      vertex 57.63046027319328 18.080134692593333 0
      vertex 57.690388121552935 17.68734447256467 0
    endloop
  endfacet
  facet normal 0 0 -1
    outer loop
      vertex 46.08161423771817 18.277949084106606 0
      vertex 57.60041028721426 18.476332247232232 0
      vertex 57.63046027319328 18.080134692593333 0
    endloop
  endfacet
  facet normal 0 0 -1
    outer loop
      vertex 79.09330000289678 -4.470347647611561e-9 0
      vertex 79.87777355619669 0.12116937637329173 0
      vertex 79.49018813976049 0.030470895767212625 0
    endloop
  endfacet
  facet normal 0 0 -1
    outer loop
      vertex 77.46575003545374 2.527639855067978 0
      vertex 77.84985100935259 2.5906100134653975 0
      vertex 81.6913920746088 2.5004128918051727 0
    endloop
  endfacet
  facet normal 0 0 -1
    outer loop
      vertex 77.84985100935259 2.5906100134653975 0
      vertex 78.2114351932596 2.7346783199971583 0
      vertex 81.6933000043869 2.5999999970197685 0
    endloop
  endfacet
  facet normal 0 0 -1
    outer loop
      vertex 78.2114351932596 2.7346783199971583 0
      vertex 78.53359531260728 2.9531083007702534 0
      vertex 81.6933000043869 2.5999999970197685 0
    endloop
  endfacet
  facet normal 0 0 -1
    outer loop
      vertex 77.84985100935259 2.5906100134653975 0
      vertex 81.6933000043869 2.5999999970197685 0
      vertex 81.6913920746088 2.5004128918051727 0
    endloop
  endfacet
  facet normal 0 0 -1
    outer loop
      vertex 78.53359531260728 2.9531083007702534 0
      vertex 78.80126751827015 3.235686412651223 0
      vertex 81.6933000043869 2.5999999970197685 0
    endloop
  endfacet
  facet normal 0 0 -1
    outer loop
      vertex 78.80126751827015 3.235686412651223 0
      vertex 79.00193575540771 3.569199617191522 0
      vertex 81.6933000043869 2.5999999970197685 0
    endloop
  endfacet
  facet normal 0 0 -1
    outer loop
      vertex 79.00193575540771 3.569199617191522 0
      vertex 79.12621700027815 3.9380532076201558 0
      vertex 81.6933000043869 2.5999999970197685 0
    endloop
  endfacet
  facet normal 0 0 -1
    outer loop
      vertex 79.12621700027815 3.9380532076201558 0
      vertex 79.16829999999999 4.324999999999999 0
      vertex 81.6933000043869 2.5999999970197685 0
    endloop
  endfacet
  facet normal 0.07654925840115992 -0.997065800756516 0
    outer loop
      vertex 79.09330000289678 -4.470347647611561e-9 0
      vertex 79.49018813976049 0.030470895767212625 0
      vertex 79.09330000289678 -4.470347647611561e-9 3
    endloop
  endfacet
  facet normal 0.22785350495053003 -0.9736954248027249 0
    outer loop
      vertex 79.49018813976049 0.030470895767212625 0
      vertex 79.87777355619669 0.12116937637329173 0
      vertex 79.49018813976049 0.030470895767212625 3
    endloop
  endfacet
  facet normal 0.37381707139672676 -0.9275024512810598 0
    outer loop
      vertex 79.87777355619669 0.12116937637329173 0
      vertex 80.2469715804696 0.2699695482850082 0
      vertex 79.87777355619669 0.12116937637329173 3
    endloop
  endfacet
  facet normal 0.5110186823681713 -0.8595696052506151 0
    outer loop
      vertex 80.2469715804696 0.2699695482850082 0
      vertex 80.58912851967811 0.4733836606144912 0
      vertex 80.2469715804696 0.2699695482850082 3
    endloop
  endfacet
  facet normal 0.6362424473990902 -0.7714891756386579 0
    outer loop
      vertex 80.58912851967811 0.4733836606144912 0
      vertex 80.89622450181245 0.7266438558697708 0
      vertex 80.58912851967811 0.4733836606144912 3
    endloop
  endfacet
  facet normal 0.7465532146596287 -0.6653257079666879 0
    outer loop
      vertex 80.89622450181245 0.7266438558697708 0
      vertex 81.16106146880388 1.0238139286637313 0
      vertex 80.89622450181245 0.7266438558697708 3
    endloop
  endfacet
  facet normal 0.8393654212848336 -0.543567557486035 0
    outer loop
      vertex 81.16106146880388 1.0238139286637313 0
      vertex 81.37743185766935 1.3579284653067596 0
      vertex 81.16106146880388 1.0238139286637313 3
    endloop
  endfacet
  facet normal 0.9125036236028311 -0.40906862127484517 0
    outer loop
      vertex 81.37743185766935 1.3579284653067596 0
      vertex 81.54026412525177 1.7211561158299453 0
      vertex 81.37743185766935 1.3579284653067596 3
    endloop
  endfacet
  facet normal 0.9642534926212311 -0.26498151250182994 0
    outer loop
      vertex 81.54026412525177 1.7211561158299453 0
      vertex 81.64574163713455 2.104983116686345 0
      vertex 81.54026412525177 1.7211561158299453 3
    endloop
  endfacet
  facet normal 0.9934020900851751 -0.11468342257887829 0
    outer loop
      vertex 81.64574163713455 2.104983116686345 0
      vertex 81.6913920746088 2.5004128918051727 0
      vertex 81.64574163713455 2.104983116686345 3
    endloop
  endfacet
  facet normal 0.9998165283249307 -0.01915488679901077 0
    outer loop
      vertex 81.6913920746088 2.5004128918051727 0
      vertex 81.6933000043869 2.5999999970197685 0
      vertex 81.6913920746088 2.5004128918051727 3
    endloop
  endfacet
  facet normal 0 0 -1
    outer loop
      vertex 75.66252429187094 4.8997427542447625 0
      vertex 61.95674909515549 13.50097097229278 0
      vertex 62.35060305758783 13.448487067755067 0
    endloop
  endfacet
  facet normal 0 0 -1
    outer loop
      vertex 75.66252429187094 4.8997427542447625 0
      vertex 61.56799240451729 13.583091246544733 0
      vertex 61.95674909515549 13.50097097229278 0
    endloop
  endfacet
  facet normal 0 0 -1
    outer loop
      vertex 75.66252429187094 4.8997427542447625 0
      vertex 62.35060305758783 13.448487067755067 0
      vertex 62.74729833198465 13.425940155983877 0
    endloop
  endfacet
  facet normal 0 0 -1
    outer loop
      vertex 75.66252429187094 4.8997427542447625 0
      vertex 62.74729833198465 13.425940155983877 0
      vertex 63.144562683738634 13.433459383648007 0
    endloop
  endfacet
  facet normal 0 0 -1
    outer loop
      vertex 75.66252429187094 4.8997427542447625 0
      vertex 63.144562683738634 13.433459383648007 0
      vertex 63.54012061861893 13.471001681292329 0
    endloop
  endfacet
  facet normal 0 0 -1
    outer loop
      vertex 75.66252429187094 4.8997427542447625 0
      vertex 63.54012061861893 13.471001681292329 0
      vertex 63.931706416596 13.538352010035744 0
    endloop
  endfacet
  facet normal 0 0 -1
    outer loop
      vertex 75.66252429187094 4.8997427542447625 0
      vertex 63.931706416596 13.538352010035744 0
      vertex 64.31707710968075 13.635124593294407 0
    endloop
  endfacet
  facet normal 0 0 -1
    outer loop
      vertex 75.66252429187094 4.8997427542447625 0
      vertex 64.31707710968075 13.635124593294407 0
      vertex 64.69402532944213 13.760765126475068 0
    endloop
  endfacet
  facet normal 0 0 -1
    outer loop
      vertex 75.66252429187094 4.8997427542447625 0
      vertex 64.69402532944213 13.760765126475068 0
      vertex 65.06039195061346 13.914553951981592 0
    endloop
  endfacet
  facet normal 0 0 -1
    outer loop
      vertex 75.66252429187094 4.8997427542447625 0
      vertex 65.06039195061346 13.914553951981592 0
      vertex 65.41407845836662 14.095610181348484 0
    endloop
  endfacet
  facet normal 0 0 -1
    outer loop
      vertex 75.66252429187094 4.8997427542447625 0
      vertex 65.41407845836662 14.095610181348484 0
      vertex 65.75305896841479 14.302896740890255 0
    endloop
  endfacet
  facet normal 0 0 -1
    outer loop
      vertex 75.66252429187094 4.8997427542447625 0
      vertex 65.75305896841479 14.302896740890255 0
      vertex 66.07539183109425 14.535226311965578 0
    endloop
  endfacet
  facet normal 0 0 -1
    outer loop
      vertex 75.66252429187094 4.8997427542447625 0
      vertex 66.07539183109425 14.535226311965578 0
      vertex 66.37923075295782 14.791268131830943 0
    endloop
  endfacet
  facet normal 0 0 -1
    outer loop
      vertex 75.66252429187094 4.8997427542447625 0
      vertex 66.37923075295782 14.791268131830943 0
      vertex 66.6628353721765 15.06955561612912 0
    endloop
  endfacet
  facet normal 0 0 -1
    outer loop
      vertex 75.66252429187094 4.8997427542447625 0
      vertex 66.6628353721765 15.06955561612912 0
      vertex 66.92458122717444 15.368494759351575 0
    endloop
  endfacet
  facet normal 0 0 -1
    outer loop
      vertex 75.66252429187094 4.8997427542447625 0
      vertex 66.92458122717444 15.368494759351575 0
      vertex 67.16296906139775 15.686373265157656 0
    endloop
  endfacet
  facet normal 0 0 -1
    outer loop
      vertex 75.66252429187094 4.8997427542447625 0
      vertex 67.16296906139775 15.686373265157656 0
      vertex 67.37663341092022 16.02137035425295 0
    endloop
  endfacet
  facet normal 0 0 -1
    outer loop
      vertex 75.66252429187094 4.8997427542447625 0
      vertex 67.37663341092022 16.02137035425295 0
      vertex 67.56435042569709 16.371567193648232 0
    endloop
  endfacet
  facet normal 0 0 -1
    outer loop
      vertex 75.66252429187094 4.8997427542447625 0
      vertex 67.56435042569709 16.371567193648232 0
      vertex 67.72504487966721 16.734957887561023 0
    endloop
  endfacet
  facet normal 0 0 -1
    outer loop
      vertex 75.66252429187094 4.8997427542447625 0
      vertex 67.72504487966721 16.734957887561023 0
      vertex 67.85779632955067 17.109460967005006 0
    endloop
  endfacet
  facet normal 0 0 -1
    outer loop
      vertex 75.66252429187094 4.8997427542447625 0
      vertex 67.85779632955067 17.109460967005006 0
      vertex 67.96184438706436 17.492931312255855 0
    endloop
  endfacet
  facet normal 0 0 -1
    outer loop
      vertex 75.66252429187094 4.8997427542447625 0
      vertex 67.96184438706436 17.492931312255855 0
      vertex 68.03659307435741 17.883172439902786 0
    endloop
  endfacet
  facet normal 0 0 -1
    outer loop
      vertex 75.66252429187094 4.8997427542447625 0
      vertex 68.03659307435741 17.883172439902786 0
      vertex 68.08161423771817 18.277949084106606 0
    endloop
  endfacet
  facet normal 0 0 -1
    outer loop
      vertex 75.66252429187094 4.8997427542447625 0
      vertex 68.08161423771817 18.277949084106606 0
      vertex 68.09665 18.675 0
    endloop
  endfacet
  facet normal 0 0 -1
    outer loop
      vertex 75.66252429187094 4.8997427542447625 0
      vertex 68.09665 18.675 0
      vertex 68.08161423771817 19.0720509158934 0
    endloop
  endfacet
  facet normal 0 0 -1
    outer loop
      vertex 75.66252429187094 4.8997427542447625 0
      vertex 68.08161423771817 19.0720509158934 0
      vertex 68.03659307435741 19.46682756009721 0
    endloop
  endfacet
  facet normal 0 0 -1
    outer loop
      vertex 75.66252429187094 4.8997427542447625 0
      vertex 68.03659307435741 19.46682756009721 0
      vertex 67.96184438706436 19.857068687744146 0
    endloop
  endfacet
  facet normal 0 0 -1
    outer loop
      vertex 75.66252429187094 4.8997427542447625 0
      vertex 67.96184438706436 19.857068687744146 0
      vertex 67.85779632955067 20.240539032994995 0
    endloop
  endfacet
  facet normal 0 0 -1
    outer loop
      vertex 81.6933000043869 2.5999999970197685 0
      vertex 79.16829999999999 4.324999999999999 0
      vertex 76.3581632823477 31.535159803317597 0
    endloop
  endfacet
  facet normal 0 0 -1
    outer loop
      vertex 79.16829999999999 4.324999999999999 0
      vertex 79.12621700027815 4.711946792379843 0
      vertex 76.3581632823477 31.535159803317597 0
    endloop
  endfacet
  facet normal 0 0 -1
    outer loop
      vertex 79.12621700027815 4.711946792379843 0
      vertex 79.00193575540771 5.0808003828084765 0
      vertex 76.3581632823477 31.535159803317597 0
    endloop
  endfacet
  facet normal 0 0 -1
    outer loop
      vertex 75.66252429187094 4.8997427542447625 0
      vertex 75.82595708289833 32.097003057081366 0
      vertex 75.82595708289833 5.252996942918639 0
    endloop
  endfacet
  facet normal 0 0 -1
    outer loop
      vertex 75.82595708289833 5.252996942918639 0
      vertex 76.06150811453836 31.78714097406384 0
      vertex 76.06150811453836 5.562859025936161 0
    endloop
  endfacet
  facet normal 0 0 -1
    outer loop
      vertex 76.06150811453836 5.562859025936161 0
      vertex 76.3581632823477 31.535159803317597 0
      vertex 76.3581632823477 5.814840196682402 0
    endloop
  endfacet
  facet normal 0 0 -1
    outer loop
      vertex 76.3581632823477 5.814840196682402 0
      vertex 76.3581632823477 31.535159803317597 0
      vertex 76.70205132038814 5.997158095670224 0
    endloop
  endfacet
  facet normal 0 0 -1
    outer loop
      vertex 76.70205132038814 5.997158095670224 0
      vertex 76.3581632823477 31.535159803317597 0
      vertex 77.07709240620501 6.101287740574746 0
    endloop
  endfacet
  facet normal 0 0 -1
    outer loop
      vertex 77.07709240620501 6.101287740574746 0
      vertex 76.3581632823477 31.535159803317597 0
      vertex 77.46575003545374 6.122360144932022 0
    endloop
  endfacet
  facet normal 0 0 -1
    outer loop
      vertex 77.46575003545374 6.122360144932022 0
      vertex 76.3581632823477 31.535159803317597 0
      vertex 77.84985100935259 6.059389986534601 0
    endloop
  endfacet
  facet normal 0 0 -1
    outer loop
      vertex 77.84985100935259 6.059389986534601 0
      vertex 76.3581632823477 31.535159803317597 0
      vertex 78.2114351932596 5.91532168000284 0
    endloop
  endfacet
  facet normal 0 0 -1
    outer loop
      vertex 78.53359531260728 5.696891699229745 0
      vertex 78.2114351932596 5.91532168000284 0
      vertex 76.3581632823477 31.535159803317597 0
    endloop
  endfacet
  facet normal 0 0 -1
    outer loop
      vertex 79.00193575540771 5.0808003828084765 0
      vertex 78.80126751827015 5.414313587348776 0
      vertex 76.3581632823477 31.535159803317597 0
    endloop
  endfacet
  facet normal 0 0 -1
    outer loop
      vertex 78.80126751827015 5.414313587348776 0
      vertex 78.53359531260728 5.696891699229745 0
      vertex 76.3581632823477 31.535159803317597 0
    endloop
  endfacet
  facet normal 1 0 0
    outer loop
      vertex 81.6933000043869 2.5999999970197685 0
      vertex 81.6933000043869 34.75000000298023 0
      vertex 81.6933000043869 2.5999999970197685 3
    endloop
  endfacet
  facet normal 0 -1 0
    outer loop
      vertex 2.599999997103211 -4.470347647611561e-9 3
      vertex 79.09330000289678 -4.470347647611561e-9 0
      vertex 79.09330000289678 -4.470347647611561e-9 3
    endloop
  endfacet
  facet normal 0 0 1
    outer loop
      vertex 0.7266438559532133 0.7970754981040962 3
      vertex 75.70289792690343 1.9656627705148964 3
      vertex 75.39714652705645 2.2144099844803193 3
    endloop
  endfacet
  facet normal 0 0 1
    outer loop
      vertex 0.7266438559532133 0.7970754981040962 3
      vertex 76.03967261631047 1.7608655450973174 3
      vertex 75.70289792690343 1.9656627705148964 3
    endloop
  endfacet
  facet normal 0 0 1
    outer loop
      vertex 0.4733836606979338 1.1041714802384384 3
      vertex 75.39714652705645 2.2144099844803193 3
      vertex 75.12811398684481 2.5024734970452016 3
    endloop
  endfacet
  facet normal 0 0 1
    outer loop
      vertex 6.565186013155184 2.5024734970452016 3
      vertex 74.90081187346354 2.824487230007561 3
      vertex 62.856650005364415 5.175000000000001 3
    endloop
  endfacet
  facet normal 0 0 1
    outer loop
      vertex 40.396649997019765 5.175000000000001 3
      vertex 41.29665000298023 5.175000000000001 3
      vertex 41.29665000298023 9.175 3
    endloop
  endfacet
  facet normal 0 0 1
    outer loop
      vertex 42.49664999850988 5.175000000000001 3
      vertex 59.45664999940395 7.775000001490117 3
      vertex 42.49664999850988 9.175 3
    endloop
  endfacet
  facet normal 0 0 1
    outer loop
      vertex 1.023813928747174 0.5322385311126716 3
      vertex 77.17122190953586 1.4438203017222655 3
      vertex 76.78073692054689 1.4974912280998396 3
    endloop
  endfacet
  facet normal 0 0 1
    outer loop
      vertex 1.023813928747174 0.5322385311126716 3
      vertex 77.56537809046412 1.4438203017222655 3
      vertex 77.17122190953586 1.4438203017222655 3
    endloop
  endfacet
  facet normal 0 0 1
    outer loop
      vertex 1.023813928747174 0.5322385311126716 3
      vertex 81.37743185766935 1.3579284653067596 3
      vertex 77.56537809046412 1.4438203017222655 3
    endloop
  endfacet
  facet normal 0 0 1
    outer loop
      vertex 1.023813928747174 0.5322385311126716 3
      vertex 76.40119712001609 1.6038332930458665 3
      vertex 76.03967261631047 1.7608655450973174 3
    endloop
  endfacet
  facet normal 0 0 1
    outer loop
      vertex 1.023813928747174 0.5322385311126716 3
      vertex 76.78073692054689 1.4974912280998396 3
      vertex 76.40119712001609 1.6038332930458665 3
    endloop
  endfacet
  facet normal 0 0 1
    outer loop
      vertex 4.912563079453108 1.4974912280998396 3
      vertex 75.12811398684481 2.5024734970452016 3
      vertex 74.90081187346354 2.824487230007561 3
    endloop
  endfacet
  facet normal 0 0 1
    outer loop
      vertex 2.599999997103211 -4.470347647611561e-9 3
      vertex 79.09330000289678 -4.470347647611561e-9 3
      vertex 79.87777355619669 0.12116937637329173 3
    endloop
  endfacet
  facet normal 0 0 1
    outer loop
      vertex 2.599999997103211 -4.470347647611561e-9 3
      vertex 79.87777355619669 0.12116937637329173 3
      vertex 80.2469715804696 0.2699695482850082 3
    endloop
  endfacet
  facet normal 0 0 1
    outer loop
      vertex 2.5004128918886153 0.0019079253077514124 3
      vertex 80.2469715804696 0.2699695482850082 3
      vertex 80.58912851967811 0.4733836606144912 3
    endloop
  endfacet
  facet normal 0 0 1
    outer loop
      vertex 2.1049831167697874 0.047558362782002206 3
      vertex 80.58912851967811 0.4733836606144912 3
      vertex 80.89622450181245 0.7266438558697708 3
    endloop
  endfacet
  facet normal 0 0 1
    outer loop
      vertex 1.721156115913388 0.1530358746647842 3
      vertex 80.89622450181245 0.7266438558697708 3
      vertex 81.16106146880388 1.0238139286637313 3
    endloop
  endfacet
  facet normal 0 0 1
    outer loop
      vertex 1.3579284653902022 0.3158681422472007 3
      vertex 81.16106146880388 1.0238139286637313 3
      vertex 81.37743185766935 1.3579284653067596 3
    endloop
  endfacet
  facet normal 0 0 1
    outer loop
      vertex 60.646650004470345 6.574999998509885 3
      vertex 42.49664999850988 5.175000000000001 3
      vertex 62.856650005364415 5.175000000000001 3
    endloop
  endfacet
  facet normal 0 0 1
    outer loop
      vertex 60.646650004470345 6.574999998509885 3
      vertex 59.45664999940395 6.574999998509885 3
      vertex 42.49664999850988 5.175000000000001 3
    endloop
  endfacet
  facet normal 0 0 1
    outer loop
      vertex 59.45664999940395 7.775000001490117 3
      vertex 42.49664999850988 5.175000000000001 3
      vertex 59.45664999940395 6.574999998509885 3
    endloop
  endfacet
  facet normal 0 0 1
    outer loop
      vertex 60.646650004470345 7.775000001490117 3
      vertex 42.49664999850988 9.175 3
      vertex 59.45664999940395 7.775000001490117 3
    endloop
  endfacet
  facet normal 0 0 1
    outer loop
      vertex 62.856650005364415 9.175 3
      vertex 42.49664999850988 9.175 3
      vertex 60.646650004470345 7.775000001490117 3
    endloop
  endfacet
  facet normal 0 0 1
    outer loop
      vertex 40.15649172507454 15.141774624291296 3
      vertex 41.29665000298023 9.175 3
      vertex 42.49664999850988 9.175 3
    endloop
  endfacet
  facet normal 0 0 1
    outer loop
      vertex 40.15649172507454 15.141774624291296 3
      vertex 42.49664999850988 9.175 3
      vertex 62.856650005364415 9.175 3
    endloop
  endfacet
  facet normal 0 0 1
    outer loop
      vertex 40.15649172507454 15.141774624291296 3
      vertex 62.856650005364415 9.175 3
      vertex 40.5493643562996 15.087295825175989 3
    endloop
  endfacet
  facet normal 0 0 1
    outer loop
      vertex 40.5493643562996 15.087295825175989 3
      vertex 62.856650005364415 9.175 3
      vertex 40.945845632525376 15.076366894710176 3
    endloop
  endfacet
  facet normal 0 0 1
    outer loop
      vertex 40.945845632525376 15.076366894710176 3
      vertex 62.856650005364415 9.175 3
      vertex 41.34112280814627 15.109120495304989 3
    endloop
  endfacet
  facet normal 0 0 1
    outer loop
      vertex 41.34112280814627 15.109120495304989 3
      vertex 62.856650005364415 9.175 3
      vertex 41.730397753706875 15.18515904261841 3
    endloop
  endfacet
  facet normal 0 0 1
    outer loop
      vertex 41.730397753706875 15.18515904261841 3
      vertex 62.856650005364415 9.175 3
      vertex 42.10894519869392 15.303559531690603 3
    endloop
  endfacet
  facet normal 0 0 1
    outer loop
      vertex 42.10894519869392 15.303559531690603 3
      vertex 62.856650005364415 9.175 3
      vertex 42.4721700899192 15.462884740973783 3
    endloop
  endfacet
  facet normal 0 0 1
    outer loop
      vertex 42.4721700899192 15.462884740973783 3
      vertex 61.04665 15.55730854637602 3
      vertex 42.81566336924073 15.661200678254897 3
    endloop
  endfacet
  facet normal 0 0 1
    outer loop
      vertex 42.81566336924073 15.661200678254897 3
      vertex 60.71460309040607 15.77424561962048 3
      vertex 43.13525549355588 15.896100056701245 3
    endloop
  endfacet
  facet normal 0 0 1
    outer loop
      vertex 43.13525549355588 15.896100056701245 3
      vertex 60.408436342147326 16.026393921576727 3
      vertex 43.427067047406425 16.164731516061618 3
    endloop
  endfacet
  facet normal 0 0 1
    outer loop
      vertex 43.427067047406425 16.164731516061618 3
      vertex 60.131866204803174 16.310692713428157 3
      vertex 43.68755583382701 16.463834234317197 3
    endloop
  endfacet
  facet normal 0 0 1
    outer loop
      vertex 43.68755583382701 16.463834234317197 3
      vertex 59.88824986518911 16.62369099296304 3
      vertex 43.913559871817974 16.789777509643642 3
    endloop
  endfacet
  facet normal 0 0 1
    outer loop
      vertex 43.913559871817974 16.789777509643642 3
      vertex 59.68054449565663 16.961589385066535 3
      vertex 44.102335778511275 17.13860483221295 3
    endloop
  endfacet
  facet normal 0 0 1
    outer loop
      vertex 44.102335778511275 17.13860483221295 3
      vertex 59.51127135802671 17.320286260987793 3
      vertex 44.25159207012228 17.506081910863138 3
    endloop
  endfacet
  facet normal 0 0 1
    outer loop
      vertex 44.25159207012228 17.506081910863138 3
      vertex 59.3824851988867 17.695427526556795 3
      vertex 44.35951697745877 17.887748071657047 3
    endloop
  endfacet
  facet normal 0 0 1
    outer loop
      vertex 44.35951697745877 17.887748071657047 3
      vertex 59.2957493077502 18.082459474989356 3
      vertex 44.42480043834462 18.278970404421315 3
    endloop
  endfacet
  facet normal 0 0 1
    outer loop
      vertex 44.42480043834462 18.278970404421315 3
      vertex 59.25211654084006 18.476684062718885 3
      vertex 44.44665 18.675 3
    endloop
  endfacet
  facet normal 0 0 1
    outer loop
      vertex 42.4721700899192 15.462884740973783 3
      vertex 62.856650005364415 9.175 3
      vertex 61.04665 15.55730854637602 3
    endloop
  endfacet
  facet normal 0 0 1
    outer loop
      vertex 42.81566336924073 15.661200678254897 3
      vertex 61.04665 15.55730854637602 3
      vertex 60.71460309040607 15.77424561962048 3
    endloop
  endfacet
  facet normal 0 0 1
    outer loop
      vertex 43.13525549355588 15.896100056701245 3
      vertex 60.71460309040607 15.77424561962048 3
      vertex 60.408436342147326 16.026393921576727 3
    endloop
  endfacet
  facet normal 0 0 1
    outer loop
      vertex 43.427067047406425 16.164731516061618 3
      vertex 60.408436342147326 16.026393921576727 3
      vertex 60.131866204803174 16.310692713428157 3
    endloop
  endfacet
  facet normal 0 0 1
    outer loop
      vertex 43.68755583382701 16.463834234317197 3
      vertex 60.131866204803174 16.310692713428157 3
      vertex 59.88824986518911 16.62369099296304 3
    endloop
  endfacet
  facet normal 0 0 1
    outer loop
      vertex 43.913559871817974 16.789777509643642 3
      vertex 59.88824986518911 16.62369099296304 3
      vertex 59.68054449565663 16.961589385066535 3
    endloop
  endfacet
  facet normal 0 0 1
    outer loop
      vertex 44.102335778511275 17.13860483221295 3
      vertex 59.68054449565663 16.961589385066535 3
      vertex 59.51127135802671 17.320286260987793 3
    endloop
  endfacet
  facet normal 0 0 1
    outer loop
      vertex 44.25159207012228 17.506081910863138 3
      vertex 59.51127135802671 17.320286260987793 3
      vertex 59.3824851988867 17.695427526556795 3
    endloop
  endfacet
  facet normal 0 0 1
    outer loop
      vertex 44.35951697745877 17.887748071657047 3
      vertex 59.3824851988867 17.695427526556795 3
      vertex 59.2957493077502 18.082459474989356 3
    endloop
  endfacet
  facet normal 0 0 1
    outer loop
      vertex 44.42480043834462 18.278970404421315 3
      vertex 59.2957493077502 18.082459474989356 3
      vertex 59.25211654084006 18.476684062718885 3
    endloop
  endfacet
  facet normal 0.07654925840115992 -0.997065800756516 0
    outer loop
      vertex 79.49018813976049 0.030470895767212625 0
      vertex 79.49018813976049 0.030470895767212625 3
      vertex 79.09330000289678 -4.470347647611561e-9 3
    endloop
  endfacet
  facet normal 0.22785350495053003 -0.9736954248027249 0
    outer loop
      vertex 79.87777355619669 0.12116937637329173 0
      vertex 79.87777355619669 0.12116937637329173 3
      vertex 79.49018813976049 0.030470895767212625 3
    endloop
  endfacet
  facet normal 0.37381707139672676 -0.9275024512810598 0
    outer loop
      vertex 80.2469715804696 0.2699695482850082 0
      vertex 80.2469715804696 0.2699695482850082 3
      vertex 79.87777355619669 0.12116937637329173 3
    endloop
  endfacet
  facet normal 0.5110186823681713 -0.8595696052506151 0
    outer loop
      vertex 80.58912851967811 0.4733836606144912 0
      vertex 80.58912851967811 0.4733836606144912 3
      vertex 80.2469715804696 0.2699695482850082 3
    endloop
  endfacet
  facet normal 0.6362424473990902 -0.7714891756386579 0
    outer loop
      vertex 80.89622450181245 0.7266438558697708 0
      vertex 80.89622450181245 0.7266438558697708 3
      vertex 80.58912851967811 0.4733836606144912 3
    endloop
  endfacet
  facet normal 0.7465532146596287 -0.6653257079666879 0
    outer loop
      vertex 81.16106146880388 1.0238139286637313 0
      vertex 81.16106146880388 1.0238139286637313 3
      vertex 80.89622450181245 0.7266438558697708 3
    endloop
  endfacet
  facet normal 0.8393654212848336 -0.543567557486035 0
    outer loop
      vertex 81.37743185766935 1.3579284653067596 0
      vertex 81.37743185766935 1.3579284653067596 3
      vertex 81.16106146880388 1.0238139286637313 3
    endloop
  endfacet
  facet normal 0.9125036236028311 -0.40906862127484517 0
    outer loop
      vertex 81.54026412525177 1.7211561158299453 0
      vertex 81.54026412525177 1.7211561158299453 3
      vertex 81.37743185766935 1.3579284653067596 3
    endloop
  endfacet
  facet normal 0.9642534926212311 -0.26498151250182994 0
    outer loop
      vertex 81.64574163713455 2.104983116686345 0
      vertex 81.64574163713455 2.104983116686345 3
      vertex 81.54026412525177 1.7211561158299453 3
    endloop
  endfacet
  facet normal 0.9934020900851751 -0.11468342257887829 0
    outer loop
      vertex 81.6913920746088 2.5004128918051727 0
      vertex 81.6913920746088 2.5004128918051727 3
      vertex 81.64574163713455 2.104983116686345 3
    endloop
  endfacet
  facet normal 0.9998165283249307 -0.01915488679901077 0
    outer loop
      vertex 81.6933000043869 2.5999999970197685 0
      vertex 81.6933000043869 2.5999999970197685 3
      vertex 81.6913920746088 2.5004128918051727 3
    endloop
  endfacet
  facet normal 0 0 1
    outer loop
      vertex 74.90081187346354 2.824487230007561 3
      vertex 64.39664999701976 5.934999997913838 3
      vertex 62.856650005364415 5.175000000000001 3
    endloop
  endfacet
  facet normal 0 0 1
    outer loop
      vertex 64.39664999701976 6.574999998509885 3
      vertex 63.75664999642372 6.574999998509885 3
      vertex 62.856650005364415 5.175000000000001 3
    endloop
  endfacet
  facet normal 0 0 1
    outer loop
      vertex 63.75664999642372 7.775000001490117 3
      vertex 62.856650005364415 5.175000000000001 3
      vertex 63.75664999642372 6.574999998509885 3
    endloop
  endfacet
  facet normal 0 0 1
    outer loop
      vertex 64.39664999701976 6.574999998509885 3
      vertex 62.856650005364415 5.175000000000001 3
      vertex 64.39664999701976 5.934999997913838 3
    endloop
  endfacet
  facet normal 0 0 1
    outer loop
      vertex 62.856650005364415 5.175000000000001 3
      vertex 63.75664999642372 7.775000001490117 3
      vertex 62.856650005364415 9.175 3
    endloop
  endfacet
  facet normal 0 0 1
    outer loop
      vertex 62.856650005364415 9.175 3
      vertex 63.75664999642372 7.775000001490117 3
      vertex 64.39664999701976 7.775000001490117 3
    endloop
  endfacet
  facet normal 0 0 1
    outer loop
      vertex 65.59665 7.775000001490117 3
      vertex 66.23665000059604 7.775000001490117 3
      vertex 65.59665 8.415000002086163 3
    endloop
  endfacet
  facet normal 0 0 1
    outer loop
      vertex 62.856650005364415 9.175 3
      vertex 64.39664999701976 7.775000001490117 3
      vertex 64.39664999701976 8.415000002086163 3
    endloop
  endfacet
  facet normal 0 0 1
    outer loop
      vertex 74.90081187346354 2.824487230007561 3
      vertex 65.59665 5.934999997913838 3
      vertex 64.39664999701976 5.934999997913838 3
    endloop
  endfacet
  facet normal 0 0 1
    outer loop
      vertex 74.90081187346354 2.824487230007561 3
      vertex 65.59665 6.574999998509885 3
      vertex 65.59665 5.934999997913838 3
    endloop
  endfacet
  facet normal 0 0 1
    outer loop
      vertex 74.90081187346354 2.824487230007561 3
      vertex 66.23665000059604 6.574999998509885 3
      vertex 65.59665 6.574999998509885 3
    endloop
  endfacet
  facet normal 0 0 1
    outer loop
      vertex 74.90081187346354 2.824487230007561 3
      vertex 65.59665 8.415000002086163 3
      vertex 66.23665000059604 7.775000001490117 3
    endloop
  endfacet
  facet normal 0 0 1
    outer loop
      vertex 74.90081187346354 2.824487230007561 3
      vertex 66.23665000059604 7.775000001490117 3
      vertex 66.23665000059604 6.574999998509885 3
    endloop
  endfacet
  facet normal 0 0 1
    outer loop
      vertex 61.04665 15.55730854637602 3
      vertex 65.59665 8.415000002086163 3
      vertex 74.90081187346354 2.824487230007561 3
    endloop
  endfacet
  facet normal 0 0 1
    outer loop
      vertex 74.90081187346354 2.824487230007561 3
      vertex 74.71947439521281 3.1744526767956884 3
      vertex 61.40054647124931 15.378216024041794 3
    endloop
  endfacet
  facet normal 0 0 1
    outer loop
      vertex 74.71947439521281 3.1744526767956884 3
      vertex 74.58747952620877 3.545850643295978 3
      vertex 61.7719966803939 15.239141993233774 3
    endloop
  endfacet
  facet normal 0 0 1
    outer loop
      vertex 74.58747952620877 3.545850643295978 3
      vertex 74.50728608111706 3.931762688104465 3
      vertex 62.5493643562996 15.087295825175989 3
    endloop
  endfacet
  facet normal 0 0 1
    outer loop
      vertex 74.50728608111706 3.931762688104465 3
      vertex 74.4803879120879 4.324999999999999 3
      vertex 62.945845632525376 15.076366894710176 3
    endloop
  endfacet
  facet normal 0 0 1
    outer loop
      vertex 74.4803879120879 4.324999999999999 3
      vertex 74.50728608111706 4.718237311895534 3
      vertex 63.34112280814627 15.109120495304989 3
    endloop
  endfacet
  facet normal 0 0 1
    outer loop
      vertex 74.50728608111706 4.718237311895534 3
      vertex 74.58747952620877 5.104149356704021 3
      vertex 63.730397753706875 15.18515904261841 3
    endloop
  endfacet
  facet normal 0 0 1
    outer loop
      vertex 74.58747952620877 5.104149356704021 3
      vertex 74.71947439521281 5.47554732320431 3
      vertex 64.10894519869392 15.303559531690603 3
    endloop
  endfacet
  facet normal 0 0 1
    outer loop
      vertex 74.71947439521281 5.47554732320431 3
      vertex 74.90081187346354 5.825512769992438 3
      vertex 64.4721700899192 15.462884740973783 3
    endloop
  endfacet
  facet normal 0 0 1
    outer loop
      vertex 77.56537809046412 1.4438203017222655 3
      vertex 81.37743185766935 1.3579284653067596 3
      vertex 77.9558630794531 1.4974912280998396 3
    endloop
  endfacet
  facet normal 0 0 1
    outer loop
      vertex 79.09330000289678 -4.470347647611561e-9 3
      vertex 79.49018813976049 0.030470895767212625 3
      vertex 79.87777355619669 0.12116937637329173 3
    endloop
  endfacet
  facet normal 0 0 1
    outer loop
      vertex 77.9558630794531 1.4974912280998396 3
      vertex 81.37743185766935 1.3579284653067596 3
      vertex 78.33540287998389 1.6038332930458665 3
    endloop
  endfacet
  facet normal 0 0 1
    outer loop
      vertex 78.33540287998389 1.6038332930458665 3
      vertex 81.54026412525177 1.7211561158299453 3
      vertex 78.69692738368951 1.7608655450973139 3
    endloop
  endfacet
  facet normal 0 0 1
    outer loop
      vertex 78.69692738368951 1.7608655450973139 3
      vertex 81.54026412525177 1.7211561158299453 3
      vertex 79.03370207309655 1.9656627705148964 3
    endloop
  endfacet
  facet normal 0 0 1
    outer loop
      vertex 79.03370207309655 1.9656627705148964 3
      vertex 81.64574163713455 2.104983116686345 3
      vertex 79.33945347294353 2.2144099844803193 3
    endloop
  endfacet
  facet normal 0 0 1
    outer loop
      vertex 78.33540287998389 1.6038332930458665 3
      vertex 81.37743185766935 1.3579284653067596 3
      vertex 81.54026412525177 1.7211561158299453 3
    endloop
  endfacet
  facet normal 0 0 1
    outer loop
      vertex 79.03370207309655 1.9656627705148964 3
      vertex 81.54026412525177 1.7211561158299453 3
      vertex 81.64574163713455 2.104983116686345 3
    endloop
  endfacet
  facet normal 0 0 1
    outer loop
      vertex 79.33945347294353 2.2144099844803193 3
      vertex 81.64574163713455 2.104983116686345 3
      vertex 81.6913920746088 2.5004128918051727 3
    endloop
  endfacet
  facet normal 0 0 1
    outer loop
      vertex 79.33945347294353 2.2144099844803193 3
      vertex 81.6913920746088 2.5004128918051727 3
      vertex 79.60848601315517 2.5024734970452016 3
    endloop
  endfacet
  facet normal 0 0 1
    outer loop
      vertex 79.60848601315517 2.5024734970452016 3
      vertex 81.6933000043869 2.5999999970197685 3
      vertex 79.83578812653644 2.8244872300075627 3
    endloop
  endfacet
  facet normal 0 0 1
    outer loop
      vertex 79.60848601315517 2.5024734970452016 3
      vertex 81.6913920746088 2.5004128918051727 3
      vertex 81.6933000043869 2.5999999970197685 3
    endloop
  endfacet
  facet normal 0 0 1
    outer loop
      vertex 79.83578812653644 2.8244872300075627 3
      vertex 81.6933000043869 2.5999999970197685 3
      vertex 80.01712560478717 3.17445267679569 3
    endloop
  endfacet
  facet normal 0 0 1
    outer loop
      vertex 80.01712560478717 3.17445267679569 3
      vertex 81.6933000043869 2.5999999970197685 3
      vertex 80.14912047379121 3.545850643295978 3
    endloop
  endfacet
  facet normal 0 0 1
    outer loop
      vertex 81.6933000043869 2.5999999970197685 3
      vertex 80.22931391888292 3.931762688104465 3
      vertex 80.14912047379121 3.545850643295978 3
    endloop
  endfacet
  facet normal 0 0 1
    outer loop
      vertex 81.6933000043869 2.5999999970197685 3
      vertex 80.25621208791208 4.324999999999999 3
      vertex 80.22931391888292 3.931762688104465 3
    endloop
  endfacet
  facet normal 0 0 1
    outer loop
      vertex 74.90081187346354 5.825512769992438 3
      vertex 75.12811398684481 6.147526502954797 3
      vertex 64.81566336924072 15.661200678254897 3
    endloop
  endfacet
  facet normal 0 0 1
    outer loop
      vertex 61.04665 15.55730854637602 3
      vertex 62.856650005364415 9.175 3
      vertex 64.39664999701976 8.415000002086163 3
    endloop
  endfacet
  facet normal 0 0 1
    outer loop
      vertex 61.04665 15.55730854637602 3
      vertex 64.39664999701976 8.415000002086163 3
      vertex 65.59665 8.415000002086163 3
    endloop
  endfacet
  facet normal 0 0 1
    outer loop
      vertex 61.04665 15.55730854637602 3
      vertex 74.90081187346354 2.824487230007561 3
      vertex 61.40054647124931 15.378216024041794 3
    endloop
  endfacet
  facet normal 0 0 1
    outer loop
      vertex 74.71947439521281 3.1744526767956884 3
      vertex 61.7719966803939 15.239141993233774 3
      vertex 61.40054647124931 15.378216024041794 3
    endloop
  endfacet
  facet normal 0 0 1
    outer loop
      vertex 74.58747952620877 3.545850643295978 3
      vertex 62.156491725074545 15.141774624291296 3
      vertex 61.7719966803939 15.239141993233774 3
    endloop
  endfacet
  facet normal 0 0 1
    outer loop
      vertex 74.58747952620877 3.545850643295978 3
      vertex 62.5493643562996 15.087295825175989 3
      vertex 62.156491725074545 15.141774624291296 3
    endloop
  endfacet
  facet normal 0 0 1
    outer loop
      vertex 74.50728608111706 3.931762688104465 3
      vertex 62.945845632525376 15.076366894710176 3
      vertex 62.5493643562996 15.087295825175989 3
    endloop
  endfacet
  facet normal 0 0 1
    outer loop
      vertex 74.4803879120879 4.324999999999999 3
      vertex 63.34112280814627 15.109120495304989 3
      vertex 62.945845632525376 15.076366894710176 3
    endloop
  endfacet
  facet normal 0 0 1
    outer loop
      vertex 74.50728608111706 4.718237311895534 3
      vertex 63.730397753706875 15.18515904261841 3
      vertex 63.34112280814627 15.109120495304989 3
    endloop
  endfacet
  facet normal 0 0 1
    outer loop
      vertex 74.58747952620877 5.104149356704021 3
      vertex 64.10894519869392 15.303559531690603 3
      vertex 63.730397753706875 15.18515904261841 3
    endloop
  endfacet
  facet normal 0 0 1
    outer loop
      vertex 74.71947439521281 5.47554732320431 3
      vertex 64.4721700899192 15.462884740973783 3
      vertex 64.10894519869392 15.303559531690603 3
    endloop
  endfacet
  facet normal 0 0 1
    outer loop
      vertex 74.90081187346354 5.825512769992438 3
      vertex 64.81566336924072 15.661200678254897 3
      vertex 64.4721700899192 15.462884740973783 3
    endloop
  endfacet
  facet normal 0 0 1
    outer loop
      vertex 75.12811398684481 6.147526502954797 3
      vertex 65.13525549355589 15.896100056701245 3
      vertex 64.81566336924072 15.661200678254897 3
    endloop
  endfacet
  facet normal 0 0 1
    outer loop
      vertex 75.39714652705645 6.435590015519681 3
      vertex 65.42706704740642 16.164731516061618 3
      vertex 65.13525549355589 15.896100056701245 3
    endloop
  endfacet
  facet normal 0 0 1
    outer loop
      vertex 75.39714652705645 6.435590015519681 3
      vertex 65.68755583382702 16.463834234317197 3
      vertex 65.42706704740642 16.164731516061618 3
    endloop
  endfacet
  facet normal 0 0 1
    outer loop
      vertex 75.70289792690343 6.6843372294851005 3
      vertex 65.91355987181797 16.789777509643642 3
      vertex 65.68755583382702 16.463834234317197 3
    endloop
  endfacet
  facet normal 0 0 1
    outer loop
      vertex 76.03967261631047 6.889134454902683 3
      vertex 66.10233577851128 17.13860483221295 3
      vertex 65.91355987181797 16.789777509643642 3
    endloop
  endfacet
  facet normal 0 0 1
    outer loop
      vertex 76.40119712001609 7.04616670695413 3
      vertex 66.25159207012229 17.506081910863138 3
      vertex 66.10233577851128 17.13860483221295 3
    endloop
  endfacet
  facet normal 0 0 1
    outer loop
      vertex 76.78073692054689 7.152508771900157 3
      vertex 66.35951697745877 17.887748071657047 3
      vertex 66.25159207012229 17.506081910863138 3
    endloop
  endfacet
  facet normal 0 0 1
    outer loop
      vertex 77.17122190953586 7.206179698277731 3
      vertex 66.42480043834462 18.278970404421315 3
      vertex 66.35951697745877 17.887748071657047 3
    endloop
  endfacet
  facet normal 0 0 1
    outer loop
      vertex 77.17122190953586 7.206179698277731 3
      vertex 66.44665 18.675 3
      vertex 66.42480043834462 18.278970404421315 3
    endloop
  endfacet
  facet normal 0 0 1
    outer loop
      vertex 75.12811398684481 6.147526502954797 3
      vertex 75.39714652705645 6.435590015519681 3
      vertex 65.13525549355589 15.896100056701245 3
    endloop
  endfacet
  facet normal 0 0 1
    outer loop
      vertex 75.39714652705645 6.435590015519681 3
      vertex 75.70289792690343 6.6843372294851005 3
      vertex 65.68755583382702 16.463834234317197 3
    endloop
  endfacet
  facet normal 0 0 1
    outer loop
      vertex 75.70289792690343 6.6843372294851005 3
      vertex 76.03967261631047 6.889134454902683 3
      vertex 65.91355987181797 16.789777509643642 3
    endloop
  endfacet
  facet normal 0 0 1
    outer loop
      vertex 76.03967261631047 6.889134454902683 3
      vertex 76.40119712001609 7.04616670695413 3
      vertex 66.10233577851128 17.13860483221295 3
    endloop
  endfacet
  facet normal 0 0 1
    outer loop
      vertex 76.40119712001609 7.04616670695413 3
      vertex 76.78073692054689 7.152508771900157 3
      vertex 66.25159207012229 17.506081910863138 3
    endloop
  endfacet
  facet normal 0 0 1
    outer loop
      vertex 76.78073692054689 7.152508771900157 3
      vertex 77.17122190953586 7.206179698277731 3
      vertex 66.35951697745877 17.887748071657047 3
    endloop
  endfacet
  facet normal 0 0 1
    outer loop
      vertex 81.6933000043869 2.5999999970197685 3
      vertex 79.33945347294353 30.914409984480322 3
      vertex 80.25621208791208 4.324999999999999 3
    endloop
  endfacet
  facet normal 0 0 1
    outer loop
      vertex 80.25621208791208 4.324999999999999 3
      vertex 79.33945347294353 30.914409984480322 3
      vertex 80.22931391888292 4.718237311895534 3
    endloop
  endfacet
  facet normal 0 0 1
    outer loop
      vertex 80.22931391888292 4.718237311895534 3
      vertex 79.33945347294353 30.914409984480322 3
      vertex 80.14912047379121 5.104149356704021 3
    endloop
  endfacet
  facet normal 0 0 1
    outer loop
      vertex 80.14912047379121 5.104149356704021 3
      vertex 79.33945347294353 30.914409984480322 3
      vertex 80.01712560478717 5.47554732320431 3
    endloop
  endfacet
  facet normal 0 0 1
    outer loop
      vertex 77.17122190953586 7.206179698277731 3
      vertex 77.56537809046412 7.206179698277731 3
      vertex 79.33945347294353 30.914409984480322 3
    endloop
  endfacet
  facet normal 0 0 1
    outer loop
      vertex 77.56537809046412 7.206179698277731 3
      vertex 77.9558630794531 7.152508771900157 3
      vertex 79.33945347294353 30.914409984480322 3
    endloop
  endfacet
  facet normal 0 0 1
    outer loop
      vertex 79.03370207309655 6.6843372294851005 3
      vertex 79.33945347294353 30.914409984480322 3
      vertex 78.69692738368951 6.889134454902683 3
    endloop
  endfacet
  facet normal 0 0 1
    outer loop
      vertex 78.69692738368951 6.889134454902683 3
      vertex 79.33945347294353 30.914409984480322 3
      vertex 78.33540287998389 7.04616670695413 3
    endloop
  endfacet
  facet normal 0 0 1
    outer loop
      vertex 77.9558630794531 7.152508771900157 3
      vertex 78.33540287998389 7.04616670695413 3
      vertex 79.33945347294353 30.914409984480322 3
    endloop
  endfacet
  facet normal 0 0 1
    outer loop
      vertex 80.01712560478717 5.47554732320431 3
      vertex 79.33945347294353 30.914409984480322 3
      vertex 79.83578812653644 5.825512769992438 3
    endloop
  endfacet
  facet normal 0 0 1
    outer loop
      vertex 79.83578812653644 5.825512769992438 3
      vertex 79.33945347294353 30.914409984480322 3
      vertex 79.60848601315517 6.147526502954799 3
    endloop
  endfacet
  facet normal 0 0 1
    outer loop
      vertex 79.60848601315517 6.147526502954799 3
      vertex 79.33945347294353 30.914409984480322 3
      vertex 79.33945347294353 6.435590015519681 3
    endloop
  endfacet
  facet normal 0 0 1
    outer loop
      vertex 79.03370207309655 6.6843372294851005 3
      vertex 79.33945347294353 6.435590015519681 3
      vertex 79.33945347294353 30.914409984480322 3
    endloop
  endfacet
  facet normal 0 0 -1
    outer loop
      vertex 46.09665 18.675 0
      vertex 46.08161423771817 19.0720509158934 0
      vertex 57.60041028721426 18.87366775276777 0
    endloop
  endfacet
  facet normal 0 0 -1
    outer loop
      vertex 46.08161423771817 19.0720509158934 0
      vertex 46.03659307435741 19.46682756009721 0
      vertex 57.63046027319328 19.26986530740667 0
    endloop
  endfacet
  facet normal 0 0 -1
    outer loop
      vertex 46.03659307435741 19.46682756009721 0
      vertex 45.96184438706437 19.857068687744146 0
      vertex 57.690388121552935 19.66265552743533 0
    endloop
  endfacet
  facet normal 0 0 -1
    outer loop
      vertex 45.85779632955066 20.240539032994995 0
      vertex 57.77985057100484 20.049788546044237 0
      vertex 45.96184438706437 19.857068687744146 0
    endloop
  endfacet
  facet normal 0 0 -1
    outer loop
      vertex 45.85779632955066 20.240539032994995 0
      vertex 45.725044879667216 20.615042112438974 0
      vertex 57.89833518874022 20.429046900361296 0
    endloop
  endfacet
  facet normal 0 0 -1
    outer loop
      vertex 57.60041028721426 18.476332247232232 0
      vertex 46.09665 18.675 0
      vertex 57.60041028721426 18.87366775276777 0
    endloop
  endfacet
  facet normal 0 0 -1
    outer loop
      vertex 46.08161423771817 19.0720509158934 0
      vertex 57.63046027319328 19.26986530740667 0
      vertex 57.60041028721426 18.87366775276777 0
    endloop
  endfacet
  facet normal 0 0 -1
    outer loop
      vertex 46.03659307435741 19.46682756009721 0
      vertex 57.690388121552935 19.66265552743533 0
      vertex 57.63046027319328 19.26986530740667 0
    endloop
  endfacet
  facet normal 0 0 -1
    outer loop
      vertex 45.96184438706437 19.857068687744146 0
      vertex 57.77985057100484 20.049788546044237 0
      vertex 57.690388121552935 19.66265552743533 0
    endloop
  endfacet
  facet normal 0 0 -1
    outer loop
      vertex 45.85779632955066 20.240539032994995 0
      vertex 57.89833518874022 20.429046900361296 0
      vertex 57.77985057100484 20.049788546044237 0
    endloop
  endfacet
  facet normal 0 0 -1
    outer loop
      vertex 45.725044879667216 20.615042112438974 0
      vertex 58.045163305598535 20.798258232878354 0
      vertex 57.89833518874022 20.429046900361296 0
    endloop
  endfacet
  facet normal 0 0 -1
    outer loop
      vertex 45.725044879667216 20.615042112438974 0
      vertex 58.219493903423086 21.155307734518274 0
      vertex 58.045163305598535 20.798258232878354 0
    endloop
  endfacet
  facet normal 0 0 -1
    outer loop
      vertex 45.725044879667216 20.615042112438974 0
      vertex 58.4203284323368 21.498150258069813 0
      vertex 58.219493903423086 21.155307734518274 0
    endloop
  endfacet
  facet normal 0 0 -1
    outer loop
      vertex 45.725044879667216 20.615042112438974 0
      vertex 58.646516530345494 21.824822032605653 0
      vertex 58.4203284323368 21.498150258069813 0
    endloop
  endfacet
  facet normal 0 0 -1
    outer loop
      vertex 45.725044879667216 20.615042112438974 0
      vertex 58.896762612507196 22.13345191178442 0
      vertex 58.646516530345494 21.824822032605653 0
    endloop
  endfacet
  facet normal 0 0 -1
    outer loop
      vertex 45.725044879667216 20.615042112438974 0
      vertex 59.16963329192541 22.42227209160748 0
      vertex 58.896762612507196 22.13345191178442 0
    endloop
  endfacet
  facet normal 0 0 -1
    outer loop
      vertex 45.725044879667216 20.615042112438974 0
      vertex 59.46356559005939 22.689628236240168 0
      vertex 59.16963329192541 22.42227209160748 0
    endloop
  endfacet
  facet normal 0 0 -1
    outer loop
      vertex 45.725044879667216 20.615042112438974 0
      vertex 59.77687588932375 22.93398895389761 0
      vertex 59.46356559005939 22.689628236240168 0
    endloop
  endfacet
  facet normal 0 0 -1
    outer loop
      vertex 45.725044879667216 20.615042112438974 0
      vertex 60.10776957669745 23.153954568518202 0
      vertex 59.77687588932375 22.93398895389761 0
    endloop
  endfacet
  facet normal 0 0 -1
    outer loop
      vertex 45.725044879667216 20.615042112438974 0
      vertex 45.56435042569708 20.97843280635177 0
      vertex 75.66252429187094 32.45025724575524 0
    endloop
  endfacet
  facet normal 0 0 -1
    outer loop
      vertex 45.56435042569708 20.97843280635177 0
      vertex 45.37663341092021 21.32862964574705 0
      vertex 75.66252429187094 32.45025724575524 0
    endloop
  endfacet
  facet normal 0 0 -1
    outer loop
      vertex 45.37663341092021 21.32862964574705 0
      vertex 45.162969061397746 21.663626734842346 0
      vertex 75.57885167712215 32.830385766836905 0
    endloop
  endfacet
  facet normal 0 0 -1
    outer loop
      vertex 45.162969061397746 21.663626734842346 0
      vertex 44.92458122717444 21.981505240648424 0
      vertex 75.57885167712215 32.830385766836905 0
    endloop
  endfacet
  facet normal 0 0 -1
    outer loop
      vertex 41.540120618618936 23.878998318707673 0
      vertex 76.06150811453836 34.262859025936166 0
      vertex 41.931706416596 23.811647989964257 0
    endloop
  endfacet
  facet normal 0 0 -1
    outer loop
      vertex 41.931706416596 23.811647989964257 0
      vertex 76.06150811453836 34.262859025936166 0
      vertex 42.31707710968076 23.714875406705595 0
    endloop
  endfacet
  facet normal 0 0 -1
    outer loop
      vertex 41.144562683738634 23.916540616351995 0
      vertex 76.3581632823477 34.51484019668241 0
      vertex 41.540120618618936 23.878998318707673 0
    endloop
  endfacet
  facet normal 0 0 -1
    outer loop
      vertex 44.6628353721765 22.280444383870883 0
      vertex 44.379230752957824 22.558731868169062 0
      vertex 75.57885167712215 33.2196142331631 0
    endloop
  endfacet
  facet normal 0 0 -1
    outer loop
      vertex 44.379230752957824 22.558731868169062 0
      vertex 44.07539183109425 22.81477368803442 0
      vertex 75.57885167712215 33.2196142331631 0
    endloop
  endfacet
  facet normal 0 0 -1
    outer loop
      vertex 43.75305896841479 23.047103259109747 0
      vertex 75.66252429187094 33.599742754244765 0
      vertex 44.07539183109425 22.81477368803442 0
    endloop
  endfacet
  facet normal 0 0 -1
    outer loop
      vertex 43.75305896841479 23.047103259109747 0
      vertex 43.41407845836662 23.254389818651518 0
      vertex 75.66252429187094 33.599742754244765 0
    endloop
  endfacet
  facet normal 0 0 -1
    outer loop
      vertex 44.92458122717444 21.981505240648424 0
      vertex 44.6628353721765 22.280444383870883 0
      vertex 75.57885167712215 33.2196142331631 0
    endloop
  endfacet
  facet normal 0 0 -1
    outer loop
      vertex 42.69402532944212 23.589234873524934 0
      vertex 42.31707710968076 23.714875406705595 0
      vertex 75.82595708289833 33.952996942918645 0
    endloop
  endfacet
  facet normal 0 0 -1
    outer loop
      vertex 42.69402532944212 23.589234873524934 0
      vertex 75.82595708289833 33.952996942918645 0
      vertex 43.060391950613464 23.43544604801841 0
    endloop
  endfacet
  facet normal 0 0 -1
    outer loop
      vertex 43.41407845836662 23.254389818651518 0
      vertex 43.060391950613464 23.43544604801841 0
      vertex 75.82595708289833 33.952996942918645 0
    endloop
  endfacet
  facet normal 0 0 -1
    outer loop
      vertex 45.725044879667216 20.615042112438974 0
      vertex 75.82595708289833 32.097003057081366 0
      vertex 60.10776957669745 23.153954568518202 0
    endloop
  endfacet
  facet normal 0 0 -1
    outer loop
      vertex 5.168135193259623 31.43467831999716 0
      vertex 76.3581632823477 34.51484019668241 0
      vertex 41.144562683738634 23.916540616351995 0
    endloop
  endfacet
  facet normal 0 0 -1
    outer loop
      vertex 5.168135193259623 31.43467831999716 0
      vertex 76.70205132038814 34.697158095670225 0
      vertex 76.3581632823477 34.51484019668241 0
    endloop
  endfacet
  facet normal 0 0 -1
    outer loop
      vertex 5.168135193259623 31.43467831999716 0
      vertex 77.07709240620501 34.80128774057475 0
      vertex 76.70205132038814 34.697158095670225 0
    endloop
  endfacet
  facet normal 0 0 -1
    outer loop
      vertex 5.168135193259623 31.43467831999716 0
      vertex 77.46575003545374 34.82236014493202 0
      vertex 77.07709240620501 34.80128774057475 0
    endloop
  endfacet
  facet normal 0 0 -1
    outer loop
      vertex 5.168135193259623 31.43467831999716 0
      vertex 81.57213062354326 35.53447355628013 0
      vertex 77.46575003545374 34.82236014493202 0
    endloop
  endfacet
  facet normal 0 0 -1
    outer loop
      vertex 0.7970754981875388 36.62335614413023 0
      vertex 79.5883168832302 37.302441637217996 0
      vertex 79.9721438840866 37.196964125335214 0
    endloop
  endfacet
  facet normal 0 0 -1
    outer loop
      vertex 1.4463284195303885 37.08003045171499 0
      vertex 79.09330000289678 37.350000004470346 0
      vertex 79.19288710811138 37.34809207469225 0
    endloop
  endfacet
  facet normal 0 0 -1
    outer loop
      vertex 1.104171480321881 36.87661633938551 0
      vertex 79.19288710811138 37.34809207469225 0
      vertex 79.5883168832302 37.302441637217996 0
    endloop
  endfacet
  facet normal 0 0 -1
    outer loop
      vertex 0.0019079253911939986 34.849587108194825 0
      vertex 81.21991633930206 36.24582851976156 0
      vertex 81.42333045163154 35.90367158055305 0
    endloop
  endfacet
  facet normal 0 0 -1
    outer loop
      vertex 0.04755836286544479 35.24501688331365 0
      vertex 80.96665614404678 36.5529245018959 0
      vertex 81.21991633930206 36.24582851976156 0
    endloop
  endfacet
  facet normal 0 0 -1
    outer loop
      vertex 4.422450035453757 34.82236014493202 0
      vertex 81.42333045163154 35.90367158055305 0
      vertex 81.57213062354326 35.53447355628013 0
    endloop
  endfacet
  facet normal 0 0 -1
    outer loop
      vertex 0.15303587474822677 35.62884388417005 0
      vertex 80.66948607125282 36.817761468887326 0
      vertex 80.96665614404678 36.5529245018959 0
    endloop
  endfacet
  facet normal 0 0 -1
    outer loop
      vertex 0.3158681423306433 35.99207153469324 0
      vertex 80.33537153460979 37.0341318577528 0
      vertex 80.66948607125282 36.817761468887326 0
    endloop
  endfacet
  facet normal 0 0 -1
    outer loop
      vertex 0.5322385311961142 36.32618607133627 0
      vertex 79.9721438840866 37.196964125335214 0
      vertex 80.33537153460979 37.0341318577528 0
    endloop
  endfacet
  facet normal 0 1 0
    outer loop
      vertex 2.599999997103211 37.350000004470346 0
      vertex 79.09330000289678 37.350000004470346 3
      vertex 79.09330000289678 37.350000004470346 0
    endloop
  endfacet
  facet normal 0 0 -1
    outer loop
      vertex 60.10776957669745 23.153954568518202 0
      vertex 75.82595708289833 32.097003057081366 0
      vertex 60.45435132310473 23.348265136981333 0
    endloop
  endfacet
  facet normal 0 0 -1
    outer loop
      vertex 60.45435132310473 23.348265136981333 0
      vertex 75.82595708289833 32.097003057081366 0
      vertex 60.81463593968836 23.51580766594747 0
    endloop
  endfacet
  facet normal 0 0 -1
    outer loop
      vertex 60.81463593968836 23.51580766594747 0
      vertex 75.82595708289833 32.097003057081366 0
      vertex 61.18655974879167 23.655622486983237 0
    endloop
  endfacet
  facet normal 0 0 -1
    outer loop
      vertex 61.18655974879167 23.655622486983237 0
      vertex 75.82595708289833 32.097003057081366 0
      vertex 61.567992404517284 23.76690875345527 0
    endloop
  endfacet
  facet normal 0 0 -1
    outer loop
      vertex 67.85779632955067 20.240539032994995 0
      vertex 67.72504487966722 20.615042112438974 0
      vertex 75.82595708289833 32.097003057081366 0
    endloop
  endfacet
  facet normal 0 0 -1
    outer loop
      vertex 67.37663341092022 21.32862964574705 0
      vertex 67.16296906139775 21.663626734842346 0
      vertex 75.82595708289833 32.097003057081366 0
    endloop
  endfacet
  facet normal 0 0 -1
    outer loop
      vertex 66.92458122717444 21.981505240648424 0
      vertex 75.82595708289833 32.097003057081366 0
      vertex 67.16296906139775 21.663626734842346 0
    endloop
  endfacet
  facet normal 0 0 -1
    outer loop
      vertex 66.92458122717444 21.981505240648424 0
      vertex 66.6628353721765 22.280444383870883 0
      vertex 75.82595708289833 32.097003057081366 0
    endloop
  endfacet
  facet normal 0 0 -1
    outer loop
      vertex 66.6628353721765 22.280444383870883 0
      vertex 66.37923075295782 22.558731868169062 0
      vertex 75.82595708289833 32.097003057081366 0
    endloop
  endfacet
  facet normal 0 0 -1
    outer loop
      vertex 67.56435042569709 20.97843280635177 0
      vertex 75.82595708289833 32.097003057081366 0
      vertex 67.72504487966722 20.615042112438974 0
    endloop
  endfacet
  facet normal 0 0 -1
    outer loop
      vertex 67.56435042569709 20.97843280635177 0
      vertex 67.37663341092022 21.32862964574705 0
      vertex 75.82595708289833 32.097003057081366 0
    endloop
  endfacet
  facet normal 0 0 -1
    outer loop
      vertex 61.567992404517284 23.76690875345527 0
      vertex 75.82595708289833 32.097003057081366 0
      vertex 61.95674909515549 23.84902902770722 0
    endloop
  endfacet
  facet normal 0 0 -1
    outer loop
      vertex 61.95674909515549 23.84902902770722 0
      vertex 75.82595708289833 32.097003057081366 0
      vertex 62.35060305758783 23.901512932244934 0
    endloop
  endfacet
  facet normal 0 0 -1
    outer loop
      vertex 62.35060305758783 23.901512932244934 0
      vertex 75.82595708289833 32.097003057081366 0
      vertex 62.74729833198465 23.924059844016124 0
    endloop
  endfacet
  facet normal 0 0 -1
    outer loop
      vertex 62.74729833198465 23.924059844016124 0
      vertex 75.82595708289833 32.097003057081366 0
      vertex 63.144562683738634 23.916540616351995 0
    endloop
  endfacet
  facet normal 0 0 -1
    outer loop
      vertex 63.144562683738634 23.916540616351995 0
      vertex 75.82595708289833 32.097003057081366 0
      vertex 63.540120618618936 23.878998318707673 0
    endloop
  endfacet
  facet normal 0 0 -1
    outer loop
      vertex 63.931706416596 23.811647989964257 0
      vertex 75.82595708289833 32.097003057081366 0
      vertex 64.31707710968075 23.714875406705595 0
    endloop
  endfacet
  facet normal 0 0 -1
    outer loop
      vertex 64.31707710968075 23.714875406705595 0
      vertex 75.82595708289833 32.097003057081366 0
      vertex 64.69402532944213 23.589234873524934 0
    endloop
  endfacet
  facet normal 0 0 -1
    outer loop
      vertex 63.540120618618936 23.878998318707673 0
      vertex 75.82595708289833 32.097003057081366 0
      vertex 63.931706416596 23.811647989964257 0
    endloop
  endfacet
  facet normal 0 0 -1
    outer loop
      vertex 64.69402532944213 23.589234873524934 0
      vertex 75.82595708289833 32.097003057081366 0
      vertex 65.06039195061346 23.43544604801841 0
    endloop
  endfacet
  facet normal 0 0 -1
    outer loop
      vertex 65.41407845836662 23.254389818651518 0
      vertex 65.06039195061346 23.43544604801841 0
      vertex 75.82595708289833 32.097003057081366 0
    endloop
  endfacet
  facet normal 0 0 -1
    outer loop
      vertex 66.07539183109425 22.81477368803442 0
      vertex 75.82595708289833 32.097003057081366 0
      vertex 66.37923075295782 22.558731868169062 0
    endloop
  endfacet
  facet normal 0 0 -1
    outer loop
      vertex 65.75305896841479 23.047103259109747 0
      vertex 75.82595708289833 32.097003057081366 0
      vertex 66.07539183109425 22.81477368803442 0
    endloop
  endfacet
  facet normal 0 0 -1
    outer loop
      vertex 65.41407845836662 23.254389818651518 0
      vertex 75.82595708289833 32.097003057081366 0
      vertex 65.75305896841479 23.047103259109747 0
    endloop
  endfacet
  facet normal 0 0 -1
    outer loop
      vertex 75.66252429187094 4.8997427542447625 0
      vertex 67.85779632955067 20.240539032994995 0
      vertex 75.82595708289833 32.097003057081366 0
    endloop
  endfacet
  facet normal 0 0 -1
    outer loop
      vertex 75.82595708289833 5.252996942918639 0
      vertex 75.82595708289833 32.097003057081366 0
      vertex 76.06150811453836 31.78714097406384 0
    endloop
  endfacet
  facet normal 0 0 -1
    outer loop
      vertex 76.06150811453836 5.562859025936161 0
      vertex 76.06150811453836 31.78714097406384 0
      vertex 76.3581632823477 31.535159803317597 0
    endloop
  endfacet
  facet normal 0 0 -1
    outer loop
      vertex 81.6933000043869 2.5999999970197685 0
      vertex 76.70205132038814 31.35284190432978 0
      vertex 77.07709240620501 31.248712259425254 0
    endloop
  endfacet
  facet normal 0 0 -1
    outer loop
      vertex 81.6933000043869 2.5999999970197685 0
      vertex 76.3581632823477 31.535159803317597 0
      vertex 76.70205132038814 31.35284190432978 0
    endloop
  endfacet
  facet normal 0 0 -1
    outer loop
      vertex 81.6933000043869 2.5999999970197685 0
      vertex 77.07709240620501 31.248712259425254 0
      vertex 77.46575003545374 31.227639855067977 0
    endloop
  endfacet
  facet normal 0 0 -1
    outer loop
      vertex 81.6933000043869 2.5999999970197685 0
      vertex 77.46575003545374 31.227639855067977 0
      vertex 77.84985100935259 31.2906100134654 0
    endloop
  endfacet
  facet normal 0 0 -1
    outer loop
      vertex 81.6933000043869 2.5999999970197685 0
      vertex 77.84985100935259 31.2906100134654 0
      vertex 78.2114351932596 31.43467831999716 0
    endloop
  endfacet
  facet normal 0 0 -1
    outer loop
      vertex 81.6933000043869 2.5999999970197685 0
      vertex 78.2114351932596 31.43467831999716 0
      vertex 78.53359531260728 31.653108300770256 0
    endloop
  endfacet
  facet normal 0 0 -1
    outer loop
      vertex 81.6933000043869 2.5999999970197685 0
      vertex 78.53359531260728 31.653108300770256 0
      vertex 78.80126751827015 31.935686412651226 0
    endloop
  endfacet
  facet normal 0 0 -1
    outer loop
      vertex 81.6933000043869 2.5999999970197685 0
      vertex 78.80126751827015 31.935686412651226 0
      vertex 79.00193575540771 32.269199617191525 0
    endloop
  endfacet
  facet normal 0 0 -1
    outer loop
      vertex 81.6933000043869 2.5999999970197685 0
      vertex 79.00193575540771 32.269199617191525 0
      vertex 79.12621700027815 32.63805320762016 0
    endloop
  endfacet
  facet normal 0 0 -1
    outer loop
      vertex 81.6933000043869 2.5999999970197685 0
      vertex 79.12621700027815 32.63805320762016 0
      vertex 79.16829999999999 33.025000000000006 0
    endloop
  endfacet
  facet normal 0 0 -1
    outer loop
      vertex 81.6933000043869 2.5999999970197685 0
      vertex 79.16829999999999 33.025000000000006 0
      vertex 81.6933000043869 34.75000000298023 0
    endloop
  endfacet
  facet normal 0 0 -1
    outer loop
      vertex 45.725044879667216 20.615042112438974 0
      vertex 75.66252429187094 32.45025724575524 0
      vertex 75.82595708289833 32.097003057081366 0
    endloop
  endfacet
  facet normal 0 0 -1
    outer loop
      vertex 45.37663341092021 21.32862964574705 0
      vertex 75.57885167712215 32.830385766836905 0
      vertex 75.66252429187094 32.45025724575524 0
    endloop
  endfacet
  facet normal 0 0 -1
    outer loop
      vertex 43.41407845836662 23.254389818651518 0
      vertex 75.82595708289833 33.952996942918645 0
      vertex 75.66252429187094 33.599742754244765 0
    endloop
  endfacet
  facet normal 0 0 -1
    outer loop
      vertex 44.92458122717444 21.981505240648424 0
      vertex 75.57885167712215 33.2196142331631 0
      vertex 75.57885167712215 32.830385766836905 0
    endloop
  endfacet
  facet normal 0 0 -1
    outer loop
      vertex 44.07539183109425 22.81477368803442 0
      vertex 75.66252429187094 33.599742754244765 0
      vertex 75.57885167712215 33.2196142331631 0
    endloop
  endfacet
  facet normal 0 0 -1
    outer loop
      vertex 42.31707710968076 23.714875406705595 0
      vertex 76.06150811453836 34.262859025936166 0
      vertex 75.82595708289833 33.952996942918645 0
    endloop
  endfacet
  facet normal 0 0 -1
    outer loop
      vertex 41.540120618618936 23.878998318707673 0
      vertex 76.3581632823477 34.51484019668241 0
      vertex 76.06150811453836 34.262859025936166 0
    endloop
  endfacet
  facet normal 0 0 -1
    outer loop
      vertex 79.12621700027815 33.411946792379844 0
      vertex 81.6933000043869 34.75000000298023 0
      vertex 79.16829999999999 33.025000000000006 0
    endloop
  endfacet
  facet normal 0 0 -1
    outer loop
      vertex 79.12621700027815 33.411946792379844 0
      vertex 79.00193575540771 33.78080038280848 0
      vertex 81.6933000043869 34.75000000298023 0
    endloop
  endfacet
  facet normal 0 0 -1
    outer loop
      vertex 79.00193575540771 33.78080038280848 0
      vertex 78.80126751827015 34.114313587348775 0
      vertex 81.6933000043869 34.75000000298023 0
    endloop
  endfacet
  facet normal 0 0 -1
    outer loop
      vertex 78.80126751827015 34.114313587348775 0
      vertex 78.53359531260728 34.39689169922975 0
      vertex 81.66282910414934 35.14688813984394 0
    endloop
  endfacet
  facet normal 0 0 -1
    outer loop
      vertex 78.53359531260728 34.39689169922975 0
      vertex 78.2114351932596 34.61532168000284 0
      vertex 81.57213062354326 35.53447355628013 0
    endloop
  endfacet
  facet normal 0 0 -1
    outer loop
      vertex 77.84985100935259 34.7593899865346 0
      vertex 81.57213062354326 35.53447355628013 0
      vertex 78.2114351932596 34.61532168000284 0
    endloop
  endfacet
  facet normal 0 0 -1
    outer loop
      vertex 78.80126751827015 34.114313587348775 0
      vertex 81.66282910414934 35.14688813984394 0
      vertex 81.6933000043869 34.75000000298023 0
    endloop
  endfacet
  facet normal 0 0 -1
    outer loop
      vertex 77.46575003545374 34.82236014493202 0
      vertex 81.57213062354326 35.53447355628013 0
      vertex 77.84985100935259 34.7593899865346 0
    endloop
  endfacet
  facet normal 0 0 -1
    outer loop
      vertex 78.53359531260728 34.39689169922975 0
      vertex 81.57213062354326 35.53447355628013 0
      vertex 81.66282910414934 35.14688813984394 0
    endloop
  endfacet
  facet normal 0.997065800756516 0.07654925840115992 0
    outer loop
      vertex 81.6933000043869 34.75000000298023 0
      vertex 81.66282910414934 35.14688813984394 0
      vertex 81.6933000043869 34.75000000298023 3
    endloop
  endfacet
  facet normal 0.9736954248027249 0.22785350495053003 0
    outer loop
      vertex 81.66282910414934 35.14688813984394 0
      vertex 81.57213062354326 35.53447355628013 0
      vertex 81.66282910414934 35.14688813984394 3
    endloop
  endfacet
  facet normal 0.9275024512810598 0.37381707139672676 0
    outer loop
      vertex 81.57213062354326 35.53447355628013 0
      vertex 81.42333045163154 35.90367158055305 0
      vertex 81.57213062354326 35.53447355628013 3
    endloop
  endfacet
  facet normal 0.8595696052506151 0.5110186823681713 0
    outer loop
      vertex 81.42333045163154 35.90367158055305 0
      vertex 81.21991633930206 36.24582851976156 0
      vertex 81.42333045163154 35.90367158055305 3
    endloop
  endfacet
  facet normal 0.01915488679901077 0.9998165283249307 0
    outer loop
      vertex 79.09330000289678 37.350000004470346 0
      vertex 79.19288710811138 37.34809207469225 3
      vertex 79.19288710811138 37.34809207469225 0
    endloop
  endfacet
  facet normal 0.11468342257887829 0.9934020900851751 0
    outer loop
      vertex 79.19288710811138 37.34809207469225 0
      vertex 79.5883168832302 37.302441637217996 3
      vertex 79.5883168832302 37.302441637217996 0
    endloop
  endfacet
  facet normal 0.26498151250182994 0.9642534926212311 0
    outer loop
      vertex 79.5883168832302 37.302441637217996 0
      vertex 79.9721438840866 37.196964125335214 3
      vertex 79.9721438840866 37.196964125335214 0
    endloop
  endfacet
  facet normal 0.40906862127484517 0.9125036236028311 0
    outer loop
      vertex 80.33537153460979 37.0341318577528 0
      vertex 79.9721438840866 37.196964125335214 0
      vertex 80.33537153460979 37.0341318577528 3
    endloop
  endfacet
  facet normal 0.6653257079666879 0.7465532146596287 0
    outer loop
      vertex 80.96665614404678 36.5529245018959 0
      vertex 80.66948607125282 36.817761468887326 0
      vertex 80.96665614404678 36.5529245018959 3
    endloop
  endfacet
  facet normal 0.7714891756386579 0.6362424473990902 0
    outer loop
      vertex 80.96665614404678 36.5529245018959 0
      vertex 81.21991633930206 36.24582851976156 3
      vertex 81.21991633930206 36.24582851976156 0
    endloop
  endfacet
  facet normal 0.543567557486035 0.8393654212848336 0
    outer loop
      vertex 80.33537153460979 37.0341318577528 0
      vertex 80.66948607125282 36.817761468887326 3
      vertex 80.66948607125282 36.817761468887326 0
    endloop
  endfacet
  facet normal 0 0 1
    outer loop
      vertex 44.44665 18.675 3
      vertex 59.2957493077502 19.267540525010645 3
      vertex 44.42480043834462 19.071029595578686 3
    endloop
  endfacet
  facet normal 0 0 1
    outer loop
      vertex 44.42480043834462 19.071029595578686 3
      vertex 59.3824851988867 19.654572473443206 3
      vertex 44.35951697745877 19.462251928342955 3
    endloop
  endfacet
  facet normal 0 0 1
    outer loop
      vertex 44.35951697745877 19.462251928342955 3
      vertex 64.44665000149011 28.175 3
      vertex 44.25159207012228 19.84391808913686 3
    endloop
  endfacet
  facet normal 0 0 1
    outer loop
      vertex 44.25159207012228 19.84391808913686 3
      vertex 64.44665000149011 28.175 3
      vertex 44.102335778511275 20.211395167787053 3
    endloop
  endfacet
  facet normal 0 0 1
    outer loop
      vertex 43.913559871817974 20.56022249035636 3
      vertex 62.24664999850988 28.175 3
      vertex 43.68755583382701 20.886165765682804 3
    endloop
  endfacet
  facet normal 0 0 1
    outer loop
      vertex 44.102335778511275 20.211395167787053 3
      vertex 64.44665000149011 28.175 3
      vertex 43.913559871817974 20.56022249035636 3
    endloop
  endfacet
  facet normal 0 0 1
    outer loop
      vertex 41.34112280814627 22.240879504695013 3
      vertex 42.54665000298023 30.175 3
      vertex 39.146649997019765 28.175 3
    endloop
  endfacet
  facet normal 0 0 1
    outer loop
      vertex 41.730397753706875 22.16484095738159 3
      vertex 60.04664999552965 32.175 3
      vertex 41.34112280814627 22.240879504695013 3
    endloop
  endfacet
  facet normal 0 0 1
    outer loop
      vertex 42.10894519869391 22.0464404683094 3
      vertex 42.472170089919196 21.88711525902622 3
      vertex 60.04664999552965 32.175 3
    endloop
  endfacet
  facet normal 0 0 1
    outer loop
      vertex 42.472170089919196 21.88711525902622 3
      vertex 42.81566336924073 21.688799321745105 3
      vertex 60.04664999552965 32.175 3
    endloop
  endfacet
  facet normal 0 0 1
    outer loop
      vertex 41.730397753706875 22.16484095738159 3
      vertex 42.10894519869391 22.0464404683094 3
      vertex 60.04664999552965 32.175 3
    endloop
  endfacet
  facet normal 0 0 1
    outer loop
      vertex 43.13525549355588 21.453899943298754 3
      vertex 43.427067047406425 21.185268483938383 3
      vertex 62.24664999850988 28.175 3
    endloop
  endfacet
  facet normal 0 0 1
    outer loop
      vertex 43.68755583382701 20.886165765682804 3
      vertex 62.24664999850988 28.175 3
      vertex 43.427067047406425 21.185268483938383 3
    endloop
  endfacet
  facet normal 0 0 1
    outer loop
      vertex 43.13525549355588 21.453899943298754 3
      vertex 60.04664999552965 32.175 3
      vertex 42.81566336924073 21.688799321745105 3
    endloop
  endfacet
  facet normal 0 0 1
    outer loop
      vertex 59.25211654084006 18.476684062718885 3
      vertex 59.25211654084006 18.873315937281117 3
      vertex 44.44665 18.675 3
    endloop
  endfacet
  facet normal 0 0 1
    outer loop
      vertex 44.44665 18.675 3
      vertex 59.25211654084006 18.873315937281117 3
      vertex 59.2957493077502 19.267540525010645 3
    endloop
  endfacet
  facet normal 0 0 1
    outer loop
      vertex 44.42480043834462 19.071029595578686 3
      vertex 59.2957493077502 19.267540525010645 3
      vertex 59.3824851988867 19.654572473443206 3
    endloop
  endfacet
  facet normal 0 0 1
    outer loop
      vertex 44.35951697745877 19.462251928342955 3
      vertex 59.3824851988867 19.654572473443206 3
      vertex 59.51127135802671 20.02971373901221 3
    endloop
  endfacet
  facet normal 0 0 1
    outer loop
      vertex 44.35951697745877 19.462251928342955 3
      vertex 59.51127135802671 20.02971373901221 3
      vertex 59.68054449565663 20.388410614933466 3
    endloop
  endfacet
  facet normal 0 0 1
    outer loop
      vertex 44.35951697745877 19.462251928342955 3
      vertex 59.68054449565663 20.388410614933466 3
      vertex 59.88824986518911 20.72630900703696 3
    endloop
  endfacet
  facet normal 0 0 1
    outer loop
      vertex 44.35951697745877 19.462251928342955 3
      vertex 59.88824986518911 20.72630900703696 3
      vertex 60.131866204803174 21.039307286571844 3
    endloop
  endfacet
  facet normal 0 0 1
    outer loop
      vertex 44.35951697745877 19.462251928342955 3
      vertex 60.131866204803174 21.039307286571844 3
      vertex 60.408436342147326 21.323606078423275 3
    endloop
  endfacet
  facet normal 0 0 1
    outer loop
      vertex 44.35951697745877 19.462251928342955 3
      vertex 60.408436342147326 21.323606078423275 3
      vertex 60.71460309040607 21.57575438037952 3
    endloop
  endfacet
  facet normal 0 0 1
    outer loop
      vertex 44.35951697745877 19.462251928342955 3
      vertex 60.71460309040607 21.57575438037952 3
      vertex 61.04665 21.79269145362398 3
    endloop
  endfacet
  facet normal 0 0 1
    outer loop
      vertex 44.35951697745877 19.462251928342955 3
      vertex 61.04665 21.79269145362398 3
      vertex 61.40054647124931 21.971783975958207 3
    endloop
  endfacet
  facet normal 0 0 1
    outer loop
      vertex 44.35951697745877 19.462251928342955 3
      vertex 61.40054647124931 21.971783975958207 3
      vertex 61.7719966803939 22.11085800676623 3
    endloop
  endfacet
  facet normal 0 0 1
    outer loop
      vertex 44.35951697745877 19.462251928342955 3
      vertex 61.7719966803939 22.11085800676623 3
      vertex 62.15649172507454 22.208225375708704 3
    endloop
  endfacet
  facet normal 0 0 1
    outer loop
      vertex 44.35951697745877 19.462251928342955 3
      vertex 62.15649172507454 22.208225375708704 3
      vertex 64.44665000149011 28.175 3
    endloop
  endfacet
  facet normal 0 0 1
    outer loop
      vertex 43.13525549355588 21.453899943298754 3
      vertex 62.24664999850988 28.175 3
      vertex 60.04664999552965 28.175 3
    endloop
  endfacet
  facet normal 0 0 1
    outer loop
      vertex 43.13525549355588 21.453899943298754 3
      vertex 60.04664999552965 28.175 3
      vertex 60.04664999552965 32.175 3
    endloop
  endfacet
  facet normal 0 0 1
    outer loop
      vertex 43.913559871817974 20.56022249035636 3
      vertex 64.44665000149011 28.175 3
      vertex 62.24664999850988 28.175 3
    endloop
  endfacet
  facet normal 0 0 1
    outer loop
      vertex 41.34112280814627 22.240879504695013 3
      vertex 60.04664999552965 32.175 3
      vertex 42.54665000298023 30.175 3
    endloop
  endfacet
  facet normal 0 0 1
    outer loop
      vertex 39.146649997019765 32.175 3
      vertex 42.54665000298023 30.175 3
      vertex 60.04664999552965 32.175 3
    endloop
  endfacet
  facet normal 0 0 1
    outer loop
      vertex 75.12811398684481 34.8475265029548 3
      vertex 21.646650004470345 32.175 3
      vertex 39.146649997019765 32.175 3
    endloop
  endfacet
  facet normal 0 0 1
    outer loop
      vertex 6.792488126536455 34.52551276999244 3
      vertex 75.12811398684481 34.8475265029548 3
      vertex 75.39714652705645 35.13559001551968 3
    endloop
  endfacet
  facet normal 0 0 1
    outer loop
      vertex 6.792488126536455 34.52551276999244 3
      vertex 75.39714652705645 35.13559001551968 3
      vertex 75.70289792690343 35.384337229485105 3
    endloop
  endfacet
  facet normal 0 0 1
    outer loop
      vertex 6.792488126536455 34.52551276999244 3
      vertex 75.70289792690343 35.384337229485105 3
      vertex 76.03967261631047 35.589134454902684 3
    endloop
  endfacet
  facet normal 0 0 1
    outer loop
      vertex 6.792488126536455 34.52551276999244 3
      vertex 76.03967261631047 35.589134454902684 3
      vertex 76.40119712001609 35.746166706954135 3
    endloop
  endfacet
  facet normal 0 0 1
    outer loop
      vertex 6.792488126536455 34.52551276999244 3
      vertex 76.40119712001609 35.746166706954135 3
      vertex 76.78073692054689 35.85250877190016 3
    endloop
  endfacet
  facet normal 0 0 1
    outer loop
      vertex 6.565186013155184 34.8475265029548 3
      vertex 76.78073692054689 35.85250877190016 3
      vertex 77.17122190953586 35.90617969827774 3
    endloop
  endfacet
  facet normal 0 0 1
    outer loop
      vertex 0.7970754981875388 36.62335614413023 3
      vertex 79.9721438840866 37.196964125335214 3
      vertex 79.5883168832302 37.302441637217996 3
    endloop
  endfacet
  facet normal 0 0 1
    outer loop
      vertex 1.4463284195303885 37.08003045171499 3
      vertex 79.19288710811138 37.34809207469225 3
      vertex 79.09330000289678 37.350000004470346 3
    endloop
  endfacet
  facet normal 0 0 1
    outer loop
      vertex 1.104171480321881 36.87661633938551 3
      vertex 79.5883168832302 37.302441637217996 3
      vertex 79.19288710811138 37.34809207469225 3
    endloop
  endfacet
  facet normal 0 0 1
    outer loop
      vertex 6.565186013155184 34.8475265029548 3
      vertex 77.17122190953586 35.90617969827774 3
      vertex 81.21991633930206 36.24582851976156 3
    endloop
  endfacet
  facet normal 0 0 1
    outer loop
      vertex 6.296153472943544 35.13559001551968 3
      vertex 81.21991633930206 36.24582851976156 3
      vertex 80.96665614404678 36.5529245018959 3
    endloop
  endfacet
  facet normal 0 0 1
    outer loop
      vertex 0.3158681423306433 35.99207153469324 3
      vertex 80.66948607125282 36.817761468887326 3
      vertex 80.33537153460979 37.0341318577528 3
    endloop
  endfacet
  facet normal 0 0 1
    outer loop
      vertex 0.5322385311961142 36.32618607133627 3
      vertex 80.33537153460979 37.0341318577528 3
      vertex 79.9721438840866 37.196964125335214 3
    endloop
  endfacet
  facet normal 0 0 1
    outer loop
      vertex 5.653627383689532 35.589134454902684 3
      vertex 80.96665614404678 36.5529245018959 3
      vertex 80.66948607125282 36.817761468887326 3
    endloop
  endfacet
  facet normal 0 0 1
    outer loop
      vertex 75.12811398684481 34.8475265029548 3
      vertex 39.146649997019765 32.175 3
      vertex 60.04664999552965 32.175 3
    endloop
  endfacet
  facet normal 1 0 0
    outer loop
      vertex 81.6933000043869 2.5999999970197685 3
      vertex 81.6933000043869 34.75000000298023 0
      vertex 81.6933000043869 34.75000000298023 3
    endloop
  endfacet
  facet normal 0 0 1
    outer loop
      vertex 66.44665 18.675 3
      vertex 77.17122190953586 30.143820301722272 3
      vertex 66.42480043834462 19.071029595578686 3
    endloop
  endfacet
  facet normal 0 0 1
    outer loop
      vertex 66.35951697745877 19.462251928342955 3
      vertex 66.42480043834462 19.071029595578686 3
      vertex 76.78073692054689 30.197491228099842 3
    endloop
  endfacet
  facet normal 0 0 1
    outer loop
      vertex 66.35951697745877 19.462251928342955 3
      vertex 76.40119712001609 30.30383329304587 3
      vertex 66.25159207012229 19.84391808913686 3
    endloop
  endfacet
  facet normal 0 0 1
    outer loop
      vertex 62.15649172507454 22.208225375708704 3
      vertex 65.64664999701976 28.175 3
      vertex 64.44665000149011 28.175 3
    endloop
  endfacet
  facet normal 0 0 1
    outer loop
      vertex 65.68755583382702 20.886165765682804 3
      vertex 75.39714652705645 30.914409984480322 3
      vertex 65.42706704740642 21.185268483938383 3
    endloop
  endfacet
  facet normal 0 0 1
    outer loop
      vertex 62.15649172507454 22.208225375708704 3
      vertex 62.5493643562996 22.262704174824012 3
      vertex 74.58747952620877 32.24585064329598 3
    endloop
  endfacet
  facet normal 0 0 1
    outer loop
      vertex 62.5493643562996 22.262704174824012 3
      vertex 62.945845632525376 22.273633105289825 3
      vertex 74.58747952620877 32.24585064329598 3
    endloop
  endfacet
  facet normal 0 0 1
    outer loop
      vertex 62.945845632525376 22.273633105289825 3
      vertex 63.34112280814627 22.240879504695013 3
      vertex 74.58747952620877 32.24585064329598 3
    endloop
  endfacet
  facet normal 0 0 1
    outer loop
      vertex 63.730397753706875 22.16484095738159 3
      vertex 74.58747952620877 32.24585064329598 3
      vertex 63.34112280814627 22.240879504695013 3
    endloop
  endfacet
  facet normal 0 0 1
    outer loop
      vertex 63.730397753706875 22.16484095738159 3
      vertex 64.10894519869392 22.0464404683094 3
      vertex 74.58747952620877 32.24585064329598 3
    endloop
  endfacet
  facet normal 0 0 1
    outer loop
      vertex 64.81566336924074 21.688799321745105 3
      vertex 65.13525549355589 21.453899943298754 3
      vertex 74.90081187346354 31.524487230007566 3
    endloop
  endfacet
  facet normal 0 0 1
    outer loop
      vertex 65.42706704740642 21.185268483938383 3
      vertex 75.12811398684481 31.202473497045204 3
      vertex 65.13525549355589 21.453899943298754 3
    endloop
  endfacet
  facet normal 0 0 1
    outer loop
      vertex 64.10894519869392 22.0464404683094 3
      vertex 64.4721700899192 21.88711525902622 3
      vertex 74.71947439521281 31.87445267679569 3
    endloop
  endfacet
  facet normal 0 0 1
    outer loop
      vertex 64.81566336924074 21.688799321745105 3
      vertex 74.71947439521281 31.87445267679569 3
      vertex 64.4721700899192 21.88711525902622 3
    endloop
  endfacet
  facet normal 0 0 1
    outer loop
      vertex 66.25159207012229 19.84391808913686 3
      vertex 76.03967261631047 30.46086554509732 3
      vertex 66.10233577851128 20.211395167787053 3
    endloop
  endfacet
  facet normal 0 0 1
    outer loop
      vertex 66.10233577851128 20.211395167787053 3
      vertex 75.70289792690343 30.6656627705149 3
      vertex 65.91355987181797 20.56022249035636 3
    endloop
  endfacet
  facet normal 0 0 1
    outer loop
      vertex 65.68755583382702 20.886165765682804 3
      vertex 65.91355987181797 20.56022249035636 3
      vertex 75.39714652705645 30.914409984480322 3
    endloop
  endfacet
  facet normal 0 0 1
    outer loop
      vertex 62.15649172507454 22.208225375708704 3
      vertex 74.58747952620877 32.24585064329598 3
      vertex 65.64664999701976 28.175 3
    endloop
  endfacet
  facet normal 0 0 1
    outer loop
      vertex 77.17122190953586 7.206179698277731 3
      vertex 79.33945347294353 30.914409984480322 3
      vertex 66.44665 18.675 3
    endloop
  endfacet
  facet normal 0 0 1
    outer loop
      vertex 81.6933000043869 2.5999999970197685 3
      vertex 79.60848601315517 31.202473497045204 3
      vertex 79.33945347294353 30.914409984480322 3
    endloop
  endfacet
  facet normal 0 0 1
    outer loop
      vertex 81.6933000043869 2.5999999970197685 3
      vertex 79.83578812653644 31.524487230007566 3
      vertex 79.60848601315517 31.202473497045204 3
    endloop
  endfacet
  facet normal 0 0 1
    outer loop
      vertex 81.6933000043869 2.5999999970197685 3
      vertex 80.01712560478717 31.87445267679569 3
      vertex 79.83578812653644 31.524487230007566 3
    endloop
  endfacet
  facet normal 0 0 1
    outer loop
      vertex 81.6933000043869 2.5999999970197685 3
      vertex 80.14912047379121 32.24585064329598 3
      vertex 80.01712560478717 31.87445267679569 3
    endloop
  endfacet
  facet normal 0 0 1
    outer loop
      vertex 81.6933000043869 2.5999999970197685 3
      vertex 80.22931391888292 32.631762688104466 3
      vertex 80.14912047379121 32.24585064329598 3
    endloop
  endfacet
  facet normal 0 0 1
    outer loop
      vertex 81.6933000043869 2.5999999970197685 3
      vertex 80.25621208791208 33.025000000000006 3
      vertex 80.22931391888292 32.631762688104466 3
    endloop
  endfacet
  facet normal 0 0 1
    outer loop
      vertex 66.35951697745877 19.462251928342955 3
      vertex 76.78073692054689 30.197491228099842 3
      vertex 76.40119712001609 30.30383329304587 3
    endloop
  endfacet
  facet normal 0 0 1
    outer loop
      vertex 66.42480043834462 19.071029595578686 3
      vertex 77.17122190953586 30.143820301722272 3
      vertex 76.78073692054689 30.197491228099842 3
    endloop
  endfacet
  facet normal 0 0 1
    outer loop
      vertex 66.44665 18.675 3
      vertex 77.56537809046412 30.143820301722272 3
      vertex 77.17122190953586 30.143820301722272 3
    endloop
  endfacet
  facet normal 0 0 1
    outer loop
      vertex 66.44665 18.675 3
      vertex 77.9558630794531 30.197491228099842 3
      vertex 77.56537809046412 30.143820301722272 3
    endloop
  endfacet
  facet normal 0 0 1
    outer loop
      vertex 66.10233577851128 20.211395167787053 3
      vertex 76.03967261631047 30.46086554509732 3
      vertex 75.70289792690343 30.6656627705149 3
    endloop
  endfacet
  facet normal 0 0 1
    outer loop
      vertex 65.91355987181797 20.56022249035636 3
      vertex 75.70289792690343 30.6656627705149 3
      vertex 75.39714652705645 30.914409984480322 3
    endloop
  endfacet
  facet normal 0 0 1
    outer loop
      vertex 65.42706704740642 21.185268483938383 3
      vertex 75.39714652705645 30.914409984480322 3
      vertex 75.12811398684481 31.202473497045204 3
    endloop
  endfacet
  facet normal 0 0 1
    outer loop
      vertex 66.25159207012229 19.84391808913686 3
      vertex 76.40119712001609 30.30383329304587 3
      vertex 76.03967261631047 30.46086554509732 3
    endloop
  endfacet
  facet normal 0 0 1
    outer loop
      vertex 66.44665 18.675 3
      vertex 78.33540287998389 30.30383329304587 3
      vertex 77.9558630794531 30.197491228099842 3
    endloop
  endfacet
  facet normal 0 0 1
    outer loop
      vertex 66.44665 18.675 3
      vertex 78.69692738368951 30.46086554509732 3
      vertex 78.33540287998389 30.30383329304587 3
    endloop
  endfacet
  facet normal 0 0 1
    outer loop
      vertex 66.44665 18.675 3
      vertex 79.03370207309655 30.6656627705149 3
      vertex 78.69692738368951 30.46086554509732 3
    endloop
  endfacet
  facet normal 0 0 1
    outer loop
      vertex 66.44665 18.675 3
      vertex 79.33945347294353 30.914409984480322 3
      vertex 79.03370207309655 30.6656627705149 3
    endloop
  endfacet
  facet normal 0 0 1
    outer loop
      vertex 81.6933000043869 2.5999999970197685 3
      vertex 81.6933000043869 34.75000000298023 3
      vertex 80.25621208791208 33.025000000000006 3
    endloop
  endfacet
  facet normal 0.997065800756516 0.07654925840115992 0
    outer loop
      vertex 81.66282910414934 35.14688813984394 0
      vertex 81.66282910414934 35.14688813984394 3
      vertex 81.6933000043869 34.75000000298023 3
    endloop
  endfacet
  facet normal 0.01915488679901077 0.9998165283249307 0
    outer loop
      vertex 79.09330000289678 37.350000004470346 0
      vertex 79.09330000289678 37.350000004470346 3
      vertex 79.19288710811138 37.34809207469225 3
    endloop
  endfacet
  facet normal 0.9736954248027249 0.22785350495053003 0
    outer loop
      vertex 81.57213062354326 35.53447355628013 0
      vertex 81.57213062354326 35.53447355628013 3
      vertex 81.66282910414934 35.14688813984394 3
    endloop
  endfacet
  facet normal 0.9275024512810598 0.37381707139672676 0
    outer loop
      vertex 81.42333045163154 35.90367158055305 0
      vertex 81.42333045163154 35.90367158055305 3
      vertex 81.57213062354326 35.53447355628013 3
    endloop
  endfacet
  facet normal 0.8595696052506151 0.5110186823681713 0
    outer loop
      vertex 81.21991633930206 36.24582851976156 0
      vertex 81.21991633930206 36.24582851976156 3
      vertex 81.42333045163154 35.90367158055305 3
    endloop
  endfacet
  facet normal 0.11468342257887829 0.9934020900851751 0
    outer loop
      vertex 79.19288710811138 37.34809207469225 0
      vertex 79.19288710811138 37.34809207469225 3
      vertex 79.5883168832302 37.302441637217996 3
    endloop
  endfacet
  facet normal 0.26498151250182994 0.9642534926212311 0
    outer loop
      vertex 79.5883168832302 37.302441637217996 0
      vertex 79.5883168832302 37.302441637217996 3
      vertex 79.9721438840866 37.196964125335214 3
    endloop
  endfacet
  facet normal 0.40906862127484517 0.9125036236028311 0
    outer loop
      vertex 79.9721438840866 37.196964125335214 0
      vertex 79.9721438840866 37.196964125335214 3
      vertex 80.33537153460979 37.0341318577528 3
    endloop
  endfacet
  facet normal 0.7714891756386579 0.6362424473990902 0
    outer loop
      vertex 80.96665614404678 36.5529245018959 0
      vertex 80.96665614404678 36.5529245018959 3
      vertex 81.21991633930206 36.24582851976156 3
    endloop
  endfacet
  facet normal 0.6653257079666879 0.7465532146596287 0
    outer loop
      vertex 80.66948607125282 36.817761468887326 0
      vertex 80.66948607125282 36.817761468887326 3
      vertex 80.96665614404678 36.5529245018959 3
    endloop
  endfacet
  facet normal 0.543567557486035 0.8393654212848336 0
    outer loop
      vertex 80.33537153460979 37.0341318577528 0
      vertex 80.33537153460979 37.0341318577528 3
      vertex 80.66948607125282 36.817761468887326 3
    endloop
  endfacet
  facet normal 0 0 1
    outer loop
      vertex 62.24664999850988 28.175 3
      vertex 62.24664999850988 30.175 3
      vertex 60.04664999552965 28.175 3
    endloop
  endfacet
  facet normal 0 0 1
    outer loop
      vertex 64.44665000149011 28.175 3
      vertex 64.44665000149011 30.175 3
      vertex 62.24664999850988 28.175 3
    endloop
  endfacet
  facet normal 0 0 1
    outer loop
      vertex 62.24664999850988 30.175 3
      vertex 62.24664999850988 32.175 3
      vertex 60.04664999552965 32.175 3
    endloop
  endfacet
  facet normal 0 0 1
    outer loop
      vertex 64.44665000149011 30.175 3
      vertex 64.44665000149011 32.175 3
      vertex 62.24664999850988 32.175 3
    endloop
  endfacet
  facet normal 0 0 1
    outer loop
      vertex 64.81566336924074 21.688799321745105 3
      vertex 74.90081187346354 31.524487230007566 3
      vertex 74.71947439521281 31.87445267679569 3
    endloop
  endfacet
  facet normal 0 0 1
    outer loop
      vertex 64.10894519869392 22.0464404683094 3
      vertex 74.71947439521281 31.87445267679569 3
      vertex 74.58747952620877 32.24585064329598 3
    endloop
  endfacet
  facet normal 0 0 1
    outer loop
      vertex 75.12811398684481 34.8475265029548 3
      vertex 65.64664999701976 32.175 3
      vertex 65.64664999701976 28.175 3
    endloop
  endfacet
  facet normal 0 0 1
    outer loop
      vertex 75.12811398684481 34.8475265029548 3
      vertex 60.04664999552965 32.175 3
      vertex 62.24664999850988 32.175 3
    endloop
  endfacet
  facet normal 0 0 1
    outer loop
      vertex 75.12811398684481 34.8475265029548 3
      vertex 62.24664999850988 32.175 3
      vertex 64.44665000149011 32.175 3
    endloop
  endfacet
  facet normal 0 0 1
    outer loop
      vertex 75.12811398684481 34.8475265029548 3
      vertex 64.44665000149011 32.175 3
      vertex 65.64664999701976 32.175 3
    endloop
  endfacet
  facet normal 0 0 1
    outer loop
      vertex 65.13525549355589 21.453899943298754 3
      vertex 75.12811398684481 31.202473497045204 3
      vertex 74.90081187346354 31.524487230007566 3
    endloop
  endfacet
  facet normal 0 0 1
    outer loop
      vertex 74.58747952620877 32.24585064329598 3
      vertex 74.50728608111706 32.631762688104466 3
      vertex 65.64664999701976 28.175 3
    endloop
  endfacet
  facet normal 0 0 1
    outer loop
      vertex 74.50728608111706 32.631762688104466 3
      vertex 74.4803879120879 33.025000000000006 3
      vertex 65.64664999701976 28.175 3
    endloop
  endfacet
  facet normal 0 0 1
    outer loop
      vertex 74.4803879120879 33.025000000000006 3
      vertex 74.50728608111706 33.41823731189554 3
      vertex 65.64664999701976 28.175 3
    endloop
  endfacet
  facet normal 0 0 1
    outer loop
      vertex 74.50728608111706 33.41823731189554 3
      vertex 74.58747952620877 33.80414935670402 3
      vertex 65.64664999701976 28.175 3
    endloop
  endfacet
  facet normal 0 0 1
    outer loop
      vertex 74.58747952620877 33.80414935670402 3
      vertex 74.71947439521281 34.17554732320431 3
      vertex 65.64664999701976 28.175 3
    endloop
  endfacet
  facet normal 0 0 1
    outer loop
      vertex 74.71947439521281 34.17554732320431 3
      vertex 74.90081187346354 34.52551276999244 3
      vertex 65.64664999701976 28.175 3
    endloop
  endfacet
  facet normal 0 0 1
    outer loop
      vertex 74.90081187346354 34.52551276999244 3
      vertex 75.12811398684481 34.8475265029548 3
      vertex 65.64664999701976 28.175 3
    endloop
  endfacet
  facet normal 0 0 1
    outer loop
      vertex 80.25621208791208 33.025000000000006 3
      vertex 81.6933000043869 34.75000000298023 3
      vertex 80.22931391888292 33.41823731189554 3
    endloop
  endfacet
  facet normal 0 0 1
    outer loop
      vertex 79.60848601315517 34.8475265029548 3
      vertex 79.83578812653644 34.52551276999244 3
      vertex 81.57213062354326 35.53447355628013 3
    endloop
  endfacet
  facet normal 0 0 1
    outer loop
      vertex 80.22931391888292 33.41823731189554 3
      vertex 81.6933000043869 34.75000000298023 3
      vertex 80.14912047379121 33.80414935670402 3
    endloop
  endfacet
  facet normal 0 0 1
    outer loop
      vertex 80.14912047379121 33.80414935670402 3
      vertex 81.6933000043869 34.75000000298023 3
      vertex 80.01712560478717 34.17554732320431 3
    endloop
  endfacet
  facet normal 0 0 1
    outer loop
      vertex 80.01712560478717 34.17554732320431 3
      vertex 81.66282910414934 35.14688813984394 3
      vertex 79.83578812653644 34.52551276999244 3
    endloop
  endfacet
  facet normal 0 0 1
    outer loop
      vertex 80.01712560478717 34.17554732320431 3
      vertex 81.6933000043869 34.75000000298023 3
      vertex 81.66282910414934 35.14688813984394 3
    endloop
  endfacet
  facet normal 0 0 1
    outer loop
      vertex 77.17122190953586 35.90617969827774 3
      vertex 77.56537809046412 35.90617969827774 3
      vertex 81.21991633930206 36.24582851976156 3
    endloop
  endfacet
  facet normal 0 0 1
    outer loop
      vertex 77.56537809046412 35.90617969827774 3
      vertex 77.9558630794531 35.85250877190016 3
      vertex 81.21991633930206 36.24582851976156 3
    endloop
  endfacet
  facet normal 0 0 1
    outer loop
      vertex 79.60848601315517 34.8475265029548 3
      vertex 81.57213062354326 35.53447355628013 3
      vertex 79.33945347294353 35.13559001551968 3
    endloop
  endfacet
  facet normal 0 0 1
    outer loop
      vertex 79.03370207309655 35.384337229485105 3
      vertex 79.33945347294353 35.13559001551968 3
      vertex 81.57213062354326 35.53447355628013 3
    endloop
  endfacet
  facet normal 0 0 1
    outer loop
      vertex 77.9558630794531 35.85250877190016 3
      vertex 78.33540287998389 35.746166706954135 3
      vertex 81.42333045163154 35.90367158055305 3
    endloop
  endfacet
  facet normal 0 0 1
    outer loop
      vertex 78.69692738368951 35.589134454902684 3
      vertex 79.03370207309655 35.384337229485105 3
      vertex 81.42333045163154 35.90367158055305 3
    endloop
  endfacet
  facet normal 0 0 1
    outer loop
      vertex 78.69692738368951 35.589134454902684 3
      vertex 81.42333045163154 35.90367158055305 3
      vertex 78.33540287998389 35.746166706954135 3
    endloop
  endfacet
  facet normal 0 0 1
    outer loop
      vertex 77.9558630794531 35.85250877190016 3
      vertex 81.42333045163154 35.90367158055305 3
      vertex 81.21991633930206 36.24582851976156 3
    endloop
  endfacet
  facet normal 0 0 1
    outer loop
      vertex 79.83578812653644 34.52551276999244 3
      vertex 81.66282910414934 35.14688813984394 3
      vertex 81.57213062354326 35.53447355628013 3
    endloop
  endfacet
  facet normal 0 0 1
    outer loop
      vertex 79.03370207309655 35.384337229485105 3
      vertex 81.57213062354326 35.53447355628013 3
      vertex 81.42333045163154 35.90367158055305 3
    endloop
  endfacet
  facet normal 0 -1 0
    outer loop
      vertex 17.24664999850988 28.175 3.799999999999997
      vertex 16.04665000298023 28.175 3
      vertex 17.24664999850988 28.175 3
    endloop
  endfacet
  facet normal 1 0 0
    outer loop
      vertex 17.24664999850988 28.175 3.799999999999997
      vertex 17.24664999850988 28.175 3
      vertex 17.24664999850988 30.175 3
    endloop
  endfacet
  facet normal -1 0 0
    outer loop
      vertex 16.04665000298023 28.175 3.799999999999997
      vertex 16.04665000298023 32.175 3
      vertex 16.04665000298023 28.175 3
    endloop
  endfacet
  facet normal 1 0 0
    outer loop
      vertex 17.24664999850988 28.175 3.799999999999997
      vertex 17.24664999850988 30.175 3
      vertex 17.24664999850988 32.175 3
    endloop
  endfacet
  facet normal -0.6726727934974 -0.7399400738495006 0
    outer loop
      vertex 19.446650001490113 28.175 3.799999999999997
      vertex 17.24664999850988 30.175 3
      vertex 19.446650001490113 28.175 3
    endloop
  endfacet
  facet normal 1 0 0
    outer loop
      vertex 19.446650001490113 28.175 3
      vertex 19.446650001490113 30.175 3
      vertex 19.446650001490113 28.175 3.799999999999997
    endloop
  endfacet
  facet normal 1 0 0
    outer loop
      vertex 19.446650001490113 28.175 3.799999999999997
      vertex 19.446650001490113 30.175 3
      vertex 19.446650001490113 32.175 3
    endloop
  endfacet
  facet normal 0 1 0
    outer loop
      vertex 16.04665000298023 32.175 3.799999999999997
      vertex 17.24664999850988 32.175 3
      vertex 16.04665000298023 32.175 3
    endloop
  endfacet
  facet normal -0.6726727934973994 0.7399400738495012 0
    outer loop
      vertex 17.24664999850988 30.175 3.799999999999997
      vertex 19.446650001490113 32.175 3
      vertex 17.24664999850988 30.175 3
    endloop
  endfacet
  facet normal -0.6726727934973994 0.7399400738495012 0
    outer loop
      vertex 19.446650001490113 30.175 3.799999999999997
      vertex 21.646650004470345 32.175 3
      vertex 19.446650001490113 30.175 3
    endloop
  endfacet
  facet normal 0 -1 0
    outer loop
      vertex 16.04665000298023 28.175 3.799999999999997
      vertex 16.04665000298023 28.175 3
      vertex 17.24664999850988 28.175 3.799999999999997
    endloop
  endfacet
  facet normal -0.6726727934974 -0.7399400738495006 0
    outer loop
      vertex 19.446650001490113 28.175 3.799999999999997
      vertex 17.24664999850988 30.175 3.799999999999997
      vertex 17.24664999850988 30.175 3
    endloop
  endfacet
  facet normal -0.6726727934974 -0.7399400738495006 0
    outer loop
      vertex 21.646650004470345 28.175 3.799999999999997
      vertex 19.446650001490113 30.175 3.799999999999997
      vertex 19.446650001490113 30.175 3
    endloop
  endfacet
  facet normal 0 0 1
    outer loop
      vertex 16.04665000298023 28.175 3.799999999999997
      vertex 17.24664999850988 28.175 3.799999999999997
      vertex 16.04665000298023 32.175 3.799999999999997
    endloop
  endfacet
  facet normal 0 0 1
    outer loop
      vertex 19.446650001490113 28.175 3.799999999999997
      vertex 19.446650001490113 32.175 3.799999999999997
      vertex 17.24664999850988 30.175 3.799999999999997
    endloop
  endfacet
  facet normal -1 0 0
    outer loop
      vertex 16.04665000298023 28.175 3.799999999999997
      vertex 16.04665000298023 32.175 3.799999999999997
      vertex 16.04665000298023 32.175 3
    endloop
  endfacet
  facet normal 1 0 0
    outer loop
      vertex 17.24664999850988 28.175 3.799999999999997
      vertex 17.24664999850988 32.175 3
      vertex 17.24664999850988 32.175 3.799999999999997
    endloop
  endfacet
  facet normal 0 1 0
    outer loop
      vertex 16.04665000298023 32.175 3.799999999999997
      vertex 17.24664999850988 32.175 3.799999999999997
      vertex 17.24664999850988 32.175 3
    endloop
  endfacet
  facet normal -0.6726727934973994 0.7399400738495012 7.468167788659886e-17
    outer loop
      vertex 17.24664999850988 30.175 3.799999999999997
      vertex 19.446650001490113 32.175 3.799999999999997
      vertex 19.446650001490113 32.175 3
    endloop
  endfacet
  facet normal 1 0 0
    outer loop
      vertex 19.446650001490113 28.175 3.799999999999997
      vertex 19.446650001490113 32.175 3
      vertex 19.446650001490113 32.175 3.799999999999997
    endloop
  endfacet
  facet normal 0 0 1
    outer loop
      vertex 17.24664999850988 28.175 3.799999999999997
      vertex 17.24664999850988 32.175 3.799999999999997
      vertex 16.04665000298023 32.175 3.799999999999997
    endloop
  endfacet
  facet normal -0.6726727934974 -0.7399400738495006 0
    outer loop
      vertex 21.646650004470345 28.175 3.799999999999997
      vertex 19.446650001490113 30.175 3
      vertex 21.646650004470345 28.175 3
    endloop
  endfacet
  facet normal 1 0 0
    outer loop
      vertex 21.646650004470345 32.175 3.799999999999997
      vertex 21.646650004470345 28.175 3
      vertex 21.646650004470345 32.175 3
    endloop
  endfacet
  facet normal 1 0 0
    outer loop
      vertex 21.646650004470345 28.175 3.799999999999997
      vertex 21.646650004470345 28.175 3
      vertex 21.646650004470345 32.175 3.799999999999997
    endloop
  endfacet
  facet normal 0 0 1
    outer loop
      vertex 21.646650004470345 28.175 3.799999999999997
      vertex 21.646650004470345 32.175 3.799999999999997
      vertex 19.446650001490113 30.175 3.799999999999997
    endloop
  endfacet
  facet normal -0.6726727934973994 0.7399400738495012 7.468167788659886e-17
    outer loop
      vertex 19.446650001490113 30.175 3.799999999999997
      vertex 21.646650004470345 32.175 3.799999999999997
      vertex 21.646650004470345 32.175 3
    endloop
  endfacet
  facet normal -1 0 0
    outer loop
      vertex 39.146649997019765 28.175 3.799999999999997
      vertex 39.146649997019765 32.175 3
      vertex 39.146649997019765 28.175 3
    endloop
  endfacet
  facet normal 0.5070201259030425 0.8619342155462115 0
    outer loop
      vertex 39.146649997019765 32.175 3.799999999999997
      vertex 42.54665000298023 30.175 3
      vertex 39.146649997019765 32.175 3
    endloop
  endfacet
  facet normal 0.5070201259030432 -0.8619342155462112 0
    outer loop
      vertex 39.146649997019765 28.175 3.799999999999997
      vertex 39.146649997019765 28.175 3
      vertex 42.54665000298023 30.175 3.799999999999997
    endloop
  endfacet
  facet normal 0 0 1
    outer loop
      vertex 39.146649997019765 28.175 3.799999999999997
      vertex 42.54665000298023 30.175 3.799999999999997
      vertex 39.146649997019765 32.175 3.799999999999997
    endloop
  endfacet
  facet normal -1 0 0
    outer loop
      vertex 39.146649997019765 28.175 3.799999999999997
      vertex 39.146649997019765 32.175 3.799999999999997
      vertex 39.146649997019765 32.175 3
    endloop
  endfacet
  facet normal 0.5070201259030432 -0.8619342155462112 0
    outer loop
      vertex 42.54665000298023 30.175 3.799999999999997
      vertex 39.146649997019765 28.175 3
      vertex 42.54665000298023 30.175 3
    endloop
  endfacet
  facet normal 0.5070201259030425 0.8619342155462115 -1.125810768348258e-16
    outer loop
      vertex 39.146649997019765 32.175 3.799999999999997
      vertex 42.54665000298023 30.175 3.799999999999997
      vertex 42.54665000298023 30.175 3
    endloop
  endfacet
  facet normal -1 0 0
    outer loop
      vertex 60.04664999552965 28.175 3.799999999999997
      vertex 60.04664999552965 32.175 3
      vertex 60.04664999552965 28.175 3
    endloop
  endfacet
  facet normal 0.6726727934973994 0.7399400738495012 0
    outer loop
      vertex 60.04664999552965 32.175 3.799999999999997
      vertex 62.24664999850988 30.175 3
      vertex 60.04664999552965 32.175 3
    endloop
  endfacet
  facet normal 0.6726727934974 -0.7399400738495006 0
    outer loop
      vertex 60.04664999552965 28.175 3.799999999999997
      vertex 60.04664999552965 28.175 3
      vertex 62.24664999850988 30.175 3.799999999999997
    endloop
  endfacet
  facet normal 0 0 1
    outer loop
      vertex 60.04664999552965 28.175 3.799999999999997
      vertex 62.24664999850988 30.175 3.799999999999997
      vertex 60.04664999552965 32.175 3.799999999999997
    endloop
  endfacet
  facet normal -1 0 0
    outer loop
      vertex 60.04664999552965 28.175 3.799999999999997
      vertex 60.04664999552965 32.175 3.799999999999997
      vertex 60.04664999552965 32.175 3
    endloop
  endfacet
  facet normal 0.6726727934974 -0.7399400738495006 0
    outer loop
      vertex 62.24664999850988 30.175 3.799999999999997
      vertex 60.04664999552965 28.175 3
      vertex 62.24664999850988 30.175 3
    endloop
  endfacet
  facet normal -1 0 0
    outer loop
      vertex 62.24664999850988 32.175 3.799999999999997
      vertex 62.24664999850988 30.175 3
      vertex 62.24664999850988 28.175 3
    endloop
  endfacet
  facet normal 0.6726727934974 -0.7399400738495006 0
    outer loop
      vertex 64.44665000149011 30.175 3.799999999999997
      vertex 62.24664999850988 28.175 3
      vertex 64.44665000149011 30.175 3
    endloop
  endfacet
  facet normal 0 -1 0
    outer loop
      vertex 65.64664999701976 28.175 3.799999999999997
      vertex 64.44665000149011 28.175 3
      vertex 65.64664999701976 28.175 3
    endloop
  endfacet
  facet normal -1 0 0
    outer loop
      vertex 64.44665000149011 32.175 3.799999999999997
      vertex 64.44665000149011 30.175 3
      vertex 64.44665000149011 28.175 3
    endloop
  endfacet
  facet normal -1 0 0
    outer loop
      vertex 62.24664999850988 32.175 3.799999999999997
      vertex 62.24664999850988 32.175 3
      vertex 62.24664999850988 30.175 3
    endloop
  endfacet
  facet normal 0.6726727934973994 0.7399400738495012 0
    outer loop
      vertex 62.24664999850988 32.175 3.799999999999997
      vertex 64.44665000149011 30.175 3
      vertex 62.24664999850988 32.175 3
    endloop
  endfacet
  facet normal -1 0 0
    outer loop
      vertex 64.44665000149011 32.175 3
      vertex 64.44665000149011 30.175 3
      vertex 64.44665000149011 32.175 3.799999999999997
    endloop
  endfacet
  facet normal 1 0 0
    outer loop
      vertex 65.64664999701976 32.175 3.799999999999997
      vertex 65.64664999701976 28.175 3
      vertex 65.64664999701976 32.175 3
    endloop
  endfacet
  facet normal 0 1 0
    outer loop
      vertex 64.44665000149011 32.175 3.799999999999997
      vertex 65.64664999701976 32.175 3
      vertex 64.44665000149011 32.175 3
    endloop
  endfacet
  facet normal 0.6726727934974 -0.7399400738495006 0
    outer loop
      vertex 62.24664999850988 28.175 3.799999999999997
      vertex 62.24664999850988 28.175 3
      vertex 64.44665000149011 30.175 3.799999999999997
    endloop
  endfacet
  facet normal -1 0 0
    outer loop
      vertex 62.24664999850988 28.175 3.799999999999997
      vertex 62.24664999850988 32.175 3.799999999999997
      vertex 62.24664999850988 28.175 3
    endloop
  endfacet
  facet normal 0 -1 0
    outer loop
      vertex 64.44665000149011 28.175 3.799999999999997
      vertex 64.44665000149011 28.175 3
      vertex 65.64664999701976 28.175 3.799999999999997
    endloop
  endfacet
  facet normal -1 0 0
    outer loop
      vertex 64.44665000149011 28.175 3.799999999999997
      vertex 64.44665000149011 32.175 3.799999999999997
      vertex 64.44665000149011 28.175 3
    endloop
  endfacet
  facet normal 1 0 0
    outer loop
      vertex 65.64664999701976 28.175 3.799999999999997
      vertex 65.64664999701976 28.175 3
      vertex 65.64664999701976 32.175 3.799999999999997
    endloop
  endfacet
  facet normal 0 0 1
    outer loop
      vertex 62.24664999850988 28.175 3.799999999999997
      vertex 64.44665000149011 30.175 3.799999999999997
      vertex 62.24664999850988 32.175 3.799999999999997
    endloop
  endfacet
  facet normal 0 0 1
    outer loop
      vertex 64.44665000149011 28.175 3.799999999999997
      vertex 65.64664999701976 28.175 3.799999999999997
      vertex 64.44665000149011 32.175 3.799999999999997
    endloop
  endfacet
  facet normal 0.6726727934973994 0.7399400738495012 0
    outer loop
      vertex 62.24664999850988 30.175 3.799999999999997
      vertex 62.24664999850988 30.175 3
      vertex 60.04664999552965 32.175 3.799999999999997
    endloop
  endfacet
  facet normal 0.6726727934973994 0.7399400738495012 -7.468167788659886e-17
    outer loop
      vertex 62.24664999850988 32.175 3.799999999999997
      vertex 64.44665000149011 30.175 3.799999999999997
      vertex 64.44665000149011 30.175 3
    endloop
  endfacet
  facet normal 0 1 0
    outer loop
      vertex 64.44665000149011 32.175 3.799999999999997
      vertex 65.64664999701976 32.175 3.799999999999997
      vertex 65.64664999701976 32.175 3
    endloop
  endfacet
  facet normal 0 0 1
    outer loop
      vertex 65.64664999701976 28.175 3.799999999999997
      vertex 65.64664999701976 32.175 3.799999999999997
      vertex 64.44665000149011 32.175 3.799999999999997
    endloop
  endfacet
  facet normal -1 0 0
    outer loop
      vertex 15.45664999940395 6.574999998509885 3.799999999999997
      vertex 15.45664999940395 7.775000001490117 3
      vertex 15.45664999940395 6.574999998509885 3
    endloop
  endfacet
  facet normal 0 -1 0
    outer loop
      vertex 16.646650004470345 6.574999998509885 3.799999999999997
      vertex 15.45664999940395 6.574999998509885 3
      vertex 16.646650004470345 6.574999998509885 3
    endloop
  endfacet
  facet normal -0.5351430160672367 -0.8447614766041721 0
    outer loop
      vertex 18.856650005364415 5.175000000000001 3.799999999999997
      vertex 16.646650004470345 6.574999998509885 3
      vertex 18.856650005364415 5.175000000000001 3
    endloop
  endfacet
  facet normal 1 0 0
    outer loop
      vertex 18.856650005364415 5.175000000000001 3.799999999999997
      vertex 18.856650005364415 5.175000000000001 3
      vertex 18.856650005364415 9.175 3
    endloop
  endfacet
  facet normal -1 0 0
    outer loop
      vertex 19.756649996423718 6.574999998509885 3.799999999999997
      vertex 19.756649996423718 7.775000001490117 3
      vertex 19.756649996423718 6.574999998509885 3
    endloop
  endfacet
  facet normal 0 1 0
    outer loop
      vertex 15.45664999940395 7.775000001490117 3.799999999999997
      vertex 16.646650004470345 7.775000001490117 3
      vertex 15.45664999940395 7.775000001490117 3
    endloop
  endfacet
  facet normal -0.5351430160672367 0.8447614766041721 0
    outer loop
      vertex 16.646650004470345 7.775000001490117 3.799999999999997
      vertex 18.856650005364415 9.175 3
      vertex 16.646650004470345 7.775000001490117 3
    endloop
  endfacet
  facet normal 0 -1 0
    outer loop
      vertex 15.45664999940395 6.574999998509885 3.799999999999997
      vertex 15.45664999940395 6.574999998509885 3
      vertex 16.646650004470345 6.574999998509885 3.799999999999997
    endloop
  endfacet
  facet normal -0.5351430160672367 -0.8447614766041721 0
    outer loop
      vertex 16.646650004470345 6.574999998509885 3.799999999999997
      vertex 16.646650004470345 6.574999998509885 3
      vertex 18.856650005364415 5.175000000000001 3.799999999999997
    endloop
  endfacet
  facet normal 0 0 1
    outer loop
      vertex 15.45664999940395 6.574999998509885 3.799999999999997
      vertex 16.646650004470345 6.574999998509885 3.799999999999997
      vertex 16.646650004470345 7.775000001490117 3.799999999999997
    endloop
  endfacet
  facet normal 0 0 1
    outer loop
      vertex 16.646650004470345 6.574999998509885 3.799999999999997
      vertex 18.856650005364415 5.175000000000001 3.799999999999997
      vertex 18.856650005364415 9.175 3.799999999999997
    endloop
  endfacet
  facet normal -1 0 0
    outer loop
      vertex 15.45664999940395 6.574999998509885 3.799999999999997
      vertex 15.45664999940395 7.775000001490117 3.799999999999997
      vertex 15.45664999940395 7.775000001490117 3
    endloop
  endfacet
  facet normal 0 1 0
    outer loop
      vertex 15.45664999940395 7.775000001490117 3.799999999999997
      vertex 16.646650004470345 7.775000001490117 3.799999999999997
      vertex 16.646650004470345 7.775000001490117 3
    endloop
  endfacet
  facet normal 1 0 0
    outer loop
      vertex 18.856650005364415 5.175000000000001 3.799999999999997
      vertex 18.856650005364415 9.175 3
      vertex 18.856650005364415 9.175 3.799999999999997
    endloop
  endfacet
  facet normal -1 0 0
    outer loop
      vertex 19.756649996423718 6.574999998509885 3.799999999999997
      vertex 19.756649996423718 7.775000001490117 3.799999999999997
      vertex 19.756649996423718 7.775000001490117 3
    endloop
  endfacet
  facet normal -0.5351430160672367 0.8447614766041721 2.6523575827570077e-17
    outer loop
      vertex 16.646650004470345 7.775000001490117 3.799999999999997
      vertex 18.856650005364415 9.175 3.799999999999997
      vertex 18.856650005364415 9.175 3
    endloop
  endfacet
  facet normal 0 0 1
    outer loop
      vertex 15.45664999940395 6.574999998509885 3.799999999999997
      vertex 16.646650004470345 7.775000001490117 3.799999999999997
      vertex 15.45664999940395 7.775000001490117 3.799999999999997
    endloop
  endfacet
  facet normal 0 0 1
    outer loop
      vertex 16.646650004470345 6.574999998509885 3.799999999999997
      vertex 18.856650005364415 9.175 3.799999999999997
      vertex 16.646650004470345 7.775000001490117 3.799999999999997
    endloop
  endfacet
  facet normal 0 -1 0
    outer loop
      vertex 22.236650000596043 6.574999998509885 3.799999999999997
      vertex 19.756649996423718 6.574999998509885 3
      vertex 22.236650000596043 6.574999998509885 3
    endloop
  endfacet
  facet normal 0 1 0
    outer loop
      vertex 19.756649996423718 7.775000001490117 3.799999999999997
      vertex 22.236650000596043 7.775000001490117 3
      vertex 19.756649996423718 7.775000001490117 3
    endloop
  endfacet
  facet normal 1 0 0
    outer loop
      vertex 22.236650000596043 7.775000001490117 3.799999999999997
      vertex 22.236650000596043 6.574999998509885 3
      vertex 22.236650000596043 7.775000001490117 3
    endloop
  endfacet
  facet normal 0 -1 0
    outer loop
      vertex 19.756649996423718 6.574999998509885 3.799999999999997
      vertex 19.756649996423718 6.574999998509885 3
      vertex 22.236650000596043 6.574999998509885 3.799999999999997
    endloop
  endfacet
  facet normal 1 0 0
    outer loop
      vertex 22.236650000596043 6.574999998509885 3.799999999999997
      vertex 22.236650000596043 6.574999998509885 3
      vertex 22.236650000596043 7.775000001490117 3.799999999999997
    endloop
  endfacet
  facet normal 0 0 1
    outer loop
      vertex 19.756649996423718 6.574999998509885 3.799999999999997
      vertex 22.236650000596043 6.574999998509885 3.799999999999997
      vertex 19.756649996423718 7.775000001490117 3.799999999999997
    endloop
  endfacet
  facet normal 0 1 0
    outer loop
      vertex 19.756649996423718 7.775000001490117 3.799999999999997
      vertex 22.236650000596043 7.775000001490117 3.799999999999997
      vertex 22.236650000596043 7.775000001490117 3
    endloop
  endfacet
  facet normal 0 0 1
    outer loop
      vertex 19.756649996423718 7.775000001490117 3.799999999999997
      vertex 22.236650000596043 6.574999998509885 3.799999999999997
      vertex 22.236650000596043 7.775000001490117 3.799999999999997
    endloop
  endfacet
  facet normal 0 -1 0
    outer loop
      vertex 40.396649997019765 5.175000000000001 3.799999999999997
      vertex 39.19665000149011 5.175000000000001 3
      vertex 40.396649997019765 5.175000000000001 3
    endloop
  endfacet
  facet normal -1 0 0
    outer loop
      vertex 39.19665000149011 5.175000000000001 3.799999999999997
      vertex 39.19665000149011 9.175 3
      vertex 39.19665000149011 5.175000000000001 3
    endloop
  endfacet
  facet normal 1 0 0
    outer loop
      vertex 40.396649997019765 9.175 3.799999999999997
      vertex 40.396649997019765 5.175000000000001 3
      vertex 40.396649997019765 9.175 3
    endloop
  endfacet
  facet normal 0 1 0
    outer loop
      vertex 39.19665000149011 9.175 3.799999999999997
      vertex 40.396649997019765 9.175 3
      vertex 39.19665000149011 9.175 3
    endloop
  endfacet
  facet normal 0 -1 0
    outer loop
      vertex 39.19665000149011 5.175000000000001 3.799999999999997
      vertex 39.19665000149011 5.175000000000001 3
      vertex 40.396649997019765 5.175000000000001 3.799999999999997
    endloop
  endfacet
  facet normal 1 0 0
    outer loop
      vertex 40.396649997019765 5.175000000000001 3.799999999999997
      vertex 40.396649997019765 5.175000000000001 3
      vertex 40.396649997019765 9.175 3.799999999999997
    endloop
  endfacet
  facet normal 0 0 1
    outer loop
      vertex 39.19665000149011 5.175000000000001 3.799999999999997
      vertex 40.396649997019765 5.175000000000001 3.799999999999997
      vertex 39.19665000149011 9.175 3.799999999999997
    endloop
  endfacet
  facet normal -1 0 0
    outer loop
      vertex 39.19665000149011 5.175000000000001 3.799999999999997
      vertex 39.19665000149011 9.175 3.799999999999997
      vertex 39.19665000149011 9.175 3
    endloop
  endfacet
  facet normal 0 1 0
    outer loop
      vertex 39.19665000149011 9.175 3.799999999999997
      vertex 40.396649997019765 9.175 3.799999999999997
      vertex 40.396649997019765 9.175 3
    endloop
  endfacet
  facet normal 0 0 1
    outer loop
      vertex 40.396649997019765 5.175000000000001 3.799999999999997
      vertex 40.396649997019765 9.175 3.799999999999997
      vertex 39.19665000149011 9.175 3.799999999999997
    endloop
  endfacet
  facet normal 0 -1 0
    outer loop
      vertex 42.49664999850988 5.175000000000001 3.799999999999997
      vertex 41.29665000298023 5.175000000000001 3
      vertex 42.49664999850988 5.175000000000001 3
    endloop
  endfacet
  facet normal -1 0 0
    outer loop
      vertex 41.29665000298023 5.175000000000001 3.799999999999997
      vertex 41.29665000298023 9.175 3
      vertex 41.29665000298023 5.175000000000001 3
    endloop
  endfacet
  facet normal 1 0 0
    outer loop
      vertex 42.49664999850988 9.175 3.799999999999997
      vertex 42.49664999850988 5.175000000000001 3
      vertex 42.49664999850988 9.175 3
    endloop
  endfacet
  facet normal 0 1 0
    outer loop
      vertex 41.29665000298023 9.175 3.799999999999997
      vertex 42.49664999850988 9.175 3
      vertex 41.29665000298023 9.175 3
    endloop
  endfacet
  facet normal 0 -1 0
    outer loop
      vertex 41.29665000298023 5.175000000000001 3.799999999999997
      vertex 41.29665000298023 5.175000000000001 3
      vertex 42.49664999850988 5.175000000000001 3.799999999999997
    endloop
  endfacet
  facet normal 1 0 0
    outer loop
      vertex 42.49664999850988 5.175000000000001 3.799999999999997
      vertex 42.49664999850988 5.175000000000001 3
      vertex 42.49664999850988 9.175 3.799999999999997
    endloop
  endfacet
  facet normal 0 0 1
    outer loop
      vertex 41.29665000298023 5.175000000000001 3.799999999999997
      vertex 42.49664999850988 5.175000000000001 3.799999999999997
      vertex 41.29665000298023 9.175 3.799999999999997
    endloop
  endfacet
  facet normal -1 0 0
    outer loop
      vertex 41.29665000298023 5.175000000000001 3.799999999999997
      vertex 41.29665000298023 9.175 3.799999999999997
      vertex 41.29665000298023 9.175 3
    endloop
  endfacet
  facet normal 0 1 0
    outer loop
      vertex 41.29665000298023 9.175 3.799999999999997
      vertex 42.49664999850988 9.175 3.799999999999997
      vertex 42.49664999850988 9.175 3
    endloop
  endfacet
  facet normal 0 0 1
    outer loop
      vertex 42.49664999850988 5.175000000000001 3.799999999999997
      vertex 42.49664999850988 9.175 3.799999999999997
      vertex 41.29665000298023 9.175 3.799999999999997
    endloop
  endfacet
  facet normal -1 0 0
    outer loop
      vertex 59.45664999940395 6.574999998509885 3.799999999999997
      vertex 59.45664999940395 7.775000001490117 3
      vertex 59.45664999940395 6.574999998509885 3
    endloop
  endfacet
  facet normal 0 -1 0
    outer loop
      vertex 60.646650004470345 6.574999998509885 3.799999999999997
      vertex 59.45664999940395 6.574999998509885 3
      vertex 60.646650004470345 6.574999998509885 3
    endloop
  endfacet
  facet normal 0 1 0
    outer loop
      vertex 59.45664999940395 7.775000001490117 3.799999999999997
      vertex 60.646650004470345 7.775000001490117 3
      vertex 59.45664999940395 7.775000001490117 3
    endloop
  endfacet
  facet normal 0 -1 0
    outer loop
      vertex 59.45664999940395 6.574999998509885 3.799999999999997
      vertex 59.45664999940395 6.574999998509885 3
      vertex 60.646650004470345 6.574999998509885 3.799999999999997
    endloop
  endfacet
  facet normal 0 0 1
    outer loop
      vertex 59.45664999940395 6.574999998509885 3.799999999999997
      vertex 60.646650004470345 6.574999998509885 3.799999999999997
      vertex 60.646650004470345 7.775000001490117 3.799999999999997
    endloop
  endfacet
  facet normal -1 0 0
    outer loop
      vertex 59.45664999940395 6.574999998509885 3.799999999999997
      vertex 59.45664999940395 7.775000001490117 3.799999999999997
      vertex 59.45664999940395 7.775000001490117 3
    endloop
  endfacet
  facet normal 0 1 0
    outer loop
      vertex 59.45664999940395 7.775000001490117 3.799999999999997
      vertex 60.646650004470345 7.775000001490117 3.799999999999997
      vertex 60.646650004470345 7.775000001490117 3
    endloop
  endfacet
  facet normal 0 0 1
    outer loop
      vertex 59.45664999940395 6.574999998509885 3.799999999999997
      vertex 60.646650004470345 7.775000001490117 3.799999999999997
      vertex 59.45664999940395 7.775000001490117 3.799999999999997
    endloop
  endfacet
  facet normal -0.5351430160672367 -0.8447614766041721 0
    outer loop
      vertex 62.856650005364415 5.175000000000001 3.799999999999997
      vertex 60.646650004470345 6.574999998509885 3
      vertex 62.856650005364415 5.175000000000001 3
    endloop
  endfacet
  facet normal 1 0 0
    outer loop
      vertex 62.856650005364415 5.175000000000001 3.799999999999997
      vertex 62.856650005364415 5.175000000000001 3
      vertex 62.856650005364415 9.175 3
    endloop
  endfacet
  facet normal -1 0 0
    outer loop
      vertex 63.75664999642372 6.574999998509885 3.799999999999997
      vertex 63.75664999642372 7.775000001490117 3
      vertex 63.75664999642372 6.574999998509885 3
    endloop
  endfacet
  facet normal -1 0 0
    outer loop
      vertex 64.39664999701976 5.934999997913838 3.799999999999997
      vertex 64.39664999701976 6.574999998509885 3
      vertex 64.39664999701976 5.934999997913838 3
    endloop
  endfacet
  facet normal 0 -1 0
    outer loop
      vertex 64.39664999701976 6.574999998509885 3.799999999999997
      vertex 63.75664999642372 6.574999998509885 3
      vertex 64.39664999701976 6.574999998509885 3
    endloop
  endfacet
  facet normal 0 -1 0
    outer loop
      vertex 65.59665 5.934999997913838 3.799999999999997
      vertex 64.39664999701976 5.934999997913838 3
      vertex 65.59665 5.934999997913838 3
    endloop
  endfacet
  facet normal 1 0 0
    outer loop
      vertex 65.59665 6.574999998509885 3.799999999999997
      vertex 65.59665 5.934999997913838 3
      vertex 65.59665 6.574999998509885 3
    endloop
  endfacet
  facet normal 0 -1 0
    outer loop
      vertex 66.23665000059604 6.574999998509885 3.799999999999997
      vertex 65.59665 6.574999998509885 3
      vertex 66.23665000059604 6.574999998509885 3
    endloop
  endfacet
  facet normal -0.5351430160672367 0.8447614766041721 0
    outer loop
      vertex 60.646650004470345 7.775000001490117 3.799999999999997
      vertex 62.856650005364415 9.175 3
      vertex 60.646650004470345 7.775000001490117 3
    endloop
  endfacet
  facet normal 0 1 0
    outer loop
      vertex 63.75664999642372 7.775000001490117 3.799999999999997
      vertex 64.39664999701976 7.775000001490117 3
      vertex 63.75664999642372 7.775000001490117 3
    endloop
  endfacet
  facet normal -1 0 0
    outer loop
      vertex 64.39664999701976 7.775000001490117 3.799999999999997
      vertex 64.39664999701976 8.415000002086163 3
      vertex 64.39664999701976 7.775000001490117 3
    endloop
  endfacet
  facet normal 1 0 0
    outer loop
      vertex 66.23665000059604 7.775000001490117 3.799999999999997
      vertex 66.23665000059604 6.574999998509885 3
      vertex 66.23665000059604 7.775000001490117 3
    endloop
  endfacet
  facet normal 0 1 0
    outer loop
      vertex 65.59665 7.775000001490117 3.799999999999997
      vertex 66.23665000059604 7.775000001490117 3
      vertex 65.59665 7.775000001490117 3
    endloop
  endfacet
  facet normal 0 1 0
    outer loop
      vertex 64.39664999701976 8.415000002086163 3.799999999999997
      vertex 65.59665 8.415000002086163 3
      vertex 64.39664999701976 8.415000002086163 3
    endloop
  endfacet
  facet normal 1 0 0
    outer loop
      vertex 65.59665 8.415000002086163 3.799999999999997
      vertex 65.59665 7.775000001490117 3
      vertex 65.59665 8.415000002086163 3
    endloop
  endfacet
  facet normal -0.5351430160672367 -0.8447614766041721 0
    outer loop
      vertex 60.646650004470345 6.574999998509885 3.799999999999997
      vertex 60.646650004470345 6.574999998509885 3
      vertex 62.856650005364415 5.175000000000001 3.799999999999997
    endloop
  endfacet
  facet normal -1 0 0
    outer loop
      vertex 64.39664999701976 5.934999997913838 3.799999999999997
      vertex 64.39664999701976 6.574999998509885 3.799999999999997
      vertex 64.39664999701976 6.574999998509885 3
    endloop
  endfacet
  facet normal 0 -1 0
    outer loop
      vertex 64.39664999701976 5.934999997913838 3.799999999999997
      vertex 64.39664999701976 5.934999997913838 3
      vertex 65.59665 5.934999997913838 3.799999999999997
    endloop
  endfacet
  facet normal 0 -1 0
    outer loop
      vertex 63.75664999642372 6.574999998509885 3.799999999999997
      vertex 63.75664999642372 6.574999998509885 3
      vertex 64.39664999701976 6.574999998509885 3.799999999999997
    endloop
  endfacet
  facet normal 1 0 0
    outer loop
      vertex 65.59665 5.934999997913838 3.799999999999997
      vertex 65.59665 5.934999997913838 3
      vertex 65.59665 6.574999998509885 3.799999999999997
    endloop
  endfacet
  facet normal 0 -1 0
    outer loop
      vertex 65.59665 6.574999998509885 3.799999999999997
      vertex 65.59665 6.574999998509885 3
      vertex 66.23665000059604 6.574999998509885 3.799999999999997
    endloop
  endfacet
  facet normal 1 0 0
    outer loop
      vertex 66.23665000059604 6.574999998509885 3.799999999999997
      vertex 66.23665000059604 6.574999998509885 3
      vertex 66.23665000059604 7.775000001490117 3.799999999999997
    endloop
  endfacet
  facet normal 0 0 1
    outer loop
      vertex 60.646650004470345 6.574999998509885 3.799999999999997
      vertex 62.856650005364415 5.175000000000001 3.799999999999997
      vertex 62.856650005364415 9.175 3.799999999999997
    endloop
  endfacet
  facet normal 0 0 1
    outer loop
      vertex 64.39664999701976 5.934999997913838 3.799999999999997
      vertex 65.59665 5.934999997913838 3.799999999999997
      vertex 64.39664999701976 6.574999998509885 3.799999999999997
    endloop
  endfacet
  facet normal 0 0 1
    outer loop
      vertex 63.75664999642372 6.574999998509885 3.799999999999997
      vertex 64.39664999701976 6.574999998509885 3.799999999999997
      vertex 64.39664999701976 7.775000001490117 3.799999999999997
    endloop
  endfacet
  facet normal 0 0 1
    outer loop
      vertex 64.39664999701976 6.574999998509885 3.799999999999997
      vertex 65.59665 6.574999998509885 3.799999999999997
      vertex 64.39664999701976 7.775000001490117 3.799999999999997
    endloop
  endfacet
  facet normal 0 0 1
    outer loop
      vertex 64.39664999701976 6.574999998509885 3.799999999999997
      vertex 65.59665 5.934999997913838 3.799999999999997
      vertex 65.59665 6.574999998509885 3.799999999999997
    endloop
  endfacet
  facet normal 0 0 1
    outer loop
      vertex 65.59665 6.574999998509885 3.799999999999997
      vertex 66.23665000059604 6.574999998509885 3.799999999999997
      vertex 66.23665000059604 7.775000001490117 3.799999999999997
    endloop
  endfacet
  facet normal -1 0 0
    outer loop
      vertex 63.75664999642372 6.574999998509885 3.799999999999997
      vertex 63.75664999642372 7.775000001490117 3.799999999999997
      vertex 63.75664999642372 7.775000001490117 3
    endloop
  endfacet
  facet normal 1 0 0
    outer loop
      vertex 62.856650005364415 5.175000000000001 3.799999999999997
      vertex 62.856650005364415 9.175 3
      vertex 62.856650005364415 9.175 3.799999999999997
    endloop
  endfacet
  facet normal -0.5351430160672367 0.8447614766041721 2.6523575827570077e-17
    outer loop
      vertex 60.646650004470345 7.775000001490117 3.799999999999997
      vertex 62.856650005364415 9.175 3.799999999999997
      vertex 62.856650005364415 9.175 3
    endloop
  endfacet
  facet normal 0 1 0
    outer loop
      vertex 63.75664999642372 7.775000001490117 3.799999999999997
      vertex 64.39664999701976 7.775000001490117 3.799999999999997
      vertex 64.39664999701976 7.775000001490117 3
    endloop
  endfacet
  facet normal 1 0 0
    outer loop
      vertex 65.59665 7.775000001490117 3.799999999999997
      vertex 65.59665 7.775000001490117 3
      vertex 65.59665 8.415000002086163 3.799999999999997
    endloop
  endfacet
  facet normal 0 1 0
    outer loop
      vertex 65.59665 7.775000001490117 3.799999999999997
      vertex 66.23665000059604 7.775000001490117 3.799999999999997
      vertex 66.23665000059604 7.775000001490117 3
    endloop
  endfacet
  facet normal -1 0 0
    outer loop
      vertex 64.39664999701976 7.775000001490117 3.799999999999997
      vertex 64.39664999701976 8.415000002086163 3.799999999999997
      vertex 64.39664999701976 8.415000002086163 3
    endloop
  endfacet
  facet normal 0 1 0
    outer loop
      vertex 64.39664999701976 8.415000002086163 3.799999999999997
      vertex 65.59665 8.415000002086163 3.799999999999997
      vertex 65.59665 8.415000002086163 3
    endloop
  endfacet
  facet normal 0 0 1
    outer loop
      vertex 60.646650004470345 6.574999998509885 3.799999999999997
      vertex 62.856650005364415 9.175 3.799999999999997
      vertex 60.646650004470345 7.775000001490117 3.799999999999997
    endloop
  endfacet
  facet normal 0 0 1
    outer loop
      vertex 63.75664999642372 6.574999998509885 3.799999999999997
      vertex 64.39664999701976 7.775000001490117 3.799999999999997
      vertex 63.75664999642372 7.775000001490117 3.799999999999997
    endloop
  endfacet
  facet normal 0 0 1
    outer loop
      vertex 64.39664999701976 7.775000001490117 3.799999999999997
      vertex 65.59665 7.775000001490117 3.799999999999997
      vertex 64.39664999701976 8.415000002086163 3.799999999999997
    endloop
  endfacet
  facet normal 0 0 1
    outer loop
      vertex 65.59665 6.574999998509885 3.799999999999997
      vertex 65.59665 7.775000001490117 3.799999999999997
      vertex 64.39664999701976 7.775000001490117 3.799999999999997
    endloop
  endfacet
  facet normal 0 0 1
    outer loop
      vertex 65.59665 6.574999998509885 3.799999999999997
      vertex 66.23665000059604 7.775000001490117 3.799999999999997
      vertex 65.59665 7.775000001490117 3.799999999999997
    endloop
  endfacet
  facet normal 0 0 1
    outer loop
      vertex 64.39664999701976 8.415000002086163 3.799999999999997
      vertex 65.59665 7.775000001490117 3.799999999999997
      vertex 65.59665 8.415000002086163 3.799999999999997
    endloop
  endfacet
endsolid OpenSCAD_Model
